business_id,name,category,brand,lat,lon,geom,address,city,state,zip,address_norm,phone,website,present_in,def,source_id,run_id,ingested_at,observed_at,confidence,conf_trust,conf_fresh,conf_complete,conf_agree,flags,props,search_tsv,last_seen_at,last_seen_src,liveness,live_state,live_presence,live_sources,live_corrob,live_reasons
biz_0008b0fc609a8527,شبين الكوم Dopamine,fast_food,,40.71670150756836,-74,POINT(-74 40.71670150756836),شارع الجلاء البحري أمام مسجد الكريم خلف بلبن,New York,NY,<<not-applicable>>,,+201020142982,https://easycity.app/store?slug=dopamine,{overture},,businesses_conflate,1100,2026-07-22 18:44:37.477175+00,2026-07-22 00:00:00+00,73,65,100,75,50,{},"{""overture"": {""lat"": 40.71670150756836, ""lon"": -74, ""zip"": ""<<not-applicable>>"", ""city"": ""New York"", ""name"": ""شبين الكوم Dopamine"", ""brand"": null, ""phone"": ""+201020142982"", ""state"": ""NY"", ""address"": ""شارع الجلاء البحري أمام مسجد الكريم خلف بلبن"", ""release"": ""2026-07-22.0"", ""website"": ""https://easycity.app/store?slug=dopamine"", ""category"": ""fast_food"", ""state_raw"": ""NY"", ""observed_at"": ""2026-07-22T00:00:00+00:00"", ""src_confidence"": 0.30538806319236755, ""category_source"": ""fast_food_restaurant"", ""source_record_id"": ""4cec13e5-8ab9-4f21-9fb3-968885532f6d""}}",'dopamin':3 'new':4 'york':5 'الكوم':2 'شبين':1,2026-07-22 00:00:00+00,overture,62,likely_open,95,50,0,{}
biz_001620e2806237b4,Deluxe Food Market,grocery,,40.71809768676758,-73.99652099609375,POINT(-73.99652099609375 40.71809768676758),79 Elizabeth St,New York,NY,10013-4729,,+12129255766,http://www.yelp.com/biz/deluxe-food-market-new-york,{overture},,businesses_conflate,1100,2026-07-22 18:44:37.477175+00,2026-07-22 00:00:00+00,73,65,100,75,50,{},"{""overture"": {""lat"": 40.71809768676758, ""lon"": -73.99652099609375, ""zip"": ""10013-4729"", ""city"": ""New York"", ""name"": ""Deluxe Food Market"", ""brand"": null, ""phone"": ""+12129255766"", ""state"": ""NY"", ""address"": ""79 Elizabeth St"", ""release"": ""2026-07-22.0"", ""website"": ""http://www.yelp.com/biz/deluxe-food-market-new-york"", ""category"": ""grocery"", ""state_raw"": ""NY"", ""observed_at"": ""2026-07-22T00:00:00+00:00"", ""src_confidence"": 0.9766488671302795, ""category_source"": ""grocery_store"", ""source_record_id"": ""bc33c97e-b8ec-4b13-8a0b-84489200c4e8""}}",'delux':1 'food':2 'market':3 'new':4 'york':5,2026-07-22 00:00:00+00,overture,62,likely_open,95,50,0,{}
biz_003499043b6dc88b,Gasoline Alley Coffee,cafe,,40.72023391723633,-73.9986572265625,POINT(-73.9986572265625 40.72023391723633),154 Grand St,New York,NY,10013-3141,,2129330113,http://www.gasolinealleycoffee.com,{overture},,businesses_conflate,1100,2026-07-22 18:44:37.477175+00,2026-07-22 00:00:00+00,73,65,100,75,50,{},"{""overture"": {""lat"": 40.72023391723633, ""lon"": -73.9986572265625, ""zip"": ""10013-3141"", ""city"": ""New York"", ""name"": ""Gasoline Alley Coffee"", ""brand"": null, ""phone"": ""2129330113"", ""state"": ""NY"", ""address"": ""154 Grand St"", ""release"": ""2026-07-22.0"", ""website"": ""http://www.gasolinealleycoffee.com"", ""category"": ""cafe"", ""state_raw"": ""NY"", ""observed_at"": ""2026-07-22T00:00:00+00:00"", ""src_confidence"": 0.75, ""category_source"": ""cafe"", ""source_record_id"": ""600758eb-e353-451d-bbd0-6b712918ab00""}}",'alley':2 'coffe':3 'gasolin':1 'new':4 'york':5,2026-07-22 00:00:00+00,overture,62,likely_open,95,50,0,{}
biz_00467f4299551bbf,One direction store New York,hotel,,40.72825622558594,-73.9961929321289,POINT(-73.9961929321289 40.72825622558594),New York 59010 2 Penn Square,New York,NY,07307,,,http://www.onedirectionstore.com/,{overture},,businesses_conflate,1100,2026-07-22 18:44:37.477175+00,2026-07-22 00:00:00+00,70,65,100,63,50,{},"{""overture"": {""lat"": 40.72825622558594, ""lon"": -73.9961929321289, ""zip"": ""07307"", ""city"": ""New York"", ""name"": ""One direction store New York"", ""brand"": null, ""phone"": null, ""state"": ""NY"", ""address"": ""New York 59010 2 Penn Square"", ""release"": ""2026-07-22.0"", ""website"": ""http://www.onedirectionstore.com/"", ""category"": ""hotel"", ""state_raw"": ""NY"", ""observed_at"": ""2026-07-22T00:00:00+00:00"", ""src_confidence"": 0.5204017758369446, ""category_source"": ""hotel"", ""source_record_id"": ""35656110-80da-4c04-8b1d-f8e6ca201898""}}","'direct':2 'new':4,6 'one':1 'store':3 'york':5,7",2026-07-22 00:00:00+00,overture,62,likely_open,95,50,0,{}
biz_009e9a46130172d4,Brooklands Cafe,restaurant,,40.716426849365234,-74.0001449584961,POINT(-74.0001449584961 40.716426849365234),Western Road,New York,NY,BN15 8RX,,,,{overture},,businesses_conflate,1100,2026-07-22 18:44:37.477175+00,2026-07-22 00:00:00+00,68,65,100,50,50,{},"{""overture"": {""lat"": 40.716426849365234, ""lon"": -74.0001449584961, ""zip"": ""BN15 8RX"", ""city"": ""New York"", ""name"": ""Brooklands Cafe"", ""brand"": null, ""phone"": null, ""state"": ""NY"", ""address"": ""Western Road"", ""release"": ""2026-07-22.0"", ""website"": null, ""category"": ""restaurant"", ""state_raw"": ""NY"", ""observed_at"": ""2026-07-22T00:00:00+00:00"", ""src_confidence"": 0.7479727864265442, ""category_source"": ""restaurant"", ""source_record_id"": ""6ca6c00c-f9f1-445d-9335-46539a849be3""}}",'brookland':1 'cafe':2 'new':3 'york':4,2026-07-22 00:00:00+00,overture,62,likely_open,95,50,0,{}
biz_009ea56c32feb527,Hotel Indigo,hotel,Hotel Indigo,40.707698822021484,-74.01317596435547,POINT(-74.01317596435547 40.707698822021484),50 Trinity Pl,New York,NY,10006-2207,,+16469289388,https://www.ihg.com/hotelindigo/hotels/us/en/los-angeles/laxfs/hoteldetail,{overture},,businesses_conflate,1100,2026-07-22 18:44:37.477175+00,2026-07-22 00:00:00+00,78,65,100,100,50,{},"{""overture"": {""lat"": 40.707698822021484, ""lon"": -74.01317596435547, ""zip"": ""10006-2207"", ""city"": ""New York"", ""name"": ""Hotel Indigo"", ""brand"": ""Hotel Indigo"", ""phone"": ""+16469289388"", ""state"": ""NY"", ""address"": ""50 Trinity Pl"", ""release"": ""2026-07-22.0"", ""website"": ""https://www.ihg.com/hotelindigo/hotels/us/en/los-angeles/laxfs/hoteldetail"", ""category"": ""hotel"", ""state_raw"": ""NY"", ""observed_at"": ""2026-07-22T00:00:00+00:00"", ""src_confidence"": 0.9984673857688904, ""category_source"": ""hotel"", ""source_record_id"": ""3db74a7f-0ceb-4d64-ad6c-82341de7c556""}}","'hotel':1,3 'indigo':2,4 'new':5 'york':6",2026-07-22 00:00:00+00,overture,62,likely_open,95,50,0,{}
biz_00bc3703a31ca322,Urbo Nyc,restaurant,,40.73589324951172,-73.99177551269531,POINT(-73.99177551269531 40.73589324951172),11 Times Sq,New York,NY,10036-6600,,,https://www.urbonyc.com,{overture},,businesses_conflate,1100,2026-07-22 18:44:37.477175+00,2026-07-22 00:00:00+00,70,65,100,63,50,{},"{""overture"": {""lat"": 40.73589324951172, ""lon"": -73.99177551269531, ""zip"": ""10036-6600"", ""city"": ""New York"", ""name"": ""Urbo Nyc"", ""brand"": null, ""phone"": null, ""state"": ""NY"", ""address"": ""11 Times Sq"", ""release"": ""2026-07-22.0"", ""website"": ""https://www.urbonyc.com"", ""category"": ""restaurant"", ""state_raw"": ""NY"", ""observed_at"": ""2026-07-22T00:00:00+00:00"", ""src_confidence"": 0.95, ""category_source"": ""restaurant"", ""source_record_id"": ""6ab6fc52-e3c9-4f5a-b714-9c8df9e31a7f""}}",'new':3 'nyc':2 'urbo':1 'york':4,2026-07-22 00:00:00+00,overture,62,likely_open,95,50,0,{}
biz_00d3ed2fd4857c72,Canal Loft Hotel,hotel,,40.71537399291992,-73.9938735961914,POINT(-73.9938735961914 40.71537399291992),94 Canal St,New York,NY,10002-6004,,+13323331011,https://www.canallofthotel.com,{overture},,businesses_conflate,1100,2026-07-22 18:44:37.477175+00,2026-07-22 00:00:00+00,73,65,100,75,50,{},"{""overture"": {""lat"": 40.71537399291992, ""lon"": -73.9938735961914, ""zip"": ""10002-6004"", ""city"": ""New York"", ""name"": ""Canal Loft Hotel"", ""brand"": null, ""phone"": ""+13323331011"", ""state"": ""NY"", ""address"": ""94 Canal St"", ""release"": ""2026-07-22.0"", ""website"": ""https://www.canallofthotel.com"", ""category"": ""hotel"", ""state_raw"": ""NY"", ""observed_at"": ""2026-07-22T00:00:00+00:00"", ""src_confidence"": 0.9990818500518799, ""category_source"": ""hotel"", ""source_record_id"": ""0c8a2d2b-f531-4247-8892-31dd6b34fc31""}}",'canal':1 'hotel':3 'loft':2 'new':4 'york':5,2026-07-22 00:00:00+00,overture,62,likely_open,95,50,0,{}
biz_00eb111becc58131,Order And Roll Inc,restaurant,,40.70773696899414,-74.00554656982422,POINT(-74.00554656982422 40.70773696899414),111 John St Ste 525,New York,NY,10038-3125,,,,{overture},,businesses_conflate,1100,2026-07-22 18:44:37.477175+00,2026-07-22 00:00:00+00,68,65,100,50,50,{},"{""overture"": {""lat"": 40.70773696899414, ""lon"": -74.00554656982422, ""zip"": ""10038-3125"", ""city"": ""New York"", ""name"": ""Order And Roll Inc"", ""brand"": null, ""phone"": null, ""state"": ""NY"", ""address"": ""111 John St Ste 525"", ""release"": ""2026-07-22.0"", ""website"": null, ""category"": ""restaurant"", ""state_raw"": ""NY"", ""observed_at"": ""2026-07-22T00:00:00+00:00"", ""src_confidence"": 0.95, ""category_source"": ""restaurant"", ""source_record_id"": ""3d8c0364-98f4-4c9e-9974-b383f47e23aa""}}",'inc':4 'new':5 'order':1 'roll':3 'york':6,2026-07-22 00:00:00+00,overture,62,likely_open,95,50,0,{}
biz_0110138d7abc3c3c,Battery Place Market,grocery,,40.715091705322266,-74.01465606689453,POINT(-74.01465606689453 40.715091705322266),240 Murray St,New York,NY,10282-5600,,,https://batteryplacemarkets.com,{overture},,businesses_conflate,1100,2026-07-22 18:44:37.477175+00,2026-07-22 00:00:00+00,70,65,100,63,50,{},"{""overture"": {""lat"": 40.715091705322266, ""lon"": -74.01465606689453, ""zip"": ""10282-5600"", ""city"": ""New York"", ""name"": ""Battery Place Market"", ""brand"": null, ""phone"": null, ""state"": ""NY"", ""address"": ""240 Murray St"", ""release"": ""2026-07-22.0"", ""website"": ""https://batteryplacemarkets.com"", ""category"": ""grocery"", ""state_raw"": ""NY"", ""observed_at"": ""2026-07-22T00:00:00+00:00"", ""src_confidence"": 0.9673627614974976, ""category_source"": ""grocery_store"", ""source_record_id"": ""18d0e025-e0d7-4782-805d-bd64e105b14b""}}",'batteri':1 'market':3 'new':4 'place':2 'york':5,2026-07-22 00:00:00+00,overture,62,likely_open,95,50,0,{}
biz_011b0d9dddd0265d,Oaxaca Wahaka Express,restaurant,,40.70480728149414,-74.00494384765625,POINT(-74.00494384765625 40.70480728149414),70 South St,New York,NY,10005-1616,,,,{overture},,businesses_conflate,1100,2026-07-22 18:44:37.477175+00,2026-07-22 00:00:00+00,68,65,100,50,50,{},"{""overture"": {""lat"": 40.70480728149414, ""lon"": -74.00494384765625, ""zip"": ""10005-1616"", ""city"": ""New York"", ""name"": ""Oaxaca Wahaka Express"", ""brand"": null, ""phone"": null, ""state"": ""NY"", ""address"": ""70 South St"", ""release"": ""2026-07-22.0"", ""website"": null, ""category"": ""restaurant"", ""state_raw"": ""NY"", ""observed_at"": ""2026-07-22T00:00:00+00:00"", ""src_confidence"": 0.95, ""category_source"": ""restaurant"", ""source_record_id"": ""d5c660d0-e048-4ea2-8d2b-647f02be475d""}}",'express':3 'new':4 'oaxaca':1 'wahaka':2 'york':5,2026-07-22 00:00:00+00,overture,62,likely_open,95,50,0,{}
biz_015766281c33c80c,Bank of America ATM,atm_bank,,40.718292236328125,-74.033935546875,POINT(-74.033935546875 40.718292236328125),200 Hudson St Ste 162,Jersey City,NJ,07311,,8444018500,https://locators.bankofamerica.com/nj/jerseycity/financial-centers-jersey-city-16849.html,{overture},,businesses_conflate,1100,2026-07-22 18:44:37.477175+00,2026-07-22 00:00:00+00,73,65,100,75,50,{},"{""overture"": {""lat"": 40.718292236328125, ""lon"": -74.033935546875, ""zip"": ""07311"", ""city"": ""Jersey City"", ""name"": ""Bank of America ATM"", ""brand"": null, ""phone"": ""8444018500"", ""state"": ""NJ"", ""address"": ""200 Hudson St Ste 162"", ""release"": ""2026-07-22.0"", ""website"": ""https://locators.bankofamerica.com/nj/jerseycity/financial-centers-jersey-city-16849.html"", ""category"": ""atm_bank"", ""state_raw"": ""NJ"", ""observed_at"": ""2026-07-22T00:00:00+00:00"", ""src_confidence"": 0.9843740493059159, ""category_source"": ""bank_credit_union"", ""source_record_id"": ""c97facc8-a8cb-48c5-ae33-1252dbff65f7""}}",'america':3 'atm':4 'bank':1 'citi':6 'jersey':5,2026-07-22 00:00:00+00,overture,62,likely_open,95,50,0,{}
biz_0158e71048ab3379,Crack Rice Canal St,restaurant,,40.72128677368164,-74.00497436523438,POINT(-74.00497436523438 40.72128677368164),386 Canal St ont #5,New York,NY,10013,,2127758090,https://canalst.crackricetogo.com/?utm_source=bing&utm_medium=websiteurl&utm_campaign=search,{overture},,businesses_conflate,1100,2026-07-22 18:44:37.477175+00,2026-07-22 00:00:00+00,73,65,100,75,50,{},"{""overture"": {""lat"": 40.72128677368164, ""lon"": -74.00497436523438, ""zip"": ""10013"", ""city"": ""New York"", ""name"": ""Crack Rice Canal St"", ""brand"": null, ""phone"": ""2127758090"", ""state"": ""NY"", ""address"": ""386 Canal St ont #5"", ""release"": ""2026-07-22.0"", ""website"": ""https://canalst.crackricetogo.com/?utm_source=bing&utm_medium=websiteurl&utm_campaign=search"", ""category"": ""restaurant"", ""state_raw"": ""NY"", ""observed_at"": ""2026-07-22T00:00:00+00:00"", ""src_confidence"": 0.9749269485473633, ""category_source"": ""restaurant"", ""source_record_id"": ""ebcc3407-301c-4207-9c71-c2ac6e69b8a6""}}",'canal':3 'crack':1 'new':5 'rice':2 'st':4 'york':6,2026-07-22 00:00:00+00,overture,62,likely_open,95,50,0,{}
biz_0169ceaa679f8dcf,Cvs Pharmacy,pharmacy,,40.73248291015625,-74.00000762939453,POINT(-74.00000762939453 40.73248291015625),360 Avenue of the Americas,New York,NY,10011-8437,,2123759401,https://www.cvs.com,{overture},,businesses_conflate,1100,2026-07-22 18:44:37.477175+00,2026-07-22 00:00:00+00,73,65,100,75,50,{},"{""overture"": {""lat"": 40.73248291015625, ""lon"": -74.00000762939453, ""zip"": ""10011-8437"", ""city"": ""New York"", ""name"": ""Cvs Pharmacy"", ""brand"": null, ""phone"": ""2123759401"", ""state"": ""NY"", ""address"": ""360 Avenue of the Americas"", ""release"": ""2026-07-22.0"", ""website"": ""https://www.cvs.com"", ""category"": ""pharmacy"", ""state_raw"": ""NY"", ""observed_at"": ""2026-07-22T00:00:00+00:00"", ""src_confidence"": 0.998275, ""category_source"": ""pharmacy"", ""source_record_id"": ""6b4f428d-990e-4fcd-8f6a-a6197d4de1d8""}}",'cvs':1 'new':3 'pharmaci':2 'york':4,2026-07-22 00:00:00+00,overture,62,likely_open,95,50,0,{}
biz_016ab2a8b7fbcde0,Terry-ram Ltd,grocery,,40.71821212768555,-74.01480865478516,POINT(-74.01480865478516 40.71821212768555),41 River Ter,New York,NY,10282-1113,,,,{overture},,businesses_conflate,1100,2026-07-22 18:44:37.477175+00,2026-07-22 00:00:00+00,68,65,100,50,50,{},"{""overture"": {""lat"": 40.71821212768555, ""lon"": -74.01480865478516, ""zip"": ""10282-1113"", ""city"": ""New York"", ""name"": ""Terry-ram Ltd"", ""brand"": null, ""phone"": null, ""state"": ""NY"", ""address"": ""41 River Ter"", ""release"": ""2026-07-22.0"", ""website"": null, ""category"": ""grocery"", ""state_raw"": ""NY"", ""observed_at"": ""2026-07-22T00:00:00+00:00"", ""src_confidence"": 0.9596138000488281, ""category_source"": ""grocery_store"", ""source_record_id"": ""6303bf26-a884-497c-be4f-57df820c3198""}}",'ltd':4 'new':5 'ram':3 'terri':2 'terry-ram':1 'york':6,2026-07-22 00:00:00+00,overture,62,likely_open,95,50,0,{}
biz_016dd23b18c354e4,Good Neighbor Pharmacy,pharmacy,Good Neighbor Pharmacy,40.71864700317383,-73.9949951171875,POINT(-73.9949951171875 40.71864700317383),,New York,NY,,,,https://www.mygnp.com/pharmacies/tu-quynh-pharmacy-new-york-ny-10013,{overture},,businesses_conflate,1100,2026-07-22 18:44:37.477175+00,2026-07-22 00:00:00+00,68,65,100,50,50,{},"{""overture"": {""lat"": 40.71864700317383, ""lon"": -73.9949951171875, ""zip"": null, ""city"": ""New York"", ""name"": ""Good Neighbor Pharmacy"", ""brand"": ""Good Neighbor Pharmacy"", ""phone"": null, ""state"": ""NY"", ""address"": null, ""release"": ""2026-07-22.0"", ""website"": ""https://www.mygnp.com/pharmacies/tu-quynh-pharmacy-new-york-ny-10013"", ""category"": ""pharmacy"", ""state_raw"": ""NY"", ""observed_at"": ""2026-07-22T00:00:00+00:00"", ""src_confidence"": 0.8, ""category_source"": ""pharmacy"", ""source_record_id"": ""ee87c3b8-ccc7-4ac3-9061-6cc56c72e6b2""}}","'good':1,4 'neighbor':2,5 'new':7 'pharmaci':3,6 'york':8",2026-07-22 00:00:00+00,overture,62,likely_open,95,50,0,{}
biz_0179831c016996b8,Newport Pharmacy,pharmacy,,40.72807693481445,-74.0434341430664,POINT(-74.0434341430664 40.72807693481445),165 Erie St,Jersey City,NJ,07302,,+12019631903,http://www.newportpharmacy.com/,{overture},,businesses_conflate,1100,2026-07-22 18:44:37.477175+00,2026-07-22 00:00:00+00,73,65,100,75,50,{},"{""overture"": {""lat"": 40.72807693481445, ""lon"": -74.0434341430664, ""zip"": ""07302"", ""city"": ""Jersey City"", ""name"": ""Newport Pharmacy"", ""brand"": null, ""phone"": ""+12019631903"", ""state"": ""NJ"", ""address"": ""165 Erie St"", ""release"": ""2026-07-22.0"", ""website"": ""http://www.newportpharmacy.com/"", ""category"": ""pharmacy"", ""state_raw"": ""NJ"", ""observed_at"": ""2026-07-22T00:00:00+00:00"", ""src_confidence"": 0.9902192950248718, ""category_source"": ""pharmacy"", ""source_record_id"": ""fab33b1f-b6c6-46dd-abd2-039ba90335da""}}",'citi':4 'jersey':3 'newport':1 'pharmaci':2,2026-07-22 00:00:00+00,overture,62,likely_open,95,50,0,{}
biz_01a7513c78825524,New Village Market Inc,grocery,,40.731937408447266,-73.99533081054688,POINT(-73.99533081054688 40.731937408447266),13 E 8th St,New York,NY,10003-5901,,,,{overture},,businesses_conflate,1100,2026-07-22 18:44:37.477175+00,2026-07-22 00:00:00+00,68,65,100,50,50,{},"{""overture"": {""lat"": 40.731937408447266, ""lon"": -73.99533081054688, ""zip"": ""10003-5901"", ""city"": ""New York"", ""name"": ""New Village Market Inc"", ""brand"": null, ""phone"": null, ""state"": ""NY"", ""address"": ""13 E 8th St"", ""release"": ""2026-07-22.0"", ""website"": null, ""category"": ""grocery"", ""state_raw"": ""NY"", ""observed_at"": ""2026-07-22T00:00:00+00:00"", ""src_confidence"": 0.95, ""category_source"": ""grocery_store"", ""source_record_id"": ""132230d9-c458-473a-95ba-b85e6d05ca12""}}","'inc':4 'market':3 'new':1,5 'villag':2 'york':6",2026-07-22 00:00:00+00,overture,62,likely_open,95,50,0,{}
biz_01fab132be651a5e,New York City Health & Hospitals Corporation,medical,,40.715476989746094,-74.00250244140625,POINT(-74.00250244140625 40.715476989746094),125 Worth St,New York,NY,10013-4006,,+12122951518,http://www.courts.state.ny.us/courts/nyc/civil,{overture},,businesses_conflate,1100,2026-07-22 18:44:37.477175+00,2026-07-22 00:00:00+00,73,65,100,75,50,{},"{""overture"": {""lat"": 40.715476989746094, ""lon"": -74.00250244140625, ""zip"": ""10013-4006"", ""city"": ""New York"", ""name"": ""New York City Health & Hospitals Corporation"", ""brand"": null, ""phone"": ""+12122951518"", ""state"": ""NY"", ""address"": ""125 Worth St"", ""release"": ""2026-07-22.0"", ""website"": ""http://www.courts.state.ny.us/courts/nyc/civil"", ""category"": ""medical"", ""state_raw"": ""NY"", ""observed_at"": ""2026-07-22T00:00:00+00:00"", ""src_confidence"": 0.5151669979095459, ""category_source"": ""hospital"", ""source_record_id"": ""7cf13648-60a2-4d60-a96d-04db05570c87""}}","'citi':3 'corpor':6 'health':4 'hospit':5 'new':1,7 'york':2,8",2026-07-22 00:00:00+00,overture,62,likely_open,95,50,0,{}
biz_02556eacf3013454,Le Pain Quotidien,restaurant,,40.71504211425781,-74.00940704345703,POINT(-74.00940704345703 40.71504211425781),81 W Broadway,New York,NY,10007-1019,,16466528186,https://www.lepainquotidien.com,{overture},,businesses_conflate,1100,2026-07-22 18:44:37.477175+00,2026-07-22 00:00:00+00,73,65,100,75,50,{},"{""overture"": {""lat"": 40.71504211425781, ""lon"": -74.00940704345703, ""zip"": ""10007-1019"", ""city"": ""New York"", ""name"": ""Le Pain Quotidien"", ""brand"": null, ""phone"": ""16466528186"", ""state"": ""NY"", ""address"": ""81 W Broadway"", ""release"": ""2026-07-22.0"", ""website"": ""https://www.lepainquotidien.com"", ""category"": ""restaurant"", ""state_raw"": ""NY"", ""observed_at"": ""2026-07-22T00:00:00+00:00"", ""src_confidence"": 0.9923596978187561, ""category_source"": ""restaurant"", ""source_record_id"": ""13dbba09-d34e-49c5-9c72-b8eb6ecceed1""}}",'le':1 'new':4 'pain':2 'quotidien':3 'york':5,2026-07-22 00:00:00+00,overture,62,likely_open,95,50,0,{}
biz_0267d5f05f05e274,Citi,atm_bank,,40.73053741455078,-73.99298095703125,POINT(-73.99298095703125 40.73053741455078),749 Broadway,New York,NY,10003,,9177464477,https://www.citi.com/?utm_source=bing&utm_medium=yext&y_source=1_Mjg5MTY2NzMtNDgzLWxvY2F0aW9uLndlYnNpdGU%3D,{overture},,businesses_conflate,1100,2026-07-22 18:44:37.477175+00,2026-07-22 00:00:00+00,73,65,100,75,50,{},"{""overture"": {""lat"": 40.73053741455078, ""lon"": -73.99298095703125, ""zip"": ""10003"", ""city"": ""New York"", ""name"": ""Citi"", ""brand"": null, ""phone"": ""9177464477"", ""state"": ""NY"", ""address"": ""749 Broadway"", ""release"": ""2026-07-22.0"", ""website"": ""https://www.citi.com/?utm_source=bing&utm_medium=yext&y_source=1_Mjg5MTY2NzMtNDgzLWxvY2F0aW9uLndlYnNpdGU%3D"", ""category"": ""atm_bank"", ""state_raw"": ""NY"", ""observed_at"": ""2026-07-22T00:00:00+00:00"", ""src_confidence"": 0.9919538407325744, ""category_source"": ""bank_credit_union"", ""source_record_id"": ""51a13b76-3a93-4c98-9ce2-72243fff54f9""}}",'citi':1 'new':2 'york':3,2026-07-22 00:00:00+00,overture,62,likely_open,95,50,0,{}
biz_02775c6a5e7f420e,Philippine National Bank,atm_bank,,40.70622253417969,-74.01164245605469,POINT(-74.01164245605469 40.70622253417969),30 Broad St,New York,NY,10004-2304,,+12127909600,http://www.pnbnewyork.com,{overture},,businesses_conflate,1100,2026-07-22 18:44:37.477175+00,2026-07-22 00:00:00+00,73,65,100,75,50,{},"{""overture"": {""lat"": 40.70622253417969, ""lon"": -74.01164245605469, ""zip"": ""10004-2304"", ""city"": ""New York"", ""name"": ""Philippine National Bank"", ""brand"": null, ""phone"": ""+12127909600"", ""state"": ""NY"", ""address"": ""30 Broad St"", ""release"": ""2026-07-22.0"", ""website"": ""http://www.pnbnewyork.com"", ""category"": ""atm_bank"", ""state_raw"": ""NY"", ""observed_at"": ""2026-07-22T00:00:00+00:00"", ""src_confidence"": 0.37657830119132996, ""category_source"": ""bank_credit_union"", ""source_record_id"": ""65954929-8d96-45be-b160-fb2397b4eaaf""}}",'bank':3 'nation':2 'new':4 'philippin':1 'york':5,2026-07-22 00:00:00+00,overture,62,likely_open,95,50,0,{}
biz_028149072fb11080,District Kitchen,restaurant,,40.71927261352539,-74.03366088867188,POINT(-74.03366088867188 40.71927261352539),210 Harborside Financial Center,Jersey City,NJ,07311-1200,,,https://districtkitchenjc.com/,{overture},,businesses_conflate,1100,2026-07-22 18:44:37.477175+00,2026-07-22 00:00:00+00,70,65,100,63,50,{},"{""overture"": {""lat"": 40.71927261352539, ""lon"": -74.03366088867188, ""zip"": ""07311-1200"", ""city"": ""Jersey City"", ""name"": ""District Kitchen"", ""brand"": null, ""phone"": null, ""state"": ""NJ"", ""address"": ""210 Harborside Financial Center"", ""release"": ""2026-07-22.0"", ""website"": ""https://districtkitchenjc.com/"", ""category"": ""restaurant"", ""state_raw"": ""NJ"", ""observed_at"": ""2026-07-22T00:00:00+00:00"", ""src_confidence"": 0.9796009659767151, ""category_source"": ""restaurant"", ""source_record_id"": ""b04746cc-1b23-4335-9c1e-24c68ffeca72""}}",'citi':4 'district':1 'jersey':3 'kitchen':2,2026-07-22 00:00:00+00,overture,62,likely_open,95,50,0,{}
biz_029d8978a2914aec,Slice & Co,restaurant,,40.72953796386719,-74.00115203857422,POINT(-74.00115203857422 40.72953796386719),95 Macdougal St,New York,NY,10012-1258,,,sliceandconyc.com,{overture},,businesses_conflate,1100,2026-07-22 18:44:37.477175+00,2026-07-22 00:00:00+00,70,65,100,63,50,{},"{""overture"": {""lat"": 40.72953796386719, ""lon"": -74.00115203857422, ""zip"": ""10012-1258"", ""city"": ""New York"", ""name"": ""Slice & Co"", ""brand"": null, ""phone"": null, ""state"": ""NY"", ""address"": ""95 Macdougal St"", ""release"": ""2026-07-22.0"", ""website"": ""sliceandconyc.com"", ""category"": ""restaurant"", ""state_raw"": ""NY"", ""observed_at"": ""2026-07-22T00:00:00+00:00"", ""src_confidence"": 0.9732916682958602, ""category_source"": ""restaurant"", ""source_record_id"": ""3a0e5b36-0a2b-440b-bc58-99aa1ecc56a5""}}",'co':2 'new':3 'slice':1 'york':4,2026-07-22 00:00:00+00,overture,62,likely_open,95,50,0,{}
biz_02d86a4d43b41a16,Hotel Richland LES,hotel,,40.714759826660156,-73.99299621582031,POINT(-73.99299621582031 40.714759826660156),5 Allen St,New York,NY,10002-5301,,+12122191018,http://hotels.cloudbeds.com/reservation/PLN1BW,{overture},,businesses_conflate,1100,2026-07-22 18:44:37.477175+00,2026-07-22 00:00:00+00,73,65,100,75,50,{},"{""overture"": {""lat"": 40.714759826660156, ""lon"": -73.99299621582031, ""zip"": ""10002-5301"", ""city"": ""New York"", ""name"": ""Hotel Richland LES"", ""brand"": null, ""phone"": ""+12122191018"", ""state"": ""NY"", ""address"": ""5 Allen St"", ""release"": ""2026-07-22.0"", ""website"": ""http://hotels.cloudbeds.com/reservation/PLN1BW"", ""category"": ""hotel"", ""state_raw"": ""NY"", ""observed_at"": ""2026-07-22T00:00:00+00:00"", ""src_confidence"": 0.9990518689155579, ""category_source"": ""hotel"", ""source_record_id"": ""a8c21f3c-f541-4673-a9e6-1cc3f3dfb3d8""}}",'hotel':1 'les':3 'new':4 'richland':2 'york':5,2026-07-22 00:00:00+00,overture,62,likely_open,95,50,0,{}
biz_0302465ba4c160f4,Champers Social Club,restaurant,,40.72146224975586,-73.99871826171875,POINT(-73.99871826171875 40.72146224975586),39 1/2 Crosby St,New York,NY,10012,,,https://www.champerssocialclub.com,{overture},,businesses_conflate,1100,2026-07-22 18:44:37.477175+00,2026-07-22 00:00:00+00,70,65,100,63,50,{},"{""overture"": {""lat"": 40.72146224975586, ""lon"": -73.99871826171875, ""zip"": ""10012"", ""city"": ""New York"", ""name"": ""Champers Social Club"", ""brand"": null, ""phone"": null, ""state"": ""NY"", ""address"": ""39 1/2 Crosby St"", ""release"": ""2026-07-22.0"", ""website"": ""https://www.champerssocialclub.com"", ""category"": ""restaurant"", ""state_raw"": ""NY"", ""observed_at"": ""2026-07-22T00:00:00+00:00"", ""src_confidence"": 0.9902192950248718, ""category_source"": ""restaurant"", ""source_record_id"": ""512c71b9-9036-41d4-b7ba-4e9d05cd2b5d""}}",'champer':1 'club':3 'new':4 'social':2 'york':5,2026-07-22 00:00:00+00,overture,62,likely_open,95,50,0,{}
biz_0326bc101108caa8,Robusta Espresso Bar,cafe,,40.70431900024414,-74.00904846191406,POINT(-74.00904846191406 40.70431900024414),7 Hanover Sq,New York,NY,10004,,(212) 797-9797,http://www.robustanyc.com,{overture},,businesses_conflate,1100,2026-07-22 18:44:37.477175+00,2026-07-22 00:00:00+00,73,65,100,75,50,{},"{""overture"": {""lat"": 40.70431900024414, ""lon"": -74.00904846191406, ""zip"": ""10004"", ""city"": ""New York"", ""name"": ""Robusta Espresso Bar"", ""brand"": null, ""phone"": ""(212) 797-9797"", ""state"": ""NY"", ""address"": ""7 Hanover Sq"", ""release"": ""2026-07-22.0"", ""website"": ""http://www.robustanyc.com"", ""category"": ""cafe"", ""state_raw"": ""NY"", ""observed_at"": ""2026-07-22T00:00:00+00:00"", ""src_confidence"": 0.9199122190475464, ""category_source"": ""coffee_shop"", ""source_record_id"": ""2f5c97c6-289f-4c31-9b06-019422fdfbb5""}}",'bar':3 'espresso':2 'new':4 'robusta':1 'york':5,2026-07-22 00:00:00+00,overture,62,likely_open,95,50,0,{}
biz_035528f4a4c1dd41,Fm Jersey City,restaurant,,40.723941802978516,-74.04988861083984,POINT(-74.04988861083984 40.723941802978516),340 3rd St,Jersey City,NJ,07302,,(201) 222-2870,http://fmjerseycity.com,{overture},,businesses_conflate,1100,2026-07-22 18:44:37.477175+00,2026-07-22 00:00:00+00,73,65,100,75,50,{},"{""overture"": {""lat"": 40.723941802978516, ""lon"": -74.04988861083984, ""zip"": ""07302"", ""city"": ""Jersey City"", ""name"": ""Fm Jersey City"", ""brand"": null, ""phone"": ""(201) 222-2870"", ""state"": ""NJ"", ""address"": ""340 3rd St"", ""release"": ""2026-07-22.0"", ""website"": ""http://fmjerseycity.com"", ""category"": ""restaurant"", ""state_raw"": ""NJ"", ""observed_at"": ""2026-07-22T00:00:00+00:00"", ""src_confidence"": 0.9199122190475464, ""category_source"": ""restaurant"", ""source_record_id"": ""56d9046c-8a16-40fe-b51c-3a6561158e19""}}","'citi':3,5 'fm':1 'jersey':2,4",2026-07-22 00:00:00+00,overture,62,likely_open,95,50,0,{}
biz_0389e73ef47ab845,City Winery Ny Llc.,restaurant,,40.72621536254883,-74.00595092773438,POINT(-74.00595092773438 40.72621536254883),155 Varick St,New York,NY,10013-1106,,+12126080555,,{overture},,businesses_conflate,1100,2026-07-22 18:44:37.477175+00,2026-07-22 00:00:00+00,70,65,100,63,50,{},"{""overture"": {""lat"": 40.72621536254883, ""lon"": -74.00595092773438, ""zip"": ""10013-1106"", ""city"": ""New York"", ""name"": ""City Winery Ny Llc."", ""brand"": null, ""phone"": ""+12126080555"", ""state"": ""NY"", ""address"": ""155 Varick St"", ""release"": ""2026-07-22.0"", ""website"": null, ""category"": ""restaurant"", ""state_raw"": ""NY"", ""observed_at"": ""2026-07-22T00:00:00+00:00"", ""src_confidence"": 0.998275, ""category_source"": ""restaurant"", ""source_record_id"": ""f19f00a2-5e1e-414c-8752-2afe7ddeae84""}}",'citi':1 'llc':4 'new':5 'ny':3 'wineri':2 'york':6,2026-07-22 00:00:00+00,overture,62,likely_open,95,50,0,{}
biz_03af66051f804cd8,Jubilee Market Place on John,grocery,,40.70823669433594,-74.00634002685547,POINT(-74.00634002685547 40.70823669433594),99 John St,New York,NY,10038-2900,,+12122330808,http://www.jubileemarketplace.net,{overture},,businesses_conflate,1100,2026-07-22 18:44:37.477175+00,2026-07-22 00:00:00+00,73,65,100,75,50,{},"{""overture"": {""lat"": 40.70823669433594, ""lon"": -74.00634002685547, ""zip"": ""10038-2900"", ""city"": ""New York"", ""name"": ""Jubilee Market Place on John"", ""brand"": null, ""phone"": ""+12122330808"", ""state"": ""NY"", ""address"": ""99 John St"", ""release"": ""2026-07-22.0"", ""website"": ""http://www.jubileemarketplace.net"", ""category"": ""grocery"", ""state_raw"": ""NY"", ""observed_at"": ""2026-07-22T00:00:00+00:00"", ""src_confidence"": 0.9999335000514984, ""category_source"": ""grocery_store"", ""source_record_id"": ""c7114e5b-9418-49b6-a682-9a7f276af5c6""}}",'john':5 'jubile':1 'market':2 'new':6 'place':3 'york':7,2026-07-22 00:00:00+00,overture,62,likely_open,95,50,0,{}
biz_03d1ff296590b5a2,Superfresh Two Bridges,grocery,,40.710819244384766,-74.00023651123047,POINT(-74.00023651123047 40.710819244384766),5 Saint James Pl,New York,NY,10038-1265,,12127325653,https://superfresh.keyfood.com/store/store/2568,{overture},,businesses_conflate,1100,2026-07-22 18:44:37.477175+00,2026-07-22 00:00:00+00,73,65,100,75,50,{},"{""overture"": {""lat"": 40.710819244384766, ""lon"": -74.00023651123047, ""zip"": ""10038-1265"", ""city"": ""New York"", ""name"": ""Superfresh Two Bridges"", ""brand"": null, ""phone"": ""12127325653"", ""state"": ""NY"", ""address"": ""5 Saint James Pl"", ""release"": ""2026-07-22.0"", ""website"": ""https://superfresh.keyfood.com/store/store/2568"", ""category"": ""grocery"", ""state_raw"": ""NY"", ""observed_at"": ""2026-07-22T00:00:00+00:00"", ""src_confidence"": 0.95, ""category_source"": ""supermarket"", ""source_record_id"": ""34b8ffdd-2f69-40c5-a065-6b066ad73b9b""}}",'bridg':3 'new':4 'superfresh':1 'two':2 'york':5,2026-07-22 00:00:00+00,overture,62,likely_open,95,50,0,{}
biz_03e0f0bf34b46883,Pizza Hut Express,fast_food,,40.73537063598633,-73.99280548095703,POINT(-73.99280548095703 40.73537063598633),18 E 14th St,New York,NY,10003,,2126458645,"",{overture},,businesses_conflate,1100,2026-07-22 18:44:37.477175+00,2026-07-22 00:00:00+00,73,65,100,75,50,{},"{""overture"": {""lat"": 40.73537063598633, ""lon"": -73.99280548095703, ""zip"": ""10003"", ""city"": ""New York"", ""name"": ""Pizza Hut Express"", ""brand"": null, ""phone"": ""2126458645"", ""state"": ""NY"", ""address"": ""18 E 14th St"", ""release"": ""2026-07-22.0"", ""website"": """", ""category"": ""fast_food"", ""state_raw"": ""NY"", ""observed_at"": ""2026-07-22T00:00:00+00:00"", ""src_confidence"": 0.9760689735412598, ""category_source"": ""fast_food_restaurant"", ""source_record_id"": ""1115117b-81a1-437a-ac51-5f7243bc0d52""}}",'express':3 'hut':2 'new':4 'pizza':1 'york':5,2026-07-22 00:00:00+00,overture,62,likely_open,95,50,0,{}
biz_03ffbe46e10e86f3,Quickrx,pharmacy,,40.70376205444336,-74.01197052001953,POINT(-74.01197052001953 40.70376205444336),90 Broad St  Ste 402,New York,NY,10004-3312,,12122498202,quickrxpharm.com,{overture},,businesses_conflate,1100,2026-07-22 18:44:37.477175+00,2026-07-22 00:00:00+00,73,65,100,75,50,{},"{""overture"": {""lat"": 40.70376205444336, ""lon"": -74.01197052001953, ""zip"": ""10004-3312"", ""city"": ""New York"", ""name"": ""Quickrx"", ""brand"": null, ""phone"": ""12122498202"", ""state"": ""NY"", ""address"": ""90 Broad St  Ste 402"", ""release"": ""2026-07-22.0"", ""website"": ""quickrxpharm.com"", ""category"": ""pharmacy"", ""state_raw"": ""NY"", ""observed_at"": ""2026-07-22T00:00:00+00:00"", ""src_confidence"": 0.65, ""category_source"": ""pharmacy"", ""source_record_id"": ""24c3a4ca-d5c8-4ac4-a6fa-21bcd9af1842""}}",'new':2 'quickrx':1 'york':3,2026-07-22 00:00:00+00,overture,62,likely_open,95,50,0,{}
biz_042fdbf76d1c9352,Brown Bag Laundry,laundry,,40.72658157348633,-73.99658966064453,POINT(-73.99658966064453 40.72658157348633),208 Mercer St,New York,NY,10012,,+12125052440,http://www.brownbaglaundry.com/,{overture},,businesses_conflate,1100,2026-07-22 18:44:37.477175+00,2026-07-22 00:00:00+00,73,65,100,75,50,{},"{""overture"": {""lat"": 40.72658157348633, ""lon"": -73.99658966064453, ""zip"": ""10012"", ""city"": ""New York"", ""name"": ""Brown Bag Laundry"", ""brand"": null, ""phone"": ""+12125052440"", ""state"": ""NY"", ""address"": ""208 Mercer St"", ""release"": ""2026-07-22.0"", ""website"": ""http://www.brownbaglaundry.com/"", ""category"": ""laundry"", ""state_raw"": ""NY"", ""observed_at"": ""2026-07-22T00:00:00+00:00"", ""src_confidence"": 0.9902192950248718, ""category_source"": ""laundromat"", ""source_record_id"": ""96b0ff5c-4f95-4d11-9046-0059b2eb952d""}}",'bag':2 'brown':1 'laundri':3 'new':4 'york':5,2026-07-22 00:00:00+00,overture,62,likely_open,95,50,0,{}
biz_0431688cb5631498,LibertyX Bitcoin ATM,atm_bank,,40.71966552734375,-74.00225830078125,POINT(-74.00225830078125 40.71966552734375),303 Canal St,New York,NY,10013,,8005118940,https://libertyx.com/a/buy-bitcoin/locations/NY/new-york/303-canal-st?y_source=1_MTAxODcxNzQ2My00ODMtbG9jYXRpb24ud2Vic2l0ZQ%3D%3D,{overture},,businesses_conflate,1100,2026-07-22 18:44:37.477175+00,2026-07-22 00:00:00+00,73,65,100,75,50,{},"{""overture"": {""lat"": 40.71966552734375, ""lon"": -74.00225830078125, ""zip"": ""10013"", ""city"": ""New York"", ""name"": ""LibertyX Bitcoin ATM"", ""brand"": null, ""phone"": ""8005118940"", ""state"": ""NY"", ""address"": ""303 Canal St"", ""release"": ""2026-07-22.0"", ""website"": ""https://libertyx.com/a/buy-bitcoin/locations/NY/new-york/303-canal-st?y_source=1_MTAxODcxNzQ2My00ODMtbG9jYXRpb24ud2Vic2l0ZQ%3D%3D"", ""category"": ""atm_bank"", ""state_raw"": ""NY"", ""observed_at"": ""2026-07-22T00:00:00+00:00"", ""src_confidence"": 0.85, ""category_source"": ""atms"", ""source_record_id"": ""63713053-12b7-4bdc-87c5-56e5f049f1bd""}}",'atm':3 'bitcoin':2 'libertyx':1 'new':4 'york':5,2026-07-22 00:00:00+00,overture,62,likely_open,95,50,0,{}
biz_043394e64bb82daa,Fantis Imports Inc,grocery,,40.719268798828125,-74.00968170166016,POINT(-74.00968170166016 40.719268798828125),179 Franklin St,New York,NY,10013-2857,,,,{overture},,businesses_conflate,1100,2026-07-22 18:44:37.477175+00,2026-07-22 00:00:00+00,68,65,100,50,50,{},"{""overture"": {""lat"": 40.719268798828125, ""lon"": -74.00968170166016, ""zip"": ""10013-2857"", ""city"": ""New York"", ""name"": ""Fantis Imports Inc"", ""brand"": null, ""phone"": null, ""state"": ""NY"", ""address"": ""179 Franklin St"", ""release"": ""2026-07-22.0"", ""website"": null, ""category"": ""grocery"", ""state_raw"": ""NY"", ""observed_at"": ""2026-07-22T00:00:00+00:00"", ""src_confidence"": 0.95, ""category_source"": ""grocery_store"", ""source_record_id"": ""4e8d7c05-fd82-4048-bf2c-a3bf12c8e342""}}",'fanti':1 'import':2 'inc':3 'new':4 'york':5,2026-07-22 00:00:00+00,overture,62,likely_open,95,50,0,{}
biz_0442aae5287acf55,The Independent Restaurant,restaurant,,40.71784973144531,-74.00702667236328,POINT(-74.00702667236328 40.71784973144531),179 W Broadway,New York,NY,10013-2921,,,,{overture},,businesses_conflate,1100,2026-07-22 18:44:37.477175+00,2026-07-22 00:00:00+00,68,65,100,50,50,{},"{""overture"": {""lat"": 40.71784973144531, ""lon"": -74.00702667236328, ""zip"": ""10013-2921"", ""city"": ""New York"", ""name"": ""The Independent Restaurant"", ""brand"": null, ""phone"": null, ""state"": ""NY"", ""address"": ""179 W Broadway"", ""release"": ""2026-07-22.0"", ""website"": null, ""category"": ""restaurant"", ""state_raw"": ""NY"", ""observed_at"": ""2026-07-22T00:00:00+00:00"", ""src_confidence"": 0.95, ""category_source"": ""restaurant"", ""source_record_id"": ""8643d24e-ce86-4cb5-baa8-3bdbc2d91c10""}}",'independ':2 'new':4 'restaur':3 'york':5,2026-07-22 00:00:00+00,overture,62,likely_open,95,50,0,{}
biz_04599ceb6e43a3a7,Think Coffee,cafe,Think Coffee,40.72837448120117,-73.99535369873047,POINT(-73.99535369873047 40.72837448120117),248 Mercer St,New York,NY,10012-1111,,+16469910342,http://www.thinkcoffee.com/,{overture},,businesses_conflate,1100,2026-07-22 18:44:37.477175+00,2026-07-22 00:00:00+00,78,65,100,100,50,{},"{""overture"": {""lat"": 40.72837448120117, ""lon"": -73.99535369873047, ""zip"": ""10012-1111"", ""city"": ""New York"", ""name"": ""Think Coffee"", ""brand"": ""Think Coffee"", ""phone"": ""+16469910342"", ""state"": ""NY"", ""address"": ""248 Mercer St"", ""release"": ""2026-07-22.0"", ""website"": ""http://www.thinkcoffee.com/"", ""category"": ""cafe"", ""state_raw"": ""NY"", ""observed_at"": ""2026-07-22T00:00:00+00:00"", ""src_confidence"": 0.9902192950248718, ""category_source"": ""coffee_shop"", ""source_record_id"": ""9029656d-f054-454c-aefa-f6123fe73752""}}","'coffe':2,4 'new':5 'think':1,3 'york':6",2026-07-22 00:00:00+00,overture,62,likely_open,95,50,0,{}
biz_04959614e98e5588,Citibank,atm_bank,Citi,40.7131233215332,-74.00756072998047,POINT(-74.00756072998047 40.7131233215332),250 Broadway,New York,NY,10007-0163,,+16465024187,http://www.citi.com/,{overture},,businesses_conflate,1100,2026-07-22 18:44:37.477175+00,2026-07-22 00:00:00+00,78,65,100,100,50,{},"{""overture"": {""lat"": 40.7131233215332, ""lon"": -74.00756072998047, ""zip"": ""10007-0163"", ""city"": ""New York"", ""name"": ""Citibank"", ""brand"": ""Citi"", ""phone"": ""+16465024187"", ""state"": ""NY"", ""address"": ""250 Broadway"", ""release"": ""2026-07-22.0"", ""website"": ""http://www.citi.com/"", ""category"": ""atm_bank"", ""state_raw"": ""NY"", ""observed_at"": ""2026-07-22T00:00:00+00:00"", ""src_confidence"": 0.9994881595969201, ""category_source"": ""bank_credit_union"", ""source_record_id"": ""929d128b-18e0-43a6-9db3-5e05fa6083c5""}}",'citi':2 'citibank':1 'new':3 'york':4,2026-07-22 00:00:00+00,overture,62,likely_open,95,50,0,{}
biz_04a15d73d9ae9f02,Etege Hotels & Catering,hotel,,40.722015380859375,-73.99999237060547,POINT(-73.99999237060547 40.722015380859375),Tadesse Chekol Commercial Complex,New York,NY,,,+251911966755,,{overture},,businesses_conflate,1100,2026-07-22 18:44:37.477175+00,2026-07-22 00:00:00+00,68,65,100,50,50,{},"{""overture"": {""lat"": 40.722015380859375, ""lon"": -73.99999237060547, ""zip"": null, ""city"": ""New York"", ""name"": ""Etege Hotels & Catering"", ""brand"": null, ""phone"": ""+251911966755"", ""state"": ""NY"", ""address"": ""Tadesse Chekol Commercial Complex"", ""release"": ""2026-07-22.0"", ""website"": null, ""category"": ""hotel"", ""state_raw"": ""NY"", ""observed_at"": ""2026-07-22T00:00:00+00:00"", ""src_confidence"": 0.7227008938789368, ""category_source"": ""hotel"", ""source_record_id"": ""e993bbf3-2325-40a0-8345-dcee759fe5e9""}}",'cater':3 'eteg':1 'hotel':2 'new':4 'york':5,2026-07-22 00:00:00+00,overture,62,likely_open,95,50,0,{}
biz_04b3ff805a4a2863,International Surgical Health Initiative (ISHI),medical,,40.71320724487305,-74.0350112915039,POINT(-74.0350112915039 40.71320724487305),35 Hudson St,Jersey City,NJ,07302,,+15516893632,http://ishiglobal.org/,{overture},,businesses_conflate,1100,2026-07-22 18:44:37.477175+00,2026-07-22 00:00:00+00,73,65,100,75,50,{},"{""overture"": {""lat"": 40.71320724487305, ""lon"": -74.0350112915039, ""zip"": ""07302"", ""city"": ""Jersey City"", ""name"": ""International Surgical Health Initiative (ISHI)"", ""brand"": null, ""phone"": ""+15516893632"", ""state"": ""NJ"", ""address"": ""35 Hudson St"", ""release"": ""2026-07-22.0"", ""website"": ""http://ishiglobal.org/"", ""category"": ""medical"", ""state_raw"": ""NJ"", ""observed_at"": ""2026-07-22T00:00:00+00:00"", ""src_confidence"": 0.2590413987636566, ""category_source"": ""hospital"", ""source_record_id"": ""015f556e-edb2-4fb2-b374-149e7eb4eb88""}}",'citi':7 'health':3 'initi':4 'intern':1 'ishi':5 'jersey':6 'surgic':2,2026-07-22 00:00:00+00,overture,62,likely_open,95,50,0,{}
biz_04b5a82e576f398d,Himi Ny Corporation,restaurant,,40.73331069946289,-74.00332641601562,POINT(-74.00332641601562 40.73331069946289),61 Grove St,New York,NY,10014-3418,,,https://tontonnyc.com,{overture},,businesses_conflate,1100,2026-07-22 18:44:37.477175+00,2026-07-22 00:00:00+00,70,65,100,63,50,{},"{""overture"": {""lat"": 40.73331069946289, ""lon"": -74.00332641601562, ""zip"": ""10014-3418"", ""city"": ""New York"", ""name"": ""Himi Ny Corporation"", ""brand"": null, ""phone"": null, ""state"": ""NY"", ""address"": ""61 Grove St"", ""release"": ""2026-07-22.0"", ""website"": ""https://tontonnyc.com"", ""category"": ""restaurant"", ""state_raw"": ""NY"", ""observed_at"": ""2026-07-22T00:00:00+00:00"", ""src_confidence"": 0.95, ""category_source"": ""restaurant"", ""source_record_id"": ""d57e446b-b15c-45cf-87ed-b69cb28046f4""}}",'corpor':3 'himi':1 'new':4 'ny':2 'york':5,2026-07-22 00:00:00+00,overture,62,likely_open,95,50,0,{}
biz_04bbd9dac96d7ca7,Northwell Health-GoHealth Urgent Care,medical,,40.7314567565918,-73.99408721923828,POINT(-73.99408721923828 40.7314567565918),41 E 8th St,New York,NY,10003,,(212) 897-1991,https://www.gohealthuc.com/nyc/manhattan/greenwich-village,{overture},,businesses_conflate,1100,2026-07-22 18:44:37.477175+00,2026-07-22 00:00:00+00,73,65,100,75,50,{},"{""overture"": {""lat"": 40.7314567565918, ""lon"": -73.99408721923828, ""zip"": ""10003"", ""city"": ""New York"", ""name"": ""Northwell Health-GoHealth Urgent Care"", ""brand"": null, ""phone"": ""(212) 897-1991"", ""state"": ""NY"", ""address"": ""41 E 8th St"", ""release"": ""2026-07-22.0"", ""website"": ""https://www.gohealthuc.com/nyc/manhattan/greenwich-village"", ""category"": ""medical"", ""state_raw"": ""NY"", ""observed_at"": ""2026-07-22T00:00:00+00:00"", ""src_confidence"": 0.9902192950248718, ""category_source"": ""urgent_care_clinic"", ""source_record_id"": ""2974406b-f1c3-44ba-b83a-405b02c5bdfd""}}",'care':6 'gohealth':4 'health':3 'health-gohealth':2 'new':7 'northwel':1 'urgent':5 'york':8,2026-07-22 00:00:00+00,overture,62,likely_open,95,50,0,{}
biz_04f4547ae77d35d0,The Lost Draft,cafe,,40.72079086303711,-73.99726104736328,POINT(-73.99726104736328 40.72079086303711),398 Broome St,New York,NY,10013-3210,,+16465246021,http://thelostdraft.com,{overture},,businesses_conflate,1100,2026-07-22 18:44:37.477175+00,2026-07-22 00:00:00+00,73,65,100,75,50,{},"{""overture"": {""lat"": 40.72079086303711, ""lon"": -73.99726104736328, ""zip"": ""10013-3210"", ""city"": ""New York"", ""name"": ""The Lost Draft"", ""brand"": null, ""phone"": ""+16465246021"", ""state"": ""NY"", ""address"": ""398 Broome St"", ""release"": ""2026-07-22.0"", ""website"": ""http://thelostdraft.com"", ""category"": ""cafe"", ""state_raw"": ""NY"", ""observed_at"": ""2026-07-22T00:00:00+00:00"", ""src_confidence"": 0.9902192950248718, ""category_source"": ""coffee_shop"", ""source_record_id"": ""76023bc3-d191-418e-945a-632f84a555f6""}}",'draft':3 'lost':2 'new':4 'york':5,2026-07-22 00:00:00+00,overture,62,likely_open,95,50,0,{}
biz_04febf723aba8af5,Chase Bank,atm_bank,Chase,40.7185173034668,-73.99515533447266,POINT(-73.99515533447266 40.7185173034668),231 Grand St,New York,NY,10013-4246,,+12123340555,https://www.chase.com/locator/banking/us/ny/new-york/231-grand-st,{overture},,businesses_conflate,1100,2026-07-22 18:44:37.477175+00,2026-07-22 00:00:00+00,78,65,100,100,50,{},"{""overture"": {""lat"": 40.7185173034668, ""lon"": -73.99515533447266, ""zip"": ""10013-4246"", ""city"": ""New York"", ""name"": ""Chase Bank"", ""brand"": ""Chase"", ""phone"": ""+12123340555"", ""state"": ""NY"", ""address"": ""231 Grand St"", ""release"": ""2026-07-22.0"", ""website"": ""https://www.chase.com/locator/banking/us/ny/new-york/231-grand-st"", ""category"": ""atm_bank"", ""state_raw"": ""NY"", ""observed_at"": ""2026-07-22T00:00:00+00:00"", ""src_confidence"": 0.9902192950248718, ""category_source"": ""banks"", ""source_record_id"": ""c0d9bb43-628b-4d48-a1d9-ff79ad54b457""}}","'bank':2 'chase':1,3 'new':4 'york':5",2026-07-22 00:00:00+00,overture,62,likely_open,95,50,0,{}
biz_05070da49f32bbac,Bank of America,atm_bank,,40.71901321411133,-74.03318786621094,POINT(-74.03318786621094 40.71901321411133),123-124 Harborside Financial Plaza,Jersey City,NJ,07302,,(800) 432-1000,https://www.bankofamerica.com,{overture},,businesses_conflate,1100,2026-07-22 18:44:37.477175+00,2026-07-22 00:00:00+00,73,65,100,75,50,{},"{""overture"": {""lat"": 40.71901321411133, ""lon"": -74.03318786621094, ""zip"": ""07302"", ""city"": ""Jersey City"", ""name"": ""Bank of America"", ""brand"": null, ""phone"": ""(800) 432-1000"", ""state"": ""NJ"", ""address"": ""123-124 Harborside Financial Plaza"", ""release"": ""2026-07-22.0"", ""website"": ""https://www.bankofamerica.com"", ""category"": ""atm_bank"", ""state_raw"": ""NJ"", ""observed_at"": ""2026-07-22T00:00:00+00:00"", ""src_confidence"": 0.77, ""category_source"": ""banks"", ""source_record_id"": ""48911b15-b7b4-4285-8740-22bf13218042""}}",'america':3 'bank':1 'citi':5 'jersey':4,2026-07-22 00:00:00+00,overture,62,likely_open,95,50,0,{}
biz_05164340258c0695,Morton Food & Grocery Inc.,grocery,,40.7314338684082,-74.00646209716797,POINT(-74.00646209716797 40.7314338684082),448 Hudson St,New York,NY,10014-3781,,,,{overture},,businesses_conflate,1100,2026-07-22 18:44:37.477175+00,2026-07-22 00:00:00+00,68,65,100,50,50,{},"{""overture"": {""lat"": 40.7314338684082, ""lon"": -74.00646209716797, ""zip"": ""10014-3781"", ""city"": ""New York"", ""name"": ""Morton Food & Grocery Inc."", ""brand"": null, ""phone"": null, ""state"": ""NY"", ""address"": ""448 Hudson St"", ""release"": ""2026-07-22.0"", ""website"": null, ""category"": ""grocery"", ""state_raw"": ""NY"", ""observed_at"": ""2026-07-22T00:00:00+00:00"", ""src_confidence"": 0.95, ""category_source"": ""grocery_store"", ""source_record_id"": ""35c290b1-ddf5-4758-8b04-e3f669a04541""}}",'food':2 'groceri':3 'inc':4 'morton':1 'new':5 'york':6,2026-07-22 00:00:00+00,overture,62,likely_open,95,50,0,{}
biz_05322ba081dbfc5b,Courtyard by Marriott New York World Trade Center Area,hotel,Courtyard by Marriott,40.708274841308594,-74.0136489868164,POINT(-74.0136489868164 40.708274841308594),100 Greenwich St,New York,NY,10006,,+19174090800,https://www.marriott.com/hotels/travel/NYCGC,{overture},,businesses_conflate,1100,2026-07-22 18:44:37.477175+00,2026-07-22 00:00:00+00,78,65,100,100,50,{},"{""overture"": {""lat"": 40.708274841308594, ""lon"": -74.0136489868164, ""zip"": ""10006"", ""city"": ""New York"", ""name"": ""Courtyard by Marriott New York World Trade Center Area"", ""brand"": ""Courtyard by Marriott"", ""phone"": ""+19174090800"", ""state"": ""NY"", ""address"": ""100 Greenwich St"", ""release"": ""2026-07-22.0"", ""website"": ""https://www.marriott.com/hotels/travel/NYCGC"", ""category"": ""hotel"", ""state_raw"": ""NY"", ""observed_at"": ""2026-07-22T00:00:00+00:00"", ""src_confidence"": 0.999211311340332, ""category_source"": ""hotel"", ""source_record_id"": ""ae0b8453-2691-46b4-a9e9-eb2ef5a9acd8""}}","'area':9 'center':8 'courtyard':1,10 'marriott':3,12 'new':4,13 'trade':7 'world':6 'york':5,14",2026-07-22 00:00:00+00,overture,62,likely_open,95,50,0,{}
biz_054d7fe656bb9930,Bedrocket Media Ventures,restaurant,,40.72369384765625,-73.99726104736328,POINT(-73.99726104736328 40.72369384765625),100 Crosby St,New York,NY,10012-4717,,,,{overture},,businesses_conflate,1100,2026-07-22 18:44:37.477175+00,2026-07-22 00:00:00+00,68,65,100,50,50,{},"{""overture"": {""lat"": 40.72369384765625, ""lon"": -73.99726104736328, ""zip"": ""10012-4717"", ""city"": ""New York"", ""name"": ""Bedrocket Media Ventures"", ""brand"": null, ""phone"": null, ""state"": ""NY"", ""address"": ""100 Crosby St"", ""release"": ""2026-07-22.0"", ""website"": null, ""category"": ""restaurant"", ""state_raw"": ""NY"", ""observed_at"": ""2026-07-22T00:00:00+00:00"", ""src_confidence"": 0.9634655982255935, ""category_source"": ""restaurant"", ""source_record_id"": ""9269e002-816e-4111-993d-bd8ccdd32765""}}",'bedrocket':1 'media':2 'new':4 'ventur':3 'york':5,2026-07-22 00:00:00+00,overture,62,likely_open,95,50,0,{}
biz_055b5fe6af45389a,Lower Eastside Service Center,fuel_station,,40.71607971191406,-74.01011657714844,POINT(-74.01011657714844 40.71607971191406),157 Chambers St,New York,NY,10007,,(212) 964-3748,http://www.lesc.org,{overture},,businesses_conflate,1100,2026-07-22 18:44:37.477175+00,2026-07-22 00:00:00+00,73,65,100,75,50,{},"{""overture"": {""lat"": 40.71607971191406, ""lon"": -74.01011657714844, ""zip"": ""10007"", ""city"": ""New York"", ""name"": ""Lower Eastside Service Center"", ""brand"": null, ""phone"": ""(212) 964-3748"", ""state"": ""NY"", ""address"": ""157 Chambers St"", ""release"": ""2026-07-22.0"", ""website"": ""http://www.lesc.org"", ""category"": ""fuel_station"", ""state_raw"": ""NY"", ""observed_at"": ""2026-07-22T00:00:00+00:00"", ""src_confidence"": 0.77, ""category_source"": ""gas_station"", ""source_record_id"": ""b663385b-2660-4069-9269-1661e6b0ea30""}}",'center':4 'eastsid':2 'lower':1 'new':5 'servic':3 'york':6,2026-07-22 00:00:00+00,overture,62,likely_open,95,50,0,{}
biz_05676248b2ccda3f,Daily Grind Coffee Co.,grocery,,40.70948791503906,-74.00865936279297,POINT(-74.00865936279297 40.70948791503906),65 Nassau St,New York,NY,10038-4513,,,https://www.dailygrindcoffee.com.au,{overture},,businesses_conflate,1100,2026-07-22 18:44:37.477175+00,2026-07-22 00:00:00+00,70,65,100,63,50,{},"{""overture"": {""lat"": 40.70948791503906, ""lon"": -74.00865936279297, ""zip"": ""10038-4513"", ""city"": ""New York"", ""name"": ""Daily Grind Coffee Co."", ""brand"": null, ""phone"": null, ""state"": ""NY"", ""address"": ""65 Nassau St"", ""release"": ""2026-07-22.0"", ""website"": ""https://www.dailygrindcoffee.com.au"", ""category"": ""grocery"", ""state_raw"": ""NY"", ""observed_at"": ""2026-07-22T00:00:00+00:00"", ""src_confidence"": 0.95, ""category_source"": ""grocery_store"", ""source_record_id"": ""3f46e13b-e61d-44e6-af45-f106e436d513""}}",'co':4 'coffe':3 'daili':1 'grind':2 'new':5 'york':6,2026-07-22 00:00:00+00,overture,62,likely_open,95,50,0,{}
biz_0583dd5289ef0c90,Capital One Bank,atm_bank,Capital One,40.723846435546875,-73.99857330322266,POINT(-73.99857330322266 40.723846435546875),555 Broadway,New York,NY,10012-3919,,+12129815668,http://www.capitalonebank.com/?external_id=ENTSOC_YX_YextRetail_Profile_0101,{overture},,businesses_conflate,1100,2026-07-22 18:44:37.477175+00,2026-07-22 00:00:00+00,78,65,100,100,50,{},"{""overture"": {""lat"": 40.723846435546875, ""lon"": -73.99857330322266, ""zip"": ""10012-3919"", ""city"": ""New York"", ""name"": ""Capital One Bank"", ""brand"": ""Capital One"", ""phone"": ""+12129815668"", ""state"": ""NY"", ""address"": ""555 Broadway"", ""release"": ""2026-07-22.0"", ""website"": ""http://www.capitalonebank.com/?external_id=ENTSOC_YX_YextRetail_Profile_0101"", ""category"": ""atm_bank"", ""state_raw"": ""NY"", ""observed_at"": ""2026-07-22T00:00:00+00:00"", ""src_confidence"": 0.9902192950248718, ""category_source"": ""bank_credit_union"", ""source_record_id"": ""5d714c00-336f-410d-bdcd-07afdbe4815d""}}","'bank':3 'capit':1,4 'new':6 'one':2,5 'york':7",2026-07-22 00:00:00+00,overture,62,likely_open,95,50,0,{}
biz_0593782b6ae0645f,Springer Clinical Medicine,medical,,40.72590255737305,-74.00480651855469,POINT(-74.00480651855469 40.72590255737305),233 Spring St,New York,NY,10013-1522,,+12126208000,http://www.springer.com/medicine,{overture},,businesses_conflate,1100,2026-07-22 18:44:37.477175+00,2026-07-22 00:00:00+00,73,65,100,75,50,{},"{""overture"": {""lat"": 40.72590255737305, ""lon"": -74.00480651855469, ""zip"": ""10013-1522"", ""city"": ""New York"", ""name"": ""Springer Clinical Medicine"", ""brand"": null, ""phone"": ""+12126208000"", ""state"": ""NY"", ""address"": ""233 Spring St"", ""release"": ""2026-07-22.0"", ""website"": ""http://www.springer.com/medicine"", ""category"": ""medical"", ""state_raw"": ""NY"", ""observed_at"": ""2026-07-22T00:00:00+00:00"", ""src_confidence"": 0.38840895891189575, ""category_source"": ""hospital"", ""source_record_id"": ""a7ecbf95-20a9-4b81-ab6e-39d6052de08d""}}",'clinic':2 'medicin':3 'new':4 'springer':1 'york':5,2026-07-22 00:00:00+00,overture,62,likely_open,95,50,0,{}
biz_059ca3280f393726,Asia Market,grocery,,40.71617126464844,-73.99929809570312,POINT(-73.99929809570312 40.71617126464844),71 1/2 Mulberry St,New York,NY,10013,,+12129622020,http://www.asiamarketcorp.com,{overture},,businesses_conflate,1100,2026-07-22 18:44:37.477175+00,2026-07-22 00:00:00+00,73,65,100,75,50,{},"{""overture"": {""lat"": 40.71617126464844, ""lon"": -73.99929809570312, ""zip"": ""10013"", ""city"": ""New York"", ""name"": ""Asia Market"", ""brand"": null, ""phone"": ""+12129622020"", ""state"": ""NY"", ""address"": ""71 1/2 Mulberry St"", ""release"": ""2026-07-22.0"", ""website"": ""http://www.asiamarketcorp.com"", ""category"": ""grocery"", ""state_raw"": ""NY"", ""observed_at"": ""2026-07-22T00:00:00+00:00"", ""src_confidence"": 0.9199122190475464, ""category_source"": ""grocery_store"", ""source_record_id"": ""719de0fa-d4f3-44c8-939f-5566f5327314""}}",'asia':1 'market':2 'new':3 'york':4,2026-07-22 00:00:00+00,overture,62,likely_open,95,50,0,{}
biz_059f596ad990299f,Sws- Schüle Für Wirtschaft Und Sprache,restaurant,,40.71647262573242,-74.0389633178711,POINT(-74.0389633178711 40.71647262573242),256 Warren St,Jersey City,NJ,07302-3713,,,auraloungecafe.com,{overture},,businesses_conflate,1100,2026-07-22 18:44:37.477175+00,2026-07-22 00:00:00+00,70,65,100,63,50,{},"{""overture"": {""lat"": 40.71647262573242, ""lon"": -74.0389633178711, ""zip"": ""07302-3713"", ""city"": ""Jersey City"", ""name"": ""Sws- Schüle Für Wirtschaft Und Sprache"", ""brand"": null, ""phone"": null, ""state"": ""NJ"", ""address"": ""256 Warren St"", ""release"": ""2026-07-22.0"", ""website"": ""auraloungecafe.com"", ""category"": ""restaurant"", ""state_raw"": ""NJ"", ""observed_at"": ""2026-07-22T00:00:00+00:00"", ""src_confidence"": 0.95, ""category_source"": ""restaurant"", ""source_record_id"": ""d615347d-1caa-4330-8915-4cde4dd7d3ad""}}",'citi':8 'für':3 'jersey':7 'schüle':2 'sprach':6 'sws':1 'und':5 'wirtschaft':4,2026-07-22 00:00:00+00,overture,62,likely_open,95,50,0,{}
biz_05c1c27174d56d1f,LibertyX Bitcoin ATM,atm_bank,,40.71788787841797,-73.99980163574219,POINT(-73.99980163574219 40.71788787841797),234 Canal St,New York,NY,10013,,8005118940,https://libertyx.com/a/buy-bitcoin/locations/NY/new-york/234-canal-st?y_source=1_MTA3ODA1NzkwMS00ODMtbG9jYXRpb24ud2Vic2l0ZQ%3D%3D,{overture},,businesses_conflate,1100,2026-07-22 18:44:37.477175+00,2026-07-22 00:00:00+00,73,65,100,75,50,{},"{""overture"": {""lat"": 40.71788787841797, ""lon"": -73.99980163574219, ""zip"": ""10013"", ""city"": ""New York"", ""name"": ""LibertyX Bitcoin ATM"", ""brand"": null, ""phone"": ""8005118940"", ""state"": ""NY"", ""address"": ""234 Canal St"", ""release"": ""2026-07-22.0"", ""website"": ""https://libertyx.com/a/buy-bitcoin/locations/NY/new-york/234-canal-st?y_source=1_MTA3ODA1NzkwMS00ODMtbG9jYXRpb24ud2Vic2l0ZQ%3D%3D"", ""category"": ""atm_bank"", ""state_raw"": ""NY"", ""observed_at"": ""2026-07-22T00:00:00+00:00"", ""src_confidence"": 0.85, ""category_source"": ""atms"", ""source_record_id"": ""23cc03b5-d19d-4942-8923-a0b181a5452b""}}",'atm':3 'bitcoin':2 'libertyx':1 'new':4 'york':5,2026-07-22 00:00:00+00,overture,62,likely_open,95,50,0,{}
biz_05c7919505de752f,Gimme! Coffee,cafe,,40.722354888916016,-73.99507904052734,POINT(-73.99507904052734 40.722354888916016),228 Mott St,New York,NY,10012,,(212) 226-4011,http://gimmecoffee.com/,{overture},,businesses_conflate,1100,2026-07-22 18:44:37.477175+00,2026-07-22 00:00:00+00,73,65,100,75,50,{},"{""overture"": {""lat"": 40.722354888916016, ""lon"": -73.99507904052734, ""zip"": ""10012"", ""city"": ""New York"", ""name"": ""Gimme! Coffee"", ""brand"": null, ""phone"": ""(212) 226-4011"", ""state"": ""NY"", ""address"": ""228 Mott St"", ""release"": ""2026-07-22.0"", ""website"": ""http://gimmecoffee.com/"", ""category"": ""cafe"", ""state_raw"": ""NY"", ""observed_at"": ""2026-07-22T00:00:00+00:00"", ""src_confidence"": 0.9199122190475464, ""category_source"": ""coffee_shop"", ""source_record_id"": ""3c5470d4-4776-4957-a16b-7b4d256baa9e""}}",'coffe':2 'gimm':1 'new':3 'york':4,2026-07-22 00:00:00+00,overture,62,likely_open,95,50,0,{}
biz_06055c9ed4134148,McDonald's,fast_food,McDonald's,40.72990417480469,-74.04255676269531,POINT(-74.04255676269531 40.72990417480469),197 12th St,Jersey City,NJ,07310-1423,,+12017639994,https://www.mcdonalds.com/us/en-us/location/nj/jersey-city/197-12th-st/36171.html?cid=RF%3AYXT%3ARoN%3A%3AClicks%3Fcid%3DRF%3AYXT%3AFB%3A%3AClicks,{overture},,businesses_conflate,1100,2026-07-22 18:44:37.477175+00,2026-07-22 00:00:00+00,78,65,100,100,50,{},"{""overture"": {""lat"": 40.72990417480469, ""lon"": -74.04255676269531, ""zip"": ""07310-1423"", ""city"": ""Jersey City"", ""name"": ""McDonald's"", ""brand"": ""McDonald's"", ""phone"": ""+12017639994"", ""state"": ""NJ"", ""address"": ""197 12th St"", ""release"": ""2026-07-22.0"", ""website"": ""https://www.mcdonalds.com/us/en-us/location/nj/jersey-city/197-12th-st/36171.html?cid=RF%3AYXT%3ARoN%3A%3AClicks%3Fcid%3DRF%3AYXT%3AFB%3A%3AClicks"", ""category"": ""fast_food"", ""state_raw"": ""NJ"", ""observed_at"": ""2026-07-22T00:00:00+00:00"", ""src_confidence"": 0.9723508358001709, ""category_source"": ""fast_food_restaurant"", ""source_record_id"": ""134a2248-e576-4e19-b37c-826cd479595c""}}","'citi':6 'jersey':5 'mcdonald':1,3",2026-07-22 00:00:00+00,overture,62,likely_open,95,50,0,{}
biz_061558ef078bcbf3,Off Soho Suites Hotel,hotel,,40.7213134765625,-73.99270629882812,POINT(-73.99270629882812 40.7213134765625),11 Rivington St,New York,NY,10002-1244,,+12123530860,http://www.offsoho.com/,{overture},,businesses_conflate,1100,2026-07-22 18:44:37.477175+00,2026-07-22 00:00:00+00,73,65,100,75,50,{},"{""overture"": {""lat"": 40.7213134765625, ""lon"": -73.99270629882812, ""zip"": ""10002-1244"", ""city"": ""New York"", ""name"": ""Off Soho Suites Hotel"", ""brand"": null, ""phone"": ""+12123530860"", ""state"": ""NY"", ""address"": ""11 Rivington St"", ""release"": ""2026-07-22.0"", ""website"": ""http://www.offsoho.com/"", ""category"": ""hotel"", ""state_raw"": ""NY"", ""observed_at"": ""2026-07-22T00:00:00+00:00"", ""src_confidence"": 0.9985034465789795, ""category_source"": ""hotel"", ""source_record_id"": ""213bb46c-2950-4887-84cd-387e49b382f1""}}",'hotel':4 'new':5 'soho':2 'suit':3 'york':6,2026-07-22 00:00:00+00,overture,62,likely_open,95,50,0,{}
biz_062368e9b5059a41,Paper Planes,restaurant,,40.722076416015625,-73.9969482421875,POINT(-73.9969482421875 40.722076416015625),,New York,NY,,,+16464389172,,{overture},,businesses_conflate,1100,2026-07-22 18:44:37.477175+00,2026-07-22 00:00:00+00,63,65,100,25,50,{},"{""overture"": {""lat"": 40.722076416015625, ""lon"": -73.9969482421875, ""zip"": null, ""city"": ""New York"", ""name"": ""Paper Planes"", ""brand"": null, ""phone"": ""+16464389172"", ""state"": ""NY"", ""address"": null, ""release"": ""2026-07-22.0"", ""website"": null, ""category"": ""restaurant"", ""state_raw"": ""NY"", ""observed_at"": ""2026-07-22T00:00:00+00:00"", ""src_confidence"": 0.2946434020996094, ""category_source"": ""restaurant"", ""source_record_id"": ""05f579d3-88b4-4fc8-b393-900a3f40dab6""}}",'new':3 'paper':1 'plane':2 'york':4,2026-07-22 00:00:00+00,overture,62,likely_open,95,50,0,{}
biz_06393cd0c61add71,McDonald's,fast_food,McDonald's,40.72651290893555,-74.03874969482422,POINT(-74.03874969482422 40.72651290893555),30 Mall Dr W,Jersey City,NJ,07310,,+12016043871,https://www.mcdonalds.com/us/en-us/location/nj/jersey-city/30-mall-dr-w/18759.html?cid=RF%3AYXT%3ARoN%3A%3AClicks%3Fcid%3DRF%3AYXT%3AFB%3A%3AClicks,{overture},,businesses_conflate,1100,2026-07-22 18:44:37.477175+00,2026-07-22 00:00:00+00,78,65,100,100,50,{},"{""overture"": {""lat"": 40.72651290893555, ""lon"": -74.03874969482422, ""zip"": ""07310"", ""city"": ""Jersey City"", ""name"": ""McDonald's"", ""brand"": ""McDonald's"", ""phone"": ""+12016043871"", ""state"": ""NJ"", ""address"": ""30 Mall Dr W"", ""release"": ""2026-07-22.0"", ""website"": ""https://www.mcdonalds.com/us/en-us/location/nj/jersey-city/30-mall-dr-w/18759.html?cid=RF%3AYXT%3ARoN%3A%3AClicks%3Fcid%3DRF%3AYXT%3AFB%3A%3AClicks"", ""category"": ""fast_food"", ""state_raw"": ""NJ"", ""observed_at"": ""2026-07-22T00:00:00+00:00"", ""src_confidence"": 0.9855680465698242, ""category_source"": ""fast_food_restaurant"", ""source_record_id"": ""0df0a4f4-bf5e-4d93-be39-56a91494bf98""}}","'citi':6 'jersey':5 'mcdonald':1,3",2026-07-22 00:00:00+00,overture,62,likely_open,95,50,0,{}
biz_06453f1c7b40eb23,Deli S&J Café,restaurant,,40.70368576049805,-73.99288177490234,POINT(-73.99288177490234 40.70368576049805),1453 Main St,Peekskill,NY,10566-3112,,+19142183461,,{overture},,businesses_conflate,1100,2026-07-22 18:44:37.477175+00,2026-07-22 00:00:00+00,70,65,100,63,50,{},"{""overture"": {""lat"": 40.70368576049805, ""lon"": -73.99288177490234, ""zip"": ""10566-3112"", ""city"": ""Peekskill"", ""name"": ""Deli S&J Café"", ""brand"": null, ""phone"": ""+19142183461"", ""state"": ""NY"", ""address"": ""1453 Main St"", ""release"": ""2026-07-22.0"", ""website"": null, ""category"": ""restaurant"", ""state_raw"": ""NY"", ""observed_at"": ""2026-07-22T00:00:00+00:00"", ""src_confidence"": 0.5708547234535217, ""category_source"": ""restaurant"", ""source_record_id"": ""7907dd58-6fc6-44f3-868c-d8bc63568552""}}",'café':4 'deli':1 'j':3 'peekskil':5,2026-07-22 00:00:00+00,overture,62,likely_open,95,50,0,{}
biz_06481dfc373bcbd7,"Dalypr, Llc",restaurant,,40.72394943237305,-73.99644470214844,POINT(-73.99644470214844 40.72394943237305),270 Lafayette St Ste 506,New York,NY,10012-3392,,,dalypr.co,{overture},,businesses_conflate,1100,2026-07-22 18:44:37.477175+00,2026-07-22 00:00:00+00,70,65,100,63,50,{},"{""overture"": {""lat"": 40.72394943237305, ""lon"": -73.99644470214844, ""zip"": ""10012-3392"", ""city"": ""New York"", ""name"": ""Dalypr, Llc"", ""brand"": null, ""phone"": null, ""state"": ""NY"", ""address"": ""270 Lafayette St Ste 506"", ""release"": ""2026-07-22.0"", ""website"": ""dalypr.co"", ""category"": ""restaurant"", ""state_raw"": ""NY"", ""observed_at"": ""2026-07-22T00:00:00+00:00"", ""src_confidence"": 0.9813026010990142, ""category_source"": ""restaurant"", ""source_record_id"": ""cd83c788-ac62-49cd-bb79-c6bb407f364b""}}",'dalypr':1 'llc':2 'new':3 'york':4,2026-07-22 00:00:00+00,overture,62,likely_open,95,50,0,{}
biz_064a08048d4c3dbe,Citibank,atm_bank,Citibank,40.71384048461914,-73.9985122680664,POINT(-73.9985122680664 40.71384048461914),2 Mott St,New York,NY,10013-0633,,+18006273999,https://online.citibank.com/,{overture},,businesses_conflate,1100,2026-07-22 18:44:37.477175+00,2026-07-22 00:00:00+00,78,65,100,100,50,{},"{""overture"": {""lat"": 40.71384048461914, ""lon"": -73.9985122680664, ""zip"": ""10013-0633"", ""city"": ""New York"", ""name"": ""Citibank"", ""brand"": ""Citibank"", ""phone"": ""+18006273999"", ""state"": ""NY"", ""address"": ""2 Mott St"", ""release"": ""2026-07-22.0"", ""website"": ""https://online.citibank.com/"", ""category"": ""atm_bank"", ""state_raw"": ""NY"", ""observed_at"": ""2026-07-22T00:00:00+00:00"", ""src_confidence"": 0.9902192950248718, ""category_source"": ""atms"", ""source_record_id"": ""55264e4e-8975-493d-9ae8-53c9538c824b""}}","'citibank':1,2 'new':3 'york':4",2026-07-22 00:00:00+00,overture,62,likely_open,95,50,0,{}
biz_064b2f593b0500d0,Coffee America Usa Corp.,cafe,,40.70400619506836,-74.00678253173828,POINT(-74.00678253173828 40.70400619506836),110 Wall St,New York,NY,10005-3800,,+12124227520,http://www.coffeeamericausa.com/,{overture},,businesses_conflate,1100,2026-07-22 18:44:37.477175+00,2026-07-22 00:00:00+00,73,65,100,75,50,{},"{""overture"": {""lat"": 40.70400619506836, ""lon"": -74.00678253173828, ""zip"": ""10005-3800"", ""city"": ""New York"", ""name"": ""Coffee America Usa Corp."", ""brand"": null, ""phone"": ""+12124227520"", ""state"": ""NY"", ""address"": ""110 Wall St"", ""release"": ""2026-07-22.0"", ""website"": ""http://www.coffeeamericausa.com/"", ""category"": ""cafe"", ""state_raw"": ""NY"", ""observed_at"": ""2026-07-22T00:00:00+00:00"", ""src_confidence"": 0.46509528160095215, ""category_source"": ""coffee_shop"", ""source_record_id"": ""7835cc01-a3c6-47b4-b6aa-26914138675b""}}",'america':2 'coffe':1 'corp':4 'new':5 'usa':3 'york':6,2026-07-22 00:00:00+00,overture,62,likely_open,95,50,0,{}
biz_064c0893347595c2,Bigtom Inc,restaurant,,40.71001434326172,-74.0086669921875,POINT(-74.0086669921875 40.71001434326172),17 John St,New York,NY,10038-4010,,,,{overture},,businesses_conflate,1100,2026-07-22 18:44:37.477175+00,2026-07-22 00:00:00+00,68,65,100,50,50,{},"{""overture"": {""lat"": 40.71001434326172, ""lon"": -74.0086669921875, ""zip"": ""10038-4010"", ""city"": ""New York"", ""name"": ""Bigtom Inc"", ""brand"": null, ""phone"": null, ""state"": ""NY"", ""address"": ""17 John St"", ""release"": ""2026-07-22.0"", ""website"": null, ""category"": ""restaurant"", ""state_raw"": ""NY"", ""observed_at"": ""2026-07-22T00:00:00+00:00"", ""src_confidence"": 0.95, ""category_source"": ""restaurant"", ""source_record_id"": ""7245e3a9-a1c0-41a5-9c4c-fedbd600ede1""}}",'bigtom':1 'inc':2 'new':3 'york':4,2026-07-22 00:00:00+00,overture,62,likely_open,95,50,0,{}
biz_066442e4b0427a9f,Formosa Cafe,cafe,,40.71552276611328,-73.99311065673828,POINT(-73.99311065673828 40.71552276611328),34 Eldridge Street,New York,NY,10002,,(718) 864-3018,http://www.formosa4u.com,{overture},,businesses_conflate,1100,2026-07-22 18:44:37.477175+00,2026-07-22 00:00:00+00,73,65,100,75,50,{},"{""overture"": {""lat"": 40.71552276611328, ""lon"": -73.99311065673828, ""zip"": ""10002"", ""city"": ""New York"", ""name"": ""Formosa Cafe"", ""brand"": null, ""phone"": ""(718) 864-3018"", ""state"": ""NY"", ""address"": ""34 Eldridge Street"", ""release"": ""2026-07-22.0"", ""website"": ""http://www.formosa4u.com"", ""category"": ""cafe"", ""state_raw"": ""NY"", ""observed_at"": ""2026-07-22T00:00:00+00:00"", ""src_confidence"": 0.77, ""category_source"": ""cafe"", ""source_record_id"": ""1cf2459b-95ed-45ef-84d3-f21e0e999596""}}",'cafe':2 'formosa':1 'new':3 'york':4,2026-07-22 00:00:00+00,overture,62,likely_open,95,50,0,{}
biz_06804c75504b2581,Market place Cafe,cafe,,40.73320007324219,-73.99961853027344,POINT(-73.99961853027344 40.73320007324219),Avenue of the Americas,New York,NY,10011,,(212) 420-1212,http://marketplacecafenyc.com,{overture},,businesses_conflate,1100,2026-07-22 18:44:37.477175+00,2026-07-22 00:00:00+00,73,65,100,75,50,{},"{""overture"": {""lat"": 40.73320007324219, ""lon"": -73.99961853027344, ""zip"": ""10011"", ""city"": ""New York"", ""name"": ""Market place Cafe"", ""brand"": null, ""phone"": ""(212) 420-1212"", ""state"": ""NY"", ""address"": ""Avenue of the Americas"", ""release"": ""2026-07-22.0"", ""website"": ""http://marketplacecafenyc.com"", ""category"": ""cafe"", ""state_raw"": ""NY"", ""observed_at"": ""2026-07-22T00:00:00+00:00"", ""src_confidence"": 0.77, ""category_source"": ""cafe"", ""source_record_id"": ""e98f556e-89db-4ae1-8006-f6db956239c9""}}",'cafe':3 'market':1 'new':4 'place':2 'york':5,2026-07-22 00:00:00+00,overture,62,likely_open,95,50,0,{}
biz_0682b9d8f2d651f2,Bank of America Financial Center,atm_bank,,40.72666549682617,-74.0343017578125,POINT(-74.0343017578125 40.72666549682617),125 Town Square Pl,Jersey City,NJ,07310,,2016262852,https://locators.bankofamerica.com/nj/jerseycity/financial-centers-jersey-city-14725.html,{overture},,businesses_conflate,1100,2026-07-22 18:44:37.477175+00,2026-07-22 00:00:00+00,73,65,100,75,50,{},"{""overture"": {""lat"": 40.72666549682617, ""lon"": -74.0343017578125, ""zip"": ""07310"", ""city"": ""Jersey City"", ""name"": ""Bank of America Financial Center"", ""brand"": null, ""phone"": ""2016262852"", ""state"": ""NJ"", ""address"": ""125 Town Square Pl"", ""release"": ""2026-07-22.0"", ""website"": ""https://locators.bankofamerica.com/nj/jerseycity/financial-centers-jersey-city-14725.html"", ""category"": ""atm_bank"", ""state_raw"": ""NJ"", ""observed_at"": ""2026-07-22T00:00:00+00:00"", ""src_confidence"": 0.9902192950248718, ""category_source"": ""bank_credit_union"", ""source_record_id"": ""ddeaa929-ca06-4692-ac9c-678b55b4765e""}}",'america':3 'bank':1 'center':5 'citi':7 'financi':4 'jersey':6,2026-07-22 00:00:00+00,overture,62,likely_open,95,50,0,{}
biz_068b188b02a024f1,Parma South End Food Corporation,restaurant,,40.71043014526367,-74.0164794921875,POINT(-74.0164794921875 40.71043014526367),303 S End Ave,New York,NY,10280-1002,,,,{overture},,businesses_conflate,1100,2026-07-22 18:44:37.477175+00,2026-07-22 00:00:00+00,68,65,100,50,50,{},"{""overture"": {""lat"": 40.71043014526367, ""lon"": -74.0164794921875, ""zip"": ""10280-1002"", ""city"": ""New York"", ""name"": ""Parma South End Food Corporation"", ""brand"": null, ""phone"": null, ""state"": ""NY"", ""address"": ""303 S End Ave"", ""release"": ""2026-07-22.0"", ""website"": null, ""category"": ""restaurant"", ""state_raw"": ""NY"", ""observed_at"": ""2026-07-22T00:00:00+00:00"", ""src_confidence"": 0.95, ""category_source"": ""restaurant"", ""source_record_id"": ""1bc20d19-57cc-46be-ad0c-6aa724c3946b""}}",'corpor':5 'end':3 'food':4 'new':6 'parma':1 'south':2 'york':7,2026-07-22 00:00:00+00,overture,62,likely_open,95,50,0,{}
biz_069da1522723c6df,The Cups ,restaurant,,40.71687698364258,-74.00006866455078,POINT(-74.00006866455078 40.71687698364258),Home Based,New York,NY,10013,,+18768552622,,{overture},,businesses_conflate,1100,2026-07-22 18:44:37.477175+00,2026-07-22 00:00:00+00,70,65,100,63,50,{},"{""overture"": {""lat"": 40.71687698364258, ""lon"": -74.00006866455078, ""zip"": ""10013"", ""city"": ""New York"", ""name"": ""The Cups "", ""brand"": null, ""phone"": ""+18768552622"", ""state"": ""NY"", ""address"": ""Home Based"", ""release"": ""2026-07-22.0"", ""website"": null, ""category"": ""restaurant"", ""state_raw"": ""NY"", ""observed_at"": ""2026-07-22T00:00:00+00:00"", ""src_confidence"": 0.8094795942306519, ""category_source"": ""restaurant"", ""source_record_id"": ""6fd79a40-dd2d-43b5-a5cd-11491c4e7997""}}",'cup':2 'new':3 'york':4,2026-07-22 00:00:00+00,overture,62,likely_open,95,50,0,{}
biz_06d25769616e04d7,80 River Street Restaurant Llc,restaurant,,40.73625564575195,-74.02937316894531,POINT(-74.02937316894531 40.73625564575195),80 River St,Hoboken,NJ,07030-5626,,,,{overture},,businesses_conflate,1100,2026-07-22 18:44:37.477175+00,2026-07-22 00:00:00+00,68,65,100,50,50,{},"{""overture"": {""lat"": 40.73625564575195, ""lon"": -74.02937316894531, ""zip"": ""07030-5626"", ""city"": ""Hoboken"", ""name"": ""80 River Street Restaurant Llc"", ""brand"": null, ""phone"": null, ""state"": ""NJ"", ""address"": ""80 River St"", ""release"": ""2026-07-22.0"", ""website"": null, ""category"": ""restaurant"", ""state_raw"": ""NJ"", ""observed_at"": ""2026-07-22T00:00:00+00:00"", ""src_confidence"": 0.9885, ""category_source"": ""restaurant"", ""source_record_id"": ""b8277f6f-133e-49d8-ab30-e48800a29540""}}",'80':1 'hoboken':6 'llc':5 'restaur':4 'river':2 'street':3,2026-07-22 00:00:00+00,overture,62,likely_open,95,50,0,{}
biz_06d94a7d07931465,Greenwich Village Hospitality Management Inc,restaurant,,40.73242950439453,-74.001953125,POINT(-74.001953125 40.73242950439453),182 W 4th St,New York,NY,10014-3815,,,,{overture},,businesses_conflate,1100,2026-07-22 18:44:37.477175+00,2026-07-22 00:00:00+00,68,65,100,50,50,{},"{""overture"": {""lat"": 40.73242950439453, ""lon"": -74.001953125, ""zip"": ""10014-3815"", ""city"": ""New York"", ""name"": ""Greenwich Village Hospitality Management Inc"", ""brand"": null, ""phone"": null, ""state"": ""NY"", ""address"": ""182 W 4th St"", ""release"": ""2026-07-22.0"", ""website"": null, ""category"": ""restaurant"", ""state_raw"": ""NY"", ""observed_at"": ""2026-07-22T00:00:00+00:00"", ""src_confidence"": 0.95, ""category_source"": ""restaurant"", ""source_record_id"": ""3338bb16-2bf3-4481-a38b-1418a98220bd""}}",'greenwich':1 'hospit':3 'inc':5 'manag':4 'new':6 'villag':2 'york':7,2026-07-22 00:00:00+00,overture,62,likely_open,95,50,0,{}
biz_06de9f722c4cc8a2,Hungry Llama,cafe,,40.73394012451172,-74.00830078125,POINT(-74.00830078125 40.73394012451172),679 Washington St,New York,NY,10014,,+12128717599,https://www.hungryllamacafe.com/,{overture},,businesses_conflate,1100,2026-07-22 18:44:37.477175+00,2026-07-22 00:00:00+00,73,65,100,75,50,{},"{""overture"": {""lat"": 40.73394012451172, ""lon"": -74.00830078125, ""zip"": ""10014"", ""city"": ""New York"", ""name"": ""Hungry Llama"", ""brand"": null, ""phone"": ""+12128717599"", ""state"": ""NY"", ""address"": ""679 Washington St"", ""release"": ""2026-07-22.0"", ""website"": ""https://www.hungryllamacafe.com/"", ""category"": ""cafe"", ""state_raw"": ""NY"", ""observed_at"": ""2026-07-22T00:00:00+00:00"", ""src_confidence"": 0.9902192950248718, ""category_source"": ""cafe"", ""source_record_id"": ""13c436ad-9e25-40ea-8e01-ecc09e0cd059""}}",'hungri':1 'llama':2 'new':3 'york':4,2026-07-22 00:00:00+00,overture,62,likely_open,95,50,0,{}
biz_06f0ebbd208d883f,New York Mart Mott St Inc,grocery,,40.718448638916016,-73.99647521972656,POINT(-73.99647521972656 40.718448638916016),128 Mott St,New York,NY,10013-5540,,,,{overture},,businesses_conflate,1100,2026-07-22 18:44:37.477175+00,2026-07-22 00:00:00+00,68,65,100,50,50,{},"{""overture"": {""lat"": 40.718448638916016, ""lon"": -73.99647521972656, ""zip"": ""10013-5540"", ""city"": ""New York"", ""name"": ""New York Mart Mott St Inc"", ""brand"": null, ""phone"": null, ""state"": ""NY"", ""address"": ""128 Mott St"", ""release"": ""2026-07-22.0"", ""website"": null, ""category"": ""grocery"", ""state_raw"": ""NY"", ""observed_at"": ""2026-07-22T00:00:00+00:00"", ""src_confidence"": 0.9902192950248718, ""category_source"": ""grocery_store"", ""source_record_id"": ""f837319c-26bb-4a04-a281-bc1ee2f904d9""}}","'inc':6 'mart':3 'mott':4 'new':1,7 'st':5 'york':2,8",2026-07-22 00:00:00+00,overture,62,likely_open,95,50,0,{}
biz_06f7cfc683237c56,Shohawk Village Medical,medical,,40.72761917114258,-73.99299621582031,POINT(-73.99299621582031 40.72761917114258),14 E 4th St,New York,NY,10012-1141,,+12126776797,http://mohawkmed.com,{overture},,businesses_conflate,1100,2026-07-22 18:44:37.477175+00,2026-07-22 00:00:00+00,73,65,100,75,50,{},"{""overture"": {""lat"": 40.72761917114258, ""lon"": -73.99299621582031, ""zip"": ""10012-1141"", ""city"": ""New York"", ""name"": ""Shohawk Village Medical"", ""brand"": null, ""phone"": ""+12126776797"", ""state"": ""NY"", ""address"": ""14 E 4th St"", ""release"": ""2026-07-22.0"", ""website"": ""http://mohawkmed.com"", ""category"": ""medical"", ""state_raw"": ""NY"", ""observed_at"": ""2026-07-22T00:00:00+00:00"", ""src_confidence"": 0.44541236758232117, ""category_source"": ""hospital"", ""source_record_id"": ""b30ef045-9ef5-4d8b-b1ab-1b14950e0f16""}}",'medic':3 'new':4 'shohawk':1 'villag':2 'york':5,2026-07-22 00:00:00+00,overture,62,likely_open,95,50,0,{}
biz_0701cd6029cda9bb,Ajs Eatery Corp,restaurant,,40.708160400390625,-74.01380920410156,POINT(-74.01380920410156 40.708160400390625),94A Greenwich St,New York,NY,10006-1801,,,,{overture},,businesses_conflate,1100,2026-07-22 18:44:37.477175+00,2026-07-22 00:00:00+00,68,65,100,50,50,{},"{""overture"": {""lat"": 40.708160400390625, ""lon"": -74.01380920410156, ""zip"": ""10006-1801"", ""city"": ""New York"", ""name"": ""Ajs Eatery Corp"", ""brand"": null, ""phone"": null, ""state"": ""NY"", ""address"": ""94A Greenwich St"", ""release"": ""2026-07-22.0"", ""website"": null, ""category"": ""restaurant"", ""state_raw"": ""NY"", ""observed_at"": ""2026-07-22T00:00:00+00:00"", ""src_confidence"": 0.95, ""category_source"": ""restaurant"", ""source_record_id"": ""4f33407f-3b58-45f8-925e-68b268595ac4""}}",'aj':1 'corp':3 'eateri':2 'new':4 'york':5,2026-07-22 00:00:00+00,overture,62,likely_open,95,50,0,{}
biz_071330854ef39d23,Chez Brigitte,restaurant,,40.73683166503906,-74.00143432617188,POINT(-74.00143432617188 40.73683166503906),77 Greenwich Ave,New York,NY,10014-2236,,,,{overture},,businesses_conflate,1100,2026-07-22 18:44:37.477175+00,2026-07-22 00:00:00+00,68,65,100,50,50,{},"{""overture"": {""lat"": 40.73683166503906, ""lon"": -74.00143432617188, ""zip"": ""10014-2236"", ""city"": ""New York"", ""name"": ""Chez Brigitte"", ""brand"": null, ""phone"": null, ""state"": ""NY"", ""address"": ""77 Greenwich Ave"", ""release"": ""2026-07-22.0"", ""website"": null, ""category"": ""restaurant"", ""state_raw"": ""NY"", ""observed_at"": ""2026-07-22T00:00:00+00:00"", ""src_confidence"": 0.95, ""category_source"": ""restaurant"", ""source_record_id"": ""2ed60497-5ec0-49b1-b4fc-9cd265c111c6""}}",'brigitt':2 'chez':1 'new':3 'york':4,2026-07-22 00:00:00+00,overture,62,likely_open,95,50,0,{}
biz_0725366c66038e48,"Eight O'clock, Llc",restaurant,,40.72050857543945,-74.044189453125,POINT(-74.044189453125 40.72050857543945),149 Newark Ave,Jersey City,NJ,07302-2811,,,,{overture},,businesses_conflate,1100,2026-07-22 18:44:37.477175+00,2026-07-22 00:00:00+00,68,65,100,50,50,{},"{""overture"": {""lat"": 40.72050857543945, ""lon"": -74.044189453125, ""zip"": ""07302-2811"", ""city"": ""Jersey City"", ""name"": ""Eight O'clock, Llc"", ""brand"": null, ""phone"": null, ""state"": ""NJ"", ""address"": ""149 Newark Ave"", ""release"": ""2026-07-22.0"", ""website"": null, ""category"": ""restaurant"", ""state_raw"": ""NJ"", ""observed_at"": ""2026-07-22T00:00:00+00:00"", ""src_confidence"": 0.95, ""category_source"": ""restaurant"", ""source_record_id"": ""dd69a43a-2dda-4fec-a085-126e9d2b5144""}}",'citi':6 'clock':3 'eight':1 'jersey':5 'llc':4 'o':2,2026-07-22 00:00:00+00,overture,62,likely_open,95,50,0,{}
biz_0747635c5f55c673,Bar Pasquale,restaurant,,40.72117233276367,-73.99696350097656,POINT(-73.99696350097656 40.72117233276367),98 Kenmare St,New York,NY,10012-4508,,19175960716,http://www.barpasquale.com,{overture},,businesses_conflate,1100,2026-07-22 18:44:37.477175+00,2026-07-22 00:00:00+00,73,65,100,75,50,{},"{""overture"": {""lat"": 40.72117233276367, ""lon"": -73.99696350097656, ""zip"": ""10012-4508"", ""city"": ""New York"", ""name"": ""Bar Pasquale"", ""brand"": null, ""phone"": ""19175960716"", ""state"": ""NY"", ""address"": ""98 Kenmare St"", ""release"": ""2026-07-22.0"", ""website"": ""http://www.barpasquale.com"", ""category"": ""restaurant"", ""state_raw"": ""NY"", ""observed_at"": ""2026-07-22T00:00:00+00:00"", ""src_confidence"": 0.042826514691114426, ""category_source"": ""restaurant"", ""source_record_id"": ""99bafbfe-e745-43c3-a102-96ba224e9769""}}",'bar':1 'new':3 'pasqual':2 'york':4,2026-07-22 00:00:00+00,overture,62,likely_open,95,50,0,{}
biz_0786db285186fd39,37 Wall Street Laundry Room,laundry,,40.706485748291016,-74.01008605957031,POINT(-74.01008605957031 40.706485748291016),37 Wall St,New York,NY,10005,,(212) 785-8990,https://skylinedevelopers.com,{overture},,businesses_conflate,1100,2026-07-22 18:44:37.477175+00,2026-07-22 00:00:00+00,73,65,100,75,50,{},"{""overture"": {""lat"": 40.706485748291016, ""lon"": -74.01008605957031, ""zip"": ""10005"", ""city"": ""New York"", ""name"": ""37 Wall Street Laundry Room"", ""brand"": null, ""phone"": ""(212) 785-8990"", ""state"": ""NY"", ""address"": ""37 Wall St"", ""release"": ""2026-07-22.0"", ""website"": ""https://skylinedevelopers.com"", ""category"": ""laundry"", ""state_raw"": ""NY"", ""observed_at"": ""2026-07-22T00:00:00+00:00"", ""src_confidence"": 0.77, ""category_source"": ""laundry_services"", ""source_record_id"": ""9ecb266a-4f30-4ded-8f17-ac4ee430a917""}}",'37':1 'laundri':4 'new':6 'room':5 'street':3 'wall':2 'york':7,2026-07-22 00:00:00+00,overture,62,likely_open,95,50,0,{}
biz_078caaf81ef0f7df,Manhattan Chinatown Pharmacy,pharmacy,,40.71635437011719,-73.9967269897461,POINT(-73.9967269897461 40.71635437011719),156 Canal St,New York,NY,10013-4565,,+12122332833,http://www.yelp.com/biz/manhattan-chinatown-pharmacy-new-york,{overture},,businesses_conflate,1100,2026-07-22 18:44:37.477175+00,2026-07-22 00:00:00+00,73,65,100,75,50,{},"{""overture"": {""lat"": 40.71635437011719, ""lon"": -73.9967269897461, ""zip"": ""10013-4565"", ""city"": ""New York"", ""name"": ""Manhattan Chinatown Pharmacy"", ""brand"": null, ""phone"": ""+12122332833"", ""state"": ""NY"", ""address"": ""156 Canal St"", ""release"": ""2026-07-22.0"", ""website"": ""http://www.yelp.com/biz/manhattan-chinatown-pharmacy-new-york"", ""category"": ""pharmacy"", ""state_raw"": ""NY"", ""observed_at"": ""2026-07-22T00:00:00+00:00"", ""src_confidence"": 0.9893311768770218, ""category_source"": ""pharmacy"", ""source_record_id"": ""5dd60ef0-c5ae-4034-b74c-25dae2d260ed""}}",'chinatown':2 'manhattan':1 'new':4 'pharmaci':3 'york':5,2026-07-22 00:00:00+00,overture,62,likely_open,95,50,0,{}
biz_079ead5eba89aaa9,Residence Inn by Marriott,hotel,Residence Inn by Marriott,40.71904754638672,-74.04106140136719,POINT(-74.04106140136719 40.71904754638672),80 Christopher Columbus Dr,Jersey City,NJ,07302-2945,,+12012225500,https://www.marriott.com/hotels/travel/ewrjr-residence-inn-jersey-city/?y_source=1_Mzk4ODQ3Mi00NDAtbG9jYXRpb24ud2Vic2l0ZQ%3D%3D,{overture},,businesses_conflate,1100,2026-07-22 18:44:37.477175+00,2026-07-22 00:00:00+00,78,65,100,100,50,{},"{""overture"": {""lat"": 40.71904754638672, ""lon"": -74.04106140136719, ""zip"": ""07302-2945"", ""city"": ""Jersey City"", ""name"": ""Residence Inn by Marriott"", ""brand"": ""Residence Inn by Marriott"", ""phone"": ""+12012225500"", ""state"": ""NJ"", ""address"": ""80 Christopher Columbus Dr"", ""release"": ""2026-07-22.0"", ""website"": ""https://www.marriott.com/hotels/travel/ewrjr-residence-inn-jersey-city/?y_source=1_Mzk4ODQ3Mi00NDAtbG9jYXRpb24ud2Vic2l0ZQ%3D%3D"", ""category"": ""hotel"", ""state_raw"": ""NJ"", ""observed_at"": ""2026-07-22T00:00:00+00:00"", ""src_confidence"": 0.9991845488548279, ""category_source"": ""hotel"", ""source_record_id"": ""7f358f73-f993-45f8-bf1a-010adbb15735""}}","'citi':10 'inn':2,6 'jersey':9 'marriott':4,8 'resid':1,5",2026-07-22 00:00:00+00,overture,62,likely_open,95,50,0,{}
biz_07a213b178ae4738,Roxy Café,cafe,,40.71920394897461,-74.00497436523438,POINT(-74.00497436523438 40.71920394897461),2 Avenue of the Americas,New York,NY,10013,,(212) 519-6565,https://www.roxyhotelnyc.com/dining/roxy-cafe,{overture},,businesses_conflate,1100,2026-07-22 18:44:37.477175+00,2026-07-22 00:00:00+00,73,65,100,75,50,{},"{""overture"": {""lat"": 40.71920394897461, ""lon"": -74.00497436523438, ""zip"": ""10013"", ""city"": ""New York"", ""name"": ""Roxy Café"", ""brand"": null, ""phone"": ""(212) 519-6565"", ""state"": ""NY"", ""address"": ""2 Avenue of the Americas"", ""release"": ""2026-07-22.0"", ""website"": ""https://www.roxyhotelnyc.com/dining/roxy-cafe"", ""category"": ""cafe"", ""state_raw"": ""NY"", ""observed_at"": ""2026-07-22T00:00:00+00:00"", ""src_confidence"": 0.77, ""category_source"": ""cafe"", ""source_record_id"": ""50205f6a-026b-491e-b6a2-0f25d6900a6b""}}",'café':2 'new':3 'roxi':1 'york':4,2026-07-22 00:00:00+00,overture,62,likely_open,95,50,0,{}
biz_07a4c66fc44db830,Real Hospitality Group NYC,hotel,,40.707359313964844,-74.0110855102539,POINT(-74.0110855102539 40.707359313964844),14 Wall St Ste 1600,New York,NY,10005,,4102131970,https://www.realhospitalitygroup.com/,{overture},,businesses_conflate,1100,2026-07-22 18:44:37.477175+00,2026-07-22 00:00:00+00,73,65,100,75,50,{},"{""overture"": {""lat"": 40.707359313964844, ""lon"": -74.0110855102539, ""zip"": ""10005"", ""city"": ""New York"", ""name"": ""Real Hospitality Group NYC"", ""brand"": null, ""phone"": ""4102131970"", ""state"": ""NY"", ""address"": ""14 Wall St Ste 1600"", ""release"": ""2026-07-22.0"", ""website"": ""https://www.realhospitalitygroup.com/"", ""category"": ""hotel"", ""state_raw"": ""NY"", ""observed_at"": ""2026-07-22T00:00:00+00:00"", ""src_confidence"": 0.9199122190475464, ""category_source"": ""hotel"", ""source_record_id"": ""10f21308-fa85-4601-b8e4-e10332c9bb8d""}}",'group':3 'hospit':2 'new':5 'nyc':4 'real':1 'york':6,2026-07-22 00:00:00+00,overture,62,likely_open,95,50,0,{}
biz_07da0361fab1be8d,Urgent care In Manhattan,medical,,40.70378875732422,-74.01301574707031,POINT(-74.01301574707031 40.70378875732422),1 Whitehall St,New York,NY,10004-0007,,+13153815280,http://www.urgentcareinmanhattan.com/,{overture},,businesses_conflate,1100,2026-07-22 18:44:37.477175+00,2026-07-22 00:00:00+00,73,65,100,75,50,{},"{""overture"": {""lat"": 40.70378875732422, ""lon"": -74.01301574707031, ""zip"": ""10004-0007"", ""city"": ""New York"", ""name"": ""Urgent care In Manhattan"", ""brand"": null, ""phone"": ""+13153815280"", ""state"": ""NY"", ""address"": ""1 Whitehall St"", ""release"": ""2026-07-22.0"", ""website"": ""http://www.urgentcareinmanhattan.com/"", ""category"": ""medical"", ""state_raw"": ""NY"", ""observed_at"": ""2026-07-22T00:00:00+00:00"", ""src_confidence"": 0.593137800693512, ""category_source"": ""hospital"", ""source_record_id"": ""73049eaf-ebd9-4a26-8ca8-d72d036a2206""}}",'care':2 'manhattan':4 'new':5 'urgent':1 'york':6,2026-07-22 00:00:00+00,overture,62,likely_open,95,50,0,{}
biz_07dc8b5606be3bd4,Dr Dungo Associates Pc,restaurant,,40.72801208496094,-74.04242706298828,POINT(-74.04242706298828 40.72801208496094),205 9th St,Jersey City,NJ,07302-1704,,,,{overture},,businesses_conflate,1100,2026-07-22 18:44:37.477175+00,2026-07-22 00:00:00+00,68,65,100,50,50,{},"{""overture"": {""lat"": 40.72801208496094, ""lon"": -74.04242706298828, ""zip"": ""07302-1704"", ""city"": ""Jersey City"", ""name"": ""Dr Dungo Associates Pc"", ""brand"": null, ""phone"": null, ""state"": ""NJ"", ""address"": ""205 9th St"", ""release"": ""2026-07-22.0"", ""website"": null, ""category"": ""restaurant"", ""state_raw"": ""NJ"", ""observed_at"": ""2026-07-22T00:00:00+00:00"", ""src_confidence"": 0.95, ""category_source"": ""restaurant"", ""source_record_id"": ""a93b3683-7b4b-4d0f-965a-12f4c9bc3d05""}}",'associ':3 'citi':6 'dr':1 'dungo':2 'jersey':5 'pc':4,2026-07-22 00:00:00+00,overture,62,likely_open,95,50,0,{}
biz_081240defc7c9759,modcup coffee - district kitchen,cafe,,40.71910858154297,-74.033935546875,POINT(-74.033935546875 40.71910858154297),210 hudson St,jersey city,NJ,07311,,2017981666,http://www.modcup.com/,{overture},,businesses_conflate,1100,2026-07-22 18:44:37.477175+00,2026-07-22 00:00:00+00,73,65,100,75,50,{},"{""overture"": {""lat"": 40.71910858154297, ""lon"": -74.033935546875, ""zip"": ""07311"", ""city"": ""jersey city"", ""name"": ""modcup coffee - district kitchen"", ""brand"": null, ""phone"": ""2017981666"", ""state"": ""NJ"", ""address"": ""210 hudson St"", ""release"": ""2026-07-22.0"", ""website"": ""http://www.modcup.com/"", ""category"": ""cafe"", ""state_raw"": ""NJ"", ""observed_at"": ""2026-07-22T00:00:00+00:00"", ""src_confidence"": 0.9556217193603516, ""category_source"": ""coffee_shop"", ""source_record_id"": ""15e1b72f-054d-4f78-b057-024b2c973241""}}",'citi':6 'coffe':2 'district':3 'jersey':5 'kitchen':4 'modcup':1,2026-07-22 00:00:00+00,overture,62,likely_open,95,50,0,{}
biz_0830e5df2ce9b035,Market Fresh Ewr Llc,restaurant,,40.7365837097168,-74.00007629394531,POINT(-74.00007629394531 40.7365837097168),1 Penn Plz Ste 1612,New York,NY,10119-1603,,,,{overture},,businesses_conflate,1100,2026-07-22 18:44:37.477175+00,2026-07-22 00:00:00+00,68,65,100,50,50,{},"{""overture"": {""lat"": 40.7365837097168, ""lon"": -74.00007629394531, ""zip"": ""10119-1603"", ""city"": ""New York"", ""name"": ""Market Fresh Ewr Llc"", ""brand"": null, ""phone"": null, ""state"": ""NY"", ""address"": ""1 Penn Plz Ste 1612"", ""release"": ""2026-07-22.0"", ""website"": null, ""category"": ""restaurant"", ""state_raw"": ""NY"", ""observed_at"": ""2026-07-22T00:00:00+00:00"", ""src_confidence"": 0.95, ""category_source"": ""restaurant"", ""source_record_id"": ""c14091d5-91d7-4742-8332-1c286f0d0346""}}",'ewr':3 'fresh':2 'llc':4 'market':1 'new':5 'york':6,2026-07-22 00:00:00+00,overture,62,likely_open,95,50,0,{}
biz_08657c8b388ced92,William Street Food Court,restaurant,,40.70932388305664,-74.00714111328125,POINT(-74.00714111328125 40.70932388305664),123 William St,New York,NY,10038-3804,,+12122840032,,{overture},,businesses_conflate,1100,2026-07-22 18:44:37.477175+00,2026-07-22 00:00:00+00,70,65,100,63,50,{},"{""overture"": {""lat"": 40.70932388305664, ""lon"": -74.00714111328125, ""zip"": ""10038-3804"", ""city"": ""New York"", ""name"": ""William Street Food Court"", ""brand"": null, ""phone"": ""+12122840032"", ""state"": ""NY"", ""address"": ""123 William St"", ""release"": ""2026-07-22.0"", ""website"": null, ""category"": ""restaurant"", ""state_raw"": ""NY"", ""observed_at"": ""2026-07-22T00:00:00+00:00"", ""src_confidence"": 0.55, ""category_source"": ""restaurant"", ""source_record_id"": ""9674b058-a715-492c-88ab-31b3c380d5b0""}}",'court':4 'food':3 'new':5 'street':2 'william':1 'york':6,2026-07-22 00:00:00+00,overture,62,likely_open,95,50,0,{}
biz_088f7dab8ece9056,Sui Café • Coffee Studio,cafe,,40.725929260253906,-74.00364685058594,POINT(-74.00364685058594 40.725929260253906),180 6th Ave,New York,NY,10013,,+12129330709,,{overture},,businesses_conflate,1100,2026-07-22 18:44:37.477175+00,2026-07-22 00:00:00+00,70,65,100,63,50,{},"{""overture"": {""lat"": 40.725929260253906, ""lon"": -74.00364685058594, ""zip"": ""10013"", ""city"": ""New York"", ""name"": ""Sui Café • Coffee Studio"", ""brand"": null, ""phone"": ""+12129330709"", ""state"": ""NY"", ""address"": ""180 6th Ave"", ""release"": ""2026-07-22.0"", ""website"": null, ""category"": ""cafe"", ""state_raw"": ""NY"", ""observed_at"": ""2026-07-22T00:00:00+00:00"", ""src_confidence"": 0.9101839148998261, ""category_source"": ""cafe"", ""source_record_id"": ""e75a71d4-e4b6-484f-825e-e2f65a3669ab""}}",'café':2 'coffe':3 'new':5 'studio':4 'sui':1 'york':6,2026-07-22 00:00:00+00,overture,62,likely_open,95,50,0,{}
biz_089cc9f9f1646232,Paramount Antiques Inc,grocery,,40.73280715942383,-73.99275970458984,POINT(-73.99275970458984 40.73280715942383),54 E 11th St Apt 1,New York,NY,10003-6015,,,,{overture},,businesses_conflate,1100,2026-07-22 18:44:37.477175+00,2026-07-22 00:00:00+00,68,65,100,50,50,{},"{""overture"": {""lat"": 40.73280715942383, ""lon"": -73.99275970458984, ""zip"": ""10003-6015"", ""city"": ""New York"", ""name"": ""Paramount Antiques Inc"", ""brand"": null, ""phone"": null, ""state"": ""NY"", ""address"": ""54 E 11th St Apt 1"", ""release"": ""2026-07-22.0"", ""website"": null, ""category"": ""grocery"", ""state_raw"": ""NY"", ""observed_at"": ""2026-07-22T00:00:00+00:00"", ""src_confidence"": 0.9199122190475464, ""category_source"": ""grocery_store"", ""source_record_id"": ""348dc09f-50a2-459c-926a-45820b76ed61""}}",'antiqu':2 'inc':3 'new':4 'paramount':1 'york':5,2026-07-22 00:00:00+00,overture,62,likely_open,95,50,0,{}
biz_089e3d274a161e95,Wolf Forest Cafe,cafe,,40.70725631713867,-74.00617980957031,POINT(-74.00617980957031 40.70725631713867),213 Pearl St,New York,NY,10038-4916,,+19179652905,http://www.wolfforestcafe.com/,{overture},,businesses_conflate,1100,2026-07-22 18:44:37.477175+00,2026-07-22 00:00:00+00,73,65,100,75,50,{},"{""overture"": {""lat"": 40.70725631713867, ""lon"": -74.00617980957031, ""zip"": ""10038-4916"", ""city"": ""New York"", ""name"": ""Wolf Forest Cafe"", ""brand"": null, ""phone"": ""+19179652905"", ""state"": ""NY"", ""address"": ""213 Pearl St"", ""release"": ""2026-07-22.0"", ""website"": ""http://www.wolfforestcafe.com/"", ""category"": ""cafe"", ""state_raw"": ""NY"", ""observed_at"": ""2026-07-22T00:00:00+00:00"", ""src_confidence"": 0.9902192950248718, ""category_source"": ""cafe"", ""source_record_id"": ""8726eb50-4f41-43f4-a1be-16f26c67c39b""}}",'cafe':3 'forest':2 'new':4 'wolf':1 'york':5,2026-07-22 00:00:00+00,overture,62,likely_open,95,50,0,{}
biz_08b05c83dc2009a3,For Five Coffee @ Brookfield Place,cafe,For Five Coffee,40.712303161621094,-74.0152587890625,POINT(-74.0152587890625 40.712303161621094),225 Liberty St,New York,NY,10281,,+13479961472,http://forfivecoffee.com/,{overture},,businesses_conflate,1100,2026-07-22 18:44:37.477175+00,2026-07-22 00:00:00+00,78,65,100,100,50,{},"{""overture"": {""lat"": 40.712303161621094, ""lon"": -74.0152587890625, ""zip"": ""10281"", ""city"": ""New York"", ""name"": ""For Five Coffee @ Brookfield Place"", ""brand"": ""For Five Coffee"", ""phone"": ""+13479961472"", ""state"": ""NY"", ""address"": ""225 Liberty St"", ""release"": ""2026-07-22.0"", ""website"": ""http://forfivecoffee.com/"", ""category"": ""cafe"", ""state_raw"": ""NY"", ""observed_at"": ""2026-07-22T00:00:00+00:00"", ""src_confidence"": 0.9391474723815918, ""category_source"": ""coffee_shop"", ""source_record_id"": ""db1647d1-405b-4d9b-9fcf-b6942f1c14b5""}}","'brookfield':4 'coffe':3,8 'five':2,7 'new':9 'place':5 'york':10",2026-07-22 00:00:00+00,overture,62,likely_open,95,50,0,{}
biz_08c7f7c40a82061d,Kings Seafood Restaurants,restaurant,,40.713340759277344,-73.99615478515625,POINT(-73.99615478515625 40.713340759277344),39 E Broadway,New York,NY,10002-6804,,,,{overture},,businesses_conflate,1100,2026-07-22 18:44:37.477175+00,2026-07-22 00:00:00+00,68,65,100,50,50,{},"{""overture"": {""lat"": 40.713340759277344, ""lon"": -73.99615478515625, ""zip"": ""10002-6804"", ""city"": ""New York"", ""name"": ""Kings Seafood Restaurants"", ""brand"": null, ""phone"": null, ""state"": ""NY"", ""address"": ""39 E Broadway"", ""release"": ""2026-07-22.0"", ""website"": null, ""category"": ""restaurant"", ""state_raw"": ""NY"", ""observed_at"": ""2026-07-22T00:00:00+00:00"", ""src_confidence"": 0.95, ""category_source"": ""restaurant"", ""source_record_id"": ""9e00f54c-705a-4554-be50-2c8dfabcd018""}}",'king':1 'new':4 'restaur':3 'seafood':2 'york':5,2026-07-22 00:00:00+00,overture,62,likely_open,95,50,0,{}
biz_08d193b781803c28,The Hamilton Inn,restaurant,,40.72905731201172,-74.04475402832031,POINT(-74.04475402832031 40.72905731201172),708 Jersey Ave,Jersey City,NJ,07302-1305,,+12018395818,http://www.HamiltonInnJC.com/,{overture},,businesses_conflate,1100,2026-07-22 18:44:37.477175+00,2026-07-22 00:00:00+00,73,65,100,75,50,{},"{""overture"": {""lat"": 40.72905731201172, ""lon"": -74.04475402832031, ""zip"": ""07302-1305"", ""city"": ""Jersey City"", ""name"": ""The Hamilton Inn"", ""brand"": null, ""phone"": ""+12018395818"", ""state"": ""NJ"", ""address"": ""708 Jersey Ave"", ""release"": ""2026-07-22.0"", ""website"": ""http://www.HamiltonInnJC.com/"", ""category"": ""restaurant"", ""state_raw"": ""NJ"", ""observed_at"": ""2026-07-22T00:00:00+00:00"", ""src_confidence"": 0.9876512289047241, ""category_source"": ""restaurant"", ""source_record_id"": ""a6404dcf-f010-4716-8279-ec554c659326""}}",'citi':5 'hamilton':2 'inn':3 'jersey':4,2026-07-22 00:00:00+00,overture,62,likely_open,95,50,0,{}
biz_0911dd4814d72bf8,LibertyX Bitcoin ATM,atm_bank,LibertyX Bitcoin ATM,40.729393005371094,-74.00084686279297,POINT(-74.00084686279297 40.729393005371094),104 MacDougal St,New York,NY,10012-1248,,+18005118940,https://libertyx.com/a/buy-bitcoin/locations/NY/new-york/120-w-3rd-st?y_source=1_MTAxNDU3MzAxNy01NTktbG9jYXRpb24ud2Vic2l0ZQ%3D%3D,{overture},,businesses_conflate,1100,2026-07-22 18:44:37.477175+00,2026-07-22 00:00:00+00,78,65,100,100,50,{},"{""overture"": {""lat"": 40.729393005371094, ""lon"": -74.00084686279297, ""zip"": ""10012-1248"", ""city"": ""New York"", ""name"": ""LibertyX Bitcoin ATM"", ""brand"": ""LibertyX Bitcoin ATM"", ""phone"": ""+18005118940"", ""state"": ""NY"", ""address"": ""104 MacDougal St"", ""release"": ""2026-07-22.0"", ""website"": ""https://libertyx.com/a/buy-bitcoin/locations/NY/new-york/120-w-3rd-st?y_source=1_MTAxNDU3MzAxNy01NTktbG9jYXRpb24ud2Vic2l0ZQ%3D%3D"", ""category"": ""atm_bank"", ""state_raw"": ""NY"", ""observed_at"": ""2026-07-22T00:00:00+00:00"", ""src_confidence"": 0.6526051163673401, ""category_source"": ""atms"", ""source_record_id"": ""53da6448-6d09-4cb0-83b9-44a32adf8c95""}}","'atm':3,6 'bitcoin':2,5 'libertyx':1,4 'new':7 'york':8",2026-07-22 00:00:00+00,overture,62,likely_open,95,50,0,{}
biz_092d675337577609,Broadway Arome Cafe Llc,restaurant,,40.71617126464844,-74.00501251220703,POINT(-74.00501251220703 40.71617126464844),325 Broadway,New York,NY,10007-1112,,,,{overture},,businesses_conflate,1100,2026-07-22 18:44:37.477175+00,2026-07-22 00:00:00+00,68,65,100,50,50,{},"{""overture"": {""lat"": 40.71617126464844, ""lon"": -74.00501251220703, ""zip"": ""10007-1112"", ""city"": ""New York"", ""name"": ""Broadway Arome Cafe Llc"", ""brand"": null, ""phone"": null, ""state"": ""NY"", ""address"": ""325 Broadway"", ""release"": ""2026-07-22.0"", ""website"": null, ""category"": ""restaurant"", ""state_raw"": ""NY"", ""observed_at"": ""2026-07-22T00:00:00+00:00"", ""src_confidence"": 0.95, ""category_source"": ""restaurant"", ""source_record_id"": ""41e3b986-c74e-4660-a842-6b39246b6435""}}",'arom':2 'broadway':1 'cafe':3 'llc':4 'new':5 'york':6,2026-07-22 00:00:00+00,overture,62,likely_open,95,50,0,{}
biz_0938c5f628b1203f,Willner Chemists,pharmacy,,40.71335220336914,-74.00747680664062,POINT(-74.00747680664062 40.71335220336914),253 Broadway,New York,NY,10007,,(212) 682-2817,http://www.willner.com,{overture},,businesses_conflate,1100,2026-07-22 18:44:37.477175+00,2026-07-22 00:00:00+00,73,65,100,75,50,{},"{""overture"": {""lat"": 40.71335220336914, ""lon"": -74.00747680664062, ""zip"": ""10007"", ""city"": ""New York"", ""name"": ""Willner Chemists"", ""brand"": null, ""phone"": ""(212) 682-2817"", ""state"": ""NY"", ""address"": ""253 Broadway"", ""release"": ""2026-07-22.0"", ""website"": ""http://www.willner.com"", ""category"": ""pharmacy"", ""state_raw"": ""NY"", ""observed_at"": ""2026-07-22T00:00:00+00:00"", ""src_confidence"": 0.9199122190475464, ""category_source"": ""pharmacy"", ""source_record_id"": ""5e06493a-adf5-4b5e-a1ad-bcd3237694eb""}}",'chemist':2 'new':3 'willner':1 'york':4,2026-07-22 00:00:00+00,overture,62,likely_open,95,50,0,{}
biz_09443d1074683a0f,Gulf,fuel_station,Gulf Oil,40.73004150390625,-74.04185485839844,POINT(-74.04185485839844 40.73004150390625),183 12th St,Jersey City,NJ,07310-1405,,+12016535860,http://gulfoil.com,{overture},,businesses_conflate,1100,2026-07-22 18:44:37.477175+00,2026-07-22 00:00:00+00,78,65,100,100,50,{},"{""overture"": {""lat"": 40.73004150390625, ""lon"": -74.04185485839844, ""zip"": ""07310-1405"", ""city"": ""Jersey City"", ""name"": ""Gulf"", ""brand"": ""Gulf Oil"", ""phone"": ""+12016535860"", ""state"": ""NJ"", ""address"": ""183 12th St"", ""release"": ""2026-07-22.0"", ""website"": ""http://gulfoil.com"", ""category"": ""fuel_station"", ""state_raw"": ""NJ"", ""observed_at"": ""2026-07-22T00:00:00+00:00"", ""src_confidence"": 0.9902192950248718, ""category_source"": ""gas_station"", ""source_record_id"": ""7dda03c6-a5cd-47dc-8739-483323da9655""}}","'citi':5 'gulf':1,2 'jersey':4 'oil':3",2026-08-11 21:11:13+00,chain_sites,93,open,99,80,100,"{""chain_confirmed:Penske Truck Rental""}"
biz_09749e9380f3cd9c,Half Pint Llc,restaurant,,40.72946548461914,-73.99854278564453,POINT(-73.99854278564453 40.72946548461914),76 W 3rd St,New York,NY,10012-1026,,,https://thehalfpintnyc.com,{overture},,businesses_conflate,1100,2026-07-22 18:44:37.477175+00,2026-07-22 00:00:00+00,70,65,100,63,50,{},"{""overture"": {""lat"": 40.72946548461914, ""lon"": -73.99854278564453, ""zip"": ""10012-1026"", ""city"": ""New York"", ""name"": ""Half Pint Llc"", ""brand"": null, ""phone"": null, ""state"": ""NY"", ""address"": ""76 W 3rd St"", ""release"": ""2026-07-22.0"", ""website"": ""https://thehalfpintnyc.com"", ""category"": ""restaurant"", ""state_raw"": ""NY"", ""observed_at"": ""2026-07-22T00:00:00+00:00"", ""src_confidence"": 0.95, ""category_source"": ""restaurant"", ""source_record_id"": ""d8b7f987-869f-40ed-a10e-7ea480e08ceb""}}",'half':1 'llc':3 'new':4 'pint':2 'york':5,2026-07-22 00:00:00+00,overture,62,likely_open,95,50,0,{}
biz_097bb50af7701363,Best Care Pharmacy,pharmacy,,40.71445083618164,-73.99761199951172,POINT(-73.99761199951172 40.71445083618164),12 Bowery,New York,NY,10013-5182,,12123340086,,{overture},,businesses_conflate,1100,2026-07-22 18:44:37.477175+00,2026-07-22 00:00:00+00,70,65,100,63,50,{},"{""overture"": {""lat"": 40.71445083618164, ""lon"": -73.99761199951172, ""zip"": ""10013-5182"", ""city"": ""New York"", ""name"": ""Best Care Pharmacy"", ""brand"": null, ""phone"": ""12123340086"", ""state"": ""NY"", ""address"": ""12 Bowery"", ""release"": ""2026-07-22.0"", ""website"": null, ""category"": ""pharmacy"", ""state_raw"": ""NY"", ""observed_at"": ""2026-07-22T00:00:00+00:00"", ""src_confidence"": 0.9199122190475464, ""category_source"": ""pharmacy"", ""source_record_id"": ""5065ccce-bace-4a99-82ac-6c3948f048d8""}}",'best':1 'care':2 'new':4 'pharmaci':3 'york':5,2026-07-22 00:00:00+00,overture,62,likely_open,95,50,0,{}
biz_0983cce702f3747f,United Health Pharmacy,pharmacy,,40.71542739868164,-73.99756622314453,POINT(-73.99756622314453 40.71542739868164),4 Elizabeth St,New York,NY,10013-4802,,12127663773,,{overture},,businesses_conflate,1100,2026-07-22 18:44:37.477175+00,2026-07-22 00:00:00+00,70,65,100,63,50,{},"{""overture"": {""lat"": 40.71542739868164, ""lon"": -73.99756622314453, ""zip"": ""10013-4802"", ""city"": ""New York"", ""name"": ""United Health Pharmacy"", ""brand"": null, ""phone"": ""12127663773"", ""state"": ""NY"", ""address"": ""4 Elizabeth St"", ""release"": ""2026-07-22.0"", ""website"": null, ""category"": ""pharmacy"", ""state_raw"": ""NY"", ""observed_at"": ""2026-07-22T00:00:00+00:00"", ""src_confidence"": 0.9199122190475464, ""category_source"": ""pharmacy"", ""source_record_id"": ""d169c384-dfb4-4987-a20d-36bc43ddc7b8""}}",'health':2 'new':4 'pharmaci':3 'unit':1 'york':5,2026-07-22 00:00:00+00,overture,62,likely_open,95,50,0,{}
biz_098eae4be92eb6d2,GUSI Restaurant ,restaurant,,40.73439407348633,-73.99861145019531,POINT(-73.99861145019531 40.73439407348633),432 6th Ave,New York,NY,10011-8425,,+16463705413,http://Www.gusi.nyc/,{overture},,businesses_conflate,1100,2026-07-22 18:44:37.477175+00,2026-07-22 00:00:00+00,73,65,100,75,50,{},"{""overture"": {""lat"": 40.73439407348633, ""lon"": -73.99861145019531, ""zip"": ""10011-8425"", ""city"": ""New York"", ""name"": ""GUSI Restaurant "", ""brand"": null, ""phone"": ""+16463705413"", ""state"": ""NY"", ""address"": ""432 6th Ave"", ""release"": ""2026-07-22.0"", ""website"": ""http://Www.gusi.nyc/"", ""category"": ""restaurant"", ""state_raw"": ""NY"", ""observed_at"": ""2026-07-22T00:00:00+00:00"", ""src_confidence"": 0.26986604928970337, ""category_source"": ""restaurant"", ""source_record_id"": ""065d3fb0-2539-4f41-814c-e460b9dc1bc4""}}",'gusi':1 'new':3 'restaur':2 'york':4,2026-07-22 00:00:00+00,overture,62,likely_open,95,50,0,{}
biz_09b679bce14ab04e,Dept Of Health And Mental Hygiene 125 Worth St,medical,,40.71507263183594,-74.00225067138672,POINT(-74.00225067138672 40.71507263183594),,New York,NY,,,,www1.nyc.gov/site/doh/services/birth-certificates.page,{overture},,businesses_conflate,1100,2026-07-22 18:44:37.477175+00,2026-07-22 00:00:00+00,63,65,100,25,50,{},"{""overture"": {""lat"": 40.71507263183594, ""lon"": -74.00225067138672, ""zip"": null, ""city"": ""New York"", ""name"": ""Dept Of Health And Mental Hygiene 125 Worth St"", ""brand"": null, ""phone"": null, ""state"": ""NY"", ""address"": null, ""release"": ""2026-07-22.0"", ""website"": ""www1.nyc.gov/site/doh/services/birth-certificates.page"", ""category"": ""medical"", ""state_raw"": ""NY"", ""observed_at"": ""2026-07-22T00:00:00+00:00"", ""src_confidence"": 0.7746505737304688, ""category_source"": ""hospital"", ""source_record_id"": ""7bbe06e5-eb64-4d29-9310-ff9925a2fbb6""}}",'125':7 'dept':1 'health':3 'hygien':6 'mental':5 'new':10 'st':9 'worth':8 'york':11,2026-07-22 00:00:00+00,overture,62,likely_open,95,50,0,{}
biz_09fe4b98c8b882ec,Super Duper Inc,restaurant,,40.71560287475586,-74.00715637207031,POINT(-74.00715637207031 40.71560287475586),181 Church St,New York,NY,10007-1829,,,https://superduperdeli.com,{overture},,businesses_conflate,1100,2026-07-22 18:44:37.477175+00,2026-07-22 00:00:00+00,70,65,100,63,50,{},"{""overture"": {""lat"": 40.71560287475586, ""lon"": -74.00715637207031, ""zip"": ""10007-1829"", ""city"": ""New York"", ""name"": ""Super Duper Inc"", ""brand"": null, ""phone"": null, ""state"": ""NY"", ""address"": ""181 Church St"", ""release"": ""2026-07-22.0"", ""website"": ""https://superduperdeli.com"", ""category"": ""restaurant"", ""state_raw"": ""NY"", ""observed_at"": ""2026-07-22T00:00:00+00:00"", ""src_confidence"": 0.95, ""category_source"": ""restaurant"", ""source_record_id"": ""34311565-d180-4216-929d-9669539c7a1d""}}",'duper':2 'inc':3 'new':4 'super':1 'york':5,2026-07-22 00:00:00+00,overture,62,likely_open,95,50,0,{}
biz_0a083417be85260b,Starbucks,cafe,,40.737388610839844,-74.00160217285156,POINT(-74.00160217285156 40.737388610839844),93 Greenwich Ave Greenwich Ave,New York,NY,10014,,2124624697,"",{overture},,businesses_conflate,1100,2026-07-22 18:44:37.477175+00,2026-07-22 00:00:00+00,73,65,100,75,50,{},"{""overture"": {""lat"": 40.737388610839844, ""lon"": -74.00160217285156, ""zip"": ""10014"", ""city"": ""New York"", ""name"": ""Starbucks"", ""brand"": null, ""phone"": ""2124624697"", ""state"": ""NY"", ""address"": ""93 Greenwich Ave Greenwich Ave"", ""release"": ""2026-07-22.0"", ""website"": """", ""category"": ""cafe"", ""state_raw"": ""NY"", ""observed_at"": ""2026-07-22T00:00:00+00:00"", ""src_confidence"": 0.9808588624000549, ""category_source"": ""coffee_shop"", ""source_record_id"": ""f11c3bde-307b-4d5e-b5ef-1b3f643510e5""}}",'new':2 'starbuck':1 'york':3,2026-07-22 00:00:00+00,overture,62,likely_open,95,50,0,{}
biz_0a331e3d9dbb1f80,그놈포차 동탄북광장점,restaurant,,40.71867752075195,-74.00820922851562,POINT(-74.00820922851562 40.71867752075195),"경기도 화성시 동탄중심상가2길 29,2층",New York,NY,18453,,+821023307239,https://naver.me/FAQT2Sw,{overture},,businesses_conflate,1100,2026-07-22 18:44:37.477175+00,2026-07-22 00:00:00+00,73,65,100,75,50,{},"{""overture"": {""lat"": 40.71867752075195, ""lon"": -74.00820922851562, ""zip"": ""18453"", ""city"": ""New York"", ""name"": ""그놈포차 동탄북광장점"", ""brand"": null, ""phone"": ""+821023307239"", ""state"": ""NY"", ""address"": ""경기도 화성시 동탄중심상가2길 29,2층"", ""release"": ""2026-07-22.0"", ""website"": ""https://naver.me/FAQT2Sw"", ""category"": ""restaurant"", ""state_raw"": ""NY"", ""observed_at"": ""2026-07-22T00:00:00+00:00"", ""src_confidence"": 0.8357298970222473, ""category_source"": ""restaurant"", ""source_record_id"": ""fea149d0-7137-49fe-9a90-3e1550cc7419""}}",'new':3 'york':4 '그놈포차':1 '동탄북광장점':2,2026-07-22 00:00:00+00,overture,62,likely_open,95,50,0,{}
biz_0a3bfdf2a4ae11ca,Fuzhou Pharmacy,pharmacy,,40.713966369628906,-73.99349212646484,POINT(-73.99349212646484 40.713966369628906),96 E Broadway,New York,NY,10002-7031,,12126938866,,{overture},,businesses_conflate,1100,2026-07-22 18:44:37.477175+00,2026-07-22 00:00:00+00,70,65,100,63,50,{},"{""overture"": {""lat"": 40.713966369628906, ""lon"": -73.99349212646484, ""zip"": ""10002-7031"", ""city"": ""New York"", ""name"": ""Fuzhou Pharmacy"", ""brand"": null, ""phone"": ""12126938866"", ""state"": ""NY"", ""address"": ""96 E Broadway"", ""release"": ""2026-07-22.0"", ""website"": null, ""category"": ""pharmacy"", ""state_raw"": ""NY"", ""observed_at"": ""2026-07-22T00:00:00+00:00"", ""src_confidence"": 0.95, ""category_source"": ""pharmacy"", ""source_record_id"": ""67bf89b8-0390-43cf-991b-d8ff35afa834""}}",'fuzhou':1 'new':3 'pharmaci':2 'york':4,2026-07-22 00:00:00+00,overture,62,likely_open,95,50,0,{}
biz_0abcd592cb5d607c,Mum's Bakeshop,restaurant,,40.71373748779297,-74.00847625732422,POINT(-74.00847625732422 40.71373748779297),25 Murray St,New York,NY,10007,,2016279611,"",{overture},,businesses_conflate,1100,2026-07-22 18:44:37.477175+00,2026-07-22 00:00:00+00,73,65,100,75,50,{},"{""overture"": {""lat"": 40.71373748779297, ""lon"": -74.00847625732422, ""zip"": ""10007"", ""city"": ""New York"", ""name"": ""Mum's Bakeshop"", ""brand"": null, ""phone"": ""2016279611"", ""state"": ""NY"", ""address"": ""25 Murray St"", ""release"": ""2026-07-22.0"", ""website"": """", ""category"": ""restaurant"", ""state_raw"": ""NY"", ""observed_at"": ""2026-07-22T00:00:00+00:00"", ""src_confidence"": 0.9199122190475464, ""category_source"": ""restaurant"", ""source_record_id"": ""cc14e4e1-6791-4942-a253-192b5cb478f7""}}",'bakeshop':3 'mum':1 'new':4 'york':5,2026-07-22 00:00:00+00,overture,62,likely_open,95,50,0,{}
biz_0ac600c572c8feff,The Central Bank of China Taipei,atm_bank,,40.70895767211914,-74.00968170166016,POINT(-74.00968170166016 40.70895767211914),59 Liberty St,New York,NY,10005-1018,,+12129627222,http://centralbank.net/,{overture},,businesses_conflate,1100,2026-07-22 18:44:37.477175+00,2026-07-22 00:00:00+00,73,65,100,75,50,{},"{""overture"": {""lat"": 40.70895767211914, ""lon"": -74.00968170166016, ""zip"": ""10005-1018"", ""city"": ""New York"", ""name"": ""The Central Bank of China Taipei"", ""brand"": null, ""phone"": ""+12129627222"", ""state"": ""NY"", ""address"": ""59 Liberty St"", ""release"": ""2026-07-22.0"", ""website"": ""http://centralbank.net/"", ""category"": ""atm_bank"", ""state_raw"": ""NY"", ""observed_at"": ""2026-07-22T00:00:00+00:00"", ""src_confidence"": 0.8786952543258667, ""category_source"": ""bank_credit_union"", ""source_record_id"": ""c467f2ee-4214-47b3-b81b-c6eda33f7994""}}",'bank':3 'central':2 'china':5 'new':7 'taipei':6 'york':8,2026-07-22 00:00:00+00,overture,62,likely_open,95,50,0,{}
biz_0acb341b45d11652,Vip Escort Angels,restaurant,,40.70576858520508,-74.00727844238281,POINT(-74.00727844238281 40.70576858520508),130 Water St,New York,NY,10005-1625,,,vipescortalexia.com,{overture},,businesses_conflate,1100,2026-07-22 18:44:37.477175+00,2026-07-22 00:00:00+00,70,65,100,63,50,{},"{""overture"": {""lat"": 40.70576858520508, ""lon"": -74.00727844238281, ""zip"": ""10005-1625"", ""city"": ""New York"", ""name"": ""Vip Escort Angels"", ""brand"": null, ""phone"": null, ""state"": ""NY"", ""address"": ""130 Water St"", ""release"": ""2026-07-22.0"", ""website"": ""vipescortalexia.com"", ""category"": ""restaurant"", ""state_raw"": ""NY"", ""observed_at"": ""2026-07-22T00:00:00+00:00"", ""src_confidence"": 0.95, ""category_source"": ""restaurant"", ""source_record_id"": ""8fc5ff67-7f64-4537-bb1f-7a74f8a600a7""}}",'angel':3 'escort':2 'new':4 'vip':1 'york':5,2026-07-22 00:00:00+00,overture,62,likely_open,95,50,0,{}
biz_0ace7d6be2a1deed,Matchaful,cafe,Matchaful,40.733543395996094,-74.00391387939453,POINT(-74.00391387939453 40.733543395996094),87 Christopher St,New York,NY,10014-4250,,+15859864358,http://matchaful.com/,{overture},,businesses_conflate,1100,2026-07-22 18:44:37.477175+00,2026-07-22 00:00:00+00,78,65,100,100,50,{},"{""overture"": {""lat"": 40.733543395996094, ""lon"": -74.00391387939453, ""zip"": ""10014-4250"", ""city"": ""New York"", ""name"": ""Matchaful"", ""brand"": ""Matchaful"", ""phone"": ""+15859864358"", ""state"": ""NY"", ""address"": ""87 Christopher St"", ""release"": ""2026-07-22.0"", ""website"": ""http://matchaful.com/"", ""category"": ""cafe"", ""state_raw"": ""NY"", ""observed_at"": ""2026-07-22T00:00:00+00:00"", ""src_confidence"": 0.9902192950248718, ""category_source"": ""cafe"", ""source_record_id"": ""aab22c34-b857-4aa5-9c69-4af9b59fca62""}}","'matcha':1,2 'new':3 'york':4",2026-07-22 00:00:00+00,overture,62,likely_open,95,50,0,{}
biz_0b3276e11de68466,Spongies Cafe,cafe,,40.71796417236328,-73.99885559082031,POINT(-73.99885559082031 40.71796417236328),121 Baxter St,New York,NY,10013,,+16466660036,http://www.spongiescafe.com,{overture},,businesses_conflate,1100,2026-07-22 18:44:37.477175+00,2026-07-22 00:00:00+00,73,65,100,75,50,{},"{""overture"": {""lat"": 40.71796417236328, ""lon"": -73.99885559082031, ""zip"": ""10013"", ""city"": ""New York"", ""name"": ""Spongies Cafe"", ""brand"": null, ""phone"": ""+16466660036"", ""state"": ""NY"", ""address"": ""121 Baxter St"", ""release"": ""2026-07-22.0"", ""website"": ""http://www.spongiescafe.com"", ""category"": ""cafe"", ""state_raw"": ""NY"", ""observed_at"": ""2026-07-22T00:00:00+00:00"", ""src_confidence"": 0.9902192950248718, ""category_source"": ""cafe"", ""source_record_id"": ""e55052f7-42fa-40b5-9889-cedc014a6fb1""}}",'cafe':2 'new':3 'spongi':1 'york':4,2026-07-22 00:00:00+00,overture,62,likely_open,95,50,0,{}
biz_0b4a80157e0fbba9,Spine Llc Dba Three Lives &amp Co,restaurant,,40.73438262939453,-74.00154113769531,POINT(-74.00154113769531 40.73438262939453),154 W 10th St,New York,NY,10014-3113,,,,{overture},,businesses_conflate,1100,2026-07-22 18:44:37.477175+00,2026-07-22 00:00:00+00,68,65,100,50,50,{},"{""overture"": {""lat"": 40.73438262939453, ""lon"": -74.00154113769531, ""zip"": ""10014-3113"", ""city"": ""New York"", ""name"": ""Spine Llc Dba Three Lives &amp Co"", ""brand"": null, ""phone"": null, ""state"": ""NY"", ""address"": ""154 W 10th St"", ""release"": ""2026-07-22.0"", ""website"": null, ""category"": ""restaurant"", ""state_raw"": ""NY"", ""observed_at"": ""2026-07-22T00:00:00+00:00"", ""src_confidence"": 0.95, ""category_source"": ""restaurant"", ""source_record_id"": ""8dd7f880-96fb-4fec-a6ac-e67837c7756a""}}",'amp':6 'co':7 'dba':3 'live':5 'llc':2 'new':8 'spine':1 'three':4 'york':9,2026-07-22 00:00:00+00,overture,62,likely_open,95,50,0,{}
biz_0b50cf39c623b2a7,Veteran Center,medical,,40.71957778930664,-74.04403686523438,POINT(-74.04403686523438 40.71957778930664),115 Christopher Columbus Dr,Jersey City,NJ,07302-3551,,+12017484467,http://va.gov,{overture},,businesses_conflate,1100,2026-07-22 18:44:37.477175+00,2026-07-22 00:00:00+00,73,65,100,75,50,{},"{""overture"": {""lat"": 40.71957778930664, ""lon"": -74.04403686523438, ""zip"": ""07302-3551"", ""city"": ""Jersey City"", ""name"": ""Veteran Center"", ""brand"": null, ""phone"": ""+12017484467"", ""state"": ""NJ"", ""address"": ""115 Christopher Columbus Dr"", ""release"": ""2026-07-22.0"", ""website"": ""http://va.gov"", ""category"": ""medical"", ""state_raw"": ""NJ"", ""observed_at"": ""2026-07-22T00:00:00+00:00"", ""src_confidence"": 0.7299239635467529, ""category_source"": ""hospital"", ""source_record_id"": ""9ba76976-5db8-4c62-893d-e9f3bbccb1fe""}}",'center':2 'citi':4 'jersey':3 'veteran':1,2026-07-22 00:00:00+00,overture,62,likely_open,95,50,0,{}
biz_0b5efb11b8604cff,Radisson Hotel New York Wall Street,hotel,,40.70671081542969,-74.00892639160156,POINT(-74.00892639160156 40.70671081542969),52 William St,New York,NY,10005-2876,,12122696400,https://www.radissonhotelsamericas.com/en-us/hotels/country-inn-st-cloud-mn,{overture},,businesses_conflate,1100,2026-07-22 18:44:37.477175+00,2026-07-22 00:00:00+00,73,65,100,75,50,{},"{""overture"": {""lat"": 40.70671081542969, ""lon"": -74.00892639160156, ""zip"": ""10005-2876"", ""city"": ""New York"", ""name"": ""Radisson Hotel New York Wall Street"", ""brand"": null, ""phone"": ""12122696400"", ""state"": ""NY"", ""address"": ""52 William St"", ""release"": ""2026-07-22.0"", ""website"": ""https://www.radissonhotelsamericas.com/en-us/hotels/country-inn-st-cloud-mn"", ""category"": ""hotel"", ""state_raw"": ""NY"", ""observed_at"": ""2026-07-22T00:00:00+00:00"", ""src_confidence"": 0.9902192950248718, ""category_source"": ""hotel"", ""source_record_id"": ""84710120-6a1a-4b11-a798-e7ece4696fe2""}}","'hotel':2 'new':3,7 'radisson':1 'street':6 'wall':5 'york':4,8",2026-07-22 00:00:00+00,overture,62,likely_open,95,50,0,{}
biz_0b7956ac583b766f,Wells Fargo  - Temporarily Closed,atm_bank,Wells Fargo,40.71048355102539,-74.00897979736328,POINT(-74.00897979736328 40.71048355102539),200 Broadway Ave,New York,NY,10038,,,https://locations.wellsfargo.com/ny/new-york/200-broadway-ave-ad81731,{overture},,businesses_conflate,1100,2026-07-22 18:44:37.477175+00,2026-07-22 00:00:00+00,75,65,100,88,50,{},"{""overture"": {""lat"": 40.71048355102539, ""lon"": -74.00897979736328, ""zip"": ""10038"", ""city"": ""New York"", ""name"": ""Wells Fargo  - Temporarily Closed"", ""brand"": ""Wells Fargo"", ""phone"": null, ""state"": ""NY"", ""address"": ""200 Broadway Ave"", ""release"": ""2026-07-22.0"", ""website"": ""https://locations.wellsfargo.com/ny/new-york/200-broadway-ave-ad81731"", ""category"": ""atm_bank"", ""state_raw"": ""NY"", ""observed_at"": ""2026-07-22T00:00:00+00:00"", ""src_confidence"": 0.8, ""category_source"": ""atms"", ""source_record_id"": ""726d79ff-d26e-4e96-ae40-4dfaa015682b""}}","'close':4 'fargo':2,6 'new':7 'temporarili':3 'well':1,5 'york':8",2026-07-22 00:00:00+00,overture,62,likely_open,95,50,0,{}
biz_0b7b02105dad7989,Mk Food Service Corp,restaurant,,40.73478698730469,-73.99226379394531,POINT(-73.99226379394531 40.73478698730469),122 University Pl,New York,NY,10003-4510,,,,{overture},,businesses_conflate,1100,2026-07-22 18:44:37.477175+00,2026-07-22 00:00:00+00,68,65,100,50,50,{},"{""overture"": {""lat"": 40.73478698730469, ""lon"": -73.99226379394531, ""zip"": ""10003-4510"", ""city"": ""New York"", ""name"": ""Mk Food Service Corp"", ""brand"": null, ""phone"": null, ""state"": ""NY"", ""address"": ""122 University Pl"", ""release"": ""2026-07-22.0"", ""website"": null, ""category"": ""restaurant"", ""state_raw"": ""NY"", ""observed_at"": ""2026-07-22T00:00:00+00:00"", ""src_confidence"": 0.95, ""category_source"": ""restaurant"", ""source_record_id"": ""af995d81-29f8-4523-9b18-9aa61eeb227b""}}",'corp':4 'food':2 'mk':1 'new':5 'servic':3 'york':6,2026-07-22 00:00:00+00,overture,62,likely_open,95,50,0,{}
biz_0b8decd4c26fed24,Urgent Care at NYU Langone at Trinity,medical,,40.70848083496094,-74.01111602783203,POINT(-74.01111602783203 40.70848083496094),111 Broadway 2nd Fl,New York,NY,10006,,6464612544,https://nyulangone.org/locations/urgent-care-at-nyu-langone-at-trinity?cid=syn_yext&y_source=1_MTU2NTg2NjQtNDgzLWxvY2F0aW9uLndlYnNpdGU%3D,{overture},,businesses_conflate,1100,2026-07-22 18:44:37.477175+00,2026-07-22 00:00:00+00,73,65,100,75,50,{},"{""overture"": {""lat"": 40.70848083496094, ""lon"": -74.01111602783203, ""zip"": ""10006"", ""city"": ""New York"", ""name"": ""Urgent Care at NYU Langone at Trinity"", ""brand"": null, ""phone"": ""6464612544"", ""state"": ""NY"", ""address"": ""111 Broadway 2nd Fl"", ""release"": ""2026-07-22.0"", ""website"": ""https://nyulangone.org/locations/urgent-care-at-nyu-langone-at-trinity?cid=syn_yext&y_source=1_MTU2NTg2NjQtNDgzLWxvY2F0aW9uLndlYnNpdGU%3D"", ""category"": ""medical"", ""state_raw"": ""NY"", ""observed_at"": ""2026-07-22T00:00:00+00:00"", ""src_confidence"": 0.9902192950248718, ""category_source"": ""urgent_care_clinic"", ""source_record_id"": ""72a90273-66ae-409f-a456-34730678f25d""}}",'care':2 'langon':5 'new':8 'nyu':4 'triniti':7 'urgent':1 'york':9,2026-07-22 00:00:00+00,overture,62,likely_open,95,50,0,{}
biz_0b90ab8ca5609db4,Grand Advance Supermarket,grocery,,40.71806716918945,-73.99292755126953,POINT(-73.99292755126953 40.71806716918945),272 Grand St,New York,NY,10002-4402,,+12122198883,,{overture},,businesses_conflate,1100,2026-07-22 18:44:37.477175+00,2026-07-22 00:00:00+00,70,65,100,63,50,{},"{""overture"": {""lat"": 40.71806716918945, ""lon"": -73.99292755126953, ""zip"": ""10002-4402"", ""city"": ""New York"", ""name"": ""Grand Advance Supermarket"", ""brand"": null, ""phone"": ""+12122198883"", ""state"": ""NY"", ""address"": ""272 Grand St"", ""release"": ""2026-07-22.0"", ""website"": null, ""category"": ""grocery"", ""state_raw"": ""NY"", ""observed_at"": ""2026-07-22T00:00:00+00:00"", ""src_confidence"": 0.8128788471221924, ""category_source"": ""supermarket"", ""source_record_id"": ""23a4e119-7291-426e-9027-41a9e3f506b8""}}",'advanc':2 'grand':1 'new':4 'supermarket':3 'york':5,2026-07-22 00:00:00+00,overture,62,likely_open,95,50,0,{}
biz_0b97ce7948819e0a,Santander Bank ATM,atm_bank,,40.71821975708008,-74.00025939941406,POINT(-74.00025939941406 40.71821975708008),243 Canal St,New York,NY,10013,,8777682265,https://locations.santanderbank.com/ny/newyork/243-canal-street-ny-0148.html,{overture},,businesses_conflate,1100,2026-07-22 18:44:37.477175+00,2026-07-22 00:00:00+00,73,65,100,75,50,{},"{""overture"": {""lat"": 40.71821975708008, ""lon"": -74.00025939941406, ""zip"": ""10013"", ""city"": ""New York"", ""name"": ""Santander Bank ATM"", ""brand"": null, ""phone"": ""8777682265"", ""state"": ""NY"", ""address"": ""243 Canal St"", ""release"": ""2026-07-22.0"", ""website"": ""https://locations.santanderbank.com/ny/newyork/243-canal-street-ny-0148.html"", ""category"": ""atm_bank"", ""state_raw"": ""NY"", ""observed_at"": ""2026-07-22T00:00:00+00:00"", ""src_confidence"": 0.85, ""category_source"": ""bank_credit_union"", ""source_record_id"": ""4e4516db-6ba5-40e5-837d-7cfd8608094b""}}",'atm':3 'bank':2 'new':4 'santand':1 'york':5,2026-07-22 00:00:00+00,overture,62,likely_open,95,50,0,{}
biz_0bad6467a61ebc66,Jaquez Grocery,grocery,,40.722434997558594,-73.99225616455078,POINT(-73.99225616455078 40.722434997558594),15 Stanton St,New York,NY,10002-1207,,,,{overture},,businesses_conflate,1100,2026-07-22 18:44:37.477175+00,2026-07-22 00:00:00+00,68,65,100,50,50,{},"{""overture"": {""lat"": 40.722434997558594, ""lon"": -73.99225616455078, ""zip"": ""10002-1207"", ""city"": ""New York"", ""name"": ""Jaquez Grocery"", ""brand"": null, ""phone"": null, ""state"": ""NY"", ""address"": ""15 Stanton St"", ""release"": ""2026-07-22.0"", ""website"": null, ""category"": ""grocery"", ""state_raw"": ""NY"", ""observed_at"": ""2026-07-22T00:00:00+00:00"", ""src_confidence"": 0.95, ""category_source"": ""grocery_store"", ""source_record_id"": ""745f8980-81e4-4f30-8f32-d2a0a350f553""}}",'groceri':2 'jaquez':1 'new':3 'york':4,2026-07-22 00:00:00+00,overture,62,likely_open,95,50,0,{}
biz_0bb5cb42d6ed6c33,Shoprite,grocery,ShopRite,40.724365234375,-74.04007720947266,POINT(-74.04007720947266 40.724365234375),400 Marin Blvd,Jersey City,NJ,07302-2546,,+12019636155,http://www.shoprite.com/,{overture},,businesses_conflate,1100,2026-07-22 18:44:37.477175+00,2026-07-22 00:00:00+00,78,65,100,100,50,{},"{""overture"": {""lat"": 40.724365234375, ""lon"": -74.04007720947266, ""zip"": ""07302-2546"", ""city"": ""Jersey City"", ""name"": ""Shoprite"", ""brand"": ""ShopRite"", ""phone"": ""+12019636155"", ""state"": ""NJ"", ""address"": ""400 Marin Blvd"", ""release"": ""2026-07-22.0"", ""website"": ""http://www.shoprite.com/"", ""category"": ""grocery"", ""state_raw"": ""NJ"", ""observed_at"": ""2026-07-22T00:00:00+00:00"", ""src_confidence"": 0.9722161889076233, ""category_source"": ""supermarket"", ""source_record_id"": ""9c1f6eb3-772d-4f40-9740-09ab987db698""}}","'citi':4 'jersey':3 'shoprit':1,2",2026-07-22 00:00:00+00,overture,62,likely_open,95,50,0,{}
biz_0bc2f4a87de79427,Hale & Hearty Soups L.l.c,restaurant,,40.70376205444336,-74.01197052001953,POINT(-74.01197052001953 40.70376205444336),90 Broad St Ste 402a,New York,NY,10004-3501,,,https://www.haleandhearty.com,{overture},,businesses_conflate,1100,2026-07-22 18:44:37.477175+00,2026-07-22 00:00:00+00,70,65,100,63,50,{},"{""overture"": {""lat"": 40.70376205444336, ""lon"": -74.01197052001953, ""zip"": ""10004-3501"", ""city"": ""New York"", ""name"": ""Hale & Hearty Soups L.l.c"", ""brand"": null, ""phone"": null, ""state"": ""NY"", ""address"": ""90 Broad St Ste 402a"", ""release"": ""2026-07-22.0"", ""website"": ""https://www.haleandhearty.com"", ""category"": ""restaurant"", ""state_raw"": ""NY"", ""observed_at"": ""2026-07-22T00:00:00+00:00"", ""src_confidence"": 0.9199122190475464, ""category_source"": ""restaurant"", ""source_record_id"": ""66dcd7dd-74fb-4818-bdca-e5b2ae3ec6c8""}}",'hale':1 'hearti':2 'l.l.c':4 'new':5 'soup':3 'york':6,2026-07-22 00:00:00+00,overture,62,likely_open,95,50,0,{}
biz_0bc84dee4965cd81,W New York - Downtown,hotel,,40.70927047729492,-74.01366424560547,POINT(-74.01366424560547 40.70927047729492),8 Albany St,New York,NY,10006,,(646) 826-8600,https://www.marriott.com/hotels/travel/nycwd-w-new-york-downtown/,{overture},,businesses_conflate,1100,2026-07-22 18:44:37.477175+00,2026-07-22 00:00:00+00,73,65,100,75,50,{},"{""overture"": {""lat"": 40.70927047729492, ""lon"": -74.01366424560547, ""zip"": ""10006"", ""city"": ""New York"", ""name"": ""W New York - Downtown"", ""brand"": null, ""phone"": ""(646) 826-8600"", ""state"": ""NY"", ""address"": ""8 Albany St"", ""release"": ""2026-07-22.0"", ""website"": ""https://www.marriott.com/hotels/travel/nycwd-w-new-york-downtown/"", ""category"": ""hotel"", ""state_raw"": ""NY"", ""observed_at"": ""2026-07-22T00:00:00+00:00"", ""src_confidence"": 0.9902192950248718, ""category_source"": ""hotel"", ""source_record_id"": ""1b18a9df-ec8a-4012-b420-f1ba1865340c""}}","'downtown':4 'new':2,5 'w':1 'york':3,6",2026-07-22 00:00:00+00,overture,62,likely_open,95,50,0,{}
biz_0bcc941a0a224d1d,Chase,atm_bank,Chase,40.71665573120117,-73.9977035522461,POINT(-73.9977035522461 40.71665573120117),180 Canal St,New York,NY,10013-4502,,+16467215817,https://locator.chase.com/ny/new-york/180-canal-st?jp_cmp=rb%2FLocalListings%2Faff%2Fbranch%2Fna&y_source=1_MjAzODM3Ny01NTktbG9jYXRpb24ud2Vic2l0ZQ%3D%3D,{overture},,businesses_conflate,1100,2026-07-22 18:44:37.477175+00,2026-07-22 00:00:00+00,78,65,100,100,50,{},"{""overture"": {""lat"": 40.71665573120117, ""lon"": -73.9977035522461, ""zip"": ""10013-4502"", ""city"": ""New York"", ""name"": ""Chase"", ""brand"": ""Chase"", ""phone"": ""+16467215817"", ""state"": ""NY"", ""address"": ""180 Canal St"", ""release"": ""2026-07-22.0"", ""website"": ""https://locator.chase.com/ny/new-york/180-canal-st?jp_cmp=rb%2FLocalListings%2Faff%2Fbranch%2Fna&y_source=1_MjAzODM3Ny01NTktbG9jYXRpb24ud2Vic2l0ZQ%3D%3D"", ""category"": ""atm_bank"", ""state_raw"": ""NY"", ""observed_at"": ""2026-07-22T00:00:00+00:00"", ""src_confidence"": 0.9998075666308402, ""category_source"": ""bank_credit_union"", ""source_record_id"": ""b78a6e99-9ac1-489c-8011-958e3d1c112e""}}","'chase':1,2 'new':3 'york':4",2026-07-22 00:00:00+00,overture,62,likely_open,95,50,0,{}
biz_0c12815d8de34b56,yafa cafe,cafe,,40.71670150756836,-74,POINT(-74 40.71670150756836),بيت ريما _وسط البلد _ بجانب الناجح للاتصالات ,New York,NY,,,+972569052350,,{overture},,businesses_conflate,1100,2026-07-22 18:44:37.477175+00,2026-07-22 00:00:00+00,68,65,100,50,50,{},"{""overture"": {""lat"": 40.71670150756836, ""lon"": -74, ""zip"": null, ""city"": ""New York"", ""name"": ""yafa cafe"", ""brand"": null, ""phone"": ""+972569052350"", ""state"": ""NY"", ""address"": ""بيت ريما _وسط البلد _ بجانب الناجح للاتصالات "", ""release"": ""2026-07-22.0"", ""website"": null, ""category"": ""cafe"", ""state_raw"": ""NY"", ""observed_at"": ""2026-07-22T00:00:00+00:00"", ""src_confidence"": 0.9722161889076233, ""category_source"": ""coffee_shop"", ""source_record_id"": ""60379cf0-f018-41ec-9c58-00a63e973319""}}",'cafe':2 'new':3 'yafa':1 'york':4,2026-07-22 00:00:00+00,overture,62,likely_open,95,50,0,{}
biz_0c3a99840f9fc271,125 Hospitality Llc.,restaurant,,40.730613708496094,-74.00025939941406,POINT(-74.00025939941406 40.730613708496094),125 Macdougal St,New York,NY,10012-1027,,+12122549393,,{overture},,businesses_conflate,1100,2026-07-22 18:44:37.477175+00,2026-07-22 00:00:00+00,70,65,100,63,50,{},"{""overture"": {""lat"": 40.730613708496094, ""lon"": -74.00025939941406, ""zip"": ""10012-1027"", ""city"": ""New York"", ""name"": ""125 Hospitality Llc."", ""brand"": null, ""phone"": ""+12122549393"", ""state"": ""NY"", ""address"": ""125 Macdougal St"", ""release"": ""2026-07-22.0"", ""website"": null, ""category"": ""restaurant"", ""state_raw"": ""NY"", ""observed_at"": ""2026-07-22T00:00:00+00:00"", ""src_confidence"": 0.95, ""category_source"": ""restaurant"", ""source_record_id"": ""d87fcb99-886b-4641-b55c-3eaffc9dc9cf""}}",'125':1 'hospit':2 'llc':3 'new':4 'york':5,2026-07-22 00:00:00+00,overture,62,likely_open,95,50,0,{}
biz_0c43b332c8d0812e,Silver Spoon,fast_food,,40.73126220703125,-73.99346923828125,POINT(-73.99346923828125 40.73126220703125),53 E 8th St,New York,NY,10003-6450,,+12129951100,http://www.ebay.com/sch/i.html?_nkw=new+york+sterling+silver+spoon,{overture},,businesses_conflate,1100,2026-07-22 18:44:37.477175+00,2026-07-22 00:00:00+00,73,65,100,75,50,{},"{""overture"": {""lat"": 40.73126220703125, ""lon"": -73.99346923828125, ""zip"": ""10003-6450"", ""city"": ""New York"", ""name"": ""Silver Spoon"", ""brand"": null, ""phone"": ""+12129951100"", ""state"": ""NY"", ""address"": ""53 E 8th St"", ""release"": ""2026-07-22.0"", ""website"": ""http://www.ebay.com/sch/i.html?_nkw=new+york+sterling+silver+spoon"", ""category"": ""fast_food"", ""state_raw"": ""NY"", ""observed_at"": ""2026-07-22T00:00:00+00:00"", ""src_confidence"": 0.34117308259010315, ""category_source"": ""fast_food_restaurant"", ""source_record_id"": ""d3c64092-ab99-46f1-8a54-8fea80485bc9""}}",'new':3 'silver':1 'spoon':2 'york':4,2026-07-22 00:00:00+00,overture,62,likely_open,95,50,0,{}
biz_0c521b4547453c0f,Nurture,grocery,,40.70792007446289,-74.00479888916016,POINT(-74.00479888916016 40.70792007446289),40 Fulton St Fl 17,New York,NY,10038-5098,,+12123742779,nurturehq.com,{overture},,businesses_conflate,1100,2026-07-22 18:44:37.477175+00,2026-07-22 00:00:00+00,73,65,100,75,50,{},"{""overture"": {""lat"": 40.70792007446289, ""lon"": -74.00479888916016, ""zip"": ""10038-5098"", ""city"": ""New York"", ""name"": ""Nurture"", ""brand"": null, ""phone"": ""+12123742779"", ""state"": ""NY"", ""address"": ""40 Fulton St Fl 17"", ""release"": ""2026-07-22.0"", ""website"": ""nurturehq.com"", ""category"": ""grocery"", ""state_raw"": ""NY"", ""observed_at"": ""2026-07-22T00:00:00+00:00"", ""src_confidence"": 0.55, ""category_source"": ""grocery_store"", ""source_record_id"": ""96c6c604-657f-4a90-a457-fc4261e4dbdf""}}",'new':2 'nurtur':1 'york':3,2026-07-22 00:00:00+00,overture,62,likely_open,95,50,0,{}
biz_0c605d0f4a0e352a,Proper Food,fast_food,,40.70555877685547,-74.00847625732422,POINT(-74.00847625732422 40.70555877685547),67 Wall St,New York,NY,10005,,(212) 280-1746,https://properfood.com,{overture},,businesses_conflate,1100,2026-07-22 18:44:37.477175+00,2026-07-22 00:00:00+00,73,65,100,75,50,{},"{""overture"": {""lat"": 40.70555877685547, ""lon"": -74.00847625732422, ""zip"": ""10005"", ""city"": ""New York"", ""name"": ""Proper Food"", ""brand"": null, ""phone"": ""(212) 280-1746"", ""state"": ""NY"", ""address"": ""67 Wall St"", ""release"": ""2026-07-22.0"", ""website"": ""https://properfood.com"", ""category"": ""fast_food"", ""state_raw"": ""NY"", ""observed_at"": ""2026-07-22T00:00:00+00:00"", ""src_confidence"": 0.77, ""category_source"": ""fast_food_restaurant"", ""source_record_id"": ""1807b050-bfb6-4709-85e1-19e2e81dc79a""}}",'food':2 'new':3 'proper':1 'york':4,2026-07-22 00:00:00+00,overture,62,likely_open,95,50,0,{}
biz_0c60fbffc1ea8343,Ancora Ristorante,grocery,,40.704200744628906,-74.01225280761719,POINT(-74.01225280761719 40.704200744628906),11 Stone St,New York,NY,10004-2211,,,https://www.alloraristorantenyc.com,{overture},,businesses_conflate,1100,2026-07-22 18:44:37.477175+00,2026-07-22 00:00:00+00,70,65,100,63,50,{},"{""overture"": {""lat"": 40.704200744628906, ""lon"": -74.01225280761719, ""zip"": ""10004-2211"", ""city"": ""New York"", ""name"": ""Ancora Ristorante"", ""brand"": null, ""phone"": null, ""state"": ""NY"", ""address"": ""11 Stone St"", ""release"": ""2026-07-22.0"", ""website"": ""https://www.alloraristorantenyc.com"", ""category"": ""grocery"", ""state_raw"": ""NY"", ""observed_at"": ""2026-07-22T00:00:00+00:00"", ""src_confidence"": 0.9885, ""category_source"": ""grocery_store"", ""source_record_id"": ""da833129-9009-450f-9ade-7b4cb0435dab""}}",'ancora':1 'new':3 'ristorant':2 'york':4,2026-07-22 00:00:00+00,overture,62,likely_open,95,50,0,{}
biz_0c67d7572ad3c2d4,Beechwood Cafe,cafe,,40.714027404785156,-74.04386138916016,POINT(-74.04386138916016 40.714027404785156),18 Park Ave,Jersey City,NJ,07302,,(201) 433-4447,http://www.cafebeechwood.com,{overture},,businesses_conflate,1100,2026-07-22 18:44:37.477175+00,2026-07-22 00:00:00+00,73,65,100,75,50,{},"{""overture"": {""lat"": 40.714027404785156, ""lon"": -74.04386138916016, ""zip"": ""07302"", ""city"": ""Jersey City"", ""name"": ""Beechwood Cafe"", ""brand"": null, ""phone"": ""(201) 433-4447"", ""state"": ""NJ"", ""address"": ""18 Park Ave"", ""release"": ""2026-07-22.0"", ""website"": ""http://www.cafebeechwood.com"", ""category"": ""cafe"", ""state_raw"": ""NJ"", ""observed_at"": ""2026-07-22T00:00:00+00:00"", ""src_confidence"": 0.77, ""category_source"": ""cafe"", ""source_record_id"": ""ec30bf95-e85f-4976-b3ba-2d9fc3bd2dc8""}}",'beechwood':1 'cafe':2 'citi':4 'jersey':3,2026-07-22 00:00:00+00,overture,62,likely_open,95,50,0,{}
biz_0c72f1f6766cbbfe,Walgreens,pharmacy,,40.735328674316406,-73.99253845214844,POINT(-73.99253845214844 40.735328674316406),24 E 14th St,New York,NY,10003,,(212) 989-3632,http://www.walgreens.com/locator/Duane-Reade-24-E-14TH-ST-NEW-YORK-NY-10003/id=14143,{overture},,businesses_conflate,1100,2026-07-22 18:44:37.477175+00,2026-07-22 00:00:00+00,73,65,100,75,50,{},"{""overture"": {""lat"": 40.735328674316406, ""lon"": -73.99253845214844, ""zip"": ""10003"", ""city"": ""New York"", ""name"": ""Walgreens"", ""brand"": null, ""phone"": ""(212) 989-3632"", ""state"": ""NY"", ""address"": ""24 E 14th St"", ""release"": ""2026-07-22.0"", ""website"": ""http://www.walgreens.com/locator/Duane-Reade-24-E-14TH-ST-NEW-YORK-NY-10003/id=14143"", ""category"": ""pharmacy"", ""state_raw"": ""NY"", ""observed_at"": ""2026-07-22T00:00:00+00:00"", ""src_confidence"": 0.9199122190475464, ""category_source"": ""pharmacy"", ""source_record_id"": ""48963202-a458-4370-8351-6d1c84118edc""}}",'new':2 'walgreen':1 'york':3,2026-07-22 00:00:00+00,overture,62,likely_open,95,50,0,{}
biz_0c7e6980e887f735,Downtown Bagels Corp,restaurant,,40.72066116333008,-74.04711151123047,POINT(-74.04711151123047 40.72066116333008),517 Jersey Ave,Jersey City,NJ,07302-3521,,,https://www.wonderbagels.com,{overture},,businesses_conflate,1100,2026-07-22 18:44:37.477175+00,2026-07-22 00:00:00+00,70,65,100,63,50,{},"{""overture"": {""lat"": 40.72066116333008, ""lon"": -74.04711151123047, ""zip"": ""07302-3521"", ""city"": ""Jersey City"", ""name"": ""Downtown Bagels Corp"", ""brand"": null, ""phone"": null, ""state"": ""NJ"", ""address"": ""517 Jersey Ave"", ""release"": ""2026-07-22.0"", ""website"": ""https://www.wonderbagels.com"", ""category"": ""restaurant"", ""state_raw"": ""NJ"", ""observed_at"": ""2026-07-22T00:00:00+00:00"", ""src_confidence"": 0.95, ""category_source"": ""restaurant"", ""source_record_id"": ""3a83fc37-b7f1-4536-a641-ca5865b2ad54""}}",'bagel':2 'citi':5 'corp':3 'downtown':1 'jersey':4,2026-07-22 00:00:00+00,overture,62,likely_open,95,50,0,{}
biz_0c7f52b3d967436c,Pardon My Cheesesteak,restaurant,,40.72225570678711,-74.00385284423828,POINT(-74.00385284423828 40.72225570678711),330 W Broadway,New York,NY,10013,,8884440934,"",{overture},,businesses_conflate,1100,2026-07-22 18:44:37.477175+00,2026-07-22 00:00:00+00,73,65,100,75,50,{},"{""overture"": {""lat"": 40.72225570678711, ""lon"": -74.00385284423828, ""zip"": ""10013"", ""city"": ""New York"", ""name"": ""Pardon My Cheesesteak"", ""brand"": null, ""phone"": ""8884440934"", ""state"": ""NY"", ""address"": ""330 W Broadway"", ""release"": ""2026-07-22.0"", ""website"": """", ""category"": ""restaurant"", ""state_raw"": ""NY"", ""observed_at"": ""2026-07-22T00:00:00+00:00"", ""src_confidence"": 0.9597054719924927, ""category_source"": ""restaurant"", ""source_record_id"": ""3101eb4a-8fa5-479b-bde5-d9127b4479cb""}}",'cheesesteak':3 'new':4 'pardon':1 'york':5,2026-07-22 00:00:00+00,overture,62,likely_open,95,50,0,{}
biz_0ca5369b99e7bc21,Hudson Valley Household Management Llc Dba Hudson Staffing,restaurant,,40.72023391723633,-73.9986572265625,POINT(-73.9986572265625 40.72023391723633),154 Grand St,New York,NY,10013-3141,,,,{overture},,businesses_conflate,1100,2026-07-22 18:44:37.477175+00,2026-07-22 00:00:00+00,68,65,100,50,50,{},"{""overture"": {""lat"": 40.72023391723633, ""lon"": -73.9986572265625, ""zip"": ""10013-3141"", ""city"": ""New York"", ""name"": ""Hudson Valley Household Management Llc Dba Hudson Staffing"", ""brand"": null, ""phone"": null, ""state"": ""NY"", ""address"": ""154 Grand St"", ""release"": ""2026-07-22.0"", ""website"": null, ""category"": ""restaurant"", ""state_raw"": ""NY"", ""observed_at"": ""2026-07-22T00:00:00+00:00"", ""src_confidence"": 0.95, ""category_source"": ""restaurant"", ""source_record_id"": ""b334b4ad-09b6-4565-9b3f-f8405008cf9f""}}","'dba':6 'household':3 'hudson':1,7 'llc':5 'manag':4 'new':9 'staf':8 'valley':2 'york':10",2026-07-22 00:00:00+00,overture,62,likely_open,95,50,0,{}
biz_0ca6b657b9e865ac,87 Sussex,restaurant,,40.714500427246094,-74.03742980957031,POINT(-74.03742980957031 40.714500427246094),87 Sussex St,Jersey City,NJ,07302,,5512567864,https://www.87sussex.com/,{overture},,businesses_conflate,1100,2026-07-22 18:44:37.477175+00,2026-07-22 00:00:00+00,73,65,100,75,50,{},"{""overture"": {""lat"": 40.714500427246094, ""lon"": -74.03742980957031, ""zip"": ""07302"", ""city"": ""Jersey City"", ""name"": ""87 Sussex"", ""brand"": null, ""phone"": ""5512567864"", ""state"": ""NJ"", ""address"": ""87 Sussex St"", ""release"": ""2026-07-22.0"", ""website"": ""https://www.87sussex.com/"", ""category"": ""restaurant"", ""state_raw"": ""NJ"", ""observed_at"": ""2026-07-22T00:00:00+00:00"", ""src_confidence"": 0.9902192950248718, ""category_source"": ""restaurant"", ""source_record_id"": ""b73a673c-28d4-4799-8fcd-a2cd5972bd45""}}",'87':1 'citi':4 'jersey':3 'sussex':2,2026-07-22 00:00:00+00,overture,62,likely_open,95,50,0,{}
biz_0cac8540d9a791e7,"Windy Gates Soho, Inc.",restaurant,,40.724369049072266,-73.99750518798828,POINT(-73.99750518798828 40.724369049072266),568 Broadway Rm 401,New York,NY,10012-3265,,+12129255340,augustineny.com,{overture},,businesses_conflate,1100,2026-07-22 18:44:37.477175+00,2026-07-22 00:00:00+00,73,65,100,75,50,{},"{""overture"": {""lat"": 40.724369049072266, ""lon"": -73.99750518798828, ""zip"": ""10012-3265"", ""city"": ""New York"", ""name"": ""Windy Gates Soho, Inc."", ""brand"": null, ""phone"": ""+12129255340"", ""state"": ""NY"", ""address"": ""568 Broadway Rm 401"", ""release"": ""2026-07-22.0"", ""website"": ""augustineny.com"", ""category"": ""restaurant"", ""state_raw"": ""NY"", ""observed_at"": ""2026-07-22T00:00:00+00:00"", ""src_confidence"": 0.95, ""category_source"": ""restaurant"", ""source_record_id"": ""f3382eb6-df18-414b-9789-3f28dd9bcb31""}}",'gate':2 'inc':4 'new':5 'soho':3 'windi':1 'york':6,2026-07-22 00:00:00+00,overture,62,likely_open,95,50,0,{}
biz_0cbcd90f4522faea,Greenwich Cafe,restaurant,,40.73386764526367,-73.99983978271484,POINT(-73.99983978271484 40.73386764526367),3 Greenwich Ave,New York,NY,10014-3543,,,,{overture},,businesses_conflate,1100,2026-07-22 18:44:37.477175+00,2026-07-22 00:00:00+00,68,65,100,50,50,{},"{""overture"": {""lat"": 40.73386764526367, ""lon"": -73.99983978271484, ""zip"": ""10014-3543"", ""city"": ""New York"", ""name"": ""Greenwich Cafe"", ""brand"": null, ""phone"": null, ""state"": ""NY"", ""address"": ""3 Greenwich Ave"", ""release"": ""2026-07-22.0"", ""website"": null, ""category"": ""restaurant"", ""state_raw"": ""NY"", ""observed_at"": ""2026-07-22T00:00:00+00:00"", ""src_confidence"": 0.998754822909832, ""category_source"": ""restaurant"", ""source_record_id"": ""9f1b7f3b-c421-4cd3-ba07-b6bd78a2c048""}}",'cafe':2 'greenwich':1 'new':3 'york':4,2026-07-22 00:00:00+00,overture,62,likely_open,95,50,0,{}
biz_0ce8c16e8f09bc1c,Okinawa Hoboken Inc,restaurant,,40.73728561401367,-74.03759765625,POINT(-74.03759765625 40.73728561401367),400 Newark St Ste 8,Hoboken,NJ,07030-2477,,,,{overture},,businesses_conflate,1100,2026-07-22 18:44:37.477175+00,2026-07-22 00:00:00+00,68,65,100,50,50,{},"{""overture"": {""lat"": 40.73728561401367, ""lon"": -74.03759765625, ""zip"": ""07030-2477"", ""city"": ""Hoboken"", ""name"": ""Okinawa Hoboken Inc"", ""brand"": null, ""phone"": null, ""state"": ""NJ"", ""address"": ""400 Newark St Ste 8"", ""release"": ""2026-07-22.0"", ""website"": null, ""category"": ""restaurant"", ""state_raw"": ""NJ"", ""observed_at"": ""2026-07-22T00:00:00+00:00"", ""src_confidence"": 0.95, ""category_source"": ""restaurant"", ""source_record_id"": ""236b3709-9e6f-4ae5-a803-54ed130a2554""}}","'hoboken':2,4 'inc':3 'okinawa':1",2026-07-22 00:00:00+00,overture,62,likely_open,95,50,0,{}
biz_0cec0bac5a557960,New Tu Do Restaurant Corp,restaurant,,40.71784591674805,-73.99544525146484,POINT(-73.99544525146484 40.71784591674805),102 Bowery,New York,NY,10013-4727,,,,{overture},,businesses_conflate,1100,2026-07-22 18:44:37.477175+00,2026-07-22 00:00:00+00,68,65,100,50,50,{},"{""overture"": {""lat"": 40.71784591674805, ""lon"": -73.99544525146484, ""zip"": ""10013-4727"", ""city"": ""New York"", ""name"": ""New Tu Do Restaurant Corp"", ""brand"": null, ""phone"": null, ""state"": ""NY"", ""address"": ""102 Bowery"", ""release"": ""2026-07-22.0"", ""website"": null, ""category"": ""restaurant"", ""state_raw"": ""NY"", ""observed_at"": ""2026-07-22T00:00:00+00:00"", ""src_confidence"": 0.95, ""category_source"": ""restaurant"", ""source_record_id"": ""aeb1e8f1-fb1c-47bd-9e06-62e52439fd86""}}","'corp':5 'new':1,6 'restaur':4 'tu':2 'york':7",2026-07-22 00:00:00+00,overture,62,likely_open,95,50,0,{}
biz_0d06e71497d68617,Enly,cafe,,40.722503662109375,-73.99539947509766,POINT(-73.99539947509766 40.722503662109375),227 Mott St,New York,NY,10012-4144,,,,{overture},,businesses_conflate,1100,2026-07-22 18:44:37.477175+00,2026-07-22 00:00:00+00,68,65,100,50,50,{},"{""overture"": {""lat"": 40.722503662109375, ""lon"": -73.99539947509766, ""zip"": ""10012-4144"", ""city"": ""New York"", ""name"": ""Enly"", ""brand"": null, ""phone"": null, ""state"": ""NY"", ""address"": ""227 Mott St"", ""release"": ""2026-07-22.0"", ""website"": null, ""category"": ""cafe"", ""state_raw"": ""NY"", ""observed_at"": ""2026-07-22T00:00:00+00:00"", ""src_confidence"": 0.9902192950248718, ""category_source"": ""coffee_shop"", ""source_record_id"": ""44bd00ec-bfe4-4ecd-9ce1-2c95f14abe20""}}",'en':1 'new':2 'york':3,2026-07-22 00:00:00+00,overture,62,likely_open,95,50,0,{}
biz_0d0f141da7145e9a,Cafe La Palette,restaurant,,40.72727584838867,-74.00244903564453,POINT(-74.00244903564453 40.72727584838867),50 Macdougal St,New York,NY,10012-2938,,,https://www.cafelapaletteparis.com/en,{overture},,businesses_conflate,1100,2026-07-22 18:44:37.477175+00,2026-07-22 00:00:00+00,70,65,100,63,50,{},"{""overture"": {""lat"": 40.72727584838867, ""lon"": -74.00244903564453, ""zip"": ""10012-2938"", ""city"": ""New York"", ""name"": ""Cafe La Palette"", ""brand"": null, ""phone"": null, ""state"": ""NY"", ""address"": ""50 Macdougal St"", ""release"": ""2026-07-22.0"", ""website"": ""https://www.cafelapaletteparis.com/en"", ""category"": ""restaurant"", ""state_raw"": ""NY"", ""observed_at"": ""2026-07-22T00:00:00+00:00"", ""src_confidence"": 0.9199122190475464, ""category_source"": ""restaurant"", ""source_record_id"": ""6872cd97-b493-4987-8679-c201bffdbb98""}}",'cafe':1 'la':2 'new':4 'palett':3 'york':5,2026-07-22 00:00:00+00,overture,62,likely_open,95,50,0,{}
biz_0d177bdc92c50c66,ABC Pharmacy,pharmacy,,40.717681884765625,-74.0008773803711,POINT(-74.0008773803711 40.717681884765625),101 Lafayette St,New York,NY,10013,,(212) 965-9688,http://www.abcpharmacy1.com/,{overture},,businesses_conflate,1100,2026-07-22 18:44:37.477175+00,2026-07-22 00:00:00+00,73,65,100,75,50,{},"{""overture"": {""lat"": 40.717681884765625, ""lon"": -74.0008773803711, ""zip"": ""10013"", ""city"": ""New York"", ""name"": ""ABC Pharmacy"", ""brand"": null, ""phone"": ""(212) 965-9688"", ""state"": ""NY"", ""address"": ""101 Lafayette St"", ""release"": ""2026-07-22.0"", ""website"": ""http://www.abcpharmacy1.com/"", ""category"": ""pharmacy"", ""state_raw"": ""NY"", ""observed_at"": ""2026-07-22T00:00:00+00:00"", ""src_confidence"": 0.9199122190475464, ""category_source"": ""pharmacy"", ""source_record_id"": ""2c5776e3-150f-4504-9fc7-03b144e7c46f""}}",'abc':1 'new':3 'pharmaci':2 'york':4,2026-07-22 00:00:00+00,overture,62,likely_open,95,50,0,{}
biz_0d58af72cfbef7c1,Walgreens,pharmacy,Walgreens,40.70485305786133,-74.0113296508789,POINT(-74.0113296508789 40.70485305786133),67 Broad St,New York,NY,10004,,+12129433690,https://www.walgreens.com/locator/walgreens-67+broad+st-new+york-ny-10004/id=14125,{overture},,businesses_conflate,1100,2026-07-22 18:44:37.477175+00,2026-07-22 00:00:00+00,78,65,100,100,50,{},"{""overture"": {""lat"": 40.70485305786133, ""lon"": -74.0113296508789, ""zip"": ""10004"", ""city"": ""New York"", ""name"": ""Walgreens"", ""brand"": ""Walgreens"", ""phone"": ""+12129433690"", ""state"": ""NY"", ""address"": ""67 Broad St"", ""release"": ""2026-07-22.0"", ""website"": ""https://www.walgreens.com/locator/walgreens-67+broad+st-new+york-ny-10004/id=14125"", ""category"": ""pharmacy"", ""state_raw"": ""NY"", ""observed_at"": ""2026-07-22T00:00:00+00:00"", ""src_confidence"": 0.3401290774345398, ""category_source"": ""pharmacy"", ""source_record_id"": ""5d245270-1900-41af-b896-72dbc79a3acf""}}","'new':3 'walgreen':1,2 'york':4",2026-07-22 00:00:00+00,overture,62,likely_open,95,50,0,{}
biz_0d5a5e5a6b1fd1a6,Duane Reade Pharmacy,pharmacy,,40.71544647216797,-74.0054931640625,POINT(-74.0054931640625 40.71544647216797),305 Broadway,New York,NY,10007,,+12122276168,https://www.walgreens.com,{overture},,businesses_conflate,1100,2026-07-22 18:44:37.477175+00,2026-07-22 00:00:00+00,73,65,100,75,50,{},"{""overture"": {""lat"": 40.71544647216797, ""lon"": -74.0054931640625, ""zip"": ""10007"", ""city"": ""New York"", ""name"": ""Duane Reade Pharmacy"", ""brand"": null, ""phone"": ""+12122276168"", ""state"": ""NY"", ""address"": ""305 Broadway"", ""release"": ""2026-07-22.0"", ""website"": ""https://www.walgreens.com"", ""category"": ""pharmacy"", ""state_raw"": ""NY"", ""observed_at"": ""2026-07-22T00:00:00+00:00"", ""src_confidence"": 0.9902192950248718, ""category_source"": ""pharmacy"", ""source_record_id"": ""c6eabc55-9d18-4db5-ac50-cdb2ec59744c""}}",'duan':1 'new':4 'pharmaci':3 'read':2 'york':5,2026-07-22 00:00:00+00,overture,62,likely_open,95,50,0,{}
biz_0d5e0c67d00a9a23,388 Cafe &amp Deli Inc,restaurant,,40.71458435058594,-73.99403381347656,POINT(-73.99403381347656 40.71458435058594),1 Eldridge St Frnt 3,New York,NY,10002-6251,,,,{overture},,businesses_conflate,1100,2026-07-22 18:44:37.477175+00,2026-07-22 00:00:00+00,68,65,100,50,50,{},"{""overture"": {""lat"": 40.71458435058594, ""lon"": -73.99403381347656, ""zip"": ""10002-6251"", ""city"": ""New York"", ""name"": ""388 Cafe &amp Deli Inc"", ""brand"": null, ""phone"": null, ""state"": ""NY"", ""address"": ""1 Eldridge St Frnt 3"", ""release"": ""2026-07-22.0"", ""website"": null, ""category"": ""restaurant"", ""state_raw"": ""NY"", ""observed_at"": ""2026-07-22T00:00:00+00:00"", ""src_confidence"": 0.95, ""category_source"": ""restaurant"", ""source_record_id"": ""f450ee68-3cdd-4e6d-b4eb-d04233f5f08f""}}",'388':1 'amp':3 'cafe':2 'deli':4 'inc':5 'new':6 'york':7,2026-07-22 00:00:00+00,overture,62,likely_open,95,50,0,{}
biz_0d6fcb0fbe18055c,Coinhub,atm_bank,Coinhub,40.8398323059082,-74.04801940917969,POINT(-74.04801940917969 40.8398323059082),"111 Moonachie Rd, Moonachie, New Jersey 07074, US",,NJ,,,,https://coinhubatm.com/locations/us/nj/moonachie/111-moonachie-rd/,{overture},,businesses_conflate,1100,2026-07-22 18:44:37.477175+00,2026-07-22 00:00:00+00,70,65,100,63,50,{},"{""overture"": {""lat"": 40.8398323059082, ""lon"": -74.04801940917969, ""zip"": null, ""city"": null, ""name"": ""Coinhub"", ""brand"": ""Coinhub"", ""phone"": null, ""state"": ""NJ"", ""address"": ""111 Moonachie Rd, Moonachie, New Jersey 07074, US"", ""release"": ""2026-07-22.0"", ""website"": ""https://coinhubatm.com/locations/us/nj/moonachie/111-moonachie-rd/"", ""category"": ""atm_bank"", ""state_raw"": ""NJ"", ""observed_at"": ""2026-07-22T00:00:00+00:00"", ""src_confidence"": 0.8, ""category_source"": ""atms"", ""source_record_id"": ""6497c9de-3c04-4b68-b8db-a1d669991907""}}","'coinhub':1,2",2026-07-22 00:00:00+00,overture,62,likely_open,95,50,0,{}
biz_0da07aa640916ed6,Yiu Wing Inc,grocery,,40.715763092041016,-73.99874877929688,POINT(-73.99874877929688 40.715763092041016),82 Bayard St,New York,NY,10013-4807,,+12123851118,http://www.yiu-wing.hyves.nl,{overture},,businesses_conflate,1100,2026-07-22 18:44:37.477175+00,2026-07-22 00:00:00+00,73,65,100,75,50,{},"{""overture"": {""lat"": 40.715763092041016, ""lon"": -73.99874877929688, ""zip"": ""10013-4807"", ""city"": ""New York"", ""name"": ""Yiu Wing Inc"", ""brand"": null, ""phone"": ""+12123851118"", ""state"": ""NY"", ""address"": ""82 Bayard St"", ""release"": ""2026-07-22.0"", ""website"": ""http://www.yiu-wing.hyves.nl"", ""category"": ""grocery"", ""state_raw"": ""NY"", ""observed_at"": ""2026-07-22T00:00:00+00:00"", ""src_confidence"": 0.9199122190475464, ""category_source"": ""grocery_store"", ""source_record_id"": ""8ee3a18d-e25f-4aa7-a74f-4f2ad127f669""}}",'inc':3 'new':4 'wing':2 'yiu':1 'york':5,2026-07-22 00:00:00+00,overture,62,likely_open,95,50,0,{}
biz_0da6e05250fd44aa,OASES New York,restaurant,,40.73756408691406,-73.99695587158203,POINT(-73.99695587158203 40.73756408691406),101 W 14th St,New York,NY,10011-7341,,+12128102101,https://www.oasesnyc.com/,{overture},,businesses_conflate,1100,2026-07-22 18:44:37.477175+00,2026-07-22 00:00:00+00,73,65,100,75,50,{},"{""overture"": {""lat"": 40.73756408691406, ""lon"": -73.99695587158203, ""zip"": ""10011-7341"", ""city"": ""New York"", ""name"": ""OASES New York"", ""brand"": null, ""phone"": ""+12128102101"", ""state"": ""NY"", ""address"": ""101 W 14th St"", ""release"": ""2026-07-22.0"", ""website"": ""https://www.oasesnyc.com/"", ""category"": ""restaurant"", ""state_raw"": ""NY"", ""observed_at"": ""2026-07-22T00:00:00+00:00"", ""src_confidence"": 0.9902192950248718, ""category_source"": ""restaurant"", ""source_record_id"": ""ca8865e0-dd47-479f-8a90-974c8d4fbe56""}}","'new':2,4 'oas':1 'york':3,5",2026-07-22 00:00:00+00,overture,62,likely_open,95,50,0,{}
biz_0db3676f1053cc1b,Bank of China,atm_bank,,40.713768005371094,-73.9959716796875,POINT(-73.9959716796875 40.713768005371094),42 E Broadway,New York,NY,10002-6803,,+12129252355,http://www.bocusa.com,{overture},,businesses_conflate,1100,2026-07-22 18:44:37.477175+00,2026-07-22 00:00:00+00,73,65,100,75,50,{},"{""overture"": {""lat"": 40.713768005371094, ""lon"": -73.9959716796875, ""zip"": ""10002-6803"", ""city"": ""New York"", ""name"": ""Bank of China"", ""brand"": null, ""phone"": ""+12129252355"", ""state"": ""NY"", ""address"": ""42 E Broadway"", ""release"": ""2026-07-22.0"", ""website"": ""http://www.bocusa.com"", ""category"": ""atm_bank"", ""state_raw"": ""NY"", ""observed_at"": ""2026-07-22T00:00:00+00:00"", ""src_confidence"": 0.8940207362174988, ""category_source"": ""banks"", ""source_record_id"": ""07a097c9-05e9-4bf9-b199-6dd3ef57f513""}}",'bank':1 'china':3 'new':4 'york':5,2026-07-22 00:00:00+00,overture,62,likely_open,95,50,0,{}
biz_0dc544cc8e61a16e,Grand Street Pharmaceutical Llc,pharmacy,,40.71869659423828,-73.99600219726562,POINT(-73.99600219726562 40.71869659423828),215 Grand St,New York,NY,10013-4223,,12126259505,,{overture},,businesses_conflate,1100,2026-07-22 18:44:37.477175+00,2026-07-22 00:00:00+00,70,65,100,63,50,{},"{""overture"": {""lat"": 40.71869659423828, ""lon"": -73.99600219726562, ""zip"": ""10013-4223"", ""city"": ""New York"", ""name"": ""Grand Street Pharmaceutical Llc"", ""brand"": null, ""phone"": ""12126259505"", ""state"": ""NY"", ""address"": ""215 Grand St"", ""release"": ""2026-07-22.0"", ""website"": null, ""category"": ""pharmacy"", ""state_raw"": ""NY"", ""observed_at"": ""2026-07-22T00:00:00+00:00"", ""src_confidence"": 0.65, ""category_source"": ""pharmacy"", ""source_record_id"": ""77100a44-b529-4653-97a6-be3bee7fe359""}}",'grand':1 'llc':4 'new':5 'pharmaceut':3 'street':2 'york':6,2026-07-22 00:00:00+00,overture,62,likely_open,95,50,0,{}
biz_0dcdd75232b0320d,Chefs Club Counter,restaurant,,40.72229766845703,-73.99739074707031,POINT(-73.99739074707031 40.72229766845703),62 Spring St,New York,NY,10012,,(646) 438-9172,https://www.chefsclub.com/clubcounter/,{overture},,businesses_conflate,1100,2026-07-22 18:44:37.477175+00,2026-07-22 00:00:00+00,73,65,100,75,50,{},"{""overture"": {""lat"": 40.72229766845703, ""lon"": -73.99739074707031, ""zip"": ""10012"", ""city"": ""New York"", ""name"": ""Chefs Club Counter"", ""brand"": null, ""phone"": ""(646) 438-9172"", ""state"": ""NY"", ""address"": ""62 Spring St"", ""release"": ""2026-07-22.0"", ""website"": ""https://www.chefsclub.com/clubcounter/"", ""category"": ""restaurant"", ""state_raw"": ""NY"", ""observed_at"": ""2026-07-22T00:00:00+00:00"", ""src_confidence"": 0.9514773488044739, ""category_source"": ""restaurant"", ""source_record_id"": ""de7dc4f5-86bd-438b-990e-123ed20bd11b""}}",'chef':1 'club':2 'counter':3 'new':4 'york':5,2026-07-22 00:00:00+00,overture,62,likely_open,95,50,0,{}
biz_0de166b5857d3c8c,Casablanca Tea Room,restaurant,,40.72526550292969,-73.9979248046875,POINT(-73.9979248046875 40.72526550292969),164 Mercer St,New York,NY,10012-3215,,,,{overture},,businesses_conflate,1100,2026-07-22 18:44:37.477175+00,2026-07-22 00:00:00+00,68,65,100,50,50,{},"{""overture"": {""lat"": 40.72526550292969, ""lon"": -73.9979248046875, ""zip"": ""10012-3215"", ""city"": ""New York"", ""name"": ""Casablanca Tea Room"", ""brand"": null, ""phone"": null, ""state"": ""NY"", ""address"": ""164 Mercer St"", ""release"": ""2026-07-22.0"", ""website"": null, ""category"": ""restaurant"", ""state_raw"": ""NY"", ""observed_at"": ""2026-07-22T00:00:00+00:00"", ""src_confidence"": 0.95, ""category_source"": ""restaurant"", ""source_record_id"": ""9b35a39e-c14e-4e76-af77-f060ab2b3653""}}",'casablanca':1 'new':4 'room':3 'tea':2 'york':5,2026-07-22 00:00:00+00,overture,62,likely_open,95,50,0,{}
biz_0deab7e2fac06fc2,Citi,atm_bank,Citi,40.72124099731445,-74.00019073486328,POINT(-74.00019073486328 40.72124099731445),476 Broadway,New York,NY,10013-2621,,+19177461197,http://www.citi.com/,{overture},,businesses_conflate,1100,2026-07-22 18:44:37.477175+00,2026-07-22 00:00:00+00,78,65,100,100,50,{},"{""overture"": {""lat"": 40.72124099731445, ""lon"": -74.00019073486328, ""zip"": ""10013-2621"", ""city"": ""New York"", ""name"": ""Citi"", ""brand"": ""Citi"", ""phone"": ""+19177461197"", ""state"": ""NY"", ""address"": ""476 Broadway"", ""release"": ""2026-07-22.0"", ""website"": ""http://www.citi.com/"", ""category"": ""atm_bank"", ""state_raw"": ""NY"", ""observed_at"": ""2026-07-22T00:00:00+00:00"", ""src_confidence"": 0.9664633274078369, ""category_source"": ""bank_credit_union"", ""source_record_id"": ""1cff1d60-6e82-477a-aa5b-5ffc08de49dd""}}","'citi':1,2 'new':3 'york':4",2026-07-22 00:00:00+00,overture,62,likely_open,95,50,0,{}
biz_0e0bc9524e851a4c,House of Domes,restaurant,,40.727081298828125,-74.006103515625,POINT(-74.006103515625 40.727081298828125),66 Charlton St,New York,NY,10014-4601,,+12122063766,http://www.houseofdomesnyc.com/,{overture},,businesses_conflate,1100,2026-07-22 18:44:37.477175+00,2026-07-22 00:00:00+00,73,65,100,75,50,{},"{""overture"": {""lat"": 40.727081298828125, ""lon"": -74.006103515625, ""zip"": ""10014-4601"", ""city"": ""New York"", ""name"": ""House of Domes"", ""brand"": null, ""phone"": ""+12122063766"", ""state"": ""NY"", ""address"": ""66 Charlton St"", ""release"": ""2026-07-22.0"", ""website"": ""http://www.houseofdomesnyc.com/"", ""category"": ""restaurant"", ""state_raw"": ""NY"", ""observed_at"": ""2026-07-22T00:00:00+00:00"", ""src_confidence"": 0.9722161889076233, ""category_source"": ""restaurant"", ""source_record_id"": ""339f5954-735e-4758-b128-fc9be872ecde""}}",'dome':3 'hous':1 'new':4 'york':5,2026-07-22 00:00:00+00,overture,62,likely_open,95,50,0,{}
biz_0e1582048c509357,Pearl Cafe,restaurant,,40.708160400390625,-74.00396728515625,POINT(-74.00396728515625 40.708160400390625),49 Fulton St,New York,NY,10038-1836,,2129641862,,{overture},,businesses_conflate,1100,2026-07-22 18:44:37.477175+00,2026-07-22 00:00:00+00,70,65,100,63,50,{},"{""overture"": {""lat"": 40.708160400390625, ""lon"": -74.00396728515625, ""zip"": ""10038-1836"", ""city"": ""New York"", ""name"": ""Pearl Cafe"", ""brand"": null, ""phone"": ""2129641862"", ""state"": ""NY"", ""address"": ""49 Fulton St"", ""release"": ""2026-07-22.0"", ""website"": null, ""category"": ""restaurant"", ""state_raw"": ""NY"", ""observed_at"": ""2026-07-22T00:00:00+00:00"", ""src_confidence"": 0.9885, ""category_source"": ""restaurant"", ""source_record_id"": ""5e7e012f-79df-45e0-8b55-912bb98c854b""}}",'cafe':2 'new':3 'pearl':1 'york':4,2026-07-22 00:00:00+00,overture,62,likely_open,95,50,0,{}
biz_0e217e841399cc46,Essex On Coney Downtown,restaurant,,40.7067985534668,-74.01387786865234,POINT(-74.01387786865234 40.7067985534668),17 Trinity Pl,New York,NY,10006,,(212) 809-3000,http://essexdowntown.com/,{overture},,businesses_conflate,1100,2026-07-22 18:44:37.477175+00,2026-07-22 00:00:00+00,73,65,100,75,50,{},"{""overture"": {""lat"": 40.7067985534668, ""lon"": -74.01387786865234, ""zip"": ""10006"", ""city"": ""New York"", ""name"": ""Essex On Coney Downtown"", ""brand"": null, ""phone"": ""(212) 809-3000"", ""state"": ""NY"", ""address"": ""17 Trinity Pl"", ""release"": ""2026-07-22.0"", ""website"": ""http://essexdowntown.com/"", ""category"": ""restaurant"", ""state_raw"": ""NY"", ""observed_at"": ""2026-07-22T00:00:00+00:00"", ""src_confidence"": 0.9199122190475464, ""category_source"": ""restaurant"", ""source_record_id"": ""553d62b1-111c-48fc-8b3a-5d447f628e3b""}}",'coney':3 'downtown':4 'essex':1 'new':5 'york':6,2026-07-22 00:00:00+00,overture,62,likely_open,95,50,0,{}
biz_0e2bc67d387b9013,Capital One Bank,atm_bank,,40.715396881103516,-74.00950622558594,POINT(-74.00950622558594 40.715396881103516),90 W Broadway,New York,NY,10007,,2124065900,http://maps.capitalone.com/locator/LocationDetail.action?id=81697&address&city&state&zip=10007&searchType=branchSearch&useRadius=-1,{overture},,businesses_conflate,1100,2026-07-22 18:44:37.477175+00,2026-07-22 00:00:00+00,73,65,100,75,50,{},"{""overture"": {""lat"": 40.715396881103516, ""lon"": -74.00950622558594, ""zip"": ""10007"", ""city"": ""New York"", ""name"": ""Capital One Bank"", ""brand"": null, ""phone"": ""2124065900"", ""state"": ""NY"", ""address"": ""90 W Broadway"", ""release"": ""2026-07-22.0"", ""website"": ""http://maps.capitalone.com/locator/LocationDetail.action?id=81697&address&city&state&zip=10007&searchType=branchSearch&useRadius=-1"", ""category"": ""atm_bank"", ""state_raw"": ""NY"", ""observed_at"": ""2026-07-22T00:00:00+00:00"", ""src_confidence"": 0.9199122190475464, ""category_source"": ""bank_credit_union"", ""source_record_id"": ""f3f37056-f7ad-4a3a-8bf5-c6bff3357e70""}}",'bank':3 'capit':1 'new':4 'one':2 'york':5,2026-07-22 00:00:00+00,overture,62,likely_open,95,50,0,{}
biz_0e4374ec2c7939a8,Dunkin',cafe,Dunkin',40.708805084228516,-74.0052261352539,POINT(-74.0052261352539 40.708805084228516),58 Fulton St,New York,NY,10038-1857,,+12123232902,https://www.dunkindonuts.com/?utm_source=facebook&utm_medium=local&utm_campaign=localmaps&utm_content=347025,{overture},,businesses_conflate,1100,2026-07-22 18:44:37.477175+00,2026-07-22 00:00:00+00,78,65,100,100,50,{},"{""overture"": {""lat"": 40.708805084228516, ""lon"": -74.0052261352539, ""zip"": ""10038-1857"", ""city"": ""New York"", ""name"": ""Dunkin'"", ""brand"": ""Dunkin'"", ""phone"": ""+12123232902"", ""state"": ""NY"", ""address"": ""58 Fulton St"", ""release"": ""2026-07-22.0"", ""website"": ""https://www.dunkindonuts.com/?utm_source=facebook&utm_medium=local&utm_campaign=localmaps&utm_content=347025"", ""category"": ""cafe"", ""state_raw"": ""NY"", ""observed_at"": ""2026-07-22T00:00:00+00:00"", ""src_confidence"": 0.9778743386268616, ""category_source"": ""coffee_shop"", ""source_record_id"": ""74374a05-95d7-437d-bd8f-dcf7ed42aba9""}}","'dunkin':1,2 'new':3 'york':4",2026-07-22 00:00:00+00,overture,62,likely_open,95,50,0,{}
biz_0e48b77436673f36,Soho Deli Grocery,grocery,,40.721336364746094,-74.00496673583984,POINT(-74.00496673583984 40.721336364746094),386 Canal St,New York,NY,10013-1601,,12129416236,https://sohodeligrocery.com,{overture},,businesses_conflate,1100,2026-07-22 18:44:37.477175+00,2026-07-22 00:00:00+00,73,65,100,75,50,{},"{""overture"": {""lat"": 40.721336364746094, ""lon"": -74.00496673583984, ""zip"": ""10013-1601"", ""city"": ""New York"", ""name"": ""Soho Deli Grocery"", ""brand"": null, ""phone"": ""12129416236"", ""state"": ""NY"", ""address"": ""386 Canal St"", ""release"": ""2026-07-22.0"", ""website"": ""https://sohodeligrocery.com"", ""category"": ""grocery"", ""state_raw"": ""NY"", ""observed_at"": ""2026-07-22T00:00:00+00:00"", ""src_confidence"": 0.95, ""category_source"": ""grocery_store"", ""source_record_id"": ""9a0e24ea-dd1b-488d-bbae-987ed05881f2""}}",'deli':2 'groceri':3 'new':4 'soho':1 'york':5,2026-07-22 00:00:00+00,overture,62,likely_open,95,50,0,{}
biz_0e6c1b2254ce8d07,Cafe Grumpy,cafe,Cafe Grumpy,40.70399856567383,-74.0119400024414,POINT(-74.0119400024414 40.70399856567383),20 Stone St,New York,NY,10004-2202,,+16468389306,http://cafegrumpy.com,{overture},,businesses_conflate,1100,2026-07-22 18:44:37.477175+00,2026-07-22 00:00:00+00,78,65,100,100,50,{},"{""overture"": {""lat"": 40.70399856567383, ""lon"": -74.0119400024414, ""zip"": ""10004-2202"", ""city"": ""New York"", ""name"": ""Cafe Grumpy"", ""brand"": ""Cafe Grumpy"", ""phone"": ""+16468389306"", ""state"": ""NY"", ""address"": ""20 Stone St"", ""release"": ""2026-07-22.0"", ""website"": ""http://cafegrumpy.com"", ""category"": ""cafe"", ""state_raw"": ""NY"", ""observed_at"": ""2026-07-22T00:00:00+00:00"", ""src_confidence"": 0.9902192950248718, ""category_source"": ""cafe"", ""source_record_id"": ""9772dfbc-f9e6-414c-9948-0ec60d72136e""}}","'cafe':1,3 'grumpi':2,4 'new':5 'york':6",2026-07-22 00:00:00+00,overture,62,likely_open,95,50,0,{}
biz_0e831c1e7a836986,Wells Fargo ATM,atm_bank,,40.73265838623047,-74.00003814697266,POINT(-74.00003814697266 40.73265838623047),374 6TH AVE,NEW YORK,NY,10011,,8008693557,https://www.wellsfargo.com/locator/bank/374__6TH__AVE_NEW__YORK_NY_10011/,{overture},,businesses_conflate,1100,2026-07-22 18:44:37.477175+00,2026-07-22 00:00:00+00,73,65,100,75,50,{},"{""overture"": {""lat"": 40.73265838623047, ""lon"": -74.00003814697266, ""zip"": ""10011"", ""city"": ""NEW YORK"", ""name"": ""Wells Fargo ATM"", ""brand"": null, ""phone"": ""8008693557"", ""state"": ""NY"", ""address"": ""374 6TH AVE"", ""release"": ""2026-07-22.0"", ""website"": ""https://www.wellsfargo.com/locator/bank/374__6TH__AVE_NEW__YORK_NY_10011/"", ""category"": ""atm_bank"", ""state_raw"": ""NY"", ""observed_at"": ""2026-07-22T00:00:00+00:00"", ""src_confidence"": 0.85, ""category_source"": ""atms"", ""source_record_id"": ""7c69d3c3-eda6-419f-82d3-7660b0e83043""}}",'atm':3 'fargo':2 'new':4 'well':1 'york':5,2026-07-22 00:00:00+00,overture,62,likely_open,95,50,0,{}
biz_0ea5969270845a69,Kaffe 1668,cafe,Kaffe 1668,40.715240478515625,-74.01113891601562,POINT(-74.01113891601562 40.715240478515625),275 Greenwich St,New York,NY,10007-0071,,+12126933750,http://kaffe1668.com/,{overture},,businesses_conflate,1100,2026-07-22 18:44:37.477175+00,2026-07-22 00:00:00+00,78,65,100,100,50,{},"{""overture"": {""lat"": 40.715240478515625, ""lon"": -74.01113891601562, ""zip"": ""10007-0071"", ""city"": ""New York"", ""name"": ""Kaffe 1668"", ""brand"": ""Kaffe 1668"", ""phone"": ""+12126933750"", ""state"": ""NY"", ""address"": ""275 Greenwich St"", ""release"": ""2026-07-22.0"", ""website"": ""http://kaffe1668.com/"", ""category"": ""cafe"", ""state_raw"": ""NY"", ""observed_at"": ""2026-07-22T00:00:00+00:00"", ""src_confidence"": 0.9902192950248718, ""category_source"": ""cafe"", ""source_record_id"": ""5ec15cc7-4a66-48f7-a27b-18f5a186b80a""}}","'1668':2,4 'kaff':1,3 'new':5 'york':6",2026-07-22 00:00:00+00,overture,62,likely_open,95,50,0,{}
biz_0eb3c8e3146ed280,Hotel From John Wick,hotel,,40.70530700683594,-74.008544921875,POINT(-74.008544921875 40.70530700683594),155 Pearl St,New York,NY,10005-1610,,,https://katherinehca2703.wixsite.com/hotellexury,{overture},,businesses_conflate,1100,2026-07-22 18:44:37.477175+00,2026-07-22 00:00:00+00,70,65,100,63,50,{},"{""overture"": {""lat"": 40.70530700683594, ""lon"": -74.008544921875, ""zip"": ""10005-1610"", ""city"": ""New York"", ""name"": ""Hotel From John Wick"", ""brand"": null, ""phone"": null, ""state"": ""NY"", ""address"": ""155 Pearl St"", ""release"": ""2026-07-22.0"", ""website"": ""https://katherinehca2703.wixsite.com/hotellexury"", ""category"": ""hotel"", ""state_raw"": ""NY"", ""observed_at"": ""2026-07-22T00:00:00+00:00"", ""src_confidence"": 0.8208225965499878, ""category_source"": ""hotel"", ""source_record_id"": ""e9505d68-f752-405f-a120-9277a6067d1f""}}",'hotel':1 'john':3 'new':5 'wick':4 'york':6,2026-07-22 00:00:00+00,overture,62,likely_open,95,50,0,{}
biz_0ed165104647f9e7,Blue Bottle Coffee,cafe,Blue Bottle Coffee,40.710594177246094,-74.01215362548828,POINT(-74.01215362548828 40.710594177246094),150 Greenwich St,New York,NY,10007-2355,,+15106613510,https://bluebottlecoffee.com/,{overture},,businesses_conflate,1100,2026-07-22 18:44:37.477175+00,2026-07-22 00:00:00+00,78,65,100,100,50,{},"{""overture"": {""lat"": 40.710594177246094, ""lon"": -74.01215362548828, ""zip"": ""10007-2355"", ""city"": ""New York"", ""name"": ""Blue Bottle Coffee"", ""brand"": ""Blue Bottle Coffee"", ""phone"": ""+15106613510"", ""state"": ""NY"", ""address"": ""150 Greenwich St"", ""release"": ""2026-07-22.0"", ""website"": ""https://bluebottlecoffee.com/"", ""category"": ""cafe"", ""state_raw"": ""NY"", ""observed_at"": ""2026-07-22T00:00:00+00:00"", ""src_confidence"": 0.9998316937685012, ""category_source"": ""coffee_shop"", ""source_record_id"": ""5fed1d3e-0d46-49c7-baa4-9f394d6fcd7b""}}","'blue':1,4 'bottl':2,5 'coffe':3,6 'new':7 'york':8",2026-07-22 00:00:00+00,overture,62,likely_open,95,50,0,{}
biz_0efb307f90db2b15,Lokl Cafe,cafe,,40.722740173339844,-74.0041732788086,POINT(-74.0041732788086 40.722740173339844),38 Grand St,New York,NY,10013,,,https://www.myloklcafe.com,{overture},,businesses_conflate,1100,2026-07-22 18:44:37.477175+00,2026-07-22 00:00:00+00,70,65,100,63,50,{},"{""overture"": {""lat"": 40.722740173339844, ""lon"": -74.0041732788086, ""zip"": ""10013"", ""city"": ""New York"", ""name"": ""Lokl Cafe"", ""brand"": null, ""phone"": null, ""state"": ""NY"", ""address"": ""38 Grand St"", ""release"": ""2026-07-22.0"", ""website"": ""https://www.myloklcafe.com"", ""category"": ""cafe"", ""state_raw"": ""NY"", ""observed_at"": ""2026-07-22T00:00:00+00:00"", ""src_confidence"": 0.77, ""category_source"": ""cafe"", ""source_record_id"": ""96f9b584-e284-4e12-b0d6-a238d922865b""}}",'cafe':2 'lokl':1 'new':3 'york':4,2026-07-22 00:00:00+00,overture,62,likely_open,95,50,0,{}
biz_0f41f507d0ad81c8,Tricialwilliams,grocery,,40.712886810302734,-74.0089111328125,POINT(-74.0089111328125 40.712886810302734),30 Park Pl # 53,New York,NY,10007-2559,,,https://triciawilliams.biz,{overture},,businesses_conflate,1100,2026-07-22 18:44:37.477175+00,2026-07-22 00:00:00+00,70,65,100,63,50,{},"{""overture"": {""lat"": 40.712886810302734, ""lon"": -74.0089111328125, ""zip"": ""10007-2559"", ""city"": ""New York"", ""name"": ""Tricialwilliams"", ""brand"": null, ""phone"": null, ""state"": ""NY"", ""address"": ""30 Park Pl # 53"", ""release"": ""2026-07-22.0"", ""website"": ""https://triciawilliams.biz"", ""category"": ""grocery"", ""state_raw"": ""NY"", ""observed_at"": ""2026-07-22T00:00:00+00:00"", ""src_confidence"": 0.95, ""category_source"": ""grocery_store"", ""source_record_id"": ""c7272992-0964-49bf-b019-5fee207fd4f9""}}",'new':2 'tricialwilliam':1 'york':3,2026-07-22 00:00:00+00,overture,62,likely_open,95,50,0,{}
biz_0f6aea7eeb3b8f18,Entrepreneurs Llc,restaurant,,40.719207763671875,-74.0423583984375,POINT(-74.0423583984375 40.719207763671875),95 Christopher Columbus Dr,Jersey City,NJ,07302-2978,,,,{overture},,businesses_conflate,1100,2026-07-22 18:44:37.477175+00,2026-07-22 00:00:00+00,68,65,100,50,50,{},"{""overture"": {""lat"": 40.719207763671875, ""lon"": -74.0423583984375, ""zip"": ""07302-2978"", ""city"": ""Jersey City"", ""name"": ""Entrepreneurs Llc"", ""brand"": null, ""phone"": null, ""state"": ""NJ"", ""address"": ""95 Christopher Columbus Dr"", ""release"": ""2026-07-22.0"", ""website"": null, ""category"": ""restaurant"", ""state_raw"": ""NJ"", ""observed_at"": ""2026-07-22T00:00:00+00:00"", ""src_confidence"": 0.95, ""category_source"": ""restaurant"", ""source_record_id"": ""0caae29d-06a4-4294-bcf7-386a3966efe8""}}",'citi':4 'entrepreneur':1 'jersey':3 'llc':2,2026-07-22 00:00:00+00,overture,62,likely_open,95,50,0,{}
biz_0f958a9c96101eb4,Vittorio Cucina Regionale Italiana Restaurant,restaurant,,40.73258590698242,-74.00398254394531,POINT(-74.00398254394531 40.73258590698242),308 Bleecker St,New York,NY,10014,,(212) 463-0730,http://www.vittoriocri.com/,{overture},,businesses_conflate,1100,2026-07-22 18:44:37.477175+00,2026-07-22 00:00:00+00,73,65,100,75,50,{},"{""overture"": {""lat"": 40.73258590698242, ""lon"": -74.00398254394531, ""zip"": ""10014"", ""city"": ""New York"", ""name"": ""Vittorio Cucina Regionale Italiana Restaurant"", ""brand"": null, ""phone"": ""(212) 463-0730"", ""state"": ""NY"", ""address"": ""308 Bleecker St"", ""release"": ""2026-07-22.0"", ""website"": ""http://www.vittoriocri.com/"", ""category"": ""restaurant"", ""state_raw"": ""NY"", ""observed_at"": ""2026-07-22T00:00:00+00:00"", ""src_confidence"": 0.9199122190475464, ""category_source"": ""restaurant"", ""source_record_id"": ""f7859cf6-fa95-4402-a303-08d1ce7e43b1""}}",'cucina':2 'italiana':4 'new':6 'regional':3 'restaur':5 'vittorio':1 'york':7,2026-07-22 00:00:00+00,overture,62,likely_open,95,50,0,{}
biz_0f97dcb36d13ea93,Taste Chinese,restaurant,,40.71559143066406,-74.00743865966797,POINT(-74.00743865966797 40.71559143066406),178 Church St,New York,NY,10013,,2123350290,http://ordertastechineserestaurant.com/,{overture},,businesses_conflate,1100,2026-07-22 18:44:37.477175+00,2026-07-22 00:00:00+00,73,65,100,75,50,{},"{""overture"": {""lat"": 40.71559143066406, ""lon"": -74.00743865966797, ""zip"": ""10013"", ""city"": ""New York"", ""name"": ""Taste Chinese"", ""brand"": null, ""phone"": ""2123350290"", ""state"": ""NY"", ""address"": ""178 Church St"", ""release"": ""2026-07-22.0"", ""website"": ""http://ordertastechineserestaurant.com/"", ""category"": ""restaurant"", ""state_raw"": ""NY"", ""observed_at"": ""2026-07-22T00:00:00+00:00"", ""src_confidence"": 0.9475, ""category_source"": ""restaurant"", ""source_record_id"": ""ea241b64-2795-40ac-87a2-3dbaf45b19eb""}}",'chines':2 'new':3 'tast':1 'york':4,2026-07-22 00:00:00+00,overture,62,likely_open,95,50,0,{}
biz_0f9a66a96cc2229a,"View, Marriot Marques Manhattan",hotel,,40.71565628051758,-74.00890350341797,POINT(-74.00890350341797 40.71565628051758),,New York,NY,,,,http://www.marriott.com/hotels/travel/nycmq,{overture},,businesses_conflate,1100,2026-07-22 18:44:37.477175+00,2026-07-22 00:00:00+00,63,65,100,25,50,{},"{""overture"": {""lat"": 40.71565628051758, ""lon"": -74.00890350341797, ""zip"": null, ""city"": ""New York"", ""name"": ""View, Marriot Marques Manhattan"", ""brand"": null, ""phone"": null, ""state"": ""NY"", ""address"": null, ""release"": ""2026-07-22.0"", ""website"": ""http://www.marriott.com/hotels/travel/nycmq"", ""category"": ""hotel"", ""state_raw"": ""NY"", ""observed_at"": ""2026-07-22T00:00:00+00:00"", ""src_confidence"": 0.6663655042648315, ""category_source"": ""hotel"", ""source_record_id"": ""39df06c0-1095-433f-ab3a-575790ed2728""}}",'manhattan':4 'marqu':3 'marriot':2 'new':5 'view':1 'york':6,2026-07-22 00:00:00+00,overture,62,likely_open,95,50,0,{}
biz_10104a442ad81a69,Arlo SoHo,hotel,Arlo Hotels,40.724483489990234,-74.00790405273438,POINT(-74.00790405273438 40.724483489990234),231 Hudson St,New York,NY,10013-1412,,+12123427000,https://www.arlohotels.com/soho?utm_medium=yext&utm_source=fb&utm_campaign=hotel-soho,{overture},,businesses_conflate,1100,2026-07-22 18:44:37.477175+00,2026-07-22 00:00:00+00,78,65,100,100,50,{},"{""overture"": {""lat"": 40.724483489990234, ""lon"": -74.00790405273438, ""zip"": ""10013-1412"", ""city"": ""New York"", ""name"": ""Arlo SoHo"", ""brand"": ""Arlo Hotels"", ""phone"": ""+12123427000"", ""state"": ""NY"", ""address"": ""231 Hudson St"", ""release"": ""2026-07-22.0"", ""website"": ""https://www.arlohotels.com/soho?utm_medium=yext&utm_source=fb&utm_campaign=hotel-soho"", ""category"": ""hotel"", ""state_raw"": ""NY"", ""observed_at"": ""2026-07-22T00:00:00+00:00"", ""src_confidence"": 0.9985699653625488, ""category_source"": ""hotel"", ""source_record_id"": ""94efc9ea-c106-4f85-b9ec-8e83dae21327""}}","'arlo':1,3 'hotel':4 'new':5 'soho':2 'york':6",2026-07-22 00:00:00+00,overture,62,likely_open,95,50,0,{}
biz_1013e0a668408983,Revinate Inc,hotel,,40.71880340576172,-74.0025863647461,POINT(-74.0025863647461 40.71880340576172),401 Broadway,New York,NY,10013-3005,,7184964480,https://www.revinate.com,{overture},,businesses_conflate,1100,2026-07-22 18:44:37.477175+00,2026-07-22 00:00:00+00,73,65,100,75,50,{},"{""overture"": {""lat"": 40.71880340576172, ""lon"": -74.0025863647461, ""zip"": ""10013-3005"", ""city"": ""New York"", ""name"": ""Revinate Inc"", ""brand"": null, ""phone"": ""7184964480"", ""state"": ""NY"", ""address"": ""401 Broadway"", ""release"": ""2026-07-22.0"", ""website"": ""https://www.revinate.com"", ""category"": ""hotel"", ""state_raw"": ""NY"", ""observed_at"": ""2026-07-22T00:00:00+00:00"", ""src_confidence"": 0.9195, ""category_source"": ""hotel"", ""source_record_id"": ""4ec8d86c-ec49-49f3-ab43-f484b16aab93""}}",'inc':2 'new':3 'revin':1 'york':4,2026-07-22 00:00:00+00,overture,62,likely_open,95,50,0,{}
biz_10151b89845b3d32,Mermaid Mexicana,restaurant,,40.72882843017578,-74.0018310546875,POINT(-74.0018310546875 40.72882843017578),79 Macdougal St,New York,NY,10012-2514,,2124008800,themermaidnyc.com,{overture},,businesses_conflate,1100,2026-07-22 18:44:37.477175+00,2026-07-22 00:00:00+00,73,65,100,75,50,{},"{""overture"": {""lat"": 40.72882843017578, ""lon"": -74.0018310546875, ""zip"": ""10012-2514"", ""city"": ""New York"", ""name"": ""Mermaid Mexicana"", ""brand"": null, ""phone"": ""2124008800"", ""state"": ""NY"", ""address"": ""79 Macdougal St"", ""release"": ""2026-07-22.0"", ""website"": ""themermaidnyc.com"", ""category"": ""restaurant"", ""state_raw"": ""NY"", ""observed_at"": ""2026-07-22T00:00:00+00:00"", ""src_confidence"": 0.9199122190475464, ""category_source"": ""restaurant"", ""source_record_id"": ""f961a9c8-1a57-4842-ad92-7a7375323150""}}",'mermaid':1 'mexicana':2 'new':3 'york':4,2026-07-22 00:00:00+00,overture,62,likely_open,95,50,0,{}
biz_101f0784b9cd7d3c,٨/١ كبدة الأقصر- Tomn Kebda Luxor,restaurant,,40.71670150756836,-74,POINT(-74 40.71670150756836),الأقصر _الفيروز _ شارع الفرن  بجوار كافيه البيت الريفي .,New York,NY,<<not-applicable>>,,+201050935969,,{overture},,businesses_conflate,1100,2026-07-22 18:44:37.477175+00,2026-07-22 00:00:00+00,70,65,100,63,50,{},"{""overture"": {""lat"": 40.71670150756836, ""lon"": -74, ""zip"": ""<<not-applicable>>"", ""city"": ""New York"", ""name"": ""٨/١ كبدة الأقصر- Tomn Kebda Luxor"", ""brand"": null, ""phone"": ""+201050935969"", ""state"": ""NY"", ""address"": ""الأقصر _الفيروز _ شارع الفرن  بجوار كافيه البيت الريفي ."", ""release"": ""2026-07-22.0"", ""website"": null, ""category"": ""restaurant"", ""state_raw"": ""NY"", ""observed_at"": ""2026-07-22T00:00:00+00:00"", ""src_confidence"": 0.30837440490722656, ""category_source"": ""restaurant"", ""source_record_id"": ""ae13e26c-2e3f-4159-92dd-18c2f9a3b90b""}}",'kebda':6 'luxor':7 'new':8 'tomn':5 'york':9 'الأقصر':4 'كبدة':3 '١':2 '٨':1,2026-07-22 00:00:00+00,overture,62,likely_open,95,50,0,{}
biz_103970970f592e5f,Starbucks,cafe,Starbucks,40.72629165649414,-74.03312683105469,POINT(-74.03312683105469 40.72629165649414),111 Town Square Pl,Jersey City,NJ,07310-1723,,+12016109766,https://www.starbucks.com/store-locator/store/16665/,{overture},,businesses_conflate,1100,2026-07-22 18:44:37.477175+00,2026-07-22 00:00:00+00,78,65,100,100,50,{},"{""overture"": {""lat"": 40.72629165649414, ""lon"": -74.03312683105469, ""zip"": ""07310-1723"", ""city"": ""Jersey City"", ""name"": ""Starbucks"", ""brand"": ""Starbucks"", ""phone"": ""+12016109766"", ""state"": ""NJ"", ""address"": ""111 Town Square Pl"", ""release"": ""2026-07-22.0"", ""website"": ""https://www.starbucks.com/store-locator/store/16665/"", ""category"": ""cafe"", ""state_raw"": ""NJ"", ""observed_at"": ""2026-07-22T00:00:00+00:00"", ""src_confidence"": 0.9902192950248718, ""category_source"": ""coffee_shop"", ""source_record_id"": ""edb8555b-c777-43ed-88ba-8651c5e1ccbe""}}","'citi':4 'jersey':3 'starbuck':1,2",2026-07-22 00:00:00+00,overture,62,likely_open,95,50,0,{}
biz_10606187e846418d,Think Tribeca Llc,restaurant,,40.71997833251953,-74.00325012207031,POINT(-74.00325012207031 40.71997833251953),350 Broadway,Canal Street,NY,10013-3911,,,,{overture},,businesses_conflate,1100,2026-07-22 18:44:37.477175+00,2026-07-22 00:00:00+00,68,65,100,50,50,{},"{""overture"": {""lat"": 40.71997833251953, ""lon"": -74.00325012207031, ""zip"": ""10013-3911"", ""city"": ""Canal Street"", ""name"": ""Think Tribeca Llc"", ""brand"": null, ""phone"": null, ""state"": ""NY"", ""address"": ""350 Broadway"", ""release"": ""2026-07-22.0"", ""website"": null, ""category"": ""restaurant"", ""state_raw"": ""NY"", ""observed_at"": ""2026-07-22T00:00:00+00:00"", ""src_confidence"": 0.95, ""category_source"": ""restaurant"", ""source_record_id"": ""56729804-090f-485b-87e4-329d06643ee9""}}",'canal':4 'llc':3 'street':5 'think':1 'tribeca':2,2026-07-22 00:00:00+00,overture,62,likely_open,95,50,0,{}
biz_1065cd580bb869f0,Britti Caffe,cafe,,40.725807189941406,-74.00167846679688,POINT(-74.00167846679688 40.725807189941406),110 Thompson St,New York,NY,10012,,(212) 334-6604,http://www.nakedlunchnyc.com,{overture},,businesses_conflate,1100,2026-07-22 18:44:37.477175+00,2026-07-22 00:00:00+00,73,65,100,75,50,{},"{""overture"": {""lat"": 40.725807189941406, ""lon"": -74.00167846679688, ""zip"": ""10012"", ""city"": ""New York"", ""name"": ""Britti Caffe"", ""brand"": null, ""phone"": ""(212) 334-6604"", ""state"": ""NY"", ""address"": ""110 Thompson St"", ""release"": ""2026-07-22.0"", ""website"": ""http://www.nakedlunchnyc.com"", ""category"": ""cafe"", ""state_raw"": ""NY"", ""observed_at"": ""2026-07-22T00:00:00+00:00"", ""src_confidence"": 0.9199122190475464, ""category_source"": ""cafe"", ""source_record_id"": ""ce671143-63bc-4df1-9f35-473753c6eec1""}}",'britti':1 'caff':2 'new':3 'york':4,2026-07-22 00:00:00+00,overture,62,likely_open,95,50,0,{}
biz_107b031c142c9f2e,Downtown Pharmacy,pharmacy,,40.71026611328125,-74.00584411621094,POINT(-74.00584411621094 40.71026611328125),165 William St,New York,NY,10038-2605,,+12122330333,http://www.downtownpharmacy.com,{overture},,businesses_conflate,1100,2026-07-22 18:44:37.477175+00,2026-07-22 00:00:00+00,73,65,100,75,50,{},"{""overture"": {""lat"": 40.71026611328125, ""lon"": -74.00584411621094, ""zip"": ""10038-2605"", ""city"": ""New York"", ""name"": ""Downtown Pharmacy"", ""brand"": null, ""phone"": ""+12122330333"", ""state"": ""NY"", ""address"": ""165 William St"", ""release"": ""2026-07-22.0"", ""website"": ""http://www.downtownpharmacy.com"", ""category"": ""pharmacy"", ""state_raw"": ""NY"", ""observed_at"": ""2026-07-22T00:00:00+00:00"", ""src_confidence"": 0.9902192950248718, ""category_source"": ""pharmacy"", ""source_record_id"": ""ba01878c-674c-43fb-a552-1a8720b6b59c""}}",'downtown':1 'new':3 'pharmaci':2 'york':4,2026-07-22 00:00:00+00,overture,62,likely_open,95,50,0,{}
biz_10a1f9112c300de4,The Lobster Inn,hotel,,40.7124137878418,-73.99557495117188,POINT(-73.99557495117188 40.7124137878418),95 Madison St,New York,NY,10002-7216,,,,{overture},,businesses_conflate,1100,2026-07-22 18:44:37.477175+00,2026-07-22 00:00:00+00,68,65,100,50,50,{},"{""overture"": {""lat"": 40.7124137878418, ""lon"": -73.99557495117188, ""zip"": ""10002-7216"", ""city"": ""New York"", ""name"": ""The Lobster Inn"", ""brand"": null, ""phone"": null, ""state"": ""NY"", ""address"": ""95 Madison St"", ""release"": ""2026-07-22.0"", ""website"": null, ""category"": ""hotel"", ""state_raw"": ""NY"", ""observed_at"": ""2026-07-22T00:00:00+00:00"", ""src_confidence"": 0.5586032867431641, ""category_source"": ""hotel"", ""source_record_id"": ""b78d6502-49c1-47cc-bfee-b330aba905f0""}}",'inn':3 'lobster':2 'new':4 'york':5,2026-07-22 00:00:00+00,overture,62,likely_open,95,50,0,{}
biz_10a54cd87889c34d,Fk Jc Llc,restaurant,,40.71614074707031,-74.03507232666016,POINT(-74.03507232666016 40.71614074707031),101 Hudson St,Jersey City,NJ,07302-3915,,,,{overture},,businesses_conflate,1100,2026-07-22 18:44:37.477175+00,2026-07-22 00:00:00+00,68,65,100,50,50,{},"{""overture"": {""lat"": 40.71614074707031, ""lon"": -74.03507232666016, ""zip"": ""07302-3915"", ""city"": ""Jersey City"", ""name"": ""Fk Jc Llc"", ""brand"": null, ""phone"": null, ""state"": ""NJ"", ""address"": ""101 Hudson St"", ""release"": ""2026-07-22.0"", ""website"": null, ""category"": ""restaurant"", ""state_raw"": ""NJ"", ""observed_at"": ""2026-07-22T00:00:00+00:00"", ""src_confidence"": 0.95, ""category_source"": ""restaurant"", ""source_record_id"": ""a09c5bb3-d64d-4d03-aa45-1fd63a1d85f9""}}",'citi':5 'fk':1 'jc':2 'jersey':4 'llc':3,2026-07-22 00:00:00+00,overture,62,likely_open,95,50,0,{}
biz_10ca06deeb154785,Full Circle Eatery,restaurant,,40.716400146484375,-73.99781799316406,POINT(-73.99781799316406 40.716400146484375),76 Mott St,New York,NY,10013-4917,,+16468385118,,{overture},,businesses_conflate,1100,2026-07-22 18:44:37.477175+00,2026-07-22 00:00:00+00,70,65,100,63,50,{},"{""overture"": {""lat"": 40.716400146484375, ""lon"": -73.99781799316406, ""zip"": ""10013-4917"", ""city"": ""New York"", ""name"": ""Full Circle Eatery"", ""brand"": null, ""phone"": ""+16468385118"", ""state"": ""NY"", ""address"": ""76 Mott St"", ""release"": ""2026-07-22.0"", ""website"": null, ""category"": ""restaurant"", ""state_raw"": ""NY"", ""observed_at"": ""2026-07-22T00:00:00+00:00"", ""src_confidence"": 0.55, ""category_source"": ""restaurant"", ""source_record_id"": ""8a87dc15-0cd7-4f7b-8400-5439bc97b70c""}}",'circl':2 'eateri':3 'full':1 'new':4 'york':5,2026-07-22 00:00:00+00,overture,62,likely_open,95,50,0,{}
biz_1108d0c811216904,Wb Cafe Inc,restaurant,,40.7169075012207,-74.0084228515625,POINT(-74.0084228515625 40.7169075012207),134 W Broadway,New York,NY,10013-3328,,,,{overture},,businesses_conflate,1100,2026-07-22 18:44:37.477175+00,2026-07-22 00:00:00+00,68,65,100,50,50,{},"{""overture"": {""lat"": 40.7169075012207, ""lon"": -74.0084228515625, ""zip"": ""10013-3328"", ""city"": ""New York"", ""name"": ""Wb Cafe Inc"", ""brand"": null, ""phone"": null, ""state"": ""NY"", ""address"": ""134 W Broadway"", ""release"": ""2026-07-22.0"", ""website"": null, ""category"": ""restaurant"", ""state_raw"": ""NY"", ""observed_at"": ""2026-07-22T00:00:00+00:00"", ""src_confidence"": 0.95, ""category_source"": ""restaurant"", ""source_record_id"": ""0605a64c-53ed-4ab8-b1d7-c01d6a037fac""}}",'cafe':2 'inc':3 'new':4 'wb':1 'york':5,2026-07-22 00:00:00+00,overture,62,likely_open,95,50,0,{}
biz_112b5ec1ee42716e,Smorgasburg Dumbo,restaurant,,40.7035026550293,-73.9927749633789,POINT(-73.9927749633789 40.7035026550293),30 Water St,Brooklyn,NY,11201-1303,,+17189286603,http://www.brooklynflea.com/smorgasburg,{overture},,businesses_conflate,1100,2026-07-22 18:44:37.477175+00,2026-07-22 00:00:00+00,73,65,100,75,50,{},"{""overture"": {""lat"": 40.7035026550293, ""lon"": -73.9927749633789, ""zip"": ""11201-1303"", ""city"": ""Brooklyn"", ""name"": ""Smorgasburg Dumbo"", ""brand"": null, ""phone"": ""+17189286603"", ""state"": ""NY"", ""address"": ""30 Water St"", ""release"": ""2026-07-22.0"", ""website"": ""http://www.brooklynflea.com/smorgasburg"", ""category"": ""restaurant"", ""state_raw"": ""NY"", ""observed_at"": ""2026-07-22T00:00:00+00:00"", ""src_confidence"": 0.40029212832450867, ""category_source"": ""restaurant"", ""source_record_id"": ""8e297c6b-1f72-4a6b-8bbe-cf8fe9d4f81b""}}",'brooklyn':3 'dumbo':2 'smorgasburg':1,2026-07-22 00:00:00+00,overture,62,likely_open,95,50,0,{}
biz_113d3be6a3c40588,Yn Winebar Llc,restaurant,,40.722503662109375,-73.99539947509766,POINT(-73.99539947509766 40.722503662109375),227 Mott St,New York,NY,10012-4144,,,,{overture},,businesses_conflate,1100,2026-07-22 18:44:37.477175+00,2026-07-22 00:00:00+00,68,65,100,50,50,{},"{""overture"": {""lat"": 40.722503662109375, ""lon"": -73.99539947509766, ""zip"": ""10012-4144"", ""city"": ""New York"", ""name"": ""Yn Winebar Llc"", ""brand"": null, ""phone"": null, ""state"": ""NY"", ""address"": ""227 Mott St"", ""release"": ""2026-07-22.0"", ""website"": null, ""category"": ""restaurant"", ""state_raw"": ""NY"", ""observed_at"": ""2026-07-22T00:00:00+00:00"", ""src_confidence"": 0.9199122190475464, ""category_source"": ""restaurant"", ""source_record_id"": ""a90f7042-91fa-41a5-844c-e1d388bc0943""}}",'llc':3 'new':4 'winebar':2 'yn':1 'york':5,2026-07-22 00:00:00+00,overture,62,likely_open,95,50,0,{}
biz_1158d972236a7c29,Popular Bank,atm_bank,Popular Bank,40.736976623535156,-73.99568176269531,POINT(-73.99568176269531 40.736976623535156),43 W 14th St,New York,NY,10011-7402,,+12126791201,https://www.popularbank.com/,{overture},,businesses_conflate,1100,2026-07-22 18:44:37.477175+00,2026-07-22 00:00:00+00,78,65,100,100,50,{},"{""overture"": {""lat"": 40.736976623535156, ""lon"": -73.99568176269531, ""zip"": ""10011-7402"", ""city"": ""New York"", ""name"": ""Popular Bank"", ""brand"": ""Popular Bank"", ""phone"": ""+12126791201"", ""state"": ""NY"", ""address"": ""43 W 14th St"", ""release"": ""2026-07-22.0"", ""website"": ""https://www.popularbank.com/"", ""category"": ""atm_bank"", ""state_raw"": ""NY"", ""observed_at"": ""2026-07-22T00:00:00+00:00"", ""src_confidence"": 0.9925782668590546, ""category_source"": ""banks"", ""source_record_id"": ""941cd1f8-ddac-4ce2-9aa8-db0e49a21c4c""}}","'bank':2,4 'new':5 'popular':1,3 'york':6",2026-07-22 00:00:00+00,overture,62,likely_open,95,50,0,{}
biz_118b1b7de2d1ec19,1 Hotel Brooklyn Bridge,hotel,LAZ Parking,40.70244216918945,-73.99545288085938,POINT(-73.99545288085938 40.70244216918945),60 Furman St,Brooklyn,NY,11201,,+13476962500,http://www.1hotels.com/brooklyn-bridge,{overture},,businesses_conflate,1100,2026-07-22 18:44:37.477175+00,2026-07-22 00:00:00+00,78,65,100,100,50,{},"{""overture"": {""lat"": 40.70244216918945, ""lon"": -73.99545288085938, ""zip"": ""11201"", ""city"": ""Brooklyn"", ""name"": ""1 Hotel Brooklyn Bridge"", ""brand"": ""LAZ Parking"", ""phone"": ""+13476962500"", ""state"": ""NY"", ""address"": ""60 Furman St"", ""release"": ""2026-07-22.0"", ""website"": ""http://www.1hotels.com/brooklyn-bridge"", ""category"": ""hotel"", ""state_raw"": ""NY"", ""observed_at"": ""2026-07-22T00:00:00+00:00"", ""src_confidence"": 0.9985699653625488, ""category_source"": ""hotel"", ""source_record_id"": ""6b5d520c-a08f-4a69-a708-e34c2c09df96""}}","'1':1 'bridg':4 'brooklyn':3,7 'hotel':2 'laz':5 'park':6",2026-07-22 00:00:00+00,overture,62,likely_open,95,50,0,{}
biz_11b21eaea832fef7,LaoJie Hotpot Manhattan | 老街火锅 | 曼哈顿火锅,restaurant,,40.71768569946289,-73.99490356445312,POINT(-73.99490356445312 40.71768569946289),105 Bowery,New York,NY,10002,,(646) 478-8166,https://laojiehotpotmanhattan.restaurants-info.com,{overture},,businesses_conflate,1100,2026-07-22 18:44:37.477175+00,2026-07-22 00:00:00+00,73,65,100,75,50,{},"{""overture"": {""lat"": 40.71768569946289, ""lon"": -73.99490356445312, ""zip"": ""10002"", ""city"": ""New York"", ""name"": ""LaoJie Hotpot Manhattan | 老街火锅 | 曼哈顿火锅"", ""brand"": null, ""phone"": ""(646) 478-8166"", ""state"": ""NY"", ""address"": ""105 Bowery"", ""release"": ""2026-07-22.0"", ""website"": ""https://laojiehotpotmanhattan.restaurants-info.com"", ""category"": ""restaurant"", ""state_raw"": ""NY"", ""observed_at"": ""2026-07-22T00:00:00+00:00"", ""src_confidence"": 0.77, ""category_source"": ""restaurant"", ""source_record_id"": ""bb48404b-075a-413a-b389-80e38caa6305""}}",'hotpot':2 'laoji':1 'manhattan':3 'new':6 'york':7 '曼哈顿火锅':5 '老街火锅':4,2026-07-22 00:00:00+00,overture,62,likely_open,95,50,0,{}
biz_11c010ad0a3060ff,Blue Bottle Coffee,cafe,,40.711544036865234,-74.01142883300781,POINT(-74.01142883300781 40.711544036865234),185 Greenwich St,New York,NY,10007,,(510) 653-3394,https://bluebottlecoffee.com,{overture},,businesses_conflate,1100,2026-07-22 18:44:37.477175+00,2026-07-22 00:00:00+00,73,65,100,75,50,{},"{""overture"": {""lat"": 40.711544036865234, ""lon"": -74.01142883300781, ""zip"": ""10007"", ""city"": ""New York"", ""name"": ""Blue Bottle Coffee"", ""brand"": null, ""phone"": ""(510) 653-3394"", ""state"": ""NY"", ""address"": ""185 Greenwich St"", ""release"": ""2026-07-22.0"", ""website"": ""https://bluebottlecoffee.com"", ""category"": ""cafe"", ""state_raw"": ""NY"", ""observed_at"": ""2026-07-22T00:00:00+00:00"", ""src_confidence"": 0.77, ""category_source"": ""cafe"", ""source_record_id"": ""0a0f62ba-0b3c-478a-887f-b78969b6a2ee""}}",'blue':1 'bottl':2 'coffe':3 'new':4 'york':5,2026-07-22 00:00:00+00,overture,62,likely_open,95,50,0,{}
biz_11ce23d9c3abd102,The Meatball Shop,restaurant,,40.736122131347656,-74.00069427490234,POINT(-74.00069427490234 40.736122131347656),64 Greenwich Ave,New York,NY,10011,,2129827815,http://www.themeatballshop.com/,{overture},,businesses_conflate,1100,2026-07-22 18:44:37.477175+00,2026-07-22 00:00:00+00,73,65,100,75,50,{},"{""overture"": {""lat"": 40.736122131347656, ""lon"": -74.00069427490234, ""zip"": ""10011"", ""city"": ""New York"", ""name"": ""The Meatball Shop"", ""brand"": null, ""phone"": ""2129827815"", ""state"": ""NY"", ""address"": ""64 Greenwich Ave"", ""release"": ""2026-07-22.0"", ""website"": ""http://www.themeatballshop.com/"", ""category"": ""restaurant"", ""state_raw"": ""NY"", ""observed_at"": ""2026-07-22T00:00:00+00:00"", ""src_confidence"": 0.9199122190475464, ""category_source"": ""restaurant"", ""source_record_id"": ""efb1f9b1-83a8-4f99-8282-ac09727d8dec""}}",'meatbal':2 'new':4 'shop':3 'york':5,2026-07-22 00:00:00+00,overture,62,likely_open,95,50,0,{}
biz_11df23b2fdb51e21,Jo-rach Inc,restaurant,,40.719058990478516,-73.99730682373047,POINT(-73.99730682373047 40.719058990478516),148 Mulberry St,New York,NY,10013-4722,,,,{overture},,businesses_conflate,1100,2026-07-22 18:44:37.477175+00,2026-07-22 00:00:00+00,68,65,100,50,50,{},"{""overture"": {""lat"": 40.719058990478516, ""lon"": -73.99730682373047, ""zip"": ""10013-4722"", ""city"": ""New York"", ""name"": ""Jo-rach Inc"", ""brand"": null, ""phone"": null, ""state"": ""NY"", ""address"": ""148 Mulberry St"", ""release"": ""2026-07-22.0"", ""website"": null, ""category"": ""restaurant"", ""state_raw"": ""NY"", ""observed_at"": ""2026-07-22T00:00:00+00:00"", ""src_confidence"": 0.95, ""category_source"": ""restaurant"", ""source_record_id"": ""06c6355c-c1ca-4660-87db-44efd0578d24""}}",'inc':4 'jo':2 'jo-rach':1 'new':5 'rach':3 'york':6,2026-07-22 00:00:00+00,overture,62,likely_open,95,50,0,{}
biz_11fa1711c2472f7e,Salsarita's Fresh Cantina,fast_food,,40.716094970703125,-74.03498077392578,POINT(-74.03498077392578 40.716094970703125),101 Hudson St,Jersey City,NJ,07302,,2013334033,http://salsaritas.com/jersey-city-nj-hudson-st/,{overture},,businesses_conflate,1100,2026-07-22 18:44:37.477175+00,2026-07-22 00:00:00+00,73,65,100,75,50,{},"{""overture"": {""lat"": 40.716094970703125, ""lon"": -74.03498077392578, ""zip"": ""07302"", ""city"": ""Jersey City"", ""name"": ""Salsarita's Fresh Cantina"", ""brand"": null, ""phone"": ""2013334033"", ""state"": ""NJ"", ""address"": ""101 Hudson St"", ""release"": ""2026-07-22.0"", ""website"": ""http://salsaritas.com/jersey-city-nj-hudson-st/"", ""category"": ""fast_food"", ""state_raw"": ""NJ"", ""observed_at"": ""2026-07-22T00:00:00+00:00"", ""src_confidence"": 0.9655, ""category_source"": ""fast_food_restaurant"", ""source_record_id"": ""a0e4798a-0545-46ab-b997-cd71fa0bfa87""}}",'cantina':4 'citi':6 'fresh':3 'jersey':5 'salsarita':1,2026-07-22 00:00:00+00,overture,62,likely_open,95,50,0,{}
biz_11fac605d2d6c112,Starbucks,cafe,,40.7198486328125,-74.00495147705078,POINT(-74.00495147705078 40.7198486328125),32 Avenue of the Americas,New York,NY,10013,,(212) 966-0984,http://www.starbucks.com,{overture},,businesses_conflate,1100,2026-07-22 18:44:37.477175+00,2026-07-22 00:00:00+00,73,65,100,75,50,{cell_name_collision},"{""overture"": {""lat"": 40.7198486328125, ""lon"": -74.00495147705078, ""zip"": ""10013"", ""city"": ""New York"", ""name"": ""Starbucks"", ""brand"": null, ""phone"": ""(212) 966-0984"", ""state"": ""NY"", ""address"": ""32 Avenue of the Americas"", ""release"": ""2026-07-22.0"", ""website"": ""http://www.starbucks.com"", ""category"": ""cafe"", ""state_raw"": ""NY"", ""observed_at"": ""2026-07-22T00:00:00+00:00"", ""src_confidence"": 0.9902192950248718, ""category_source"": ""coffee_shop"", ""source_record_id"": ""367aa248-ad3d-42b7-8dea-30c27e8e6c95""}}",'new':2 'starbuck':1 'york':3,2026-07-22 00:00:00+00,overture,62,likely_open,95,50,0,{}
biz_1221d0c28597c4ae,Four Seasons Dry Cleaners,laundry,,40.7082633972168,-74.01805114746094,POINT(-74.01805114746094 40.7082633972168),,New York,NY,10280,,(212) 786-4543,http://www.4seasonsdrycleaners.com,{overture},,businesses_conflate,1100,2026-07-22 18:44:37.477175+00,2026-07-22 00:00:00+00,68,65,100,50,50,{},"{""overture"": {""lat"": 40.7082633972168, ""lon"": -74.01805114746094, ""zip"": ""10280"", ""city"": ""New York"", ""name"": ""Four Seasons Dry Cleaners"", ""brand"": null, ""phone"": ""(212) 786-4543"", ""state"": ""NY"", ""address"": null, ""release"": ""2026-07-22.0"", ""website"": ""http://www.4seasonsdrycleaners.com"", ""category"": ""laundry"", ""state_raw"": ""NY"", ""observed_at"": ""2026-07-22T00:00:00+00:00"", ""src_confidence"": 0.77, ""category_source"": ""laundry_services"", ""source_record_id"": ""28ff899c-d669-406b-bcea-96b6bfae77f8""}}",'cleaner':4 'dri':3 'four':1 'new':5 'season':2 'york':6,2026-07-22 00:00:00+00,overture,62,likely_open,95,50,0,{}
biz_12642f79684f7203,Simple Eldridge Inc,restaurant,,40.71820831298828,-73.99222564697266,POINT(-73.99222564697266 40.71820831298828),109 Eldridge St,New York,NY,10002-4429,,,,{overture},,businesses_conflate,1100,2026-07-22 18:44:37.477175+00,2026-07-22 00:00:00+00,68,65,100,50,50,{},"{""overture"": {""lat"": 40.71820831298828, ""lon"": -73.99222564697266, ""zip"": ""10002-4429"", ""city"": ""New York"", ""name"": ""Simple Eldridge Inc"", ""brand"": null, ""phone"": null, ""state"": ""NY"", ""address"": ""109 Eldridge St"", ""release"": ""2026-07-22.0"", ""website"": null, ""category"": ""restaurant"", ""state_raw"": ""NY"", ""observed_at"": ""2026-07-22T00:00:00+00:00"", ""src_confidence"": 0.9618890881538391, ""category_source"": ""restaurant"", ""source_record_id"": ""176b5d83-08b4-45ee-8f9e-5723a3e89fcb""}}",'eldridg':2 'inc':3 'new':4 'simpl':1 'york':5,2026-07-22 00:00:00+00,overture,62,likely_open,95,50,0,{}
biz_1270d344051baad9,Corner Chemists Pharmacy Llc,pharmacy,,40.71288299560547,-73.99739837646484,POINT(-73.99739837646484 40.71288299560547),24 Catherine St,New York,NY,10038-1001,,16468698881,,{overture},,businesses_conflate,1100,2026-07-22 18:44:37.477175+00,2026-07-22 00:00:00+00,70,65,100,63,50,{},"{""overture"": {""lat"": 40.71288299560547, ""lon"": -73.99739837646484, ""zip"": ""10038-1001"", ""city"": ""New York"", ""name"": ""Corner Chemists Pharmacy Llc"", ""brand"": null, ""phone"": ""16468698881"", ""state"": ""NY"", ""address"": ""24 Catherine St"", ""release"": ""2026-07-22.0"", ""website"": null, ""category"": ""pharmacy"", ""state_raw"": ""NY"", ""observed_at"": ""2026-07-22T00:00:00+00:00"", ""src_confidence"": 0.9199122190475464, ""category_source"": ""pharmacy"", ""source_record_id"": ""012245c0-87f4-4e58-8f21-08ff6715cd54""}}",'chemist':2 'corner':1 'llc':4 'new':5 'pharmaci':3 'york':6,2026-07-22 00:00:00+00,overture,62,likely_open,95,50,0,{}
biz_1273d21afb8da119,Isola,restaurant,,40.719879150390625,-74.00016021728516,POINT(-74.00016021728516 40.719879150390625),9 Crosby St,New York,NY,10013,,2123890000,https://www.morganshotelgroup.com/mondrian/mondrian-soho/eat-drink/isola-trattoria-crudo-bar,{overture},,businesses_conflate,1100,2026-07-22 18:44:37.477175+00,2026-07-22 00:00:00+00,73,65,100,75,50,{},"{""overture"": {""lat"": 40.719879150390625, ""lon"": -74.00016021728516, ""zip"": ""10013"", ""city"": ""New York"", ""name"": ""Isola"", ""brand"": null, ""phone"": ""2123890000"", ""state"": ""NY"", ""address"": ""9 Crosby St"", ""release"": ""2026-07-22.0"", ""website"": ""https://www.morganshotelgroup.com/mondrian/mondrian-soho/eat-drink/isola-trattoria-crudo-bar"", ""category"": ""restaurant"", ""state_raw"": ""NY"", ""observed_at"": ""2026-07-22T00:00:00+00:00"", ""src_confidence"": 0.9199122190475464, ""category_source"": ""restaurant"", ""source_record_id"": ""6e67e06e-5c9c-4b99-84c5-faf7b6b43c19""}}",'isola':1 'new':2 'york':3,2026-07-22 00:00:00+00,overture,62,likely_open,95,50,0,{}
biz_128256f0206bf530,Eastern Restaurant,restaurant,,40.715232849121094,-73.99375915527344,POINT(-73.99375915527344 40.715232849121094),27 Eldridge St Apt 6H,New York,NY,10002,,(646) 613-1023,http://www.15eastrestaurant.com,{overture},,businesses_conflate,1100,2026-07-22 18:44:37.477175+00,2026-07-22 00:00:00+00,73,65,100,75,50,{},"{""overture"": {""lat"": 40.715232849121094, ""lon"": -73.99375915527344, ""zip"": ""10002"", ""city"": ""New York"", ""name"": ""Eastern Restaurant"", ""brand"": null, ""phone"": ""(646) 613-1023"", ""state"": ""NY"", ""address"": ""27 Eldridge St Apt 6H"", ""release"": ""2026-07-22.0"", ""website"": ""http://www.15eastrestaurant.com"", ""category"": ""restaurant"", ""state_raw"": ""NY"", ""observed_at"": ""2026-07-22T00:00:00+00:00"", ""src_confidence"": 0.9199122190475464, ""category_source"": ""restaurant"", ""source_record_id"": ""347902c6-c73e-4a5c-b732-a67f693e90cd""}}",'eastern':1 'new':3 'restaur':2 'york':4,2026-07-22 00:00:00+00,overture,62,likely_open,95,50,0,{}
biz_128ded71eeb160aa,Omar's Les Llc,restaurant,,40.71893310546875,-73.99219512939453,POINT(-73.99219512939453 40.71893310546875),302 Broome St,New York,NY,10002-3734,,,,{overture},,businesses_conflate,1100,2026-07-22 18:44:37.477175+00,2026-07-22 00:00:00+00,68,65,100,50,50,{},"{""overture"": {""lat"": 40.71893310546875, ""lon"": -73.99219512939453, ""zip"": ""10002-3734"", ""city"": ""New York"", ""name"": ""Omar's Les Llc"", ""brand"": null, ""phone"": null, ""state"": ""NY"", ""address"": ""302 Broome St"", ""release"": ""2026-07-22.0"", ""website"": null, ""category"": ""restaurant"", ""state_raw"": ""NY"", ""observed_at"": ""2026-07-22T00:00:00+00:00"", ""src_confidence"": 0.9900752574205398, ""category_source"": ""restaurant"", ""source_record_id"": ""1a3f59dc-a3f2-472a-9509-738986904d89""}}",'les':3 'llc':4 'new':5 'omar':1 'york':6,2026-07-22 00:00:00+00,overture,62,likely_open,95,50,0,{}
biz_12deb25d512d3990,Morars Llc,restaurant,,40.72716522216797,-73.99236297607422,POINT(-73.99236297607422 40.72716522216797),36 E 4th St,New York,NY,10003-7006,,,,{overture},,businesses_conflate,1100,2026-07-22 18:44:37.477175+00,2026-07-22 00:00:00+00,68,65,100,50,50,{},"{""overture"": {""lat"": 40.72716522216797, ""lon"": -73.99236297607422, ""zip"": ""10003-7006"", ""city"": ""New York"", ""name"": ""Morars Llc"", ""brand"": null, ""phone"": null, ""state"": ""NY"", ""address"": ""36 E 4th St"", ""release"": ""2026-07-22.0"", ""website"": null, ""category"": ""restaurant"", ""state_raw"": ""NY"", ""observed_at"": ""2026-07-22T00:00:00+00:00"", ""src_confidence"": 0.95, ""category_source"": ""restaurant"", ""source_record_id"": ""918ffe4b-c8a5-41db-a510-d32708cd86a6""}}",'llc':2 'morar':1 'new':3 'york':4,2026-07-22 00:00:00+00,overture,62,likely_open,95,50,0,{}
biz_12f1f41d21c8483b,18 Pharmacy,pharmacy,,40.71699905395508,-73.99539947509766,POINT(-73.99539947509766 40.71699905395508),89 Bowery,New York,NY,10002-4928,,+12125710027,,{overture},,businesses_conflate,1100,2026-07-22 18:44:37.477175+00,2026-07-22 00:00:00+00,70,65,100,63,50,{},"{""overture"": {""lat"": 40.71699905395508, ""lon"": -73.99539947509766, ""zip"": ""10002-4928"", ""city"": ""New York"", ""name"": ""18 Pharmacy"", ""brand"": null, ""phone"": ""+12125710027"", ""state"": ""NY"", ""address"": ""89 Bowery"", ""release"": ""2026-07-22.0"", ""website"": null, ""category"": ""pharmacy"", ""state_raw"": ""NY"", ""observed_at"": ""2026-07-22T00:00:00+00:00"", ""src_confidence"": 0.9199122190475464, ""category_source"": ""pharmacy"", ""source_record_id"": ""b519d9c7-81e5-4c14-95ee-dddd1ef06d15""}}",'18':1 'new':3 'pharmaci':2 'york':4,2026-07-22 00:00:00+00,overture,62,likely_open,95,50,0,{}
biz_135d8d9451b5fdf6,China Chalet,restaurant,,40.70649337768555,-74.01294708251953,POINT(-74.01294708251953 40.70649337768555),47 Broadway,New York,NY,10006,,2129434380,https://www.chinachalet.com/,{overture},,businesses_conflate,1100,2026-07-22 18:44:37.477175+00,2026-07-22 00:00:00+00,73,65,100,75,50,{},"{""overture"": {""lat"": 40.70649337768555, ""lon"": -74.01294708251953, ""zip"": ""10006"", ""city"": ""New York"", ""name"": ""China Chalet"", ""brand"": null, ""phone"": ""2129434380"", ""state"": ""NY"", ""address"": ""47 Broadway"", ""release"": ""2026-07-22.0"", ""website"": ""https://www.chinachalet.com/"", ""category"": ""restaurant"", ""state_raw"": ""NY"", ""observed_at"": ""2026-07-22T00:00:00+00:00"", ""src_confidence"": 0.9902192950248718, ""category_source"": ""restaurant"", ""source_record_id"": ""717ec776-1dd4-40ab-8185-24fbb7b4cf5b""}}",'chalet':2 'china':1 'new':3 'york':4,2026-07-22 00:00:00+00,overture,62,likely_open,95,50,0,{}
biz_135e1bc8f25e1f8b,Bee's Knees Baking Co.,grocery,,40.734886169433594,-73.9993667602539,POINT(-73.9993667602539 40.734886169433594),113 W 10th St,New York,NY,10011-8345,,,,{overture},,businesses_conflate,1100,2026-07-22 18:44:37.477175+00,2026-07-22 00:00:00+00,68,65,100,50,50,{},"{""overture"": {""lat"": 40.734886169433594, ""lon"": -73.9993667602539, ""zip"": ""10011-8345"", ""city"": ""New York"", ""name"": ""Bee's Knees Baking Co."", ""brand"": null, ""phone"": null, ""state"": ""NY"", ""address"": ""113 W 10th St"", ""release"": ""2026-07-22.0"", ""website"": null, ""category"": ""grocery"", ""state_raw"": ""NY"", ""observed_at"": ""2026-07-22T00:00:00+00:00"", ""src_confidence"": 0.95, ""category_source"": ""grocery_store"", ""source_record_id"": ""41400363-3bcb-46ed-b1dd-9d61b39eb3f3""}}",'bake':4 'bee':1 'co':5 'knee':3 'new':6 'york':7,2026-07-22 00:00:00+00,overture,62,likely_open,95,50,0,{}
biz_13cc0db2662bfba4,德昌market,grocery,,40.71804428100586,-73.99689483642578,POINT(-73.99689483642578 40.71804428100586),120 Mott St,New York,NY,10013-4709,,,,{overture},,businesses_conflate,1100,2026-07-22 18:44:37.477175+00,2026-07-22 00:00:00+00,68,65,100,50,50,{},"{""overture"": {""lat"": 40.71804428100586, ""lon"": -73.99689483642578, ""zip"": ""10013-4709"", ""city"": ""New York"", ""name"": ""德昌market"", ""brand"": null, ""phone"": null, ""state"": ""NY"", ""address"": ""120 Mott St"", ""release"": ""2026-07-22.0"", ""website"": null, ""category"": ""grocery"", ""state_raw"": ""NY"", ""observed_at"": ""2026-07-22T00:00:00+00:00"", ""src_confidence"": 0.21029667556285858, ""category_source"": ""grocery_store"", ""source_record_id"": ""140b28bf-db36-4833-84f8-f0143a9a4e66""}}",'new':2 'york':3 '德昌market':1,2026-07-22 00:00:00+00,overture,62,likely_open,95,50,0,{}
biz_13e4b0e898aaa8f4,LibertyX Bitcoin ATM,atm_bank,,40.72147750854492,-74.00479125976562,POINT(-74.00479125976562 40.72147750854492),381 Canal St,New York,NY,10013,,8005118940,https://libertyx.com/a/buy-bitcoin/locations/NY/new-york/381-canal-st?y_source=1_MTAxNDU3NDg2OS00ODMtbG9jYXRpb24ud2Vic2l0ZQ%3D%3D,{overture},,businesses_conflate,1100,2026-07-22 18:44:37.477175+00,2026-07-22 00:00:00+00,73,65,100,75,50,{},"{""overture"": {""lat"": 40.72147750854492, ""lon"": -74.00479125976562, ""zip"": ""10013"", ""city"": ""New York"", ""name"": ""LibertyX Bitcoin ATM"", ""brand"": null, ""phone"": ""8005118940"", ""state"": ""NY"", ""address"": ""381 Canal St"", ""release"": ""2026-07-22.0"", ""website"": ""https://libertyx.com/a/buy-bitcoin/locations/NY/new-york/381-canal-st?y_source=1_MTAxNDU3NDg2OS00ODMtbG9jYXRpb24ud2Vic2l0ZQ%3D%3D"", ""category"": ""atm_bank"", ""state_raw"": ""NY"", ""observed_at"": ""2026-07-22T00:00:00+00:00"", ""src_confidence"": 0.9606257259845734, ""category_source"": ""atms"", ""source_record_id"": ""a0f67ea4-4441-4075-b636-8c3f4c3ae486""}}",'atm':3 'bitcoin':2 'libertyx':1 'new':4 'york':5,2026-07-22 00:00:00+00,overture,62,likely_open,95,50,0,{}
biz_1424e5d46dde5b6c,China Town,fast_food,,40.72880935668945,-74.00641632080078,POINT(-74.00641632080078 40.72880935668945),250 W Houston St,New York,NY,10014-4804,,+12125299888,http://chinatownonhouston.com,{overture},,businesses_conflate,1100,2026-07-22 18:44:37.477175+00,2026-07-22 00:00:00+00,73,65,100,75,50,{},"{""overture"": {""lat"": 40.72880935668945, ""lon"": -74.00641632080078, ""zip"": ""10014-4804"", ""city"": ""New York"", ""name"": ""China Town"", ""brand"": null, ""phone"": ""+12125299888"", ""state"": ""NY"", ""address"": ""250 W Houston St"", ""release"": ""2026-07-22.0"", ""website"": ""http://chinatownonhouston.com"", ""category"": ""fast_food"", ""state_raw"": ""NY"", ""observed_at"": ""2026-07-22T00:00:00+00:00"", ""src_confidence"": 0.9199122190475464, ""category_source"": ""fast_food_restaurant"", ""source_record_id"": ""a0aada0f-4b6f-4320-8430-553fb8e30227""}}",'china':1 'new':3 'town':2 'york':4,2026-07-22 00:00:00+00,overture,62,likely_open,95,50,0,{}
biz_14876936cc30355c,Habibi Restobar,restaurant,,40.7153205871582,-74.00678253173828,POINT(-74.00678253173828 40.7153205871582),Carnation St Naga City,New York,NY,4405,,+639481569643,,{overture},,businesses_conflate,1100,2026-07-22 18:44:37.477175+00,2026-07-22 00:00:00+00,70,65,100,63,50,{},"{""overture"": {""lat"": 40.7153205871582, ""lon"": -74.00678253173828, ""zip"": ""4405"", ""city"": ""New York"", ""name"": ""Habibi Restobar"", ""brand"": null, ""phone"": ""+639481569643"", ""state"": ""NY"", ""address"": ""Carnation St Naga City"", ""release"": ""2026-07-22.0"", ""website"": null, ""category"": ""restaurant"", ""state_raw"": ""NY"", ""observed_at"": ""2026-07-22T00:00:00+00:00"", ""src_confidence"": 0.803359866142273, ""category_source"": ""restaurant"", ""source_record_id"": ""145980ac-cd4a-4aef-940c-51af9f3138d2""}}",'habibi':1 'new':3 'restobar':2 'york':4,2026-07-22 00:00:00+00,overture,62,likely_open,95,50,0,{}
biz_14894521421ba2c3,Salt App,grocery,,40.727359771728516,-74.00577545166016,POINT(-74.00577545166016 40.727359771728516),175 Varick St,New York,NY,10014-4604,,,trysalt.com,{overture},,businesses_conflate,1100,2026-07-22 18:44:37.477175+00,2026-07-22 00:00:00+00,70,65,100,63,50,{},"{""overture"": {""lat"": 40.727359771728516, ""lon"": -74.00577545166016, ""zip"": ""10014-4604"", ""city"": ""New York"", ""name"": ""Salt App"", ""brand"": null, ""phone"": null, ""state"": ""NY"", ""address"": ""175 Varick St"", ""release"": ""2026-07-22.0"", ""website"": ""trysalt.com"", ""category"": ""grocery"", ""state_raw"": ""NY"", ""observed_at"": ""2026-07-22T00:00:00+00:00"", ""src_confidence"": 0.95, ""category_source"": ""grocery_store"", ""source_record_id"": ""682da1fe-8239-4188-adc6-a7ee90e10e3f""}}",'app':2 'new':3 'salt':1 'york':4,2026-07-22 00:00:00+00,overture,62,likely_open,95,50,0,{}
biz_14a454a9b444e0d1,Chase Bank,atm_bank,Chase,40.72303771972656,-73.99903869628906,POINT(-73.99903869628906 40.72303771972656),525 Broadway,New York,NY,10012-4411,,+12126250778,https://www.chase.com/locator/banking/us/ny/new-york/525-broadway,{overture},,businesses_conflate,1100,2026-07-22 18:44:37.477175+00,2026-07-22 00:00:00+00,78,65,100,100,50,{},"{""overture"": {""lat"": 40.72303771972656, ""lon"": -73.99903869628906, ""zip"": ""10012-4411"", ""city"": ""New York"", ""name"": ""Chase Bank"", ""brand"": ""Chase"", ""phone"": ""+12126250778"", ""state"": ""NY"", ""address"": ""525 Broadway"", ""release"": ""2026-07-22.0"", ""website"": ""https://www.chase.com/locator/banking/us/ny/new-york/525-broadway"", ""category"": ""atm_bank"", ""state_raw"": ""NY"", ""observed_at"": ""2026-07-22T00:00:00+00:00"", ""src_confidence"": 0.9902192950248718, ""category_source"": ""banks"", ""source_record_id"": ""83c9c5bc-6b29-4d01-b3d5-8a4da550ca00""}}","'bank':2 'chase':1,3 'new':4 'york':5",2026-07-22 00:00:00+00,overture,62,likely_open,95,50,0,{}
biz_14d64db05d80346e,Sarabeth's Greenwich Village,restaurant,Sarabeth's,40.727359771728516,-74.00019836425781,POINT(-74.00019836425781 40.727359771728516),100 W Houston St,New York,NY,10012-2519,,+12122547000,https://www.sarabethsrestaurants.com/location/sarabeths-greenwich-village/,{overture},,businesses_conflate,1100,2026-07-22 18:44:37.477175+00,2026-07-22 00:00:00+00,78,65,100,100,50,{},"{""overture"": {""lat"": 40.727359771728516, ""lon"": -74.00019836425781, ""zip"": ""10012-2519"", ""city"": ""New York"", ""name"": ""Sarabeth's Greenwich Village"", ""brand"": ""Sarabeth's"", ""phone"": ""+12122547000"", ""state"": ""NY"", ""address"": ""100 W Houston St"", ""release"": ""2026-07-22.0"", ""website"": ""https://www.sarabethsrestaurants.com/location/sarabeths-greenwich-village/"", ""category"": ""restaurant"", ""state_raw"": ""NY"", ""observed_at"": ""2026-07-22T00:00:00+00:00"", ""src_confidence"": 0.9951276779174805, ""category_source"": ""restaurant"", ""source_record_id"": ""8699651b-dafc-4d25-a759-2b4ebe864bc2""}}","'greenwich':3 'new':7 'sarabeth':1,5 'villag':4 'york':8",2026-07-22 00:00:00+00,overture,62,likely_open,95,50,0,{}
biz_14d8413deba3d029,James Candy & Grocery,grocery,,40.712005615234375,-73.99884033203125,POINT(-73.99884033203125 40.712005615234375),37 James St,New York,NY,10038-1263,,,,{overture},,businesses_conflate,1100,2026-07-22 18:44:37.477175+00,2026-07-22 00:00:00+00,68,65,100,50,50,{},"{""overture"": {""lat"": 40.712005615234375, ""lon"": -73.99884033203125, ""zip"": ""10038-1263"", ""city"": ""New York"", ""name"": ""James Candy & Grocery"", ""brand"": null, ""phone"": null, ""state"": ""NY"", ""address"": ""37 James St"", ""release"": ""2026-07-22.0"", ""website"": null, ""category"": ""grocery"", ""state_raw"": ""NY"", ""observed_at"": ""2026-07-22T00:00:00+00:00"", ""src_confidence"": 0.8666595399379731, ""category_source"": ""grocery_store"", ""source_record_id"": ""92f58bf7-a464-49aa-aadf-7c2185d88fd8""}}",'candi':2 'groceri':3 'jame':1 'new':4 'york':5,2026-07-22 00:00:00+00,overture,62,likely_open,95,50,0,{}
biz_151e11197a776c68,Horizon Pharmacy,pharmacy,,40.719764709472656,-74.04412078857422,POINT(-74.04412078857422 40.719764709472656),115 Christopher Columbus Dr,Jersey City,NJ,07302-3551,,+15512009680,https://www.horizonpharmacynj.com/,{overture},,businesses_conflate,1100,2026-07-22 18:44:37.477175+00,2026-07-22 00:00:00+00,73,65,100,75,50,{},"{""overture"": {""lat"": 40.719764709472656, ""lon"": -74.04412078857422, ""zip"": ""07302-3551"", ""city"": ""Jersey City"", ""name"": ""Horizon Pharmacy"", ""brand"": null, ""phone"": ""+15512009680"", ""state"": ""NJ"", ""address"": ""115 Christopher Columbus Dr"", ""release"": ""2026-07-22.0"", ""website"": ""https://www.horizonpharmacynj.com/"", ""category"": ""pharmacy"", ""state_raw"": ""NJ"", ""observed_at"": ""2026-07-22T00:00:00+00:00"", ""src_confidence"": 0.9902192950248718, ""category_source"": ""pharmacy"", ""source_record_id"": ""fe6bee88-3875-4f19-8daf-0138c6f9f8b1""}}",'citi':4 'horizon':1 'jersey':3 'pharmaci':2,2026-07-22 00:00:00+00,overture,62,likely_open,95,50,0,{}
biz_1527e41c6da6d640,79 Lott Street Llc,restaurant,,40.735801696777344,-73.99775695800781,POINT(-73.99775695800781 40.735801696777344),480 Avenue Of The Americas Ste 353,New York,NY,10011-8410,,,,{overture},,businesses_conflate,1100,2026-07-22 18:44:37.477175+00,2026-07-22 00:00:00+00,68,65,100,50,50,{},"{""overture"": {""lat"": 40.735801696777344, ""lon"": -73.99775695800781, ""zip"": ""10011-8410"", ""city"": ""New York"", ""name"": ""79 Lott Street Llc"", ""brand"": null, ""phone"": null, ""state"": ""NY"", ""address"": ""480 Avenue Of The Americas Ste 353"", ""release"": ""2026-07-22.0"", ""website"": null, ""category"": ""restaurant"", ""state_raw"": ""NY"", ""observed_at"": ""2026-07-22T00:00:00+00:00"", ""src_confidence"": 0.95, ""category_source"": ""restaurant"", ""source_record_id"": ""a2f0e05e-5993-41ef-8f17-9c2ee463a171""}}",'79':1 'llc':4 'lott':2 'new':5 'street':3 'york':6,2026-07-22 00:00:00+00,overture,62,likely_open,95,50,0,{}
biz_1560dc2e7153d77e,Coffee 33 Inc,restaurant,,40.70899200439453,-74.00556182861328,POINT(-74.00556182861328 40.70899200439453),76 Fulton St,New York,NY,10038-1809,,,,{overture},,businesses_conflate,1100,2026-07-22 18:44:37.477175+00,2026-07-22 00:00:00+00,68,65,100,50,50,{},"{""overture"": {""lat"": 40.70899200439453, ""lon"": -74.00556182861328, ""zip"": ""10038-1809"", ""city"": ""New York"", ""name"": ""Coffee 33 Inc"", ""brand"": null, ""phone"": null, ""state"": ""NY"", ""address"": ""76 Fulton St"", ""release"": ""2026-07-22.0"", ""website"": null, ""category"": ""restaurant"", ""state_raw"": ""NY"", ""observed_at"": ""2026-07-22T00:00:00+00:00"", ""src_confidence"": 0.95, ""category_source"": ""restaurant"", ""source_record_id"": ""04f8f1e4-b7c9-4a44-bd2f-7d62cc4b73ee""}}",'33':2 'coffe':1 'inc':3 'new':4 'york':5,2026-07-22 00:00:00+00,overture,62,likely_open,95,50,0,{}
biz_15893ed4ec88aa82,Justice FCU,atm_bank,,40.71479415893555,-74.00580596923828,POINT(-74.00580596923828 40.71479415893555),290 Broadway,New York,NY,10007,,,,{overture},,businesses_conflate,1100,2026-07-22 18:44:37.477175+00,2026-07-22 00:00:00+00,68,65,100,50,50,{},"{""overture"": {""lat"": 40.71479415893555, ""lon"": -74.00580596923828, ""zip"": ""10007"", ""city"": ""New York"", ""name"": ""Justice FCU"", ""brand"": null, ""phone"": null, ""state"": ""NY"", ""address"": ""290 Broadway"", ""release"": ""2026-07-22.0"", ""website"": null, ""category"": ""atm_bank"", ""state_raw"": ""NY"", ""observed_at"": ""2026-07-22T00:00:00+00:00"", ""src_confidence"": 0.954, ""category_source"": ""banks"", ""source_record_id"": ""7e685611-61bc-4981-98ec-962de7eedb53""}}",'fcu':2 'justic':1 'new':3 'york':4,2026-07-22 00:00:00+00,overture,62,likely_open,95,50,0,{}
biz_158baf151b645661,Untitled at 3 Freeman Alley,hotel,,40.72184753417969,-73.99269104003906,POINT(-73.99269104003906 40.72184753417969),3 Freeman Alley,New York,NY,10002,,+15162003045,https://www.untitledat3freeman.com,{overture},,businesses_conflate,1100,2026-07-22 18:44:37.477175+00,2026-07-22 00:00:00+00,73,65,100,75,50,{},"{""overture"": {""lat"": 40.72184753417969, ""lon"": -73.99269104003906, ""zip"": ""10002"", ""city"": ""New York"", ""name"": ""Untitled at 3 Freeman Alley"", ""brand"": null, ""phone"": ""+15162003045"", ""state"": ""NY"", ""address"": ""3 Freeman Alley"", ""release"": ""2026-07-22.0"", ""website"": ""https://www.untitledat3freeman.com"", ""category"": ""hotel"", ""state_raw"": ""NY"", ""observed_at"": ""2026-07-22T00:00:00+00:00"", ""src_confidence"": 0.9278697967529297, ""category_source"": ""hotel"", ""source_record_id"": ""624c8759-ad11-4c74-a1be-d2b9910e624b""}}",'3':3 'alley':5 'freeman':4 'new':6 'untitl':1 'york':7,2026-07-22 00:00:00+00,overture,62,likely_open,95,50,0,{}
biz_15a34daa2ad0f5c7,Family Shopper Anchor Road,grocery,,40.71468734741211,-74.0007553100586,POINT(-74.0007553100586 40.71468734741211),Anchor road,New York,NY,ST3 5EN,,+441782242256,https://www.snappyshopper.co.uk/stores/family-shopper-stoke-1621,{overture},,businesses_conflate,1100,2026-07-22 18:44:37.477175+00,2026-07-22 00:00:00+00,73,65,100,75,50,{},"{""overture"": {""lat"": 40.71468734741211, ""lon"": -74.0007553100586, ""zip"": ""ST3 5EN"", ""city"": ""New York"", ""name"": ""Family Shopper Anchor Road"", ""brand"": null, ""phone"": ""+441782242256"", ""state"": ""NY"", ""address"": ""Anchor road"", ""release"": ""2026-07-22.0"", ""website"": ""https://www.snappyshopper.co.uk/stores/family-shopper-stoke-1621"", ""category"": ""grocery"", ""state_raw"": ""NY"", ""observed_at"": ""2026-07-22T00:00:00+00:00"", ""src_confidence"": 0.42261531949043274, ""category_source"": ""grocery_store"", ""source_record_id"": ""19efb036-5130-4335-bb37-c648810ade5f""}}",'anchor':3 'famili':1 'new':5 'road':4 'shopper':2 'york':6,2026-07-22 00:00:00+00,overture,62,likely_open,95,50,0,{}
biz_15c2178c487fd69d,Dd-0607-22,cafe,,40.706504821777344,-74.00344848632812,POINT(-74.00344848632812 40.706504821777344),192435 Marnia Main,New York,NY,10001,,+16818794756,,{overture},,businesses_conflate,1100,2026-07-22 18:44:37.477175+00,2026-07-22 00:00:00+00,70,65,100,63,50,{},"{""overture"": {""lat"": 40.706504821777344, ""lon"": -74.00344848632812, ""zip"": ""10001"", ""city"": ""New York"", ""name"": ""Dd-0607-22"", ""brand"": null, ""phone"": ""+16818794756"", ""state"": ""NY"", ""address"": ""192435 Marnia Main"", ""release"": ""2026-07-22.0"", ""website"": null, ""category"": ""cafe"", ""state_raw"": ""NY"", ""observed_at"": ""2026-07-22T00:00:00+00:00"", ""src_confidence"": 0.20456147193908691, ""category_source"": ""coffee_shop"", ""source_record_id"": ""26fe4fd9-9ecf-40f3-a86a-16473e5110b3""}}",'-0607':2 '-22':3 'dd':1 'new':4 'york':5,2026-07-22 00:00:00+00,overture,62,likely_open,95,50,0,{}
biz_15de140a473b1bfb,Joy On The Go,cafe,,40.71653366088867,-73.99993133544922,POINT(-73.99993133544922 40.71653366088867),Joy On The Go,New York,NY,00612,,+17875948471,,{overture},,businesses_conflate,1100,2026-07-22 18:44:37.477175+00,2026-07-22 00:00:00+00,70,65,100,63,50,{},"{""overture"": {""lat"": 40.71653366088867, ""lon"": -73.99993133544922, ""zip"": ""00612"", ""city"": ""New York"", ""name"": ""Joy On The Go"", ""brand"": null, ""phone"": ""+17875948471"", ""state"": ""NY"", ""address"": ""Joy On The Go"", ""release"": ""2026-07-22.0"", ""website"": null, ""category"": ""cafe"", ""state_raw"": ""NY"", ""observed_at"": ""2026-07-22T00:00:00+00:00"", ""src_confidence"": 0.7691560387611389, ""category_source"": ""cafe"", ""source_record_id"": ""3a41cb5f-337d-44d4-8bcc-56e06f95629a""}}",'go':4 'joy':1 'new':5 'york':6,2026-07-22 00:00:00+00,overture,62,likely_open,95,50,0,{}
biz_15e2ad864ef14dbd,Desi Food Truck,fast_food,,40.71470260620117,-74.0057373046875,POINT(-74.0057373046875 40.71470260620117),361 Broadway,New York,NY,10013-3903,,+12129616193,http://www.desifoodtrucks.com/,{overture},,businesses_conflate,1100,2026-07-22 18:44:37.477175+00,2026-07-22 00:00:00+00,73,65,100,75,50,{},"{""overture"": {""lat"": 40.71470260620117, ""lon"": -74.0057373046875, ""zip"": ""10013-3903"", ""city"": ""New York"", ""name"": ""Desi Food Truck"", ""brand"": null, ""phone"": ""+12129616193"", ""state"": ""NY"", ""address"": ""361 Broadway"", ""release"": ""2026-07-22.0"", ""website"": ""http://www.desifoodtrucks.com/"", ""category"": ""fast_food"", ""state_raw"": ""NY"", ""observed_at"": ""2026-07-22T00:00:00+00:00"", ""src_confidence"": 0.7130153775215149, ""category_source"": ""fast_food_restaurant"", ""source_record_id"": ""9078d630-5cc7-429d-ab2c-f33b694b32bf""}}",'desi':1 'food':2 'new':4 'truck':3 'york':5,2026-07-22 00:00:00+00,overture,62,likely_open,95,50,0,{}
biz_15f6f7056260fc72,The Taco Truck,restaurant,,40.7369499206543,-74.03069305419922,POINT(-74.03069305419922 40.7369499206543),62 Newark St,Hoboken,NJ,07030-4581,,2018501400,https://eljefestacotruckllc.com,{overture},,businesses_conflate,1100,2026-07-22 18:44:37.477175+00,2026-07-22 00:00:00+00,73,65,100,75,50,{},"{""overture"": {""lat"": 40.7369499206543, ""lon"": -74.03069305419922, ""zip"": ""07030-4581"", ""city"": ""Hoboken"", ""name"": ""The Taco Truck"", ""brand"": null, ""phone"": ""2018501400"", ""state"": ""NJ"", ""address"": ""62 Newark St"", ""release"": ""2026-07-22.0"", ""website"": ""https://eljefestacotruckllc.com"", ""category"": ""restaurant"", ""state_raw"": ""NJ"", ""observed_at"": ""2026-07-22T00:00:00+00:00"", ""src_confidence"": 0.9404275329709053, ""category_source"": ""restaurant"", ""source_record_id"": ""7a029e99-1750-4335-ad88-2c1655197ddf""}}",'hoboken':4 'taco':2 'truck':3,2026-07-22 00:00:00+00,overture,62,likely_open,95,50,0,{}
biz_161ee07ffb0f83d8,Nj Squared Llc Dba Mathnasium Of Jersey City,restaurant,,40.7170524597168,-74.04407501220703,POINT(-74.04407501220703 40.7170524597168),260 Grove St,Jersey City,NJ,07302-3629,,,,{overture},,businesses_conflate,1100,2026-07-22 18:44:37.477175+00,2026-07-22 00:00:00+00,68,65,100,50,50,{},"{""overture"": {""lat"": 40.7170524597168, ""lon"": -74.04407501220703, ""zip"": ""07302-3629"", ""city"": ""Jersey City"", ""name"": ""Nj Squared Llc Dba Mathnasium Of Jersey City"", ""brand"": null, ""phone"": null, ""state"": ""NJ"", ""address"": ""260 Grove St"", ""release"": ""2026-07-22.0"", ""website"": null, ""category"": ""restaurant"", ""state_raw"": ""NJ"", ""observed_at"": ""2026-07-22T00:00:00+00:00"", ""src_confidence"": 0.95, ""category_source"": ""restaurant"", ""source_record_id"": ""82d49275-15bf-4d48-99e5-593527a4f383""}}","'citi':8,10 'dba':4 'jersey':7,9 'llc':3 'mathnasium':5 'nj':1 'squar':2",2026-07-22 00:00:00+00,overture,62,likely_open,95,50,0,{}
biz_1644db39f3ff936e,Common Ground Andrews,hotel,,40.7209358215332,-73.99347686767578,POINT(-73.99347686767578 40.7209358215332),197 Bowery,New York,NY,10002-2867,,+12124972600,https://common-ground-andrews.hub.biz,{overture},,businesses_conflate,1100,2026-07-22 18:44:37.477175+00,2026-07-22 00:00:00+00,73,65,100,75,50,{},"{""overture"": {""lat"": 40.7209358215332, ""lon"": -73.99347686767578, ""zip"": ""10002-2867"", ""city"": ""New York"", ""name"": ""Common Ground Andrews"", ""brand"": null, ""phone"": ""+12124972600"", ""state"": ""NY"", ""address"": ""197 Bowery"", ""release"": ""2026-07-22.0"", ""website"": ""https://common-ground-andrews.hub.biz"", ""category"": ""hotel"", ""state_raw"": ""NY"", ""observed_at"": ""2026-07-22T00:00:00+00:00"", ""src_confidence"": 0.9199122190475464, ""category_source"": ""hotel"", ""source_record_id"": ""f06549a5-fed4-4778-aa7f-daaddf6c1849""}}",'andrew':3 'common':1 'ground':2 'new':4 'york':5,2026-07-22 00:00:00+00,overture,62,likely_open,95,50,0,{}
biz_165c951965783b54,RouRou Cafe,cafe,,40.736244201660156,-74.00074005126953,POINT(-74.00074005126953 40.736244201660156),70 Greenwich Ave,New York,NY,10011,,(212) 627-0200,http://www.cupcakestop.com,{overture},,businesses_conflate,1100,2026-07-22 18:44:37.477175+00,2026-07-22 00:00:00+00,73,65,100,75,50,{},"{""overture"": {""lat"": 40.736244201660156, ""lon"": -74.00074005126953, ""zip"": ""10011"", ""city"": ""New York"", ""name"": ""RouRou Cafe"", ""brand"": null, ""phone"": ""(212) 627-0200"", ""state"": ""NY"", ""address"": ""70 Greenwich Ave"", ""release"": ""2026-07-22.0"", ""website"": ""http://www.cupcakestop.com"", ""category"": ""cafe"", ""state_raw"": ""NY"", ""observed_at"": ""2026-07-22T00:00:00+00:00"", ""src_confidence"": 0.9199122190475464, ""category_source"": ""cafe"", ""source_record_id"": ""8a34e413-3000-41fe-8bd5-2a517c1f4169""}}",'cafe':2 'new':3 'rourou':1 'york':4,2026-07-22 00:00:00+00,overture,62,likely_open,95,50,0,{}
biz_166c9854a65956c0,L-Ray,restaurant,,40.73436737060547,-73.99830627441406,POINT(-73.99830627441406 40.73436737060547),64 W 10th St,New York,NY,10011,,(212) 505-7777,http://www.altarestaurant.com,{overture},,businesses_conflate,1100,2026-07-22 18:44:37.477175+00,2026-07-22 00:00:00+00,73,65,100,75,50,{},"{""overture"": {""lat"": 40.73436737060547, ""lon"": -73.99830627441406, ""zip"": ""10011"", ""city"": ""New York"", ""name"": ""L-Ray"", ""brand"": null, ""phone"": ""(212) 505-7777"", ""state"": ""NY"", ""address"": ""64 W 10th St"", ""release"": ""2026-07-22.0"", ""website"": ""http://www.altarestaurant.com"", ""category"": ""restaurant"", ""state_raw"": ""NY"", ""observed_at"": ""2026-07-22T00:00:00+00:00"", ""src_confidence"": 0.9199122190475464, ""category_source"": ""restaurant"", ""source_record_id"": ""4076969d-8227-48f7-a015-99a8350345b6""}}",'l':2 'l-ray':1 'new':4 'ray':3 'york':5,2026-07-22 00:00:00+00,overture,62,likely_open,95,50,0,{}
biz_168851e2b4188454,Bagel Restaurant,restaurant,,40.728416442871094,-73.9946517944336,POINT(-73.9946517944336 40.728416442871094),170 W 4th St,New York,NY,10014-3881,,,https://www.bagelrestaurant.com,{overture},,businesses_conflate,1100,2026-07-22 18:44:37.477175+00,2026-07-22 00:00:00+00,70,65,100,63,50,{},"{""overture"": {""lat"": 40.728416442871094, ""lon"": -73.9946517944336, ""zip"": ""10014-3881"", ""city"": ""New York"", ""name"": ""Bagel Restaurant"", ""brand"": null, ""phone"": null, ""state"": ""NY"", ""address"": ""170 W 4th St"", ""release"": ""2026-07-22.0"", ""website"": ""https://www.bagelrestaurant.com"", ""category"": ""restaurant"", ""state_raw"": ""NY"", ""observed_at"": ""2026-07-22T00:00:00+00:00"", ""src_confidence"": 0.95, ""category_source"": ""restaurant"", ""source_record_id"": ""de294806-5482-4c5a-ae7f-7f5f027c08da""}}",'bagel':1 'new':3 'restaur':2 'york':4,2026-07-22 00:00:00+00,overture,62,likely_open,95,50,0,{}
biz_169d3d38eb9bbc17,Chase Bank,atm_bank,Chase,40.71891784667969,-74.00242614746094,POINT(-74.00242614746094 40.71891784667969),407 Broadway,New York,NY,10013-3502,,+12122193356,https://locator.chase.com/ny/new-york/407-broadway?jp_cmp=rb%2FLocalListings%2Faff%2Fbranch%2Fna&y_source=1_MjAzODM1Ny01NTktbG9jYXRpb24ud2Vic2l0ZQ%3D%3D,{overture},,businesses_conflate,1100,2026-07-22 18:44:37.477175+00,2026-07-22 00:00:00+00,78,65,100,100,50,{},"{""overture"": {""lat"": 40.71891784667969, ""lon"": -74.00242614746094, ""zip"": ""10013-3502"", ""city"": ""New York"", ""name"": ""Chase Bank"", ""brand"": ""Chase"", ""phone"": ""+12122193356"", ""state"": ""NY"", ""address"": ""407 Broadway"", ""release"": ""2026-07-22.0"", ""website"": ""https://locator.chase.com/ny/new-york/407-broadway?jp_cmp=rb%2FLocalListings%2Faff%2Fbranch%2Fna&y_source=1_MjAzODM1Ny01NTktbG9jYXRpb24ud2Vic2l0ZQ%3D%3D"", ""category"": ""atm_bank"", ""state_raw"": ""NY"", ""observed_at"": ""2026-07-22T00:00:00+00:00"", ""src_confidence"": 0.9902192950248718, ""category_source"": ""bank_credit_union"", ""source_record_id"": ""3cf09035-d821-4d60-bd49-7b501b0364e8""}}","'bank':2 'chase':1,3 'new':4 'york':5",2026-07-22 00:00:00+00,overture,62,likely_open,95,50,0,{}
biz_16b9356a4aa89c41,Maurizio Trattoria,grocery,,40.73618698120117,-73.995849609375,POINT(-73.995849609375 40.73618698120117),35 W 13th St,New York,NY,10011-7924,,,https://www.maurizioca.com,{overture},,businesses_conflate,1100,2026-07-22 18:44:37.477175+00,2026-07-22 00:00:00+00,70,65,100,63,50,{},"{""overture"": {""lat"": 40.73618698120117, ""lon"": -73.995849609375, ""zip"": ""10011-7924"", ""city"": ""New York"", ""name"": ""Maurizio Trattoria"", ""brand"": null, ""phone"": null, ""state"": ""NY"", ""address"": ""35 W 13th St"", ""release"": ""2026-07-22.0"", ""website"": ""https://www.maurizioca.com"", ""category"": ""grocery"", ""state_raw"": ""NY"", ""observed_at"": ""2026-07-22T00:00:00+00:00"", ""src_confidence"": 0.9199122190475464, ""category_source"": ""grocery_store"", ""source_record_id"": ""737df996-cf99-470e-85ae-9e6c2cb48881""}}",'maurizio':1 'new':3 'trattoria':2 'york':4,2026-07-22 00:00:00+00,overture,62,likely_open,95,50,0,{}
biz_16b9d99347eb436c,Normas Resturant,restaurant,,40.715518951416016,-74.00572967529297,POINT(-74.00572967529297 40.715518951416016),95 Duane St,New York,NY,10007-1104,,+15166398174,,{overture},,businesses_conflate,1100,2026-07-22 18:44:37.477175+00,2026-07-22 00:00:00+00,70,65,100,63,50,{},"{""overture"": {""lat"": 40.715518951416016, ""lon"": -74.00572967529297, ""zip"": ""10007-1104"", ""city"": ""New York"", ""name"": ""Normas Resturant"", ""brand"": null, ""phone"": ""+15166398174"", ""state"": ""NY"", ""address"": ""95 Duane St"", ""release"": ""2026-07-22.0"", ""website"": null, ""category"": ""restaurant"", ""state_raw"": ""NY"", ""observed_at"": ""2026-07-22T00:00:00+00:00"", ""src_confidence"": 0.8221982717514038, ""category_source"": ""restaurant"", ""source_record_id"": ""17c8b40d-9054-4a09-a51c-98ac855785c3""}}",'new':3 'norma':1 'restur':2 'york':4,2026-07-22 00:00:00+00,overture,62,likely_open,95,50,0,{}
biz_16c21e803222fb13,The Broome Hotel New York,hotel,,40.72135543823242,-73.99935913085938,POINT(-73.99935913085938 40.72135543823242),431 Broome St,New York,NY,10013,,+12124312929,http://www.thebroomenyc.com,{overture},,businesses_conflate,1100,2026-07-22 18:44:37.477175+00,2026-07-22 00:00:00+00,73,65,100,75,50,{},"{""overture"": {""lat"": 40.72135543823242, ""lon"": -73.99935913085938, ""zip"": ""10013"", ""city"": ""New York"", ""name"": ""The Broome Hotel New York"", ""brand"": null, ""phone"": ""+12124312929"", ""state"": ""NY"", ""address"": ""431 Broome St"", ""release"": ""2026-07-22.0"", ""website"": ""http://www.thebroomenyc.com"", ""category"": ""hotel"", ""state_raw"": ""NY"", ""observed_at"": ""2026-07-22T00:00:00+00:00"", ""src_confidence"": 0.9994958639144897, ""category_source"": ""hotel"", ""source_record_id"": ""c946499c-5789-43e0-b7d8-11a132995bd6""}}","'broom':2 'hotel':3 'new':4,6 'york':5,7",2026-07-22 00:00:00+00,overture,62,likely_open,95,50,0,{}
biz_16c3379b3a7fb8ae,Cafe Gusto,cafe,,40.70773696899414,-74.00554656982422,POINT(-74.00554656982422 40.70773696899414),111 John St,New York,NY,10038-3101,,12127912700,https://www.cafegustotogo.com,{overture},,businesses_conflate,1100,2026-07-22 18:44:37.477175+00,2026-07-22 00:00:00+00,73,65,100,75,50,{},"{""overture"": {""lat"": 40.70773696899414, ""lon"": -74.00554656982422, ""zip"": ""10038-3101"", ""city"": ""New York"", ""name"": ""Cafe Gusto"", ""brand"": null, ""phone"": ""12127912700"", ""state"": ""NY"", ""address"": ""111 John St"", ""release"": ""2026-07-22.0"", ""website"": ""https://www.cafegustotogo.com"", ""category"": ""cafe"", ""state_raw"": ""NY"", ""observed_at"": ""2026-07-22T00:00:00+00:00"", ""src_confidence"": 0.9199122190475464, ""category_source"": ""cafe"", ""source_record_id"": ""5463b37b-3e32-4737-ae88-fb672e450c36""}}",'cafe':1 'gusto':2 'new':3 'york':4,2026-07-22 00:00:00+00,overture,62,likely_open,95,50,0,{}
biz_16d4b213c28f4ef2,Las Vegas Steakhouse Corp,restaurant,,40.737308502197266,-73.99215698242188,POINT(-73.99215698242188 40.737308502197266),85 5th Ave Fl 14,New York,NY,10003-3019,,,,{overture},,businesses_conflate,1100,2026-07-22 18:44:37.477175+00,2026-07-22 00:00:00+00,68,65,100,50,50,{},"{""overture"": {""lat"": 40.737308502197266, ""lon"": -73.99215698242188, ""zip"": ""10003-3019"", ""city"": ""New York"", ""name"": ""Las Vegas Steakhouse Corp"", ""brand"": null, ""phone"": null, ""state"": ""NY"", ""address"": ""85 5th Ave Fl 14"", ""release"": ""2026-07-22.0"", ""website"": null, ""category"": ""restaurant"", ""state_raw"": ""NY"", ""observed_at"": ""2026-07-22T00:00:00+00:00"", ""src_confidence"": 0.95, ""category_source"": ""restaurant"", ""source_record_id"": ""46a0ceb7-f1c3-45c0-a0e3-3d13c30c6221""}}",'corp':4 'las':1 'new':5 'steakhous':3 'vega':2 'york':6,2026-07-22 00:00:00+00,overture,62,likely_open,95,50,0,{}
biz_16d89758ad400662,The- Little Shop Llc,restaurant,,40.708335876464844,-74.00089263916016,POINT(-74.00089263916016 40.708335876464844),252 Front St Fl 1,New York,NY,10038-1749,,,https://www.thelittlestorepastaria.com,{overture},,businesses_conflate,1100,2026-07-22 18:44:37.477175+00,2026-07-22 00:00:00+00,70,65,100,63,50,{},"{""overture"": {""lat"": 40.708335876464844, ""lon"": -74.00089263916016, ""zip"": ""10038-1749"", ""city"": ""New York"", ""name"": ""The- Little Shop Llc"", ""brand"": null, ""phone"": null, ""state"": ""NY"", ""address"": ""252 Front St Fl 1"", ""release"": ""2026-07-22.0"", ""website"": ""https://www.thelittlestorepastaria.com"", ""category"": ""restaurant"", ""state_raw"": ""NY"", ""observed_at"": ""2026-07-22T00:00:00+00:00"", ""src_confidence"": 0.95, ""category_source"": ""restaurant"", ""source_record_id"": ""19e659c2-9524-487d-aff4-8eec80252e3e""}}",'littl':2 'llc':4 'new':5 'shop':3 'york':6,2026-07-22 00:00:00+00,overture,62,likely_open,95,50,0,{}
biz_170a96ac82572ca3,Hello_Marez ,cafe,,40.70754623413086,-74.00595092773438,POINT(-74.00595092773438 40.70754623413086),Broad street ,New York,NY,TW11 8QY,,,http://www.Marez.co.Uk/,{overture},,businesses_conflate,1100,2026-07-22 18:44:37.477175+00,2026-07-22 00:00:00+00,70,65,100,63,50,{},"{""overture"": {""lat"": 40.70754623413086, ""lon"": -74.00595092773438, ""zip"": ""TW11 8QY"", ""city"": ""New York"", ""name"": ""Hello_Marez "", ""brand"": null, ""phone"": null, ""state"": ""NY"", ""address"": ""Broad street "", ""release"": ""2026-07-22.0"", ""website"": ""http://www.Marez.co.Uk/"", ""category"": ""cafe"", ""state_raw"": ""NY"", ""observed_at"": ""2026-07-22T00:00:00+00:00"", ""src_confidence"": 0.9722161889076233, ""category_source"": ""cafe"", ""source_record_id"": ""a6e3f31c-71d8-42b0-9c99-8e802122537e""}}",'hello':1 'marez':2 'new':3 'york':4,2026-07-22 00:00:00+00,overture,62,likely_open,95,50,0,{}
biz_17174c0f1da153d5,212 Lafayette Associates Llc,restaurant,,40.721805572509766,-73.99793243408203,POINT(-73.99793243408203 40.721805572509766),212 Lafayette St,New York,NY,10012-4025,,,,{overture},,businesses_conflate,1100,2026-07-22 18:44:37.477175+00,2026-07-22 00:00:00+00,68,65,100,50,50,{},"{""overture"": {""lat"": 40.721805572509766, ""lon"": -73.99793243408203, ""zip"": ""10012-4025"", ""city"": ""New York"", ""name"": ""212 Lafayette Associates Llc"", ""brand"": null, ""phone"": null, ""state"": ""NY"", ""address"": ""212 Lafayette St"", ""release"": ""2026-07-22.0"", ""website"": null, ""category"": ""restaurant"", ""state_raw"": ""NY"", ""observed_at"": ""2026-07-22T00:00:00+00:00"", ""src_confidence"": 0.5, ""category_source"": ""restaurant"", ""source_record_id"": ""c7208f04-632a-44db-828c-24ad39271504""}}",'212':1 'associ':3 'lafayett':2 'llc':4 'new':5 'york':6,2026-07-22 00:00:00+00,overture,62,likely_open,95,50,0,{}
biz_1733d30802933c41,Beechwood Cafe,cafe,,40.71833038330078,-74.04352569580078,POINT(-74.04352569580078 40.71833038330078),290 Grove St,Jersey City,NJ,07302-4684,,+12019852811,http://www.cafebeechwood.com,{overture},,businesses_conflate,1100,2026-07-22 18:44:37.477175+00,2026-07-22 00:00:00+00,73,65,100,75,50,{},"{""overture"": {""lat"": 40.71833038330078, ""lon"": -74.04352569580078, ""zip"": ""07302-4684"", ""city"": ""Jersey City"", ""name"": ""Beechwood Cafe"", ""brand"": null, ""phone"": ""+12019852811"", ""state"": ""NJ"", ""address"": ""290 Grove St"", ""release"": ""2026-07-22.0"", ""website"": ""http://www.cafebeechwood.com"", ""category"": ""cafe"", ""state_raw"": ""NJ"", ""observed_at"": ""2026-07-22T00:00:00+00:00"", ""src_confidence"": 0.9902192950248718, ""category_source"": ""cafe"", ""source_record_id"": ""4b6b1c4f-3716-4760-8cc9-b74391e7d3f2""}}",'beechwood':1 'cafe':2 'citi':4 'jersey':3,2026-07-22 00:00:00+00,overture,62,likely_open,95,50,0,{}
biz_17420d7e3c36ee61,boo nest cafe,cafe,,40.71354293823242,-74.01224517822266,POINT(-74.01224517822266 40.71354293823242),80 Barclay St,New York,NY,10007-2108,,+12129011506,http://www.barclaystreetcafe.com/,{overture},,businesses_conflate,1100,2026-07-22 18:44:37.477175+00,2026-07-22 00:00:00+00,73,65,100,75,50,{},"{""overture"": {""lat"": 40.71354293823242, ""lon"": -74.01224517822266, ""zip"": ""10007-2108"", ""city"": ""New York"", ""name"": ""boo nest cafe"", ""brand"": null, ""phone"": ""+12129011506"", ""state"": ""NY"", ""address"": ""80 Barclay St"", ""release"": ""2026-07-22.0"", ""website"": ""http://www.barclaystreetcafe.com/"", ""category"": ""cafe"", ""state_raw"": ""NY"", ""observed_at"": ""2026-07-22T00:00:00+00:00"", ""src_confidence"": 0.394904226064682, ""category_source"": ""cafe"", ""source_record_id"": ""1a6e12ac-d75c-467e-b671-0ca7e0970917""}}",'boo':1 'cafe':3 'nest':2 'new':4 'york':5,2026-07-22 00:00:00+00,overture,62,likely_open,95,50,0,{}
biz_1749b947b0125a3a,Cafe Seasons,cafe,,40.73760986328125,-73.99644470214844,POINT(-73.99644470214844 40.73760986328125),538 Avenue of the Americas,New York,NY,10011-2003,,+12129299993,,{overture},,businesses_conflate,1100,2026-07-22 18:44:37.477175+00,2026-07-22 00:00:00+00,70,65,100,63,50,{},"{""overture"": {""lat"": 40.73760986328125, ""lon"": -73.99644470214844, ""zip"": ""10011-2003"", ""city"": ""New York"", ""name"": ""Cafe Seasons"", ""brand"": null, ""phone"": ""+12129299993"", ""state"": ""NY"", ""address"": ""538 Avenue of the Americas"", ""release"": ""2026-07-22.0"", ""website"": null, ""category"": ""cafe"", ""state_raw"": ""NY"", ""observed_at"": ""2026-07-22T00:00:00+00:00"", ""src_confidence"": 0.55, ""category_source"": ""cafe"", ""source_record_id"": ""23b19a66-aabe-4479-801b-b7238ef1f5d3""}}",'cafe':1 'new':3 'season':2 'york':4,2026-07-22 00:00:00+00,overture,62,likely_open,95,50,0,{}
biz_1751fd0b682e450c,Church St Deli & Grocery Inc,grocery,,40.71617126464844,-74.00717163085938,POINT(-74.00717163085938 40.71617126464844),200 Church St,New York,NY,10013-3831,,,,{overture},,businesses_conflate,1100,2026-07-22 18:44:37.477175+00,2026-07-22 00:00:00+00,68,65,100,50,50,{},"{""overture"": {""lat"": 40.71617126464844, ""lon"": -74.00717163085938, ""zip"": ""10013-3831"", ""city"": ""New York"", ""name"": ""Church St Deli & Grocery Inc"", ""brand"": null, ""phone"": null, ""state"": ""NY"", ""address"": ""200 Church St"", ""release"": ""2026-07-22.0"", ""website"": null, ""category"": ""grocery"", ""state_raw"": ""NY"", ""observed_at"": ""2026-07-22T00:00:00+00:00"", ""src_confidence"": 0.95, ""category_source"": ""grocery_store"", ""source_record_id"": ""19b2d01a-5654-4776-a5e6-c4dd9eb8e186""}}",'church':1 'deli':3 'groceri':4 'inc':5 'new':6 'st':2 'york':7,2026-07-22 00:00:00+00,overture,62,likely_open,95,50,0,{}
biz_176be7b7ec8ae975,Natural and Plus,grocery,,40.73727035522461,-74.03082275390625,POINT(-74.03082275390625 40.73727035522461),97 Washington St,Hoboken,NJ,07030-4584,,+12016593776,http://www.naturalplusnursery.com,{overture},,businesses_conflate,1100,2026-07-22 18:44:37.477175+00,2026-07-22 00:00:00+00,73,65,100,75,50,{},"{""overture"": {""lat"": 40.73727035522461, ""lon"": -74.03082275390625, ""zip"": ""07030-4584"", ""city"": ""Hoboken"", ""name"": ""Natural and Plus"", ""brand"": null, ""phone"": ""+12016593776"", ""state"": ""NJ"", ""address"": ""97 Washington St"", ""release"": ""2026-07-22.0"", ""website"": ""http://www.naturalplusnursery.com"", ""category"": ""grocery"", ""state_raw"": ""NJ"", ""observed_at"": ""2026-07-22T00:00:00+00:00"", ""src_confidence"": 0.9902192950248718, ""category_source"": ""grocery_store"", ""source_record_id"": ""25a0ee6f-3e29-497a-9705-e47d443fbedd""}}",'hoboken':4 'natur':1 'plus':3,2026-07-22 00:00:00+00,overture,62,likely_open,95,50,0,{}
biz_1779fb3a3aad14dc,Bank of America Financial Center,atm_bank,,40.71527862548828,-74.01124572753906,POINT(-74.01124572753906 40.71527862548828),260 Greenwich St,New York,NY,10007,,2125712404,https://locators.bankofamerica.com/ny/newyork/financial-centers-new-york-16009.html,{overture},,businesses_conflate,1100,2026-07-22 18:44:37.477175+00,2026-07-22 00:00:00+00,73,65,100,75,50,{},"{""overture"": {""lat"": 40.71527862548828, ""lon"": -74.01124572753906, ""zip"": ""10007"", ""city"": ""New York"", ""name"": ""Bank of America Financial Center"", ""brand"": null, ""phone"": ""2125712404"", ""state"": ""NY"", ""address"": ""260 Greenwich St"", ""release"": ""2026-07-22.0"", ""website"": ""https://locators.bankofamerica.com/ny/newyork/financial-centers-new-york-16009.html"", ""category"": ""atm_bank"", ""state_raw"": ""NY"", ""observed_at"": ""2026-07-22T00:00:00+00:00"", ""src_confidence"": 0.9931, ""category_source"": ""bank_credit_union"", ""source_record_id"": ""dcf08574-bf62-4084-8bc9-08b4489e1e86""}}",'america':3 'bank':1 'center':5 'financi':4 'new':6 'york':7,2026-07-22 00:00:00+00,overture,62,likely_open,95,50,0,{}
biz_178535efc82f0508,Liberty Healthcare,medical,,40.7163200378418,-74.0487060546875,POINT(-74.0487060546875 40.7163200378418),333 Grand St,Jersey City,NJ,07302,,+12013337193,,{overture},,businesses_conflate,1100,2026-07-22 18:44:37.477175+00,2026-07-22 00:00:00+00,70,65,100,63,50,{},"{""overture"": {""lat"": 40.7163200378418, ""lon"": -74.0487060546875, ""zip"": ""07302"", ""city"": ""Jersey City"", ""name"": ""Liberty Healthcare"", ""brand"": null, ""phone"": ""+12013337193"", ""state"": ""NJ"", ""address"": ""333 Grand St"", ""release"": ""2026-07-22.0"", ""website"": null, ""category"": ""medical"", ""state_raw"": ""NJ"", ""observed_at"": ""2026-07-22T00:00:00+00:00"", ""src_confidence"": 0.4985576868057251, ""category_source"": ""hospital"", ""source_record_id"": ""fd24c04d-ee6a-410e-8d99-ce3da73f027b""}}",'citi':4 'healthcar':2 'jersey':3 'liberti':1,2026-07-22 00:00:00+00,overture,62,likely_open,95,50,0,{}
biz_1788a0d580cebd4d,Capital One ATM,atm_bank,,40.7216796875,-74.04627990722656,POINT(-74.04627990722656 40.7216796875),201 Newark Ave,Jersey City,NJ,07302,,8002625689,http://www.capitalonebank.com/?external_id=ENTSOC_YX_YextRetail_Profile_0101,{overture},,businesses_conflate,1100,2026-07-22 18:44:37.477175+00,2026-07-22 00:00:00+00,73,65,100,75,50,{},"{""overture"": {""lat"": 40.7216796875, ""lon"": -74.04627990722656, ""zip"": ""07302"", ""city"": ""Jersey City"", ""name"": ""Capital One ATM"", ""brand"": null, ""phone"": ""8002625689"", ""state"": ""NJ"", ""address"": ""201 Newark Ave"", ""release"": ""2026-07-22.0"", ""website"": ""http://www.capitalonebank.com/?external_id=ENTSOC_YX_YextRetail_Profile_0101"", ""category"": ""atm_bank"", ""state_raw"": ""NJ"", ""observed_at"": ""2026-07-22T00:00:00+00:00"", ""src_confidence"": 0.9416387528181076, ""category_source"": ""atms"", ""source_record_id"": ""acc89906-ec2f-423d-90d1-de32939cb90f""}}",'atm':3 'capit':1 'citi':5 'jersey':4 'one':2,2026-07-22 00:00:00+00,overture,62,likely_open,95,50,0,{}
biz_1788dec02ecaca1a,Bny Mellon,atm_bank,,40.718894958496094,-74.04214477539062,POINT(-74.04214477539062 40.718894958496094),,Jersey City,NJ,,,+12014338246,http://www.bnymellon.com,{overture},,businesses_conflate,1100,2026-07-22 18:44:37.477175+00,2026-07-22 00:00:00+00,65,65,100,38,50,{},"{""overture"": {""lat"": 40.718894958496094, ""lon"": -74.04214477539062, ""zip"": null, ""city"": ""Jersey City"", ""name"": ""Bny Mellon"", ""brand"": null, ""phone"": ""+12014338246"", ""state"": ""NJ"", ""address"": null, ""release"": ""2026-07-22.0"", ""website"": ""http://www.bnymellon.com"", ""category"": ""atm_bank"", ""state_raw"": ""NJ"", ""observed_at"": ""2026-07-22T00:00:00+00:00"", ""src_confidence"": 0.9199122190475464, ""category_source"": ""bank_credit_union"", ""source_record_id"": ""e6d47ae0-7f6f-44dc-9f6e-aef68ddbc5ea""}}",'bni':1 'citi':4 'jersey':3 'mellon':2,2026-07-22 00:00:00+00,overture,62,likely_open,95,50,0,{}
biz_1789a199b62b2316,PNC ATM,atm_bank,PNC,40.710304260253906,-74.00932312011719,POINT(-74.00932312011719 40.710304260253906),"Fulton Center, 200 Broadway",New York,NY,10038-0259,,+16464281077,https://locator.pnc.com/en/details/ny/new-york/branch/200-broadway?lnksrc=branch-listing-facebook,{overture},,businesses_conflate,1100,2026-07-22 18:44:37.477175+00,2026-07-22 00:00:00+00,78,65,100,100,50,{},"{""overture"": {""lat"": 40.710304260253906, ""lon"": -74.00932312011719, ""zip"": ""10038-0259"", ""city"": ""New York"", ""name"": ""PNC ATM"", ""brand"": ""PNC"", ""phone"": ""+16464281077"", ""state"": ""NY"", ""address"": ""Fulton Center, 200 Broadway"", ""release"": ""2026-07-22.0"", ""website"": ""https://locator.pnc.com/en/details/ny/new-york/branch/200-broadway?lnksrc=branch-listing-facebook"", ""category"": ""atm_bank"", ""state_raw"": ""NY"", ""observed_at"": ""2026-07-22T00:00:00+00:00"", ""src_confidence"": 0.9990490362048149, ""category_source"": ""atms"", ""source_record_id"": ""ff1ee2fa-c326-4b90-ba8d-97bb24416366""}}","'atm':2 'new':4 'pnc':1,3 'york':5",2026-07-22 00:00:00+00,overture,62,likely_open,95,50,0,{}
biz_17b11f4e1a950132,Benchmarc Events by Marc Murphy,restaurant,,40.721588134765625,-74.00605773925781,POINT(-74.00605773925781 40.721588134765625),13 Laight St Ste 17,New York,NY,10013,,(212) 625-8270,http://benchmarc-events.com,{overture},,businesses_conflate,1100,2026-07-22 18:44:37.477175+00,2026-07-22 00:00:00+00,73,65,100,75,50,{},"{""overture"": {""lat"": 40.721588134765625, ""lon"": -74.00605773925781, ""zip"": ""10013"", ""city"": ""New York"", ""name"": ""Benchmarc Events by Marc Murphy"", ""brand"": null, ""phone"": ""(212) 625-8270"", ""state"": ""NY"", ""address"": ""13 Laight St Ste 17"", ""release"": ""2026-07-22.0"", ""website"": ""http://benchmarc-events.com"", ""category"": ""restaurant"", ""state_raw"": ""NY"", ""observed_at"": ""2026-07-22T00:00:00+00:00"", ""src_confidence"": 0.9199122190475464, ""category_source"": ""restaurant"", ""source_record_id"": ""e06362eb-7185-485f-9011-e957a83f2eed""}}",'benchmarc':1 'event':2 'marc':4 'murphi':5 'new':6 'york':7,2026-07-22 00:00:00+00,overture,62,likely_open,95,50,0,{}
biz_17b303829bf8ac05,gotan,cafe,,40.713836669921875,-74.041015625,POINT(-74.041015625 40.713836669921875),198 Van Vorst St,Jersey City,NJ,07302,,(201) 431-1233,https://www.gotancafe.com,{overture},,businesses_conflate,1100,2026-07-22 18:44:37.477175+00,2026-07-22 00:00:00+00,73,65,100,75,50,{},"{""overture"": {""lat"": 40.713836669921875, ""lon"": -74.041015625, ""zip"": ""07302"", ""city"": ""Jersey City"", ""name"": ""gotan"", ""brand"": null, ""phone"": ""(201) 431-1233"", ""state"": ""NJ"", ""address"": ""198 Van Vorst St"", ""release"": ""2026-07-22.0"", ""website"": ""https://www.gotancafe.com"", ""category"": ""cafe"", ""state_raw"": ""NJ"", ""observed_at"": ""2026-07-22T00:00:00+00:00"", ""src_confidence"": 0.77, ""category_source"": ""cafe"", ""source_record_id"": ""446755c7-307a-4cab-874c-b525b41e5e51""}}",'citi':3 'gotan':1 'jersey':2,2026-07-22 00:00:00+00,overture,62,likely_open,95,50,0,{}
biz_17c26f9404cf09f1,"Yuvi, Inc",restaurant,,40.72069549560547,-73.99888610839844,POINT(-73.99888610839844 40.72069549560547),180 Lafayette St Fl 7,New York,NY,10013-3289,,,,{overture},,businesses_conflate,1100,2026-07-22 18:44:37.477175+00,2026-07-22 00:00:00+00,68,65,100,50,50,{},"{""overture"": {""lat"": 40.72069549560547, ""lon"": -73.99888610839844, ""zip"": ""10013-3289"", ""city"": ""New York"", ""name"": ""Yuvi, Inc"", ""brand"": null, ""phone"": null, ""state"": ""NY"", ""address"": ""180 Lafayette St Fl 7"", ""release"": ""2026-07-22.0"", ""website"": null, ""category"": ""restaurant"", ""state_raw"": ""NY"", ""observed_at"": ""2026-07-22T00:00:00+00:00"", ""src_confidence"": 0.95, ""category_source"": ""restaurant"", ""source_record_id"": ""75f83e15-ce9d-4cbc-9991-14305ad4ff7f""}}",'inc':2 'new':3 'york':4 'yuvi':1,2026-07-22 00:00:00+00,overture,62,likely_open,95,50,0,{}
biz_180c99ff2fc3b0ba,Duane Reade,pharmacy,,40.719478607177734,-74.00234985351562,POINT(-74.00234985351562 40.719478607177734),296 Canal Street,New York,NY,10013,,(646) 927-5325,http://www.walgreens.com/locator/experienceb/duane+reade-415+broadway-new+york-ny-10013/id=14504,{overture},,businesses_conflate,1100,2026-07-22 18:44:37.477175+00,2026-07-22 00:00:00+00,73,65,100,75,50,{},"{""overture"": {""lat"": 40.719478607177734, ""lon"": -74.00234985351562, ""zip"": ""10013"", ""city"": ""New York"", ""name"": ""Duane Reade"", ""brand"": null, ""phone"": ""(646) 927-5325"", ""state"": ""NY"", ""address"": ""296 Canal Street"", ""release"": ""2026-07-22.0"", ""website"": ""http://www.walgreens.com/locator/experienceb/duane+reade-415+broadway-new+york-ny-10013/id=14504"", ""category"": ""pharmacy"", ""state_raw"": ""NY"", ""observed_at"": ""2026-07-22T00:00:00+00:00"", ""src_confidence"": 0.77, ""category_source"": ""pharmacy"", ""source_record_id"": ""d1b99b0b-5c6f-4973-8650-ea6f57b8067e""}}",'duan':1 'new':3 'read':2 'york':4,2026-07-22 00:00:00+00,overture,62,likely_open,95,50,0,{}
biz_182dd083dda6ad31,New York Next,restaurant,,40.7054443359375,-74.01380920410156,POINT(-74.01380920410156 40.7054443359375),25 Broadway,New York,NY,10004-1010,,,http://www.newyorkeats.net,{overture},,businesses_conflate,1100,2026-07-22 18:44:37.477175+00,2026-07-22 00:00:00+00,70,65,100,63,50,{},"{""overture"": {""lat"": 40.7054443359375, ""lon"": -74.01380920410156, ""zip"": ""10004-1010"", ""city"": ""New York"", ""name"": ""New York Next"", ""brand"": null, ""phone"": null, ""state"": ""NY"", ""address"": ""25 Broadway"", ""release"": ""2026-07-22.0"", ""website"": ""http://www.newyorkeats.net"", ""category"": ""restaurant"", ""state_raw"": ""NY"", ""observed_at"": ""2026-07-22T00:00:00+00:00"", ""src_confidence"": 0.95, ""category_source"": ""restaurant"", ""source_record_id"": ""ea4a272c-5608-4577-a46a-81a5ad699771""}}","'new':1,4 'next':3 'york':2,5",2026-07-22 00:00:00+00,overture,62,likely_open,95,50,0,{}
biz_1832fe45aef69058,Los Cuernos Corp,restaurant,,40.725929260253906,-74.03585052490234,POINT(-74.03585052490234 40.725929260253906),499 Washington Blvd,Jersey City,NJ,07310-1995,,,,{overture},,businesses_conflate,1100,2026-07-22 18:44:37.477175+00,2026-07-22 00:00:00+00,68,65,100,50,50,{},"{""overture"": {""lat"": 40.725929260253906, ""lon"": -74.03585052490234, ""zip"": ""07310-1995"", ""city"": ""Jersey City"", ""name"": ""Los Cuernos Corp"", ""brand"": null, ""phone"": null, ""state"": ""NJ"", ""address"": ""499 Washington Blvd"", ""release"": ""2026-07-22.0"", ""website"": null, ""category"": ""restaurant"", ""state_raw"": ""NJ"", ""observed_at"": ""2026-07-22T00:00:00+00:00"", ""src_confidence"": 0.95, ""category_source"": ""restaurant"", ""source_record_id"": ""649032a2-60f8-452b-95f0-67be983dc1fc""}}",'citi':5 'corp':3 'cuerno':2 'jersey':4 'los':1,2026-07-22 00:00:00+00,overture,62,likely_open,95,50,0,{}
biz_183c7b3254085c44,Out Inc,restaurant,,40.73688888549805,-74.02845764160156,POINT(-74.02845764160156 40.73688888549805),95 River St,Hoboken,NJ,07030-5625,,,,{overture},,businesses_conflate,1100,2026-07-22 18:44:37.477175+00,2026-07-22 00:00:00+00,68,65,100,50,50,{},"{""overture"": {""lat"": 40.73688888549805, ""lon"": -74.02845764160156, ""zip"": ""07030-5625"", ""city"": ""Hoboken"", ""name"": ""Out Inc"", ""brand"": null, ""phone"": null, ""state"": ""NJ"", ""address"": ""95 River St"", ""release"": ""2026-07-22.0"", ""website"": null, ""category"": ""restaurant"", ""state_raw"": ""NJ"", ""observed_at"": ""2026-07-22T00:00:00+00:00"", ""src_confidence"": 0.95, ""category_source"": ""restaurant"", ""source_record_id"": ""e75c663a-dad5-4b36-800c-0b37365c1142""}}",'hoboken':3 'inc':2,2026-07-22 00:00:00+00,overture,62,likely_open,95,50,0,{}
biz_184f5690e399f57d,Subway,fast_food,Subway,40.70509719848633,-74.01400756835938,POINT(-74.01400756835938 40.70509719848633),11 Broadway,New York,NY,10004-1046,,+12122692830,http://www.subway.com/en-us,{overture},,businesses_conflate,1100,2026-07-22 18:44:37.477175+00,2026-07-22 00:00:00+00,78,65,100,100,50,{},"{""overture"": {""lat"": 40.70509719848633, ""lon"": -74.01400756835938, ""zip"": ""10004-1046"", ""city"": ""New York"", ""name"": ""Subway"", ""brand"": ""Subway"", ""phone"": ""+12122692830"", ""state"": ""NY"", ""address"": ""11 Broadway"", ""release"": ""2026-07-22.0"", ""website"": ""http://www.subway.com/en-us"", ""category"": ""fast_food"", ""state_raw"": ""NY"", ""observed_at"": ""2026-07-22T00:00:00+00:00"", ""src_confidence"": 0.9999924327999353, ""category_source"": ""fast_food_restaurant"", ""source_record_id"": ""58feb828-4d1b-4cc9-944a-bb5a32fb8fc7""}}","'new':3 'subway':1,2 'york':4",2026-07-22 00:00:00+00,overture,62,likely_open,95,50,0,{}
biz_1860f137d1a83db7,Sunoco,fuel_station,GoSunoco,40.731510162353516,-74.04083251953125,POINT(-74.04083251953125 40.731510162353516),"14th &, Grove St",Jersey City,NJ,07302,,+12014922156,http://www.sunoco.com/,{overture},,businesses_conflate,1100,2026-07-22 18:44:37.477175+00,2026-07-22 00:00:00+00,78,65,100,100,50,{},"{""overture"": {""lat"": 40.731510162353516, ""lon"": -74.04083251953125, ""zip"": ""07302"", ""city"": ""Jersey City"", ""name"": ""Sunoco"", ""brand"": ""GoSunoco"", ""phone"": ""+12014922156"", ""state"": ""NJ"", ""address"": ""14th &, Grove St"", ""release"": ""2026-07-22.0"", ""website"": ""http://www.sunoco.com/"", ""category"": ""fuel_station"", ""state_raw"": ""NJ"", ""observed_at"": ""2026-07-22T00:00:00+00:00"", ""src_confidence"": 0.9992494186401367, ""category_source"": ""gas_station"", ""source_record_id"": ""6b842c10-1c7c-4e2e-93c4-ae6c8253dadb""}}",'citi':4 'gosunoco':2 'jersey':3 'sunoco':1,2026-08-11 21:11:13+00,chain_sites,93,open,99,80,100,"{""chain_confirmed:Penske Truck Rental""}"
biz_186a719acb9d583c,McDonald's,fast_food,,40.71002960205078,-74.01241302490234,POINT(-74.01241302490234 40.71002960205078),119 Liberty St # 5,New York,NY,10006,,(718) 843-8777,http://www.mcdonalds.com,{overture},,businesses_conflate,1100,2026-07-22 18:44:37.477175+00,2026-07-22 00:00:00+00,73,65,100,75,50,{},"{""overture"": {""lat"": 40.71002960205078, ""lon"": -74.01241302490234, ""zip"": ""10006"", ""city"": ""New York"", ""name"": ""McDonald's"", ""brand"": null, ""phone"": ""(718) 843-8777"", ""state"": ""NY"", ""address"": ""119 Liberty St # 5"", ""release"": ""2026-07-22.0"", ""website"": ""http://www.mcdonalds.com"", ""category"": ""fast_food"", ""state_raw"": ""NY"", ""observed_at"": ""2026-07-22T00:00:00+00:00"", ""src_confidence"": 0.9199122190475464, ""category_source"": ""fast_food_restaurant"", ""source_record_id"": ""effdb126-0020-4164-bc60-2e962736f5f7""}}",'mcdonald':1 'new':3 'york':4,2026-07-22 00:00:00+00,overture,62,likely_open,95,50,0,{}
biz_187439ce3b6623f9,LibertyX Bitcoin ATM,atm_bank,,40.70563507080078,-74.0067367553711,POINT(-74.0067367553711 40.70563507080078),88 Pine St,New York,NY,10005,,8005118940,https://libertyx.com/a/buy-bitcoin/locations/NY/new-york/88-pine-st?y_source=1_MTAxNDU3NjgyMC00ODMtbG9jYXRpb24ud2Vic2l0ZQ%3D%3D,{overture},,businesses_conflate,1100,2026-07-22 18:44:37.477175+00,2026-07-22 00:00:00+00,73,65,100,75,50,{},"{""overture"": {""lat"": 40.70563507080078, ""lon"": -74.0067367553711, ""zip"": ""10005"", ""city"": ""New York"", ""name"": ""LibertyX Bitcoin ATM"", ""brand"": null, ""phone"": ""8005118940"", ""state"": ""NY"", ""address"": ""88 Pine St"", ""release"": ""2026-07-22.0"", ""website"": ""https://libertyx.com/a/buy-bitcoin/locations/NY/new-york/88-pine-st?y_source=1_MTAxNDU3NjgyMC00ODMtbG9jYXRpb24ud2Vic2l0ZQ%3D%3D"", ""category"": ""atm_bank"", ""state_raw"": ""NY"", ""observed_at"": ""2026-07-22T00:00:00+00:00"", ""src_confidence"": 0.85, ""category_source"": ""atms"", ""source_record_id"": ""b4b06444-3e03-4dda-b961-bd8ac620eb7a""}}",'atm':3 'bitcoin':2 'libertyx':1 'new':4 'york':5,2026-07-22 00:00:00+00,overture,62,likely_open,95,50,0,{}
biz_18913b95548cc3a6,Battery Park City,fast_food,Shake Shack,40.71526336669922,-74.01487731933594,POINT(-74.01487731933594 40.71526336669922),215 Murray Street,New York,NY,10282,,,https://shakeshack.com/location/battery-park-city-ny,{overture},,businesses_conflate,1100,2026-07-22 18:44:37.477175+00,2026-07-22 00:00:00+00,75,65,100,88,50,{},"{""overture"": {""lat"": 40.71526336669922, ""lon"": -74.01487731933594, ""zip"": ""10282"", ""city"": ""New York"", ""name"": ""Battery Park City"", ""brand"": ""Shake Shack"", ""phone"": null, ""state"": ""NY"", ""address"": ""215 Murray Street"", ""release"": ""2026-07-22.0"", ""website"": ""https://shakeshack.com/location/battery-park-city-ny"", ""category"": ""fast_food"", ""state_raw"": ""NY"", ""observed_at"": ""2026-07-22T00:00:00+00:00"", ""src_confidence"": 0.8, ""category_source"": ""fast_food_restaurant"", ""source_record_id"": ""3ac51bc1-05b8-44c4-8926-d7759d267206""}}",'batteri':1 'citi':3 'new':6 'park':2 'shack':5 'shake':4 'york':7,2026-07-22 00:00:00+00,overture,62,likely_open,95,50,0,{}
biz_18a554ae99c711da,LibertyX Bitcoin ATM,atm_bank,,40.735233306884766,-74.0439224243164,POINT(-74.0439224243164 40.735233306884766),"854 Jersey Ave, Tiger Exxon",Jersey City,NJ,07310,,8005118940,https://libertyx.com/a/buy-bitcoin/locations/NJ/jersey-city/854-jersey-ave?y_source=1_MjMyNjE0MjktNDgzLWxvY2F0aW9uLndlYnNpdGU%3D,{overture},,businesses_conflate,1100,2026-07-22 18:44:37.477175+00,2026-07-22 00:00:00+00,73,65,100,75,50,{},"{""overture"": {""lat"": 40.735233306884766, ""lon"": -74.0439224243164, ""zip"": ""07310"", ""city"": ""Jersey City"", ""name"": ""LibertyX Bitcoin ATM"", ""brand"": null, ""phone"": ""8005118940"", ""state"": ""NJ"", ""address"": ""854 Jersey Ave, Tiger Exxon"", ""release"": ""2026-07-22.0"", ""website"": ""https://libertyx.com/a/buy-bitcoin/locations/NJ/jersey-city/854-jersey-ave?y_source=1_MjMyNjE0MjktNDgzLWxvY2F0aW9uLndlYnNpdGU%3D"", ""category"": ""atm_bank"", ""state_raw"": ""NJ"", ""observed_at"": ""2026-07-22T00:00:00+00:00"", ""src_confidence"": 0.85, ""category_source"": ""atms"", ""source_record_id"": ""9c898afe-0f3f-4e92-98da-090c0f80b94b""}}",'atm':3 'bitcoin':2 'citi':5 'jersey':4 'libertyx':1,2026-07-22 00:00:00+00,overture,62,likely_open,95,50,0,{}
biz_18abee166a400660,Old Date Cafe House,cafe,,40.71662521362305,-73.9990234375,POINT(-73.9990234375 40.71662521362305),"Room No. C.3, Market Garden Shopping Mall,",New York,NY,14051,,+959444709566,,{overture},,businesses_conflate,1100,2026-07-22 18:44:37.477175+00,2026-07-22 00:00:00+00,70,65,100,63,50,{},"{""overture"": {""lat"": 40.71662521362305, ""lon"": -73.9990234375, ""zip"": ""14051"", ""city"": ""New York"", ""name"": ""Old Date Cafe House"", ""brand"": null, ""phone"": ""+959444709566"", ""state"": ""NY"", ""address"": ""Room No. C.3, Market Garden Shopping Mall,"", ""release"": ""2026-07-22.0"", ""website"": null, ""category"": ""cafe"", ""state_raw"": ""NY"", ""observed_at"": ""2026-07-22T00:00:00+00:00"", ""src_confidence"": 0.7730315923690796, ""category_source"": ""cafe"", ""source_record_id"": ""40f23c15-5670-40f2-944a-48a8ec89a8f0""}}",'cafe':3 'date':2 'hous':4 'new':5 'old':1 'york':6,2026-07-22 00:00:00+00,overture,62,likely_open,95,50,0,{}
biz_18b608c08ab54cc9,Caput Mundi,restaurant,,40.72216033935547,-74.0035171508789,POINT(-74.0035171508789 40.72216033935547),"59 Grand St, New York, NY 10013, Stati Unit i",New York,NY,10013,,3475944801,https://www.caputmundinyc.com/,{overture},,businesses_conflate,1100,2026-07-22 18:44:37.477175+00,2026-07-22 00:00:00+00,73,65,100,75,50,{},"{""overture"": {""lat"": 40.72216033935547, ""lon"": -74.0035171508789, ""zip"": ""10013"", ""city"": ""New York"", ""name"": ""Caput Mundi"", ""brand"": null, ""phone"": ""3475944801"", ""state"": ""NY"", ""address"": ""59 Grand St, New York, NY 10013, Stati Unit i"", ""release"": ""2026-07-22.0"", ""website"": ""https://www.caputmundinyc.com/"", ""category"": ""restaurant"", ""state_raw"": ""NY"", ""observed_at"": ""2026-07-22T00:00:00+00:00"", ""src_confidence"": 0.9199122190475464, ""category_source"": ""restaurant"", ""source_record_id"": ""935a817a-9c50-4493-b73b-ddfce15d2784""}}",'caput':1 'mundi':2 'new':3 'york':4,2026-07-22 00:00:00+00,overture,62,likely_open,95,50,0,{}
biz_18b876d01bd32f5a,The Finest FCU,atm_bank,,40.71273422241211,-73.9993667602539,POINT(-73.9993667602539 40.71273422241211),215 Park Row Ste 2,New York,NY,10038,,,,{overture},,businesses_conflate,1100,2026-07-22 18:44:37.477175+00,2026-07-22 00:00:00+00,68,65,100,50,50,{},"{""overture"": {""lat"": 40.71273422241211, ""lon"": -73.9993667602539, ""zip"": ""10038"", ""city"": ""New York"", ""name"": ""The Finest FCU"", ""brand"": null, ""phone"": null, ""state"": ""NY"", ""address"": ""215 Park Row Ste 2"", ""release"": ""2026-07-22.0"", ""website"": null, ""category"": ""atm_bank"", ""state_raw"": ""NY"", ""observed_at"": ""2026-07-22T00:00:00+00:00"", ""src_confidence"": 0.8, ""category_source"": ""banks"", ""source_record_id"": ""f5006a45-a191-4bf8-92bd-e4bb24f62418""}}",'fcu':3 'finest':2 'new':4 'york':5,2026-07-22 00:00:00+00,overture,62,likely_open,95,50,0,{}
biz_18f7c1a716304c55,10 Downing Restaurant Llc,restaurant,,40.72928237915039,-74.00281524658203,POINT(-74.00281524658203 40.72928237915039),10 Downing St,New York,NY,10014-4734,,,https://cafeclovernyc.com,{overture},,businesses_conflate,1100,2026-07-22 18:44:37.477175+00,2026-07-22 00:00:00+00,70,65,100,63,50,{},"{""overture"": {""lat"": 40.72928237915039, ""lon"": -74.00281524658203, ""zip"": ""10014-4734"", ""city"": ""New York"", ""name"": ""10 Downing Restaurant Llc"", ""brand"": null, ""phone"": null, ""state"": ""NY"", ""address"": ""10 Downing St"", ""release"": ""2026-07-22.0"", ""website"": ""https://cafeclovernyc.com"", ""category"": ""restaurant"", ""state_raw"": ""NY"", ""observed_at"": ""2026-07-22T00:00:00+00:00"", ""src_confidence"": 0.95, ""category_source"": ""restaurant"", ""source_record_id"": ""98990ea8-d6a3-4d4f-a5e6-7423f82b2d78""}}",'10':1 'down':2 'llc':4 'new':5 'restaur':3 'york':6,2026-07-22 00:00:00+00,overture,62,likely_open,95,50,0,{}
biz_18f94b1fde74ec87,Peddler,cafe,,40.724849700927734,-73.99571228027344,POINT(-73.99571228027344 40.724849700927734),300 Lafayette St,New York,NY,10012,,+16464625636,http://www.peddlerny.com/,{overture},,businesses_conflate,1100,2026-07-22 18:44:37.477175+00,2026-07-22 00:00:00+00,73,65,100,75,50,{},"{""overture"": {""lat"": 40.724849700927734, ""lon"": -73.99571228027344, ""zip"": ""10012"", ""city"": ""New York"", ""name"": ""Peddler"", ""brand"": null, ""phone"": ""+16464625636"", ""state"": ""NY"", ""address"": ""300 Lafayette St"", ""release"": ""2026-07-22.0"", ""website"": ""http://www.peddlerny.com/"", ""category"": ""cafe"", ""state_raw"": ""NY"", ""observed_at"": ""2026-07-22T00:00:00+00:00"", ""src_confidence"": 0.9583381414413452, ""category_source"": ""coffee_shop"", ""source_record_id"": ""f434fe10-9431-4ddd-a4a4-1cbd010bf464""}}",'new':2 'peddler':1 'york':3,2026-07-22 00:00:00+00,overture,62,likely_open,95,50,0,{}
biz_19136e224646637f,Bright Street Pharmacy,pharmacy,,40.71706771850586,-74.0481948852539,POINT(-74.0481948852539 40.71706771850586),75 Bright St,Jersey City,NJ,07302-4375,,+12013339900,https://www.brightstreetpharmacy.com/,{overture},,businesses_conflate,1100,2026-07-22 18:44:37.477175+00,2026-07-22 00:00:00+00,73,65,100,75,50,{},"{""overture"": {""lat"": 40.71706771850586, ""lon"": -74.0481948852539, ""zip"": ""07302-4375"", ""city"": ""Jersey City"", ""name"": ""Bright Street Pharmacy"", ""brand"": null, ""phone"": ""+12013339900"", ""state"": ""NJ"", ""address"": ""75 Bright St"", ""release"": ""2026-07-22.0"", ""website"": ""https://www.brightstreetpharmacy.com/"", ""category"": ""pharmacy"", ""state_raw"": ""NJ"", ""observed_at"": ""2026-07-22T00:00:00+00:00"", ""src_confidence"": 0.8396853804588318, ""category_source"": ""pharmacy"", ""source_record_id"": ""6ae7060f-e3d0-4f0e-b64f-a4138a818ff9""}}",'bright':1 'citi':5 'jersey':4 'pharmaci':3 'street':2,2026-07-22 00:00:00+00,overture,62,likely_open,95,50,0,{}
biz_191710d7600bc297,Bateaux New York,restaurant,,40.70577621459961,-74.01605224609375,POINT(-74.01605224609375 40.70577621459961),12 West St,New York,NY,10006,,+12123521366,https://www.bateauxnewyork.com/new-york-metro,{overture},,businesses_conflate,1100,2026-07-22 18:44:37.477175+00,2026-07-22 00:00:00+00,73,65,100,75,50,{},"{""overture"": {""lat"": 40.70577621459961, ""lon"": -74.01605224609375, ""zip"": ""10006"", ""city"": ""New York"", ""name"": ""Bateaux New York"", ""brand"": null, ""phone"": ""+12123521366"", ""state"": ""NY"", ""address"": ""12 West St"", ""release"": ""2026-07-22.0"", ""website"": ""https://www.bateauxnewyork.com/new-york-metro"", ""category"": ""restaurant"", ""state_raw"": ""NY"", ""observed_at"": ""2026-07-22T00:00:00+00:00"", ""src_confidence"": 0.5132931470870972, ""category_source"": ""restaurant"", ""source_record_id"": ""339cf113-bc47-472f-ae1e-696de1fa4200""}}","'bateaux':1 'new':2,4 'york':3,5",2026-07-22 00:00:00+00,overture,62,likely_open,95,50,0,{}
biz_1923676f5d588abf,Dunkin',cafe,Dunkin',40.71000671386719,-74.01437377929688,POINT(-74.01437377929688 40.71000671386719),90 West St,New York,NY,10006,,+12125879500,http://www.dunkindonuts.com,{overture},,businesses_conflate,1100,2026-07-22 18:44:37.477175+00,2026-07-22 00:00:00+00,78,65,100,100,50,{},"{""overture"": {""lat"": 40.71000671386719, ""lon"": -74.01437377929688, ""zip"": ""10006"", ""city"": ""New York"", ""name"": ""Dunkin'"", ""brand"": ""Dunkin'"", ""phone"": ""+12125879500"", ""state"": ""NY"", ""address"": ""90 West St"", ""release"": ""2026-07-22.0"", ""website"": ""http://www.dunkindonuts.com"", ""category"": ""cafe"", ""state_raw"": ""NY"", ""observed_at"": ""2026-07-22T00:00:00+00:00"", ""src_confidence"": 0.9483895301818848, ""category_source"": ""coffee_shop"", ""source_record_id"": ""b3df9cb9-9485-4609-810e-f4cb65d60623""}}","'dunkin':1,2 'new':3 'york':4",2026-07-22 00:00:00+00,overture,62,likely_open,95,50,0,{}
biz_195f179ffde1cad2,International Commercial Bank of China,atm_bank,Central Bank of Kenya (Official),40.70893096923828,-74.00978088378906,POINT(-74.00978088378906 40.70893096923828),65 Liberty St,New York,NY,10005,,+12124062952,https://www.centralbank.net,{overture},,businesses_conflate,1100,2026-07-22 18:44:37.477175+00,2026-07-22 00:00:00+00,78,65,100,100,50,{},"{""overture"": {""lat"": 40.70893096923828, ""lon"": -74.00978088378906, ""zip"": ""10005"", ""city"": ""New York"", ""name"": ""International Commercial Bank of China"", ""brand"": ""Central Bank of Kenya (Official)"", ""phone"": ""+12124062952"", ""state"": ""NY"", ""address"": ""65 Liberty St"", ""release"": ""2026-07-22.0"", ""website"": ""https://www.centralbank.net"", ""category"": ""atm_bank"", ""state_raw"": ""NY"", ""observed_at"": ""2026-07-22T00:00:00+00:00"", ""src_confidence"": 0.9199122190475464, ""category_source"": ""banks"", ""source_record_id"": ""ba4e129d-8143-4eea-808e-8cbf55067ae4""}}","'bank':3,7 'central':6 'china':5 'commerci':2 'intern':1 'kenya':9 'new':11 'offici':10 'york':12",2026-07-22 00:00:00+00,overture,62,likely_open,95,50,0,{}
biz_19643d6dfa8827a0,Hybrid Coffee & Kitchen,cafe,,40.7229118347168,-74.04235076904297,POINT(-74.04235076904297 40.7229118347168),398 Manila Ave,Jersey City,NJ,07302,,+12019939028,http://www.hybridcoffee.co,{overture},,businesses_conflate,1100,2026-07-22 18:44:37.477175+00,2026-07-22 00:00:00+00,73,65,100,75,50,{},"{""overture"": {""lat"": 40.7229118347168, ""lon"": -74.04235076904297, ""zip"": ""07302"", ""city"": ""Jersey City"", ""name"": ""Hybrid Coffee & Kitchen"", ""brand"": null, ""phone"": ""+12019939028"", ""state"": ""NJ"", ""address"": ""398 Manila Ave"", ""release"": ""2026-07-22.0"", ""website"": ""http://www.hybridcoffee.co"", ""category"": ""cafe"", ""state_raw"": ""NJ"", ""observed_at"": ""2026-07-22T00:00:00+00:00"", ""src_confidence"": 0.9990185266733169, ""category_source"": ""cafe"", ""source_record_id"": ""645b9ec9-2ffc-412a-9584-deb477bcda63""}}",'citi':5 'coffe':2 'hybrid':1 'jersey':4 'kitchen':3,2026-07-22 00:00:00+00,overture,62,likely_open,95,50,0,{}
biz_197dc0b0e0d42658,Cafe Asean,restaurant,,40.73489761352539,-73.99947357177734,POINT(-73.99947357177734 40.73489761352539),117 W 10th St,New York,NY,10011-8345,,,https://www.cafeasean.com,{overture},,businesses_conflate,1100,2026-07-22 18:44:37.477175+00,2026-07-22 00:00:00+00,70,65,100,63,50,{},"{""overture"": {""lat"": 40.73489761352539, ""lon"": -73.99947357177734, ""zip"": ""10011-8345"", ""city"": ""New York"", ""name"": ""Cafe Asean"", ""brand"": null, ""phone"": null, ""state"": ""NY"", ""address"": ""117 W 10th St"", ""release"": ""2026-07-22.0"", ""website"": ""https://www.cafeasean.com"", ""category"": ""restaurant"", ""state_raw"": ""NY"", ""observed_at"": ""2026-07-22T00:00:00+00:00"", ""src_confidence"": 0.9199122190475464, ""category_source"": ""restaurant"", ""source_record_id"": ""9a307d81-0ff6-4994-9502-bb4b7d82a022""}}",'asean':2 'cafe':1 'new':3 'york':4,2026-07-22 00:00:00+00,overture,62,likely_open,95,50,0,{}
biz_198942455500a8e0,Hook Pharmacy,pharmacy,,40.71406555175781,-74.03781127929688,POINT(-74.03781127929688 40.71406555175781),204 Washington St,Jersey City,NJ,07302-4523,,+12013335189,http://www.hookpharmacy.com/,{overture},,businesses_conflate,1100,2026-07-22 18:44:37.477175+00,2026-07-22 00:00:00+00,73,65,100,75,50,{},"{""overture"": {""lat"": 40.71406555175781, ""lon"": -74.03781127929688, ""zip"": ""07302-4523"", ""city"": ""Jersey City"", ""name"": ""Hook Pharmacy"", ""brand"": null, ""phone"": ""+12013335189"", ""state"": ""NJ"", ""address"": ""204 Washington St"", ""release"": ""2026-07-22.0"", ""website"": ""http://www.hookpharmacy.com/"", ""category"": ""pharmacy"", ""state_raw"": ""NJ"", ""observed_at"": ""2026-07-22T00:00:00+00:00"", ""src_confidence"": 0.9902192950248718, ""category_source"": ""pharmacy"", ""source_record_id"": ""44772ee6-1881-42f4-a68e-3e69b341dac7""}}",'citi':4 'hook':1 'jersey':3 'pharmaci':2,2026-07-22 00:00:00+00,overture,62,likely_open,95,50,0,{}
biz_198c81bee6e9400c,Happier Grocery,grocery,,40.721282958984375,-74.00408172607422,POINT(-74.00408172607422 40.721282958984375),365 Canal St,New York,NY,10013-2249,,+12128378015,https://www.happiergrocery.com/,{overture},,businesses_conflate,1100,2026-07-22 18:44:37.477175+00,2026-07-22 00:00:00+00,73,65,100,75,50,{},"{""overture"": {""lat"": 40.721282958984375, ""lon"": -74.00408172607422, ""zip"": ""10013-2249"", ""city"": ""New York"", ""name"": ""Happier Grocery"", ""brand"": null, ""phone"": ""+12128378015"", ""state"": ""NY"", ""address"": ""365 Canal St"", ""release"": ""2026-07-22.0"", ""website"": ""https://www.happiergrocery.com/"", ""category"": ""grocery"", ""state_raw"": ""NY"", ""observed_at"": ""2026-07-22T00:00:00+00:00"", ""src_confidence"": 0.9722161889076233, ""category_source"": ""grocery_store"", ""source_record_id"": ""a6e95fd9-7fc8-4344-8820-47d692bfd3b4""}}",'groceri':2 'happier':1 'new':3 'york':4,2026-07-22 00:00:00+00,overture,62,likely_open,95,50,0,{}
biz_19a6370e300d9972,770 Kitchen Llc,restaurant,,40.72669219970703,-74.00184631347656,POINT(-74.00184631347656 40.72669219970703),135 Sullivan St,New York,NY,10012-3056,,,,{overture},,businesses_conflate,1100,2026-07-22 18:44:37.477175+00,2026-07-22 00:00:00+00,68,65,100,50,50,{},"{""overture"": {""lat"": 40.72669219970703, ""lon"": -74.00184631347656, ""zip"": ""10012-3056"", ""city"": ""New York"", ""name"": ""770 Kitchen Llc"", ""brand"": null, ""phone"": null, ""state"": ""NY"", ""address"": ""135 Sullivan St"", ""release"": ""2026-07-22.0"", ""website"": null, ""category"": ""restaurant"", ""state_raw"": ""NY"", ""observed_at"": ""2026-07-22T00:00:00+00:00"", ""src_confidence"": 0.95, ""category_source"": ""restaurant"", ""source_record_id"": ""30e3d820-e372-46e3-b484-30e5492e6c23""}}",'770':1 'kitchen':2 'llc':3 'new':4 'york':5,2026-07-22 00:00:00+00,overture,62,likely_open,95,50,0,{}
biz_19d47cc61b561e2c,The Modern Chemist,pharmacy,The Modern Chemist,40.703182220458984,-73.99163818359375,POINT(-73.99163818359375 40.703182220458984),62 Water St,New York,NY,11201-1044,,+13476892007,https://www.tmcpharmacy.com/,{overture},,businesses_conflate,1100,2026-07-22 18:44:37.477175+00,2026-07-22 00:00:00+00,78,65,100,100,50,{},"{""overture"": {""lat"": 40.703182220458984, ""lon"": -73.99163818359375, ""zip"": ""11201-1044"", ""city"": ""New York"", ""name"": ""The Modern Chemist"", ""brand"": ""The Modern Chemist"", ""phone"": ""+13476892007"", ""state"": ""NY"", ""address"": ""62 Water St"", ""release"": ""2026-07-22.0"", ""website"": ""https://www.tmcpharmacy.com/"", ""category"": ""pharmacy"", ""state_raw"": ""NY"", ""observed_at"": ""2026-07-22T00:00:00+00:00"", ""src_confidence"": 0.9902192950248718, ""category_source"": ""pharmacy"", ""source_record_id"": ""09b04eb0-d8fb-4b10-b8a5-7738e5e2c309""}}","'chemist':3,6 'modern':2,5 'new':7 'york':8",2026-07-22 00:00:00+00,overture,62,likely_open,95,50,0,{}
biz_19f3e5d237fa6d1a,Dumpling Kingdom,fast_food,,40.72963333129883,-73.99960327148438,POINT(-73.99960327148438 40.72963333129883),227 Sullivan St,New York,NY,10012,,2123538888,http://orderdumplingkingdomsullivan.com/,{overture},,businesses_conflate,1100,2026-07-22 18:44:37.477175+00,2026-07-22 00:00:00+00,73,65,100,75,50,{},"{""overture"": {""lat"": 40.72963333129883, ""lon"": -73.99960327148438, ""zip"": ""10012"", ""city"": ""New York"", ""name"": ""Dumpling Kingdom"", ""brand"": null, ""phone"": ""2123538888"", ""state"": ""NY"", ""address"": ""227 Sullivan St"", ""release"": ""2026-07-22.0"", ""website"": ""http://orderdumplingkingdomsullivan.com/"", ""category"": ""fast_food"", ""state_raw"": ""NY"", ""observed_at"": ""2026-07-22T00:00:00+00:00"", ""src_confidence"": 0.9199122190475464, ""category_source"": ""fast_food_restaurant"", ""source_record_id"": ""876d5f64-1354-4b09-a5af-bc2b4ce76bce""}}",'dumpl':1 'kingdom':2 'new':3 'york':4,2026-07-22 00:00:00+00,overture,62,likely_open,95,50,0,{}
biz_1a0cf87b8478f58b,Sakhahar,restaurant,,40.84132766723633,-74.04691314697266,POINT(-74.04691314697266 40.84132766723633),87 Moonachie Rd,Moonachie,NJ,07074,,(201) 440-1818,http://www.sakhahar.com,{overture},,businesses_conflate,1100,2026-07-22 18:44:37.477175+00,2026-07-22 00:00:00+00,73,65,100,75,50,{},"{""overture"": {""lat"": 40.84132766723633, ""lon"": -74.04691314697266, ""zip"": ""07074"", ""city"": ""Moonachie"", ""name"": ""Sakhahar"", ""brand"": null, ""phone"": ""(201) 440-1818"", ""state"": ""NJ"", ""address"": ""87 Moonachie Rd"", ""release"": ""2026-07-22.0"", ""website"": ""http://www.sakhahar.com"", ""category"": ""restaurant"", ""state_raw"": ""NJ"", ""observed_at"": ""2026-07-22T00:00:00+00:00"", ""src_confidence"": 0.77, ""category_source"": ""restaurant"", ""source_record_id"": ""454ee6ba-52f0-45a9-8643-01000b2d4945""}}",'moonachi':2 'sakhahar':1,2026-07-22 00:00:00+00,overture,62,likely_open,95,50,0,{}
biz_1a2bd75678f01669,Holly Jolly Holiday Bar,restaurant,,40.73138427734375,-74.00387573242188,POINT(-74.00387573242188 40.73138427734375),47 7th Ave S,New York,NY,10014-4043,,,bucketlisters.com,{overture},,businesses_conflate,1100,2026-07-22 18:44:37.477175+00,2026-07-22 00:00:00+00,70,65,100,63,50,{},"{""overture"": {""lat"": 40.73138427734375, ""lon"": -74.00387573242188, ""zip"": ""10014-4043"", ""city"": ""New York"", ""name"": ""Holly Jolly Holiday Bar"", ""brand"": null, ""phone"": null, ""state"": ""NY"", ""address"": ""47 7th Ave S"", ""release"": ""2026-07-22.0"", ""website"": ""bucketlisters.com"", ""category"": ""restaurant"", ""state_raw"": ""NY"", ""observed_at"": ""2026-07-22T00:00:00+00:00"", ""src_confidence"": 0.75, ""category_source"": ""restaurant"", ""source_record_id"": ""12864092-93e2-4b67-bf6b-908cc126cac1""}}",'bar':4 'holiday':3 'holli':1 'jolli':2 'new':5 'york':6,2026-07-22 00:00:00+00,overture,62,likely_open,95,50,0,{}
biz_1a3f078e3d7266cf,Garden State Laundry,laundry,,40.737342834472656,-74.04322814941406,POINT(-74.04322814941406 40.737342834472656),50 Harrison St,Hoboken,NJ,07030,,(888) 225-8004,https://order.gardenstatelaundry.com,{overture},,businesses_conflate,1100,2026-07-22 18:44:37.477175+00,2026-07-22 00:00:00+00,73,65,100,75,50,{},"{""overture"": {""lat"": 40.737342834472656, ""lon"": -74.04322814941406, ""zip"": ""07030"", ""city"": ""Hoboken"", ""name"": ""Garden State Laundry"", ""brand"": null, ""phone"": ""(888) 225-8004"", ""state"": ""NJ"", ""address"": ""50 Harrison St"", ""release"": ""2026-07-22.0"", ""website"": ""https://order.gardenstatelaundry.com"", ""category"": ""laundry"", ""state_raw"": ""NJ"", ""observed_at"": ""2026-07-22T00:00:00+00:00"", ""src_confidence"": 0.9199122190475464, ""category_source"": ""laundry_services"", ""source_record_id"": ""002d1e5e-0111-43b2-983d-02c89b5bc06d""}}",'garden':1 'hoboken':4 'laundri':3 'state':2,2026-07-22 00:00:00+00,overture,62,likely_open,95,50,0,{}
biz_1a4c25103e0b5b66,Chang Chen Grocery Inc,grocery,,40.71247863769531,-73.99674224853516,POINT(-73.99674224853516 40.71247863769531),31 Catherine St,New York,NY,10038-1005,,,,{overture},,businesses_conflate,1100,2026-07-22 18:44:37.477175+00,2026-07-22 00:00:00+00,68,65,100,50,50,{},"{""overture"": {""lat"": 40.71247863769531, ""lon"": -73.99674224853516, ""zip"": ""10038-1005"", ""city"": ""New York"", ""name"": ""Chang Chen Grocery Inc"", ""brand"": null, ""phone"": null, ""state"": ""NY"", ""address"": ""31 Catherine St"", ""release"": ""2026-07-22.0"", ""website"": null, ""category"": ""grocery"", ""state_raw"": ""NY"", ""observed_at"": ""2026-07-22T00:00:00+00:00"", ""src_confidence"": 0.5, ""category_source"": ""grocery_store"", ""source_record_id"": ""1b2a9cfb-6acf-49e5-b6f8-e71519e0b405""}}",'chang':1 'chen':2 'groceri':3 'inc':4 'new':5 'york':6,2026-07-22 00:00:00+00,overture,62,likely_open,95,50,0,{}
biz_1a65d577b27aa19a,Chase Bank,atm_bank,Chase,40.72607421875,-73.99657440185547,POINT(-73.99657440185547 40.72607421875),623 Broadway,New York,NY,10012-2606,,+12124209085,https://www.chase.com/locator/banking/us/ny/new-york/623-broadway,{overture},,businesses_conflate,1100,2026-07-22 18:44:37.477175+00,2026-07-22 00:00:00+00,78,65,100,100,50,{},"{""overture"": {""lat"": 40.72607421875, ""lon"": -73.99657440185547, ""zip"": ""10012-2606"", ""city"": ""New York"", ""name"": ""Chase Bank"", ""brand"": ""Chase"", ""phone"": ""+12124209085"", ""state"": ""NY"", ""address"": ""623 Broadway"", ""release"": ""2026-07-22.0"", ""website"": ""https://www.chase.com/locator/banking/us/ny/new-york/623-broadway"", ""category"": ""atm_bank"", ""state_raw"": ""NY"", ""observed_at"": ""2026-07-22T00:00:00+00:00"", ""src_confidence"": 0.9902192950248718, ""category_source"": ""bank_credit_union"", ""source_record_id"": ""39bfb613-599d-442a-b524-85f4e84df567""}}","'bank':2 'chase':1,3 'new':4 'york':5",2026-07-22 00:00:00+00,overture,62,likely_open,95,50,0,{}
biz_1a983d0bbe172478,Citrine,restaurant,,40.71670150756836,-74,POINT(-74 40.71670150756836),Mindful Market #2 Canewood St. Thomas,New York,NY,BB11005,,+12466294259,http://www.citrinesalads.com/,{overture},,businesses_conflate,1100,2026-07-22 18:44:37.477175+00,2026-07-22 00:00:00+00,73,65,100,75,50,{},"{""overture"": {""lat"": 40.71670150756836, ""lon"": -74, ""zip"": ""BB11005"", ""city"": ""New York"", ""name"": ""Citrine"", ""brand"": null, ""phone"": ""+12466294259"", ""state"": ""NY"", ""address"": ""Mindful Market #2 Canewood St. Thomas"", ""release"": ""2026-07-22.0"", ""website"": ""http://www.citrinesalads.com/"", ""category"": ""restaurant"", ""state_raw"": ""NY"", ""observed_at"": ""2026-07-22T00:00:00+00:00"", ""src_confidence"": 0.3909553289413452, ""category_source"": ""restaurant"", ""source_record_id"": ""46cd8444-c3f8-46b3-b84d-d8a33686a7c0""}}",'citrin':1 'new':2 'york':3,2026-07-22 00:00:00+00,overture,62,likely_open,95,50,0,{}
biz_1a9991469caeee76,Starbucks Reserve,cafe,,40.73003005981445,-73.99424743652344,POINT(-73.99424743652344 40.73003005981445),10 Waverly Pl,New York,NY,10003,,9292590304,http://www.starbucks.com/store/1015672/,{overture},,businesses_conflate,1100,2026-07-22 18:44:37.477175+00,2026-07-22 00:00:00+00,73,65,100,75,50,{},"{""overture"": {""lat"": 40.73003005981445, ""lon"": -73.99424743652344, ""zip"": ""10003"", ""city"": ""New York"", ""name"": ""Starbucks Reserve"", ""brand"": null, ""phone"": ""9292590304"", ""state"": ""NY"", ""address"": ""10 Waverly Pl"", ""release"": ""2026-07-22.0"", ""website"": ""http://www.starbucks.com/store/1015672/"", ""category"": ""cafe"", ""state_raw"": ""NY"", ""observed_at"": ""2026-07-22T00:00:00+00:00"", ""src_confidence"": 0.9655, ""category_source"": ""coffee_shop"", ""source_record_id"": ""80282aab-b8db-45de-851b-20d6a08fc9cf""}}",'new':3 'reserv':2 'starbuck':1 'york':4,2026-07-22 00:00:00+00,overture,62,likely_open,95,50,0,{}
biz_1a9dae578e89bec5,Red Square Café,restaurant,,40.71723937988281,-74.0002670288086,POINT(-74.0002670288086 40.71723937988281),150 Centre St,New York,NY,10013-4103,,,,{overture},,businesses_conflate,1100,2026-07-22 18:44:37.477175+00,2026-07-22 00:00:00+00,68,65,100,50,50,{},"{""overture"": {""lat"": 40.71723937988281, ""lon"": -74.0002670288086, ""zip"": ""10013-4103"", ""city"": ""New York"", ""name"": ""Red Square Café"", ""brand"": null, ""phone"": null, ""state"": ""NY"", ""address"": ""150 Centre St"", ""release"": ""2026-07-22.0"", ""website"": null, ""category"": ""restaurant"", ""state_raw"": ""NY"", ""observed_at"": ""2026-07-22T00:00:00+00:00"", ""src_confidence"": 0.95, ""category_source"": ""restaurant"", ""source_record_id"": ""1ff3470c-c494-44e3-8f06-90a37312f72d""}}",'café':3 'new':4 'red':1 'squar':2 'york':5,2026-07-22 00:00:00+00,overture,62,likely_open,95,50,0,{}
biz_1a9dd44878d4850a,Prime Rib NYC,fast_food,,40.73514175415039,-74.00069427490234,POINT(-74.00069427490234 40.73514175415039),4 Charles St,New York,NY,10014-3004,,,,{overture},,businesses_conflate,1100,2026-07-22 18:44:37.477175+00,2026-07-22 00:00:00+00,68,65,100,50,50,{},"{""overture"": {""lat"": 40.73514175415039, ""lon"": -74.00069427490234, ""zip"": ""10014-3004"", ""city"": ""New York"", ""name"": ""Prime Rib NYC"", ""brand"": null, ""phone"": null, ""state"": ""NY"", ""address"": ""4 Charles St"", ""release"": ""2026-07-22.0"", ""website"": null, ""category"": ""fast_food"", ""state_raw"": ""NY"", ""observed_at"": ""2026-07-22T00:00:00+00:00"", ""src_confidence"": 0.7195048928260803, ""category_source"": ""fast_food_restaurant"", ""source_record_id"": ""128ee59d-0692-42a5-b000-f91bbd2df344""}}",'new':4 'nyc':3 'prime':1 'rib':2 'york':5,2026-07-22 00:00:00+00,overture,62,likely_open,95,50,0,{}
biz_1aa767d693ab6991,"Amazing Choice Pharmacy, Inc",pharmacy,,40.71566390991211,-73.9974136352539,POINT(-73.9974136352539 40.71566390991211),6B Elizabeth St,New York,NY,10013-4802,,,,{overture},,businesses_conflate,1100,2026-07-22 18:44:37.477175+00,2026-07-22 00:00:00+00,68,65,100,50,50,{},"{""overture"": {""lat"": 40.71566390991211, ""lon"": -73.9974136352539, ""zip"": ""10013-4802"", ""city"": ""New York"", ""name"": ""Amazing Choice Pharmacy, Inc"", ""brand"": null, ""phone"": null, ""state"": ""NY"", ""address"": ""6B Elizabeth St"", ""release"": ""2026-07-22.0"", ""website"": null, ""category"": ""pharmacy"", ""state_raw"": ""NY"", ""observed_at"": ""2026-07-22T00:00:00+00:00"", ""src_confidence"": 0.75, ""category_source"": ""pharmacy"", ""source_record_id"": ""28335257-c2e4-49c1-8b06-ee6567742a97""}}",'amaz':1 'choic':2 'inc':4 'new':5 'pharmaci':3 'york':6,2026-07-22 00:00:00+00,overture,62,likely_open,95,50,0,{}
biz_1ac2ec84db43c7d1,Justine's on Hudson,restaurant,,40.73368453979492,-74.00607299804688,POINT(-74.00607299804688 40.73368453979492),518 Hudson St,New York,NY,10014-2854,,+16466495271,https://www.justinesonhudson.com/,{overture},,businesses_conflate,1100,2026-07-22 18:44:37.477175+00,2026-07-22 00:00:00+00,73,65,100,75,50,{},"{""overture"": {""lat"": 40.73368453979492, ""lon"": -74.00607299804688, ""zip"": ""10014-2854"", ""city"": ""New York"", ""name"": ""Justine's on Hudson"", ""brand"": null, ""phone"": ""+16466495271"", ""state"": ""NY"", ""address"": ""518 Hudson St"", ""release"": ""2026-07-22.0"", ""website"": ""https://www.justinesonhudson.com/"", ""category"": ""restaurant"", ""state_raw"": ""NY"", ""observed_at"": ""2026-07-22T00:00:00+00:00"", ""src_confidence"": 0.9902192950248718, ""category_source"": ""restaurant"", ""source_record_id"": ""e40be190-4dff-4ae7-bc55-5f46c05b1e80""}}",'hudson':4 'justin':1 'new':5 'york':6,2026-07-22 00:00:00+00,overture,62,likely_open,95,50,0,{}
biz_1ad22591a61662c0,Legal Grounds,cafe,,40.71580505371094,-74.04153442382812,POINT(-74.04153442382812 40.71580505371094),170 Grand St,Jersey City,NJ,07302-4800,,+12015338484,http://www.legalgroundscoffeeco.com/,{overture},,businesses_conflate,1100,2026-07-22 18:44:37.477175+00,2026-07-22 00:00:00+00,73,65,100,75,50,{},"{""overture"": {""lat"": 40.71580505371094, ""lon"": -74.04153442382812, ""zip"": ""07302-4800"", ""city"": ""Jersey City"", ""name"": ""Legal Grounds"", ""brand"": null, ""phone"": ""+12015338484"", ""state"": ""NJ"", ""address"": ""170 Grand St"", ""release"": ""2026-07-22.0"", ""website"": ""http://www.legalgroundscoffeeco.com/"", ""category"": ""cafe"", ""state_raw"": ""NJ"", ""observed_at"": ""2026-07-22T00:00:00+00:00"", ""src_confidence"": 0.9626645445823669, ""category_source"": ""coffee_shop"", ""source_record_id"": ""7e54f485-1607-410e-9fc5-ac5b028ff6c2""}}",'citi':4 'ground':2 'jersey':3 'legal':1,2026-07-22 00:00:00+00,overture,62,likely_open,95,50,0,{}
biz_1ae06ac7e758e152,"Nk Liquidation, Inc., F/k/a Nell's, Inc.",grocery,,40.70677947998047,-74.00989532470703,POINT(-74.00989532470703 40.70677947998047),40 Wall St Fl 37,New York,NY,10005-1381,,+12127659100,,{overture},,businesses_conflate,1100,2026-07-22 18:44:37.477175+00,2026-07-22 00:00:00+00,70,65,100,63,50,{},"{""overture"": {""lat"": 40.70677947998047, ""lon"": -74.00989532470703, ""zip"": ""10005-1381"", ""city"": ""New York"", ""name"": ""Nk Liquidation, Inc., F/k/a Nell's, Inc."", ""brand"": null, ""phone"": ""+12127659100"", ""state"": ""NY"", ""address"": ""40 Wall St Fl 37"", ""release"": ""2026-07-22.0"", ""website"": null, ""category"": ""grocery"", ""state_raw"": ""NY"", ""observed_at"": ""2026-07-22T00:00:00+00:00"", ""src_confidence"": 0.95, ""category_source"": ""grocery_store"", ""source_record_id"": ""d624d90d-a0d3-4f61-aef7-7b5378da3577""}}","'f/k/a':4 'inc':3,7 'liquid':2 'nell':5 'new':8 'nk':1 'york':9",2026-07-22 00:00:00+00,overture,62,likely_open,95,50,0,{}
biz_1b060684ce4cd980,Hot Pot Best,restaurant,,40.716819763183594,-74.0384750366211,POINT(-74.0384750366211 40.716819763183594),95 Montgomery St,Jersey City,NJ,07302,,2013336866,"",{overture},,businesses_conflate,1100,2026-07-22 18:44:37.477175+00,2026-07-22 00:00:00+00,73,65,100,75,50,{},"{""overture"": {""lat"": 40.716819763183594, ""lon"": -74.0384750366211, ""zip"": ""07302"", ""city"": ""Jersey City"", ""name"": ""Hot Pot Best"", ""brand"": null, ""phone"": ""2013336866"", ""state"": ""NJ"", ""address"": ""95 Montgomery St"", ""release"": ""2026-07-22.0"", ""website"": """", ""category"": ""restaurant"", ""state_raw"": ""NJ"", ""observed_at"": ""2026-07-22T00:00:00+00:00"", ""src_confidence"": 0.9199122190475464, ""category_source"": ""restaurant"", ""source_record_id"": ""174fac88-5a05-4d02-9b50-c44954410afd""}}",'best':3 'citi':5 'hot':1 'jersey':4 'pot':2,2026-07-22 00:00:00+00,overture,62,likely_open,95,50,0,{}
biz_1b4c85c812253952,Bitcoin Depot - Bitcoin ATM,atm_bank,,40.72683334350586,-74.03799438476562,POINT(-74.03799438476562 40.72683334350586),30 Mall Dr W,Jersey City,NJ,07310,,6784359604,https://branches.bitcoindepot.com/nj/jersey-city/bitcoin-atm/9000750003?utm_source=Bing&utm_medium=local&utm_campaign=bing-local,{overture},,businesses_conflate,1100,2026-07-22 18:44:37.477175+00,2026-07-22 00:00:00+00,73,65,100,75,50,{},"{""overture"": {""lat"": 40.72683334350586, ""lon"": -74.03799438476562, ""zip"": ""07310"", ""city"": ""Jersey City"", ""name"": ""Bitcoin Depot - Bitcoin ATM"", ""brand"": null, ""phone"": ""6784359604"", ""state"": ""NJ"", ""address"": ""30 Mall Dr W"", ""release"": ""2026-07-22.0"", ""website"": ""https://branches.bitcoindepot.com/nj/jersey-city/bitcoin-atm/9000750003?utm_source=Bing&utm_medium=local&utm_campaign=bing-local"", ""category"": ""atm_bank"", ""state_raw"": ""NJ"", ""observed_at"": ""2026-07-22T00:00:00+00:00"", ""src_confidence"": 0.9831780560612678, ""category_source"": ""atms"", ""source_record_id"": ""4d139db2-e143-4268-9308-79db0ebb4f4b""}}","'atm':4 'bitcoin':1,3 'citi':6 'depot':2 'jersey':5",2026-07-22 00:00:00+00,overture,62,likely_open,95,50,0,{}
biz_1b605779e218a8c9,Starbucks,cafe,Starbucks,40.72574996948242,-74.00554656982422,POINT(-74.00554656982422 40.72574996948242),150 Varick St,New York,NY,10013-1218,,+16462309816,https://www.starbucks.com/store-locator/store/8947/,{overture},,businesses_conflate,1100,2026-07-22 18:44:37.477175+00,2026-07-22 00:00:00+00,78,65,100,100,50,{},"{""overture"": {""lat"": 40.72574996948242, ""lon"": -74.00554656982422, ""zip"": ""10013-1218"", ""city"": ""New York"", ""name"": ""Starbucks"", ""brand"": ""Starbucks"", ""phone"": ""+16462309816"", ""state"": ""NY"", ""address"": ""150 Varick St"", ""release"": ""2026-07-22.0"", ""website"": ""https://www.starbucks.com/store-locator/store/8947/"", ""category"": ""cafe"", ""state_raw"": ""NY"", ""observed_at"": ""2026-07-22T00:00:00+00:00"", ""src_confidence"": 0.9902192950248718, ""category_source"": ""coffee_shop"", ""source_record_id"": ""827a16f2-4939-449c-829e-f5eddaf71464""}}","'new':3 'starbuck':1,2 'york':4",2026-07-22 00:00:00+00,overture,62,likely_open,95,50,0,{}
biz_1b9bef07b77d6b92,Babs,restaurant,,40.72819900512695,-74.00189208984375,POINT(-74.00189208984375 40.72819900512695),72 Macdougal St,New York,NY,10012,,(212) 601-2835,https://babsnyc.com,{overture},,businesses_conflate,1100,2026-07-22 18:44:37.477175+00,2026-07-22 00:00:00+00,73,65,100,75,50,{},"{""overture"": {""lat"": 40.72819900512695, ""lon"": -74.00189208984375, ""zip"": ""10012"", ""city"": ""New York"", ""name"": ""Babs"", ""brand"": null, ""phone"": ""(212) 601-2835"", ""state"": ""NY"", ""address"": ""72 Macdougal St"", ""release"": ""2026-07-22.0"", ""website"": ""https://babsnyc.com"", ""category"": ""restaurant"", ""state_raw"": ""NY"", ""observed_at"": ""2026-07-22T00:00:00+00:00"", ""src_confidence"": 0.9902192950248718, ""category_source"": ""restaurant"", ""source_record_id"": ""f6816e1a-14fb-4162-a31d-7100640fc3fa""}}",'bab':1 'new':2 'york':3,2026-07-22 00:00:00+00,overture,62,likely_open,95,50,0,{}
biz_1ba69e0958495fa4,Prime Restaurant Group Jersey City Llc,restaurant,,40.72467041015625,-74.03617858886719,POINT(-74.03617858886719 40.72467041015625),485 Washington Blvd,Jersey City,NJ,07310-1972,,,,{overture},,businesses_conflate,1100,2026-07-22 18:44:37.477175+00,2026-07-22 00:00:00+00,68,65,100,50,50,{},"{""overture"": {""lat"": 40.72467041015625, ""lon"": -74.03617858886719, ""zip"": ""07310-1972"", ""city"": ""Jersey City"", ""name"": ""Prime Restaurant Group Jersey City Llc"", ""brand"": null, ""phone"": null, ""state"": ""NJ"", ""address"": ""485 Washington Blvd"", ""release"": ""2026-07-22.0"", ""website"": null, ""category"": ""restaurant"", ""state_raw"": ""NJ"", ""observed_at"": ""2026-07-22T00:00:00+00:00"", ""src_confidence"": 0.95, ""category_source"": ""restaurant"", ""source_record_id"": ""0471b550-07c9-4a11-80cf-bac697fa9a1d""}}","'citi':5,8 'group':3 'jersey':4,7 'llc':6 'prime':1 'restaur':2",2026-07-22 00:00:00+00,overture,62,likely_open,95,50,0,{}
biz_1ba9ac073278cae2,Christos Anesti Llc,restaurant,,40.72688293457031,-74.0467300415039,POINT(-74.0467300415039 40.72688293457031),301 8th St,Jersey City,NJ,07302-1903,,,,{overture},,businesses_conflate,1100,2026-07-22 18:44:37.477175+00,2026-07-22 00:00:00+00,68,65,100,50,50,{},"{""overture"": {""lat"": 40.72688293457031, ""lon"": -74.0467300415039, ""zip"": ""07302-1903"", ""city"": ""Jersey City"", ""name"": ""Christos Anesti Llc"", ""brand"": null, ""phone"": null, ""state"": ""NJ"", ""address"": ""301 8th St"", ""release"": ""2026-07-22.0"", ""website"": null, ""category"": ""restaurant"", ""state_raw"": ""NJ"", ""observed_at"": ""2026-07-22T00:00:00+00:00"", ""src_confidence"": 0.95, ""category_source"": ""restaurant"", ""source_record_id"": ""d57a9d4d-15fe-4294-81da-647c82e22b52""}}",'anesti':2 'christo':1 'citi':5 'jersey':4 'llc':3,2026-07-22 00:00:00+00,overture,62,likely_open,95,50,0,{}
biz_1bbf194ace7c8f56,CC's Café,cafe,,40.73286056518555,-74.00653839111328,POINT(-74.00653839111328 40.73286056518555),496 Hudson St,New York,NY,10014,,(646) 638-2800,http://ccscafenyc.com,{overture},,businesses_conflate,1100,2026-07-22 18:44:37.477175+00,2026-07-22 00:00:00+00,73,65,100,75,50,{},"{""overture"": {""lat"": 40.73286056518555, ""lon"": -74.00653839111328, ""zip"": ""10014"", ""city"": ""New York"", ""name"": ""CC's Café"", ""brand"": null, ""phone"": ""(646) 638-2800"", ""state"": ""NY"", ""address"": ""496 Hudson St"", ""release"": ""2026-07-22.0"", ""website"": ""http://ccscafenyc.com"", ""category"": ""cafe"", ""state_raw"": ""NY"", ""observed_at"": ""2026-07-22T00:00:00+00:00"", ""src_confidence"": 0.9199122190475464, ""category_source"": ""cafe"", ""source_record_id"": ""e8a912dd-8fe7-4195-a304-b6c163aaf1f1""}}",'café':3 'cc':1 'new':4 'york':5,2026-07-22 00:00:00+00,overture,62,likely_open,95,50,0,{}
biz_1bd47502f86fda9f,M XX Cafe / 亂泡,cafe,,40.71794128417969,-73.99539947509766,POINT(-73.99539947509766 40.71794128417969),106 Bowery,New York,NY,10013-4727,,+12122267826,https://mxxcafe.netwaiter.com/new-york/about/,{overture},,businesses_conflate,1100,2026-07-22 18:44:37.477175+00,2026-07-22 00:00:00+00,73,65,100,75,50,{},"{""overture"": {""lat"": 40.71794128417969, ""lon"": -73.99539947509766, ""zip"": ""10013-4727"", ""city"": ""New York"", ""name"": ""M XX Cafe / 亂泡"", ""brand"": null, ""phone"": ""+12122267826"", ""state"": ""NY"", ""address"": ""106 Bowery"", ""release"": ""2026-07-22.0"", ""website"": ""https://mxxcafe.netwaiter.com/new-york/about/"", ""category"": ""cafe"", ""state_raw"": ""NY"", ""observed_at"": ""2026-07-22T00:00:00+00:00"", ""src_confidence"": 0.4333581328392029, ""category_source"": ""coffee_shop"", ""source_record_id"": ""1138d36e-c6ec-453f-88fb-c782ce797e96""}}",'cafe':3 'm':1 'new':5 'xx':2 'york':6 '亂泡':4,2026-07-22 00:00:00+00,overture,62,likely_open,95,50,0,{}
biz_1bdf7591894175ad,Bosco,restaurant,,40.72881317138672,-74.00027465820312,POINT(-74.00027465820312 40.72881317138672),169 Bleecker St,New York,NY,10012,,,https://www.bosconyc.com,{overture},,businesses_conflate,1100,2026-07-22 18:44:37.477175+00,2026-07-22 00:00:00+00,70,65,100,63,50,{},"{""overture"": {""lat"": 40.72881317138672, ""lon"": -74.00027465820312, ""zip"": ""10012"", ""city"": ""New York"", ""name"": ""Bosco"", ""brand"": null, ""phone"": null, ""state"": ""NY"", ""address"": ""169 Bleecker St"", ""release"": ""2026-07-22.0"", ""website"": ""https://www.bosconyc.com"", ""category"": ""restaurant"", ""state_raw"": ""NY"", ""observed_at"": ""2026-07-22T00:00:00+00:00"", ""src_confidence"": 0.9583381414413452, ""category_source"": ""restaurant"", ""source_record_id"": ""40ba36ea-3f51-45e8-9ca6-929fa880facc""}}",'bosco':1 'new':2 'york':3,2026-07-22 00:00:00+00,overture,62,likely_open,95,50,0,{}
biz_1bedb03d2fd82c31,Growth BTM Bitcoin ATM,atm_bank,,40.72065353393555,-74.04466247558594,POINT(-74.04466247558594 40.72065353393555),159 Newark Ave,Jersey City,NJ,07302,,2016772646,https://growthbtm.com/,{overture},,businesses_conflate,1100,2026-07-22 18:44:37.477175+00,2026-07-22 00:00:00+00,73,65,100,75,50,{},"{""overture"": {""lat"": 40.72065353393555, ""lon"": -74.04466247558594, ""zip"": ""07302"", ""city"": ""Jersey City"", ""name"": ""Growth BTM Bitcoin ATM"", ""brand"": null, ""phone"": ""2016772646"", ""state"": ""NJ"", ""address"": ""159 Newark Ave"", ""release"": ""2026-07-22.0"", ""website"": ""https://growthbtm.com/"", ""category"": ""atm_bank"", ""state_raw"": ""NJ"", ""observed_at"": ""2026-07-22T00:00:00+00:00"", ""src_confidence"": 0.85, ""category_source"": ""atms"", ""source_record_id"": ""56a3ee12-b8ef-4076-aeaf-49676cd64675""}}",'atm':4 'bitcoin':3 'btm':2 'citi':6 'growth':1 'jersey':5,2026-07-22 00:00:00+00,overture,62,likely_open,95,50,0,{}
biz_1c066246e06490c0,Front/row - Sth/st/seaprt/nyc,restaurant,,40.707008361816406,-74.0035629272461,POINT(-74.0035629272461 40.707008361816406),19 Fulton St,New York,NY,10038-2100,,,,{overture},,businesses_conflate,1100,2026-07-22 18:44:37.477175+00,2026-07-22 00:00:00+00,68,65,100,50,50,{},"{""overture"": {""lat"": 40.707008361816406, ""lon"": -74.0035629272461, ""zip"": ""10038-2100"", ""city"": ""New York"", ""name"": ""Front/row - Sth/st/seaprt/nyc"", ""brand"": null, ""phone"": null, ""state"": ""NY"", ""address"": ""19 Fulton St"", ""release"": ""2026-07-22.0"", ""website"": null, ""category"": ""restaurant"", ""state_raw"": ""NY"", ""observed_at"": ""2026-07-22T00:00:00+00:00"", ""src_confidence"": 0.95, ""category_source"": ""restaurant"", ""source_record_id"": ""9fe557d9-3511-4b75-8311-301cac16d633""}}",'front/row':1 'new':3 'sth/st/seaprt/nyc':2 'york':4,2026-07-22 00:00:00+00,overture,62,likely_open,95,50,0,{}
biz_1c0fa0853c789e42,Blue Dove Coffee,cafe,,40.71985626220703,-74.00227355957031,POINT(-74.00227355957031 40.71985626220703),307 Canal St,Canal Street,NY,10013,,+16469390937,http://bluedovecoffee.com/,{overture},,businesses_conflate,1100,2026-07-22 18:44:37.477175+00,2026-07-22 00:00:00+00,73,65,100,75,50,{},"{""overture"": {""lat"": 40.71985626220703, ""lon"": -74.00227355957031, ""zip"": ""10013"", ""city"": ""Canal Street"", ""name"": ""Blue Dove Coffee"", ""brand"": null, ""phone"": ""+16469390937"", ""state"": ""NY"", ""address"": ""307 Canal St"", ""release"": ""2026-07-22.0"", ""website"": ""http://bluedovecoffee.com/"", ""category"": ""cafe"", ""state_raw"": ""NY"", ""observed_at"": ""2026-07-22T00:00:00+00:00"", ""src_confidence"": 0.9722161889076233, ""category_source"": ""coffee_shop"", ""source_record_id"": ""62f2aae1-0c85-46aa-b308-5842be266f30""}}",'blue':1 'canal':4 'coffe':3 'dove':2 'street':5,2026-07-22 00:00:00+00,overture,62,likely_open,95,50,0,{}
biz_1c1433d8a69ca81e,East Broadway Pharmacy,pharmacy,,40.713897705078125,-73.99341583251953,POINT(-73.99341583251953 40.713897705078125),98 E Broadway,New York,NY,10002-7093,,+12124316688,,{overture},,businesses_conflate,1100,2026-07-22 18:44:37.477175+00,2026-07-22 00:00:00+00,70,65,100,63,50,{},"{""overture"": {""lat"": 40.713897705078125, ""lon"": -73.99341583251953, ""zip"": ""10002-7093"", ""city"": ""New York"", ""name"": ""East Broadway Pharmacy"", ""brand"": null, ""phone"": ""+12124316688"", ""state"": ""NY"", ""address"": ""98 E Broadway"", ""release"": ""2026-07-22.0"", ""website"": null, ""category"": ""pharmacy"", ""state_raw"": ""NY"", ""observed_at"": ""2026-07-22T00:00:00+00:00"", ""src_confidence"": 0.5535455942153931, ""category_source"": ""pharmacy"", ""source_record_id"": ""5eca1162-4928-455d-866f-b3ea4e0eedce""}}",'broadway':2 'east':1 'new':4 'pharmaci':3 'york':5,2026-07-22 00:00:00+00,overture,62,likely_open,95,50,0,{}
biz_1c1ec43e362d1f4f,Jin Lian Foo Chow Restaurant,restaurant,,40.7138671875,-73.994873046875,POINT(-73.994873046875 40.7138671875),68 E Broadway,New York,NY,10002,,2122748659,https://jinlianfoochow.com/,{overture},,businesses_conflate,1100,2026-07-22 18:44:37.477175+00,2026-07-22 00:00:00+00,73,65,100,75,50,{},"{""overture"": {""lat"": 40.7138671875, ""lon"": -73.994873046875, ""zip"": ""10002"", ""city"": ""New York"", ""name"": ""Jin Lian Foo Chow Restaurant"", ""brand"": null, ""phone"": ""2122748659"", ""state"": ""NY"", ""address"": ""68 E Broadway"", ""release"": ""2026-07-22.0"", ""website"": ""https://jinlianfoochow.com/"", ""category"": ""restaurant"", ""state_raw"": ""NY"", ""observed_at"": ""2026-07-22T00:00:00+00:00"", ""src_confidence"": 0.9625, ""category_source"": ""restaurant"", ""source_record_id"": ""3735152d-8f60-471a-beb4-adff2509a4c5""}}",'chow':4 'foo':3 'jin':1 'lian':2 'new':6 'restaur':5 'york':7,2026-07-22 00:00:00+00,overture,62,likely_open,95,50,0,{}
biz_1c6bb51984bcdb84,Gst 399 Inc,restaurant,,40.7208137512207,-74.00971984863281,POINT(-74.00971984863281 40.7208137512207),399 Greenwich St,New York,NY,10013-2310,,,,{overture},,businesses_conflate,1100,2026-07-22 18:44:37.477175+00,2026-07-22 00:00:00+00,68,65,100,50,50,{},"{""overture"": {""lat"": 40.7208137512207, ""lon"": -74.00971984863281, ""zip"": ""10013-2310"", ""city"": ""New York"", ""name"": ""Gst 399 Inc"", ""brand"": null, ""phone"": null, ""state"": ""NY"", ""address"": ""399 Greenwich St"", ""release"": ""2026-07-22.0"", ""website"": null, ""category"": ""restaurant"", ""state_raw"": ""NY"", ""observed_at"": ""2026-07-22T00:00:00+00:00"", ""src_confidence"": 0.95, ""category_source"": ""restaurant"", ""source_record_id"": ""40e14a02-2fad-48af-9229-859b6cddaae1""}}",'399':2 'gst':1 'inc':3 'new':4 'york':5,2026-07-22 00:00:00+00,overture,62,likely_open,95,50,0,{}
biz_1c7ec52e2366b665,Detroit Hospitality Group Llc,restaurant,,40.72264862060547,-73.99873352050781,POINT(-73.99873352050781 40.72264862060547),520 Broadway Fl 10,New York,NY,10012-4436,,,,{overture},,businesses_conflate,1100,2026-07-22 18:44:37.477175+00,2026-07-22 00:00:00+00,68,65,100,50,50,{},"{""overture"": {""lat"": 40.72264862060547, ""lon"": -73.99873352050781, ""zip"": ""10012-4436"", ""city"": ""New York"", ""name"": ""Detroit Hospitality Group Llc"", ""brand"": null, ""phone"": null, ""state"": ""NY"", ""address"": ""520 Broadway Fl 10"", ""release"": ""2026-07-22.0"", ""website"": null, ""category"": ""restaurant"", ""state_raw"": ""NY"", ""observed_at"": ""2026-07-22T00:00:00+00:00"", ""src_confidence"": 0.95, ""category_source"": ""restaurant"", ""source_record_id"": ""d2390f4d-c1be-496e-b121-5a6653ab19cd""}}",'detroit':1 'group':3 'hospit':2 'llc':4 'new':5 'york':6,2026-07-22 00:00:00+00,overture,62,likely_open,95,50,0,{}
biz_1ca6fddf39e68711,Cafe Arte,cafe,,40.707679748535156,-74.0097885131836,POINT(-74.0097885131836 40.707679748535156),20 Pine St,New York,NY,10005,,(212) 269-8500,http://nycrg.com/arte-cafe/,{overture},,businesses_conflate,1100,2026-07-22 18:44:37.477175+00,2026-07-22 00:00:00+00,73,65,100,75,50,{},"{""overture"": {""lat"": 40.707679748535156, ""lon"": -74.0097885131836, ""zip"": ""10005"", ""city"": ""New York"", ""name"": ""Cafe Arte"", ""brand"": null, ""phone"": ""(212) 269-8500"", ""state"": ""NY"", ""address"": ""20 Pine St"", ""release"": ""2026-07-22.0"", ""website"": ""http://nycrg.com/arte-cafe/"", ""category"": ""cafe"", ""state_raw"": ""NY"", ""observed_at"": ""2026-07-22T00:00:00+00:00"", ""src_confidence"": 0.9199122190475464, ""category_source"": ""cafe"", ""source_record_id"": ""b2069fb5-9649-41c9-a0b0-4d37d702d419""}}",'art':2 'cafe':1 'new':3 'york':4,2026-07-22 00:00:00+00,overture,62,likely_open,95,50,0,{}
biz_1caa7d375b709e29,Meat Factory,grocery,,40.7307243347168,-73.9961929321289,POINT(-73.9961929321289 40.7307243347168),17 5th Ave,New York,NY,11222,,+19739435803,http://www.bowerymeatcompany.com/,{overture},,businesses_conflate,1100,2026-07-22 18:44:37.477175+00,2026-07-22 00:00:00+00,73,65,100,75,50,{},"{""overture"": {""lat"": 40.7307243347168, ""lon"": -73.9961929321289, ""zip"": ""11222"", ""city"": ""New York"", ""name"": ""Meat Factory"", ""brand"": null, ""phone"": ""+19739435803"", ""state"": ""NY"", ""address"": ""17 5th Ave"", ""release"": ""2026-07-22.0"", ""website"": ""http://www.bowerymeatcompany.com/"", ""category"": ""grocery"", ""state_raw"": ""NY"", ""observed_at"": ""2026-07-22T00:00:00+00:00"", ""src_confidence"": 0.932258665561676, ""category_source"": ""grocery_store"", ""source_record_id"": ""e7137a9f-3a22-4121-bdcf-a11cc3d4ad45""}}",'factori':2 'meat':1 'new':3 'york':4,2026-07-22 00:00:00+00,overture,62,likely_open,95,50,0,{}
biz_1cc7c368a05180ec,Voyager Espresso,cafe,,40.70869445800781,-74.00700378417969,POINT(-74.00700378417969 40.70869445800781),110 William St,New York,NY,10038-2838,,+12122272744,http://voyagerespresso.com/,{overture},,businesses_conflate,1100,2026-07-22 18:44:37.477175+00,2026-07-22 00:00:00+00,73,65,100,75,50,{},"{""overture"": {""lat"": 40.70869445800781, ""lon"": -74.00700378417969, ""zip"": ""10038-2838"", ""city"": ""New York"", ""name"": ""Voyager Espresso"", ""brand"": null, ""phone"": ""+12122272744"", ""state"": ""NY"", ""address"": ""110 William St"", ""release"": ""2026-07-22.0"", ""website"": ""http://voyagerespresso.com/"", ""category"": ""cafe"", ""state_raw"": ""NY"", ""observed_at"": ""2026-07-22T00:00:00+00:00"", ""src_confidence"": 0.9902192950248718, ""category_source"": ""coffee_shop"", ""source_record_id"": ""6888cc14-3326-4317-96c8-cf7b347094b9""}}",'espresso':2 'new':3 'voyag':1 'york':4,2026-07-22 00:00:00+00,overture,62,likely_open,95,50,0,{}
biz_1cc8095fa0bf40c1,Santander Bank ATM,atm_bank,,40.73381423950195,-74.00306701660156,POINT(-74.00306701660156 40.73381423950195),75 Christopher St,New York,NY,10014,,8777682265,https://locations.santanderbank.com/ny/newyork/75-christopher-st-155044.html?utm_medium=local&utm_source=bing&utm_campaign=bing,{overture},,businesses_conflate,1100,2026-07-22 18:44:37.477175+00,2026-07-22 00:00:00+00,73,65,100,75,50,{},"{""overture"": {""lat"": 40.73381423950195, ""lon"": -74.00306701660156, ""zip"": ""10014"", ""city"": ""New York"", ""name"": ""Santander Bank ATM"", ""brand"": null, ""phone"": ""8777682265"", ""state"": ""NY"", ""address"": ""75 Christopher St"", ""release"": ""2026-07-22.0"", ""website"": ""https://locations.santanderbank.com/ny/newyork/75-christopher-st-155044.html?utm_medium=local&utm_source=bing&utm_campaign=bing"", ""category"": ""atm_bank"", ""state_raw"": ""NY"", ""observed_at"": ""2026-07-22T00:00:00+00:00"", ""src_confidence"": 0.994426735252142, ""category_source"": ""atms"", ""source_record_id"": ""d6992b3f-b12c-4f15-82b1-8441e27e8876""}}",'atm':3 'bank':2 'new':4 'santand':1 'york':5,2026-07-22 00:00:00+00,overture,62,likely_open,95,50,0,{}
biz_1cd296aaff33309b,"22nd Street Beverages, Inc",restaurant,,40.71695327758789,-73.99736022949219,POINT(-73.99736022949219 40.71695327758789),179 Canal St Unit 4a,New York,NY,10013-4512,,,,{overture},,businesses_conflate,1100,2026-07-22 18:44:37.477175+00,2026-07-22 00:00:00+00,68,65,100,50,50,{},"{""overture"": {""lat"": 40.71695327758789, ""lon"": -73.99736022949219, ""zip"": ""10013-4512"", ""city"": ""New York"", ""name"": ""22nd Street Beverages, Inc"", ""brand"": null, ""phone"": null, ""state"": ""NY"", ""address"": ""179 Canal St Unit 4a"", ""release"": ""2026-07-22.0"", ""website"": null, ""category"": ""restaurant"", ""state_raw"": ""NY"", ""observed_at"": ""2026-07-22T00:00:00+00:00"", ""src_confidence"": 0.95, ""category_source"": ""restaurant"", ""source_record_id"": ""8b64edff-5bbb-4787-aabd-ca0f7511bb40""}}",'22nd':1 'beverag':3 'inc':4 'new':5 'street':2 'york':6,2026-07-22 00:00:00+00,overture,62,likely_open,95,50,0,{}
biz_1ce1f4c4d03c88b2,Acme Cleaners,laundry,,40.73323440551758,-74.00608825683594,POINT(-74.00608825683594 40.73323440551758),508 Hudson St,New York,NY,10014,,(212) 255-4702,http://www.acmecleaners.com,{overture},,businesses_conflate,1100,2026-07-22 18:44:37.477175+00,2026-07-22 00:00:00+00,73,65,100,75,50,{},"{""overture"": {""lat"": 40.73323440551758, ""lon"": -74.00608825683594, ""zip"": ""10014"", ""city"": ""New York"", ""name"": ""Acme Cleaners"", ""brand"": null, ""phone"": ""(212) 255-4702"", ""state"": ""NY"", ""address"": ""508 Hudson St"", ""release"": ""2026-07-22.0"", ""website"": ""http://www.acmecleaners.com"", ""category"": ""laundry"", ""state_raw"": ""NY"", ""observed_at"": ""2026-07-22T00:00:00+00:00"", ""src_confidence"": 0.9902192950248718, ""category_source"": ""laundry_services"", ""source_record_id"": ""53f035d2-fe60-4f67-b1df-26a2f3fcff2b""}}",'acm':1 'cleaner':2 'new':3 'york':4,2026-07-22 00:00:00+00,overture,62,likely_open,95,50,0,{}
biz_1cf85e826fbdce34,Barclay's Bank Plc,atm_bank,,40.711055755615234,-74.00861358642578,POINT(-74.00861358642578 40.711055755615234),222 Broadway,New York,NY,10038-2510,,+12124124000,http://group.barclays.com,{overture},,businesses_conflate,1100,2026-07-22 18:44:37.477175+00,2026-07-22 00:00:00+00,73,65,100,75,50,{},"{""overture"": {""lat"": 40.711055755615234, ""lon"": -74.00861358642578, ""zip"": ""10038-2510"", ""city"": ""New York"", ""name"": ""Barclay's Bank Plc"", ""brand"": null, ""phone"": ""+12124124000"", ""state"": ""NY"", ""address"": ""222 Broadway"", ""release"": ""2026-07-22.0"", ""website"": ""http://group.barclays.com"", ""category"": ""atm_bank"", ""state_raw"": ""NY"", ""observed_at"": ""2026-07-22T00:00:00+00:00"", ""src_confidence"": 0.7957355976104736, ""category_source"": ""banks"", ""source_record_id"": ""5da2fb71-36b0-4199-a7fc-5d2dcd92be92""}}",'bank':3 'barclay':1 'new':5 'plc':4 'york':6,2026-07-22 00:00:00+00,overture,62,likely_open,95,50,0,{}
biz_1d08e52f0c748d22,Asano,cafe,,40.732177734375,-74.0033187866211,POINT(-74.0033187866211 40.732177734375),289 Bleecker St,New York,NY,10014-4106,,+19084488528,http://www.asanocafe.com/,{overture},,businesses_conflate,1100,2026-07-22 18:44:37.477175+00,2026-07-22 00:00:00+00,73,65,100,75,50,{},"{""overture"": {""lat"": 40.732177734375, ""lon"": -74.0033187866211, ""zip"": ""10014-4106"", ""city"": ""New York"", ""name"": ""Asano"", ""brand"": null, ""phone"": ""+19084488528"", ""state"": ""NY"", ""address"": ""289 Bleecker St"", ""release"": ""2026-07-22.0"", ""website"": ""http://www.asanocafe.com/"", ""category"": ""cafe"", ""state_raw"": ""NY"", ""observed_at"": ""2026-07-22T00:00:00+00:00"", ""src_confidence"": 0.835804576575756, ""category_source"": ""cafe"", ""source_record_id"": ""617fdcbf-e837-4378-bf46-8ec57fcb30f7""}}",'asano':1 'new':2 'york':3,2026-07-22 00:00:00+00,overture,62,likely_open,95,50,0,{}
biz_1d357ad47e745069,Pace - Pace Plaza,atm_bank,BMO,40.711673736572266,-74.00565338134766,POINT(-74.00565338134766 40.711673736572266),1 Pace Plaza,New York,NY,10038,,,https://usbranches.bmo.com/ny/new-york/ctd50147/,{overture},,businesses_conflate,1100,2026-07-22 18:44:37.477175+00,2026-07-22 00:00:00+00,75,65,100,88,50,{},"{""overture"": {""lat"": 40.711673736572266, ""lon"": -74.00565338134766, ""zip"": ""10038"", ""city"": ""New York"", ""name"": ""Pace - Pace Plaza"", ""brand"": ""BMO"", ""phone"": null, ""state"": ""NY"", ""address"": ""1 Pace Plaza"", ""release"": ""2026-07-22.0"", ""website"": ""https://usbranches.bmo.com/ny/new-york/ctd50147/"", ""category"": ""atm_bank"", ""state_raw"": ""NY"", ""observed_at"": ""2026-07-22T00:00:00+00:00"", ""src_confidence"": 0.8, ""category_source"": ""atms"", ""source_record_id"": ""f2d2b822-f684-45a0-a950-c9111ee8db76""}}","'bmo':4 'new':5 'pace':1,2 'plaza':3 'york':6",2026-07-22 00:00:00+00,overture,62,likely_open,95,50,0,{}
biz_1d41f01e3fe44497,Village Apothecary,pharmacy,,40.7362060546875,-74.0050277709961,POINT(-74.0050277709961 40.7362060546875),346 Bleecker St,New York,NY,10014-2980,,+12128078022,http://www.villageapothecary.com/,{overture},,businesses_conflate,1100,2026-07-22 18:44:37.477175+00,2026-07-22 00:00:00+00,73,65,100,75,50,{},"{""overture"": {""lat"": 40.7362060546875, ""lon"": -74.0050277709961, ""zip"": ""10014-2980"", ""city"": ""New York"", ""name"": ""Village Apothecary"", ""brand"": null, ""phone"": ""+12128078022"", ""state"": ""NY"", ""address"": ""346 Bleecker St"", ""release"": ""2026-07-22.0"", ""website"": ""http://www.villageapothecary.com/"", ""category"": ""pharmacy"", ""state_raw"": ""NY"", ""observed_at"": ""2026-07-22T00:00:00+00:00"", ""src_confidence"": 0.9999322761401535, ""category_source"": ""pharmacy"", ""source_record_id"": ""8ed02224-9757-44b7-b296-46e297ca5be2""}}",'apothecari':2 'new':3 'villag':1 'york':4,2026-07-22 00:00:00+00,overture,62,likely_open,95,50,0,{}
biz_1d721455024a7c3c,Virgin Hotels,hotel,,40.726375579833984,-73.99503326416016,POINT(-73.99503326416016 40.726375579833984),65 Bleecker St Fl 6,New York,NY,10012-2420,,+12129662310,,{overture},,businesses_conflate,1100,2026-07-22 18:44:37.477175+00,2026-07-22 00:00:00+00,70,65,100,63,50,{},"{""overture"": {""lat"": 40.726375579833984, ""lon"": -73.99503326416016, ""zip"": ""10012-2420"", ""city"": ""New York"", ""name"": ""Virgin Hotels"", ""brand"": null, ""phone"": ""+12129662310"", ""state"": ""NY"", ""address"": ""65 Bleecker St Fl 6"", ""release"": ""2026-07-22.0"", ""website"": null, ""category"": ""hotel"", ""state_raw"": ""NY"", ""observed_at"": ""2026-07-22T00:00:00+00:00"", ""src_confidence"": 0.55, ""category_source"": ""hotel"", ""source_record_id"": ""24a60a20-7128-493a-8f39-9167aa02cc08""}}",'hotel':2 'new':3 'virgin':1 'york':4,2026-07-22 00:00:00+00,overture,62,likely_open,95,50,0,{}
biz_1d81878dc7b5835a,SCI - The Rev'd Mark Nestlehutt,medical,,40.706336975097656,-74.01268005371094,POINT(-74.01268005371094 40.706336975097656),50 Broadway,New York,NY,10004-1607,,+12123499090,http://seamenschurch.org/,{overture},,businesses_conflate,1100,2026-07-22 18:44:37.477175+00,2026-07-22 00:00:00+00,73,65,100,75,50,{},"{""overture"": {""lat"": 40.706336975097656, ""lon"": -74.01268005371094, ""zip"": ""10004-1607"", ""city"": ""New York"", ""name"": ""SCI - The Rev'd Mark Nestlehutt"", ""brand"": null, ""phone"": ""+12123499090"", ""state"": ""NY"", ""address"": ""50 Broadway"", ""release"": ""2026-07-22.0"", ""website"": ""http://seamenschurch.org/"", ""category"": ""medical"", ""state_raw"": ""NY"", ""observed_at"": ""2026-07-22T00:00:00+00:00"", ""src_confidence"": 0.519280731678009, ""category_source"": ""hospital"", ""source_record_id"": ""a17c211c-8486-4c7e-8fc5-b4af5b94023f""}}",'d':4 'mark':5 'nestlehutt':6 'new':7 'rev':3 'sci':1 'york':8,2026-07-22 00:00:00+00,overture,62,likely_open,95,50,0,{}
biz_1d9a336f9dcbdad6,Timothys Coffees,cafe,,40.70809555053711,-74.0110092163086,POINT(-74.0110092163086 40.70809555053711),120 Broadway,New York,NY,10271,,(212) 374-9647,http://www.timothys.com/,{overture},,businesses_conflate,1100,2026-07-22 18:44:37.477175+00,2026-07-22 00:00:00+00,73,65,100,75,50,{},"{""overture"": {""lat"": 40.70809555053711, ""lon"": -74.0110092163086, ""zip"": ""10271"", ""city"": ""New York"", ""name"": ""Timothys Coffees"", ""brand"": null, ""phone"": ""(212) 374-9647"", ""state"": ""NY"", ""address"": ""120 Broadway"", ""release"": ""2026-07-22.0"", ""website"": ""http://www.timothys.com/"", ""category"": ""cafe"", ""state_raw"": ""NY"", ""observed_at"": ""2026-07-22T00:00:00+00:00"", ""src_confidence"": 0.9199122190475464, ""category_source"": ""coffee_shop"", ""source_record_id"": ""d26f49af-9628-411d-9740-795a44a24935""}}",'coffe':2 'new':3 'timothi':1 'york':4,2026-07-22 00:00:00+00,overture,62,likely_open,95,50,0,{}
biz_1dbbc9ea73d936d2,Roundabout New York Inc Dba Satomi Kawak,restaurant,,40.720855712890625,-74.00462341308594,POINT(-74.00462341308594 40.720855712890625),285 W Broadway Rm 550,New York,NY,10013-0465,,,,{overture},,businesses_conflate,1100,2026-07-22 18:44:37.477175+00,2026-07-22 00:00:00+00,68,65,100,50,50,{},"{""overture"": {""lat"": 40.720855712890625, ""lon"": -74.00462341308594, ""zip"": ""10013-0465"", ""city"": ""New York"", ""name"": ""Roundabout New York Inc Dba Satomi Kawak"", ""brand"": null, ""phone"": null, ""state"": ""NY"", ""address"": ""285 W Broadway Rm 550"", ""release"": ""2026-07-22.0"", ""website"": null, ""category"": ""restaurant"", ""state_raw"": ""NY"", ""observed_at"": ""2026-07-22T00:00:00+00:00"", ""src_confidence"": 0.95, ""category_source"": ""restaurant"", ""source_record_id"": ""1beae0dd-57bd-46c8-9798-df558be9195f""}}","'dba':5 'inc':4 'kawak':7 'new':2,8 'roundabout':1 'satomi':6 'york':3,9",2026-07-22 00:00:00+00,overture,62,likely_open,95,50,0,{}
biz_1e0627861a8ca0fd,Matto Espresso,cafe,Matto Espresso,40.73624801635742,-73.997802734375,POINT(-73.997802734375 40.73624801635742),487 Avenue of the Americas,New York,NY,10011,,+13478828000,https://www.matto.com/,{overture},,businesses_conflate,1100,2026-07-22 18:44:37.477175+00,2026-07-22 00:00:00+00,78,65,100,100,50,{},"{""overture"": {""lat"": 40.73624801635742, ""lon"": -73.997802734375, ""zip"": ""10011"", ""city"": ""New York"", ""name"": ""Matto Espresso"", ""brand"": ""Matto Espresso"", ""phone"": ""+13478828000"", ""state"": ""NY"", ""address"": ""487 Avenue of the Americas"", ""release"": ""2026-07-22.0"", ""website"": ""https://www.matto.com/"", ""category"": ""cafe"", ""state_raw"": ""NY"", ""observed_at"": ""2026-07-22T00:00:00+00:00"", ""src_confidence"": 0.9902192950248718, ""category_source"": ""coffee_shop"", ""source_record_id"": ""0bb63677-42ce-4b72-abfe-5667e2ad0e3b""}}","'espresso':2,4 'matto':1,3 'new':5 'york':6",2026-07-22 00:00:00+00,overture,62,likely_open,95,50,0,{}
biz_1e0fbd9a26538454,D'Agostino Grocery Store,grocery,D'agostino Supermarkets,40.73720169067383,-74.00659942626953,POINT(-74.00659942626953 40.73720169067383),790 Greenwich St,New York,NY,10014-1879,,+12124624564,https://www.dagnyc.com/,{overture},,businesses_conflate,1100,2026-07-22 18:44:37.477175+00,2026-07-22 00:00:00+00,78,65,100,100,50,{},"{""overture"": {""lat"": 40.73720169067383, ""lon"": -74.00659942626953, ""zip"": ""10014-1879"", ""city"": ""New York"", ""name"": ""D'Agostino Grocery Store"", ""brand"": ""D'agostino Supermarkets"", ""phone"": ""+12124624564"", ""state"": ""NY"", ""address"": ""790 Greenwich St"", ""release"": ""2026-07-22.0"", ""website"": ""https://www.dagnyc.com/"", ""category"": ""grocery"", ""state_raw"": ""NY"", ""observed_at"": ""2026-07-22T00:00:00+00:00"", ""src_confidence"": 0.9949542677402496, ""category_source"": ""grocery_store"", ""source_record_id"": ""9c2dbaf8-35d8-46ca-9b21-cfed7448cfc6""}}","'agostino':2,6 'd':1,5 'groceri':3 'new':8 'store':4 'supermarket':7 'york':9",2026-07-22 00:00:00+00,overture,62,likely_open,95,50,0,{}
biz_1e10d258546bba76,Moshava Coffee,cafe,,40.733280181884766,-73.99852752685547,POINT(-73.99852752685547 40.733280181884766),47 W 8th St,New York,NY,10011,,,http://moshavacoffee.com/,{overture},,businesses_conflate,1100,2026-07-22 18:44:37.477175+00,2026-07-22 00:00:00+00,70,65,100,63,50,{},"{""overture"": {""lat"": 40.733280181884766, ""lon"": -73.99852752685547, ""zip"": ""10011"", ""city"": ""New York"", ""name"": ""Moshava Coffee"", ""brand"": null, ""phone"": null, ""state"": ""NY"", ""address"": ""47 W 8th St"", ""release"": ""2026-07-22.0"", ""website"": ""http://moshavacoffee.com/"", ""category"": ""cafe"", ""state_raw"": ""NY"", ""observed_at"": ""2026-07-22T00:00:00+00:00"", ""src_confidence"": 0.9583381414413452, ""category_source"": ""coffee_shop"", ""source_record_id"": ""2e48a208-9afc-4612-b5c8-b7c1b2e0d2bc""}}",'coffe':2 'moshava':1 'new':3 'york':4,2026-07-22 00:00:00+00,overture,62,likely_open,95,50,0,{}
biz_1e1f6edae3c24297,Sushidelic,cafe,,40.720394134521484,-73.99851989746094,POINT(-73.99851989746094 40.720394134521484),177 Lafayette St,New York,NY,10013,,+16464787099,https://www.sushidelic.net/,{overture},,businesses_conflate,1100,2026-07-22 18:44:37.477175+00,2026-07-22 00:00:00+00,73,65,100,75,50,{},"{""overture"": {""lat"": 40.720394134521484, ""lon"": -73.99851989746094, ""zip"": ""10013"", ""city"": ""New York"", ""name"": ""Sushidelic"", ""brand"": null, ""phone"": ""+16464787099"", ""state"": ""NY"", ""address"": ""177 Lafayette St"", ""release"": ""2026-07-22.0"", ""website"": ""https://www.sushidelic.net/"", ""category"": ""cafe"", ""state_raw"": ""NY"", ""observed_at"": ""2026-07-22T00:00:00+00:00"", ""src_confidence"": 0.9902192950248718, ""category_source"": ""cafe"", ""source_record_id"": ""57af21e9-a1c5-4619-afd5-b517ec4aff10""}}",'new':2 'sushidel':1 'york':3,2026-07-22 00:00:00+00,overture,62,likely_open,95,50,0,{}
biz_1e2e1ce3d9d2918c,Asian Wok Restaurant Inc,restaurant,,40.7091178894043,-74.00578308105469,POINT(-74.00578308105469 40.7091178894043),88 Fulton St,New York,NY,10038-2807,,,asianwok-nyc.com,{overture},,businesses_conflate,1100,2026-07-22 18:44:37.477175+00,2026-07-22 00:00:00+00,70,65,100,63,50,{},"{""overture"": {""lat"": 40.7091178894043, ""lon"": -74.00578308105469, ""zip"": ""10038-2807"", ""city"": ""New York"", ""name"": ""Asian Wok Restaurant Inc"", ""brand"": null, ""phone"": null, ""state"": ""NY"", ""address"": ""88 Fulton St"", ""release"": ""2026-07-22.0"", ""website"": ""asianwok-nyc.com"", ""category"": ""restaurant"", ""state_raw"": ""NY"", ""observed_at"": ""2026-07-22T00:00:00+00:00"", ""src_confidence"": 0.998275, ""category_source"": ""restaurant"", ""source_record_id"": ""d0da4760-c574-4df5-9319-c08d0e985252""}}",'asian':1 'inc':4 'new':5 'restaur':3 'wok':2 'york':6,2026-07-22 00:00:00+00,overture,62,likely_open,95,50,0,{}
biz_1e336f462fe2141f,THE ELK on Mott,cafe,,40.72235107421875,-73.99497985839844,POINT(-73.99497985839844 40.72235107421875),228 Mott St,New York,NY,10012,,+19296182557,https://www.theelknyc.com,{overture},,businesses_conflate,1100,2026-07-22 18:44:37.477175+00,2026-07-22 00:00:00+00,73,65,100,75,50,{},"{""overture"": {""lat"": 40.72235107421875, ""lon"": -73.99497985839844, ""zip"": ""10012"", ""city"": ""New York"", ""name"": ""THE ELK on Mott"", ""brand"": null, ""phone"": ""+19296182557"", ""state"": ""NY"", ""address"": ""228 Mott St"", ""release"": ""2026-07-22.0"", ""website"": ""https://www.theelknyc.com"", ""category"": ""cafe"", ""state_raw"": ""NY"", ""observed_at"": ""2026-07-22T00:00:00+00:00"", ""src_confidence"": 0.9943783497810363, ""category_source"": ""coffee_shop"", ""source_record_id"": ""decc14a9-d297-4a28-9d6b-73ec0e2dad27""}}",'elk':2 'mott':4 'new':5 'york':6,2026-07-22 00:00:00+00,overture,62,likely_open,95,50,0,{}
biz_1e353dd091927bae,E Z Care Pharmacy Llc,pharmacy,,40.71824264526367,-73.99620056152344,POINT(-73.99620056152344 40.71824264526367),87 Elizabeth St  Frnt 1,New York,NY,10013-4993,,12123438899,,{overture},,businesses_conflate,1100,2026-07-22 18:44:37.477175+00,2026-07-22 00:00:00+00,70,65,100,63,50,{},"{""overture"": {""lat"": 40.71824264526367, ""lon"": -73.99620056152344, ""zip"": ""10013-4993"", ""city"": ""New York"", ""name"": ""E Z Care Pharmacy Llc"", ""brand"": null, ""phone"": ""12123438899"", ""state"": ""NY"", ""address"": ""87 Elizabeth St  Frnt 1"", ""release"": ""2026-07-22.0"", ""website"": null, ""category"": ""pharmacy"", ""state_raw"": ""NY"", ""observed_at"": ""2026-07-22T00:00:00+00:00"", ""src_confidence"": 0.65, ""category_source"": ""pharmacy"", ""source_record_id"": ""f7a87ba5-7d38-40fe-8941-c67fb9dd81c9""}}",'care':3 'e':1 'llc':5 'new':6 'pharmaci':4 'york':7 'z':2,2026-07-22 00:00:00+00,overture,62,likely_open,95,50,0,{}
biz_1e44ef7286c31cd7,Dani Restaurant,restaurant,,40.72710037231445,-74.0076675415039,POINT(-74.0076675415039 40.72710037231445),333 Hudson St,Canal Street,NY,10013-1006,,,https://www.thepaulbangalore.in/restaurants,{overture},,businesses_conflate,1100,2026-07-22 18:44:37.477175+00,2026-07-22 00:00:00+00,70,65,100,63,50,{},"{""overture"": {""lat"": 40.72710037231445, ""lon"": -74.0076675415039, ""zip"": ""10013-1006"", ""city"": ""Canal Street"", ""name"": ""Dani Restaurant"", ""brand"": null, ""phone"": null, ""state"": ""NY"", ""address"": ""333 Hudson St"", ""release"": ""2026-07-22.0"", ""website"": ""https://www.thepaulbangalore.in/restaurants"", ""category"": ""restaurant"", ""state_raw"": ""NY"", ""observed_at"": ""2026-07-22T00:00:00+00:00"", ""src_confidence"": 0.95, ""category_source"": ""restaurant"", ""source_record_id"": ""b3ea3279-c2cc-421d-8e0a-caf159af6097""}}",'canal':3 'dani':1 'restaur':2 'street':4,2026-07-22 00:00:00+00,overture,62,likely_open,95,50,0,{}
biz_1e63fcb3a4c8ed65,Street Corner,grocery,Street Corner,40.71332550048828,-74.04338073730469,POINT(-74.04338073730469 40.71332550048828),1 Park View Ave,Jersey City,NJ,07302,,+12012109794,https://www.streetcorner.com/store/1-parkview-ave/,{overture},,businesses_conflate,1100,2026-07-22 18:44:37.477175+00,2026-07-22 00:00:00+00,78,65,100,100,50,{},"{""overture"": {""lat"": 40.71332550048828, ""lon"": -74.04338073730469, ""zip"": ""07302"", ""city"": ""Jersey City"", ""name"": ""Street Corner"", ""brand"": ""Street Corner"", ""phone"": ""+12012109794"", ""state"": ""NJ"", ""address"": ""1 Park View Ave"", ""release"": ""2026-07-22.0"", ""website"": ""https://www.streetcorner.com/store/1-parkview-ave/"", ""category"": ""grocery"", ""state_raw"": ""NJ"", ""observed_at"": ""2026-07-22T00:00:00+00:00"", ""src_confidence"": 0.9199122190475464, ""category_source"": ""grocery_store"", ""source_record_id"": ""cbb42605-bc3c-4aa5-a7df-c21938f6dd70""}}","'citi':6 'corner':2,4 'jersey':5 'street':1,3",2026-07-22 00:00:00+00,overture,62,likely_open,95,50,0,{}
biz_1e7dc8cf8d76733a,DoubleTree by Hilton Hotel & Suites Jersey City,hotel,DoubleTree by Hilton,40.72365188598633,-74.03675842285156,POINT(-74.03675842285156 40.72365188598633),455 Washington Blvd,Jersey City,NJ,07310,,+12014992400,http://jerseycity.doubletree.com/,{overture},,businesses_conflate,1100,2026-07-22 18:44:37.477175+00,2026-07-22 00:00:00+00,78,65,100,100,50,{},"{""overture"": {""lat"": 40.72365188598633, ""lon"": -74.03675842285156, ""zip"": ""07310"", ""city"": ""Jersey City"", ""name"": ""DoubleTree by Hilton Hotel & Suites Jersey City"", ""brand"": ""DoubleTree by Hilton"", ""phone"": ""+12014992400"", ""state"": ""NJ"", ""address"": ""455 Washington Blvd"", ""release"": ""2026-07-22.0"", ""website"": ""http://jerseycity.doubletree.com/"", ""category"": ""hotel"", ""state_raw"": ""NJ"", ""observed_at"": ""2026-07-22T00:00:00+00:00"", ""src_confidence"": 0.9980760812759399, ""category_source"": ""hotel"", ""source_record_id"": ""413bca8e-d7d8-478e-8214-6eef3a5323ac""}}","'citi':7,12 'doubletre':1,8 'hilton':3,10 'hotel':4 'jersey':6,11 'suit':5",2026-07-22 00:00:00+00,overture,62,likely_open,95,50,0,{}
biz_1e9fbc52b1843360,Fast 24 Hr Tow,towing,,40.716678619384766,-73.9941177368164,POINT(-73.9941177368164 40.716678619384766),50 Chrystie St,New York,NY,10002-5026,,+16462371385,,{overture},,businesses_conflate,1100,2026-07-22 18:44:37.477175+00,2026-07-22 00:00:00+00,70,65,100,63,50,{},"{""overture"": {""lat"": 40.716678619384766, ""lon"": -73.9941177368164, ""zip"": ""10002-5026"", ""city"": ""New York"", ""name"": ""Fast 24 Hr Tow"", ""brand"": null, ""phone"": ""+16462371385"", ""state"": ""NY"", ""address"": ""50 Chrystie St"", ""release"": ""2026-07-22.0"", ""website"": null, ""category"": ""towing"", ""state_raw"": ""NY"", ""observed_at"": ""2026-07-22T00:00:00+00:00"", ""src_confidence"": 0.31325164437294006, ""category_source"": ""towing_service"", ""source_record_id"": ""ff1acfb9-25e0-4fbb-bb7b-f22c81c410e7""}}",'24':2 'fast':1 'hr':3 'new':5 'tow':4 'york':6,2026-07-22 00:00:00+00,overture,62,likely_open,95,50,0,{}
biz_1f029a951983ccdd,Tu Quynh Pharmacy,pharmacy,,40.71864318847656,-73.99498748779297,POINT(-73.99498748779297 40.71864318847656),230 Grand St,New York,NY,10013-4241,,12122198998,https://www.tuquynhrx.com,{overture},,businesses_conflate,1100,2026-07-22 18:44:37.477175+00,2026-07-22 00:00:00+00,73,65,100,75,50,{},"{""overture"": {""lat"": 40.71864318847656, ""lon"": -73.99498748779297, ""zip"": ""10013-4241"", ""city"": ""New York"", ""name"": ""Tu Quynh Pharmacy"", ""brand"": null, ""phone"": ""12122198998"", ""state"": ""NY"", ""address"": ""230 Grand St"", ""release"": ""2026-07-22.0"", ""website"": ""https://www.tuquynhrx.com"", ""category"": ""pharmacy"", ""state_raw"": ""NY"", ""observed_at"": ""2026-07-22T00:00:00+00:00"", ""src_confidence"": 0.9902192950248718, ""category_source"": ""pharmacy"", ""source_record_id"": ""5e3514a1-f789-4b64-b43f-fff9bb9bd36b""}}",'new':4 'pharmaci':3 'quynh':2 'tu':1 'york':5,2026-07-22 00:00:00+00,overture,62,likely_open,95,50,0,{}
biz_1f137f3045d1507b,Brewlita,cafe,,40.72261428833008,-73.99641418457031,POINT(-73.99641418457031 40.72261428833008),227 Mulberry St,New York,NY,10012,,,http://www.brew-cafe.com,{overture},,businesses_conflate,1100,2026-07-22 18:44:37.477175+00,2026-07-22 00:00:00+00,70,65,100,63,50,{},"{""overture"": {""lat"": 40.72261428833008, ""lon"": -73.99641418457031, ""zip"": ""10012"", ""city"": ""New York"", ""name"": ""Brewlita"", ""brand"": null, ""phone"": null, ""state"": ""NY"", ""address"": ""227 Mulberry St"", ""release"": ""2026-07-22.0"", ""website"": ""http://www.brew-cafe.com"", ""category"": ""cafe"", ""state_raw"": ""NY"", ""observed_at"": ""2026-07-22T00:00:00+00:00"", ""src_confidence"": 0.9199122190475464, ""category_source"": ""cafe"", ""source_record_id"": ""a51a96e4-3d13-4564-a616-80d1f2ef7f9d""}}",'brewlita':1 'new':2 'york':3,2026-07-22 00:00:00+00,overture,62,likely_open,95,50,0,{}
biz_1f13f3a5e380af1d,Shanghai Asian Cuisine,restaurant,,40.71592712402344,-73.99725341796875,POINT(-73.99725341796875 40.71592712402344),14A Elizabeth St,New York,NY,10013-4802,,,https://shanghaiasiancuisine.com,{overture},,businesses_conflate,1100,2026-07-22 18:44:37.477175+00,2026-07-22 00:00:00+00,70,65,100,63,50,{},"{""overture"": {""lat"": 40.71592712402344, ""lon"": -73.99725341796875, ""zip"": ""10013-4802"", ""city"": ""New York"", ""name"": ""Shanghai Asian Cuisine"", ""brand"": null, ""phone"": null, ""state"": ""NY"", ""address"": ""14A Elizabeth St"", ""release"": ""2026-07-22.0"", ""website"": ""https://shanghaiasiancuisine.com"", ""category"": ""restaurant"", ""state_raw"": ""NY"", ""observed_at"": ""2026-07-22T00:00:00+00:00"", ""src_confidence"": 0.9199122190475464, ""category_source"": ""restaurant"", ""source_record_id"": ""15691280-55c6-4841-a495-0323511118df""}}",'asian':2 'cuisin':3 'new':4 'shanghai':1 'york':5,2026-07-22 00:00:00+00,overture,62,likely_open,95,50,0,{}
biz_1f4d9beb2861a07e,Abacus Federal Savings Bank,atm_bank,,40.710670471191406,-74.0069351196289,POINT(-74.0069351196289 40.710670471191406),116 Nassau St,New York,NY,10038,,(212) 941-8266,https://www.abacusbank.com,{overture},,businesses_conflate,1100,2026-07-22 18:44:37.477175+00,2026-07-22 00:00:00+00,73,65,100,75,50,{},"{""overture"": {""lat"": 40.710670471191406, ""lon"": -74.0069351196289, ""zip"": ""10038"", ""city"": ""New York"", ""name"": ""Abacus Federal Savings Bank"", ""brand"": null, ""phone"": ""(212) 941-8266"", ""state"": ""NY"", ""address"": ""116 Nassau St"", ""release"": ""2026-07-22.0"", ""website"": ""https://www.abacusbank.com"", ""category"": ""atm_bank"", ""state_raw"": ""NY"", ""observed_at"": ""2026-07-22T00:00:00+00:00"", ""src_confidence"": 0.77, ""category_source"": ""banks"", ""source_record_id"": ""e129af20-3f34-4955-ab43-6c636a4fa4d8""}}",'abacus':1 'bank':4 'feder':2 'new':5 'save':3 'york':6,2026-07-22 00:00:00+00,overture,62,likely_open,95,50,0,{}
biz_1f54f9a576c4fd6a,Bank of New York,atm_bank,,40.73239517211914,-74.0012435913086,POINT(-74.0012435913086 40.73239517211914),110 Washington Pl,New York,NY,10014,,(212) 393-1320,https://www.bnymellon.com,{overture},,businesses_conflate,1100,2026-07-22 18:44:37.477175+00,2026-07-22 00:00:00+00,73,65,100,75,50,{},"{""overture"": {""lat"": 40.73239517211914, ""lon"": -74.0012435913086, ""zip"": ""10014"", ""city"": ""New York"", ""name"": ""Bank of New York"", ""brand"": null, ""phone"": ""(212) 393-1320"", ""state"": ""NY"", ""address"": ""110 Washington Pl"", ""release"": ""2026-07-22.0"", ""website"": ""https://www.bnymellon.com"", ""category"": ""atm_bank"", ""state_raw"": ""NY"", ""observed_at"": ""2026-07-22T00:00:00+00:00"", ""src_confidence"": 0.9199122190475464, ""category_source"": ""banks"", ""source_record_id"": ""5c714bb7-7391-4b3b-bc65-23e98d63f4b0""}}","'bank':1 'new':3,5 'york':4,6",2026-07-22 00:00:00+00,overture,62,likely_open,95,50,0,{}
biz_1f55aa171b1a1ee4,Health Aid Drugs,pharmacy,,40.73588562011719,-74.0491943359375,POINT(-74.0491943359375 40.73588562011719),212 Palisade Ave,Jersey City,NJ,07306,,(201) 653-1441,https://www.healthaidofohio.com,{overture},,businesses_conflate,1100,2026-07-22 18:44:37.477175+00,2026-07-22 00:00:00+00,73,65,100,75,50,{},"{""overture"": {""lat"": 40.73588562011719, ""lon"": -74.0491943359375, ""zip"": ""07306"", ""city"": ""Jersey City"", ""name"": ""Health Aid Drugs"", ""brand"": null, ""phone"": ""(201) 653-1441"", ""state"": ""NJ"", ""address"": ""212 Palisade Ave"", ""release"": ""2026-07-22.0"", ""website"": ""https://www.healthaidofohio.com"", ""category"": ""pharmacy"", ""state_raw"": ""NJ"", ""observed_at"": ""2026-07-22T00:00:00+00:00"", ""src_confidence"": 0.9199122190475464, ""category_source"": ""pharmacy"", ""source_record_id"": ""3c48d434-fc14-465d-bb67-1a4a34603b36""}}",'aid':2 'citi':5 'drug':3 'health':1 'jersey':4,2026-07-22 00:00:00+00,overture,62,likely_open,95,50,0,{}
biz_1f731751c0207728,Cosmopolitan Café,restaurant,,40.71550369262695,-74.00880432128906,POINT(-74.00880432128906 40.71550369262695),125 Chambers St,New York,NY,10007-1331,,,http://www.thecosmopolitancafe.com,{overture},,businesses_conflate,1100,2026-07-22 18:44:37.477175+00,2026-07-22 00:00:00+00,70,65,100,63,50,{},"{""overture"": {""lat"": 40.71550369262695, ""lon"": -74.00880432128906, ""zip"": ""10007-1331"", ""city"": ""New York"", ""name"": ""Cosmopolitan Café"", ""brand"": null, ""phone"": null, ""state"": ""NY"", ""address"": ""125 Chambers St"", ""release"": ""2026-07-22.0"", ""website"": ""http://www.thecosmopolitancafe.com"", ""category"": ""restaurant"", ""state_raw"": ""NY"", ""observed_at"": ""2026-07-22T00:00:00+00:00"", ""src_confidence"": 0.95, ""category_source"": ""restaurant"", ""source_record_id"": ""41cacf5c-720f-4971-ba9a-dfbb99e83c30""}}",'café':2 'cosmopolitan':1 'new':3 'york':4,2026-07-22 00:00:00+00,overture,62,likely_open,95,50,0,{}
biz_1f8777e61f07e36a,Jack's Stir Brew Coffee,cafe,,40.72641372680664,-73.99397277832031,POINT(-73.99397277832031 40.72641372680664),19 Bond St,New York,NY,10012,,,http://www.jacksstirbrew.com,{overture},,businesses_conflate,1100,2026-07-22 18:44:37.477175+00,2026-07-22 00:00:00+00,70,65,100,63,50,{},"{""overture"": {""lat"": 40.72641372680664, ""lon"": -73.99397277832031, ""zip"": ""10012"", ""city"": ""New York"", ""name"": ""Jack's Stir Brew Coffee"", ""brand"": null, ""phone"": null, ""state"": ""NY"", ""address"": ""19 Bond St"", ""release"": ""2026-07-22.0"", ""website"": ""http://www.jacksstirbrew.com"", ""category"": ""cafe"", ""state_raw"": ""NY"", ""observed_at"": ""2026-07-22T00:00:00+00:00"", ""src_confidence"": 0.77, ""category_source"": ""coffee_shop"", ""source_record_id"": ""e243b207-afdf-4e83-a474-497b7b2ce654""}}",'brew':4 'coffe':5 'jack':1 'new':6 'stir':3 'york':7,2026-07-22 00:00:00+00,overture,62,likely_open,95,50,0,{}
biz_1f8d289ecbb3bc6c,The Royse Group Llc-sba Small 7a Term,restaurant,,40.723548889160156,-74.00215148925781,POINT(-74.00215148925781 40.723548889160156),379 W Broadway,New York,NY,10012-5121,,,,{overture},,businesses_conflate,1100,2026-07-22 18:44:37.477175+00,2026-07-22 00:00:00+00,68,65,100,50,50,{},"{""overture"": {""lat"": 40.723548889160156, ""lon"": -74.00215148925781, ""zip"": ""10012-5121"", ""city"": ""New York"", ""name"": ""The Royse Group Llc-sba Small 7a Term"", ""brand"": null, ""phone"": null, ""state"": ""NY"", ""address"": ""379 W Broadway"", ""release"": ""2026-07-22.0"", ""website"": null, ""category"": ""restaurant"", ""state_raw"": ""NY"", ""observed_at"": ""2026-07-22T00:00:00+00:00"", ""src_confidence"": 0.95, ""category_source"": ""restaurant"", ""source_record_id"": ""1f911880-883d-41e9-9a8c-3d411e216f37""}}",'7a':8 'group':3 'llc':5 'llc-sba':4 'new':10 'roys':2 'sba':6 'small':7 'term':9 'york':11,2026-07-22 00:00:00+00,overture,62,likely_open,95,50,0,{}
biz_1ff63bbcd4dc96dd,Chase Bank,atm_bank,Chase,40.73319625854492,-74.00254821777344,POINT(-74.00254821777344 40.73319625854492),204 W 4th St,New York,NY,10014-3860,,+12126754660,https://www.chase.com/locator/banking/us/ny/new-york/204-w-4th-st,{overture},,businesses_conflate,1100,2026-07-22 18:44:37.477175+00,2026-07-22 00:00:00+00,78,65,100,100,50,{},"{""overture"": {""lat"": 40.73319625854492, ""lon"": -74.00254821777344, ""zip"": ""10014-3860"", ""city"": ""New York"", ""name"": ""Chase Bank"", ""brand"": ""Chase"", ""phone"": ""+12126754660"", ""state"": ""NY"", ""address"": ""204 W 4th St"", ""release"": ""2026-07-22.0"", ""website"": ""https://www.chase.com/locator/banking/us/ny/new-york/204-w-4th-st"", ""category"": ""atm_bank"", ""state_raw"": ""NY"", ""observed_at"": ""2026-07-22T00:00:00+00:00"", ""src_confidence"": 0.9998705513000489, ""category_source"": ""bank_credit_union"", ""source_record_id"": ""fa5bcd78-39d5-45fc-9059-32bf366fb8da""}}","'bank':2 'chase':1,3 'new':4 'york':5",2026-07-22 00:00:00+00,overture,62,likely_open,95,50,0,{}
biz_20109cf58ee7c134,Milkweed Studio,cafe,,40.71976089477539,-73.99602508544922,POINT(-73.99602508544922 40.71976089477539),166 Mott St,New York,NY,10013,,+16469072280,http://www.milkweedstudio.co/,{overture},,businesses_conflate,1100,2026-07-22 18:44:37.477175+00,2026-07-22 00:00:00+00,73,65,100,75,50,{},"{""overture"": {""lat"": 40.71976089477539, ""lon"": -73.99602508544922, ""zip"": ""10013"", ""city"": ""New York"", ""name"": ""Milkweed Studio"", ""brand"": null, ""phone"": ""+16469072280"", ""state"": ""NY"", ""address"": ""166 Mott St"", ""release"": ""2026-07-22.0"", ""website"": ""http://www.milkweedstudio.co/"", ""category"": ""cafe"", ""state_raw"": ""NY"", ""observed_at"": ""2026-07-22T00:00:00+00:00"", ""src_confidence"": 0.8497505649924278, ""category_source"": ""coffee_shop"", ""source_record_id"": ""990a1a86-7f33-4dbb-8d73-c47a7074f39b""}}",'milkwe':1 'new':3 'studio':2 'york':4,2026-07-22 00:00:00+00,overture,62,likely_open,95,50,0,{}
biz_201310ebe90bda63,WFM Coffee Bar,grocery,,40.723777770996094,-73.99241638183594,POINT(-73.99241638183594 40.723777770996094),95 E Houston St,New York,NY,10002,,2124201320,http://www.wholefoodsmarket.com/stores/bowery,{overture},,businesses_conflate,1100,2026-07-22 18:44:37.477175+00,2026-07-22 00:00:00+00,73,65,100,75,50,{},"{""overture"": {""lat"": 40.723777770996094, ""lon"": -73.99241638183594, ""zip"": ""10002"", ""city"": ""New York"", ""name"": ""WFM Coffee Bar"", ""brand"": null, ""phone"": ""2124201320"", ""state"": ""NY"", ""address"": ""95 E Houston St"", ""release"": ""2026-07-22.0"", ""website"": ""http://www.wholefoodsmarket.com/stores/bowery"", ""category"": ""grocery"", ""state_raw"": ""NY"", ""observed_at"": ""2026-07-22T00:00:00+00:00"", ""src_confidence"": 0.9199122190475464, ""category_source"": ""supermarket"", ""source_record_id"": ""f4d829ed-c450-40c6-a238-d33e6d6d3d92""}}",'bar':3 'coffe':2 'new':4 'wfm':1 'york':5,2026-07-22 00:00:00+00,overture,62,likely_open,95,50,0,{}
biz_201ca70e288f398d,Danube,restaurant,,40.7166633605957,-74.00898742675781,POINT(-74.00898742675781 40.7166633605957),30 Hudson St,New York,NY,10013-3811,,,,{overture},,businesses_conflate,1100,2026-07-22 18:44:37.477175+00,2026-07-22 00:00:00+00,68,65,100,50,50,{},"{""overture"": {""lat"": 40.7166633605957, ""lon"": -74.00898742675781, ""zip"": ""10013-3811"", ""city"": ""New York"", ""name"": ""Danube"", ""brand"": null, ""phone"": null, ""state"": ""NY"", ""address"": ""30 Hudson St"", ""release"": ""2026-07-22.0"", ""website"": null, ""category"": ""restaurant"", ""state_raw"": ""NY"", ""observed_at"": ""2026-07-22T00:00:00+00:00"", ""src_confidence"": 0.65, ""category_source"": ""restaurant"", ""source_record_id"": ""d870a5ae-041d-4481-8c84-e53db47cebc5""}}",'danub':1 'new':2 'york':3,2026-07-22 00:00:00+00,overture,62,likely_open,95,50,0,{}
biz_2041191d31871376,Coconut Kosher Supermarket,grocery,,40.72454071044922,-73.99720001220703,POINT(-73.99720001220703 40.72454071044922),574 Broadway,New York,NY,10012-3210,,+17189632268,,{overture},,businesses_conflate,1100,2026-07-22 18:44:37.477175+00,2026-07-22 00:00:00+00,70,65,100,63,50,{},"{""overture"": {""lat"": 40.72454071044922, ""lon"": -73.99720001220703, ""zip"": ""10012-3210"", ""city"": ""New York"", ""name"": ""Coconut Kosher Supermarket"", ""brand"": null, ""phone"": ""+17189632268"", ""state"": ""NY"", ""address"": ""574 Broadway"", ""release"": ""2026-07-22.0"", ""website"": null, ""category"": ""grocery"", ""state_raw"": ""NY"", ""observed_at"": ""2026-07-22T00:00:00+00:00"", ""src_confidence"": 0.8414944410324097, ""category_source"": ""supermarket"", ""source_record_id"": ""3f3d398d-c277-4d7e-be7c-24d5bfdca23e""}}",'coconut':1 'kosher':2 'new':4 'supermarket':3 'york':5,2026-07-22 00:00:00+00,overture,62,likely_open,95,50,0,{}
biz_20434b1290a627d3,Usa Beauty School International Inc,restaurant,,40.717926025390625,-74.00154113769531,POINT(-74.00154113769531 40.717926025390625),87 Walker St,New York,NY,10013-3530,,2124310333,,{overture},,businesses_conflate,1100,2026-07-22 18:44:37.477175+00,2026-07-22 00:00:00+00,70,65,100,63,50,{},"{""overture"": {""lat"": 40.717926025390625, ""lon"": -74.00154113769531, ""zip"": ""10013-3530"", ""city"": ""New York"", ""name"": ""Usa Beauty School International Inc"", ""brand"": null, ""phone"": ""2124310333"", ""state"": ""NY"", ""address"": ""87 Walker St"", ""release"": ""2026-07-22.0"", ""website"": null, ""category"": ""restaurant"", ""state_raw"": ""NY"", ""observed_at"": ""2026-07-22T00:00:00+00:00"", ""src_confidence"": 0.65, ""category_source"": ""restaurant"", ""source_record_id"": ""2239007b-c518-4d1f-9e73-399c0e005ad5""}}",'beauti':2 'inc':5 'intern':4 'new':6 'school':3 'usa':1 'york':7,2026-07-22 00:00:00+00,overture,62,likely_open,95,50,0,{}
biz_204eb7aa125cb512,Castremar Inc,restaurant,,40.84004211425781,-74.04862213134766,POINT(-74.04862213134766 40.84004211425781),150 Moonachie Rd,Moonachie,NJ,07074-1314,,,,{overture},,businesses_conflate,1100,2026-07-22 18:44:37.477175+00,2026-07-22 00:00:00+00,68,65,100,50,50,{},"{""overture"": {""lat"": 40.84004211425781, ""lon"": -74.04862213134766, ""zip"": ""07074-1314"", ""city"": ""Moonachie"", ""name"": ""Castremar Inc"", ""brand"": null, ""phone"": null, ""state"": ""NJ"", ""address"": ""150 Moonachie Rd"", ""release"": ""2026-07-22.0"", ""website"": null, ""category"": ""restaurant"", ""state_raw"": ""NJ"", ""observed_at"": ""2026-07-22T00:00:00+00:00"", ""src_confidence"": 0.95, ""category_source"": ""restaurant"", ""source_record_id"": ""f9f317f3-7530-4196-aff3-2f55808fd990""}}",'castremar':1 'inc':2 'moonachi':3,2026-07-22 00:00:00+00,overture,62,likely_open,95,50,0,{}
biz_208a2689a66df504,Peace & Love Cafe,cafe,,40.72001266479492,-74.0103530883789,POINT(-74.0103530883789 40.72001266479492),378 Greenwich St,New York,NY,10013,,(212) 349-8500,http://www.peaceandlovenyc.com,{overture},,businesses_conflate,1100,2026-07-22 18:44:37.477175+00,2026-07-22 00:00:00+00,73,65,100,75,50,{},"{""overture"": {""lat"": 40.72001266479492, ""lon"": -74.0103530883789, ""zip"": ""10013"", ""city"": ""New York"", ""name"": ""Peace & Love Cafe"", ""brand"": null, ""phone"": ""(212) 349-8500"", ""state"": ""NY"", ""address"": ""378 Greenwich St"", ""release"": ""2026-07-22.0"", ""website"": ""http://www.peaceandlovenyc.com"", ""category"": ""cafe"", ""state_raw"": ""NY"", ""observed_at"": ""2026-07-22T00:00:00+00:00"", ""src_confidence"": 0.9199122190475464, ""category_source"": ""coffee_shop"", ""source_record_id"": ""a5e7f760-8d76-416d-b9a8-724008f6fd08""}}",'cafe':3 'love':2 'new':4 'peac':1 'york':5,2026-07-22 00:00:00+00,overture,62,likely_open,95,50,0,{}
biz_20a6bd47c57594bb,"Drip Drop Café, coffee shop",cafe,,40.72539138793945,-74.00206756591797,POINT(-74.00206756591797 40.72539138793945),98 Thompson St,New York,NY,10012,,+12016778660,https://www.dripdrop.nyc/,{overture},,businesses_conflate,1100,2026-07-22 18:44:37.477175+00,2026-07-22 00:00:00+00,73,65,100,75,50,{},"{""overture"": {""lat"": 40.72539138793945, ""lon"": -74.00206756591797, ""zip"": ""10012"", ""city"": ""New York"", ""name"": ""Drip Drop Café, coffee shop"", ""brand"": null, ""phone"": ""+12016778660"", ""state"": ""NY"", ""address"": ""98 Thompson St"", ""release"": ""2026-07-22.0"", ""website"": ""https://www.dripdrop.nyc/"", ""category"": ""cafe"", ""state_raw"": ""NY"", ""observed_at"": ""2026-07-22T00:00:00+00:00"", ""src_confidence"": 0.9879987239837646, ""category_source"": ""coffee_shop"", ""source_record_id"": ""ec6ad211-a6e0-48ba-98ab-e4da764e79df""}}",'café':3 'coffe':4 'drip':1 'drop':2 'new':6 'shop':5 'york':7,2026-07-22 00:00:00+00,overture,62,likely_open,95,50,0,{}
biz_20aa09445d196f51,La Esquina Food Products,grocery,,40.72627639770508,-73.99589538574219,POINT(-73.99589538574219 40.72627639770508),636 Broadway,New York,NY,10012-2607,,,,{overture},,businesses_conflate,1100,2026-07-22 18:44:37.477175+00,2026-07-22 00:00:00+00,68,65,100,50,50,{},"{""overture"": {""lat"": 40.72627639770508, ""lon"": -73.99589538574219, ""zip"": ""10012-2607"", ""city"": ""New York"", ""name"": ""La Esquina Food Products"", ""brand"": null, ""phone"": null, ""state"": ""NY"", ""address"": ""636 Broadway"", ""release"": ""2026-07-22.0"", ""website"": null, ""category"": ""grocery"", ""state_raw"": ""NY"", ""observed_at"": ""2026-07-22T00:00:00+00:00"", ""src_confidence"": 0.95, ""category_source"": ""grocery_store"", ""source_record_id"": ""a1e3a491-94f9-4db4-9fde-cabd62792b52""}}",'esquina':2 'food':3 'la':1 'new':5 'product':4 'york':6,2026-07-22 00:00:00+00,overture,62,likely_open,95,50,0,{}
biz_20adb6112103301e,McDonald's,fast_food,McDonald's,40.7186279296875,-74.00102996826172,POINT(-74.00102996826172 40.7186279296875),262 Canal St,New York,NY,10013-3516,,+12129415823,https://www.mcdonalds.com/us/en-us/location/ny/new-york/262-canal-st/4682.html?cid=RF%3AYXT%3ARoN%3A%3AClicks%3Fcid%3DRF%3AYXT%3AFB%3A%3AClicks,{overture},,businesses_conflate,1100,2026-07-22 18:44:37.477175+00,2026-07-22 00:00:00+00,78,65,100,100,50,{},"{""overture"": {""lat"": 40.7186279296875, ""lon"": -74.00102996826172, ""zip"": ""10013-3516"", ""city"": ""New York"", ""name"": ""McDonald's"", ""brand"": ""McDonald's"", ""phone"": ""+12129415823"", ""state"": ""NY"", ""address"": ""262 Canal St"", ""release"": ""2026-07-22.0"", ""website"": ""https://www.mcdonalds.com/us/en-us/location/ny/new-york/262-canal-st/4682.html?cid=RF%3AYXT%3ARoN%3A%3AClicks%3Fcid%3DRF%3AYXT%3AFB%3A%3AClicks"", ""category"": ""fast_food"", ""state_raw"": ""NY"", ""observed_at"": ""2026-07-22T00:00:00+00:00"", ""src_confidence"": 0.9902192950248718, ""category_source"": ""fast_food_restaurant"", ""source_record_id"": ""b457add9-3c16-46ef-98f8-6912714d6005""}}","'mcdonald':1,3 'new':5 'york':6",2026-07-22 00:00:00+00,overture,62,likely_open,95,50,0,{}
biz_20d0cff5659033c9,55 Stone Street Llc,restaurant,,40.704410552978516,-74.01033020019531,POINT(-74.01033020019531 40.704410552978516),55 Stone St,New York,NY,10004-2604,,,,{overture},,businesses_conflate,1100,2026-07-22 18:44:37.477175+00,2026-07-22 00:00:00+00,68,65,100,50,50,{},"{""overture"": {""lat"": 40.704410552978516, ""lon"": -74.01033020019531, ""zip"": ""10004-2604"", ""city"": ""New York"", ""name"": ""55 Stone Street Llc"", ""brand"": null, ""phone"": null, ""state"": ""NY"", ""address"": ""55 Stone St"", ""release"": ""2026-07-22.0"", ""website"": null, ""category"": ""restaurant"", ""state_raw"": ""NY"", ""observed_at"": ""2026-07-22T00:00:00+00:00"", ""src_confidence"": 0.95, ""category_source"": ""restaurant"", ""source_record_id"": ""e6febb2f-0f90-46e5-8745-854822e0aa9e""}}",'55':1 'llc':4 'new':5 'stone':2 'street':3 'york':6,2026-07-22 00:00:00+00,overture,62,likely_open,95,50,0,{}
biz_20dd56787790b84a,The First National Bank of Long Island,atm_bank,,40.71199417114258,-74.00867462158203,POINT(-74.00867462158203 40.71199417114258),225 Broadway Ste 703,New York,NY,10007,,2126931515,http://www.fnbli.com/,{overture},,businesses_conflate,1100,2026-07-22 18:44:37.477175+00,2026-07-22 00:00:00+00,73,65,100,75,50,{},"{""overture"": {""lat"": 40.71199417114258, ""lon"": -74.00867462158203, ""zip"": ""10007"", ""city"": ""New York"", ""name"": ""The First National Bank of Long Island"", ""brand"": null, ""phone"": ""2126931515"", ""state"": ""NY"", ""address"": ""225 Broadway Ste 703"", ""release"": ""2026-07-22.0"", ""website"": ""http://www.fnbli.com/"", ""category"": ""atm_bank"", ""state_raw"": ""NY"", ""observed_at"": ""2026-07-22T00:00:00+00:00"", ""src_confidence"": 0.9199122190475464, ""category_source"": ""bank_credit_union"", ""source_record_id"": ""777aa20b-e135-4588-8604-9b42e39ec9e0""}}",'bank':4 'first':2 'island':7 'long':6 'nation':3 'new':8 'york':9,2026-07-22 00:00:00+00,overture,62,likely_open,95,50,0,{}
biz_20e11d624c00f37e,Tassimo Brewbot Café,restaurant,,40.72258758544922,-73.9966812133789,POINT(-73.9966812133789 40.72258758544922),237 Lafayette St,New York,NY,10012-4017,,,,{overture},,businesses_conflate,1100,2026-07-22 18:44:37.477175+00,2026-07-22 00:00:00+00,68,65,100,50,50,{},"{""overture"": {""lat"": 40.72258758544922, ""lon"": -73.9966812133789, ""zip"": ""10012-4017"", ""city"": ""New York"", ""name"": ""Tassimo Brewbot Café"", ""brand"": null, ""phone"": null, ""state"": ""NY"", ""address"": ""237 Lafayette St"", ""release"": ""2026-07-22.0"", ""website"": null, ""category"": ""restaurant"", ""state_raw"": ""NY"", ""observed_at"": ""2026-07-22T00:00:00+00:00"", ""src_confidence"": 0.95, ""category_source"": ""restaurant"", ""source_record_id"": ""96252aed-254d-42fd-aadb-c47805a2aacc""}}",'brewbot':2 'café':3 'new':4 'tassimo':1 'york':5,2026-07-22 00:00:00+00,overture,62,likely_open,95,50,0,{}
biz_20e1f7fc82bbc58a,Apple Bank,atm_bank,,40.70460510253906,-74.00882720947266,POINT(-74.00882720947266 40.70460510253906),10 Hanover Sq,New York,NY,10005,,2124222280,https://www.applebank.com/about/get-in-touch/atm-branch-locations/manhattan/manhattan-east-side/10-hanover-square-(new-york)?utm_source=Bing&utm_medium=local&utm_campaign=Bing-local,{overture},,businesses_conflate,1100,2026-07-22 18:44:37.477175+00,2026-07-22 00:00:00+00,73,65,100,75,50,{},"{""overture"": {""lat"": 40.70460510253906, ""lon"": -74.00882720947266, ""zip"": ""10005"", ""city"": ""New York"", ""name"": ""Apple Bank"", ""brand"": null, ""phone"": ""2124222280"", ""state"": ""NY"", ""address"": ""10 Hanover Sq"", ""release"": ""2026-07-22.0"", ""website"": ""https://www.applebank.com/about/get-in-touch/atm-branch-locations/manhattan/manhattan-east-side/10-hanover-square-(new-york)?utm_source=Bing&utm_medium=local&utm_campaign=Bing-local"", ""category"": ""atm_bank"", ""state_raw"": ""NY"", ""observed_at"": ""2026-07-22T00:00:00+00:00"", ""src_confidence"": 0.9902192950248718, ""category_source"": ""bank_credit_union"", ""source_record_id"": ""0cb71ad2-2a46-4d9e-b20e-489051a37c99""}}",'appl':1 'bank':2 'new':3 'york':4,2026-07-22 00:00:00+00,overture,62,likely_open,95,50,0,{}
biz_20f0fa0a6a519bc1,Greecologies,restaurant,,40.72011184692383,-73.99657440185547,POINT(-73.99657440185547 40.72011184692383),379 Broome St,New York,NY,10013-3705,,6465247356,https://greecologies.com,{overture},,businesses_conflate,1100,2026-07-22 18:44:37.477175+00,2026-07-22 00:00:00+00,73,65,100,75,50,{},"{""overture"": {""lat"": 40.72011184692383, ""lon"": -73.99657440185547, ""zip"": ""10013-3705"", ""city"": ""New York"", ""name"": ""Greecologies"", ""brand"": null, ""phone"": ""6465247356"", ""state"": ""NY"", ""address"": ""379 Broome St"", ""release"": ""2026-07-22.0"", ""website"": ""https://greecologies.com"", ""category"": ""restaurant"", ""state_raw"": ""NY"", ""observed_at"": ""2026-07-22T00:00:00+00:00"", ""src_confidence"": 0.9199122190475464, ""category_source"": ""restaurant"", ""source_record_id"": ""84abc0c0-0938-4aa6-8723-2fc3218ec20d""}}",'greecolog':1 'new':2 'york':3,2026-07-22 00:00:00+00,overture,62,likely_open,95,50,0,{}
biz_211328d6ffa98f4a,Dharma Home Suites,hotel,Dharma Home Suites,40.71953201293945,-74.04373168945312,POINT(-74.04373168945312 40.71953201293945),109 Christopher Columbus Dr,Jersey City,NJ,07302-8544,,+12019182684,http://dharmahomesuites.com/new-york/grove-station/,{overture},,businesses_conflate,1100,2026-07-22 18:44:37.477175+00,2026-07-22 00:00:00+00,78,65,100,100,50,{},"{""overture"": {""lat"": 40.71953201293945, ""lon"": -74.04373168945312, ""zip"": ""07302-8544"", ""city"": ""Jersey City"", ""name"": ""Dharma Home Suites"", ""brand"": ""Dharma Home Suites"", ""phone"": ""+12019182684"", ""state"": ""NJ"", ""address"": ""109 Christopher Columbus Dr"", ""release"": ""2026-07-22.0"", ""website"": ""http://dharmahomesuites.com/new-york/grove-station/"", ""category"": ""hotel"", ""state_raw"": ""NJ"", ""observed_at"": ""2026-07-22T00:00:00+00:00"", ""src_confidence"": 0.9585399627685547, ""category_source"": ""hotel"", ""source_record_id"": ""6430ffaa-d477-4868-ba75-b7e989cea339""}}","'citi':8 'dharma':1,4 'home':2,5 'jersey':7 'suit':3,6",2026-07-22 00:00:00+00,overture,62,likely_open,95,50,0,{}
biz_211730355454fe8c,The Marquesina Coffee,cafe,,40.72262954711914,-74.0005874633789,POINT(-74.0005874633789 40.72262954711914),69 Mercer St,New York,NY,10012,,+17183409521,,{overture},,businesses_conflate,1100,2026-07-22 18:44:37.477175+00,2026-07-22 00:00:00+00,70,65,100,63,50,{},"{""overture"": {""lat"": 40.72262954711914, ""lon"": -74.0005874633789, ""zip"": ""10012"", ""city"": ""New York"", ""name"": ""The Marquesina Coffee"", ""brand"": null, ""phone"": ""+17183409521"", ""state"": ""NY"", ""address"": ""69 Mercer St"", ""release"": ""2026-07-22.0"", ""website"": null, ""category"": ""cafe"", ""state_raw"": ""NY"", ""observed_at"": ""2026-07-22T00:00:00+00:00"", ""src_confidence"": 0.5441895127296448, ""category_source"": ""coffee_shop"", ""source_record_id"": ""6880e910-f186-4a0e-9ec6-4e099155af0d""}}",'coffe':3 'marquesina':2 'new':4 'york':5,2026-07-22 00:00:00+00,overture,62,likely_open,95,50,0,{}
biz_212f3d4c7d05eb7c,Broadwater & Pearl Assoc Llc,restaurant,,40.70343017578125,-74.01134490966797,POINT(-74.01134490966797 40.70343017578125),54 Pearl St,New York,NY,10004-4300,,,,{overture},,businesses_conflate,1100,2026-07-22 18:44:37.477175+00,2026-07-22 00:00:00+00,68,65,100,50,50,{},"{""overture"": {""lat"": 40.70343017578125, ""lon"": -74.01134490966797, ""zip"": ""10004-4300"", ""city"": ""New York"", ""name"": ""Broadwater & Pearl Assoc Llc"", ""brand"": null, ""phone"": null, ""state"": ""NY"", ""address"": ""54 Pearl St"", ""release"": ""2026-07-22.0"", ""website"": null, ""category"": ""restaurant"", ""state_raw"": ""NY"", ""observed_at"": ""2026-07-22T00:00:00+00:00"", ""src_confidence"": 0.95, ""category_source"": ""restaurant"", ""source_record_id"": ""c2237595-b4e8-46cf-9d5d-a3f0319fcdc3""}}",'assoc':3 'broadwat':1 'llc':4 'new':5 'pearl':2 'york':6,2026-07-22 00:00:00+00,overture,62,likely_open,95,50,0,{}
biz_213db6c9410f0595,cafe si,restaurant,,40.71500778198242,-73.99370574951172,POINT(-73.99370574951172 40.71500778198242),19 Eldridge St,New York,NY,10002-6211,,,https://instagram.com/enlaisladesierta?igshid=bxujptjczqgv,{overture},,businesses_conflate,1100,2026-07-22 18:44:37.477175+00,2026-07-22 00:00:00+00,70,65,100,63,50,{},"{""overture"": {""lat"": 40.71500778198242, ""lon"": -73.99370574951172, ""zip"": ""10002-6211"", ""city"": ""New York"", ""name"": ""cafe si"", ""brand"": null, ""phone"": null, ""state"": ""NY"", ""address"": ""19 Eldridge St"", ""release"": ""2026-07-22.0"", ""website"": ""https://instagram.com/enlaisladesierta?igshid=bxujptjczqgv"", ""category"": ""restaurant"", ""state_raw"": ""NY"", ""observed_at"": ""2026-07-22T00:00:00+00:00"", ""src_confidence"": 0.9199122190475464, ""category_source"": ""restaurant"", ""source_record_id"": ""ab876b40-c601-41bd-a351-4112bf7150c3""}}",'cafe':1 'new':3 'si':2 'york':4,2026-07-22 00:00:00+00,overture,62,likely_open,95,50,0,{}
biz_215b2c2a70e6ea5e,Mannings Pharmacy,pharmacy,,40.716007232666016,-73.99746704101562,POINT(-73.99746704101562 40.716007232666016),13-17 Elizabeth St,New York,NY,10013-4803,,+12129416480,http://www.nymannings.com,{overture},,businesses_conflate,1100,2026-07-22 18:44:37.477175+00,2026-07-22 00:00:00+00,73,65,100,75,50,{},"{""overture"": {""lat"": 40.716007232666016, ""lon"": -73.99746704101562, ""zip"": ""10013-4803"", ""city"": ""New York"", ""name"": ""Mannings Pharmacy"", ""brand"": null, ""phone"": ""+12129416480"", ""state"": ""NY"", ""address"": ""13-17 Elizabeth St"", ""release"": ""2026-07-22.0"", ""website"": ""http://www.nymannings.com"", ""category"": ""pharmacy"", ""state_raw"": ""NY"", ""observed_at"": ""2026-07-22T00:00:00+00:00"", ""src_confidence"": 0.9902192950248718, ""category_source"": ""pharmacy"", ""source_record_id"": ""78546c74-f054-48b0-8da0-5c72fc63c68c""}}",'man':1 'new':3 'pharmaci':2 'york':4,2026-07-22 00:00:00+00,overture,62,likely_open,95,50,0,{}
biz_217ec11b6c2195d9,喜運来大酒家,restaurant,,40.71501922607422,-73.99844360351562,POINT(-73.99844360351562 40.71501922607422),,New York,NY,,,,,{overture},,businesses_conflate,1100,2026-07-22 18:44:37.477175+00,2026-07-22 00:00:00+00,60,65,100,13,50,{},"{""overture"": {""lat"": 40.71501922607422, ""lon"": -73.99844360351562, ""zip"": null, ""city"": ""New York"", ""name"": ""喜運来大酒家"", ""brand"": null, ""phone"": null, ""state"": ""NY"", ""address"": null, ""release"": ""2026-07-22.0"", ""website"": null, ""category"": ""restaurant"", ""state_raw"": ""NY"", ""observed_at"": ""2026-07-22T00:00:00+00:00"", ""src_confidence"": 0.6177895069122314, ""category_source"": ""restaurant"", ""source_record_id"": ""7cd75a81-f0dc-40bb-bb80-13b51b10d4d7""}}",'new':2 'york':3 '喜運来大酒家':1,2026-07-22 00:00:00+00,overture,62,likely_open,95,50,0,{}
biz_218b2678720ce4db,Vicente Deli & Grocery Corp,grocery,,40.72141647338867,-74.04536437988281,POINT(-74.04536437988281 40.72141647338867),178 Newark Ave,Jersey City,NJ,07302-5864,,,,{overture},,businesses_conflate,1100,2026-07-22 18:44:37.477175+00,2026-07-22 00:00:00+00,68,65,100,50,50,{},"{""overture"": {""lat"": 40.72141647338867, ""lon"": -74.04536437988281, ""zip"": ""07302-5864"", ""city"": ""Jersey City"", ""name"": ""Vicente Deli & Grocery Corp"", ""brand"": null, ""phone"": null, ""state"": ""NJ"", ""address"": ""178 Newark Ave"", ""release"": ""2026-07-22.0"", ""website"": null, ""category"": ""grocery"", ""state_raw"": ""NJ"", ""observed_at"": ""2026-07-22T00:00:00+00:00"", ""src_confidence"": 0.95, ""category_source"": ""grocery_store"", ""source_record_id"": ""ce51fbff-92c3-44f1-84e9-5a193fdff26c""}}",'citi':6 'corp':4 'deli':2 'groceri':3 'jersey':5 'vicent':1,2026-07-22 00:00:00+00,overture,62,likely_open,95,50,0,{}
biz_21a89d03c934f137,Cortlandt Pizza Inc,restaurant,,40.71022033691406,-74.01032257080078,POINT(-74.01032257080078 40.71022033691406),8 Cortlandt St,New York,NY,10007-3104,,,https://cortlandpizzashops.com,{overture},,businesses_conflate,1100,2026-07-22 18:44:37.477175+00,2026-07-22 00:00:00+00,70,65,100,63,50,{},"{""overture"": {""lat"": 40.71022033691406, ""lon"": -74.01032257080078, ""zip"": ""10007-3104"", ""city"": ""New York"", ""name"": ""Cortlandt Pizza Inc"", ""brand"": null, ""phone"": null, ""state"": ""NY"", ""address"": ""8 Cortlandt St"", ""release"": ""2026-07-22.0"", ""website"": ""https://cortlandpizzashops.com"", ""category"": ""restaurant"", ""state_raw"": ""NY"", ""observed_at"": ""2026-07-22T00:00:00+00:00"", ""src_confidence"": 0.95, ""category_source"": ""restaurant"", ""source_record_id"": ""cd831a55-a8d8-41d1-92cd-4b79db0db441""}}",'cortlandt':1 'inc':3 'new':4 'pizza':2 'york':5,2026-07-22 00:00:00+00,overture,62,likely_open,95,50,0,{}
biz_21cb1a45574edca0,Upright Technologies Inc,restaurant,,40.727359771728516,-74.00577545166016,POINT(-74.00577545166016 40.727359771728516),175 Varick St,New York,NY,10014-4604,,,https://www.uprightpose.com,{overture},,businesses_conflate,1100,2026-07-22 18:44:37.477175+00,2026-07-22 00:00:00+00,70,65,100,63,50,{},"{""overture"": {""lat"": 40.727359771728516, ""lon"": -74.00577545166016, ""zip"": ""10014-4604"", ""city"": ""New York"", ""name"": ""Upright Technologies Inc"", ""brand"": null, ""phone"": null, ""state"": ""NY"", ""address"": ""175 Varick St"", ""release"": ""2026-07-22.0"", ""website"": ""https://www.uprightpose.com"", ""category"": ""restaurant"", ""state_raw"": ""NY"", ""observed_at"": ""2026-07-22T00:00:00+00:00"", ""src_confidence"": 0.95, ""category_source"": ""restaurant"", ""source_record_id"": ""dcbf6003-8bb1-4015-b6c4-8521b9f698e4""}}",'inc':3 'new':4 'technolog':2 'upright':1 'york':5,2026-07-22 00:00:00+00,overture,62,likely_open,95,50,0,{}
biz_21f00a4b038508e2,ZAZA Greenwich St.,restaurant,,40.71517562866211,-74.0109634399414,POINT(-74.0109634399414 40.71517562866211),104 Greenwich St,New York,NY,10006-1801,,+16468640040,https://zazadinernyc.com/,{overture},,businesses_conflate,1100,2026-07-22 18:44:37.477175+00,2026-07-22 00:00:00+00,73,65,100,75,50,{},"{""overture"": {""lat"": 40.71517562866211, ""lon"": -74.0109634399414, ""zip"": ""10006-1801"", ""city"": ""New York"", ""name"": ""ZAZA Greenwich St."", ""brand"": null, ""phone"": ""+16468640040"", ""state"": ""NY"", ""address"": ""104 Greenwich St"", ""release"": ""2026-07-22.0"", ""website"": ""https://zazadinernyc.com/"", ""category"": ""restaurant"", ""state_raw"": ""NY"", ""observed_at"": ""2026-07-22T00:00:00+00:00"", ""src_confidence"": 0.7177650928497314, ""category_source"": ""restaurant"", ""source_record_id"": ""365f572f-2716-4dff-b256-27668ed3d3cf""}}",'greenwich':2 'new':4 'st':3 'york':5 'zaza':1,2026-07-22 00:00:00+00,overture,62,likely_open,95,50,0,{}
biz_21f77489aca3efc8,Above Grounds,cafe,,40.71589279174805,-74.04151916503906,POINT(-74.04151916503906 40.71589279174805),170 Grand St,Jersey City,NJ,07302-4800,,+12018148957,https://linktr.ee/abovegroundsjc,{overture},,businesses_conflate,1100,2026-07-22 18:44:37.477175+00,2026-07-22 00:00:00+00,73,65,100,75,50,{},"{""overture"": {""lat"": 40.71589279174805, ""lon"": -74.04151916503906, ""zip"": ""07302-4800"", ""city"": ""Jersey City"", ""name"": ""Above Grounds"", ""brand"": null, ""phone"": ""+12018148957"", ""state"": ""NJ"", ""address"": ""170 Grand St"", ""release"": ""2026-07-22.0"", ""website"": ""https://linktr.ee/abovegroundsjc"", ""category"": ""cafe"", ""state_raw"": ""NJ"", ""observed_at"": ""2026-07-22T00:00:00+00:00"", ""src_confidence"": 0.3833639323711395, ""category_source"": ""cafe"", ""source_record_id"": ""6cce841b-bebe-42b7-a764-59bd47117c01""}}",'citi':4 'ground':2 'jersey':3,2026-07-22 00:00:00+00,overture,62,likely_open,95,50,0,{}
biz_22169f95eff7e592,Willett's NYC,cafe,,40.707176208496094,-74.00370025634766,POINT(-74.00370025634766 40.707176208496094),23 Fulton St,New York,NY,10038-2103,,+12126002964,https://www.eventbrite.com/e/willetts-4th-of-july-250th-nyc-seaport-event-macys-fireworks-tickets-1987001964364?aff=oddtdtcreator,{overture},,businesses_conflate,1100,2026-07-22 18:44:37.477175+00,2026-07-22 00:00:00+00,73,65,100,75,50,{},"{""overture"": {""lat"": 40.707176208496094, ""lon"": -74.00370025634766, ""zip"": ""10038-2103"", ""city"": ""New York"", ""name"": ""Willett's NYC"", ""brand"": null, ""phone"": ""+12126002964"", ""state"": ""NY"", ""address"": ""23 Fulton St"", ""release"": ""2026-07-22.0"", ""website"": ""https://www.eventbrite.com/e/willetts-4th-of-july-250th-nyc-seaport-event-macys-fireworks-tickets-1987001964364?aff=oddtdtcreator"", ""category"": ""cafe"", ""state_raw"": ""NY"", ""observed_at"": ""2026-07-22T00:00:00+00:00"", ""src_confidence"": 0.7054752111434937, ""category_source"": ""cafe"", ""source_record_id"": ""7c4f0844-9828-4cb2-8017-c0ed546f1c41""}}",'new':4 'nyc':3 'willett':1 'york':5,2026-07-22 00:00:00+00,overture,62,likely_open,95,50,0,{}
biz_223076f468a589d3,Gorillas,grocery,,40.71782302856445,-73.99180603027344,POINT(-73.99180603027344 40.71782302856445),294 Grand St,New York,NY,10002-5799,,,https://gorillas.io/en-us/delivery-areas,{overture},,businesses_conflate,1100,2026-07-22 18:44:37.477175+00,2026-07-22 00:00:00+00,70,65,100,63,50,{},"{""overture"": {""lat"": 40.71782302856445, ""lon"": -73.99180603027344, ""zip"": ""10002-5799"", ""city"": ""New York"", ""name"": ""Gorillas"", ""brand"": null, ""phone"": null, ""state"": ""NY"", ""address"": ""294 Grand St"", ""release"": ""2026-07-22.0"", ""website"": ""https://gorillas.io/en-us/delivery-areas"", ""category"": ""grocery"", ""state_raw"": ""NY"", ""observed_at"": ""2026-07-22T00:00:00+00:00"", ""src_confidence"": 0.9199122190475464, ""category_source"": ""grocery_store"", ""source_record_id"": ""9adfda69-51b5-4b3c-9094-052de5ea010c""}}",'gorilla':1 'new':2 'york':3,2026-07-22 00:00:00+00,overture,62,likely_open,95,50,0,{}
biz_22407c8d8fa7de9f,Stir Cafe,cafe,,40.70576858520508,-74.0127182006836,POINT(-74.0127182006836 40.70576858520508),32 Broadway  Frnt 1,New York,NY,10004-1697,,12124255122,http://moonshumboldt.com,{overture},,businesses_conflate,1100,2026-07-22 18:44:37.477175+00,2026-07-22 00:00:00+00,73,65,100,75,50,{},"{""overture"": {""lat"": 40.70576858520508, ""lon"": -74.0127182006836, ""zip"": ""10004-1697"", ""city"": ""New York"", ""name"": ""Stir Cafe"", ""brand"": null, ""phone"": ""12124255122"", ""state"": ""NY"", ""address"": ""32 Broadway  Frnt 1"", ""release"": ""2026-07-22.0"", ""website"": ""http://moonshumboldt.com"", ""category"": ""cafe"", ""state_raw"": ""NY"", ""observed_at"": ""2026-07-22T00:00:00+00:00"", ""src_confidence"": 0.9199122190475464, ""category_source"": ""coffee_shop"", ""source_record_id"": ""222a58d3-fbc4-4b37-81a5-7bfa53099ff8""}}",'cafe':2 'new':3 'stir':1 'york':4,2026-07-22 00:00:00+00,overture,62,likely_open,95,50,0,{}
biz_225db59b0cc7800e,Pret A Manger,cafe,,40.730220794677734,-73.99241638183594,POINT(-73.99241638183594 40.730220794677734),1 Astor Pl,New York,NY,10003,,6463441657,https://www.pret.com/en-US/shop-finder/l/new-york/1-astor-place/10306,{overture},,businesses_conflate,1100,2026-07-22 18:44:37.477175+00,2026-07-22 00:00:00+00,73,65,100,75,50,{},"{""overture"": {""lat"": 40.730220794677734, ""lon"": -73.99241638183594, ""zip"": ""10003"", ""city"": ""New York"", ""name"": ""Pret A Manger"", ""brand"": null, ""phone"": ""6463441657"", ""state"": ""NY"", ""address"": ""1 Astor Pl"", ""release"": ""2026-07-22.0"", ""website"": ""https://www.pret.com/en-US/shop-finder/l/new-york/1-astor-place/10306"", ""category"": ""cafe"", ""state_raw"": ""NY"", ""observed_at"": ""2026-07-22T00:00:00+00:00"", ""src_confidence"": 0.9902192950248718, ""category_source"": ""coffee_shop"", ""source_record_id"": ""a94796fb-12ef-43d7-830a-7c7fe51ab278""}}",'manger':3 'new':4 'pret':1 'york':5,2026-07-22 00:00:00+00,overture,62,likely_open,95,50,0,{}
biz_226029cdd86bbf9c,Bleecker Farm,grocery,,40.731571197509766,-74.00337982177734,POINT(-74.00337982177734 40.731571197509766),272 Bleecker St,New York,NY,10014-4104,,12122291587,http://bleecker-farm.yeeq.io,{overture},,businesses_conflate,1100,2026-07-22 18:44:37.477175+00,2026-07-22 00:00:00+00,73,65,100,75,50,{},"{""overture"": {""lat"": 40.731571197509766, ""lon"": -74.00337982177734, ""zip"": ""10014-4104"", ""city"": ""New York"", ""name"": ""Bleecker Farm"", ""brand"": null, ""phone"": ""12122291587"", ""state"": ""NY"", ""address"": ""272 Bleecker St"", ""release"": ""2026-07-22.0"", ""website"": ""http://bleecker-farm.yeeq.io"", ""category"": ""grocery"", ""state_raw"": ""NY"", ""observed_at"": ""2026-07-22T00:00:00+00:00"", ""src_confidence"": 0.95, ""category_source"": ""supermarket"", ""source_record_id"": ""ddac0410-bd49-409f-a048-614ec148eb39""}}",'bleecker':1 'farm':2 'new':3 'york':4,2026-07-22 00:00:00+00,overture,62,likely_open,95,50,0,{}
biz_22623526575be869,Nicoletta Pizzeria,restaurant,,40.72197723388672,-73.99778747558594,POINT(-73.99778747558594 40.72197723388672),218 Lafayette St,New York,NY,10012-4021,,12124321600,https://www.nicolettapizza.com,{overture},,businesses_conflate,1100,2026-07-22 18:44:37.477175+00,2026-07-22 00:00:00+00,73,65,100,75,50,{},"{""overture"": {""lat"": 40.72197723388672, ""lon"": -73.99778747558594, ""zip"": ""10012-4021"", ""city"": ""New York"", ""name"": ""Nicoletta Pizzeria"", ""brand"": null, ""phone"": ""12124321600"", ""state"": ""NY"", ""address"": ""218 Lafayette St"", ""release"": ""2026-07-22.0"", ""website"": ""https://www.nicolettapizza.com"", ""category"": ""restaurant"", ""state_raw"": ""NY"", ""observed_at"": ""2026-07-22T00:00:00+00:00"", ""src_confidence"": 0.9199122190475464, ""category_source"": ""restaurant"", ""source_record_id"": ""99def3ff-7bbb-441e-8275-56d70558b416""}}",'new':3 'nicoletta':1 'pizzeria':2 'york':4,2026-07-22 00:00:00+00,overture,62,likely_open,95,50,0,{}
biz_2277fa0d458b6dc8,Bonberi,cafe,,40.73509979248047,-74.0051040649414,POINT(-74.0051040649414 40.73509979248047),384 Bleecker St,New York,NY,10014-3210,,,http://bonberi.com/,{overture},,businesses_conflate,1100,2026-07-22 18:44:37.477175+00,2026-07-22 00:00:00+00,70,65,100,63,50,{},"{""overture"": {""lat"": 40.73509979248047, ""lon"": -74.0051040649414, ""zip"": ""10014-3210"", ""city"": ""New York"", ""name"": ""Bonberi"", ""brand"": null, ""phone"": null, ""state"": ""NY"", ""address"": ""384 Bleecker St"", ""release"": ""2026-07-22.0"", ""website"": ""http://bonberi.com/"", ""category"": ""cafe"", ""state_raw"": ""NY"", ""observed_at"": ""2026-07-22T00:00:00+00:00"", ""src_confidence"": 0.7873559594154358, ""category_source"": ""cafe"", ""source_record_id"": ""fe5f2859-d5d4-46cd-a2e1-6d478a9c70ec""}}",'bonberi':1 'new':2 'york':3,2026-07-22 00:00:00+00,overture,62,likely_open,95,50,0,{}
biz_227e3d57c3e6ae03,Walker Hotel Greenwich Village,hotel,,40.73617935180664,-73.99661254882812,POINT(-73.99661254882812 40.73617935180664),52 W 13th St,New York,NY,10011-7902,,+12123751300,https://www.walkerhotels.com/walker-hotel-greenwich-village,{overture},,businesses_conflate,1100,2026-07-22 18:44:37.477175+00,2026-07-22 00:00:00+00,73,65,100,75,50,{},"{""overture"": {""lat"": 40.73617935180664, ""lon"": -73.99661254882812, ""zip"": ""10011-7902"", ""city"": ""New York"", ""name"": ""Walker Hotel Greenwich Village"", ""brand"": null, ""phone"": ""+12123751300"", ""state"": ""NY"", ""address"": ""52 W 13th St"", ""release"": ""2026-07-22.0"", ""website"": ""https://www.walkerhotels.com/walker-hotel-greenwich-village"", ""category"": ""hotel"", ""state_raw"": ""NY"", ""observed_at"": ""2026-07-22T00:00:00+00:00"", ""src_confidence"": 0.9988810420036316, ""category_source"": ""hotel"", ""source_record_id"": ""38522e1d-5bd2-47a8-849b-bf2a6dcdba3b""}}",'greenwich':3 'hotel':2 'new':5 'villag':4 'walker':1 'york':6,2026-07-22 00:00:00+00,overture,62,likely_open,95,50,0,{}
biz_2285fc03ef828ae2,Birch Coffee,cafe,,40.7142333984375,-74.00877380371094,POINT(-74.00877380371094 40.7142333984375),136 Church St,New York,NY,10007,,(212) 686-1444,http://www.birchcoffee.com/pages/visit,{overture},,businesses_conflate,1100,2026-07-22 18:44:37.477175+00,2026-07-22 00:00:00+00,73,65,100,75,50,{},"{""overture"": {""lat"": 40.7142333984375, ""lon"": -74.00877380371094, ""zip"": ""10007"", ""city"": ""New York"", ""name"": ""Birch Coffee"", ""brand"": null, ""phone"": ""(212) 686-1444"", ""state"": ""NY"", ""address"": ""136 Church St"", ""release"": ""2026-07-22.0"", ""website"": ""http://www.birchcoffee.com/pages/visit"", ""category"": ""cafe"", ""state_raw"": ""NY"", ""observed_at"": ""2026-07-22T00:00:00+00:00"", ""src_confidence"": 0.9902192950248718, ""category_source"": ""coffee_shop"", ""source_record_id"": ""6cae6ff5-9bff-492c-9085-4d287f6d528a""}}",'birch':1 'coffe':2 'new':3 'york':4,2026-07-22 00:00:00+00,overture,62,likely_open,95,50,0,{}
biz_228e8b23467256ce,Bank of America ATM,atm_bank,,40.70658874511719,-74.0053939819336,POINT(-74.0053939819336 40.70658874511719),175 Water St,New York,NY,10038,,8444018500,https://locators.bankofamerica.com/ny/newyork/atm-new-york-106910.html,{overture},,businesses_conflate,1100,2026-07-22 18:44:37.477175+00,2026-07-22 00:00:00+00,73,65,100,75,50,{},"{""overture"": {""lat"": 40.70658874511719, ""lon"": -74.0053939819336, ""zip"": ""10038"", ""city"": ""New York"", ""name"": ""Bank of America ATM"", ""brand"": null, ""phone"": ""8444018500"", ""state"": ""NY"", ""address"": ""175 Water St"", ""release"": ""2026-07-22.0"", ""website"": ""https://locators.bankofamerica.com/ny/newyork/atm-new-york-106910.html"", ""category"": ""atm_bank"", ""state_raw"": ""NY"", ""observed_at"": ""2026-07-22T00:00:00+00:00"", ""src_confidence"": 0.9931, ""category_source"": ""bank_credit_union"", ""source_record_id"": ""741603a2-b856-4eeb-b9d7-0de8060d2e3f""}}",'america':3 'atm':4 'bank':1 'new':5 'york':6,2026-07-22 00:00:00+00,overture,62,likely_open,95,50,0,{}
biz_22a8297320f1c598,Lackawanna Coffee,cafe,,40.71944808959961,-74.03874969482422,POINT(-74.03874969482422 40.71944808959961),325 Warren St,Jersey City,NJ,07302,,,http://lackawannacoffee.com,{overture},,businesses_conflate,1100,2026-07-22 18:44:37.477175+00,2026-07-22 00:00:00+00,70,65,100,63,50,{},"{""overture"": {""lat"": 40.71944808959961, ""lon"": -74.03874969482422, ""zip"": ""07302"", ""city"": ""Jersey City"", ""name"": ""Lackawanna Coffee"", ""brand"": null, ""phone"": null, ""state"": ""NJ"", ""address"": ""325 Warren St"", ""release"": ""2026-07-22.0"", ""website"": ""http://lackawannacoffee.com"", ""category"": ""cafe"", ""state_raw"": ""NJ"", ""observed_at"": ""2026-07-22T00:00:00+00:00"", ""src_confidence"": 0.77, ""category_source"": ""coffee_shop"", ""source_record_id"": ""91dd3f56-9555-47d4-92fe-efd4468704bd""}}",'citi':4 'coffe':2 'jersey':3 'lackawanna':1,2026-07-22 00:00:00+00,overture,62,likely_open,95,50,0,{}
biz_22bdc2264dd9b7c8,Bb La Casa Llc,restaurant,,40.73689270019531,-74.03022766113281,POINT(-74.03022766113281 40.73689270019531),54 Newark St,Hoboken,NJ,07030-4544,,,,{overture},,businesses_conflate,1100,2026-07-22 18:44:37.477175+00,2026-07-22 00:00:00+00,68,65,100,50,50,{},"{""overture"": {""lat"": 40.73689270019531, ""lon"": -74.03022766113281, ""zip"": ""07030-4544"", ""city"": ""Hoboken"", ""name"": ""Bb La Casa Llc"", ""brand"": null, ""phone"": null, ""state"": ""NJ"", ""address"": ""54 Newark St"", ""release"": ""2026-07-22.0"", ""website"": null, ""category"": ""restaurant"", ""state_raw"": ""NJ"", ""observed_at"": ""2026-07-22T00:00:00+00:00"", ""src_confidence"": 0.95, ""category_source"": ""restaurant"", ""source_record_id"": ""27713a82-d130-4c51-8cde-9a518b842a4b""}}",'bb':1 'casa':3 'hoboken':5 'la':2 'llc':4,2026-07-22 00:00:00+00,overture,62,likely_open,95,50,0,{}
biz_22c4e2f62d6d572e,LibertyX Bitcoin ATM,atm_bank,,40.73081970214844,-74.00093078613281,POINT(-74.00093078613281 40.73081970214844),134 W 3rd St,New York,NY,10012,,8005118940,"",{overture},,businesses_conflate,1100,2026-07-22 18:44:37.477175+00,2026-07-22 00:00:00+00,73,65,100,75,50,{},"{""overture"": {""lat"": 40.73081970214844, ""lon"": -74.00093078613281, ""zip"": ""10012"", ""city"": ""New York"", ""name"": ""LibertyX Bitcoin ATM"", ""brand"": null, ""phone"": ""8005118940"", ""state"": ""NY"", ""address"": ""134 W 3rd St"", ""release"": ""2026-07-22.0"", ""website"": """", ""category"": ""atm_bank"", ""state_raw"": ""NY"", ""observed_at"": ""2026-07-22T00:00:00+00:00"", ""src_confidence"": 0.85, ""category_source"": ""atms"", ""source_record_id"": ""95d0d6e2-cb0e-4f34-90ab-0ffc71aa35a1""}}",'atm':3 'bitcoin':2 'libertyx':1 'new':4 'york':5,2026-07-22 00:00:00+00,overture,62,likely_open,95,50,0,{}
biz_22c7c41906394269,Bleecker Studio Manhattan Inc,restaurant,,40.73171615600586,-74.00298309326172,POINT(-74.00298309326172 40.73171615600586),277 Bleecker St,New York,NY,10014-4102,,,,{overture},,businesses_conflate,1100,2026-07-22 18:44:37.477175+00,2026-07-22 00:00:00+00,68,65,100,50,50,{},"{""overture"": {""lat"": 40.73171615600586, ""lon"": -74.00298309326172, ""zip"": ""10014-4102"", ""city"": ""New York"", ""name"": ""Bleecker Studio Manhattan Inc"", ""brand"": null, ""phone"": null, ""state"": ""NY"", ""address"": ""277 Bleecker St"", ""release"": ""2026-07-22.0"", ""website"": null, ""category"": ""restaurant"", ""state_raw"": ""NY"", ""observed_at"": ""2026-07-22T00:00:00+00:00"", ""src_confidence"": 0.95, ""category_source"": ""restaurant"", ""source_record_id"": ""351135f8-11ee-4c61-8e96-47e48bf83a3c""}}",'bleecker':1 'inc':4 'manhattan':3 'new':5 'studio':2 'york':6,2026-07-22 00:00:00+00,overture,62,likely_open,95,50,0,{}
biz_22ca8268dcb9ba79,The Peoples' Voice Cafe,cafe,,40.72993850708008,-73.99850463867188,POINT(-73.99850463867188 40.72993850708008),239 Thompson St,New York,NY,10012,,+12127873903,https://peoplesvoicecafe.org/,{overture},,businesses_conflate,1100,2026-07-22 18:44:37.477175+00,2026-07-22 00:00:00+00,73,65,100,75,50,{},"{""overture"": {""lat"": 40.72993850708008, ""lon"": -73.99850463867188, ""zip"": ""10012"", ""city"": ""New York"", ""name"": ""The Peoples' Voice Cafe"", ""brand"": null, ""phone"": ""+12127873903"", ""state"": ""NY"", ""address"": ""239 Thompson St"", ""release"": ""2026-07-22.0"", ""website"": ""https://peoplesvoicecafe.org/"", ""category"": ""cafe"", ""state_raw"": ""NY"", ""observed_at"": ""2026-07-22T00:00:00+00:00"", ""src_confidence"": 0.8819923400878906, ""category_source"": ""cafe"", ""source_record_id"": ""cf18de6f-a428-4fa7-a7c8-50ff78f9efcb""}}",'cafe':4 'new':5 'peopl':2 'voic':3 'york':6,2026-07-22 00:00:00+00,overture,62,likely_open,95,50,0,{}
biz_22e3b0fa9d7c2f0f,Hotel NY,hotel,,40.72702407836914,-74.00640106201172,POINT(-74.00640106201172 40.72702407836914),74 Charlton St,New York,NY,10014-4601,,,,{overture},,businesses_conflate,1100,2026-07-22 18:44:37.477175+00,2026-07-22 00:00:00+00,68,65,100,50,50,{},"{""overture"": {""lat"": 40.72702407836914, ""lon"": -74.00640106201172, ""zip"": ""10014-4601"", ""city"": ""New York"", ""name"": ""Hotel NY"", ""brand"": null, ""phone"": null, ""state"": ""NY"", ""address"": ""74 Charlton St"", ""release"": ""2026-07-22.0"", ""website"": null, ""category"": ""hotel"", ""state_raw"": ""NY"", ""observed_at"": ""2026-07-22T00:00:00+00:00"", ""src_confidence"": 0.5592876672744751, ""category_source"": ""hotel"", ""source_record_id"": ""84744389-8d7a-41d3-ab3e-8216f37b07e5""}}",'hotel':1 'new':3 'ny':2 'york':4,2026-07-22 00:00:00+00,overture,62,likely_open,95,50,0,{}
biz_22e4446e07078971,LibertyX Bitcoin ATM,atm_bank,,40.71917724609375,-73.9915771484375,POINT(-73.9915771484375 40.71917724609375),139 Eldridge St,New York,NY,10002,,8005118940,https://libertyx.com/a/buy-bitcoin/locations/NY/new-york/139-eldridge-st?y_source=1_MTAxNDU3Njc3OC00ODMtbG9jYXRpb24ud2Vic2l0ZQ%3D%3D,{overture},,businesses_conflate,1100,2026-07-22 18:44:37.477175+00,2026-07-22 00:00:00+00,73,65,100,75,50,{},"{""overture"": {""lat"": 40.71917724609375, ""lon"": -73.9915771484375, ""zip"": ""10002"", ""city"": ""New York"", ""name"": ""LibertyX Bitcoin ATM"", ""brand"": null, ""phone"": ""8005118940"", ""state"": ""NY"", ""address"": ""139 Eldridge St"", ""release"": ""2026-07-22.0"", ""website"": ""https://libertyx.com/a/buy-bitcoin/locations/NY/new-york/139-eldridge-st?y_source=1_MTAxNDU3Njc3OC00ODMtbG9jYXRpb24ud2Vic2l0ZQ%3D%3D"", ""category"": ""atm_bank"", ""state_raw"": ""NY"", ""observed_at"": ""2026-07-22T00:00:00+00:00"", ""src_confidence"": 0.85, ""category_source"": ""atms"", ""source_record_id"": ""024d5159-b838-4e95-bf7b-c74c3e813638""}}",'atm':3 'bitcoin':2 'libertyx':1 'new':4 'york':5,2026-07-22 00:00:00+00,overture,62,likely_open,95,50,0,{}
biz_22e748e18d12dccb,Blue Spoon Coffee Company,cafe,,40.70822525024414,-74.00765228271484,POINT(-74.00765228271484 40.70822525024414),90 William St,New York,NY,10038-0101,,+12128098880,http://www.bluespooncoffee.com/,{overture},,businesses_conflate,1100,2026-07-22 18:44:37.477175+00,2026-07-22 00:00:00+00,73,65,100,75,50,{},"{""overture"": {""lat"": 40.70822525024414, ""lon"": -74.00765228271484, ""zip"": ""10038-0101"", ""city"": ""New York"", ""name"": ""Blue Spoon Coffee Company"", ""brand"": null, ""phone"": ""+12128098880"", ""state"": ""NY"", ""address"": ""90 William St"", ""release"": ""2026-07-22.0"", ""website"": ""http://www.bluespooncoffee.com/"", ""category"": ""cafe"", ""state_raw"": ""NY"", ""observed_at"": ""2026-07-22T00:00:00+00:00"", ""src_confidence"": 0.9921890497207642, ""category_source"": ""coffee_shop"", ""source_record_id"": ""ce06caa6-5e59-43e3-9f97-361598189af9""}}",'blue':1 'coffe':3 'compani':4 'new':5 'spoon':2 'york':6,2026-07-22 00:00:00+00,overture,62,likely_open,95,50,0,{}
biz_22f105331e54d258,Bank of America,atm_bank,Bank of America,40.72169494628906,-74.04562377929688,POINT(-74.04562377929688 40.72169494628906),186 Newark Ave,Jersey City,NJ,07302-2823,,+12014324400,https://locators.bankofamerica.com/nj/jerseycity/financial-centers-jersey-city-14718.html,{overture},,businesses_conflate,1100,2026-07-22 18:44:37.477175+00,2026-07-22 00:00:00+00,78,65,100,100,50,{},"{""overture"": {""lat"": 40.72169494628906, ""lon"": -74.04562377929688, ""zip"": ""07302-2823"", ""city"": ""Jersey City"", ""name"": ""Bank of America"", ""brand"": ""Bank of America"", ""phone"": ""+12014324400"", ""state"": ""NJ"", ""address"": ""186 Newark Ave"", ""release"": ""2026-07-22.0"", ""website"": ""https://locators.bankofamerica.com/nj/jerseycity/financial-centers-jersey-city-14718.html"", ""category"": ""atm_bank"", ""state_raw"": ""NJ"", ""observed_at"": ""2026-07-22T00:00:00+00:00"", ""src_confidence"": 0.9902192950248718, ""category_source"": ""bank_credit_union"", ""source_record_id"": ""d6782642-11f0-42ab-8a9e-f42804fb77da""}}","'america':3,6 'bank':1,4 'citi':8 'jersey':7",2026-07-22 00:00:00+00,overture,62,likely_open,95,50,0,{}
biz_23193fa5a13619fe,Stone Street Coffee,cafe,,40.7035026550293,-74.00850677490234,POINT(-74.00850677490234 40.7035026550293),,New York,NY,10041,,,https://stonestreetcoffee.com,{overture},,businesses_conflate,1100,2026-07-22 18:44:37.477175+00,2026-07-22 00:00:00+00,65,65,100,38,50,{},"{""overture"": {""lat"": 40.7035026550293, ""lon"": -74.00850677490234, ""zip"": ""10041"", ""city"": ""New York"", ""name"": ""Stone Street Coffee"", ""brand"": null, ""phone"": null, ""state"": ""NY"", ""address"": null, ""release"": ""2026-07-22.0"", ""website"": ""https://stonestreetcoffee.com"", ""category"": ""cafe"", ""state_raw"": ""NY"", ""observed_at"": ""2026-07-22T00:00:00+00:00"", ""src_confidence"": 0.77, ""category_source"": ""coffee_shop"", ""source_record_id"": ""cbc37ad1-db59-482b-9468-58d9d5ef7749""}}",'coffe':3 'new':4 'stone':1 'street':2 'york':5,2026-07-22 00:00:00+00,overture,62,likely_open,95,50,0,{}
biz_23295576994528a8,Luxy Suites Washington,hotel,,40.72355270385742,-74.03678131103516,POINT(-74.03678131103516 40.72355270385742),475 Washington Blvd,Jersey City,NJ,07310,,(877) 358-9730,http://www.globalluxurysuites.com,{overture},,businesses_conflate,1100,2026-07-22 18:44:37.477175+00,2026-07-22 00:00:00+00,73,65,100,75,50,{},"{""overture"": {""lat"": 40.72355270385742, ""lon"": -74.03678131103516, ""zip"": ""07310"", ""city"": ""Jersey City"", ""name"": ""Luxy Suites Washington"", ""brand"": null, ""phone"": ""(877) 358-9730"", ""state"": ""NJ"", ""address"": ""475 Washington Blvd"", ""release"": ""2026-07-22.0"", ""website"": ""http://www.globalluxurysuites.com"", ""category"": ""hotel"", ""state_raw"": ""NJ"", ""observed_at"": ""2026-07-22T00:00:00+00:00"", ""src_confidence"": 0.9199122190475464, ""category_source"": ""hotel"", ""source_record_id"": ""ebe774e5-681a-44c5-b4ce-fe79c51b567f""}}",'citi':5 'jersey':4 'luxi':1 'suit':2 'washington':3,2026-07-22 00:00:00+00,overture,62,likely_open,95,50,0,{}
biz_233a0bf7d5addc32,Playa Bowls,fast_food,Playa Bowls,40.70431137084961,-74.00984954833984,POINT(-74.00984954833984 40.70431137084961),100 Pearl Street,New York,NY,10004,,,https://playabowls.com/locations/fidi-financial-district,{overture},,businesses_conflate,1100,2026-07-22 18:44:37.477175+00,2026-07-22 00:00:00+00,75,65,100,88,50,{},"{""overture"": {""lat"": 40.70431137084961, ""lon"": -74.00984954833984, ""zip"": ""10004"", ""city"": ""New York"", ""name"": ""Playa Bowls"", ""brand"": ""Playa Bowls"", ""phone"": null, ""state"": ""NY"", ""address"": ""100 Pearl Street"", ""release"": ""2026-07-22.0"", ""website"": ""https://playabowls.com/locations/fidi-financial-district"", ""category"": ""fast_food"", ""state_raw"": ""NY"", ""observed_at"": ""2026-07-22T00:00:00+00:00"", ""src_confidence"": 0.8, ""category_source"": ""fast_food_restaurant"", ""source_record_id"": ""dd3099f6-b1aa-489f-ace1-d1b98e0f5e31""}}","'bowl':2,4 'new':5 'playa':1,3 'york':6",2026-07-22 00:00:00+00,overture,62,likely_open,95,50,0,{}
biz_234cb6ef9a37298d,Burger King,fast_food,Burger King,40.72962188720703,-74.04097747802734,POINT(-74.04097747802734 40.72962188720703),185 12th St,Jersey City,NJ,07310,,+12016562354,https://burgerking.com/store-locator/store/11296,{overture},,businesses_conflate,1100,2026-07-22 18:44:37.477175+00,2026-07-22 00:00:00+00,78,65,100,100,50,{},"{""overture"": {""lat"": 40.72962188720703, ""lon"": -74.04097747802734, ""zip"": ""07310"", ""city"": ""Jersey City"", ""name"": ""Burger King"", ""brand"": ""Burger King"", ""phone"": ""+12016562354"", ""state"": ""NJ"", ""address"": ""185 12th St"", ""release"": ""2026-07-22.0"", ""website"": ""https://burgerking.com/store-locator/store/11296"", ""category"": ""fast_food"", ""state_raw"": ""NJ"", ""observed_at"": ""2026-07-22T00:00:00+00:00"", ""src_confidence"": 0.9505581259727478, ""category_source"": ""fast_food_restaurant"", ""source_record_id"": ""64c4db83-a5df-4c90-aa0d-fa173cea2320""}}","'burger':1,3 'citi':6 'jersey':5 'king':2,4",2026-08-11 21:11:13+00,chain_sites,93,open,99,80,100,"{""chain_confirmed:Penske Truck Rental""}"
biz_2360b0cce31e08ff,NY SOHO COFFEE,cafe,,40.7204475402832,-74.00116729736328,POINT(-74.00116729736328 40.7204475402832),447 Broadway,New York,NY,10013,,+19177212266,http://clearhorizoncoffee.com/,{overture},,businesses_conflate,1100,2026-07-22 18:44:37.477175+00,2026-07-22 00:00:00+00,73,65,100,75,50,{},"{""overture"": {""lat"": 40.7204475402832, ""lon"": -74.00116729736328, ""zip"": ""10013"", ""city"": ""New York"", ""name"": ""NY SOHO COFFEE"", ""brand"": null, ""phone"": ""+19177212266"", ""state"": ""NY"", ""address"": ""447 Broadway"", ""release"": ""2026-07-22.0"", ""website"": ""http://clearhorizoncoffee.com/"", ""category"": ""cafe"", ""state_raw"": ""NY"", ""observed_at"": ""2026-07-22T00:00:00+00:00"", ""src_confidence"": 0.3339877724647522, ""category_source"": ""coffee_shop"", ""source_record_id"": ""7711b1fa-cd1d-4c9f-aa98-9a1551a878b1""}}",'coffe':3 'new':4 'ny':1 'soho':2 'york':5,2026-07-22 00:00:00+00,overture,62,likely_open,95,50,0,{}
biz_236de34c88154862,Sunshine Hotel,hotel,,40.722537994384766,-73.99295043945312,POINT(-73.99295043945312 40.722537994384766),241 Bowery,New York,NY,10002-1218,,+12126743445,http://www.sunshine-hotel.com,{overture},,businesses_conflate,1100,2026-07-22 18:44:37.477175+00,2026-07-22 00:00:00+00,73,65,100,75,50,{},"{""overture"": {""lat"": 40.722537994384766, ""lon"": -73.99295043945312, ""zip"": ""10002-1218"", ""city"": ""New York"", ""name"": ""Sunshine Hotel"", ""brand"": null, ""phone"": ""+12126743445"", ""state"": ""NY"", ""address"": ""241 Bowery"", ""release"": ""2026-07-22.0"", ""website"": ""http://www.sunshine-hotel.com"", ""category"": ""hotel"", ""state_raw"": ""NY"", ""observed_at"": ""2026-07-22T00:00:00+00:00"", ""src_confidence"": 0.5212239623069763, ""category_source"": ""hotel"", ""source_record_id"": ""5cc9df69-9605-4cf3-aa7d-d75cedaa8276""}}",'hotel':2 'new':3 'sunshin':1 'york':4,2026-07-22 00:00:00+00,overture,62,likely_open,95,50,0,{}
biz_237af6820b58975f,"Ru Xin Grocery Store, Inc",grocery,,40.71394729614258,-73.99375915527344,POINT(-73.99375915527344 40.71394729614258),88 E Broadway # 131,New York,NY,10002-6017,,,,{overture},,businesses_conflate,1100,2026-07-22 18:44:37.477175+00,2026-07-22 00:00:00+00,68,65,100,50,50,{},"{""overture"": {""lat"": 40.71394729614258, ""lon"": -73.99375915527344, ""zip"": ""10002-6017"", ""city"": ""New York"", ""name"": ""Ru Xin Grocery Store, Inc"", ""brand"": null, ""phone"": null, ""state"": ""NY"", ""address"": ""88 E Broadway # 131"", ""release"": ""2026-07-22.0"", ""website"": null, ""category"": ""grocery"", ""state_raw"": ""NY"", ""observed_at"": ""2026-07-22T00:00:00+00:00"", ""src_confidence"": 0.95, ""category_source"": ""grocery_store"", ""source_record_id"": ""c442d0b4-edfe-4332-a620-2a0147294a41""}}",'groceri':3 'inc':5 'new':6 'ru':1 'store':4 'xin':2 'york':7,2026-07-22 00:00:00+00,overture,62,likely_open,95,50,0,{}
biz_23a421315618c5f0,The One Cleaners,laundry,,40.721675872802734,-74.0379409790039,POINT(-74.0379409790039 40.721675872802734),110 1st St,Jersey City,NJ,07302,,(201) 885-2868,http://theonecleaners.com,{overture},,businesses_conflate,1100,2026-07-22 18:44:37.477175+00,2026-07-22 00:00:00+00,73,65,100,75,50,{},"{""overture"": {""lat"": 40.721675872802734, ""lon"": -74.0379409790039, ""zip"": ""07302"", ""city"": ""Jersey City"", ""name"": ""The One Cleaners"", ""brand"": null, ""phone"": ""(201) 885-2868"", ""state"": ""NJ"", ""address"": ""110 1st St"", ""release"": ""2026-07-22.0"", ""website"": ""http://theonecleaners.com"", ""category"": ""laundry"", ""state_raw"": ""NJ"", ""observed_at"": ""2026-07-22T00:00:00+00:00"", ""src_confidence"": 0.9902192950248718, ""category_source"": ""laundry_services"", ""source_record_id"": ""fe95b071-e51a-41ea-829e-8fb4d812cb57""}}",'citi':5 'cleaner':3 'jersey':4 'one':2,2026-07-22 00:00:00+00,overture,62,likely_open,95,50,0,{}
biz_23a5eb18014834a3,Culinary Concepts Hospitality Group,restaurant,,40.72406005859375,-73.99651336669922,POINT(-73.99651336669922 40.72406005859375),270 Lafayette St Ste 1406,New York,NY,10012,,(212) 226-5726,http://www.culinaryconcepts.com,{overture},,businesses_conflate,1100,2026-07-22 18:44:37.477175+00,2026-07-22 00:00:00+00,73,65,100,75,50,{},"{""overture"": {""lat"": 40.72406005859375, ""lon"": -73.99651336669922, ""zip"": ""10012"", ""city"": ""New York"", ""name"": ""Culinary Concepts Hospitality Group"", ""brand"": null, ""phone"": ""(212) 226-5726"", ""state"": ""NY"", ""address"": ""270 Lafayette St Ste 1406"", ""release"": ""2026-07-22.0"", ""website"": ""http://www.culinaryconcepts.com"", ""category"": ""restaurant"", ""state_raw"": ""NY"", ""observed_at"": ""2026-07-22T00:00:00+00:00"", ""src_confidence"": 0.9199122190475464, ""category_source"": ""restaurant"", ""source_record_id"": ""7a1cb6ca-f864-41ab-99e0-3a7f5de0a45f""}}",'concept':2 'culinari':1 'group':4 'hospit':3 'new':5 'york':6,2026-07-22 00:00:00+00,overture,62,likely_open,95,50,0,{}
biz_23b432974de096ff,Cora,restaurant,Cora,40.731266021728516,-74.00199127197266,POINT(-74.00199127197266 40.731266021728516),20 Cornelia St,New York,NY,10014-5608,,+12124637710,http://cora.nyc/,{overture},,businesses_conflate,1100,2026-07-22 18:44:37.477175+00,2026-07-22 00:00:00+00,78,65,100,100,50,{},"{""overture"": {""lat"": 40.731266021728516, ""lon"": -74.00199127197266, ""zip"": ""10014-5608"", ""city"": ""New York"", ""name"": ""Cora"", ""brand"": ""Cora"", ""phone"": ""+12124637710"", ""state"": ""NY"", ""address"": ""20 Cornelia St"", ""release"": ""2026-07-22.0"", ""website"": ""http://cora.nyc/"", ""category"": ""restaurant"", ""state_raw"": ""NY"", ""observed_at"": ""2026-07-22T00:00:00+00:00"", ""src_confidence"": 0.9859730005264282, ""category_source"": ""restaurant"", ""source_record_id"": ""9d137c27-919b-4afd-a78c-0cd4cf46c0f3""}}","'cora':1,2 'new':3 'york':4",2026-07-22 00:00:00+00,overture,62,likely_open,95,50,0,{}
biz_23b74fe66e3237dc,Sabrett Hot Dog Cart,fast_food,,40.736045837402344,-73.99401092529297,POINT(-73.99401092529297 40.736045837402344),80 5th Ave,New York,NY,10011-7611,,+12122444093,http://kfbk.iheart.com,{overture},,businesses_conflate,1100,2026-07-22 18:44:37.477175+00,2026-07-22 00:00:00+00,73,65,100,75,50,{},"{""overture"": {""lat"": 40.736045837402344, ""lon"": -73.99401092529297, ""zip"": ""10011-7611"", ""city"": ""New York"", ""name"": ""Sabrett Hot Dog Cart"", ""brand"": null, ""phone"": ""+12122444093"", ""state"": ""NY"", ""address"": ""80 5th Ave"", ""release"": ""2026-07-22.0"", ""website"": ""http://kfbk.iheart.com"", ""category"": ""fast_food"", ""state_raw"": ""NY"", ""observed_at"": ""2026-07-22T00:00:00+00:00"", ""src_confidence"": 0.9722161889076233, ""category_source"": ""fast_food_restaurant"", ""source_record_id"": ""0ad85ced-7de8-4b73-a502-f21a7b295ce6""}}",'cart':4 'dog':3 'hot':2 'new':5 'sabrett':1 'york':6,2026-07-22 00:00:00+00,overture,62,likely_open,95,50,0,{}
biz_23c74033caaa3b2c,Bodega D Sabor,grocery,,40.72185516357422,-74.00251007080078,POINT(-74.00251007080078 40.72185516357422),80 Grand St # 08,New York,NY,10013-2220,,+19177451805,https://bodega-d-sabor.square.site,{overture},,businesses_conflate,1100,2026-07-22 18:44:37.477175+00,2026-07-22 00:00:00+00,73,65,100,75,50,{},"{""overture"": {""lat"": 40.72185516357422, ""lon"": -74.00251007080078, ""zip"": ""10013-2220"", ""city"": ""New York"", ""name"": ""Bodega D Sabor"", ""brand"": null, ""phone"": ""+19177451805"", ""state"": ""NY"", ""address"": ""80 Grand St # 08"", ""release"": ""2026-07-22.0"", ""website"": ""https://bodega-d-sabor.square.site"", ""category"": ""grocery"", ""state_raw"": ""NY"", ""observed_at"": ""2026-07-22T00:00:00+00:00"", ""src_confidence"": 0.25, ""category_source"": ""grocery_store"", ""source_record_id"": ""83f153b5-c3ad-47d2-a27f-b86e01e5cbc4""}}",'bodega':1 'd':2 'new':4 'sabor':3 'york':5,2026-07-22 00:00:00+00,overture,62,likely_open,95,50,0,{}
biz_23f8779352bc9297,Hotel NY,hotel,,40.703887939453125,-74.01228332519531,POINT(-74.01228332519531 40.703887939453125),8 Stone St,New York,NY,10004-2202,,,,{overture},,businesses_conflate,1100,2026-07-22 18:44:37.477175+00,2026-07-22 00:00:00+00,68,65,100,50,50,{},"{""overture"": {""lat"": 40.703887939453125, ""lon"": -74.01228332519531, ""zip"": ""10004-2202"", ""city"": ""New York"", ""name"": ""Hotel NY"", ""brand"": null, ""phone"": null, ""state"": ""NY"", ""address"": ""8 Stone St"", ""release"": ""2026-07-22.0"", ""website"": null, ""category"": ""hotel"", ""state_raw"": ""NY"", ""observed_at"": ""2026-07-22T00:00:00+00:00"", ""src_confidence"": 0.4060570001602173, ""category_source"": ""hotel"", ""source_record_id"": ""09e400a9-b490-4384-a872-5f147bea5af0""}}",'hotel':1 'new':3 'ny':2 'york':4,2026-07-22 00:00:00+00,overture,62,likely_open,95,50,0,{}
biz_240596be69d4acc5,Kore Coffee,cafe,,40.71620559692383,-73.99713134765625,POINT(-73.99713134765625 40.71620559692383),26 Elizabeth St,New York,NY,10013-4830,,+19292571255,http://korecoffee.nyc/,{overture},,businesses_conflate,1100,2026-07-22 18:44:37.477175+00,2026-07-22 00:00:00+00,73,65,100,75,50,{},"{""overture"": {""lat"": 40.71620559692383, ""lon"": -73.99713134765625, ""zip"": ""10013-4830"", ""city"": ""New York"", ""name"": ""Kore Coffee"", ""brand"": null, ""phone"": ""+19292571255"", ""state"": ""NY"", ""address"": ""26 Elizabeth St"", ""release"": ""2026-07-22.0"", ""website"": ""http://korecoffee.nyc/"", ""category"": ""cafe"", ""state_raw"": ""NY"", ""observed_at"": ""2026-07-22T00:00:00+00:00"", ""src_confidence"": 0.9902192950248718, ""category_source"": ""coffee_shop"", ""source_record_id"": ""b3715c97-1961-40f0-8cee-7dec71915b2d""}}",'coffe':2 'kore':1 'new':3 'york':4,2026-07-22 00:00:00+00,overture,62,likely_open,95,50,0,{}
biz_241397a749803410,"MedRite Urgent Care, SoHo, NYC",medical,,40.724002838134766,-73.99344635009766,POINT(-73.99344635009766 40.724002838134766),264 Elizabeth St,New York,NY,10012,,6467743450,https://medriteurgentcare.com/soho-new-york/,{overture},,businesses_conflate,1100,2026-07-22 18:44:37.477175+00,2026-07-22 00:00:00+00,73,65,100,75,50,{},"{""overture"": {""lat"": 40.724002838134766, ""lon"": -73.99344635009766, ""zip"": ""10012"", ""city"": ""New York"", ""name"": ""MedRite Urgent Care, SoHo, NYC"", ""brand"": null, ""phone"": ""6467743450"", ""state"": ""NY"", ""address"": ""264 Elizabeth St"", ""release"": ""2026-07-22.0"", ""website"": ""https://medriteurgentcare.com/soho-new-york/"", ""category"": ""medical"", ""state_raw"": ""NY"", ""observed_at"": ""2026-07-22T00:00:00+00:00"", ""src_confidence"": 0.85, ""category_source"": ""urgent_care_clinic"", ""source_record_id"": ""68b4216a-73b2-466a-b082-25588ceb3fe9""}}",'care':3 'medrit':1 'new':6 'nyc':5 'soho':4 'urgent':2 'york':7,2026-07-22 00:00:00+00,overture,62,likely_open,95,50,0,{}
biz_24228580120c8c4f,"Temple's Secret Garden, Inc",restaurant,,40.72532272338867,-73.99494934082031,POINT(-73.99494934082031 40.72532272338867),319 Lafayette St Ste 261,New York,NY,10012-2711,,,,{overture},,businesses_conflate,1100,2026-07-22 18:44:37.477175+00,2026-07-22 00:00:00+00,68,65,100,50,50,{},"{""overture"": {""lat"": 40.72532272338867, ""lon"": -73.99494934082031, ""zip"": ""10012-2711"", ""city"": ""New York"", ""name"": ""Temple's Secret Garden, Inc"", ""brand"": null, ""phone"": null, ""state"": ""NY"", ""address"": ""319 Lafayette St Ste 261"", ""release"": ""2026-07-22.0"", ""website"": null, ""category"": ""restaurant"", ""state_raw"": ""NY"", ""observed_at"": ""2026-07-22T00:00:00+00:00"", ""src_confidence"": 0.95, ""category_source"": ""restaurant"", ""source_record_id"": ""464a4b9e-5157-4d98-b623-42a62012de6e""}}",'garden':4 'inc':5 'new':6 'secret':3 'templ':1 'york':7,2026-07-22 00:00:00+00,overture,62,likely_open,95,50,0,{}
biz_2459489e0682dc99,S&b New York Pizza Corp,restaurant,,40.70486068725586,-74.01045989990234,POINT(-74.01045989990234 40.70486068725586),2A S William St,New York,NY,10004-2406,,,,{overture},,businesses_conflate,1100,2026-07-22 18:44:37.477175+00,2026-07-22 00:00:00+00,68,65,100,50,50,{},"{""overture"": {""lat"": 40.70486068725586, ""lon"": -74.01045989990234, ""zip"": ""10004-2406"", ""city"": ""New York"", ""name"": ""S&b New York Pizza Corp"", ""brand"": null, ""phone"": null, ""state"": ""NY"", ""address"": ""2A S William St"", ""release"": ""2026-07-22.0"", ""website"": null, ""category"": ""restaurant"", ""state_raw"": ""NY"", ""observed_at"": ""2026-07-22T00:00:00+00:00"", ""src_confidence"": 0.5, ""category_source"": ""restaurant"", ""source_record_id"": ""651e2c20-0667-444a-a261-af88b27ff112""}}","'b':2 'corp':6 'new':3,7 'pizza':5 'york':4,8",2026-07-22 00:00:00+00,overture,62,likely_open,95,50,0,{}
biz_246438327c3e6abe,Philip Marie,restaurant,,40.735897064208984,-74.0062255859375,POINT(-74.0062255859375 40.735897064208984),569 Hudson St,New York,NY,10014-2118,,,https://www.philipmarie.com,{overture},,businesses_conflate,1100,2026-07-22 18:44:37.477175+00,2026-07-22 00:00:00+00,70,65,100,63,50,{},"{""overture"": {""lat"": 40.735897064208984, ""lon"": -74.0062255859375, ""zip"": ""10014-2118"", ""city"": ""New York"", ""name"": ""Philip Marie"", ""brand"": null, ""phone"": null, ""state"": ""NY"", ""address"": ""569 Hudson St"", ""release"": ""2026-07-22.0"", ""website"": ""https://www.philipmarie.com"", ""category"": ""restaurant"", ""state_raw"": ""NY"", ""observed_at"": ""2026-07-22T00:00:00+00:00"", ""src_confidence"": 0.9319459795951843, ""category_source"": ""restaurant"", ""source_record_id"": ""617d363b-c814-4b58-ac60-65af6776cdcf""}}",'mari':2 'new':3 'philip':1 'york':4,2026-07-22 00:00:00+00,overture,62,likely_open,95,50,0,{}
biz_246cccf1bc2de7f4,The Leon Hotel,hotel,,40.71603775024414,-73.9952392578125,POINT(-73.9952392578125 40.71603775024414),125 Canal St,New York,NY,10002-5049,,+12123908833,http://www.leonhotelnyc.com/,{overture},,businesses_conflate,1100,2026-07-22 18:44:37.477175+00,2026-07-22 00:00:00+00,73,65,100,75,50,{},"{""overture"": {""lat"": 40.71603775024414, ""lon"": -73.9952392578125, ""zip"": ""10002-5049"", ""city"": ""New York"", ""name"": ""The Leon Hotel"", ""brand"": null, ""phone"": ""+12123908833"", ""state"": ""NY"", ""address"": ""125 Canal St"", ""release"": ""2026-07-22.0"", ""website"": ""http://www.leonhotelnyc.com/"", ""category"": ""hotel"", ""state_raw"": ""NY"", ""observed_at"": ""2026-07-22T00:00:00+00:00"", ""src_confidence"": 0.9990760087966919, ""category_source"": ""hotel"", ""source_record_id"": ""c5a3c035-9aa2-41f7-8b29-42568709721e""}}",'hotel':3 'leon':2 'new':4 'york':5,2026-07-22 00:00:00+00,overture,62,likely_open,95,50,0,{}
biz_248531293ccd1504,Starbucks,cafe,,40.70609664916992,-74.00689697265625,POINT(-74.00689697265625 40.70609664916992),80 Pine St,New York,NY,10005,,2124803970,https://www.starbucks.com/store-locator/store/1004742/,{overture},,businesses_conflate,1100,2026-07-22 18:44:37.477175+00,2026-07-22 00:00:00+00,73,65,100,75,50,{},"{""overture"": {""lat"": 40.70609664916992, ""lon"": -74.00689697265625, ""zip"": ""10005"", ""city"": ""New York"", ""name"": ""Starbucks"", ""brand"": null, ""phone"": ""2124803970"", ""state"": ""NY"", ""address"": ""80 Pine St"", ""release"": ""2026-07-22.0"", ""website"": ""https://www.starbucks.com/store-locator/store/1004742/"", ""category"": ""cafe"", ""state_raw"": ""NY"", ""observed_at"": ""2026-07-22T00:00:00+00:00"", ""src_confidence"": 0.9655, ""category_source"": ""coffee_shop"", ""source_record_id"": ""44b06e5a-94f8-406d-8566-8a5b6acdb7b0""}}",'new':2 'starbuck':1 'york':3,2026-07-22 00:00:00+00,overture,62,likely_open,95,50,0,{}
biz_24b3441baba9ecb9,64 Greenwich Restaurant Llc,restaurant,,40.736114501953125,-74.00064086914062,POINT(-74.00064086914062 40.736114501953125),64 Greenwich Ave,New York,NY,10011-8307,,,,{overture},,businesses_conflate,1100,2026-07-22 18:44:37.477175+00,2026-07-22 00:00:00+00,68,65,100,50,50,{},"{""overture"": {""lat"": 40.736114501953125, ""lon"": -74.00064086914062, ""zip"": ""10011-8307"", ""city"": ""New York"", ""name"": ""64 Greenwich Restaurant Llc"", ""brand"": null, ""phone"": null, ""state"": ""NY"", ""address"": ""64 Greenwich Ave"", ""release"": ""2026-07-22.0"", ""website"": null, ""category"": ""restaurant"", ""state_raw"": ""NY"", ""observed_at"": ""2026-07-22T00:00:00+00:00"", ""src_confidence"": 0.95, ""category_source"": ""restaurant"", ""source_record_id"": ""953a1887-d3f1-4dba-9c0b-4b3fed8e6851""}}",'64':1 'greenwich':2 'llc':4 'new':5 'restaur':3 'york':6,2026-07-22 00:00:00+00,overture,62,likely_open,95,50,0,{}
biz_24b776d2206d6650,Capital One Bank,atm_bank,,40.727996826171875,-73.99960327148438,POINT(-73.99960327148438 40.727996826171875),154 Bleecker St,New York,NY,10012,,2123533050,http://maps.capitalone.com/locator/LocationDetail.action?id=81696&address&city&state&zip=10012&searchType=branchSearch&useRadius=-1,{overture},,businesses_conflate,1100,2026-07-22 18:44:37.477175+00,2026-07-22 00:00:00+00,73,65,100,75,50,{},"{""overture"": {""lat"": 40.727996826171875, ""lon"": -73.99960327148438, ""zip"": ""10012"", ""city"": ""New York"", ""name"": ""Capital One Bank"", ""brand"": null, ""phone"": ""2123533050"", ""state"": ""NY"", ""address"": ""154 Bleecker St"", ""release"": ""2026-07-22.0"", ""website"": ""http://maps.capitalone.com/locator/LocationDetail.action?id=81696&address&city&state&zip=10012&searchType=branchSearch&useRadius=-1"", ""category"": ""atm_bank"", ""state_raw"": ""NY"", ""observed_at"": ""2026-07-22T00:00:00+00:00"", ""src_confidence"": 0.9199122190475464, ""category_source"": ""bank_credit_union"", ""source_record_id"": ""30818360-7f60-4f7c-8c23-a52ebf0bcfa5""}}",'bank':3 'capit':1 'new':4 'one':2 'york':5,2026-07-22 00:00:00+00,overture,62,likely_open,95,50,0,{}
biz_24bcced8f9f89ac2,Kai Gallery Llc,restaurant,,40.72207260131836,-74.00213623046875,POINT(-74.00213623046875 40.72207260131836),41 Greene St Bsmt B1,New York,NY,10013-5917,,,http://www.kaigallery.com,{overture},,businesses_conflate,1100,2026-07-22 18:44:37.477175+00,2026-07-22 00:00:00+00,70,65,100,63,50,{},"{""overture"": {""lat"": 40.72207260131836, ""lon"": -74.00213623046875, ""zip"": ""10013-5917"", ""city"": ""New York"", ""name"": ""Kai Gallery Llc"", ""brand"": null, ""phone"": null, ""state"": ""NY"", ""address"": ""41 Greene St Bsmt B1"", ""release"": ""2026-07-22.0"", ""website"": ""http://www.kaigallery.com"", ""category"": ""restaurant"", ""state_raw"": ""NY"", ""observed_at"": ""2026-07-22T00:00:00+00:00"", ""src_confidence"": 0.9199122190475464, ""category_source"": ""restaurant"", ""source_record_id"": ""2e231614-4b49-4d8f-9d7d-812b2eb30f42""}}",'galleri':2 'kai':1 'llc':3 'new':4 'york':5,2026-07-22 00:00:00+00,overture,62,likely_open,95,50,0,{}
biz_24d50b37c6846d91,Black Gold Records,cafe,,40.72423553466797,-73.99759674072266,POINT(-73.99759674072266 40.72423553466797),568 Broadway,New York,NY,10012,,(347) 227-8227,http://www.blackgoldbrooklyn.com,{overture},,businesses_conflate,1100,2026-07-22 18:44:37.477175+00,2026-07-22 00:00:00+00,73,65,100,75,50,{},"{""overture"": {""lat"": 40.72423553466797, ""lon"": -73.99759674072266, ""zip"": ""10012"", ""city"": ""New York"", ""name"": ""Black Gold Records"", ""brand"": null, ""phone"": ""(347) 227-8227"", ""state"": ""NY"", ""address"": ""568 Broadway"", ""release"": ""2026-07-22.0"", ""website"": ""http://www.blackgoldbrooklyn.com"", ""category"": ""cafe"", ""state_raw"": ""NY"", ""observed_at"": ""2026-07-22T00:00:00+00:00"", ""src_confidence"": 0.9199122190475464, ""category_source"": ""coffee_shop"", ""source_record_id"": ""4d31bfaf-322d-4f64-839b-a163185573bb""}}",'black':1 'gold':2 'new':4 'record':3 'york':5,2026-07-22 00:00:00+00,overture,62,likely_open,95,50,0,{}
biz_24dc309f78dd4ad2,Paper Sons Cafe,cafe,,40.71405792236328,-73.99858856201172,POINT(-73.99858856201172 40.71405792236328),10 Mott St,New York,NY,10013,,+16469264538,http://www.papersonscafe.com/,{overture},,businesses_conflate,1100,2026-07-22 18:44:37.477175+00,2026-07-22 00:00:00+00,73,65,100,75,50,{},"{""overture"": {""lat"": 40.71405792236328, ""lon"": -73.99858856201172, ""zip"": ""10013"", ""city"": ""New York"", ""name"": ""Paper Sons Cafe"", ""brand"": null, ""phone"": ""+16469264538"", ""state"": ""NY"", ""address"": ""10 Mott St"", ""release"": ""2026-07-22.0"", ""website"": ""http://www.papersonscafe.com/"", ""category"": ""cafe"", ""state_raw"": ""NY"", ""observed_at"": ""2026-07-22T00:00:00+00:00"", ""src_confidence"": 0.9722161889076233, ""category_source"": ""coffee_shop"", ""source_record_id"": ""cd1f5f7c-64dc-43f2-a1a1-f8b408f4f1dd""}}",'cafe':3 'new':4 'paper':1 'son':2 'york':5,2026-07-22 00:00:00+00,overture,62,likely_open,95,50,0,{}
biz_24e46807e66c7792,HSBC Bank,atm_bank,,40.716182708740234,-74.00894165039062,POINT(-74.00894165039062 40.716182708740234),110 W Broadway,New York,NY,10013,,8009754722,https://www.us.hsbc.com/,{overture},,businesses_conflate,1100,2026-07-22 18:44:37.477175+00,2026-07-22 00:00:00+00,73,65,100,75,50,{},"{""overture"": {""lat"": 40.716182708740234, ""lon"": -74.00894165039062, ""zip"": ""10013"", ""city"": ""New York"", ""name"": ""HSBC Bank"", ""brand"": null, ""phone"": ""8009754722"", ""state"": ""NY"", ""address"": ""110 W Broadway"", ""release"": ""2026-07-22.0"", ""website"": ""https://www.us.hsbc.com/"", ""category"": ""atm_bank"", ""state_raw"": ""NY"", ""observed_at"": ""2026-07-22T00:00:00+00:00"", ""src_confidence"": 0.85, ""category_source"": ""bank_credit_union"", ""source_record_id"": ""fdce375a-61c5-45f8-a921-2d1fef90d1c1""}}",'bank':2 'hsbc':1 'new':3 'york':4,2026-07-22 00:00:00+00,overture,62,likely_open,95,50,0,{}
biz_25292beca9c30fdb,Meadow Lane,grocery,,40.71891784667969,-74.0101318359375,POINT(-74.0101318359375 40.71891784667969),355 Greenwich St,New York,NY,10013,,,http://meadowlane.nyc,{overture},,businesses_conflate,1100,2026-07-22 18:44:37.477175+00,2026-07-22 00:00:00+00,70,65,100,63,50,{},"{""overture"": {""lat"": 40.71891784667969, ""lon"": -74.0101318359375, ""zip"": ""10013"", ""city"": ""New York"", ""name"": ""Meadow Lane"", ""brand"": null, ""phone"": null, ""state"": ""NY"", ""address"": ""355 Greenwich St"", ""release"": ""2026-07-22.0"", ""website"": ""http://meadowlane.nyc"", ""category"": ""grocery"", ""state_raw"": ""NY"", ""observed_at"": ""2026-07-22T00:00:00+00:00"", ""src_confidence"": 0.77, ""category_source"": ""grocery_store"", ""source_record_id"": ""f0198e2e-5142-4fd5-81bb-ff5a85cd34ab""}}",'lane':2 'meadow':1 'new':3 'york':4,2026-07-22 00:00:00+00,overture,62,likely_open,95,50,0,{}
biz_254034f3c41e4ba4,HSBC Bank,atm_bank,,40.728782653808594,-74.00553131103516,POINT(-74.00553131103516 40.728782653808594),207 Varick St,New York,NY,10014,,8009754722,https://www.us.hsbc.com/,{overture},,businesses_conflate,1100,2026-07-22 18:44:37.477175+00,2026-07-22 00:00:00+00,73,65,100,75,50,{},"{""overture"": {""lat"": 40.728782653808594, ""lon"": -74.00553131103516, ""zip"": ""10014"", ""city"": ""New York"", ""name"": ""HSBC Bank"", ""brand"": null, ""phone"": ""8009754722"", ""state"": ""NY"", ""address"": ""207 Varick St"", ""release"": ""2026-07-22.0"", ""website"": ""https://www.us.hsbc.com/"", ""category"": ""atm_bank"", ""state_raw"": ""NY"", ""observed_at"": ""2026-07-22T00:00:00+00:00"", ""src_confidence"": 0.9199122190475464, ""category_source"": ""bank_credit_union"", ""source_record_id"": ""826f14d1-0e68-4cf7-af76-eb1867dbf428""}}",'bank':2 'hsbc':1 'new':3 'york':4,2026-07-22 00:00:00+00,overture,62,likely_open,95,50,0,{}
biz_254ce798c384d918,LibertyX Bitcoin ATM,atm_bank,,40.71412658691406,-73.9964599609375,POINT(-73.9964599609375 40.71412658691406),21 Division St,New York,NY,10002,,8005118940,https://libertyx.com/a/buy-bitcoin/locations/NY/new-york/21-division-st?y_source=1_MTA3MzYzNjUxOS00ODMtbG9jYXRpb24ud2Vic2l0ZQ%3D%3D,{overture},,businesses_conflate,1100,2026-07-22 18:44:37.477175+00,2026-07-22 00:00:00+00,73,65,100,75,50,{},"{""overture"": {""lat"": 40.71412658691406, ""lon"": -73.9964599609375, ""zip"": ""10002"", ""city"": ""New York"", ""name"": ""LibertyX Bitcoin ATM"", ""brand"": null, ""phone"": ""8005118940"", ""state"": ""NY"", ""address"": ""21 Division St"", ""release"": ""2026-07-22.0"", ""website"": ""https://libertyx.com/a/buy-bitcoin/locations/NY/new-york/21-division-st?y_source=1_MTA3MzYzNjUxOS00ODMtbG9jYXRpb24ud2Vic2l0ZQ%3D%3D"", ""category"": ""atm_bank"", ""state_raw"": ""NY"", ""observed_at"": ""2026-07-22T00:00:00+00:00"", ""src_confidence"": 0.85, ""category_source"": ""atms"", ""source_record_id"": ""7939cc79-2f7e-4b02-baf1-73b46a183970""}}",'atm':3 'bitcoin':2 'libertyx':1 'new':4 'york':5,2026-07-22 00:00:00+00,overture,62,likely_open,95,50,0,{}
biz_256d8f1a4190bbd8,Cafe Atelier,cafe,,40.71957778930664,-74.00846862792969,POINT(-74.00846862792969 40.71957778930664),112 Hudson St,New York,NY,10013-2374,,+16468950133,https://www.cafeateliershop.com,{overture},,businesses_conflate,1100,2026-07-22 18:44:37.477175+00,2026-07-22 00:00:00+00,73,65,100,75,50,{},"{""overture"": {""lat"": 40.71957778930664, ""lon"": -74.00846862792969, ""zip"": ""10013-2374"", ""city"": ""New York"", ""name"": ""Cafe Atelier"", ""brand"": null, ""phone"": ""+16468950133"", ""state"": ""NY"", ""address"": ""112 Hudson St"", ""release"": ""2026-07-22.0"", ""website"": ""https://www.cafeateliershop.com"", ""category"": ""cafe"", ""state_raw"": ""NY"", ""observed_at"": ""2026-07-22T00:00:00+00:00"", ""src_confidence"": 0.9902192950248718, ""category_source"": ""cafe"", ""source_record_id"": ""3a4ce94a-02ca-4711-887f-ee56ec13d313""}}",'ateli':2 'cafe':1 'new':3 'york':4,2026-07-22 00:00:00+00,overture,62,likely_open,95,50,0,{}
biz_2575c184ce792d90,Sinclair House,hotel,,40.72999954223633,-73.99201202392578,POINT(-73.99201202392578 40.72999954223633),,New York,NY,,,,,{overture},,businesses_conflate,1100,2026-07-22 18:44:37.477175+00,2026-07-22 00:00:00+00,60,65,100,13,50,{},"{""overture"": {""lat"": 40.72999954223633, ""lon"": -73.99201202392578, ""zip"": null, ""city"": ""New York"", ""name"": ""Sinclair House"", ""brand"": null, ""phone"": null, ""state"": ""NY"", ""address"": null, ""release"": ""2026-07-22.0"", ""website"": null, ""category"": ""hotel"", ""state_raw"": ""NY"", ""observed_at"": ""2026-07-22T00:00:00+00:00"", ""src_confidence"": 0.7595404982566833, ""category_source"": ""hotel"", ""source_record_id"": ""f93e883b-e9fc-42aa-894d-21f2db36fec6""}}",'hous':2 'new':3 'sinclair':1 'york':4,2026-07-22 00:00:00+00,overture,62,likely_open,95,50,0,{}
biz_25a0499b9c073c63,Gussy's Cafe,cafe,,40.72390365600586,-74.04999542236328,POINT(-74.04999542236328 40.72390365600586),292 Newark Ave,Jersey City,NJ,07302-2312,,+12012676804,https://www.gussyscafe.com/,{overture},,businesses_conflate,1100,2026-07-22 18:44:37.477175+00,2026-07-22 00:00:00+00,73,65,100,75,50,{},"{""overture"": {""lat"": 40.72390365600586, ""lon"": -74.04999542236328, ""zip"": ""07302-2312"", ""city"": ""Jersey City"", ""name"": ""Gussy's Cafe"", ""brand"": null, ""phone"": ""+12012676804"", ""state"": ""NJ"", ""address"": ""292 Newark Ave"", ""release"": ""2026-07-22.0"", ""website"": ""https://www.gussyscafe.com/"", ""category"": ""cafe"", ""state_raw"": ""NJ"", ""observed_at"": ""2026-07-22T00:00:00+00:00"", ""src_confidence"": 0.9902192950248718, ""category_source"": ""cafe"", ""source_record_id"": ""7de23dd1-86c5-4263-8085-c9c8edc48f83""}}",'cafe':3 'citi':5 'gussi':1 'jersey':4,2026-07-22 00:00:00+00,overture,62,likely_open,95,50,0,{}
biz_25ac118f0d432bce,China Buddhist Assoc,restaurant,,40.71840286254883,-74.00017547607422,POINT(-74.00017547607422 40.71840286254883),245 Canal St,New York,NY,10013-4120,,+12122268932,,{overture},,businesses_conflate,1100,2026-07-22 18:44:37.477175+00,2026-07-22 00:00:00+00,70,65,100,63,50,{},"{""overture"": {""lat"": 40.71840286254883, ""lon"": -74.00017547607422, ""zip"": ""10013-4120"", ""city"": ""New York"", ""name"": ""China Buddhist Assoc"", ""brand"": null, ""phone"": ""+12122268932"", ""state"": ""NY"", ""address"": ""245 Canal St"", ""release"": ""2026-07-22.0"", ""website"": null, ""category"": ""restaurant"", ""state_raw"": ""NY"", ""observed_at"": ""2026-07-22T00:00:00+00:00"", ""src_confidence"": 0.9481940269470215, ""category_source"": ""restaurant"", ""source_record_id"": ""e1301cbb-ae6e-4437-b0ae-5c9ca25c2e35""}}",'assoc':3 'buddhist':2 'china':1 'new':4 'york':5,2026-07-22 00:00:00+00,overture,62,likely_open,95,50,0,{}
biz_25ac8ec175009a33,55 Bond Street Llc,restaurant,,40.72572326660156,-73.99266815185547,POINT(-73.99266815185547 40.72572326660156),55 Bond St,New York,NY,10012-2405,,,,{overture},,businesses_conflate,1100,2026-07-22 18:44:37.477175+00,2026-07-22 00:00:00+00,68,65,100,50,50,{},"{""overture"": {""lat"": 40.72572326660156, ""lon"": -73.99266815185547, ""zip"": ""10012-2405"", ""city"": ""New York"", ""name"": ""55 Bond Street Llc"", ""brand"": null, ""phone"": null, ""state"": ""NY"", ""address"": ""55 Bond St"", ""release"": ""2026-07-22.0"", ""website"": null, ""category"": ""restaurant"", ""state_raw"": ""NY"", ""observed_at"": ""2026-07-22T00:00:00+00:00"", ""src_confidence"": 0.5, ""category_source"": ""restaurant"", ""source_record_id"": ""71f80cbb-fcad-4d3a-ab15-3796ccbd0ad3""}}",'55':1 'bond':2 'llc':4 'new':5 'street':3 'york':6,2026-07-22 00:00:00+00,overture,62,likely_open,95,50,0,{}
biz_25ad0f848d408a39,Deepsons Inc,grocery,,40.704307556152344,-74.01185607910156,POINT(-74.01185607910156 40.704307556152344),80 Broad St Frnt A,New York,NY,10004-2214,,,,{overture},,businesses_conflate,1100,2026-07-22 18:44:37.477175+00,2026-07-22 00:00:00+00,68,65,100,50,50,{},"{""overture"": {""lat"": 40.704307556152344, ""lon"": -74.01185607910156, ""zip"": ""10004-2214"", ""city"": ""New York"", ""name"": ""Deepsons Inc"", ""brand"": null, ""phone"": null, ""state"": ""NY"", ""address"": ""80 Broad St Frnt A"", ""release"": ""2026-07-22.0"", ""website"": null, ""category"": ""grocery"", ""state_raw"": ""NY"", ""observed_at"": ""2026-07-22T00:00:00+00:00"", ""src_confidence"": 0.95, ""category_source"": ""grocery_store"", ""source_record_id"": ""f65ef6c1-67fd-492b-ba34-73c74434a019""}}",'deepson':1 'inc':2 'new':3 'york':4,2026-07-22 00:00:00+00,overture,62,likely_open,95,50,0,{}
biz_25bb24297b4bb620,Chipotle Mexican Grill,fast_food,Chipotle Mexican Grill,40.71879196166992,-74.00222778320312,POINT(-74.00222778320312 40.71879196166992),404 Broadway,New York,NY,10013-0672,,+12122262172,https://locations.chipotle.com/ny/new-york/404-broadway?utm_source=facebook&utm_medium=yext&utm_campaign=yext_listings%3Frestaurant%3D2704,{overture},,businesses_conflate,1100,2026-07-22 18:44:37.477175+00,2026-07-22 00:00:00+00,78,65,100,100,50,{},"{""overture"": {""lat"": 40.71879196166992, ""lon"": -74.00222778320312, ""zip"": ""10013-0672"", ""city"": ""New York"", ""name"": ""Chipotle Mexican Grill"", ""brand"": ""Chipotle Mexican Grill"", ""phone"": ""+12122262172"", ""state"": ""NY"", ""address"": ""404 Broadway"", ""release"": ""2026-07-22.0"", ""website"": ""https://locations.chipotle.com/ny/new-york/404-broadway?utm_source=facebook&utm_medium=yext&utm_campaign=yext_listings%3Frestaurant%3D2704"", ""category"": ""fast_food"", ""state_raw"": ""NY"", ""observed_at"": ""2026-07-22T00:00:00+00:00"", ""src_confidence"": 0.951565682888031, ""category_source"": ""fast_food_restaurant"", ""source_record_id"": ""672b7683-f63b-4c45-8713-23d480594e28""}}","'chipotl':1,4 'grill':3,6 'mexican':2,5 'new':7 'york':8",2026-07-22 00:00:00+00,overture,62,likely_open,95,50,0,{}
biz_25bbc6e53581001a,Aroma Espresso Bar,cafe,,40.71332550048828,-74.01016998291016,POINT(-74.01016998291016 40.71332550048828),100 Church St,New York,NY,10007,,(212) 346-0095,http://aroma.us,{overture},,businesses_conflate,1100,2026-07-22 18:44:37.477175+00,2026-07-22 00:00:00+00,73,65,100,75,50,{},"{""overture"": {""lat"": 40.71332550048828, ""lon"": -74.01016998291016, ""zip"": ""10007"", ""city"": ""New York"", ""name"": ""Aroma Espresso Bar"", ""brand"": null, ""phone"": ""(212) 346-0095"", ""state"": ""NY"", ""address"": ""100 Church St"", ""release"": ""2026-07-22.0"", ""website"": ""http://aroma.us"", ""category"": ""cafe"", ""state_raw"": ""NY"", ""observed_at"": ""2026-07-22T00:00:00+00:00"", ""src_confidence"": 0.77, ""category_source"": ""cafe"", ""source_record_id"": ""1b25ef5c-21d0-4335-b537-5c458197dba7""}}",'aroma':1 'bar':3 'espresso':2 'new':4 'york':5,2026-07-22 00:00:00+00,overture,62,likely_open,95,50,0,{}
biz_25be674133f0f8a5,The Warehouse Cafe,cafe,,40.72076416015625,-74.03932189941406,POINT(-74.03932189941406 40.72076416015625),140 Bay St,Jersey City,NJ,07302-5909,,+12014208882,http://www.thewarehousejc.com,{overture},,businesses_conflate,1100,2026-07-22 18:44:37.477175+00,2026-07-22 00:00:00+00,73,65,100,75,50,{},"{""overture"": {""lat"": 40.72076416015625, ""lon"": -74.03932189941406, ""zip"": ""07302-5909"", ""city"": ""Jersey City"", ""name"": ""The Warehouse Cafe"", ""brand"": null, ""phone"": ""+12014208882"", ""state"": ""NJ"", ""address"": ""140 Bay St"", ""release"": ""2026-07-22.0"", ""website"": ""http://www.thewarehousejc.com"", ""category"": ""cafe"", ""state_raw"": ""NJ"", ""observed_at"": ""2026-07-22T00:00:00+00:00"", ""src_confidence"": 0.8489367330074311, ""category_source"": ""coffee_shop"", ""source_record_id"": ""21569409-64e4-46b0-bcc3-e2070fe241e7""}}",'cafe':3 'citi':5 'jersey':4 'warehous':2,2026-07-22 00:00:00+00,overture,62,likely_open,95,50,0,{}
biz_25d0eb95cc98d0f5,BNY Mellon Wealth Management,atm_bank,,40.707637786865234,-74.01160430908203,POINT(-74.01160430908203 40.707637786865234),1 Wall St,New York,NY,10005,,2126356311,https://www.bnymellonwealthmanagement.com/en_US/public_content/Resources/portal/locations/new-york-one-wall-street.html?WT.mc_id=bing_mapfeed,{overture},,businesses_conflate,1100,2026-07-22 18:44:37.477175+00,2026-07-22 00:00:00+00,73,65,100,75,50,{},"{""overture"": {""lat"": 40.707637786865234, ""lon"": -74.01160430908203, ""zip"": ""10005"", ""city"": ""New York"", ""name"": ""BNY Mellon Wealth Management"", ""brand"": null, ""phone"": ""2126356311"", ""state"": ""NY"", ""address"": ""1 Wall St"", ""release"": ""2026-07-22.0"", ""website"": ""https://www.bnymellonwealthmanagement.com/en_US/public_content/Resources/portal/locations/new-york-one-wall-street.html?WT.mc_id=bing_mapfeed"", ""category"": ""atm_bank"", ""state_raw"": ""NY"", ""observed_at"": ""2026-07-22T00:00:00+00:00"", ""src_confidence"": 0.9199122190475464, ""category_source"": ""bank_credit_union"", ""source_record_id"": ""3b4c5130-5b18-49e6-824e-95c4702be84a""}}",'bni':1 'manag':4 'mellon':2 'new':5 'wealth':3 'york':6,2026-07-22 00:00:00+00,overture,62,likely_open,95,50,0,{}
biz_25d6da6348342cdd,Noodle Shop,restaurant,,40.71195983886719,-73.9946060180664,POINT(-73.9946060180664 40.71195983886719),47 Market St,New York,NY,10002-7259,,,meenoodle795.com,{overture},,businesses_conflate,1100,2026-07-22 18:44:37.477175+00,2026-07-22 00:00:00+00,70,65,100,63,50,{},"{""overture"": {""lat"": 40.71195983886719, ""lon"": -73.9946060180664, ""zip"": ""10002-7259"", ""city"": ""New York"", ""name"": ""Noodle Shop"", ""brand"": null, ""phone"": null, ""state"": ""NY"", ""address"": ""47 Market St"", ""release"": ""2026-07-22.0"", ""website"": ""meenoodle795.com"", ""category"": ""restaurant"", ""state_raw"": ""NY"", ""observed_at"": ""2026-07-22T00:00:00+00:00"", ""src_confidence"": 0.95, ""category_source"": ""restaurant"", ""source_record_id"": ""4071cafa-34e3-4175-a455-cf3ce26c6533""}}",'new':3 'noodl':1 'shop':2 'york':4,2026-07-22 00:00:00+00,overture,62,likely_open,95,50,0,{}
biz_25e482c40fc294b8,Boundless Plains Espresso,cafe,,40.70798873901367,-74.01390075683594,POINT(-74.01390075683594 40.70798873901367),19 Rector St,New York,NY,10006,,(646) 370-4399,http://www.boundlessplainsnyc.com,{overture},,businesses_conflate,1100,2026-07-22 18:44:37.477175+00,2026-07-22 00:00:00+00,73,65,100,75,50,{},"{""overture"": {""lat"": 40.70798873901367, ""lon"": -74.01390075683594, ""zip"": ""10006"", ""city"": ""New York"", ""name"": ""Boundless Plains Espresso"", ""brand"": null, ""phone"": ""(646) 370-4399"", ""state"": ""NY"", ""address"": ""19 Rector St"", ""release"": ""2026-07-22.0"", ""website"": ""http://www.boundlessplainsnyc.com"", ""category"": ""cafe"", ""state_raw"": ""NY"", ""observed_at"": ""2026-07-22T00:00:00+00:00"", ""src_confidence"": 0.9199122190475464, ""category_source"": ""coffee_shop"", ""source_record_id"": ""8e508161-f5ef-415d-9e32-3c517d7c6ffe""}}",'boundless':1 'espresso':3 'new':4 'plain':2 'york':5,2026-07-22 00:00:00+00,overture,62,likely_open,95,50,0,{}
biz_260a4c4b0bc06ac3,Bank Rezerwy Federalnej w Nowym Jorku,atm_bank,,40.70857238769531,-74.00961303710938,POINT(-74.00961303710938 40.70857238769531),,New York,NY,,,,http://www.seafoodreserve.com/,{overture},,businesses_conflate,1100,2026-07-22 18:44:37.477175+00,2026-07-22 00:00:00+00,63,65,100,25,50,{},"{""overture"": {""lat"": 40.70857238769531, ""lon"": -74.00961303710938, ""zip"": null, ""city"": ""New York"", ""name"": ""Bank Rezerwy Federalnej w Nowym Jorku"", ""brand"": null, ""phone"": null, ""state"": ""NY"", ""address"": null, ""release"": ""2026-07-22.0"", ""website"": ""http://www.seafoodreserve.com/"", ""category"": ""atm_bank"", ""state_raw"": ""NY"", ""observed_at"": ""2026-07-22T00:00:00+00:00"", ""src_confidence"": 0.7938843965530396, ""category_source"": ""bank_credit_union"", ""source_record_id"": ""a2ebed26-717e-4124-b2bd-df288ad3be3f""}}",'bank':1 'federalnej':3 'jorku':6 'new':7 'nowym':5 'rezerwi':2 'w':4 'york':8,2026-07-22 00:00:00+00,overture,62,likely_open,95,50,0,{}
biz_261154e52249b9ef,Starbucks,cafe,Starbucks,40.7109260559082,-74.01528930664062,POINT(-74.01528930664062 40.7109260559082),200 Liberty St,New York,NY,10281,,+19297554010,https://www.starbucks.ca/store-locator/store/1030327/,{overture},,businesses_conflate,1100,2026-07-22 18:44:37.477175+00,2026-07-22 00:00:00+00,78,65,100,100,50,{},"{""overture"": {""lat"": 40.7109260559082, ""lon"": -74.01528930664062, ""zip"": ""10281"", ""city"": ""New York"", ""name"": ""Starbucks"", ""brand"": ""Starbucks"", ""phone"": ""+19297554010"", ""state"": ""NY"", ""address"": ""200 Liberty St"", ""release"": ""2026-07-22.0"", ""website"": ""https://www.starbucks.ca/store-locator/store/1030327/"", ""category"": ""cafe"", ""state_raw"": ""NY"", ""observed_at"": ""2026-07-22T00:00:00+00:00"", ""src_confidence"": 0.9199122190475464, ""category_source"": ""coffee_shop"", ""source_record_id"": ""a874077a-071a-48ce-abba-b40cace49068""}}","'new':3 'starbuck':1,2 'york':4",2026-07-22 00:00:00+00,overture,62,likely_open,95,50,0,{}
biz_262a1476e4c56656,LibertyX Bitcoin ATM,atm_bank,,40.73758316040039,-74.03267669677734,POINT(-74.03267669677734 40.73758316040039),98 Garden St,Hoboken,NJ,07030,,8005118940,https://libertyx.com/a/buy-bitcoin/locations/NJ/hoboken/98-garden-st?y_source=1_MjA2NDE3NTQtNDgzLWxvY2F0aW9uLndlYnNpdGU%3D,{overture},,businesses_conflate,1100,2026-07-22 18:44:37.477175+00,2026-07-22 00:00:00+00,73,65,100,75,50,{},"{""overture"": {""lat"": 40.73758316040039, ""lon"": -74.03267669677734, ""zip"": ""07030"", ""city"": ""Hoboken"", ""name"": ""LibertyX Bitcoin ATM"", ""brand"": null, ""phone"": ""8005118940"", ""state"": ""NJ"", ""address"": ""98 Garden St"", ""release"": ""2026-07-22.0"", ""website"": ""https://libertyx.com/a/buy-bitcoin/locations/NJ/hoboken/98-garden-st?y_source=1_MjA2NDE3NTQtNDgzLWxvY2F0aW9uLndlYnNpdGU%3D"", ""category"": ""atm_bank"", ""state_raw"": ""NJ"", ""observed_at"": ""2026-07-22T00:00:00+00:00"", ""src_confidence"": 0.85, ""category_source"": ""atms"", ""source_record_id"": ""46df11e7-3a3e-483f-b90d-0a75a793e769""}}",'atm':3 'bitcoin':2 'hoboken':4 'libertyx':1,2026-07-22 00:00:00+00,overture,62,likely_open,95,50,0,{}
biz_2635371a3fed6346,Five More Minutes,hotel,,40.72510528564453,-74.00492095947266,POINT(-74.00492095947266 40.72510528564453),145 Avenue Of The Americas  Ste 7a,New York,NY,10013-1548,,2129650020,http://www.thewitness-film.com,{overture},,businesses_conflate,1100,2026-07-22 18:44:37.477175+00,2026-07-22 00:00:00+00,73,65,100,75,50,{},"{""overture"": {""lat"": 40.72510528564453, ""lon"": -74.00492095947266, ""zip"": ""10013-1548"", ""city"": ""New York"", ""name"": ""Five More Minutes"", ""brand"": null, ""phone"": ""2129650020"", ""state"": ""NY"", ""address"": ""145 Avenue Of The Americas  Ste 7a"", ""release"": ""2026-07-22.0"", ""website"": ""http://www.thewitness-film.com"", ""category"": ""hotel"", ""state_raw"": ""NY"", ""observed_at"": ""2026-07-22T00:00:00+00:00"", ""src_confidence"": 0.65, ""category_source"": ""hotel"", ""source_record_id"": ""9d44cfc4-e1bd-4afb-9d45-250467fdbb02""}}",'five':1 'minut':3 'new':4 'york':5,2026-07-22 00:00:00+00,overture,62,likely_open,95,50,0,{}
biz_2655a99bde6d2098,Veg Cafe Inc,restaurant,,40.728759765625,-73.99923706054688,POINT(-73.99923706054688 40.728759765625),210 Thompson St,New York,NY,10012-4841,,,,{overture},,businesses_conflate,1100,2026-07-22 18:44:37.477175+00,2026-07-22 00:00:00+00,68,65,100,50,50,{},"{""overture"": {""lat"": 40.728759765625, ""lon"": -73.99923706054688, ""zip"": ""10012-4841"", ""city"": ""New York"", ""name"": ""Veg Cafe Inc"", ""brand"": null, ""phone"": null, ""state"": ""NY"", ""address"": ""210 Thompson St"", ""release"": ""2026-07-22.0"", ""website"": null, ""category"": ""restaurant"", ""state_raw"": ""NY"", ""observed_at"": ""2026-07-22T00:00:00+00:00"", ""src_confidence"": 0.95, ""category_source"": ""restaurant"", ""source_record_id"": ""1954cb2f-839f-49be-a3a1-05cbb3ab7bdb""}}",'cafe':2 'inc':3 'new':4 'veg':1 'york':5,2026-07-22 00:00:00+00,overture,62,likely_open,95,50,0,{}
biz_26563ec1fa43ed7a,Wellness Rx Pharmacy,pharmacy,,40.71918869018555,-73.99626159667969,POINT(-73.99626159667969 40.71918869018555),206 Grand St,New York,NY,10013-4224,,2122268873,,{overture},,businesses_conflate,1100,2026-07-22 18:44:37.477175+00,2026-07-22 00:00:00+00,70,65,100,63,50,{},"{""overture"": {""lat"": 40.71918869018555, ""lon"": -73.99626159667969, ""zip"": ""10013-4224"", ""city"": ""New York"", ""name"": ""Wellness Rx Pharmacy"", ""brand"": null, ""phone"": ""2122268873"", ""state"": ""NY"", ""address"": ""206 Grand St"", ""release"": ""2026-07-22.0"", ""website"": null, ""category"": ""pharmacy"", ""state_raw"": ""NY"", ""observed_at"": ""2026-07-22T00:00:00+00:00"", ""src_confidence"": 0.65, ""category_source"": ""pharmacy"", ""source_record_id"": ""82e4a657-96af-4544-8852-1f373bd979c8""}}",'new':4 'pharmaci':3 'rx':2 'well':1 'york':5,2026-07-22 00:00:00+00,overture,62,likely_open,95,50,0,{}
biz_265bce515cd63bb0,César,restaurant,,40.727176666259766,-74.0077133178711,POINT(-74.0077133178711 40.727176666259766),333 Hudson St,New York,NY,10013-1006,,+12122205152,https://www.cesar.restaurant/?fbclid=PAAaZebS1k2cYiifSpm-Kz8tBIP5tOz7__oBzQfoT4a688_n0Eqp0upbLVDII,{overture},,businesses_conflate,1100,2026-07-22 18:44:37.477175+00,2026-07-22 00:00:00+00,73,65,100,75,50,{},"{""overture"": {""lat"": 40.727176666259766, ""lon"": -74.0077133178711, ""zip"": ""10013-1006"", ""city"": ""New York"", ""name"": ""César"", ""brand"": null, ""phone"": ""+12122205152"", ""state"": ""NY"", ""address"": ""333 Hudson St"", ""release"": ""2026-07-22.0"", ""website"": ""https://www.cesar.restaurant/?fbclid=PAAaZebS1k2cYiifSpm-Kz8tBIP5tOz7__oBzQfoT4a688_n0Eqp0upbLVDII"", ""category"": ""restaurant"", ""state_raw"": ""NY"", ""observed_at"": ""2026-07-22T00:00:00+00:00"", ""src_confidence"": 0.9902192950248718, ""category_source"": ""restaurant"", ""source_record_id"": ""4dcc6e13-098a-491e-8737-a20e019e2632""}}",'césar':1 'new':2 'york':3,2026-07-22 00:00:00+00,overture,62,likely_open,95,50,0,{}
biz_2660f8591edf12e5,Starbucks,cafe,,40.73064041137695,-74.00260925292969,POINT(-74.00260925292969 40.73064041137695),239 Bleecker St,New York,NY,10014,,(212) 206-1092,https://www.starbucks.com/store-locator/store/1007715/,{overture},,businesses_conflate,1100,2026-07-22 18:44:37.477175+00,2026-07-22 00:00:00+00,73,65,100,75,50,{},"{""overture"": {""lat"": 40.73064041137695, ""lon"": -74.00260925292969, ""zip"": ""10014"", ""city"": ""New York"", ""name"": ""Starbucks"", ""brand"": null, ""phone"": ""(212) 206-1092"", ""state"": ""NY"", ""address"": ""239 Bleecker St"", ""release"": ""2026-07-22.0"", ""website"": ""https://www.starbucks.com/store-locator/store/1007715/"", ""category"": ""cafe"", ""state_raw"": ""NY"", ""observed_at"": ""2026-07-22T00:00:00+00:00"", ""src_confidence"": 0.77, ""category_source"": ""coffee_shop"", ""source_record_id"": ""92729880-cacc-4548-8fc9-b3077011fb07""}}",'new':2 'starbuck':1 'york':3,2026-07-22 00:00:00+00,overture,62,likely_open,95,50,0,{}
biz_26636bc10dbeffc3,Grand Win Supermarket Inc,grocery,,40.719581604003906,-73.99595642089844,POINT(-73.99595642089844 40.719581604003906),162 Mott St,New York,NY,10013-5425,,12129650692,,{overture},,businesses_conflate,1100,2026-07-22 18:44:37.477175+00,2026-07-22 00:00:00+00,70,65,100,63,50,{},"{""overture"": {""lat"": 40.719581604003906, ""lon"": -73.99595642089844, ""zip"": ""10013-5425"", ""city"": ""New York"", ""name"": ""Grand Win Supermarket Inc"", ""brand"": null, ""phone"": ""12129650692"", ""state"": ""NY"", ""address"": ""162 Mott St"", ""release"": ""2026-07-22.0"", ""website"": null, ""category"": ""grocery"", ""state_raw"": ""NY"", ""observed_at"": ""2026-07-22T00:00:00+00:00"", ""src_confidence"": 0.9199122190475464, ""category_source"": ""grocery_store"", ""source_record_id"": ""c3d4154a-a42f-4530-a47e-18d08e597aee""}}",'grand':1 'inc':4 'new':5 'supermarket':3 'win':2 'york':6,2026-07-22 00:00:00+00,overture,62,likely_open,95,50,0,{}
biz_26901037a0d1c8a3,La Colombe Coffee Workshop,cafe,La Colombe,40.725826263427734,-74.0011978149414,POINT(-74.0011978149414 40.725826263427734),154 Prince St,New York,NY,10012-3108,,+16466907340,http://www.lacolombe.com,{overture},,businesses_conflate,1100,2026-07-22 18:44:37.477175+00,2026-07-22 00:00:00+00,78,65,100,100,50,{},"{""overture"": {""lat"": 40.725826263427734, ""lon"": -74.0011978149414, ""zip"": ""10012-3108"", ""city"": ""New York"", ""name"": ""La Colombe Coffee Workshop"", ""brand"": ""La Colombe"", ""phone"": ""+16466907340"", ""state"": ""NY"", ""address"": ""154 Prince St"", ""release"": ""2026-07-22.0"", ""website"": ""http://www.lacolombe.com"", ""category"": ""cafe"", ""state_raw"": ""NY"", ""observed_at"": ""2026-07-22T00:00:00+00:00"", ""src_confidence"": 0.9891700148582458, ""category_source"": ""coffee_shop"", ""source_record_id"": ""0ec9e6f3-39dc-4ee5-b17c-3413f083f4af""}}","'coffe':3 'colomb':2,6 'la':1,5 'new':7 'workshop':4 'york':8",2026-07-22 00:00:00+00,overture,62,likely_open,95,50,0,{}
biz_269e4351d35718f0,Tribeca Cleaners,laundry,,40.715545654296875,-74.00812530517578,POINT(-74.00812530517578 40.715545654296875),95 Reade St,New York,NY,10013,,(212) 385-9090,http://tribecacleanersnyc.com,{overture},,businesses_conflate,1100,2026-07-22 18:44:37.477175+00,2026-07-22 00:00:00+00,73,65,100,75,50,{},"{""overture"": {""lat"": 40.715545654296875, ""lon"": -74.00812530517578, ""zip"": ""10013"", ""city"": ""New York"", ""name"": ""Tribeca Cleaners"", ""brand"": null, ""phone"": ""(212) 385-9090"", ""state"": ""NY"", ""address"": ""95 Reade St"", ""release"": ""2026-07-22.0"", ""website"": ""http://tribecacleanersnyc.com"", ""category"": ""laundry"", ""state_raw"": ""NY"", ""observed_at"": ""2026-07-22T00:00:00+00:00"", ""src_confidence"": 0.9199122190475464, ""category_source"": ""laundry_services"", ""source_record_id"": ""5861ee33-219e-4536-9aa7-35e5ebc2e136""}}",'cleaner':2 'new':3 'tribeca':1 'york':4,2026-07-22 00:00:00+00,overture,62,likely_open,95,50,0,{}
biz_26d38826e8047d5b,Dame,restaurant,,40.72889709472656,-74.00150299072266,POINT(-74.00150299072266 40.72889709472656),85 MacDougal St,New York,NY,10012-2504,,+19293677370,http://damenewyork.com/,{overture},,businesses_conflate,1100,2026-07-22 18:44:37.477175+00,2026-07-22 00:00:00+00,73,65,100,75,50,{},"{""overture"": {""lat"": 40.72889709472656, ""lon"": -74.00150299072266, ""zip"": ""10012-2504"", ""city"": ""New York"", ""name"": ""Dame"", ""brand"": null, ""phone"": ""+19293677370"", ""state"": ""NY"", ""address"": ""85 MacDougal St"", ""release"": ""2026-07-22.0"", ""website"": ""http://damenewyork.com/"", ""category"": ""restaurant"", ""state_raw"": ""NY"", ""observed_at"": ""2026-07-22T00:00:00+00:00"", ""src_confidence"": 0.999891400873661, ""category_source"": ""restaurant"", ""source_record_id"": ""c4200236-0dbd-4078-855f-ef9c6b6bfcfa""}}",'dame':1 'new':2 'york':3,2026-07-22 00:00:00+00,overture,62,likely_open,95,50,0,{}
biz_26e67f975ea73212,Panera Bread,cafe,,40.71867752075195,-74.03622436523438,POINT(-74.03622436523438 40.71867752075195),310 Washington St,Hoboken,NJ,07030-4842,,12018763233,http://www.panerabread.com,{overture},,businesses_conflate,1100,2026-07-22 18:44:37.477175+00,2026-07-22 00:00:00+00,73,65,100,75,50,{},"{""overture"": {""lat"": 40.71867752075195, ""lon"": -74.03622436523438, ""zip"": ""07030-4842"", ""city"": ""Hoboken"", ""name"": ""Panera Bread"", ""brand"": null, ""phone"": ""12018763233"", ""state"": ""NJ"", ""address"": ""310 Washington St"", ""release"": ""2026-07-22.0"", ""website"": ""http://www.panerabread.com"", ""category"": ""cafe"", ""state_raw"": ""NJ"", ""observed_at"": ""2026-07-22T00:00:00+00:00"", ""src_confidence"": 0.95, ""category_source"": ""cafe"", ""source_record_id"": ""5c559a35-b4c8-475d-b3e5-314c6f6a1cc6""}}",'bread':2 'hoboken':3 'panera':1,2026-07-22 00:00:00+00,overture,62,likely_open,95,50,0,{}
biz_26e69e2e1fce54db,Five Points Pastrami,restaurant,,40.7263069152832,-73.9970474243164,POINT(-73.9970474243164 40.7263069152832),192 Mercer St,New York,NY,10012-1502,,19178622167,https://fivepointspastrami.com,{overture},,businesses_conflate,1100,2026-07-22 18:44:37.477175+00,2026-07-22 00:00:00+00,73,65,100,75,50,{},"{""overture"": {""lat"": 40.7263069152832, ""lon"": -73.9970474243164, ""zip"": ""10012-1502"", ""city"": ""New York"", ""name"": ""Five Points Pastrami"", ""brand"": null, ""phone"": ""19178622167"", ""state"": ""NY"", ""address"": ""192 Mercer St"", ""release"": ""2026-07-22.0"", ""website"": ""https://fivepointspastrami.com"", ""category"": ""restaurant"", ""state_raw"": ""NY"", ""observed_at"": ""2026-07-22T00:00:00+00:00"", ""src_confidence"": 0.9302752017974854, ""category_source"": ""restaurant"", ""source_record_id"": ""cfb1f86f-7777-49e6-a532-fab3de99238f""}}",'five':1 'new':4 'pastrami':3 'point':2 'york':5,2026-07-22 00:00:00+00,overture,62,likely_open,95,50,0,{}
biz_2701dc83d01939a2,Dunkin Donuts,cafe,Dunkin',40.701255798339844,-74.01295471191406,POINT(-74.01295471191406 40.701255798339844),4 South St,New York,NY,10004-1927,,+12127428001,https://locations.dunkindonuts.com/en/ny/new-york/4-whitehall-st/358349?utm_source=facebook&utm_medium=local&utm_campaign=localmaps&utm_content=358349&y_source=1_MTIxMTExOTctNTU5LWxvY2F0aW9uLndlYnNpdGU%3D,{overture},,businesses_conflate,1100,2026-07-22 18:44:37.477175+00,2026-07-22 00:00:00+00,78,65,100,100,50,{},"{""overture"": {""lat"": 40.701255798339844, ""lon"": -74.01295471191406, ""zip"": ""10004-1927"", ""city"": ""New York"", ""name"": ""Dunkin Donuts"", ""brand"": ""Dunkin'"", ""phone"": ""+12127428001"", ""state"": ""NY"", ""address"": ""4 South St"", ""release"": ""2026-07-22.0"", ""website"": ""https://locations.dunkindonuts.com/en/ny/new-york/4-whitehall-st/358349?utm_source=facebook&utm_medium=local&utm_campaign=localmaps&utm_content=358349&y_source=1_MTIxMTExOTctNTU5LWxvY2F0aW9uLndlYnNpdGU%3D"", ""category"": ""cafe"", ""state_raw"": ""NY"", ""observed_at"": ""2026-07-22T00:00:00+00:00"", ""src_confidence"": 0.9784365296363831, ""category_source"": ""coffee_shop"", ""source_record_id"": ""54ffc0ce-0afb-4ff0-a341-e3556f13e191""}}","'donut':2 'dunkin':1,3 'new':4 'york':5",2026-07-22 00:00:00+00,overture,62,likely_open,95,50,0,{}
biz_2736e38042cc1154,Chanta NYC,restaurant,,40.71452331542969,-74.00712585449219,POINT(-74.00712585449219 40.71452331542969),new york,New York,NY,,,+541160542525,http://www.chantaempanadas.com/,{overture},,businesses_conflate,1100,2026-07-22 18:44:37.477175+00,2026-07-22 00:00:00+00,70,65,100,63,50,{},"{""overture"": {""lat"": 40.71452331542969, ""lon"": -74.00712585449219, ""zip"": null, ""city"": ""New York"", ""name"": ""Chanta NYC"", ""brand"": null, ""phone"": ""+541160542525"", ""state"": ""NY"", ""address"": ""new york"", ""release"": ""2026-07-22.0"", ""website"": ""http://www.chantaempanadas.com/"", ""category"": ""restaurant"", ""state_raw"": ""NY"", ""observed_at"": ""2026-07-22T00:00:00+00:00"", ""src_confidence"": 0.22709901630878448, ""category_source"": ""restaurant"", ""source_record_id"": ""4930fba3-a468-485b-b862-7e42095baddb""}}",'chanta':1 'new':3 'nyc':2 'york':4,2026-07-22 00:00:00+00,overture,62,likely_open,95,50,0,{}
biz_27419170a3fc84fc,Starbucks,cafe,Starbucks,40.734375,-73.99238586425781,POINT(-73.99238586425781 40.734375),111 University Pl,New York,NY,10003-4507,,+13322081152,https://www.starbucks.ca/store-locator/store/1031094/,{overture},,businesses_conflate,1100,2026-07-22 18:44:37.477175+00,2026-07-22 00:00:00+00,78,65,100,100,50,{},"{""overture"": {""lat"": 40.734375, ""lon"": -73.99238586425781, ""zip"": ""10003-4507"", ""city"": ""New York"", ""name"": ""Starbucks"", ""brand"": ""Starbucks"", ""phone"": ""+13322081152"", ""state"": ""NY"", ""address"": ""111 University Pl"", ""release"": ""2026-07-22.0"", ""website"": ""https://www.starbucks.ca/store-locator/store/1031094/"", ""category"": ""cafe"", ""state_raw"": ""NY"", ""observed_at"": ""2026-07-22T00:00:00+00:00"", ""src_confidence"": 0.9902192950248718, ""category_source"": ""coffee_shop"", ""source_record_id"": ""def2e013-3e9c-4d31-875e-e13cae656ffb""}}","'new':3 'starbuck':1,2 'york':4",2026-07-22 00:00:00+00,overture,62,likely_open,95,50,0,{}
biz_27518c63513b1f38,Fresh & Co,restaurant,Fresh & Co.,40.729759216308594,-73.99333953857422,POINT(-73.99333953857422 40.729759216308594),729 Broadway,New York,NY,10003-6810,,+12124737374,https://www.freshandco.com/,{overture},,businesses_conflate,1100,2026-07-22 18:44:37.477175+00,2026-07-22 00:00:00+00,78,65,100,100,50,{},"{""overture"": {""lat"": 40.729759216308594, ""lon"": -73.99333953857422, ""zip"": ""10003-6810"", ""city"": ""New York"", ""name"": ""Fresh & Co"", ""brand"": ""Fresh & Co."", ""phone"": ""+12124737374"", ""state"": ""NY"", ""address"": ""729 Broadway"", ""release"": ""2026-07-22.0"", ""website"": ""https://www.freshandco.com/"", ""category"": ""restaurant"", ""state_raw"": ""NY"", ""observed_at"": ""2026-07-22T00:00:00+00:00"", ""src_confidence"": 0.9902192950248718, ""category_source"": ""restaurant"", ""source_record_id"": ""871d4394-c8ea-4324-ba7c-be7f8c693884""}}","'co':2,4 'fresh':1,3 'new':5 'york':6",2026-07-22 00:00:00+00,overture,62,likely_open,95,50,0,{}
biz_276d5fcfcb553757,Chalait,cafe,,40.73370361328125,-74.00299072265625,POINT(-74.00299072265625 40.73370361328125),224 W 4th St,New York,NY,10014,,(212) 929-0266,http://chalait.com,{overture},,businesses_conflate,1100,2026-07-22 18:44:37.477175+00,2026-07-22 00:00:00+00,73,65,100,75,50,{},"{""overture"": {""lat"": 40.73370361328125, ""lon"": -74.00299072265625, ""zip"": ""10014"", ""city"": ""New York"", ""name"": ""Chalait"", ""brand"": null, ""phone"": ""(212) 929-0266"", ""state"": ""NY"", ""address"": ""224 W 4th St"", ""release"": ""2026-07-22.0"", ""website"": ""http://chalait.com"", ""category"": ""cafe"", ""state_raw"": ""NY"", ""observed_at"": ""2026-07-22T00:00:00+00:00"", ""src_confidence"": 0.9199122190475464, ""category_source"": ""cafe"", ""source_record_id"": ""c9e0db48-f254-44bd-81e4-df4bbd696a96""}}",'chalait':1 'new':2 'york':3,2026-07-22 00:00:00+00,overture,62,likely_open,95,50,0,{}
biz_2778dfa0334a9879,"Office Valle, Llc",restaurant,,40.718570709228516,-74.00126647949219,POINT(-74.00126647949219 40.718570709228516),264 Canal St # 601w,New York,NY,10013-3529,,,,{overture},,businesses_conflate,1100,2026-07-22 18:44:37.477175+00,2026-07-22 00:00:00+00,68,65,100,50,50,{},"{""overture"": {""lat"": 40.718570709228516, ""lon"": -74.00126647949219, ""zip"": ""10013-3529"", ""city"": ""New York"", ""name"": ""Office Valle, Llc"", ""brand"": null, ""phone"": null, ""state"": ""NY"", ""address"": ""264 Canal St # 601w"", ""release"": ""2026-07-22.0"", ""website"": null, ""category"": ""restaurant"", ""state_raw"": ""NY"", ""observed_at"": ""2026-07-22T00:00:00+00:00"", ""src_confidence"": 0.95, ""category_source"": ""restaurant"", ""source_record_id"": ""f2117438-3fd9-4761-9b93-e97f8e01c3c1""}}",'llc':3 'new':4 'offic':1 'vall':2 'york':5,2026-07-22 00:00:00+00,overture,62,likely_open,95,50,0,{}
biz_279f8f5ed82f10de,Coinhub Bitcoin ATM,atm_bank,,40.723148345947266,-74.0489273071289,POINT(-74.0489273071289 40.723148345947266),262 Newark Ave,Jersey City,NJ,07302,,7027634443,https://coinhubatm.com/,{overture},,businesses_conflate,1100,2026-07-22 18:44:37.477175+00,2026-07-22 00:00:00+00,73,65,100,75,50,{},"{""overture"": {""lat"": 40.723148345947266, ""lon"": -74.0489273071289, ""zip"": ""07302"", ""city"": ""Jersey City"", ""name"": ""Coinhub Bitcoin ATM"", ""brand"": null, ""phone"": ""7027634443"", ""state"": ""NJ"", ""address"": ""262 Newark Ave"", ""release"": ""2026-07-22.0"", ""website"": ""https://coinhubatm.com/"", ""category"": ""atm_bank"", ""state_raw"": ""NJ"", ""observed_at"": ""2026-07-22T00:00:00+00:00"", ""src_confidence"": 0.97, ""category_source"": ""atms"", ""source_record_id"": ""87c06b2b-6fc1-4d72-95db-2671d125df01""}}",'atm':3 'bitcoin':2 'citi':5 'coinhub':1 'jersey':4,2026-07-22 00:00:00+00,overture,62,likely_open,95,50,0,{}
biz_27a76d3d676cf3a9,Tinto Coffee. Café & Sabor Latino,cafe,,40.840999603271484,-74.0464859008789,POINT(-74.0464859008789 40.840999603271484),84 Moonachie Rd,Moonachie,NJ,07074,,+12018706039,,{overture},,businesses_conflate,1100,2026-07-22 18:44:37.477175+00,2026-07-22 00:00:00+00,70,65,100,63,50,{},"{""overture"": {""lat"": 40.840999603271484, ""lon"": -74.0464859008789, ""zip"": ""07074"", ""city"": ""Moonachie"", ""name"": ""Tinto Coffee. Café & Sabor Latino"", ""brand"": null, ""phone"": ""+12018706039"", ""state"": ""NJ"", ""address"": ""84 Moonachie Rd"", ""release"": ""2026-07-22.0"", ""website"": null, ""category"": ""cafe"", ""state_raw"": ""NJ"", ""observed_at"": ""2026-07-22T00:00:00+00:00"", ""src_confidence"": 0.9199122190475464, ""category_source"": ""cafe"", ""source_record_id"": ""89b71304-b775-45e5-b804-886e3d02393b""}}",'café':3 'coffe':2 'latino':5 'moonachi':6 'sabor':4 'tinto':1,2026-07-22 00:00:00+00,overture,62,likely_open,95,50,0,{}
biz_27a7f631f0ceb2a9,The Osprey,restaurant,,40.70235824584961,-73.99555206298828,POINT(-73.99555206298828 40.70235824584961),60 Furman St,Brooklyn,NY,11201,,3476962505,http://www.theospreybk.com/,{overture},,businesses_conflate,1100,2026-07-22 18:44:37.477175+00,2026-07-22 00:00:00+00,73,65,100,75,50,{},"{""overture"": {""lat"": 40.70235824584961, ""lon"": -73.99555206298828, ""zip"": ""11201"", ""city"": ""Brooklyn"", ""name"": ""The Osprey"", ""brand"": null, ""phone"": ""3476962505"", ""state"": ""NY"", ""address"": ""60 Furman St"", ""release"": ""2026-07-22.0"", ""website"": ""http://www.theospreybk.com/"", ""category"": ""restaurant"", ""state_raw"": ""NY"", ""observed_at"": ""2026-07-22T00:00:00+00:00"", ""src_confidence"": 0.9902192950248718, ""category_source"": ""restaurant"", ""source_record_id"": ""88ca3eec-f75a-458a-92ee-3abac157c156""}}",'brooklyn':3 'osprey':2,2026-07-22 00:00:00+00,overture,62,likely_open,95,50,0,{}
biz_27b1cef96a2229f9,Embe Restaurant Corp,restaurant,,40.734642028808594,-73.99779510498047,POINT(-73.99779510498047 40.734642028808594),57 W 10th St,New York,NY,10011-8754,,,,{overture},,businesses_conflate,1100,2026-07-22 18:44:37.477175+00,2026-07-22 00:00:00+00,68,65,100,50,50,{},"{""overture"": {""lat"": 40.734642028808594, ""lon"": -73.99779510498047, ""zip"": ""10011-8754"", ""city"": ""New York"", ""name"": ""Embe Restaurant Corp"", ""brand"": null, ""phone"": null, ""state"": ""NY"", ""address"": ""57 W 10th St"", ""release"": ""2026-07-22.0"", ""website"": null, ""category"": ""restaurant"", ""state_raw"": ""NY"", ""observed_at"": ""2026-07-22T00:00:00+00:00"", ""src_confidence"": 0.5, ""category_source"": ""restaurant"", ""source_record_id"": ""627d39f1-1676-407f-a3b4-cabc18ce1186""}}",'corp':3 'emb':1 'new':4 'restaur':2 'york':5,2026-07-22 00:00:00+00,overture,62,likely_open,95,50,0,{}
biz_27bf766ba614127b,Himalayan Art House & Cafe Astralis,restaurant,,40.716697692871094,-74.00001525878906,POINT(-74.00001525878906 40.716697692871094),福岡県北九州市小倉北区妙見町6-3,New York,NY,802-0041,,+916005096840,https://cafeastralis.wixsite.com/astralis,{overture},,businesses_conflate,1100,2026-07-22 18:44:37.477175+00,2026-07-22 00:00:00+00,73,65,100,75,50,{},"{""overture"": {""lat"": 40.716697692871094, ""lon"": -74.00001525878906, ""zip"": ""802-0041"", ""city"": ""New York"", ""name"": ""Himalayan Art House & Cafe Astralis"", ""brand"": null, ""phone"": ""+916005096840"", ""state"": ""NY"", ""address"": ""福岡県北九州市小倉北区妙見町6-3"", ""release"": ""2026-07-22.0"", ""website"": ""https://cafeastralis.wixsite.com/astralis"", ""category"": ""restaurant"", ""state_raw"": ""NY"", ""observed_at"": ""2026-07-22T00:00:00+00:00"", ""src_confidence"": 0.9722161889076233, ""category_source"": ""restaurant"", ""source_record_id"": ""b11806ef-b090-47a0-b528-a8607939cffd""}}",'art':2 'astrali':5 'cafe':4 'himalayan':1 'hous':3 'new':6 'york':7,2026-07-22 00:00:00+00,overture,62,likely_open,95,50,0,{}
biz_27ef11522776dbbb,Trutea,restaurant,,40.73585510253906,-73.99251556396484,POINT(-73.99251556396484 40.73585510253906),7 E 14th St,New York,NY,10003-3115,,2123816193,http://www.truteo.com,{overture},,businesses_conflate,1100,2026-07-22 18:44:37.477175+00,2026-07-22 00:00:00+00,73,65,100,75,50,{},"{""overture"": {""lat"": 40.73585510253906, ""lon"": -73.99251556396484, ""zip"": ""10003-3115"", ""city"": ""New York"", ""name"": ""Trutea"", ""brand"": null, ""phone"": ""2123816193"", ""state"": ""NY"", ""address"": ""7 E 14th St"", ""release"": ""2026-07-22.0"", ""website"": ""http://www.truteo.com"", ""category"": ""restaurant"", ""state_raw"": ""NY"", ""observed_at"": ""2026-07-22T00:00:00+00:00"", ""src_confidence"": 0.9292826056480408, ""category_source"": ""restaurant"", ""source_record_id"": ""b284486f-6b64-47bf-8100-102d488f81be""}}",'new':2 'trutea':1 'york':3,2026-07-22 00:00:00+00,overture,62,likely_open,95,50,0,{}
biz_27f50f8e2c74521c,O Kafe - Hamilton Park,cafe,,40.72759246826172,-74.04351806640625,POINT(-74.04351806640625 40.72759246826172),230 Pavonia Ave,Jersey City,NJ,07302-1738,,+12014200557,https://okafe.business.site,{overture},,businesses_conflate,1100,2026-07-22 18:44:37.477175+00,2026-07-22 00:00:00+00,73,65,100,75,50,{},"{""overture"": {""lat"": 40.72759246826172, ""lon"": -74.04351806640625, ""zip"": ""07302-1738"", ""city"": ""Jersey City"", ""name"": ""O Kafe - Hamilton Park"", ""brand"": null, ""phone"": ""+12014200557"", ""state"": ""NJ"", ""address"": ""230 Pavonia Ave"", ""release"": ""2026-07-22.0"", ""website"": ""https://okafe.business.site"", ""category"": ""cafe"", ""state_raw"": ""NJ"", ""observed_at"": ""2026-07-22T00:00:00+00:00"", ""src_confidence"": 0.9902192950248718, ""category_source"": ""cafe"", ""source_record_id"": ""7bab8b89-d35b-415c-a7ed-4ae4d425883a""}}",'citi':6 'hamilton':3 'jersey':5 'kafe':2 'o':1 'park':4,2026-07-22 00:00:00+00,overture,62,likely_open,95,50,0,{}
biz_2800254f0cc4ec8d,Acme Markets Pharmacy,pharmacy,,40.73263168334961,-74.0372085571289,POINT(-74.0372085571289 40.73263168334961),125 18th St,Jersey City,NJ,07310-1242,,12014180585,local.pharmacy.acmemarkets.com,{overture},,businesses_conflate,1100,2026-07-22 18:44:37.477175+00,2026-07-22 00:00:00+00,73,65,100,75,50,{},"{""overture"": {""lat"": 40.73263168334961, ""lon"": -74.0372085571289, ""zip"": ""07310-1242"", ""city"": ""Jersey City"", ""name"": ""Acme Markets Pharmacy"", ""brand"": null, ""phone"": ""12014180585"", ""state"": ""NJ"", ""address"": ""125 18th St"", ""release"": ""2026-07-22.0"", ""website"": ""local.pharmacy.acmemarkets.com"", ""category"": ""pharmacy"", ""state_raw"": ""NJ"", ""observed_at"": ""2026-07-22T00:00:00+00:00"", ""src_confidence"": 0.9977, ""category_source"": ""pharmacy"", ""source_record_id"": ""1598aaae-9d1a-4ba9-b2ea-7dd4acc0640d""}}",'acm':1 'citi':5 'jersey':4 'market':2 'pharmaci':3,2026-07-22 00:00:00+00,overture,62,likely_open,95,50,0,{}
biz_2835b18a2e64d648,PNC Bank,atm_bank,,40.716331481933594,-74.03329467773438,POINT(-74.03329467773438 40.716331481933594),15 Exchange Pl,Jersey City,NJ,07302,,2019153280,https://www.pnc.com/MapQuest/mqlocator/MapQuestLocationDetail?key=00130071&WT.source=Bing&WT.medium=Maps&WT.loc_t=Branch&WT.loc_id=00130071,{overture},,businesses_conflate,1100,2026-07-22 18:44:37.477175+00,2026-07-22 00:00:00+00,73,65,100,75,50,{},"{""overture"": {""lat"": 40.716331481933594, ""lon"": -74.03329467773438, ""zip"": ""07302"", ""city"": ""Jersey City"", ""name"": ""PNC Bank"", ""brand"": null, ""phone"": ""2019153280"", ""state"": ""NJ"", ""address"": ""15 Exchange Pl"", ""release"": ""2026-07-22.0"", ""website"": ""https://www.pnc.com/MapQuest/mqlocator/MapQuestLocationDetail?key=00130071&WT.source=Bing&WT.medium=Maps&WT.loc_t=Branch&WT.loc_id=00130071"", ""category"": ""atm_bank"", ""state_raw"": ""NJ"", ""observed_at"": ""2026-07-22T00:00:00+00:00"", ""src_confidence"": 0.9199122190475464, ""category_source"": ""bank_credit_union"", ""source_record_id"": ""c658fd69-1ae9-4241-8312-5bc31dc4632b""}}",'bank':2 'citi':4 'jersey':3 'pnc':1,2026-07-22 00:00:00+00,overture,62,likely_open,95,50,0,{}
biz_286ae67059b3b1e6,E J's Luncheonette,restaurant,,40.73451614379883,-73.99861907958984,POINT(-73.99861907958984 40.73451614379883),432 Avenue of the Americas,New York,NY,10011,,(212) 473-5555,https://ejsluncheonette.com,{overture},,businesses_conflate,1100,2026-07-22 18:44:37.477175+00,2026-07-22 00:00:00+00,73,65,100,75,50,{},"{""overture"": {""lat"": 40.73451614379883, ""lon"": -73.99861907958984, ""zip"": ""10011"", ""city"": ""New York"", ""name"": ""E J's Luncheonette"", ""brand"": null, ""phone"": ""(212) 473-5555"", ""state"": ""NY"", ""address"": ""432 Avenue of the Americas"", ""release"": ""2026-07-22.0"", ""website"": ""https://ejsluncheonette.com"", ""category"": ""restaurant"", ""state_raw"": ""NY"", ""observed_at"": ""2026-07-22T00:00:00+00:00"", ""src_confidence"": 0.9199122190475464, ""category_source"": ""restaurant"", ""source_record_id"": ""f7581fab-16a7-4ae3-9861-6f124c7f4d45""}}",'e':1 'j':2 'luncheonett':4 'new':5 'york':6,2026-07-22 00:00:00+00,overture,62,likely_open,95,50,0,{}
biz_2874941255a4d984,MEDRITE SoHo Urgent Care,medical,,40.72392272949219,-73.9935302734375,POINT(-73.9935302734375 40.72392272949219),264 Elizabeth St,New York,NY,10012,,(646) 774-3450,https://medriteurgentcare.com/places/soho-new-york,{overture},,businesses_conflate,1100,2026-07-22 18:44:37.477175+00,2026-07-22 00:00:00+00,73,65,100,75,50,{},"{""overture"": {""lat"": 40.72392272949219, ""lon"": -73.9935302734375, ""zip"": ""10012"", ""city"": ""New York"", ""name"": ""MEDRITE SoHo Urgent Care"", ""brand"": null, ""phone"": ""(646) 774-3450"", ""state"": ""NY"", ""address"": ""264 Elizabeth St"", ""release"": ""2026-07-22.0"", ""website"": ""https://medriteurgentcare.com/places/soho-new-york"", ""category"": ""medical"", ""state_raw"": ""NY"", ""observed_at"": ""2026-07-22T00:00:00+00:00"", ""src_confidence"": 0.77, ""category_source"": ""urgent_care_clinic"", ""source_record_id"": ""004ede1a-0616-4b72-ae2d-33c97730ec1a""}}",'care':4 'medrit':1 'new':5 'soho':2 'urgent':3 'york':6,2026-07-22 00:00:00+00,overture,62,likely_open,95,50,0,{}
biz_28750cd0086b40b8,Fjerry Llc,restaurant,,40.72264862060547,-73.99873352050781,POINT(-73.99873352050781 40.72264862060547),520 Broadway Fl 9,New York,NY,10012-4436,,,,{overture},,businesses_conflate,1100,2026-07-22 18:44:37.477175+00,2026-07-22 00:00:00+00,68,65,100,50,50,{},"{""overture"": {""lat"": 40.72264862060547, ""lon"": -73.99873352050781, ""zip"": ""10012-4436"", ""city"": ""New York"", ""name"": ""Fjerry Llc"", ""brand"": null, ""phone"": null, ""state"": ""NY"", ""address"": ""520 Broadway Fl 9"", ""release"": ""2026-07-22.0"", ""website"": null, ""category"": ""restaurant"", ""state_raw"": ""NY"", ""observed_at"": ""2026-07-22T00:00:00+00:00"", ""src_confidence"": 0.95, ""category_source"": ""restaurant"", ""source_record_id"": ""042b54fc-b960-400c-a093-1701705885b5""}}",'fjerri':1 'llc':2 'new':3 'york':4,2026-07-22 00:00:00+00,overture,62,likely_open,95,50,0,{}
biz_2898580a2fc97e04,Panda Express,fast_food,Panda Express,40.705196380615234,-74.01316833496094,POINT(-74.01316833496094 40.705196380615234),26 Broadway,New York,NY,49457,,,https://www.pandaexpress.com/locations/ny/new-york/99996,{overture},,businesses_conflate,1100,2026-07-22 18:44:37.477175+00,2026-07-22 00:00:00+00,75,65,100,88,50,{},"{""overture"": {""lat"": 40.705196380615234, ""lon"": -74.01316833496094, ""zip"": ""49457"", ""city"": ""New York"", ""name"": ""Panda Express"", ""brand"": ""Panda Express"", ""phone"": null, ""state"": ""NY"", ""address"": ""26 Broadway"", ""release"": ""2026-07-22.0"", ""website"": ""https://www.pandaexpress.com/locations/ny/new-york/99996"", ""category"": ""fast_food"", ""state_raw"": ""NY"", ""observed_at"": ""2026-07-22T00:00:00+00:00"", ""src_confidence"": 0.8, ""category_source"": ""fast_food_restaurant"", ""source_record_id"": ""f01e926c-7cc3-4c9d-86ff-28ead218707e""}}","'express':2,4 'new':5 'panda':1,3 'york':6",2026-07-22 00:00:00+00,overture,62,likely_open,95,50,0,{}
biz_28d044a8c56d8055,Dr Smood,cafe,Dr Smood,40.722869873046875,-74.00125122070312,POINT(-74.00125122070312 40.722869873046875),470 Broome St,New York,NY,10013-5309,,+16467131376,http://www.drsmood.com/,{overture},,businesses_conflate,1100,2026-07-22 18:44:37.477175+00,2026-07-22 00:00:00+00,78,65,100,100,50,{},"{""overture"": {""lat"": 40.722869873046875, ""lon"": -74.00125122070312, ""zip"": ""10013-5309"", ""city"": ""New York"", ""name"": ""Dr Smood"", ""brand"": ""Dr Smood"", ""phone"": ""+16467131376"", ""state"": ""NY"", ""address"": ""470 Broome St"", ""release"": ""2026-07-22.0"", ""website"": ""http://www.drsmood.com/"", ""category"": ""cafe"", ""state_raw"": ""NY"", ""observed_at"": ""2026-07-22T00:00:00+00:00"", ""src_confidence"": 0.9499449133872986, ""category_source"": ""cafe"", ""source_record_id"": ""95f507c6-06d1-4ae8-b0ce-08a16b5c0554""}}","'dr':1,3 'new':5 'smood':2,4 'york':6",2026-07-22 00:00:00+00,overture,62,likely_open,95,50,0,{}
biz_28e0b87441d5460d,Waterstone Grill,restaurant,,40.704078674316406,-74.01040649414062,POINT(-74.01040649414062 40.704078674316406),79 Pearl St,New York,NY,10004-2602,,2129431602,https://waterstonegrill.net,{overture},,businesses_conflate,1100,2026-07-22 18:44:37.477175+00,2026-07-22 00:00:00+00,73,65,100,75,50,{},"{""overture"": {""lat"": 40.704078674316406, ""lon"": -74.01040649414062, ""zip"": ""10004-2602"", ""city"": ""New York"", ""name"": ""Waterstone Grill"", ""brand"": null, ""phone"": ""2129431602"", ""state"": ""NY"", ""address"": ""79 Pearl St"", ""release"": ""2026-07-22.0"", ""website"": ""https://waterstonegrill.net"", ""category"": ""restaurant"", ""state_raw"": ""NY"", ""observed_at"": ""2026-07-22T00:00:00+00:00"", ""src_confidence"": 0.9199122190475464, ""category_source"": ""restaurant"", ""source_record_id"": ""99975911-360c-434f-ad15-d4cad59c6567""}}",'grill':2 'new':3 'waterston':1 'york':4,2026-07-22 00:00:00+00,overture,62,likely_open,95,50,0,{}
biz_291a899c739a7a82,SUGARCANE raw bar grill,restaurant,,40.70387268066406,-73.99249267578125,POINT(-73.99249267578125 40.70387268066406),55 Water St,Brooklyn,NY,11201,,(718) 473-9555,https://www.sugarcanerawbargrill.com/location/brooklyn/,{overture},,businesses_conflate,1100,2026-07-22 18:44:37.477175+00,2026-07-22 00:00:00+00,73,65,100,75,50,{},"{""overture"": {""lat"": 40.70387268066406, ""lon"": -73.99249267578125, ""zip"": ""11201"", ""city"": ""Brooklyn"", ""name"": ""SUGARCANE raw bar grill"", ""brand"": null, ""phone"": ""(718) 473-9555"", ""state"": ""NY"", ""address"": ""55 Water St"", ""release"": ""2026-07-22.0"", ""website"": ""https://www.sugarcanerawbargrill.com/location/brooklyn/"", ""category"": ""restaurant"", ""state_raw"": ""NY"", ""observed_at"": ""2026-07-22T00:00:00+00:00"", ""src_confidence"": 0.9199122190475464, ""category_source"": ""restaurant"", ""source_record_id"": ""04738819-f350-4dd6-a778-2dde1e22c796""}}",'bar':3 'brooklyn':5 'grill':4 'raw':2 'sugarcan':1,2026-07-22 00:00:00+00,overture,62,likely_open,95,50,0,{}
biz_2952a913d47f6291,St. George Coffee,cafe,,40.732120513916016,-74.00387573242188,POINT(-74.00387573242188 40.732120513916016),74 7th Ave,New York,NY,10011,,(917) 639-3661,https://www.stgeorgecoffee.com,{overture},,businesses_conflate,1100,2026-07-22 18:44:37.477175+00,2026-07-22 00:00:00+00,73,65,100,75,50,{},"{""overture"": {""lat"": 40.732120513916016, ""lon"": -74.00387573242188, ""zip"": ""10011"", ""city"": ""New York"", ""name"": ""St. George Coffee"", ""brand"": null, ""phone"": ""(917) 639-3661"", ""state"": ""NY"", ""address"": ""74 7th Ave"", ""release"": ""2026-07-22.0"", ""website"": ""https://www.stgeorgecoffee.com"", ""category"": ""cafe"", ""state_raw"": ""NY"", ""observed_at"": ""2026-07-22T00:00:00+00:00"", ""src_confidence"": 0.9346237778663635, ""category_source"": ""coffee_shop"", ""source_record_id"": ""4a9463ee-379b-4f8d-bc40-17463ff21a37""}}",'coffe':3 'georg':2 'new':4 'st':1 'york':5,2026-07-22 00:00:00+00,overture,62,likely_open,95,50,0,{}
biz_295c8b04f754a2e7,Shri Ram Donut 10 Llc,restaurant,,40.722774505615234,-74.04004669189453,POINT(-74.04004669189453 40.722774505615234),396 Marin Blvd,Jersey City,NJ,07302-2522,,,,{overture},,businesses_conflate,1100,2026-07-22 18:44:37.477175+00,2026-07-22 00:00:00+00,68,65,100,50,50,{},"{""overture"": {""lat"": 40.722774505615234, ""lon"": -74.04004669189453, ""zip"": ""07302-2522"", ""city"": ""Jersey City"", ""name"": ""Shri Ram Donut 10 Llc"", ""brand"": null, ""phone"": null, ""state"": ""NJ"", ""address"": ""396 Marin Blvd"", ""release"": ""2026-07-22.0"", ""website"": null, ""category"": ""restaurant"", ""state_raw"": ""NJ"", ""observed_at"": ""2026-07-22T00:00:00+00:00"", ""src_confidence"": 0.95, ""category_source"": ""restaurant"", ""source_record_id"": ""facd0a59-b281-4060-84b6-89dec0b5d2b0""}}",'10':4 'citi':7 'donut':3 'jersey':6 'llc':5 'ram':2 'shri':1,2026-07-22 00:00:00+00,overture,62,likely_open,95,50,0,{}
biz_2976cda798f4821e,Gristedes,grocery,Gristedes Supermarkets #562,40.732994079589844,-74.00238037109375,POINT(-74.00238037109375 40.732994079589844),3 Sheridan Sq,New York,NY,10014-0806,,+12122293893,https://www.gristedessupermarkets.com,{overture},,businesses_conflate,1100,2026-07-22 18:44:37.477175+00,2026-07-22 00:00:00+00,78,65,100,100,50,{},"{""overture"": {""lat"": 40.732994079589844, ""lon"": -74.00238037109375, ""zip"": ""10014-0806"", ""city"": ""New York"", ""name"": ""Gristedes"", ""brand"": ""Gristedes Supermarkets #562"", ""phone"": ""+12122293893"", ""state"": ""NY"", ""address"": ""3 Sheridan Sq"", ""release"": ""2026-07-22.0"", ""website"": ""https://www.gristedessupermarkets.com"", ""category"": ""grocery"", ""state_raw"": ""NY"", ""observed_at"": ""2026-07-22T00:00:00+00:00"", ""src_confidence"": 0.9902192950248718, ""category_source"": ""supermarket"", ""source_record_id"": ""c948e07f-9bec-4e47-9b20-3e6979006e90""}}","'562':4 'gristed':1,2 'new':5 'supermarket':3 'york':6",2026-07-22 00:00:00+00,overture,62,likely_open,95,50,0,{}
biz_29931bc9c393768c,The Elk,cafe,,40.734195709228516,-74.00750732421875,POINT(-74.00750732421875 40.734195709228516),128 Charles St,New York,NY,10014-2511,,+12129334780,http://Www.theelknyc.com/,{overture},,businesses_conflate,1100,2026-07-22 18:44:37.477175+00,2026-07-22 00:00:00+00,73,65,100,75,50,{},"{""overture"": {""lat"": 40.734195709228516, ""lon"": -74.00750732421875, ""zip"": ""10014-2511"", ""city"": ""New York"", ""name"": ""The Elk"", ""brand"": null, ""phone"": ""+12129334780"", ""state"": ""NY"", ""address"": ""128 Charles St"", ""release"": ""2026-07-22.0"", ""website"": ""http://Www.theelknyc.com/"", ""category"": ""cafe"", ""state_raw"": ""NY"", ""observed_at"": ""2026-07-22T00:00:00+00:00"", ""src_confidence"": 0.9902192950248718, ""category_source"": ""coffee_shop"", ""source_record_id"": ""26d16075-ad40-4746-826c-1e1a2b053d00""}}",'elk':2 'new':3 'york':4,2026-07-22 00:00:00+00,overture,62,likely_open,95,50,0,{}
biz_29a448a585001eb1,Walgreens,pharmacy,Walgreens,40.70989990234375,-74.00879669189453,POINT(-74.00879669189453 40.70989990234375),17 John St,New York,NY,10038-4010,,+12126197181,https://www.walgreens.com/locator/walgreens-17+john+st-new+york-ny-10038/id=14400,{overture},,businesses_conflate,1100,2026-07-22 18:44:37.477175+00,2026-07-22 00:00:00+00,78,65,100,100,50,{},"{""overture"": {""lat"": 40.70989990234375, ""lon"": -74.00879669189453, ""zip"": ""10038-4010"", ""city"": ""New York"", ""name"": ""Walgreens"", ""brand"": ""Walgreens"", ""phone"": ""+12126197181"", ""state"": ""NY"", ""address"": ""17 John St"", ""release"": ""2026-07-22.0"", ""website"": ""https://www.walgreens.com/locator/walgreens-17+john+st-new+york-ny-10038/id=14400"", ""category"": ""pharmacy"", ""state_raw"": ""NY"", ""observed_at"": ""2026-07-22T00:00:00+00:00"", ""src_confidence"": 0.8648374676704407, ""category_source"": ""pharmacy"", ""source_record_id"": ""51b1ff70-b818-41c2-8d95-1ca3d834fb61""}}","'new':3 'walgreen':1,2 'york':4",2026-07-22 00:00:00+00,overture,62,likely_open,95,50,0,{}
biz_29adbec7afcef291,Caticho Inc,restaurant,,40.72616958618164,-74.00189971923828,POINT(-74.00189971923828 40.72616958618164),176 Prince St,New York,NY,10012-2905,,,https://www.ilcorallotrattoria.com,{overture},,businesses_conflate,1100,2026-07-22 18:44:37.477175+00,2026-07-22 00:00:00+00,70,65,100,63,50,{},"{""overture"": {""lat"": 40.72616958618164, ""lon"": -74.00189971923828, ""zip"": ""10012-2905"", ""city"": ""New York"", ""name"": ""Caticho Inc"", ""brand"": null, ""phone"": null, ""state"": ""NY"", ""address"": ""176 Prince St"", ""release"": ""2026-07-22.0"", ""website"": ""https://www.ilcorallotrattoria.com"", ""category"": ""restaurant"", ""state_raw"": ""NY"", ""observed_at"": ""2026-07-22T00:00:00+00:00"", ""src_confidence"": 0.95, ""category_source"": ""restaurant"", ""source_record_id"": ""36a784ec-9f11-4dc8-8ff3-11a42f1b8ef4""}}",'caticho':1 'inc':2 'new':3 'york':4,2026-07-22 00:00:00+00,overture,62,likely_open,95,50,0,{}
biz_29e14a27fee74a08,Courtyard by Marriott New York Downtown Manhattan/Financial District,hotel,Courtyard by Marriott,40.70713424682617,-74.00635528564453,POINT(-74.00635528564453 40.70713424682617),215 Pearl St,New York,NY,10038,,+16469289000,https://www.marriott.com/hotels/travel/nycmp-courtyard-new-york-manhattan-financial-district/?scid=5d6c9ba8-fdb3-45cd-90d4-fc3cbfe3681c&y_source=1_MTIyODA2NTctNTU5LWxvY2F0aW9uLndlYnNpdGU%3D,{overture},,businesses_conflate,1100,2026-07-22 18:44:37.477175+00,2026-07-22 00:00:00+00,78,65,100,100,50,{},"{""overture"": {""lat"": 40.70713424682617, ""lon"": -74.00635528564453, ""zip"": ""10038"", ""city"": ""New York"", ""name"": ""Courtyard by Marriott New York Downtown Manhattan/Financial District"", ""brand"": ""Courtyard by Marriott"", ""phone"": ""+16469289000"", ""state"": ""NY"", ""address"": ""215 Pearl St"", ""release"": ""2026-07-22.0"", ""website"": ""https://www.marriott.com/hotels/travel/nycmp-courtyard-new-york-manhattan-financial-district/?scid=5d6c9ba8-fdb3-45cd-90d4-fc3cbfe3681c&y_source=1_MTIyODA2NTctNTU5LWxvY2F0aW9uLndlYnNpdGU%3D"", ""category"": ""hotel"", ""state_raw"": ""NY"", ""observed_at"": ""2026-07-22T00:00:00+00:00"", ""src_confidence"": 0.9997628214657307, ""category_source"": ""hotel"", ""source_record_id"": ""67956c0d-f3b7-49a8-bc24-e0bfcd39c491""}}","'courtyard':1,9 'district':8 'downtown':6 'manhattan/financial':7 'marriott':3,11 'new':4,12 'york':5,13",2026-07-22 00:00:00+00,overture,62,likely_open,95,50,0,{}
biz_2a1e76dcdc5699a8,First Republic Bank,atm_bank,,40.73479080200195,-73.99840545654297,POINT(-73.99840545654297 40.73479080200195),442 6th Ave,New York,NY,10011,,2122538888,https://www.firstrepublic.com/locations/New-York/6th-Avenue,{overture},,businesses_conflate,1100,2026-07-22 18:44:37.477175+00,2026-07-22 00:00:00+00,73,65,100,75,50,{},"{""overture"": {""lat"": 40.73479080200195, ""lon"": -73.99840545654297, ""zip"": ""10011"", ""city"": ""New York"", ""name"": ""First Republic Bank"", ""brand"": null, ""phone"": ""2122538888"", ""state"": ""NY"", ""address"": ""442 6th Ave"", ""release"": ""2026-07-22.0"", ""website"": ""https://www.firstrepublic.com/locations/New-York/6th-Avenue"", ""category"": ""atm_bank"", ""state_raw"": ""NY"", ""observed_at"": ""2026-07-22T00:00:00+00:00"", ""src_confidence"": 0.9902192950248718, ""category_source"": ""bank_credit_union"", ""source_record_id"": ""70c07ef8-807b-4d69-bfb7-fcff66ebf4e5""}}",'bank':3 'first':1 'new':4 'republ':2 'york':5,2026-07-22 00:00:00+00,overture,62,likely_open,95,50,0,{}
biz_2a2edb1403d70083,TD Bank,atm_bank,TD,40.70777130126953,-74.01148986816406,POINT(-74.01148986816406 40.70777130126953),2 Wall St,New York,NY,10005-2000,,+16463444800,https://www.td.com/us/en/personal-banking/store-locator?y_source=1_MzE0NzA5OC01NTktbG9jYXRpb24ud2Vic2l0ZQ%3D%3D#/?utm_source=google-maps&utm_medium=yext&utm_campaign=always_on&utm_content=tdct_appointment,{overture},,businesses_conflate,1100,2026-07-22 18:44:37.477175+00,2026-07-22 00:00:00+00,78,65,100,100,50,{},"{""overture"": {""lat"": 40.70777130126953, ""lon"": -74.01148986816406, ""zip"": ""10005-2000"", ""city"": ""New York"", ""name"": ""TD Bank"", ""brand"": ""TD"", ""phone"": ""+16463444800"", ""state"": ""NY"", ""address"": ""2 Wall St"", ""release"": ""2026-07-22.0"", ""website"": ""https://www.td.com/us/en/personal-banking/store-locator?y_source=1_MzE0NzA5OC01NTktbG9jYXRpb24ud2Vic2l0ZQ%3D%3D#/?utm_source=google-maps&utm_medium=yext&utm_campaign=always_on&utm_content=tdct_appointment"", ""category"": ""atm_bank"", ""state_raw"": ""NY"", ""observed_at"": ""2026-07-22T00:00:00+00:00"", ""src_confidence"": 0.9902192950248718, ""category_source"": ""banks"", ""source_record_id"": ""ee3b0c0d-0667-43af-88a5-d4a365edffd8""}}","'bank':2 'new':4 'td':1,3 'york':5",2026-07-22 00:00:00+00,overture,62,likely_open,95,50,0,{}
biz_2a33a614a56f6dae,Out of the Kitchen,cafe,,40.73005294799805,-74.00687408447266,POINT(-74.00687408447266 40.73005294799805),420 Hudson St,New York,NY,10014,,(212) 242-0399,http://www.outofthekitchenonline.com/,{overture},,businesses_conflate,1100,2026-07-22 18:44:37.477175+00,2026-07-22 00:00:00+00,73,65,100,75,50,{},"{""overture"": {""lat"": 40.73005294799805, ""lon"": -74.00687408447266, ""zip"": ""10014"", ""city"": ""New York"", ""name"": ""Out of the Kitchen"", ""brand"": null, ""phone"": ""(212) 242-0399"", ""state"": ""NY"", ""address"": ""420 Hudson St"", ""release"": ""2026-07-22.0"", ""website"": ""http://www.outofthekitchenonline.com/"", ""category"": ""cafe"", ""state_raw"": ""NY"", ""observed_at"": ""2026-07-22T00:00:00+00:00"", ""src_confidence"": 0.9199122190475464, ""category_source"": ""cafe"", ""source_record_id"": ""6cc7e2d1-340e-4e69-a8da-08d055e2aed5""}}",'kitchen':4 'new':5 'york':6,2026-07-22 00:00:00+00,overture,62,likely_open,95,50,0,{}
biz_2a3c5ee06473aa31,"One if by Land, Two if by Sea",restaurant,,40.7325439453125,-74.00263214111328,POINT(-74.00263214111328 40.7325439453125),17 Barrow St,New York,NY,10014-3823,,+12122558649,http://www.oneifbyland.com/,{overture},,businesses_conflate,1100,2026-07-22 18:44:37.477175+00,2026-07-22 00:00:00+00,73,65,100,75,50,{},"{""overture"": {""lat"": 40.7325439453125, ""lon"": -74.00263214111328, ""zip"": ""10014-3823"", ""city"": ""New York"", ""name"": ""One if by Land, Two if by Sea"", ""brand"": null, ""phone"": ""+12122558649"", ""state"": ""NY"", ""address"": ""17 Barrow St"", ""release"": ""2026-07-22.0"", ""website"": ""http://www.oneifbyland.com/"", ""category"": ""restaurant"", ""state_raw"": ""NY"", ""observed_at"": ""2026-07-22T00:00:00+00:00"", ""src_confidence"": 0.9916931986808777, ""category_source"": ""restaurant"", ""source_record_id"": ""4e376aa5-6ba2-421b-a14d-46cea9ee8a51""}}",'land':4 'new':9 'one':1 'sea':8 'two':5 'york':10,2026-07-22 00:00:00+00,overture,62,likely_open,95,50,0,{}
biz_2a4138186dfb704c,Hummus Place,restaurant,,40.72965621948242,-74.00110626220703,POINT(-74.00110626220703 40.72965621948242),99 Macdougal St,New York,NY,10012-5031,,,https://www.hummusplace.com,{overture},,businesses_conflate,1100,2026-07-22 18:44:37.477175+00,2026-07-22 00:00:00+00,70,65,100,63,50,{},"{""overture"": {""lat"": 40.72965621948242, ""lon"": -74.00110626220703, ""zip"": ""10012-5031"", ""city"": ""New York"", ""name"": ""Hummus Place"", ""brand"": null, ""phone"": null, ""state"": ""NY"", ""address"": ""99 Macdougal St"", ""release"": ""2026-07-22.0"", ""website"": ""https://www.hummusplace.com"", ""category"": ""restaurant"", ""state_raw"": ""NY"", ""observed_at"": ""2026-07-22T00:00:00+00:00"", ""src_confidence"": 0.95, ""category_source"": ""restaurant"", ""source_record_id"": ""78278285-f4dc-496b-ac6c-56d39e161b36""}}",'hummus':1 'new':3 'place':2 'york':4,2026-07-22 00:00:00+00,overture,62,likely_open,95,50,0,{}
biz_2a577dadbf8345c9,Dunkin' Donuts,cafe,,40.70684051513672,-74.0069351196289,POINT(-74.0069351196289 40.70684051513672),100 Maiden Ln,New York,NY,10038,,2127851080,"",{overture},,businesses_conflate,1100,2026-07-22 18:44:37.477175+00,2026-07-22 00:00:00+00,73,65,100,75,50,{},"{""overture"": {""lat"": 40.70684051513672, ""lon"": -74.0069351196289, ""zip"": ""10038"", ""city"": ""New York"", ""name"": ""Dunkin' Donuts"", ""brand"": null, ""phone"": ""2127851080"", ""state"": ""NY"", ""address"": ""100 Maiden Ln"", ""release"": ""2026-07-22.0"", ""website"": """", ""category"": ""cafe"", ""state_raw"": ""NY"", ""observed_at"": ""2026-07-22T00:00:00+00:00"", ""src_confidence"": 0.9199122190475464, ""category_source"": ""coffee_shop"", ""source_record_id"": ""ef03fcb5-2fa7-4ffb-9e1b-990ee2bbabdf""}}",'donut':2 'dunkin':1 'new':3 'york':4,2026-07-22 00:00:00+00,overture,62,likely_open,95,50,0,{}
biz_2a6a67dc36dc757e,Hamptons,hotel,,40.7070198059082,-74.00807189941406,POINT(-74.00807189941406 40.7070198059082),25 Cedar St,New York,NY,10005-1510,,+16132857298,http://www.hamptons.com/,{overture},,businesses_conflate,1100,2026-07-22 18:44:37.477175+00,2026-07-22 00:00:00+00,73,65,100,75,50,{},"{""overture"": {""lat"": 40.7070198059082, ""lon"": -74.00807189941406, ""zip"": ""10005-1510"", ""city"": ""New York"", ""name"": ""Hamptons"", ""brand"": null, ""phone"": ""+16132857298"", ""state"": ""NY"", ""address"": ""25 Cedar St"", ""release"": ""2026-07-22.0"", ""website"": ""http://www.hamptons.com/"", ""category"": ""hotel"", ""state_raw"": ""NY"", ""observed_at"": ""2026-07-22T00:00:00+00:00"", ""src_confidence"": 0.7215504050254822, ""category_source"": ""hotel"", ""source_record_id"": ""f89a3755-d076-4b69-af1d-e4efcb6d06a5""}}",'hampton':1 'new':2 'york':3,2026-07-22 00:00:00+00,overture,62,likely_open,95,50,0,{}
biz_2a7bb2356c53f72e,The Hideaway Seaport,restaurant,,40.70804977416992,-74.00205993652344,POINT(-74.00205993652344 40.70804977416992),22 Peck Slip,New York,NY,10038-1712,,12123852222,https://thehideawayseaport.com,{overture},,businesses_conflate,1100,2026-07-22 18:44:37.477175+00,2026-07-22 00:00:00+00,73,65,100,75,50,{},"{""overture"": {""lat"": 40.70804977416992, ""lon"": -74.00205993652344, ""zip"": ""10038-1712"", ""city"": ""New York"", ""name"": ""The Hideaway Seaport"", ""brand"": null, ""phone"": ""12123852222"", ""state"": ""NY"", ""address"": ""22 Peck Slip"", ""release"": ""2026-07-22.0"", ""website"": ""https://thehideawayseaport.com"", ""category"": ""restaurant"", ""state_raw"": ""NY"", ""observed_at"": ""2026-07-22T00:00:00+00:00"", ""src_confidence"": 0.9445792436599731, ""category_source"": ""restaurant"", ""source_record_id"": ""352548e0-5c6e-4372-862e-c1f99db39cb2""}}",'hideaway':2 'new':4 'seaport':3 'york':5,2026-07-22 00:00:00+00,overture,62,likely_open,95,50,0,{}
biz_2a83c378dc5a8110,Popeyes,fast_food,Popeyes Louisiana Kitchen,40.70987319946289,-74.0066146850586,POINT(-74.0066146850586 40.70987319946289),111 Fulton St,New York,NY,10038-2711,,+19295790553,http://www.popeyes.com/,{overture},,businesses_conflate,1100,2026-07-22 18:44:37.477175+00,2026-07-22 00:00:00+00,78,65,100,100,50,{},"{""overture"": {""lat"": 40.70987319946289, ""lon"": -74.0066146850586, ""zip"": ""10038-2711"", ""city"": ""New York"", ""name"": ""Popeyes"", ""brand"": ""Popeyes Louisiana Kitchen"", ""phone"": ""+19295790553"", ""state"": ""NY"", ""address"": ""111 Fulton St"", ""release"": ""2026-07-22.0"", ""website"": ""http://www.popeyes.com/"", ""category"": ""fast_food"", ""state_raw"": ""NY"", ""observed_at"": ""2026-07-22T00:00:00+00:00"", ""src_confidence"": 0.9749269485473633, ""category_source"": ""fast_food_restaurant"", ""source_record_id"": ""5a05583e-7e61-48aa-ab3f-3a2bba70d6b1""}}","'kitchen':4 'louisiana':3 'new':5 'popey':1,2 'york':6",2026-07-22 00:00:00+00,overture,62,likely_open,95,50,0,{}
biz_2a9edc7b7ee5ad52,Alisons Pharmacy,pharmacy,,40.71445083618164,-73.99761199951172,POINT(-73.99761199951172 40.71445083618164),12 Bowery  Frnt A,New York,NY,10013-5182,,12122277065,,{overture},,businesses_conflate,1100,2026-07-22 18:44:37.477175+00,2026-07-22 00:00:00+00,70,65,100,63,50,{},"{""overture"": {""lat"": 40.71445083618164, ""lon"": -73.99761199951172, ""zip"": ""10013-5182"", ""city"": ""New York"", ""name"": ""Alisons Pharmacy"", ""brand"": null, ""phone"": ""12122277065"", ""state"": ""NY"", ""address"": ""12 Bowery  Frnt A"", ""release"": ""2026-07-22.0"", ""website"": null, ""category"": ""pharmacy"", ""state_raw"": ""NY"", ""observed_at"": ""2026-07-22T00:00:00+00:00"", ""src_confidence"": 0.95, ""category_source"": ""pharmacy"", ""source_record_id"": ""f5222308-b81b-45f9-84c1-35f26e2bb471""}}",'alison':1 'new':3 'pharmaci':2 'york':4,2026-07-22 00:00:00+00,overture,62,likely_open,95,50,0,{}
biz_2aa3aa032f9b330c,Gregorys Coffee,cafe,Gregorys Coffee,40.72829818725586,-74.0052490234375,POINT(-74.0052490234375 40.72829818725586),350 Hudson St,New York,NY,10014-4500,,+16466570803,http://www.gregoryscoffee.com/,{overture},,businesses_conflate,1100,2026-07-22 18:44:37.477175+00,2026-07-22 00:00:00+00,78,65,100,100,50,{},"{""overture"": {""lat"": 40.72829818725586, ""lon"": -74.0052490234375, ""zip"": ""10014-4500"", ""city"": ""New York"", ""name"": ""Gregorys Coffee"", ""brand"": ""Gregorys Coffee"", ""phone"": ""+16466570803"", ""state"": ""NY"", ""address"": ""350 Hudson St"", ""release"": ""2026-07-22.0"", ""website"": ""http://www.gregoryscoffee.com/"", ""category"": ""cafe"", ""state_raw"": ""NY"", ""observed_at"": ""2026-07-22T00:00:00+00:00"", ""src_confidence"": 0.9902192950248718, ""category_source"": ""coffee_shop"", ""source_record_id"": ""81c59a9a-1d31-4ace-8f17-e5aea23e969b""}}","'coffe':2,4 'gregori':1,3 'new':5 'york':6",2026-07-22 00:00:00+00,overture,62,likely_open,95,50,0,{}
biz_2ab6051f2aed1488,Starbucks,cafe,Starbucks,40.71615982055664,-74.03343200683594,POINT(-74.03343200683594 40.71615982055664),15 Exchange Pl,Jersey City,NJ,07302-3906,,+12015478375,https://www.starbucks.com/store-locator/store/90279/,{overture},,businesses_conflate,1100,2026-07-22 18:44:37.477175+00,2026-07-22 00:00:00+00,78,65,100,100,50,{},"{""overture"": {""lat"": 40.71615982055664, ""lon"": -74.03343200683594, ""zip"": ""07302-3906"", ""city"": ""Jersey City"", ""name"": ""Starbucks"", ""brand"": ""Starbucks"", ""phone"": ""+12015478375"", ""state"": ""NJ"", ""address"": ""15 Exchange Pl"", ""release"": ""2026-07-22.0"", ""website"": ""https://www.starbucks.com/store-locator/store/90279/"", ""category"": ""cafe"", ""state_raw"": ""NJ"", ""observed_at"": ""2026-07-22T00:00:00+00:00"", ""src_confidence"": 0.9993637559711933, ""category_source"": ""coffee_shop"", ""source_record_id"": ""79b3db59-1482-4ded-be19-c4ea939b2632""}}","'citi':4 'jersey':3 'starbuck':1,2",2026-07-22 00:00:00+00,overture,62,likely_open,95,50,0,{}
biz_2afa0bf8e5aac921,Wells Fargo ATM,atm_bank,,40.718544006347656,-74.04002380371094,POINT(-74.04002380371094 40.718544006347656),68 Christopher Columbus Dr,Jersey City,NJ,07302,,8008693557,https://www.wellsfargo.com/locator/bank/68__CHRISTOPHER__COLUMBUS__DR_JERSEY__CITY_NJ_07302/?utm_campaign=Local_Listings&utm_source=Others&group=ATM&loc=AD58918,{overture},,businesses_conflate,1100,2026-07-22 18:44:37.477175+00,2026-07-22 00:00:00+00,73,65,100,75,50,{},"{""overture"": {""lat"": 40.718544006347656, ""lon"": -74.04002380371094, ""zip"": ""07302"", ""city"": ""Jersey City"", ""name"": ""Wells Fargo ATM"", ""brand"": null, ""phone"": ""8008693557"", ""state"": ""NJ"", ""address"": ""68 Christopher Columbus Dr"", ""release"": ""2026-07-22.0"", ""website"": ""https://www.wellsfargo.com/locator/bank/68__CHRISTOPHER__COLUMBUS__DR_JERSEY__CITY_NJ_07302/?utm_campaign=Local_Listings&utm_source=Others&group=ATM&loc=AD58918"", ""category"": ""atm_bank"", ""state_raw"": ""NJ"", ""observed_at"": ""2026-07-22T00:00:00+00:00"", ""src_confidence"": 0.9931, ""category_source"": ""bank_credit_union"", ""source_record_id"": ""61aef3ca-ddee-43d4-af21-af52a83fcc47""}}",'atm':3 'citi':5 'fargo':2 'jersey':4 'well':1,2026-07-22 00:00:00+00,overture,62,likely_open,95,50,0,{}
biz_2b03ccf961e82d7d,Sidney Hillman Health Center,medical,The Institute for Family Health,40.736839294433594,-73.99175262451172,POINT(-73.99175262451172 40.736839294433594),16 E 16th St,New York,NY,10003-3105,,+12126330800,http://www.institute.org/newlocation,{overture},,businesses_conflate,1100,2026-07-22 18:44:37.477175+00,2026-07-22 00:00:00+00,78,65,100,100,50,{},"{""overture"": {""lat"": 40.736839294433594, ""lon"": -73.99175262451172, ""zip"": ""10003-3105"", ""city"": ""New York"", ""name"": ""Sidney Hillman Health Center"", ""brand"": ""The Institute for Family Health"", ""phone"": ""+12126330800"", ""state"": ""NY"", ""address"": ""16 E 16th St"", ""release"": ""2026-07-22.0"", ""website"": ""http://www.institute.org/newlocation"", ""category"": ""medical"", ""state_raw"": ""NY"", ""observed_at"": ""2026-07-22T00:00:00+00:00"", ""src_confidence"": 0.9199122190475464, ""category_source"": ""hospital"", ""source_record_id"": ""239ddc6e-96ca-44a3-b248-6ca0cc2171f0""}}","'center':4 'famili':8 'health':3,9 'hillman':2 'institut':6 'new':10 'sidney':1 'york':11",2026-07-22 00:00:00+00,overture,62,likely_open,95,50,0,{}
biz_2b147805e885c8d4,38 Macdougal Llc Dba Hundred Acres,restaurant,,40.72695541381836,-74.00277709960938,POINT(-74.00277709960938 40.72695541381836),38 Macdougal St,New York,NY,10012-2940,,,,{overture},,businesses_conflate,1100,2026-07-22 18:44:37.477175+00,2026-07-22 00:00:00+00,68,65,100,50,50,{},"{""overture"": {""lat"": 40.72695541381836, ""lon"": -74.00277709960938, ""zip"": ""10012-2940"", ""city"": ""New York"", ""name"": ""38 Macdougal Llc Dba Hundred Acres"", ""brand"": null, ""phone"": null, ""state"": ""NY"", ""address"": ""38 Macdougal St"", ""release"": ""2026-07-22.0"", ""website"": null, ""category"": ""restaurant"", ""state_raw"": ""NY"", ""observed_at"": ""2026-07-22T00:00:00+00:00"", ""src_confidence"": 0.9199122190475464, ""category_source"": ""restaurant"", ""source_record_id"": ""17d71539-7c2d-4e6f-ae3d-ff078a0002bf""}}",'38':1 'acr':6 'dba':4 'hundr':5 'llc':3 'macdoug':2 'new':7 'york':8,2026-07-22 00:00:00+00,overture,62,likely_open,95,50,0,{}
biz_2b1be2fd9996e0e7,Cafe Water,cafe,,40.70576858520508,-74.00727844238281,POINT(-74.00727844238281 40.70576858520508),130 Water St,New York,NY,10005-1625,,2127851320,,{overture},,businesses_conflate,1100,2026-07-22 18:44:37.477175+00,2026-07-22 00:00:00+00,70,65,100,63,50,{},"{""overture"": {""lat"": 40.70576858520508, ""lon"": -74.00727844238281, ""zip"": ""10005-1625"", ""city"": ""New York"", ""name"": ""Cafe Water"", ""brand"": null, ""phone"": ""2127851320"", ""state"": ""NY"", ""address"": ""130 Water St"", ""release"": ""2026-07-22.0"", ""website"": null, ""category"": ""cafe"", ""state_raw"": ""NY"", ""observed_at"": ""2026-07-22T00:00:00+00:00"", ""src_confidence"": 0.5328415632247925, ""category_source"": ""cafe"", ""source_record_id"": ""4377c694-6b18-4c0e-b8d7-bec0469b3fc0""}}",'cafe':1 'new':3 'water':2 'york':4,2026-07-22 00:00:00+00,overture,62,likely_open,95,50,0,{}
biz_2b1f4e44138f9eb8,Dolce Vita,restaurant,,40.719276428222656,-73.99788665771484,POINT(-73.99788665771484 40.719276428222656),181 Grand St,New York,NY,10013,,(646) 688-4110,http://www.dolcevitanyc.com,{overture},,businesses_conflate,1100,2026-07-22 18:44:37.477175+00,2026-07-22 00:00:00+00,73,65,100,75,50,{},"{""overture"": {""lat"": 40.719276428222656, ""lon"": -73.99788665771484, ""zip"": ""10013"", ""city"": ""New York"", ""name"": ""Dolce Vita"", ""brand"": null, ""phone"": ""(646) 688-4110"", ""state"": ""NY"", ""address"": ""181 Grand St"", ""release"": ""2026-07-22.0"", ""website"": ""http://www.dolcevitanyc.com"", ""category"": ""restaurant"", ""state_raw"": ""NY"", ""observed_at"": ""2026-07-22T00:00:00+00:00"", ""src_confidence"": 0.77, ""category_source"": ""restaurant"", ""source_record_id"": ""04861fcd-d23a-44a0-a532-7ced0eb55ef0""}}",'dolc':1 'new':3 'vita':2 'york':4,2026-07-22 00:00:00+00,overture,62,likely_open,95,50,0,{}
biz_2b23054b26089e3b,787 Coffee,cafe,787 Coffee Co.,40.73402404785156,-74.00407409667969,POINT(-74.00407409667969 40.73402404785156),204 W 10th St,New York,NY,10014-2920,,+16468526473,http://787coffee.com,{overture},,businesses_conflate,1100,2026-07-22 18:44:37.477175+00,2026-07-22 00:00:00+00,78,65,100,100,50,{},"{""overture"": {""lat"": 40.73402404785156, ""lon"": -74.00407409667969, ""zip"": ""10014-2920"", ""city"": ""New York"", ""name"": ""787 Coffee"", ""brand"": ""787 Coffee Co."", ""phone"": ""+16468526473"", ""state"": ""NY"", ""address"": ""204 W 10th St"", ""release"": ""2026-07-22.0"", ""website"": ""http://787coffee.com"", ""category"": ""cafe"", ""state_raw"": ""NY"", ""observed_at"": ""2026-07-22T00:00:00+00:00"", ""src_confidence"": 0.9902192950248718, ""category_source"": ""coffee_shop"", ""source_record_id"": ""8c2629a3-49c4-48cf-82a9-d83b24fee632""}}","'787':1,3 'co':5 'coffe':2,4 'new':6 'york':7",2026-07-22 00:00:00+00,overture,62,likely_open,95,50,0,{}
biz_2b24a5aad27a0f3a,Bank of America ATM,atm_bank,,40.73738479614258,-73.99638366699219,POINT(-73.99638366699219 40.73738479614258),530 6th Avenue,New York,NY,10011,,(800) 622-8731,http://www.bankofamerica.com,{overture},,businesses_conflate,1100,2026-07-22 18:44:37.477175+00,2026-07-22 00:00:00+00,73,65,100,75,50,{},"{""overture"": {""lat"": 40.73738479614258, ""lon"": -73.99638366699219, ""zip"": ""10011"", ""city"": ""New York"", ""name"": ""Bank of America ATM"", ""brand"": null, ""phone"": ""(800) 622-8731"", ""state"": ""NY"", ""address"": ""530 6th Avenue"", ""release"": ""2026-07-22.0"", ""website"": ""http://www.bankofamerica.com"", ""category"": ""atm_bank"", ""state_raw"": ""NY"", ""observed_at"": ""2026-07-22T00:00:00+00:00"", ""src_confidence"": 0.77, ""category_source"": ""atms"", ""source_record_id"": ""c1bc90bf-53fb-46aa-bd5b-6726fc03f20e""}}",'america':3 'atm':4 'bank':1 'new':5 'york':6,2026-07-22 00:00:00+00,overture,62,likely_open,95,50,0,{}
biz_2b291db6389190ce,Bar Hugo,restaurant,,40.726375579833984,-74.00875091552734,POINT(-74.00875091552734 40.726375579833984),525 Greenwich St,New York,NY,10013,,2126084848,https://www.barhugorooftop.com/,{overture},,businesses_conflate,1100,2026-07-22 18:44:37.477175+00,2026-07-22 00:00:00+00,73,65,100,75,50,{},"{""overture"": {""lat"": 40.726375579833984, ""lon"": -74.00875091552734, ""zip"": ""10013"", ""city"": ""New York"", ""name"": ""Bar Hugo"", ""brand"": null, ""phone"": ""2126084848"", ""state"": ""NY"", ""address"": ""525 Greenwich St"", ""release"": ""2026-07-22.0"", ""website"": ""https://www.barhugorooftop.com/"", ""category"": ""restaurant"", ""state_raw"": ""NY"", ""observed_at"": ""2026-07-22T00:00:00+00:00"", ""src_confidence"": 0.9902192950248718, ""category_source"": ""restaurant"", ""source_record_id"": ""7eede0fb-3bc8-4c75-a32e-93d8fdc34a41""}}",'bar':1 'hugo':2 'new':3 'york':4,2026-07-22 00:00:00+00,overture,62,likely_open,95,50,0,{}
biz_2b423068f2d8de14,Burger King,fast_food,,40.71617126464844,-74.00501251220703,POINT(-74.00501251220703 40.71617126464844),325 Broadway,New York,NY,10007-1112,,12123460954,https://burgerking.com/store-locator/store/restaurant_74992,{overture},,businesses_conflate,1100,2026-07-22 18:44:37.477175+00,2026-07-22 00:00:00+00,73,65,100,75,50,{},"{""overture"": {""lat"": 40.71617126464844, ""lon"": -74.00501251220703, ""zip"": ""10007-1112"", ""city"": ""New York"", ""name"": ""Burger King"", ""brand"": null, ""phone"": ""12123460954"", ""state"": ""NY"", ""address"": ""325 Broadway"", ""release"": ""2026-07-22.0"", ""website"": ""https://burgerking.com/store-locator/store/restaurant_74992"", ""category"": ""fast_food"", ""state_raw"": ""NY"", ""observed_at"": ""2026-07-22T00:00:00+00:00"", ""src_confidence"": 0.9199122190475464, ""category_source"": ""fast_food_restaurant"", ""source_record_id"": ""c5e2bc26-e0c6-49a8-b8d2-47bb22c02329""}}",'burger':1 'king':2 'new':3 'york':4,2026-07-22 00:00:00+00,overture,62,likely_open,95,50,0,{}
biz_2b71dc315442e26d,Mott St Pharmacy,pharmacy,,40.71403121948242,-73.99898529052734,POINT(-73.99898529052734 40.71403121948242),11 Mott St,New York,NY,10013-5020,,12127323888,,{overture},,businesses_conflate,1100,2026-07-22 18:44:37.477175+00,2026-07-22 00:00:00+00,70,65,100,63,50,{},"{""overture"": {""lat"": 40.71403121948242, ""lon"": -73.99898529052734, ""zip"": ""10013-5020"", ""city"": ""New York"", ""name"": ""Mott St Pharmacy"", ""brand"": null, ""phone"": ""12127323888"", ""state"": ""NY"", ""address"": ""11 Mott St"", ""release"": ""2026-07-22.0"", ""website"": null, ""category"": ""pharmacy"", ""state_raw"": ""NY"", ""observed_at"": ""2026-07-22T00:00:00+00:00"", ""src_confidence"": 0.75, ""category_source"": ""pharmacy"", ""source_record_id"": ""f99afbff-23bc-4276-b1c1-3b3ef776a433""}}",'mott':1 'new':4 'pharmaci':3 'st':2 'york':5,2026-07-22 00:00:00+00,overture,62,likely_open,95,50,0,{}
biz_2b74b81168440617,Flip Sigi,restaurant,,40.734046936035156,-74.00642395019531,POINT(-74.00642395019531 40.734046936035156),525 Hudson St,New York,NY,10014-2607,,,https://www.flipsigi.com,{overture},,businesses_conflate,1100,2026-07-22 18:44:37.477175+00,2026-07-22 00:00:00+00,70,65,100,63,50,{},"{""overture"": {""lat"": 40.734046936035156, ""lon"": -74.00642395019531, ""zip"": ""10014-2607"", ""city"": ""New York"", ""name"": ""Flip Sigi"", ""brand"": null, ""phone"": null, ""state"": ""NY"", ""address"": ""525 Hudson St"", ""release"": ""2026-07-22.0"", ""website"": ""https://www.flipsigi.com"", ""category"": ""restaurant"", ""state_raw"": ""NY"", ""observed_at"": ""2026-07-22T00:00:00+00:00"", ""src_confidence"": 0.9199122190475464, ""category_source"": ""restaurant"", ""source_record_id"": ""e84ab24a-03bd-435d-ad9a-bce3222ae59a""}}",'flip':1 'new':3 'sigi':2 'york':4,2026-07-22 00:00:00+00,overture,62,likely_open,95,50,0,{}
biz_2b91b932c324b8c2,Positouch Hospitality Systems,restaurant,,40.736732482910156,-74.03700256347656,POINT(-74.03700256347656 40.736732482910156),300 Observer Hwy,Hoboken,NJ,07030-8410,,,,{overture},,businesses_conflate,1100,2026-07-22 18:44:37.477175+00,2026-07-22 00:00:00+00,68,65,100,50,50,{},"{""overture"": {""lat"": 40.736732482910156, ""lon"": -74.03700256347656, ""zip"": ""07030-8410"", ""city"": ""Hoboken"", ""name"": ""Positouch Hospitality Systems"", ""brand"": null, ""phone"": null, ""state"": ""NJ"", ""address"": ""300 Observer Hwy"", ""release"": ""2026-07-22.0"", ""website"": null, ""category"": ""restaurant"", ""state_raw"": ""NJ"", ""observed_at"": ""2026-07-22T00:00:00+00:00"", ""src_confidence"": 0.95, ""category_source"": ""restaurant"", ""source_record_id"": ""460debfa-42b7-4f77-a025-0cbfeef55d64""}}",'hoboken':4 'hospit':2 'positouch':1 'system':3,2026-07-22 00:00:00+00,overture,62,likely_open,95,50,0,{}
biz_2ba8056646c3d0ed,Fsny Restaurant Associates Llc,restaurant,,40.71287155151367,-74.0091323852539,POINT(-74.0091323852539 40.71287155151367),99 Church St,New York,NY,10007-2703,,,,{overture},,businesses_conflate,1100,2026-07-22 18:44:37.477175+00,2026-07-22 00:00:00+00,68,65,100,50,50,{},"{""overture"": {""lat"": 40.71287155151367, ""lon"": -74.0091323852539, ""zip"": ""10007-2703"", ""city"": ""New York"", ""name"": ""Fsny Restaurant Associates Llc"", ""brand"": null, ""phone"": null, ""state"": ""NY"", ""address"": ""99 Church St"", ""release"": ""2026-07-22.0"", ""website"": null, ""category"": ""restaurant"", ""state_raw"": ""NY"", ""observed_at"": ""2026-07-22T00:00:00+00:00"", ""src_confidence"": 0.95, ""category_source"": ""restaurant"", ""source_record_id"": ""9a0162a6-0840-4027-92e8-e70bdf4cc88a""}}",'associ':3 'fsni':1 'llc':4 'new':5 'restaur':2 'york':6,2026-07-22 00:00:00+00,overture,62,likely_open,95,50,0,{}
biz_2bb0c69ad7093f4a,Chase ATM,atm_bank,,40.73711013793945,-74.0007553100586,POINT(-74.0007553100586 40.73711013793945),2 Penn Plz,New York,NY,10121,,8009359935,https://chase.com/locator/?jp_cmp=rb%2FLocalListings%2Faff%2Fatm%2Fna&y_source=1_MTIyOTU5MjgtNDgzLWxvY2F0aW9uLndlYnNpdGU%3D,{overture},,businesses_conflate,1100,2026-07-22 18:44:37.477175+00,2026-07-22 00:00:00+00,73,65,100,75,50,{},"{""overture"": {""lat"": 40.73711013793945, ""lon"": -74.0007553100586, ""zip"": ""10121"", ""city"": ""New York"", ""name"": ""Chase ATM"", ""brand"": null, ""phone"": ""8009359935"", ""state"": ""NY"", ""address"": ""2 Penn Plz"", ""release"": ""2026-07-22.0"", ""website"": ""https://chase.com/locator/?jp_cmp=rb%2FLocalListings%2Faff%2Fatm%2Fna&y_source=1_MTIyOTU5MjgtNDgzLWxvY2F0aW9uLndlYnNpdGU%3D"", ""category"": ""atm_bank"", ""state_raw"": ""NY"", ""observed_at"": ""2026-07-22T00:00:00+00:00"", ""src_confidence"": 0.85, ""category_source"": ""atms"", ""source_record_id"": ""21f33021-e96a-4124-8167-be69ce6e0697""}}",'atm':2 'chase':1 'new':3 'york':4,2026-07-22 00:00:00+00,overture,62,likely_open,95,50,0,{}
biz_2bca09c6f7c395c7,Santander Bank,atm_bank,,40.724002838134766,-74.03632354736328,POINT(-74.03632354736328 40.724002838134766),475 Washington Blvd,Jersey City,NJ,07310,,2014187920,https://locations.santanderbank.com/nj/jerseycity/475-washington-boulevard-2223.html?utm_medium=local&utm_source=bing&utm_campaign=bing,{overture},,businesses_conflate,1100,2026-07-22 18:44:37.477175+00,2026-07-22 00:00:00+00,73,65,100,75,50,{},"{""overture"": {""lat"": 40.724002838134766, ""lon"": -74.03632354736328, ""zip"": ""07310"", ""city"": ""Jersey City"", ""name"": ""Santander Bank"", ""brand"": null, ""phone"": ""2014187920"", ""state"": ""NJ"", ""address"": ""475 Washington Blvd"", ""release"": ""2026-07-22.0"", ""website"": ""https://locations.santanderbank.com/nj/jerseycity/475-washington-boulevard-2223.html?utm_medium=local&utm_source=bing&utm_campaign=bing"", ""category"": ""atm_bank"", ""state_raw"": ""NJ"", ""observed_at"": ""2026-07-22T00:00:00+00:00"", ""src_confidence"": 0.9655, ""category_source"": ""bank_credit_union"", ""source_record_id"": ""4c8b6fc5-a977-40c6-9347-b96384794b00""}}",'bank':2 'citi':4 'jersey':3 'santand':1,2026-07-22 00:00:00+00,overture,62,likely_open,95,50,0,{}
biz_2bd2fcfefd52b7ac,Swiss White Intl Llc,restaurant,,40.721107482910156,-73.99250030517578,POINT(-73.99250030517578 40.721107482910156),177 Chrystie St,New York,NY,10002-2829,,,,{overture},,businesses_conflate,1100,2026-07-22 18:44:37.477175+00,2026-07-22 00:00:00+00,68,65,100,50,50,{},"{""overture"": {""lat"": 40.721107482910156, ""lon"": -73.99250030517578, ""zip"": ""10002-2829"", ""city"": ""New York"", ""name"": ""Swiss White Intl Llc"", ""brand"": null, ""phone"": null, ""state"": ""NY"", ""address"": ""177 Chrystie St"", ""release"": ""2026-07-22.0"", ""website"": null, ""category"": ""restaurant"", ""state_raw"": ""NY"", ""observed_at"": ""2026-07-22T00:00:00+00:00"", ""src_confidence"": 0.95, ""category_source"": ""restaurant"", ""source_record_id"": ""22e034ac-bda5-4ae4-b28b-8d2b538fdd02""}}",'intl':3 'llc':4 'new':5 'swiss':1 'white':2 'york':6,2026-07-22 00:00:00+00,overture,62,likely_open,95,50,0,{}
biz_2be8d1aadc32b166,Food Centre,grocery,,40.70686340332031,-74.01131439208984,POINT(-74.01131439208984 40.70686340332031),11 Wall St,New York,NY,10005-1905,,,,{overture},,businesses_conflate,1100,2026-07-22 18:44:37.477175+00,2026-07-22 00:00:00+00,68,65,100,50,50,{},"{""overture"": {""lat"": 40.70686340332031, ""lon"": -74.01131439208984, ""zip"": ""10005-1905"", ""city"": ""New York"", ""name"": ""Food Centre"", ""brand"": null, ""phone"": null, ""state"": ""NY"", ""address"": ""11 Wall St"", ""release"": ""2026-07-22.0"", ""website"": null, ""category"": ""grocery"", ""state_raw"": ""NY"", ""observed_at"": ""2026-07-22T00:00:00+00:00"", ""src_confidence"": 0.9199122190475464, ""category_source"": ""grocery_store"", ""source_record_id"": ""524e6c60-7897-45c2-bef6-2624fca6f02e""}}",'centr':2 'food':1 'new':3 'york':4,2026-07-22 00:00:00+00,overture,62,likely_open,95,50,0,{}
biz_2bf8a0b134575981,124 Deli Grocery,grocery,,40.714080810546875,-73.99210357666016,POINT(-73.99210357666016 40.714080810546875),124 E Broadway,New York,NY,10002-6376,,+16466698990,,{overture},,businesses_conflate,1100,2026-07-22 18:44:37.477175+00,2026-07-22 00:00:00+00,70,65,100,63,50,{},"{""overture"": {""lat"": 40.714080810546875, ""lon"": -73.99210357666016, ""zip"": ""10002-6376"", ""city"": ""New York"", ""name"": ""124 Deli Grocery"", ""brand"": null, ""phone"": ""+16466698990"", ""state"": ""NY"", ""address"": ""124 E Broadway"", ""release"": ""2026-07-22.0"", ""website"": null, ""category"": ""grocery"", ""state_raw"": ""NY"", ""observed_at"": ""2026-07-22T00:00:00+00:00"", ""src_confidence"": 0.55, ""category_source"": ""grocery_store"", ""source_record_id"": ""5175f68b-357d-42c7-a810-1e9554940b37""}}",'124':1 'deli':2 'groceri':3 'new':4 'york':5,2026-07-22 00:00:00+00,overture,62,likely_open,95,50,0,{}
biz_2c18922dde4de32a,Bank of America Financial Center,atm_bank,,40.70494842529297,-74.00715637207031,POINT(-74.00715637207031 40.70494842529297),95 Wall St,New York,NY,10005,,2125483052,https://locators.bankofamerica.com/ny/newyork/financial-centers-new-york-16723.html,{overture},,businesses_conflate,1100,2026-07-22 18:44:37.477175+00,2026-07-22 00:00:00+00,73,65,100,75,50,{},"{""overture"": {""lat"": 40.70494842529297, ""lon"": -74.00715637207031, ""zip"": ""10005"", ""city"": ""New York"", ""name"": ""Bank of America Financial Center"", ""brand"": null, ""phone"": ""2125483052"", ""state"": ""NY"", ""address"": ""95 Wall St"", ""release"": ""2026-07-22.0"", ""website"": ""https://locators.bankofamerica.com/ny/newyork/financial-centers-new-york-16723.html"", ""category"": ""atm_bank"", ""state_raw"": ""NY"", ""observed_at"": ""2026-07-22T00:00:00+00:00"", ""src_confidence"": 0.9902192950248718, ""category_source"": ""bank_credit_union"", ""source_record_id"": ""e4e21315-7948-455c-adec-b0458edcda73""}}",'america':3 'bank':1 'center':5 'financi':4 'new':6 'york':7,2026-07-22 00:00:00+00,overture,62,likely_open,95,50,0,{}
biz_2c1fe089f3c32d5a,Gravity International Programs Inc,restaurant,,40.72791290283203,-73.99174499511719,POINT(-73.99174499511719 40.72791290283203),16 Madison Sq W Ste 1109,New York,NY,10010-1629,,,https://gravityintprog.com/contact,{overture},,businesses_conflate,1100,2026-07-22 18:44:37.477175+00,2026-07-22 00:00:00+00,70,65,100,63,50,{},"{""overture"": {""lat"": 40.72791290283203, ""lon"": -73.99174499511719, ""zip"": ""10010-1629"", ""city"": ""New York"", ""name"": ""Gravity International Programs Inc"", ""brand"": null, ""phone"": null, ""state"": ""NY"", ""address"": ""16 Madison Sq W Ste 1109"", ""release"": ""2026-07-22.0"", ""website"": ""https://gravityintprog.com/contact"", ""category"": ""restaurant"", ""state_raw"": ""NY"", ""observed_at"": ""2026-07-22T00:00:00+00:00"", ""src_confidence"": 0.95, ""category_source"": ""restaurant"", ""source_record_id"": ""a963cb98-a847-414f-a09f-a148a0bbf14c""}}",'graviti':1 'inc':4 'intern':2 'new':5 'program':3 'york':6,2026-07-22 00:00:00+00,overture,62,likely_open,95,50,0,{}
biz_2c6e719789ba5021,La Colombe Coffee Roasters,restaurant,,40.71976089477539,-74.00375366210938,POINT(-74.00375366210938 40.71976089477539),319 Church St,New York,NY,10010,,(212) 343-1515,https://www.lacolombe.com/pages/cafes#new-york,{overture},,businesses_conflate,1100,2026-07-22 18:44:37.477175+00,2026-07-22 00:00:00+00,73,65,100,75,50,{},"{""overture"": {""lat"": 40.71976089477539, ""lon"": -74.00375366210938, ""zip"": ""10010"", ""city"": ""New York"", ""name"": ""La Colombe Coffee Roasters"", ""brand"": null, ""phone"": ""(212) 343-1515"", ""state"": ""NY"", ""address"": ""319 Church St"", ""release"": ""2026-07-22.0"", ""website"": ""https://www.lacolombe.com/pages/cafes#new-york"", ""category"": ""restaurant"", ""state_raw"": ""NY"", ""observed_at"": ""2026-07-22T00:00:00+00:00"", ""src_confidence"": 0.77, ""category_source"": ""restaurant"", ""source_record_id"": ""c0228bfd-06e1-4343-9d20-caa790e74e4e""}}",'coffe':3 'colomb':2 'la':1 'new':5 'roaster':4 'york':6,2026-07-22 00:00:00+00,overture,62,likely_open,95,50,0,{}
biz_2c72b97756c6e2f5,Radiant Café & Wine Bar,cafe,,40.73402404785156,-74.00139617919922,POINT(-74.00139617919922 40.73402404785156),172 Waverly Pl,New York,NY,10014,,,,{overture},,businesses_conflate,1100,2026-07-22 18:44:37.477175+00,2026-07-22 00:00:00+00,68,65,100,50,50,{},"{""overture"": {""lat"": 40.73402404785156, ""lon"": -74.00139617919922, ""zip"": ""10014"", ""city"": ""New York"", ""name"": ""Radiant Café & Wine Bar"", ""brand"": null, ""phone"": null, ""state"": ""NY"", ""address"": ""172 Waverly Pl"", ""release"": ""2026-07-22.0"", ""website"": null, ""category"": ""cafe"", ""state_raw"": ""NY"", ""observed_at"": ""2026-07-22T00:00:00+00:00"", ""src_confidence"": 0.9876775145530701, ""category_source"": ""coffee_shop"", ""source_record_id"": ""8053c748-8e1b-4db1-a1b3-d842c23fcffd""}}",'bar':4 'café':2 'new':5 'radiant':1 'wine':3 'york':6,2026-07-22 00:00:00+00,overture,62,likely_open,95,50,0,{}
biz_2c7508a5e14d3d92,125 Canal Inc,restaurant,,40.71608352661133,-73.99518585205078,POINT(-73.99518585205078 40.71608352661133),125 Canal St,New York,NY,10002-5049,,,,{overture},,businesses_conflate,1100,2026-07-22 18:44:37.477175+00,2026-07-22 00:00:00+00,68,65,100,50,50,{},"{""overture"": {""lat"": 40.71608352661133, ""lon"": -73.99518585205078, ""zip"": ""10002-5049"", ""city"": ""New York"", ""name"": ""125 Canal Inc"", ""brand"": null, ""phone"": null, ""state"": ""NY"", ""address"": ""125 Canal St"", ""release"": ""2026-07-22.0"", ""website"": null, ""category"": ""restaurant"", ""state_raw"": ""NY"", ""observed_at"": ""2026-07-22T00:00:00+00:00"", ""src_confidence"": 0.95, ""category_source"": ""restaurant"", ""source_record_id"": ""bcf3e110-b0ea-4194-9689-5e2c3d88314c""}}",'125':1 'canal':2 'inc':3 'new':4 'york':5,2026-07-22 00:00:00+00,overture,62,likely_open,95,50,0,{}
biz_2c78157ef1933051,LibertyX Bitcoin ATM,atm_bank,,40.705020904541016,-74.00856018066406,POINT(-74.00856018066406 40.705020904541016),127 Pearl St,New York,NY,10005,,8005118940,https://libertyx.com/a/buy-bitcoin/locations/NY/new-york/127-pearl-st?y_source=1_MTAxNDU3MzczMC00ODMtbG9jYXRpb24ud2Vic2l0ZQ%3D%3D,{overture},,businesses_conflate,1100,2026-07-22 18:44:37.477175+00,2026-07-22 00:00:00+00,73,65,100,75,50,{},"{""overture"": {""lat"": 40.705020904541016, ""lon"": -74.00856018066406, ""zip"": ""10005"", ""city"": ""New York"", ""name"": ""LibertyX Bitcoin ATM"", ""brand"": null, ""phone"": ""8005118940"", ""state"": ""NY"", ""address"": ""127 Pearl St"", ""release"": ""2026-07-22.0"", ""website"": ""https://libertyx.com/a/buy-bitcoin/locations/NY/new-york/127-pearl-st?y_source=1_MTAxNDU3MzczMC00ODMtbG9jYXRpb24ud2Vic2l0ZQ%3D%3D"", ""category"": ""atm_bank"", ""state_raw"": ""NY"", ""observed_at"": ""2026-07-22T00:00:00+00:00"", ""src_confidence"": 0.85, ""category_source"": ""atms"", ""source_record_id"": ""ce924371-9384-44b7-9b67-c18fad95d4aa""}}",'atm':3 'bitcoin':2 'libertyx':1 'new':4 'york':5,2026-07-22 00:00:00+00,overture,62,likely_open,95,50,0,{}
biz_2c81b50da41aaab6,Café Angelique,cafe,,40.73292922973633,-74.00398254394531,POINT(-74.00398254394531 40.73292922973633),49 Grove St,New York,NY,10014,,(212) 414-1400,http://cafeangeliquenyc.com,{overture},,businesses_conflate,1100,2026-07-22 18:44:37.477175+00,2026-07-22 00:00:00+00,73,65,100,75,50,{},"{""overture"": {""lat"": 40.73292922973633, ""lon"": -74.00398254394531, ""zip"": ""10014"", ""city"": ""New York"", ""name"": ""Café Angelique"", ""brand"": null, ""phone"": ""(212) 414-1400"", ""state"": ""NY"", ""address"": ""49 Grove St"", ""release"": ""2026-07-22.0"", ""website"": ""http://cafeangeliquenyc.com"", ""category"": ""cafe"", ""state_raw"": ""NY"", ""observed_at"": ""2026-07-22T00:00:00+00:00"", ""src_confidence"": 0.77, ""category_source"": ""coffee_shop"", ""source_record_id"": ""7ed13469-64a0-4182-b33f-6bb72e2e475f""}}",'angeliqu':2 'café':1 'new':3 'york':4,2026-07-22 00:00:00+00,overture,62,likely_open,95,50,0,{}
biz_2c898b8fd4fa838f,Fet Kitchen,grocery,,40.70481491088867,-74.00730895996094,POINT(-74.00730895996094 40.70481491088867),99 Wall St,New York,NY,10005-4301,,,,{overture},,businesses_conflate,1100,2026-07-22 18:44:37.477175+00,2026-07-22 00:00:00+00,68,65,100,50,50,{},"{""overture"": {""lat"": 40.70481491088867, ""lon"": -74.00730895996094, ""zip"": ""10005-4301"", ""city"": ""New York"", ""name"": ""Fet Kitchen"", ""brand"": null, ""phone"": null, ""state"": ""NY"", ""address"": ""99 Wall St"", ""release"": ""2026-07-22.0"", ""website"": null, ""category"": ""grocery"", ""state_raw"": ""NY"", ""observed_at"": ""2026-07-22T00:00:00+00:00"", ""src_confidence"": 0.95, ""category_source"": ""grocery_store"", ""source_record_id"": ""bbee3632-8c82-4d56-ac7d-4d86f098539b""}}",'fet':1 'kitchen':2 'new':3 'york':4,2026-07-22 00:00:00+00,overture,62,likely_open,95,50,0,{}
biz_2cc68a3b57b04c1a,B’artusi,cafe,,40.7338752746582,-74.00611114501953,POINT(-74.00611114501953 40.7338752746582),520 Hudson St,New York,NY,10014,,(646) 517-1112,https://www.bartusinyc.com,{overture},,businesses_conflate,1100,2026-07-22 18:44:37.477175+00,2026-07-22 00:00:00+00,73,65,100,75,50,{},"{""overture"": {""lat"": 40.7338752746582, ""lon"": -74.00611114501953, ""zip"": ""10014"", ""city"": ""New York"", ""name"": ""B’artusi"", ""brand"": null, ""phone"": ""(646) 517-1112"", ""state"": ""NY"", ""address"": ""520 Hudson St"", ""release"": ""2026-07-22.0"", ""website"": ""https://www.bartusinyc.com"", ""category"": ""cafe"", ""state_raw"": ""NY"", ""observed_at"": ""2026-07-22T00:00:00+00:00"", ""src_confidence"": 0.77, ""category_source"": ""cafe"", ""source_record_id"": ""b41bb9a2-9cdc-4bfd-beaa-3ec20787a81f""}}",'artusi':2 'b':1 'new':3 'york':4,2026-07-22 00:00:00+00,overture,62,likely_open,95,50,0,{}
biz_2cf7f34c6d104c8e,Wells Fargo ATM,atm_bank,,40.726932525634766,-74.03382110595703,POINT(-74.03382110595703 40.726932525634766),90 Pavonia Ave,Jersey City,NJ,07310,,8008693557,https://www.wellsfargo.com/locator/bank/90__PAVONIA__AVE_JERSEY__CITY_NJ_07310/,{overture},,businesses_conflate,1100,2026-07-22 18:44:37.477175+00,2026-07-22 00:00:00+00,73,65,100,75,50,{},"{""overture"": {""lat"": 40.726932525634766, ""lon"": -74.03382110595703, ""zip"": ""07310"", ""city"": ""Jersey City"", ""name"": ""Wells Fargo ATM"", ""brand"": null, ""phone"": ""8008693557"", ""state"": ""NJ"", ""address"": ""90 Pavonia Ave"", ""release"": ""2026-07-22.0"", ""website"": ""https://www.wellsfargo.com/locator/bank/90__PAVONIA__AVE_JERSEY__CITY_NJ_07310/"", ""category"": ""atm_bank"", ""state_raw"": ""NJ"", ""observed_at"": ""2026-07-22T00:00:00+00:00"", ""src_confidence"": 0.85, ""category_source"": ""bank_credit_union"", ""source_record_id"": ""511572d3-4adc-4ded-b6a1-b6b631c22414""}}",'atm':3 'citi':5 'fargo':2 'jersey':4 'well':1,2026-07-22 00:00:00+00,overture,62,likely_open,95,50,0,{}
biz_2d04799c4106e82f,Beth Israel Medical Center,medical,,40.719017028808594,-74.0053939819336,POINT(-74.0053939819336 40.719017028808594),1 6th Ave,New York,NY,10013,,+12124204247,http://www.bethisraelny.org/,{overture},,businesses_conflate,1100,2026-07-22 18:44:37.477175+00,2026-07-22 00:00:00+00,73,65,100,75,50,{},"{""overture"": {""lat"": 40.719017028808594, ""lon"": -74.0053939819336, ""zip"": ""10013"", ""city"": ""New York"", ""name"": ""Beth Israel Medical Center"", ""brand"": null, ""phone"": ""+12124204247"", ""state"": ""NY"", ""address"": ""1 6th Ave"", ""release"": ""2026-07-22.0"", ""website"": ""http://www.bethisraelny.org/"", ""category"": ""medical"", ""state_raw"": ""NY"", ""observed_at"": ""2026-07-22T00:00:00+00:00"", ""src_confidence"": 0.6881383657455444, ""category_source"": ""hospital"", ""source_record_id"": ""e4119cf2-c352-42fc-afe0-1a2dfc3b2f6d""}}",'beth':1 'center':4 'israel':2 'medic':3 'new':5 'york':6,2026-07-22 00:00:00+00,overture,62,likely_open,95,50,0,{}
biz_2d4410d506e7b435,KIMMI,restaurant,,40.716026306152344,-73.99523162841797,POINT(-73.99523162841797 40.716026306152344),125 Canal St,New York,NY,10002-5049,,+19293738992,https://www.kimminyc.com/,{overture},,businesses_conflate,1100,2026-07-22 18:44:37.477175+00,2026-07-22 00:00:00+00,73,65,100,75,50,{},"{""overture"": {""lat"": 40.716026306152344, ""lon"": -73.99523162841797, ""zip"": ""10002-5049"", ""city"": ""New York"", ""name"": ""KIMMI"", ""brand"": null, ""phone"": ""+19293738992"", ""state"": ""NY"", ""address"": ""125 Canal St"", ""release"": ""2026-07-22.0"", ""website"": ""https://www.kimminyc.com/"", ""category"": ""restaurant"", ""state_raw"": ""NY"", ""observed_at"": ""2026-07-22T00:00:00+00:00"", ""src_confidence"": 0.8589656499028206, ""category_source"": ""restaurant"", ""source_record_id"": ""7a46f2bb-600b-48e4-a2f0-04b539c8f189""}}",'kimmi':1 'new':2 'york':3,2026-07-22 00:00:00+00,overture,62,likely_open,95,50,0,{}
biz_2d6b9089018f619d,Matchabar,cafe,,40.723670959472656,-73.9969711303711,POINT(-73.9969711303711 40.723670959472656),70 Prince St,New York,NY,10012-3306,,12122537854,matchabarnyc.com,{overture},,businesses_conflate,1100,2026-07-22 18:44:37.477175+00,2026-07-22 00:00:00+00,73,65,100,75,50,{},"{""overture"": {""lat"": 40.723670959472656, ""lon"": -73.9969711303711, ""zip"": ""10012-3306"", ""city"": ""New York"", ""name"": ""Matchabar"", ""brand"": null, ""phone"": ""12122537854"", ""state"": ""NY"", ""address"": ""70 Prince St"", ""release"": ""2026-07-22.0"", ""website"": ""matchabarnyc.com"", ""category"": ""cafe"", ""state_raw"": ""NY"", ""observed_at"": ""2026-07-22T00:00:00+00:00"", ""src_confidence"": 0.9199122190475464, ""category_source"": ""cafe"", ""source_record_id"": ""b90767bd-427a-4c56-bd5a-a4a89c7be868""}}",'matchabar':1 'new':2 'york':3,2026-07-22 00:00:00+00,overture,62,likely_open,95,50,0,{}
biz_2d6f8f2aa2254da2,Gjelina,restaurant,,40.72584915161133,-73.99304962158203,POINT(-73.99304962158203 40.72584915161133),45 Bond St,New York,NY,10012-2486,,16464752506,https://gjelina.com,{overture},,businesses_conflate,1100,2026-07-22 18:44:37.477175+00,2026-07-22 00:00:00+00,73,65,100,75,50,{},"{""overture"": {""lat"": 40.72584915161133, ""lon"": -73.99304962158203, ""zip"": ""10012-2486"", ""city"": ""New York"", ""name"": ""Gjelina"", ""brand"": null, ""phone"": ""16464752506"", ""state"": ""NY"", ""address"": ""45 Bond St"", ""release"": ""2026-07-22.0"", ""website"": ""https://gjelina.com"", ""category"": ""restaurant"", ""state_raw"": ""NY"", ""observed_at"": ""2026-07-22T00:00:00+00:00"", ""src_confidence"": 0.9938606023788452, ""category_source"": ""restaurant"", ""source_record_id"": ""5edca43a-35d8-4fb5-8cc5-f8c083af7a9c""}}",'gjelina':1 'new':2 'york':3,2026-07-22 00:00:00+00,overture,62,likely_open,95,50,0,{}
biz_2d80153c63c9c34f,TD Bank,atm_bank,TD,40.71638488769531,-73.9962158203125,POINT(-73.9962158203125 40.71638488769531),155 Canal St,New York,NY,10013-4551,,+12124314146,https://www.td.com/us/en/personal-banking/store-locator?y_source=1_MzE0NzAzMS01NTktbG9jYXRpb24ud2Vic2l0ZQ%3D%3D#/?utm_source=google-maps&utm_medium=yext&utm_campaign=always_on&utm_content=tdct_appointment,{overture},,businesses_conflate,1100,2026-07-22 18:44:37.477175+00,2026-07-22 00:00:00+00,78,65,100,100,50,{},"{""overture"": {""lat"": 40.71638488769531, ""lon"": -73.9962158203125, ""zip"": ""10013-4551"", ""city"": ""New York"", ""name"": ""TD Bank"", ""brand"": ""TD"", ""phone"": ""+12124314146"", ""state"": ""NY"", ""address"": ""155 Canal St"", ""release"": ""2026-07-22.0"", ""website"": ""https://www.td.com/us/en/personal-banking/store-locator?y_source=1_MzE0NzAzMS01NTktbG9jYXRpb24ud2Vic2l0ZQ%3D%3D#/?utm_source=google-maps&utm_medium=yext&utm_campaign=always_on&utm_content=tdct_appointment"", ""category"": ""atm_bank"", ""state_raw"": ""NY"", ""observed_at"": ""2026-07-22T00:00:00+00:00"", ""src_confidence"": 0.9902192950248718, ""category_source"": ""banks"", ""source_record_id"": ""2a8b2f8a-1de0-461b-8563-64788c249888""}}","'bank':2 'new':4 'td':1,3 'york':5",2026-07-22 00:00:00+00,overture,62,likely_open,95,50,0,{}
biz_2da2371ef8268ebe,Village Red Restaurant Corp,restaurant,,40.733158111572266,-74.00023651123047,POINT(-74.00023651123047 40.733158111572266),385 Avenue of the Americas,New York,NY,10014-3516,,,,{overture},,businesses_conflate,1100,2026-07-22 18:44:37.477175+00,2026-07-22 00:00:00+00,68,65,100,50,50,{},"{""overture"": {""lat"": 40.733158111572266, ""lon"": -74.00023651123047, ""zip"": ""10014-3516"", ""city"": ""New York"", ""name"": ""Village Red Restaurant Corp"", ""brand"": null, ""phone"": null, ""state"": ""NY"", ""address"": ""385 Avenue of the Americas"", ""release"": ""2026-07-22.0"", ""website"": null, ""category"": ""restaurant"", ""state_raw"": ""NY"", ""observed_at"": ""2026-07-22T00:00:00+00:00"", ""src_confidence"": 0.95, ""category_source"": ""restaurant"", ""source_record_id"": ""f754de4a-8fc0-495f-8b99-f1cc47e97b82""}}",'corp':4 'new':5 'red':2 'restaur':3 'villag':1 'york':6,2026-07-22 00:00:00+00,overture,62,likely_open,95,50,0,{}
biz_2da6f6ce9bc97673,Starbucks,cafe,Starbucks,40.71216583251953,-74.01082611083984,POINT(-74.01082611083984 40.71216583251953),33 Vesey St,New York,NY,10007-3243,,+16468565994,https://www.starbucks.com/store-locator/store/1016031,{overture},,businesses_conflate,1100,2026-07-22 18:44:37.477175+00,2026-07-22 00:00:00+00,78,65,100,100,50,{},"{""overture"": {""lat"": 40.71216583251953, ""lon"": -74.01082611083984, ""zip"": ""10007-3243"", ""city"": ""New York"", ""name"": ""Starbucks"", ""brand"": ""Starbucks"", ""phone"": ""+16468565994"", ""state"": ""NY"", ""address"": ""33 Vesey St"", ""release"": ""2026-07-22.0"", ""website"": ""https://www.starbucks.com/store-locator/store/1016031"", ""category"": ""cafe"", ""state_raw"": ""NY"", ""observed_at"": ""2026-07-22T00:00:00+00:00"", ""src_confidence"": 0.9199122190475464, ""category_source"": ""coffee_shop"", ""source_record_id"": ""bea0e11d-6cb8-4be7-93b7-0a5a299a8382""}}","'new':3 'starbuck':1,2 'york':4",2026-07-22 00:00:00+00,overture,62,likely_open,95,50,0,{}
biz_2da764faf3791899,Partners Coffee,cafe,Partners Coffee,40.73496627807617,-74.00228881835938,POINT(-74.00228881835938 40.73496627807617),44 Charles St,New York,NY,10014-2750,,+19176757668,https://www.partnerscoffee.com,{overture},,businesses_conflate,1100,2026-07-22 18:44:37.477175+00,2026-07-22 00:00:00+00,78,65,100,100,50,{},"{""overture"": {""lat"": 40.73496627807617, ""lon"": -74.00228881835938, ""zip"": ""10014-2750"", ""city"": ""New York"", ""name"": ""Partners Coffee"", ""brand"": ""Partners Coffee"", ""phone"": ""+19176757668"", ""state"": ""NY"", ""address"": ""44 Charles St"", ""release"": ""2026-07-22.0"", ""website"": ""https://www.partnerscoffee.com"", ""category"": ""cafe"", ""state_raw"": ""NY"", ""observed_at"": ""2026-07-22T00:00:00+00:00"", ""src_confidence"": 0.9902192950248718, ""category_source"": ""coffee_shop"", ""source_record_id"": ""4a494551-66e0-4ace-85ba-42c661a15913""}}","'coffe':2,4 'new':5 'partner':1,3 'york':6",2026-07-22 00:00:00+00,overture,62,likely_open,95,50,0,{}
biz_2dc3f892efe4f1fa,Pass the Salt,restaurant,,40.72222137451172,-73.9991226196289,POINT(-73.9991226196289 40.72222137451172),,New York,NY,,,+919892843983,https://www.passthesalt.in/,{overture},,businesses_conflate,1100,2026-07-22 18:44:37.477175+00,2026-07-22 00:00:00+00,65,65,100,38,50,{},"{""overture"": {""lat"": 40.72222137451172, ""lon"": -73.9991226196289, ""zip"": null, ""city"": ""New York"", ""name"": ""Pass the Salt"", ""brand"": null, ""phone"": ""+919892843983"", ""state"": ""NY"", ""address"": null, ""release"": ""2026-07-22.0"", ""website"": ""https://www.passthesalt.in/"", ""category"": ""restaurant"", ""state_raw"": ""NY"", ""observed_at"": ""2026-07-22T00:00:00+00:00"", ""src_confidence"": 0.30213141441345215, ""category_source"": ""restaurant"", ""source_record_id"": ""f549c0af-b169-46a5-916a-56ef8ee0d7ee""}}",'new':4 'pass':1 'salt':3 'york':5,2026-07-22 00:00:00+00,overture,62,likely_open,95,50,0,{}
biz_2dd24e7245209b67,South House,restaurant,,40.72050857543945,-74.044189453125,POINT(-74.044189453125 40.72050857543945),149 Newark Ave,Jersey City,NJ,07302-2811,,12012091316,https://www.southhousejc.com,{overture},,businesses_conflate,1100,2026-07-22 18:44:37.477175+00,2026-07-22 00:00:00+00,73,65,100,75,50,{},"{""overture"": {""lat"": 40.72050857543945, ""lon"": -74.044189453125, ""zip"": ""07302-2811"", ""city"": ""Jersey City"", ""name"": ""South House"", ""brand"": null, ""phone"": ""12012091316"", ""state"": ""NJ"", ""address"": ""149 Newark Ave"", ""release"": ""2026-07-22.0"", ""website"": ""https://www.southhousejc.com"", ""category"": ""restaurant"", ""state_raw"": ""NJ"", ""observed_at"": ""2026-07-22T00:00:00+00:00"", ""src_confidence"": 0.9902192950248718, ""category_source"": ""restaurant"", ""source_record_id"": ""378cc33e-25aa-451d-9dd4-82d34b4b81bd""}}",'citi':4 'hous':2 'jersey':3 'south':1,2026-07-22 00:00:00+00,overture,62,likely_open,95,50,0,{}
biz_2de50002187d899a,Abc Capital Llc,restaurant,,40.73017120361328,-73.99404907226562,POINT(-73.99404907226562 40.73017120361328),289 Mercer St,New York,NY,10003-6755,,,,{overture},,businesses_conflate,1100,2026-07-22 18:44:37.477175+00,2026-07-22 00:00:00+00,68,65,100,50,50,{},"{""overture"": {""lat"": 40.73017120361328, ""lon"": -73.99404907226562, ""zip"": ""10003-6755"", ""city"": ""New York"", ""name"": ""Abc Capital Llc"", ""brand"": null, ""phone"": null, ""state"": ""NY"", ""address"": ""289 Mercer St"", ""release"": ""2026-07-22.0"", ""website"": null, ""category"": ""restaurant"", ""state_raw"": ""NY"", ""observed_at"": ""2026-07-22T00:00:00+00:00"", ""src_confidence"": 0.95, ""category_source"": ""restaurant"", ""source_record_id"": ""7d8a5ec4-c0f5-4a0f-a71a-d3253ae13650""}}",'abc':1 'capit':2 'llc':3 'new':4 'york':5,2026-07-22 00:00:00+00,overture,62,likely_open,95,50,0,{}
biz_2de800d7ba6bdff9,LibertyX Bitcoin ATM,atm_bank,,40.72709274291992,-74.03877258300781,POINT(-74.03877258300781 40.72709274291992),30 Mall Dr W,Jersey City,NJ,07310,,8005118940,https://libertyx.com/a/buy-bitcoin/locations/NJ/jersey-city/30-mall-dr-w?y_source=1_NjcwNjg0NjgtNDgzLWxvY2F0aW9uLndlYnNpdGU%3D,{overture},,businesses_conflate,1100,2026-07-22 18:44:37.477175+00,2026-07-22 00:00:00+00,73,65,100,75,50,{},"{""overture"": {""lat"": 40.72709274291992, ""lon"": -74.03877258300781, ""zip"": ""07310"", ""city"": ""Jersey City"", ""name"": ""LibertyX Bitcoin ATM"", ""brand"": null, ""phone"": ""8005118940"", ""state"": ""NJ"", ""address"": ""30 Mall Dr W"", ""release"": ""2026-07-22.0"", ""website"": ""https://libertyx.com/a/buy-bitcoin/locations/NJ/jersey-city/30-mall-dr-w?y_source=1_NjcwNjg0NjgtNDgzLWxvY2F0aW9uLndlYnNpdGU%3D"", ""category"": ""atm_bank"", ""state_raw"": ""NJ"", ""observed_at"": ""2026-07-22T00:00:00+00:00"", ""src_confidence"": 0.85, ""category_source"": ""atms"", ""source_record_id"": ""ba5468e9-b7c2-4bd3-816c-3decb586a88a""}}",'atm':3 'bitcoin':2 'citi':5 'jersey':4 'libertyx':1,2026-07-22 00:00:00+00,overture,62,likely_open,95,50,0,{}
biz_2df319aabac0d088,Pippo Pluto Paperino Inc Dba Gradisca Restaurant,restaurant,,40.73698425292969,-73.99871063232422,POINT(-73.99871063232422 40.73698425292969),126 W 13th St,New York,NY,10011-7802,,,,{overture},,businesses_conflate,1100,2026-07-22 18:44:37.477175+00,2026-07-22 00:00:00+00,68,65,100,50,50,{},"{""overture"": {""lat"": 40.73698425292969, ""lon"": -73.99871063232422, ""zip"": ""10011-7802"", ""city"": ""New York"", ""name"": ""Pippo Pluto Paperino Inc Dba Gradisca Restaurant"", ""brand"": null, ""phone"": null, ""state"": ""NY"", ""address"": ""126 W 13th St"", ""release"": ""2026-07-22.0"", ""website"": null, ""category"": ""restaurant"", ""state_raw"": ""NY"", ""observed_at"": ""2026-07-22T00:00:00+00:00"", ""src_confidence"": 0.95, ""category_source"": ""restaurant"", ""source_record_id"": ""40cd4984-7043-4a80-9780-da57ec4bd3ad""}}",'dba':5 'gradisca':6 'inc':4 'new':8 'paperino':3 'pippo':1 'pluto':2 'restaur':7 'york':9,2026-07-22 00:00:00+00,overture,62,likely_open,95,50,0,{}
biz_2df4392e94efaa0f,Gorilla,cafe,Vanilla Gorilla Cafe,40.714202880859375,-74.00611877441406,POINT(-74.00611877441406 40.714202880859375),525 8th Ave,New York,NY,10018-4304,,+12126399675,https://www.instagram.com/xingmliss/,{overture},,businesses_conflate,1100,2026-07-22 18:44:37.477175+00,2026-07-22 00:00:00+00,78,65,100,100,50,{},"{""overture"": {""lat"": 40.714202880859375, ""lon"": -74.00611877441406, ""zip"": ""10018-4304"", ""city"": ""New York"", ""name"": ""Gorilla"", ""brand"": ""Vanilla Gorilla Cafe"", ""phone"": ""+12126399675"", ""state"": ""NY"", ""address"": ""525 8th Ave"", ""release"": ""2026-07-22.0"", ""website"": ""https://www.instagram.com/xingmliss/"", ""category"": ""cafe"", ""state_raw"": ""NY"", ""observed_at"": ""2026-07-22T00:00:00+00:00"", ""src_confidence"": 0.924665629863739, ""category_source"": ""coffee_shop"", ""source_record_id"": ""e4fdd614-8365-4d3e-aaa6-76b9aa8c1f4f""}}","'cafe':4 'gorilla':1,3 'new':5 'vanilla':2 'york':6",2026-07-22 00:00:00+00,overture,62,likely_open,95,50,0,{}
biz_2e05e3e45d7f5477,HSBC Bank,atm_bank,,40.71611785888672,-73.99647521972656,POINT(-73.99647521972656 40.71611785888672),150 Canal St,New York,NY,10013-4501,,+12122271833,http://www.us.hsbc.com,{overture},,businesses_conflate,1100,2026-07-22 18:44:37.477175+00,2026-07-22 00:00:00+00,73,65,100,75,50,{},"{""overture"": {""lat"": 40.71611785888672, ""lon"": -73.99647521972656, ""zip"": ""10013-4501"", ""city"": ""New York"", ""name"": ""HSBC Bank"", ""brand"": null, ""phone"": ""+12122271833"", ""state"": ""NY"", ""address"": ""150 Canal St"", ""release"": ""2026-07-22.0"", ""website"": ""http://www.us.hsbc.com"", ""category"": ""atm_bank"", ""state_raw"": ""NY"", ""observed_at"": ""2026-07-22T00:00:00+00:00"", ""src_confidence"": 0.9676229953765869, ""category_source"": ""bank_credit_union"", ""source_record_id"": ""55921b0a-0fb0-49d5-b77a-10ac51587d04""}}",'bank':2 'hsbc':1 'new':3 'york':4,2026-07-22 00:00:00+00,overture,62,likely_open,95,50,0,{}
biz_2e14d0d93fae5208,Fellini Coffee Soho,cafe,Fellini Coffee - Soho,40.72597122192383,-74.00157928466797,POINT(-74.00157928466797 40.72597122192383),120 Thompson St,New York,NY,10012,,,https://fellinicoffee.com/,{overture},,businesses_conflate,1100,2026-07-22 18:44:37.477175+00,2026-07-22 00:00:00+00,75,65,100,88,50,{},"{""overture"": {""lat"": 40.72597122192383, ""lon"": -74.00157928466797, ""zip"": ""10012"", ""city"": ""New York"", ""name"": ""Fellini Coffee Soho"", ""brand"": ""Fellini Coffee - Soho"", ""phone"": null, ""state"": ""NY"", ""address"": ""120 Thompson St"", ""release"": ""2026-07-22.0"", ""website"": ""https://fellinicoffee.com/"", ""category"": ""cafe"", ""state_raw"": ""NY"", ""observed_at"": ""2026-07-22T00:00:00+00:00"", ""src_confidence"": 0.9902192950248718, ""category_source"": ""coffee_shop"", ""source_record_id"": ""6674bad3-2188-495f-a4aa-fe8ca02eca9a""}}","'coffe':2,5 'fellini':1,4 'new':7 'soho':3,6 'york':8",2026-07-22 00:00:00+00,overture,62,likely_open,95,50,0,{}
biz_2e2595c405e0f6be,New York Vybes,restaurant,,40.718074798583984,-73.99842071533203,POINT(-73.99842071533203 40.718074798583984),109 Mulberry St,New York,NY,10013-4603,,+16468851440,,{overture},,businesses_conflate,1100,2026-07-22 18:44:37.477175+00,2026-07-22 00:00:00+00,70,65,100,63,50,{},"{""overture"": {""lat"": 40.718074798583984, ""lon"": -73.99842071533203, ""zip"": ""10013-4603"", ""city"": ""New York"", ""name"": ""New York Vybes"", ""brand"": null, ""phone"": ""+16468851440"", ""state"": ""NY"", ""address"": ""109 Mulberry St"", ""release"": ""2026-07-22.0"", ""website"": null, ""category"": ""restaurant"", ""state_raw"": ""NY"", ""observed_at"": ""2026-07-22T00:00:00+00:00"", ""src_confidence"": 0.5171002149581909, ""category_source"": ""restaurant"", ""source_record_id"": ""dcf309b4-f4f8-4431-865c-b81f57a6ec80""}}","'new':1,4 'vybe':3 'york':2,5",2026-07-22 00:00:00+00,overture,62,likely_open,95,50,0,{}
biz_2e25eeec1abb3518,Wicked Spoon Yogurt,restaurant,,40.715614318847656,-74.0055160522461,POINT(-74.0055160522461 40.715614318847656),311 Broadway,New York,NY,10007,,(212) 571-7667,http://wickedspoonyogurt.com,{overture},,businesses_conflate,1100,2026-07-22 18:44:37.477175+00,2026-07-22 00:00:00+00,73,65,100,75,50,{},"{""overture"": {""lat"": 40.715614318847656, ""lon"": -74.0055160522461, ""zip"": ""10007"", ""city"": ""New York"", ""name"": ""Wicked Spoon Yogurt"", ""brand"": null, ""phone"": ""(212) 571-7667"", ""state"": ""NY"", ""address"": ""311 Broadway"", ""release"": ""2026-07-22.0"", ""website"": ""http://wickedspoonyogurt.com"", ""category"": ""restaurant"", ""state_raw"": ""NY"", ""observed_at"": ""2026-07-22T00:00:00+00:00"", ""src_confidence"": 0.9199122190475464, ""category_source"": ""restaurant"", ""source_record_id"": ""29741a33-4324-4b2d-bce2-a4740abeb625""}}",'new':4 'spoon':2 'wick':1 'yogurt':3 'york':5,2026-07-22 00:00:00+00,overture,62,likely_open,95,50,0,{}
biz_2e314d1243871aa6,LibertyX Bitcoin ATM,atm_bank,,40.71772003173828,-73.992431640625,POINT(-73.992431640625 40.71772003173828),285 Grand St,New York,NY,10002,,8005118940,https://libertyx.com/a/buy-bitcoin/locations/NY/new-york/285-grand-st?y_source=1_MTAxNDU3Mjg5NS00ODMtbG9jYXRpb24ud2Vic2l0ZQ%3D%3D,{overture},,businesses_conflate,1100,2026-07-22 18:44:37.477175+00,2026-07-22 00:00:00+00,73,65,100,75,50,{},"{""overture"": {""lat"": 40.71772003173828, ""lon"": -73.992431640625, ""zip"": ""10002"", ""city"": ""New York"", ""name"": ""LibertyX Bitcoin ATM"", ""brand"": null, ""phone"": ""8005118940"", ""state"": ""NY"", ""address"": ""285 Grand St"", ""release"": ""2026-07-22.0"", ""website"": ""https://libertyx.com/a/buy-bitcoin/locations/NY/new-york/285-grand-st?y_source=1_MTAxNDU3Mjg5NS00ODMtbG9jYXRpb24ud2Vic2l0ZQ%3D%3D"", ""category"": ""atm_bank"", ""state_raw"": ""NY"", ""observed_at"": ""2026-07-22T00:00:00+00:00"", ""src_confidence"": 0.85, ""category_source"": ""atms"", ""source_record_id"": ""a8a05567-46a8-4509-9497-d494bc0869af""}}",'atm':3 'bitcoin':2 'libertyx':1 'new':4 'york':5,2026-07-22 00:00:00+00,overture,62,likely_open,95,50,0,{}
biz_2e3ae8e8148486e8,20 Mott Street Restaurant,restaurant,,40.71434783935547,-73.99844360351562,POINT(-73.99844360351562 40.71434783935547),20 Mott St,New York,NY,10013-5001,,+12129640380,,{overture},,businesses_conflate,1100,2026-07-22 18:44:37.477175+00,2026-07-22 00:00:00+00,70,65,100,63,50,{},"{""overture"": {""lat"": 40.71434783935547, ""lon"": -73.99844360351562, ""zip"": ""10013-5001"", ""city"": ""New York"", ""name"": ""20 Mott Street Restaurant"", ""brand"": null, ""phone"": ""+12129640380"", ""state"": ""NY"", ""address"": ""20 Mott St"", ""release"": ""2026-07-22.0"", ""website"": null, ""category"": ""restaurant"", ""state_raw"": ""NY"", ""observed_at"": ""2026-07-22T00:00:00+00:00"", ""src_confidence"": 0.21910081803798676, ""category_source"": ""restaurant"", ""source_record_id"": ""c8820e11-0d9f-4d4c-9d70-4946c1202300""}}",'20':1 'mott':2 'new':5 'restaur':4 'street':3 'york':6,2026-07-22 00:00:00+00,overture,62,likely_open,95,50,0,{}
biz_2e419350ec80eed4,Or'esh,restaurant,,40.72599792480469,-74.00088500976562,POINT(-74.00088500976562 40.72599792480469),450 W Broadway,New York,NY,10012-3141,,+12122928999,https://www.oresh.com/,{overture},,businesses_conflate,1100,2026-07-22 18:44:37.477175+00,2026-07-22 00:00:00+00,73,65,100,75,50,{},"{""overture"": {""lat"": 40.72599792480469, ""lon"": -74.00088500976562, ""zip"": ""10012-3141"", ""city"": ""New York"", ""name"": ""Or'esh"", ""brand"": null, ""phone"": ""+12122928999"", ""state"": ""NY"", ""address"": ""450 W Broadway"", ""release"": ""2026-07-22.0"", ""website"": ""https://www.oresh.com/"", ""category"": ""restaurant"", ""state_raw"": ""NY"", ""observed_at"": ""2026-07-22T00:00:00+00:00"", ""src_confidence"": 0.9806241393089294, ""category_source"": ""restaurant"", ""source_record_id"": ""cb20a99b-a7ea-4dfe-ac3a-7f6af64def62""}}",'esh':2 'new':3 'york':4,2026-07-22 00:00:00+00,overture,62,likely_open,95,50,0,{}
biz_2e54e55b96355978,Family Choice Pharmacy,pharmacy,,40.71601867675781,-73.99758911132812,POINT(-73.99758911132812 40.71601867675781),13 Elizabeth St,New York,NY,10013-4803,,12129256088,,{overture},,businesses_conflate,1100,2026-07-22 18:44:37.477175+00,2026-07-22 00:00:00+00,70,65,100,63,50,{},"{""overture"": {""lat"": 40.71601867675781, ""lon"": -73.99758911132812, ""zip"": ""10013-4803"", ""city"": ""New York"", ""name"": ""Family Choice Pharmacy"", ""brand"": null, ""phone"": ""12129256088"", ""state"": ""NY"", ""address"": ""13 Elizabeth St"", ""release"": ""2026-07-22.0"", ""website"": null, ""category"": ""pharmacy"", ""state_raw"": ""NY"", ""observed_at"": ""2026-07-22T00:00:00+00:00"", ""src_confidence"": 0.75, ""category_source"": ""pharmacy"", ""source_record_id"": ""f57549e4-d1bf-4716-b55d-8626059a269e""}}",'choic':2 'famili':1 'new':4 'pharmaci':3 'york':5,2026-07-22 00:00:00+00,overture,62,likely_open,95,50,0,{}
biz_2e6cf5a5f78f173a,"Nw Capital Markets, Inc.",grocery,,40.73606872558594,-74.02819061279297,POINT(-74.02819061279297 40.73606872558594),2 Hudson Pl,Hoboken,NJ,07030-5594,,,,{overture},,businesses_conflate,1100,2026-07-22 18:44:37.477175+00,2026-07-22 00:00:00+00,68,65,100,50,50,{},"{""overture"": {""lat"": 40.73606872558594, ""lon"": -74.02819061279297, ""zip"": ""07030-5594"", ""city"": ""Hoboken"", ""name"": ""Nw Capital Markets, Inc."", ""brand"": null, ""phone"": null, ""state"": ""NJ"", ""address"": ""2 Hudson Pl"", ""release"": ""2026-07-22.0"", ""website"": null, ""category"": ""grocery"", ""state_raw"": ""NJ"", ""observed_at"": ""2026-07-22T00:00:00+00:00"", ""src_confidence"": 0.95, ""category_source"": ""grocery_store"", ""source_record_id"": ""1a3dacc8-c643-436a-93a7-c97ba45b861c""}}",'capit':2 'hoboken':5 'inc':4 'market':3 'nw':1,2026-07-22 00:00:00+00,overture,62,likely_open,95,50,0,{}
biz_2e6e40f991ec2b16,Carmela,cafe,,40.73248291015625,-73.99658203125,POINT(-73.99658203125 40.73248291015625),10 5th Ave,New York,NY,10011,,(917) 965-2144,http://carmelacoffee.com,{overture},,businesses_conflate,1100,2026-07-22 18:44:37.477175+00,2026-07-22 00:00:00+00,73,65,100,75,50,{},"{""overture"": {""lat"": 40.73248291015625, ""lon"": -73.99658203125, ""zip"": ""10011"", ""city"": ""New York"", ""name"": ""Carmela"", ""brand"": null, ""phone"": ""(917) 965-2144"", ""state"": ""NY"", ""address"": ""10 5th Ave"", ""release"": ""2026-07-22.0"", ""website"": ""http://carmelacoffee.com"", ""category"": ""cafe"", ""state_raw"": ""NY"", ""observed_at"": ""2026-07-22T00:00:00+00:00"", ""src_confidence"": 0.77, ""category_source"": ""coffee_shop"", ""source_record_id"": ""dc28f9fe-e95f-4bb8-ae66-14027e02b6c4""}}",'carmela':1 'new':2 'york':3,2026-07-22 00:00:00+00,overture,62,likely_open,95,50,0,{}
biz_2efd75182fb4ddd5,Camaje Bistro,restaurant,,40.728878021240234,-74.00160217285156,POINT(-74.00160217285156 40.728878021240234),85 Macdougal St,New York,NY,10012-2504,,,https://www.camaje.com,{overture},,businesses_conflate,1100,2026-07-22 18:44:37.477175+00,2026-07-22 00:00:00+00,70,65,100,63,50,{},"{""overture"": {""lat"": 40.728878021240234, ""lon"": -74.00160217285156, ""zip"": ""10012-2504"", ""city"": ""New York"", ""name"": ""Camaje Bistro"", ""brand"": null, ""phone"": null, ""state"": ""NY"", ""address"": ""85 Macdougal St"", ""release"": ""2026-07-22.0"", ""website"": ""https://www.camaje.com"", ""category"": ""restaurant"", ""state_raw"": ""NY"", ""observed_at"": ""2026-07-22T00:00:00+00:00"", ""src_confidence"": 0.9902192950248718, ""category_source"": ""restaurant"", ""source_record_id"": ""89a34496-7ef3-4620-990a-a94d8e902757""}}",'bistro':2 'camaj':1 'new':3 'york':4,2026-07-22 00:00:00+00,overture,62,likely_open,95,50,0,{}
biz_2f00dcf3abca13c2,Bull Run Restaurant & Conference Center,restaurant,,40.70671081542969,-74.00892639160156,POINT(-74.00892639160156 40.70671081542969),52 William St,New York,NY,10005-2876,,,,{overture},,businesses_conflate,1100,2026-07-22 18:44:37.477175+00,2026-07-22 00:00:00+00,68,65,100,50,50,{},"{""overture"": {""lat"": 40.70671081542969, ""lon"": -74.00892639160156, ""zip"": ""10005-2876"", ""city"": ""New York"", ""name"": ""Bull Run Restaurant & Conference Center"", ""brand"": null, ""phone"": null, ""state"": ""NY"", ""address"": ""52 William St"", ""release"": ""2026-07-22.0"", ""website"": null, ""category"": ""restaurant"", ""state_raw"": ""NY"", ""observed_at"": ""2026-07-22T00:00:00+00:00"", ""src_confidence"": 0.95, ""category_source"": ""restaurant"", ""source_record_id"": ""a3f6436e-b997-4388-86a0-895e9f33f14c""}}",'bull':1 'center':5 'confer':4 'new':6 'restaur':3 'run':2 'york':7,2026-07-22 00:00:00+00,overture,62,likely_open,95,50,0,{}
biz_2f15e76e84d1fca9,Start Hotel,hotel,,40.71339416503906,-74.00440216064453,POINT(-74.00440216064453 40.71339416503906),2 Of Americas,New York,NY,10013,,+16463865000,,{overture},,businesses_conflate,1100,2026-07-22 18:44:37.477175+00,2026-07-22 00:00:00+00,70,65,100,63,50,{},"{""overture"": {""lat"": 40.71339416503906, ""lon"": -74.00440216064453, ""zip"": ""10013"", ""city"": ""New York"", ""name"": ""Start Hotel"", ""brand"": null, ""phone"": ""+16463865000"", ""state"": ""NY"", ""address"": ""2 Of Americas"", ""release"": ""2026-07-22.0"", ""website"": null, ""category"": ""hotel"", ""state_raw"": ""NY"", ""observed_at"": ""2026-07-22T00:00:00+00:00"", ""src_confidence"": 0.6046236157417297, ""category_source"": ""hotel"", ""source_record_id"": ""b3acbff5-3a9b-4954-aa87-ecdbe0c3e26a""}}",'hotel':2 'new':3 'start':1 'york':4,2026-07-22 00:00:00+00,overture,62,likely_open,95,50,0,{}
biz_2f19d7a1aac178db,Global Luxury Suites at Greene,hotel,,40.714683532714844,-74.0358657836914,POINT(-74.0358657836914 40.714683532714844),"",Jersey City,NJ,"",,+18448933465,http://www.globalluxurysuites.com/,{overture},,businesses_conflate,1100,2026-07-22 18:44:37.477175+00,2026-07-22 00:00:00+00,73,65,100,75,50,{},"{""overture"": {""lat"": 40.714683532714844, ""lon"": -74.0358657836914, ""zip"": """", ""city"": ""Jersey City"", ""name"": ""Global Luxury Suites at Greene"", ""brand"": null, ""phone"": ""+18448933465"", ""state"": ""NJ"", ""address"": """", ""release"": ""2026-07-22.0"", ""website"": ""http://www.globalluxurysuites.com/"", ""category"": ""hotel"", ""state_raw"": ""NJ"", ""observed_at"": ""2026-07-22T00:00:00+00:00"", ""src_confidence"": 0.46924397349357605, ""category_source"": ""hotel"", ""source_record_id"": ""0bd6772f-c0a9-4c09-9519-55b228b4c42c""}}",'citi':7 'global':1 'green':5 'jersey':6 'luxuri':2 'suit':3,2026-07-22 00:00:00+00,overture,62,likely_open,95,50,0,{}
biz_2f62045addbc5ddc,Forty Carrots,fast_food,,40.72219467163086,-73.99929809570312,POINT(-73.99929809570312 40.72219467163086),504 Broadway,New York,NY,10012-4406,,+12127295155,https://stores.bloomingdales.com.prod.rioseo.com/ny/newyork/forty-carrots_53-fc.html,{overture},,businesses_conflate,1100,2026-07-22 18:44:37.477175+00,2026-07-22 00:00:00+00,73,65,100,75,50,{},"{""overture"": {""lat"": 40.72219467163086, ""lon"": -73.99929809570312, ""zip"": ""10012-4406"", ""city"": ""New York"", ""name"": ""Forty Carrots"", ""brand"": null, ""phone"": ""+12127295155"", ""state"": ""NY"", ""address"": ""504 Broadway"", ""release"": ""2026-07-22.0"", ""website"": ""https://stores.bloomingdales.com.prod.rioseo.com/ny/newyork/forty-carrots_53-fc.html"", ""category"": ""fast_food"", ""state_raw"": ""NY"", ""observed_at"": ""2026-07-22T00:00:00+00:00"", ""src_confidence"": 0.9997552410021424, ""category_source"": ""fast_food_restaurant"", ""source_record_id"": ""8d40a018-830e-48f7-859b-bdd2b078f14b""}}",'carrot':2 'forti':1 'new':3 'york':4,2026-07-22 00:00:00+00,overture,62,likely_open,95,50,0,{}
biz_2fb2e18120f69df3,753 Washington Trattoria Inc,restaurant,,40.736854553222656,-74.00806427001953,POINT(-74.00806427001953 40.736854553222656),753 Washington St,New York,NY,10014-2042,,,davidsonclinic.org,{overture},,businesses_conflate,1100,2026-07-22 18:44:37.477175+00,2026-07-22 00:00:00+00,70,65,100,63,50,{},"{""overture"": {""lat"": 40.736854553222656, ""lon"": -74.00806427001953, ""zip"": ""10014-2042"", ""city"": ""New York"", ""name"": ""753 Washington Trattoria Inc"", ""brand"": null, ""phone"": null, ""state"": ""NY"", ""address"": ""753 Washington St"", ""release"": ""2026-07-22.0"", ""website"": ""davidsonclinic.org"", ""category"": ""restaurant"", ""state_raw"": ""NY"", ""observed_at"": ""2026-07-22T00:00:00+00:00"", ""src_confidence"": 0.95, ""category_source"": ""restaurant"", ""source_record_id"": ""bae2ddfe-ce74-4af6-ad8b-895f9693a618""}}",'753':1 'inc':4 'new':5 'trattoria':3 'washington':2 'york':6,2026-07-22 00:00:00+00,overture,62,likely_open,95,50,0,{}
biz_2fbde46c968aeda5,Mas (la Grillade),restaurant,,40.73046875,-74.00483703613281,POINT(-74.00483703613281 40.73046875),28 7th Ave S,New York,NY,10014-3920,,,maslagrillade.com,{overture},,businesses_conflate,1100,2026-07-22 18:44:37.477175+00,2026-07-22 00:00:00+00,70,65,100,63,50,{},"{""overture"": {""lat"": 40.73046875, ""lon"": -74.00483703613281, ""zip"": ""10014-3920"", ""city"": ""New York"", ""name"": ""Mas (la Grillade)"", ""brand"": null, ""phone"": null, ""state"": ""NY"", ""address"": ""28 7th Ave S"", ""release"": ""2026-07-22.0"", ""website"": ""maslagrillade.com"", ""category"": ""restaurant"", ""state_raw"": ""NY"", ""observed_at"": ""2026-07-22T00:00:00+00:00"", ""src_confidence"": 0.9199122190475464, ""category_source"": ""restaurant"", ""source_record_id"": ""c6694615-1581-43a4-acab-870c0b30ad3a""}}",'grillad':3 'la':2 'mas':1 'new':4 'york':5,2026-07-22 00:00:00+00,overture,62,likely_open,95,50,0,{}
biz_2fc72b619e03ad72,R S Restaurant Equipment Mfg.,restaurant,,40.723670959472656,-73.9931640625,POINT(-73.9931640625 40.723670959472656),272 Bowery,New York,NY,10012-3674,,,,{overture},,businesses_conflate,1100,2026-07-22 18:44:37.477175+00,2026-07-22 00:00:00+00,68,65,100,50,50,{},"{""overture"": {""lat"": 40.723670959472656, ""lon"": -73.9931640625, ""zip"": ""10012-3674"", ""city"": ""New York"", ""name"": ""R S Restaurant Equipment Mfg."", ""brand"": null, ""phone"": null, ""state"": ""NY"", ""address"": ""272 Bowery"", ""release"": ""2026-07-22.0"", ""website"": null, ""category"": ""restaurant"", ""state_raw"": ""NY"", ""observed_at"": ""2026-07-22T00:00:00+00:00"", ""src_confidence"": 0.95, ""category_source"": ""restaurant"", ""source_record_id"": ""7c5acf17-2b79-4171-8ed5-4ca08b157d65""}}",'equip':4 'mfg':5 'new':6 'r':1 'restaur':3 'york':7,2026-07-22 00:00:00+00,overture,62,likely_open,95,50,0,{}
biz_2fce61ae93ebd1c3,RockItCoin Bitcoin ATM,atm_bank,,40.840511322021484,-74.04706573486328,POINT(-74.04706573486328 40.840511322021484),2 E Joseph St,Moonachie,NJ,07074,,8887024826,https://www.rockitcoin.com/,{overture},,businesses_conflate,1100,2026-07-22 18:44:37.477175+00,2026-07-22 00:00:00+00,73,65,100,75,50,{},"{""overture"": {""lat"": 40.840511322021484, ""lon"": -74.04706573486328, ""zip"": ""07074"", ""city"": ""Moonachie"", ""name"": ""RockItCoin Bitcoin ATM"", ""brand"": null, ""phone"": ""8887024826"", ""state"": ""NJ"", ""address"": ""2 E Joseph St"", ""release"": ""2026-07-22.0"", ""website"": ""https://www.rockitcoin.com/"", ""category"": ""atm_bank"", ""state_raw"": ""NJ"", ""observed_at"": ""2026-07-22T00:00:00+00:00"", ""src_confidence"": 0.9305978327989578, ""category_source"": ""atms"", ""source_record_id"": ""cea8b040-6cae-4ae0-b395-f69af6d4b948""}}",'atm':3 'bitcoin':2 'moonachi':4 'rockitcoin':1,2026-07-22 00:00:00+00,overture,62,likely_open,95,50,0,{}
biz_2fe2be467e65e236,NYC Compounding Chemists,pharmacy,,40.71306610107422,-74.00302124023438,POINT(-74.00302124023438 40.71306610107422),144 E 44th St Ste 100,New York,NY,10017,,(646) 212-1187,https://www.compoundpharmacynyc.com,{overture},,businesses_conflate,1100,2026-07-22 18:44:37.477175+00,2026-07-22 00:00:00+00,73,65,100,75,50,{},"{""overture"": {""lat"": 40.71306610107422, ""lon"": -74.00302124023438, ""zip"": ""10017"", ""city"": ""New York"", ""name"": ""NYC Compounding Chemists"", ""brand"": null, ""phone"": ""(646) 212-1187"", ""state"": ""NY"", ""address"": ""144 E 44th St Ste 100"", ""release"": ""2026-07-22.0"", ""website"": ""https://www.compoundpharmacynyc.com"", ""category"": ""pharmacy"", ""state_raw"": ""NY"", ""observed_at"": ""2026-07-22T00:00:00+00:00"", ""src_confidence"": 0.77, ""category_source"": ""pharmacy"", ""source_record_id"": ""d4179be0-bd05-4dab-b1f1-d6a12e150a55""}}",'chemist':3 'compound':2 'new':4 'nyc':1 'york':5,2026-07-22 00:00:00+00,overture,62,likely_open,95,50,0,{}
biz_3000ac807d03ec32,Himawari,cafe,,40.717041015625,-73.99727630615234,POINT(-73.99727630615234 40.717041015625),98 Mott St,New York,NY,10013,,,http://himawarinyc.com,{overture},,businesses_conflate,1100,2026-07-22 18:44:37.477175+00,2026-07-22 00:00:00+00,70,65,100,63,50,{},"{""overture"": {""lat"": 40.717041015625, ""lon"": -73.99727630615234, ""zip"": ""10013"", ""city"": ""New York"", ""name"": ""Himawari"", ""brand"": null, ""phone"": null, ""state"": ""NY"", ""address"": ""98 Mott St"", ""release"": ""2026-07-22.0"", ""website"": ""http://himawarinyc.com"", ""category"": ""cafe"", ""state_raw"": ""NY"", ""observed_at"": ""2026-07-22T00:00:00+00:00"", ""src_confidence"": 0.964084267616272, ""category_source"": ""cafe"", ""source_record_id"": ""f797c5f1-3b56-4cb8-82e1-87c0ae994e9c""}}",'himawari':1 'new':2 'york':3,2026-07-22 00:00:00+00,overture,62,likely_open,95,50,0,{}
biz_3023ab6924630026,Goody Food Corp,grocery,,40.71745300292969,-73.99492645263672,POINT(-73.99492645263672 40.71745300292969),101 Bowery,New York,NY,10002-4900,,+12124316458,,{overture},,businesses_conflate,1100,2026-07-22 18:44:37.477175+00,2026-07-22 00:00:00+00,70,65,100,63,50,{},"{""overture"": {""lat"": 40.71745300292969, ""lon"": -73.99492645263672, ""zip"": ""10002-4900"", ""city"": ""New York"", ""name"": ""Goody Food Corp"", ""brand"": null, ""phone"": ""+12124316458"", ""state"": ""NY"", ""address"": ""101 Bowery"", ""release"": ""2026-07-22.0"", ""website"": null, ""category"": ""grocery"", ""state_raw"": ""NY"", ""observed_at"": ""2026-07-22T00:00:00+00:00"", ""src_confidence"": 0.55, ""category_source"": ""grocery_store"", ""source_record_id"": ""6d63d8e9-97f5-4c6d-96cc-0d1cc007757b""}}",'corp':3 'food':2 'goodi':1 'new':4 'york':5,2026-07-22 00:00:00+00,overture,62,likely_open,95,50,0,{}
biz_302cb39d10203980,Dunkin',restaurant,,40.84432601928711,-74.04276275634766,POINT(-74.04276275634766 40.84432601928711),31 Liberty St,Little Ferry,NJ,07643-2323,,+12018141002,https://www.sonicdrivein.com,{overture},,businesses_conflate,1100,2026-07-22 18:44:37.477175+00,2026-07-22 00:00:00+00,73,65,100,75,50,{},"{""overture"": {""lat"": 40.84432601928711, ""lon"": -74.04276275634766, ""zip"": ""07643-2323"", ""city"": ""Little Ferry"", ""name"": ""Dunkin'"", ""brand"": null, ""phone"": ""+12018141002"", ""state"": ""NJ"", ""address"": ""31 Liberty St"", ""release"": ""2026-07-22.0"", ""website"": ""https://www.sonicdrivein.com"", ""category"": ""restaurant"", ""state_raw"": ""NJ"", ""observed_at"": ""2026-07-22T00:00:00+00:00"", ""src_confidence"": 0.9199122190475464, ""category_source"": ""restaurant"", ""source_record_id"": ""13bd272c-fc3b-4e47-b33a-b51c3fca8d2a""}}",'dunkin':1 'ferri':3 'littl':2,2026-07-22 00:00:00+00,overture,62,likely_open,95,50,0,{}
biz_30332eb2a78bbaa0,Conwell Coffee & Cocktail Hall,cafe,,40.7054328918457,-74.0091552734375,POINT(-74.0091552734375 40.7054328918457),6 Hanover St,New York,NY,10005,,+16464125747,,{overture},,businesses_conflate,1100,2026-07-22 18:44:37.477175+00,2026-07-22 00:00:00+00,70,65,100,63,50,{},"{""overture"": {""lat"": 40.7054328918457, ""lon"": -74.0091552734375, ""zip"": ""10005"", ""city"": ""New York"", ""name"": ""Conwell Coffee & Cocktail Hall"", ""brand"": null, ""phone"": ""+16464125747"", ""state"": ""NY"", ""address"": ""6 Hanover St"", ""release"": ""2026-07-22.0"", ""website"": null, ""category"": ""cafe"", ""state_raw"": ""NY"", ""observed_at"": ""2026-07-22T00:00:00+00:00"", ""src_confidence"": 0.9902192950248718, ""category_source"": ""coffee_shop"", ""source_record_id"": ""dae89430-01c2-4b7a-8cdb-a46db714087a""}}",'cocktail':3 'coffe':2 'conwel':1 'hall':4 'new':5 'york':6,2026-07-22 00:00:00+00,overture,62,likely_open,95,50,0,{}
biz_303c1dab0a82abcf,PNC Bank,atm_bank,PNC,40.737369537353516,-74.02861785888672,POINT(-74.02861785888672 40.737369537353516),111 River St,Hoboken,NJ,07030-5773,,+12012168659,https://locator.pnc.com/en/details/nj/hoboken/branch/111-river-st?lnksrc=branch-listing-facebook,{overture},,businesses_conflate,1100,2026-07-22 18:44:37.477175+00,2026-07-22 00:00:00+00,78,65,100,100,50,{},"{""overture"": {""lat"": 40.737369537353516, ""lon"": -74.02861785888672, ""zip"": ""07030-5773"", ""city"": ""Hoboken"", ""name"": ""PNC Bank"", ""brand"": ""PNC"", ""phone"": ""+12012168659"", ""state"": ""NJ"", ""address"": ""111 River St"", ""release"": ""2026-07-22.0"", ""website"": ""https://locator.pnc.com/en/details/nj/hoboken/branch/111-river-st?lnksrc=branch-listing-facebook"", ""category"": ""atm_bank"", ""state_raw"": ""NJ"", ""observed_at"": ""2026-07-22T00:00:00+00:00"", ""src_confidence"": 0.9902192950248718, ""category_source"": ""banks"", ""source_record_id"": ""4a657453-024d-472b-abde-92906a92aa73""}}","'bank':2 'hoboken':4 'pnc':1,3",2026-07-22 00:00:00+00,overture,62,likely_open,95,50,0,{}
biz_304806afc1429061,Gourmet Garage,grocery,Gourmet Garage,40.736610412597656,-74.00601959228516,POINT(-74.00601959228516 40.736610412597656),585 Hudson St,New York,NY,10014-2115,,+12128356910,http://www.gourmetgarage.com/,{overture},,businesses_conflate,1100,2026-07-22 18:44:37.477175+00,2026-07-22 00:00:00+00,78,65,100,100,50,{},"{""overture"": {""lat"": 40.736610412597656, ""lon"": -74.00601959228516, ""zip"": ""10014-2115"", ""city"": ""New York"", ""name"": ""Gourmet Garage"", ""brand"": ""Gourmet Garage"", ""phone"": ""+12128356910"", ""state"": ""NY"", ""address"": ""585 Hudson St"", ""release"": ""2026-07-22.0"", ""website"": ""http://www.gourmetgarage.com/"", ""category"": ""grocery"", ""state_raw"": ""NY"", ""observed_at"": ""2026-07-22T00:00:00+00:00"", ""src_confidence"": 0.9722161889076233, ""category_source"": ""supermarket"", ""source_record_id"": ""fb6a549e-31be-43b0-a3c7-e9827147a708""}}","'garag':2,4 'gourmet':1,3 'new':5 'york':6",2026-07-22 00:00:00+00,overture,62,likely_open,95,50,0,{}
biz_307e3c2165b38e0b,Bzfw Llc,restaurant,,40.7369499206543,-74.03070068359375,POINT(-74.03070068359375 40.7369499206543),89 Washington St,Hoboken,NJ,07030-4526,,,,{overture},,businesses_conflate,1100,2026-07-22 18:44:37.477175+00,2026-07-22 00:00:00+00,68,65,100,50,50,{},"{""overture"": {""lat"": 40.7369499206543, ""lon"": -74.03070068359375, ""zip"": ""07030-4526"", ""city"": ""Hoboken"", ""name"": ""Bzfw Llc"", ""brand"": null, ""phone"": null, ""state"": ""NJ"", ""address"": ""89 Washington St"", ""release"": ""2026-07-22.0"", ""website"": null, ""category"": ""restaurant"", ""state_raw"": ""NJ"", ""observed_at"": ""2026-07-22T00:00:00+00:00"", ""src_confidence"": 0.95, ""category_source"": ""restaurant"", ""source_record_id"": ""cbcd509c-4e9d-429f-97fb-37c427574d14""}}",'bzfw':1 'hoboken':3 'llc':2,2026-07-22 00:00:00+00,overture,62,likely_open,95,50,0,{}
biz_3092de176a33314c,Auntie Anne's WTC L1,fast_food,Auntie Anne's,40.711524963378906,-74.01133728027344,POINT(-74.01133728027344 40.711524963378906),185 Greenwich St. WTC Oculus L1 Space#LL5130,New York,NY,10007,,,https://locations.auntieannes.com/ny/new-york/185-greenwich-st-wtc-oculus-l1,{overture},,businesses_conflate,1100,2026-07-22 18:44:37.477175+00,2026-07-22 00:00:00+00,75,65,100,88,50,{},"{""overture"": {""lat"": 40.711524963378906, ""lon"": -74.01133728027344, ""zip"": ""10007"", ""city"": ""New York"", ""name"": ""Auntie Anne's WTC L1"", ""brand"": ""Auntie Anne's"", ""phone"": null, ""state"": ""NY"", ""address"": ""185 Greenwich St. WTC Oculus L1 Space#LL5130"", ""release"": ""2026-07-22.0"", ""website"": ""https://locations.auntieannes.com/ny/new-york/185-greenwich-st-wtc-oculus-l1"", ""category"": ""fast_food"", ""state_raw"": ""NY"", ""observed_at"": ""2026-07-22T00:00:00+00:00"", ""src_confidence"": 0.8, ""category_source"": ""fast_food_restaurant"", ""source_record_id"": ""084c64d7-0170-4325-90d7-3200ea393321""}}","'ann':2,7 'aunti':1,6 'l1':5 'new':9 'wtc':4 'york':10",2026-07-22 00:00:00+00,overture,62,likely_open,95,50,0,{}
biz_3098866beb5390b8,Soca Entertainment Llc Dba Concept Dba The Crown Dba Rice An,restaurant,,40.71828079223633,-74,POINT(-74 40.71828079223633),183 Centre St Fl 6,New York,NY,10013-4118,,,,{overture},,businesses_conflate,1100,2026-07-22 18:44:37.477175+00,2026-07-22 00:00:00+00,68,65,100,50,50,{},"{""overture"": {""lat"": 40.71828079223633, ""lon"": -74, ""zip"": ""10013-4118"", ""city"": ""New York"", ""name"": ""Soca Entertainment Llc Dba Concept Dba The Crown Dba Rice An"", ""brand"": null, ""phone"": null, ""state"": ""NY"", ""address"": ""183 Centre St Fl 6"", ""release"": ""2026-07-22.0"", ""website"": null, ""category"": ""restaurant"", ""state_raw"": ""NY"", ""observed_at"": ""2026-07-22T00:00:00+00:00"", ""src_confidence"": 0.95, ""category_source"": ""restaurant"", ""source_record_id"": ""2e3809b5-66a0-4594-870b-89c5155e02e4""}}","'concept':5 'crown':8 'dba':4,6,9 'entertain':2 'llc':3 'new':12 'rice':10 'soca':1 'york':13",2026-07-22 00:00:00+00,overture,62,likely_open,95,50,0,{}
biz_30a1ebc19a8383fa,Dunkin',cafe,Dunkin',40.713985443115234,-74.00884246826172,POINT(-74.00884246826172 40.713985443115234),130 Church St,New York,NY,10007-2226,,+12126083512,https://locations.dunkindonuts.com/en/ny/new-york/130-church-st/340611?utm_source=facebook&utm_medium=local&utm_campaign=localmaps&utm_content=340611&y_source=1_MTIxMDkyODAtNTU5LWxvY2F0aW9uLndlYnNpdGU%3D,{overture},,businesses_conflate,1100,2026-07-22 18:44:37.477175+00,2026-07-22 00:00:00+00,78,65,100,100,50,{},"{""overture"": {""lat"": 40.713985443115234, ""lon"": -74.00884246826172, ""zip"": ""10007-2226"", ""city"": ""New York"", ""name"": ""Dunkin'"", ""brand"": ""Dunkin'"", ""phone"": ""+12126083512"", ""state"": ""NY"", ""address"": ""130 Church St"", ""release"": ""2026-07-22.0"", ""website"": ""https://locations.dunkindonuts.com/en/ny/new-york/130-church-st/340611?utm_source=facebook&utm_medium=local&utm_campaign=localmaps&utm_content=340611&y_source=1_MTIxMDkyODAtNTU5LWxvY2F0aW9uLndlYnNpdGU%3D"", ""category"": ""cafe"", ""state_raw"": ""NY"", ""observed_at"": ""2026-07-22T00:00:00+00:00"", ""src_confidence"": 0.9762076735496521, ""category_source"": ""coffee_shop"", ""source_record_id"": ""347a7cf3-e19a-499d-9aa3-d64ed411348d""}}","'dunkin':1,2 'new':3 'york':4",2026-07-22 00:00:00+00,overture,62,likely_open,95,50,0,{}
biz_30aaaf4a619fbd99,Newport Valero,fuel_station,Valero,40.73149871826172,-74.04151153564453,POINT(-74.04151153564453 40.73149871826172),193 14TH ST,JERSEY CITY,NJ,07310-1235,,,https://locations.valero.com/en-us/LocationDetails/Index/193-14TH-ST/0000008643,{overture},,businesses_conflate,1100,2026-07-22 18:44:37.477175+00,2026-07-22 00:00:00+00,75,65,100,88,50,{},"{""overture"": {""lat"": 40.73149871826172, ""lon"": -74.04151153564453, ""zip"": ""07310-1235"", ""city"": ""JERSEY CITY"", ""name"": ""Newport Valero"", ""brand"": ""Valero"", ""phone"": null, ""state"": ""NJ"", ""address"": ""193 14TH ST"", ""release"": ""2026-07-22.0"", ""website"": ""https://locations.valero.com/en-us/LocationDetails/Index/193-14TH-ST/0000008643"", ""category"": ""fuel_station"", ""state_raw"": ""NJ"", ""observed_at"": ""2026-07-22T00:00:00+00:00"", ""src_confidence"": 0.8, ""category_source"": ""gas_station"", ""source_record_id"": ""d6d6e5af-f231-47b7-a6b6-701c16687d9f""}}","'citi':5 'jersey':4 'newport':1 'valero':2,3",2026-08-11 21:11:13+00,chain_sites,93,open,99,80,100,"{""chain_confirmed:Penske Truck Rental""}"
biz_30adcb4820c177bc,Riverside Market,grocery,,40.709686279296875,-74.01724243164062,POINT(-74.01724243164062 40.709686279296875),300 Albany St,New York,NY,10280-1404,,12129450500,riverside-marketplace.com,{overture},,businesses_conflate,1100,2026-07-22 18:44:37.477175+00,2026-07-22 00:00:00+00,73,65,100,75,50,{},"{""overture"": {""lat"": 40.709686279296875, ""lon"": -74.01724243164062, ""zip"": ""10280-1404"", ""city"": ""New York"", ""name"": ""Riverside Market"", ""brand"": null, ""phone"": ""12129450500"", ""state"": ""NY"", ""address"": ""300 Albany St"", ""release"": ""2026-07-22.0"", ""website"": ""riverside-marketplace.com"", ""category"": ""grocery"", ""state_raw"": ""NY"", ""observed_at"": ""2026-07-22T00:00:00+00:00"", ""src_confidence"": 0.9752114862203598, ""category_source"": ""grocery_store"", ""source_record_id"": ""6221a427-9082-4179-9275-854179226c4c""}}",'market':2 'new':3 'riversid':1 'york':4,2026-07-22 00:00:00+00,overture,62,likely_open,95,50,0,{}
biz_30bd10ddb31688e2,TeazertTea,restaurant,,40.702396392822266,-74.01123809814453,POINT(-74.01123809814453 40.702396392822266),"New York Plz, New York, NY 10004, United States",New York,NY,10004,,+17185300790,http://teazerttea.com/,{overture},,businesses_conflate,1100,2026-07-22 18:44:37.477175+00,2026-07-22 00:00:00+00,73,65,100,75,50,{},"{""overture"": {""lat"": 40.702396392822266, ""lon"": -74.01123809814453, ""zip"": ""10004"", ""city"": ""New York"", ""name"": ""TeazertTea"", ""brand"": null, ""phone"": ""+17185300790"", ""state"": ""NY"", ""address"": ""New York Plz, New York, NY 10004, United States"", ""release"": ""2026-07-22.0"", ""website"": ""http://teazerttea.com/"", ""category"": ""restaurant"", ""state_raw"": ""NY"", ""observed_at"": ""2026-07-22T00:00:00+00:00"", ""src_confidence"": 0.058903779834508896, ""category_source"": ""restaurant"", ""source_record_id"": ""baf8bd29-2e53-4c8b-87f6-ce95606f7614""}}",'new':2 'teazerttea':1 'york':3,2026-07-22 00:00:00+00,overture,62,likely_open,95,50,0,{}
biz_30c36869536000dd,Symphony Cleaners,laundry,,40.73329544067383,-73.99211120605469,POINT(-73.99211120605469 40.73329544067383),40 E 12th St,New York,NY,10003,,(212) 228-3003,http://www.symphonycleaners.com,{overture},,businesses_conflate,1100,2026-07-22 18:44:37.477175+00,2026-07-22 00:00:00+00,73,65,100,75,50,{},"{""overture"": {""lat"": 40.73329544067383, ""lon"": -73.99211120605469, ""zip"": ""10003"", ""city"": ""New York"", ""name"": ""Symphony Cleaners"", ""brand"": null, ""phone"": ""(212) 228-3003"", ""state"": ""NY"", ""address"": ""40 E 12th St"", ""release"": ""2026-07-22.0"", ""website"": ""http://www.symphonycleaners.com"", ""category"": ""laundry"", ""state_raw"": ""NY"", ""observed_at"": ""2026-07-22T00:00:00+00:00"", ""src_confidence"": 0.9199122190475464, ""category_source"": ""laundry_services"", ""source_record_id"": ""74c617a7-c381-4cde-909c-9a2c8bd54e38""}}",'cleaner':2 'new':3 'symphoni':1 'york':4,2026-07-22 00:00:00+00,overture,62,likely_open,95,50,0,{}
biz_30d2dec83bc09f41,Chanto,restaurant,,40.73453903198242,-74.00193786621094,POINT(-74.00193786621094 40.73453903198242),133 7th Ave S,New York,NY,10014,,(212) 463-8686,http://www.chantonyc.com,{overture},,businesses_conflate,1100,2026-07-22 18:44:37.477175+00,2026-07-22 00:00:00+00,73,65,100,75,50,{},"{""overture"": {""lat"": 40.73453903198242, ""lon"": -74.00193786621094, ""zip"": ""10014"", ""city"": ""New York"", ""name"": ""Chanto"", ""brand"": null, ""phone"": ""(212) 463-8686"", ""state"": ""NY"", ""address"": ""133 7th Ave S"", ""release"": ""2026-07-22.0"", ""website"": ""http://www.chantonyc.com"", ""category"": ""restaurant"", ""state_raw"": ""NY"", ""observed_at"": ""2026-07-22T00:00:00+00:00"", ""src_confidence"": 0.9199122190475464, ""category_source"": ""restaurant"", ""source_record_id"": ""714167f4-e65e-4db8-97bb-3382d333c9ec""}}",'chanto':1 'new':2 'york':3,2026-07-22 00:00:00+00,overture,62,likely_open,95,50,0,{}
biz_30dcfe45238f2b1a,San Marino Ristorante,restaurant,,40.72697830200195,-74.00611877441406,POINT(-74.00611877441406 40.72697830200195),66 Charlton St,New York,NY,10014-4601,,+12122063766,https://sanmartinrestaurantny.com,{overture},,businesses_conflate,1100,2026-07-22 18:44:37.477175+00,2026-07-22 00:00:00+00,73,65,100,75,50,{},"{""overture"": {""lat"": 40.72697830200195, ""lon"": -74.00611877441406, ""zip"": ""10014-4601"", ""city"": ""New York"", ""name"": ""San Marino Ristorante"", ""brand"": null, ""phone"": ""+12122063766"", ""state"": ""NY"", ""address"": ""66 Charlton St"", ""release"": ""2026-07-22.0"", ""website"": ""https://sanmartinrestaurantny.com"", ""category"": ""restaurant"", ""state_raw"": ""NY"", ""observed_at"": ""2026-07-22T00:00:00+00:00"", ""src_confidence"": 0.55, ""category_source"": ""restaurant"", ""source_record_id"": ""f62ab99d-f4ea-4bd5-b2f7-5fe3aa7e768f""}}",'marino':2 'new':4 'ristorant':3 'san':1 'york':5,2026-07-22 00:00:00+00,overture,62,likely_open,95,50,0,{}
biz_30e01cef6dc725a5,160 Broadway Health & Medical,restaurant,,40.709346771240234,-74.00997924804688,POINT(-74.00997924804688 40.709346771240234),160 Broadway,New York,NY,10038-4201,,+12122273363,,{overture},,businesses_conflate,1100,2026-07-22 18:44:37.477175+00,2026-07-22 00:00:00+00,70,65,100,63,50,{},"{""overture"": {""lat"": 40.709346771240234, ""lon"": -74.00997924804688, ""zip"": ""10038-4201"", ""city"": ""New York"", ""name"": ""160 Broadway Health & Medical"", ""brand"": null, ""phone"": ""+12122273363"", ""state"": ""NY"", ""address"": ""160 Broadway"", ""release"": ""2026-07-22.0"", ""website"": null, ""category"": ""restaurant"", ""state_raw"": ""NY"", ""observed_at"": ""2026-07-22T00:00:00+00:00"", ""src_confidence"": 0.3363746404647827, ""category_source"": ""restaurant"", ""source_record_id"": ""01d27193-499e-485f-8430-7ed9f03994b7""}}",'160':1 'broadway':2 'health':3 'medic':4 'new':5 'york':6,2026-07-22 00:00:00+00,overture,62,likely_open,95,50,0,{}
biz_310d30ccf4a94b93,Primo's,restaurant,,40.71549606323242,-74.00892639160156,POINT(-74.00892639160156 40.71549606323242),129 Chambers St,New York,NY,10007,,+19175123432,http://primostribeca.com/,{overture},,businesses_conflate,1100,2026-07-22 18:44:37.477175+00,2026-07-22 00:00:00+00,73,65,100,75,50,{},"{""overture"": {""lat"": 40.71549606323242, ""lon"": -74.00892639160156, ""zip"": ""10007"", ""city"": ""New York"", ""name"": ""Primo's"", ""brand"": null, ""phone"": ""+19175123432"", ""state"": ""NY"", ""address"": ""129 Chambers St"", ""release"": ""2026-07-22.0"", ""website"": ""http://primostribeca.com/"", ""category"": ""restaurant"", ""state_raw"": ""NY"", ""observed_at"": ""2026-07-22T00:00:00+00:00"", ""src_confidence"": 0.9902192950248718, ""category_source"": ""restaurant"", ""source_record_id"": ""8af038c7-ddc4-4bc2-b7c2-3ccfa944de13""}}",'new':3 'primo':1 'york':4,2026-07-22 00:00:00+00,overture,62,likely_open,95,50,0,{}
biz_31190a2ecf7d590f,10 Exchange Coffee And Bakery Llc,restaurant,,40.71666717529297,-74.0333023071289,POINT(-74.0333023071289 40.71666717529297),10 Exchange Pl,Jersey City,NJ,07302-3918,,,,{overture},,businesses_conflate,1100,2026-07-22 18:44:37.477175+00,2026-07-22 00:00:00+00,68,65,100,50,50,{},"{""overture"": {""lat"": 40.71666717529297, ""lon"": -74.0333023071289, ""zip"": ""07302-3918"", ""city"": ""Jersey City"", ""name"": ""10 Exchange Coffee And Bakery Llc"", ""brand"": null, ""phone"": null, ""state"": ""NJ"", ""address"": ""10 Exchange Pl"", ""release"": ""2026-07-22.0"", ""website"": null, ""category"": ""restaurant"", ""state_raw"": ""NJ"", ""observed_at"": ""2026-07-22T00:00:00+00:00"", ""src_confidence"": 0.95, ""category_source"": ""restaurant"", ""source_record_id"": ""830f309f-9081-42a5-a96c-d91430389a78""}}",'10':1 'bakeri':5 'citi':8 'coffe':3 'exchang':2 'jersey':7 'llc':6,2026-07-22 00:00:00+00,overture,62,likely_open,95,50,0,{}
biz_3119eebca0aea8a8,ARP TV Repair & Exchange,hotel,,40.712669372558594,-74.0036849975586,POINT(-74.0036849975586 40.712669372558594),ason bangemuda,New York,NY,,,+9779846387495,,{overture},,businesses_conflate,1100,2026-07-22 18:44:37.477175+00,2026-07-22 00:00:00+00,68,65,100,50,50,{},"{""overture"": {""lat"": 40.712669372558594, ""lon"": -74.0036849975586, ""zip"": null, ""city"": ""New York"", ""name"": ""ARP TV Repair & Exchange"", ""brand"": null, ""phone"": ""+9779846387495"", ""state"": ""NY"", ""address"": ""ason bangemuda"", ""release"": ""2026-07-22.0"", ""website"": null, ""category"": ""hotel"", ""state_raw"": ""NY"", ""observed_at"": ""2026-07-22T00:00:00+00:00"", ""src_confidence"": 0.2732853591442108, ""category_source"": ""hotel"", ""source_record_id"": ""328698f7-21ae-4ede-b328-60a54dbed98f""}}",'arp':1 'exchang':4 'new':5 'repair':3 'tv':2 'york':6,2026-07-22 00:00:00+00,overture,62,likely_open,95,50,0,{}
biz_31223c0e79fb0424,Lg Fashion,restaurant,,40.719818115234375,-73.99945068359375,POINT(-73.99945068359375 40.719818115234375),158 Lafayette St # 164,New York,NY,10013-3253,,,,{overture},,businesses_conflate,1100,2026-07-22 18:44:37.477175+00,2026-07-22 00:00:00+00,68,65,100,50,50,{},"{""overture"": {""lat"": 40.719818115234375, ""lon"": -73.99945068359375, ""zip"": ""10013-3253"", ""city"": ""New York"", ""name"": ""Lg Fashion"", ""brand"": null, ""phone"": null, ""state"": ""NY"", ""address"": ""158 Lafayette St # 164"", ""release"": ""2026-07-22.0"", ""website"": null, ""category"": ""restaurant"", ""state_raw"": ""NY"", ""observed_at"": ""2026-07-22T00:00:00+00:00"", ""src_confidence"": 0.95, ""category_source"": ""restaurant"", ""source_record_id"": ""0abe5e96-eaa1-43cf-b5b5-c569b5499093""}}",'fashion':2 'lg':1 'new':3 'york':4,2026-07-22 00:00:00+00,overture,62,likely_open,95,50,0,{}
biz_313b582749ff7210,Red Velvet Productions Llc,restaurant,,40.72664260864258,-74.00237274169922,POINT(-74.00237274169922 40.72664260864258),191 Prince St,New York,NY,10012-2954,,,,{overture},,businesses_conflate,1100,2026-07-22 18:44:37.477175+00,2026-07-22 00:00:00+00,68,65,100,50,50,{},"{""overture"": {""lat"": 40.72664260864258, ""lon"": -74.00237274169922, ""zip"": ""10012-2954"", ""city"": ""New York"", ""name"": ""Red Velvet Productions Llc"", ""brand"": null, ""phone"": null, ""state"": ""NY"", ""address"": ""191 Prince St"", ""release"": ""2026-07-22.0"", ""website"": null, ""category"": ""restaurant"", ""state_raw"": ""NY"", ""observed_at"": ""2026-07-22T00:00:00+00:00"", ""src_confidence"": 0.95, ""category_source"": ""restaurant"", ""source_record_id"": ""3029352e-6789-4158-8154-095e2c3d3ee4""}}",'llc':4 'new':5 'product':3 'red':1 'velvet':2 'york':6,2026-07-22 00:00:00+00,overture,62,likely_open,95,50,0,{}
biz_314df58475c9bba7,Open Routing,grocery,,40.727359771728516,-74.00577545166016,POINT(-74.00577545166016 40.727359771728516),175 Varick St,New York,NY,10014-4604,,,www.open-routing.com,{overture},,businesses_conflate,1100,2026-07-22 18:44:37.477175+00,2026-07-22 00:00:00+00,70,65,100,63,50,{},"{""overture"": {""lat"": 40.727359771728516, ""lon"": -74.00577545166016, ""zip"": ""10014-4604"", ""city"": ""New York"", ""name"": ""Open Routing"", ""brand"": null, ""phone"": null, ""state"": ""NY"", ""address"": ""175 Varick St"", ""release"": ""2026-07-22.0"", ""website"": ""www.open-routing.com"", ""category"": ""grocery"", ""state_raw"": ""NY"", ""observed_at"": ""2026-07-22T00:00:00+00:00"", ""src_confidence"": 0.9199122190475464, ""category_source"": ""grocery_store"", ""source_record_id"": ""f1ac8066-1674-47c2-96ac-06f24977d20b""}}",'new':3 'open':1 'rout':2 'york':4,2026-07-22 00:00:00+00,overture,62,likely_open,95,50,0,{}
biz_3165fbe6f38d0889,Café Hestia,cafe,,40.707332611083984,-74.00775146484375,POINT(-74.00775146484375 40.707332611083984),80 Maiden Ln,New York,NY,10038-1438,,+19172617005,,{overture},,businesses_conflate,1100,2026-07-22 18:44:37.477175+00,2026-07-22 00:00:00+00,70,65,100,63,50,{},"{""overture"": {""lat"": 40.707332611083984, ""lon"": -74.00775146484375, ""zip"": ""10038-1438"", ""city"": ""New York"", ""name"": ""Café Hestia"", ""brand"": null, ""phone"": ""+19172617005"", ""state"": ""NY"", ""address"": ""80 Maiden Ln"", ""release"": ""2026-07-22.0"", ""website"": null, ""category"": ""cafe"", ""state_raw"": ""NY"", ""observed_at"": ""2026-07-22T00:00:00+00:00"", ""src_confidence"": 0.9902192950248718, ""category_source"": ""cafe"", ""source_record_id"": ""41f63641-1583-4521-a1fd-949f62a228f1""}}",'café':1 'hestia':2 'new':3 'york':4,2026-07-22 00:00:00+00,overture,62,likely_open,95,50,0,{}
biz_316af91c2dfeebe4,The View At Battery Park Nyc Inc,restaurant,,40.704524993896484,-74.0098876953125,POINT(-74.0098876953125 40.704524993896484),1 Hanover Sq,New York,NY,10004-2601,,,,{overture},,businesses_conflate,1100,2026-07-22 18:44:37.477175+00,2026-07-22 00:00:00+00,68,65,100,50,50,{},"{""overture"": {""lat"": 40.704524993896484, ""lon"": -74.0098876953125, ""zip"": ""10004-2601"", ""city"": ""New York"", ""name"": ""The View At Battery Park Nyc Inc"", ""brand"": null, ""phone"": null, ""state"": ""NY"", ""address"": ""1 Hanover Sq"", ""release"": ""2026-07-22.0"", ""website"": null, ""category"": ""restaurant"", ""state_raw"": ""NY"", ""observed_at"": ""2026-07-22T00:00:00+00:00"", ""src_confidence"": 0.95, ""category_source"": ""restaurant"", ""source_record_id"": ""4a353d8f-7e34-4c7d-80b1-38c586e23c6e""}}",'batteri':4 'inc':7 'new':8 'nyc':6 'park':5 'view':2 'york':9,2026-07-22 00:00:00+00,overture,62,likely_open,95,50,0,{}
biz_3186556ee5ec3630,Exxon,fuel_station,Exxon & Mobil Stations,40.735313415527344,-74.04376220703125,POINT(-74.04376220703125 40.735313415527344),854 Jersey Ave,Jersey City,NJ,07310-1109,,+12016263020,https://www.exxon.com/en,{overture},,businesses_conflate,1100,2026-07-22 18:44:37.477175+00,2026-07-22 00:00:00+00,78,65,100,100,50,{},"{""overture"": {""lat"": 40.735313415527344, ""lon"": -74.04376220703125, ""zip"": ""07310-1109"", ""city"": ""Jersey City"", ""name"": ""Exxon"", ""brand"": ""Exxon & Mobil Stations"", ""phone"": ""+12016263020"", ""state"": ""NJ"", ""address"": ""854 Jersey Ave"", ""release"": ""2026-07-22.0"", ""website"": ""https://www.exxon.com/en"", ""category"": ""fuel_station"", ""state_raw"": ""NJ"", ""observed_at"": ""2026-07-22T00:00:00+00:00"", ""src_confidence"": 0.9996403240859508, ""category_source"": ""gas_station"", ""source_record_id"": ""abc3cbdf-2255-4e1b-97c4-e59b98f39e19""}}","'citi':6 'exxon':1,2 'jersey':5 'mobil':3 'station':4",2026-07-22 00:00:00+00,overture,62,likely_open,95,50,0,{}
biz_31895823b775b66e,Siminou Wealth Management,atm_bank,,40.70515823364258,-74.0159912109375,POINT(-74.0159912109375 40.70515823364258),17 Battery Pl Ste 625,New York,NY,10004,,5166477146,https://www.siminouwealthmanagement.com/,{overture},,businesses_conflate,1100,2026-07-22 18:44:37.477175+00,2026-07-22 00:00:00+00,73,65,100,75,50,{},"{""overture"": {""lat"": 40.70515823364258, ""lon"": -74.0159912109375, ""zip"": ""10004"", ""city"": ""New York"", ""name"": ""Siminou Wealth Management"", ""brand"": null, ""phone"": ""5166477146"", ""state"": ""NY"", ""address"": ""17 Battery Pl Ste 625"", ""release"": ""2026-07-22.0"", ""website"": ""https://www.siminouwealthmanagement.com/"", ""category"": ""atm_bank"", ""state_raw"": ""NY"", ""observed_at"": ""2026-07-22T00:00:00+00:00"", ""src_confidence"": 0.9199122190475464, ""category_source"": ""bank_credit_union"", ""source_record_id"": ""92ae66d2-e979-468d-a3f0-9c1128cc030d""}}",'manag':3 'new':4 'siminou':1 'wealth':2 'york':5,2026-07-22 00:00:00+00,overture,62,likely_open,95,50,0,{}
biz_3199b90c5f34a2ca,Oliver Coffee,cafe,,40.70730209350586,-74.01151275634766,POINT(-74.01151275634766 40.70730209350586),5 Oliver St,New York,NY,10038-1044,,,http://www.olivercoffee.com,{overture},,businesses_conflate,1100,2026-07-22 18:44:37.477175+00,2026-07-22 00:00:00+00,70,65,100,63,50,{},"{""overture"": {""lat"": 40.70730209350586, ""lon"": -74.01151275634766, ""zip"": ""10038-1044"", ""city"": ""New York"", ""name"": ""Oliver Coffee"", ""brand"": null, ""phone"": null, ""state"": ""NY"", ""address"": ""5 Oliver St"", ""release"": ""2026-07-22.0"", ""website"": ""http://www.olivercoffee.com"", ""category"": ""cafe"", ""state_raw"": ""NY"", ""observed_at"": ""2026-07-22T00:00:00+00:00"", ""src_confidence"": 0.95, ""category_source"": ""coffee_shop"", ""source_record_id"": ""0e91611b-e6d9-43eb-9b34-c5f815066758""}}",'coffe':2 'new':3 'oliv':1 'york':4,2026-07-22 00:00:00+00,overture,62,likely_open,95,50,0,{}
biz_31ae8daa944d5182,Riverboat coffee house,cafe,,40.7297248840332,-74.00054168701172,POINT(-74.00054168701172 40.7297248840332),,New York,NY,,,,,{overture},,businesses_conflate,1100,2026-07-22 18:44:37.477175+00,2026-07-22 00:00:00+00,60,65,100,13,50,{},"{""overture"": {""lat"": 40.7297248840332, ""lon"": -74.00054168701172, ""zip"": null, ""city"": ""New York"", ""name"": ""Riverboat coffee house"", ""brand"": null, ""phone"": null, ""state"": ""NY"", ""address"": null, ""release"": ""2026-07-22.0"", ""website"": null, ""category"": ""cafe"", ""state_raw"": ""NY"", ""observed_at"": ""2026-07-22T00:00:00+00:00"", ""src_confidence"": 0.7933900356292725, ""category_source"": ""coffee_shop"", ""source_record_id"": ""722a5919-9e8b-4a4e-8e9b-88debd27a1e6""}}",'coffe':2 'hous':3 'new':4 'riverboat':1 'york':5,2026-07-22 00:00:00+00,overture,62,likely_open,95,50,0,{}
biz_31b15c8dbf6390e7,Capital One Café,atm_bank,,40.72369384765625,-73.99821472167969,POINT(-73.99821472167969 40.72369384765625),555 Broadway,New York,NY,10012,,2129815678,"",{overture},,businesses_conflate,1100,2026-07-22 18:44:37.477175+00,2026-07-22 00:00:00+00,73,65,100,75,50,{},"{""overture"": {""lat"": 40.72369384765625, ""lon"": -73.99821472167969, ""zip"": ""10012"", ""city"": ""New York"", ""name"": ""Capital One Café"", ""brand"": null, ""phone"": ""2129815678"", ""state"": ""NY"", ""address"": ""555 Broadway"", ""release"": ""2026-07-22.0"", ""website"": """", ""category"": ""atm_bank"", ""state_raw"": ""NY"", ""observed_at"": ""2026-07-22T00:00:00+00:00"", ""src_confidence"": 0.9902192950248718, ""category_source"": ""bank_credit_union"", ""source_record_id"": ""e4f8788d-3ad2-4339-9767-e15fa03cd5b6""}}",'café':3 'capit':1 'new':4 'one':2 'york':5,2026-07-22 00:00:00+00,overture,62,likely_open,95,50,0,{}
biz_31dad8935a20b7a7,Evacuation Day Plaza,hotel,,40.705406188964844,-74.01350402832031,POINT(-74.01350402832031 40.705406188964844),Broadway & Whitehall St,New York,NY,10004,,,http://www.theplazany.com/,{overture},,businesses_conflate,1100,2026-07-22 18:44:37.477175+00,2026-07-22 00:00:00+00,70,65,100,63,50,{},"{""overture"": {""lat"": 40.705406188964844, ""lon"": -74.01350402832031, ""zip"": ""10004"", ""city"": ""New York"", ""name"": ""Evacuation Day Plaza"", ""brand"": null, ""phone"": null, ""state"": ""NY"", ""address"": ""Broadway & Whitehall St"", ""release"": ""2026-07-22.0"", ""website"": ""http://www.theplazany.com/"", ""category"": ""hotel"", ""state_raw"": ""NY"", ""observed_at"": ""2026-07-22T00:00:00+00:00"", ""src_confidence"": 0.9902192950248718, ""category_source"": ""hotel"", ""source_record_id"": ""9c88ae23-8c79-43ac-ba89-53ba4b5f4664""}}",'day':2 'evacu':1 'new':4 'plaza':3 'york':5,2026-07-22 00:00:00+00,overture,62,likely_open,95,50,0,{}
biz_31f1c03961054c73,Starbucks,cafe,,40.719730377197266,-73.99910736083984,POINT(-73.99910736083984 40.719730377197266),157 Lafayette St,New York,NY,10013,,6468384269,https://www.starbucks.com/store-locator/store/1021634,{overture},,businesses_conflate,1100,2026-07-22 18:44:37.477175+00,2026-07-22 00:00:00+00,73,65,100,75,50,{},"{""overture"": {""lat"": 40.719730377197266, ""lon"": -73.99910736083984, ""zip"": ""10013"", ""city"": ""New York"", ""name"": ""Starbucks"", ""brand"": null, ""phone"": ""6468384269"", ""state"": ""NY"", ""address"": ""157 Lafayette St"", ""release"": ""2026-07-22.0"", ""website"": ""https://www.starbucks.com/store-locator/store/1021634"", ""category"": ""cafe"", ""state_raw"": ""NY"", ""observed_at"": ""2026-07-22T00:00:00+00:00"", ""src_confidence"": 0.990515947341919, ""category_source"": ""coffee_shop"", ""source_record_id"": ""427f8830-2cee-4d7f-acb8-284859dccd3b""}}",'new':2 'starbuck':1 'york':3,2026-07-22 00:00:00+00,overture,62,likely_open,95,50,0,{}
biz_3204ae2ba691e55a,Hong Ying Rice Shoppe,restaurant,,40.71396255493164,-73.99890899658203,POINT(-73.99890899658203 40.71396255493164),11 Mott St,New York,NY,10013,,(212) 349-6126,http://www.mingwongny.com,{overture},,businesses_conflate,1100,2026-07-22 18:44:37.477175+00,2026-07-22 00:00:00+00,73,65,100,75,50,{},"{""overture"": {""lat"": 40.71396255493164, ""lon"": -73.99890899658203, ""zip"": ""10013"", ""city"": ""New York"", ""name"": ""Hong Ying Rice Shoppe"", ""brand"": null, ""phone"": ""(212) 349-6126"", ""state"": ""NY"", ""address"": ""11 Mott St"", ""release"": ""2026-07-22.0"", ""website"": ""http://www.mingwongny.com"", ""category"": ""restaurant"", ""state_raw"": ""NY"", ""observed_at"": ""2026-07-22T00:00:00+00:00"", ""src_confidence"": 0.9199122190475464, ""category_source"": ""restaurant"", ""source_record_id"": ""d7ebfcc6-d4a5-4c7a-81a3-68c9dc684b09""}}",'hong':1 'new':5 'rice':3 'shopp':4 'ying':2 'york':6,2026-07-22 00:00:00+00,overture,62,likely_open,95,50,0,{}
biz_3209a74cdf864ce0,3 Three B's Corp,restaurant,,40.708984375,-74.00465393066406,POINT(-74.00465393066406 40.708984375),77 Fulton St,New York,NY,10038-1864,,,,{overture},,businesses_conflate,1100,2026-07-22 18:44:37.477175+00,2026-07-22 00:00:00+00,68,65,100,50,50,{},"{""overture"": {""lat"": 40.708984375, ""lon"": -74.00465393066406, ""zip"": ""10038-1864"", ""city"": ""New York"", ""name"": ""3 Three B's Corp"", ""brand"": null, ""phone"": null, ""state"": ""NY"", ""address"": ""77 Fulton St"", ""release"": ""2026-07-22.0"", ""website"": null, ""category"": ""restaurant"", ""state_raw"": ""NY"", ""observed_at"": ""2026-07-22T00:00:00+00:00"", ""src_confidence"": 0.95, ""category_source"": ""restaurant"", ""source_record_id"": ""03f70b37-b541-417f-ae89-1bd9ef59435b""}}",'3':1 'b':3 'corp':5 'new':6 'three':2 'york':7,2026-07-22 00:00:00+00,overture,62,likely_open,95,50,0,{}
biz_320c49567803d936,The Frederick Hotel,hotel,,40.71552276611328,-74.00884246826172,POINT(-74.00884246826172 40.71552276611328),95 W Broadway,New York,NY,10007-1019,,+12125661900,https://www.frederickhotelnyc.com/?utm_source=facebook&utm_medium=organic&utm_campaign=facebook_listing,{overture},,businesses_conflate,1100,2026-07-22 18:44:37.477175+00,2026-07-22 00:00:00+00,73,65,100,75,50,{},"{""overture"": {""lat"": 40.71552276611328, ""lon"": -74.00884246826172, ""zip"": ""10007-1019"", ""city"": ""New York"", ""name"": ""The Frederick Hotel"", ""brand"": null, ""phone"": ""+12125661900"", ""state"": ""NY"", ""address"": ""95 W Broadway"", ""release"": ""2026-07-22.0"", ""website"": ""https://www.frederickhotelnyc.com/?utm_source=facebook&utm_medium=organic&utm_campaign=facebook_listing"", ""category"": ""hotel"", ""state_raw"": ""NY"", ""observed_at"": ""2026-07-22T00:00:00+00:00"", ""src_confidence"": 0.9975457787513733, ""category_source"": ""hotel"", ""source_record_id"": ""a48adcd5-79d7-4b8a-adc4-bb8b74a194d4""}}",'frederick':2 'hotel':3 'new':4 'york':5,2026-07-22 00:00:00+00,overture,62,likely_open,95,50,0,{}
biz_32139a74420b1fbc,Bank of America Financial Center,atm_bank,,40.71921157836914,-74.00162506103516,POINT(-74.00162506103516 40.71921157836914),277 Canal St,New York,NY,10013,,6468331982,https://locators.bankofamerica.com/ny/newyork/financial-centers-new-york-16526.html,{overture},,businesses_conflate,1100,2026-07-22 18:44:37.477175+00,2026-07-22 00:00:00+00,73,65,100,75,50,{},"{""overture"": {""lat"": 40.71921157836914, ""lon"": -74.00162506103516, ""zip"": ""10013"", ""city"": ""New York"", ""name"": ""Bank of America Financial Center"", ""brand"": null, ""phone"": ""6468331982"", ""state"": ""NY"", ""address"": ""277 Canal St"", ""release"": ""2026-07-22.0"", ""website"": ""https://locators.bankofamerica.com/ny/newyork/financial-centers-new-york-16526.html"", ""category"": ""atm_bank"", ""state_raw"": ""NY"", ""observed_at"": ""2026-07-22T00:00:00+00:00"", ""src_confidence"": 0.9902192950248718, ""category_source"": ""bank_credit_union"", ""source_record_id"": ""c1430098-721f-4813-b71f-f0dafff4563c""}}",'america':3 'bank':1 'center':5 'financi':4 'new':6 'york':7,2026-07-22 00:00:00+00,overture,62,likely_open,95,50,0,{}
biz_322808c1a89d90a0,Rumi Llc,restaurant,,40.714603424072266,-74.0362548828125,POINT(-74.0362548828125 40.714603424072266),67 Greene St,Jersey City,NJ,07302-4535,,,,{overture},,businesses_conflate,1100,2026-07-22 18:44:37.477175+00,2026-07-22 00:00:00+00,68,65,100,50,50,{},"{""overture"": {""lat"": 40.714603424072266, ""lon"": -74.0362548828125, ""zip"": ""07302-4535"", ""city"": ""Jersey City"", ""name"": ""Rumi Llc"", ""brand"": null, ""phone"": null, ""state"": ""NJ"", ""address"": ""67 Greene St"", ""release"": ""2026-07-22.0"", ""website"": null, ""category"": ""restaurant"", ""state_raw"": ""NJ"", ""observed_at"": ""2026-07-22T00:00:00+00:00"", ""src_confidence"": 0.95, ""category_source"": ""restaurant"", ""source_record_id"": ""59713bde-1406-438d-9a89-f6a9a1b9a2f5""}}",'citi':4 'jersey':3 'llc':2 'rumi':1,2026-07-22 00:00:00+00,overture,62,likely_open,95,50,0,{}
biz_323d3239322cb683,Midi Corporation,restaurant,,40.72695541381836,-74.00277709960938,POINT(-74.00277709960938 40.72695541381836),38 Macdougal St,New York,NY,10012-2940,,+12124757500,,{overture},,businesses_conflate,1100,2026-07-22 18:44:37.477175+00,2026-07-22 00:00:00+00,70,65,100,63,50,{},"{""overture"": {""lat"": 40.72695541381836, ""lon"": -74.00277709960938, ""zip"": ""10012-2940"", ""city"": ""New York"", ""name"": ""Midi Corporation"", ""brand"": null, ""phone"": ""+12124757500"", ""state"": ""NY"", ""address"": ""38 Macdougal St"", ""release"": ""2026-07-22.0"", ""website"": null, ""category"": ""restaurant"", ""state_raw"": ""NY"", ""observed_at"": ""2026-07-22T00:00:00+00:00"", ""src_confidence"": 0.95, ""category_source"": ""restaurant"", ""source_record_id"": ""99df580a-3d38-4c6d-846b-bfd2d506405e""}}",'corpor':2 'midi':1 'new':3 'york':4,2026-07-22 00:00:00+00,overture,62,likely_open,95,50,0,{}
biz_324a46f8c212efb7,Antique Kitchen,cafe,,40.736385345458984,-74.02941131591797,POINT(-74.02941131591797 40.736385345458984),33-41 Newark St  Fl 5,Hoboken,NJ,07030-5627,,,https://www.swevenhoboken.com,{overture},,businesses_conflate,1100,2026-07-22 18:44:37.477175+00,2026-07-22 00:00:00+00,70,65,100,63,50,{},"{""overture"": {""lat"": 40.736385345458984, ""lon"": -74.02941131591797, ""zip"": ""07030-5627"", ""city"": ""Hoboken"", ""name"": ""Antique Kitchen"", ""brand"": null, ""phone"": null, ""state"": ""NJ"", ""address"": ""33-41 Newark St  Fl 5"", ""release"": ""2026-07-22.0"", ""website"": ""https://www.swevenhoboken.com"", ""category"": ""cafe"", ""state_raw"": ""NJ"", ""observed_at"": ""2026-07-22T00:00:00+00:00"", ""src_confidence"": 0.65, ""category_source"": ""coffee_shop"", ""source_record_id"": ""10310d08-3021-47cd-8193-e0fea26ed72f""}}",'antiqu':1 'hoboken':3 'kitchen':2,2026-07-22 00:00:00+00,overture,62,likely_open,95,50,0,{}
biz_32516e38a0fe9404,"Kimnam Co., Inc",grocery,,40.706722259521484,-74.01312255859375,POINT(-74.01312255859375 40.706722259521484),49 Broadway,New York,NY,10006-3041,,,http://kimnamco.com,{overture},,businesses_conflate,1100,2026-07-22 18:44:37.477175+00,2026-07-22 00:00:00+00,70,65,100,63,50,{},"{""overture"": {""lat"": 40.706722259521484, ""lon"": -74.01312255859375, ""zip"": ""10006-3041"", ""city"": ""New York"", ""name"": ""Kimnam Co., Inc"", ""brand"": null, ""phone"": null, ""state"": ""NY"", ""address"": ""49 Broadway"", ""release"": ""2026-07-22.0"", ""website"": ""http://kimnamco.com"", ""category"": ""grocery"", ""state_raw"": ""NY"", ""observed_at"": ""2026-07-22T00:00:00+00:00"", ""src_confidence"": 0.95, ""category_source"": ""grocery_store"", ""source_record_id"": ""f017ccfb-537e-455b-a310-9a374d14d6dd""}}",'co':2 'inc':3 'kimnam':1 'new':4 'york':5,2026-07-22 00:00:00+00,overture,62,likely_open,95,50,0,{}
biz_3264af6fbd753b85,Bluestone Lane Times Square Coffee Shop,cafe,,40.73589324951172,-73.99177551269531,POINT(-73.99177551269531 40.73589324951172),11 Times Sq,New York,NY,10036-6600,,17183746858,https://www.bluestonelane.com,{overture},,businesses_conflate,1100,2026-07-22 18:44:37.477175+00,2026-07-22 00:00:00+00,73,65,100,75,50,{},"{""overture"": {""lat"": 40.73589324951172, ""lon"": -73.99177551269531, ""zip"": ""10036-6600"", ""city"": ""New York"", ""name"": ""Bluestone Lane Times Square Coffee Shop"", ""brand"": null, ""phone"": ""17183746858"", ""state"": ""NY"", ""address"": ""11 Times Sq"", ""release"": ""2026-07-22.0"", ""website"": ""https://www.bluestonelane.com"", ""category"": ""cafe"", ""state_raw"": ""NY"", ""observed_at"": ""2026-07-22T00:00:00+00:00"", ""src_confidence"": 0.95, ""category_source"": ""coffee_shop"", ""source_record_id"": ""faf84338-5cf2-40b6-8ada-6012fed83ffd""}}",'blueston':1 'coffe':5 'lane':2 'new':7 'shop':6 'squar':4 'time':3 'york':8,2026-07-22 00:00:00+00,overture,62,likely_open,95,50,0,{}
biz_326941ccd927f50f,FIKA,cafe,,40.7236442565918,-74.01046752929688,POINT(-74.01046752929688 40.7236442565918),450 Washington St,New York,NY,10013,,(212) 706-0565,http://fikanyc.com,{overture},,businesses_conflate,1100,2026-07-22 18:44:37.477175+00,2026-07-22 00:00:00+00,73,65,100,75,50,{},"{""overture"": {""lat"": 40.7236442565918, ""lon"": -74.01046752929688, ""zip"": ""10013"", ""city"": ""New York"", ""name"": ""FIKA"", ""brand"": null, ""phone"": ""(212) 706-0565"", ""state"": ""NY"", ""address"": ""450 Washington St"", ""release"": ""2026-07-22.0"", ""website"": ""http://fikanyc.com"", ""category"": ""cafe"", ""state_raw"": ""NY"", ""observed_at"": ""2026-07-22T00:00:00+00:00"", ""src_confidence"": 0.9902192950248718, ""category_source"": ""cafe"", ""source_record_id"": ""e1ae23d3-386b-4d30-b3f2-4d1c4c3ef409""}}",'fika':1 'new':2 'york':3,2026-07-22 00:00:00+00,overture,62,likely_open,95,50,0,{}
biz_32b0ac7a58ae52c0,New Era Cafe,restaurant,,40.72208023071289,-73.9998779296875,POINT(-73.9998779296875 40.72208023071289),495 Broadway,New York,NY,10012,,(212) 343-0282,http://www.newwavecafenewyork.com,{overture},,businesses_conflate,1100,2026-07-22 18:44:37.477175+00,2026-07-22 00:00:00+00,73,65,100,75,50,{},"{""overture"": {""lat"": 40.72208023071289, ""lon"": -73.9998779296875, ""zip"": ""10012"", ""city"": ""New York"", ""name"": ""New Era Cafe"", ""brand"": null, ""phone"": ""(212) 343-0282"", ""state"": ""NY"", ""address"": ""495 Broadway"", ""release"": ""2026-07-22.0"", ""website"": ""http://www.newwavecafenewyork.com"", ""category"": ""restaurant"", ""state_raw"": ""NY"", ""observed_at"": ""2026-07-22T00:00:00+00:00"", ""src_confidence"": 0.9199122190475464, ""category_source"": ""restaurant"", ""source_record_id"": ""e9c6ded1-ec0e-4bfb-9e76-b83b68c5f28e""}}","'cafe':3 'era':2 'new':1,4 'york':5",2026-07-22 00:00:00+00,overture,62,likely_open,95,50,0,{}
biz_32c9a9e827ba3f9b,Sunrise Mart,grocery,,40.72324752807617,-74.00257873535156,POINT(-74.00257873535156 40.72324752807617),494 Broome St,New York,NY,10013,,+12122190033,http://sunrisemart-ny.com/default_eng/?___from_store=default_ja,{overture},,businesses_conflate,1100,2026-07-22 18:44:37.477175+00,2026-07-22 00:00:00+00,73,65,100,75,50,{},"{""overture"": {""lat"": 40.72324752807617, ""lon"": -74.00257873535156, ""zip"": ""10013"", ""city"": ""New York"", ""name"": ""Sunrise Mart"", ""brand"": null, ""phone"": ""+12122190033"", ""state"": ""NY"", ""address"": ""494 Broome St"", ""release"": ""2026-07-22.0"", ""website"": ""http://sunrisemart-ny.com/default_eng/?___from_store=default_ja"", ""category"": ""grocery"", ""state_raw"": ""NY"", ""observed_at"": ""2026-07-22T00:00:00+00:00"", ""src_confidence"": 0.9902192950248718, ""category_source"": ""supermarket"", ""source_record_id"": ""d3820a15-9289-4224-b790-6987050cf743""}}",'mart':2 'new':3 'sunris':1 'york':4,2026-07-22 00:00:00+00,overture,62,likely_open,95,50,0,{}
biz_32d3a57c2978c7be,Intesa Sanpaolo,atm_bank,,40.704994201660156,-74.01000213623047,POINT(-74.01000213623047 40.704994201660156),1 William St,New York,NY,10004-2446,,+12126073500,http://www.intesasanpaolo.com,{overture},,businesses_conflate,1100,2026-07-22 18:44:37.477175+00,2026-07-22 00:00:00+00,73,65,100,75,50,{},"{""overture"": {""lat"": 40.704994201660156, ""lon"": -74.01000213623047, ""zip"": ""10004-2446"", ""city"": ""New York"", ""name"": ""Intesa Sanpaolo"", ""brand"": null, ""phone"": ""+12126073500"", ""state"": ""NY"", ""address"": ""1 William St"", ""release"": ""2026-07-22.0"", ""website"": ""http://www.intesasanpaolo.com"", ""category"": ""atm_bank"", ""state_raw"": ""NY"", ""observed_at"": ""2026-07-22T00:00:00+00:00"", ""src_confidence"": 0.9902192950248718, ""category_source"": ""bank_credit_union"", ""source_record_id"": ""babe1352-2f54-4280-8512-cf46ef750c0a""}}",'intesa':1 'new':3 'sanpaolo':2 'york':4,2026-07-22 00:00:00+00,overture,62,likely_open,95,50,0,{}
biz_330bcb8dfa4cb88b,Carlascio Inc,restaurant,,40.71799850463867,-74.04407501220703,POINT(-74.04407501220703 40.71799850463867),283 Grove St Ste A,Jersey City,NJ,07302-3660,,,,{overture},,businesses_conflate,1100,2026-07-22 18:44:37.477175+00,2026-07-22 00:00:00+00,68,65,100,50,50,{},"{""overture"": {""lat"": 40.71799850463867, ""lon"": -74.04407501220703, ""zip"": ""07302-3660"", ""city"": ""Jersey City"", ""name"": ""Carlascio Inc"", ""brand"": null, ""phone"": null, ""state"": ""NJ"", ""address"": ""283 Grove St Ste A"", ""release"": ""2026-07-22.0"", ""website"": null, ""category"": ""restaurant"", ""state_raw"": ""NJ"", ""observed_at"": ""2026-07-22T00:00:00+00:00"", ""src_confidence"": 0.95, ""category_source"": ""restaurant"", ""source_record_id"": ""04131df9-0c66-4198-bb08-1f1e5d16c46a""}}",'carlascio':1 'citi':4 'inc':2 'jersey':3,2026-07-22 00:00:00+00,overture,62,likely_open,95,50,0,{}
biz_3316cec29ee36215,Birch Coffee,cafe,Birch Coffee,40.71086120605469,-74.00595092773438,POINT(-74.00595092773438 40.71086120605469),8 Spruce St,New York,NY,10038,,+12126861444,http://birchcoffee.com/,{overture},,businesses_conflate,1100,2026-07-22 18:44:37.477175+00,2026-07-22 00:00:00+00,78,65,100,100,50,{},"{""overture"": {""lat"": 40.71086120605469, ""lon"": -74.00595092773438, ""zip"": ""10038"", ""city"": ""New York"", ""name"": ""Birch Coffee"", ""brand"": ""Birch Coffee"", ""phone"": ""+12126861444"", ""state"": ""NY"", ""address"": ""8 Spruce St"", ""release"": ""2026-07-22.0"", ""website"": ""http://birchcoffee.com/"", ""category"": ""cafe"", ""state_raw"": ""NY"", ""observed_at"": ""2026-07-22T00:00:00+00:00"", ""src_confidence"": 0.9614610075950623, ""category_source"": ""coffee_shop"", ""source_record_id"": ""207e1c47-8a40-4043-944f-ece66b004d9c""}}","'birch':1,3 'coffe':2,4 'new':5 'york':6",2026-07-22 00:00:00+00,overture,62,likely_open,95,50,0,{}
biz_332b794e9dea548c,Tribeca Lofts,hotel,,40.71915054321289,-74.00430297851562,POINT(-74.00430297851562 40.71915054321289),297 Church St,New York,NY,10013-5716,,,,{overture},,businesses_conflate,1100,2026-07-22 18:44:37.477175+00,2026-07-22 00:00:00+00,68,65,100,50,50,{},"{""overture"": {""lat"": 40.71915054321289, ""lon"": -74.00430297851562, ""zip"": ""10013-5716"", ""city"": ""New York"", ""name"": ""Tribeca Lofts"", ""brand"": null, ""phone"": null, ""state"": ""NY"", ""address"": ""297 Church St"", ""release"": ""2026-07-22.0"", ""website"": null, ""category"": ""hotel"", ""state_raw"": ""NY"", ""observed_at"": ""2026-07-22T00:00:00+00:00"", ""src_confidence"": 0.9199122190475464, ""category_source"": ""hotel"", ""source_record_id"": ""e4a082a9-5a0f-4b8a-85e4-19f26e7255ec""}}",'loft':2 'new':3 'tribeca':1 'york':4,2026-07-22 00:00:00+00,overture,62,likely_open,95,50,0,{}
biz_3335db300eb2a2a2,One White Street,restaurant,,40.719295501708984,-74.00593566894531,POINT(-74.00593566894531 40.719295501708984),1 White St,New York,NY,10013-5321,,+16463987679,http://www.onewhitestreetnyc.com/,{overture},,businesses_conflate,1100,2026-07-22 18:44:37.477175+00,2026-07-22 00:00:00+00,73,65,100,75,50,{},"{""overture"": {""lat"": 40.719295501708984, ""lon"": -74.00593566894531, ""zip"": ""10013-5321"", ""city"": ""New York"", ""name"": ""One White Street"", ""brand"": null, ""phone"": ""+16463987679"", ""state"": ""NY"", ""address"": ""1 White St"", ""release"": ""2026-07-22.0"", ""website"": ""http://www.onewhitestreetnyc.com/"", ""category"": ""restaurant"", ""state_raw"": ""NY"", ""observed_at"": ""2026-07-22T00:00:00+00:00"", ""src_confidence"": 0.9902192950248718, ""category_source"": ""restaurant"", ""source_record_id"": ""5508b157-1a03-4b1a-9869-0fa31df25370""}}",'new':4 'one':1 'street':3 'white':2 'york':5,2026-07-22 00:00:00+00,overture,62,likely_open,95,50,0,{}
biz_33364af038ae6972,Tan Tin Hung Supermarket,grocery,,40.718082427978516,-73.99479675292969,POINT(-73.99479675292969 40.718082427978516),121 Bowery,New York,NY,10002-4900,,+12122748811,https://tan-tin-hung-supermarket.hub.biz,{overture},,businesses_conflate,1100,2026-07-22 18:44:37.477175+00,2026-07-22 00:00:00+00,73,65,100,75,50,{},"{""overture"": {""lat"": 40.718082427978516, ""lon"": -73.99479675292969, ""zip"": ""10002-4900"", ""city"": ""New York"", ""name"": ""Tan Tin Hung Supermarket"", ""brand"": null, ""phone"": ""+12122748811"", ""state"": ""NY"", ""address"": ""121 Bowery"", ""release"": ""2026-07-22.0"", ""website"": ""https://tan-tin-hung-supermarket.hub.biz"", ""category"": ""grocery"", ""state_raw"": ""NY"", ""observed_at"": ""2026-07-22T00:00:00+00:00"", ""src_confidence"": 0.9902192950248718, ""category_source"": ""supermarket"", ""source_record_id"": ""aa299fc4-0135-46fc-99dc-e1098a788115""}}",'hung':3 'new':5 'supermarket':4 'tan':1 'tin':2 'york':6,2026-07-22 00:00:00+00,overture,62,likely_open,95,50,0,{}
biz_334c8f8f636a8c84,Blue Smoke,restaurant,,40.71473693847656,-74.01564025878906,POINT(-74.01564025878906 40.71473693847656),255 Vesey St,New York,NY,10282-5800,,12128892005,https://www.bluesmoke.com,{overture},,businesses_conflate,1100,2026-07-22 18:44:37.477175+00,2026-07-22 00:00:00+00,73,65,100,75,50,{},"{""overture"": {""lat"": 40.71473693847656, ""lon"": -74.01564025878906, ""zip"": ""10282-5800"", ""city"": ""New York"", ""name"": ""Blue Smoke"", ""brand"": null, ""phone"": ""12128892005"", ""state"": ""NY"", ""address"": ""255 Vesey St"", ""release"": ""2026-07-22.0"", ""website"": ""https://www.bluesmoke.com"", ""category"": ""restaurant"", ""state_raw"": ""NY"", ""observed_at"": ""2026-07-22T00:00:00+00:00"", ""src_confidence"": 0.9902192950248718, ""category_source"": ""restaurant"", ""source_record_id"": ""29efdf61-a5cf-4a25-8a1c-c31d88bea921""}}",'blue':1 'new':3 'smoke':2 'york':4,2026-07-22 00:00:00+00,overture,62,likely_open,95,50,0,{}
biz_33752098d05f2c85,Pura Vida - Nolita,cafe,Pura Vida Miami - West Palm Beach,40.72114181518555,-73.9968490600586,POINT(-73.9968490600586 40.72114181518555),98 Kenmare St,New York,NY,10012-4508,,+13055354142,https://www.puravidamiami.com/locations/newyork/nolita,{overture},,businesses_conflate,1100,2026-07-22 18:44:37.477175+00,2026-07-22 00:00:00+00,78,65,100,100,50,{},"{""overture"": {""lat"": 40.72114181518555, ""lon"": -73.9968490600586, ""zip"": ""10012-4508"", ""city"": ""New York"", ""name"": ""Pura Vida - Nolita"", ""brand"": ""Pura Vida Miami - West Palm Beach"", ""phone"": ""+13055354142"", ""state"": ""NY"", ""address"": ""98 Kenmare St"", ""release"": ""2026-07-22.0"", ""website"": ""https://www.puravidamiami.com/locations/newyork/nolita"", ""category"": ""cafe"", ""state_raw"": ""NY"", ""observed_at"": ""2026-07-22T00:00:00+00:00"", ""src_confidence"": 0.8087694048881531, ""category_source"": ""coffee_shop"", ""source_record_id"": ""86815572-5fd5-4078-a3e7-2fd1d8d61781""}}","'beach':9 'miami':6 'new':10 'nolita':3 'palm':8 'pura':1,4 'vida':2,5 'west':7 'york':11",2026-07-22 00:00:00+00,overture,62,likely_open,95,50,0,{}
biz_338d2575736baade,Francis Louis Llc,restaurant,,40.73571014404297,-74.00572967529297,POINT(-74.00572967529297 40.73571014404297),570 Hudson St,New York,NY,10014-2461,,,,{overture},,businesses_conflate,1100,2026-07-22 18:44:37.477175+00,2026-07-22 00:00:00+00,68,65,100,50,50,{},"{""overture"": {""lat"": 40.73571014404297, ""lon"": -74.00572967529297, ""zip"": ""10014-2461"", ""city"": ""New York"", ""name"": ""Francis Louis Llc"", ""brand"": null, ""phone"": null, ""state"": ""NY"", ""address"": ""570 Hudson St"", ""release"": ""2026-07-22.0"", ""website"": null, ""category"": ""restaurant"", ""state_raw"": ""NY"", ""observed_at"": ""2026-07-22T00:00:00+00:00"", ""src_confidence"": 0.95, ""category_source"": ""restaurant"", ""source_record_id"": ""44f4a642-4213-4c19-9b3b-fcffea019811""}}",'franci':1 'llc':3 'loui':2 'new':4 'york':5,2026-07-22 00:00:00+00,overture,62,likely_open,95,50,0,{}
biz_339ae586f7ab98f7,Independent Ny,restaurant,,40.718936920166016,-74.0016860961914,POINT(-74.0016860961914 40.718936920166016),276 Canal St,New York,NY,10013-3517,,,http://imemberservices.com,{overture},,businesses_conflate,1100,2026-07-22 18:44:37.477175+00,2026-07-22 00:00:00+00,70,65,100,63,50,{},"{""overture"": {""lat"": 40.718936920166016, ""lon"": -74.0016860961914, ""zip"": ""10013-3517"", ""city"": ""New York"", ""name"": ""Independent Ny"", ""brand"": null, ""phone"": null, ""state"": ""NY"", ""address"": ""276 Canal St"", ""release"": ""2026-07-22.0"", ""website"": ""http://imemberservices.com"", ""category"": ""restaurant"", ""state_raw"": ""NY"", ""observed_at"": ""2026-07-22T00:00:00+00:00"", ""src_confidence"": 0.95, ""category_source"": ""restaurant"", ""source_record_id"": ""9afae885-3695-4038-983a-bed3d613d8bf""}}",'independ':1 'new':3 'ny':2 'york':4,2026-07-22 00:00:00+00,overture,62,likely_open,95,50,0,{}
biz_33a8d058e8cfaf74,Jack Rockwell Coffee,cafe,,40.70579147338867,-74.01397705078125,POINT(-74.01397705078125 40.70579147338867),25 Broadway,New York,NY,10004,,+18005172027,http://www.jackrockwell.com/,{overture},,businesses_conflate,1100,2026-07-22 18:44:37.477175+00,2026-07-22 00:00:00+00,73,65,100,75,50,{},"{""overture"": {""lat"": 40.70579147338867, ""lon"": -74.01397705078125, ""zip"": ""10004"", ""city"": ""New York"", ""name"": ""Jack Rockwell Coffee"", ""brand"": null, ""phone"": ""+18005172027"", ""state"": ""NY"", ""address"": ""25 Broadway"", ""release"": ""2026-07-22.0"", ""website"": ""http://www.jackrockwell.com/"", ""category"": ""cafe"", ""state_raw"": ""NY"", ""observed_at"": ""2026-07-22T00:00:00+00:00"", ""src_confidence"": 0.9697900712490082, ""category_source"": ""coffee_shop"", ""source_record_id"": ""f5ce5192-a277-4c6a-a3c3-0dd435efe891""}}",'coffe':3 'jack':1 'new':4 'rockwel':2 'york':5,2026-07-22 00:00:00+00,overture,62,likely_open,95,50,0,{}
biz_33d22b1413b3ecfb,Claw Management Inc,restaurant,,40.73284149169922,-74.0029525756836,POINT(-74.0029525756836 40.73284149169922),91 7th Ave S,New York,NY,10014-3415,,,,{overture},,businesses_conflate,1100,2026-07-22 18:44:37.477175+00,2026-07-22 00:00:00+00,68,65,100,50,50,{},"{""overture"": {""lat"": 40.73284149169922, ""lon"": -74.0029525756836, ""zip"": ""10014-3415"", ""city"": ""New York"", ""name"": ""Claw Management Inc"", ""brand"": null, ""phone"": null, ""state"": ""NY"", ""address"": ""91 7th Ave S"", ""release"": ""2026-07-22.0"", ""website"": null, ""category"": ""restaurant"", ""state_raw"": ""NY"", ""observed_at"": ""2026-07-22T00:00:00+00:00"", ""src_confidence"": 0.95, ""category_source"": ""restaurant"", ""source_record_id"": ""d07d98c8-8afd-4536-91d0-a8eed32525b3""}}",'claw':1 'inc':3 'manag':2 'new':4 'york':5,2026-07-22 00:00:00+00,overture,62,likely_open,95,50,0,{}
biz_33d4c0d8575ca377,West Lake Laundromat,laundry,,40.72710037231445,-74.00164794921875,POINT(-74.00164794921875 40.72710037231445),149 Sullivan St,New York,NY,10012,,(212) 228-1805,http://westsiderentals.com,{overture},,businesses_conflate,1100,2026-07-22 18:44:37.477175+00,2026-07-22 00:00:00+00,73,65,100,75,50,{},"{""overture"": {""lat"": 40.72710037231445, ""lon"": -74.00164794921875, ""zip"": ""10012"", ""city"": ""New York"", ""name"": ""West Lake Laundromat"", ""brand"": null, ""phone"": ""(212) 228-1805"", ""state"": ""NY"", ""address"": ""149 Sullivan St"", ""release"": ""2026-07-22.0"", ""website"": ""http://westsiderentals.com"", ""category"": ""laundry"", ""state_raw"": ""NY"", ""observed_at"": ""2026-07-22T00:00:00+00:00"", ""src_confidence"": 0.9199122190475464, ""category_source"": ""laundry_services"", ""source_record_id"": ""5d54664d-78ab-41d0-8445-cad640f999db""}}",'lake':2 'laundromat':3 'new':4 'west':1 'york':5,2026-07-22 00:00:00+00,overture,62,likely_open,95,50,0,{}
biz_33d8d53b0e2b92e0,Burritoville Systems,restaurant,,40.715248107910156,-74.00911712646484,POINT(-74.00911712646484 40.715248107910156),116 Chambers St,New York,NY,10007,,(212) 964-5048,http://burritoville.com/,{overture},,businesses_conflate,1100,2026-07-22 18:44:37.477175+00,2026-07-22 00:00:00+00,73,65,100,75,50,{},"{""overture"": {""lat"": 40.715248107910156, ""lon"": -74.00911712646484, ""zip"": ""10007"", ""city"": ""New York"", ""name"": ""Burritoville Systems"", ""brand"": null, ""phone"": ""(212) 964-5048"", ""state"": ""NY"", ""address"": ""116 Chambers St"", ""release"": ""2026-07-22.0"", ""website"": ""http://burritoville.com/"", ""category"": ""restaurant"", ""state_raw"": ""NY"", ""observed_at"": ""2026-07-22T00:00:00+00:00"", ""src_confidence"": 0.9199122190475464, ""category_source"": ""restaurant"", ""source_record_id"": ""83f6bd7e-b768-4ef2-9ae1-feab261d3aed""}}",'burritovill':1 'new':3 'system':2 'york':4,2026-07-22 00:00:00+00,overture,62,likely_open,95,50,0,{}
biz_33dc0a5ae20afae4,Rede International,hotel,,40.70748519897461,-74.01081085205078,POINT(-74.01081085205078 40.70748519897461),14 Wall St,New York,NY,10005-2101,,,,{overture},,businesses_conflate,1100,2026-07-22 18:44:37.477175+00,2026-07-22 00:00:00+00,68,65,100,50,50,{},"{""overture"": {""lat"": 40.70748519897461, ""lon"": -74.01081085205078, ""zip"": ""10005-2101"", ""city"": ""New York"", ""name"": ""Rede International"", ""brand"": null, ""phone"": null, ""state"": ""NY"", ""address"": ""14 Wall St"", ""release"": ""2026-07-22.0"", ""website"": null, ""category"": ""hotel"", ""state_raw"": ""NY"", ""observed_at"": ""2026-07-22T00:00:00+00:00"", ""src_confidence"": 0.55, ""category_source"": ""hotel"", ""source_record_id"": ""aafe8b16-a916-4fce-821e-65b8e52b92a9""}}",'intern':2 'new':3 'rede':1 'york':4,2026-07-22 00:00:00+00,overture,62,likely_open,95,50,0,{}
biz_33e3a839f30769d2,Laughing Man Coffee,cafe,,40.71730422973633,-74.01011657714844,POINT(-74.01011657714844 40.71730422973633),184 Duane St,New York,NY,10013-3343,,+12126801111,https://laughingmancoffee.com/,{overture},,businesses_conflate,1100,2026-07-22 18:44:37.477175+00,2026-07-22 00:00:00+00,73,65,100,75,50,{},"{""overture"": {""lat"": 40.71730422973633, ""lon"": -74.01011657714844, ""zip"": ""10013-3343"", ""city"": ""New York"", ""name"": ""Laughing Man Coffee"", ""brand"": null, ""phone"": ""+12126801111"", ""state"": ""NY"", ""address"": ""184 Duane St"", ""release"": ""2026-07-22.0"", ""website"": ""https://laughingmancoffee.com/"", ""category"": ""cafe"", ""state_raw"": ""NY"", ""observed_at"": ""2026-07-22T00:00:00+00:00"", ""src_confidence"": 0.9964702129364014, ""category_source"": ""cafe"", ""source_record_id"": ""1afcfa9a-0dfd-488d-aad4-59e2be5ca15f""}}",'coffe':3 'laugh':1 'man':2 'new':4 'york':5,2026-07-22 00:00:00+00,overture,62,likely_open,95,50,0,{}
biz_33ea1e9661f05d4d,Provident Bank,atm_bank,Provident Bank,40.71588897705078,-74.03788757324219,POINT(-74.03788757324219 40.71588897705078),239 Washington St,Jersey City,NJ,07302-3828,,+12014333879,https://locations.provident.bank/jerseycity-mainoffice-12409fa770c5?utm_source=Yext-Facebook,{overture},,businesses_conflate,1100,2026-07-22 18:44:37.477175+00,2026-07-22 00:00:00+00,78,65,100,100,50,{},"{""overture"": {""lat"": 40.71588897705078, ""lon"": -74.03788757324219, ""zip"": ""07302-3828"", ""city"": ""Jersey City"", ""name"": ""Provident Bank"", ""brand"": ""Provident Bank"", ""phone"": ""+12014333879"", ""state"": ""NJ"", ""address"": ""239 Washington St"", ""release"": ""2026-07-22.0"", ""website"": ""https://locations.provident.bank/jerseycity-mainoffice-12409fa770c5?utm_source=Yext-Facebook"", ""category"": ""atm_bank"", ""state_raw"": ""NJ"", ""observed_at"": ""2026-07-22T00:00:00+00:00"", ""src_confidence"": 0.9902192950248718, ""category_source"": ""banks"", ""source_record_id"": ""bbd7cfa2-bdc4-438a-8b4e-59399a2b948f""}}","'bank':2,4 'citi':6 'jersey':5 'provid':1,3",2026-07-22 00:00:00+00,overture,62,likely_open,95,50,0,{}
biz_33ee95a8134ff414,KFC,fast_food,KFC,40.71598815917969,-74.0049819946289,POINT(-74.0049819946289 40.71598815917969),321 Broadway,New York,NY,10007-1111,,+12122401283,http://www.kfc.com,{overture},,businesses_conflate,1100,2026-07-22 18:44:37.477175+00,2026-07-22 00:00:00+00,78,65,100,100,50,{},"{""overture"": {""lat"": 40.71598815917969, ""lon"": -74.0049819946289, ""zip"": ""10007-1111"", ""city"": ""New York"", ""name"": ""KFC"", ""brand"": ""KFC"", ""phone"": ""+12122401283"", ""state"": ""NY"", ""address"": ""321 Broadway"", ""release"": ""2026-07-22.0"", ""website"": ""http://www.kfc.com"", ""category"": ""fast_food"", ""state_raw"": ""NY"", ""observed_at"": ""2026-07-22T00:00:00+00:00"", ""src_confidence"": 0.9902192950248718, ""category_source"": ""fast_food_restaurant"", ""source_record_id"": ""adee8bd1-8b97-40ac-8213-7e2fbf69c092""}}","'kfc':1,2 'new':3 'york':4",2026-07-22 00:00:00+00,overture,62,likely_open,95,50,0,{}
biz_33f9e7b2c522ab63,Tous Les Jours,cafe,,40.71406173706055,-73.99710083007812,POINT(-73.99710083007812 40.71406173706055),7 Division St,New York,NY,10002,,2129666777,http://tljus.com/stores/manhattan-7-division-st,{overture},,businesses_conflate,1100,2026-07-22 18:44:37.477175+00,2026-07-22 00:00:00+00,73,65,100,75,50,{},"{""overture"": {""lat"": 40.71406173706055, ""lon"": -73.99710083007812, ""zip"": ""10002"", ""city"": ""New York"", ""name"": ""Tous Les Jours"", ""brand"": null, ""phone"": ""2129666777"", ""state"": ""NY"", ""address"": ""7 Division St"", ""release"": ""2026-07-22.0"", ""website"": ""http://tljus.com/stores/manhattan-7-division-st"", ""category"": ""cafe"", ""state_raw"": ""NY"", ""observed_at"": ""2026-07-22T00:00:00+00:00"", ""src_confidence"": 0.9655, ""category_source"": ""coffee_shop"", ""source_record_id"": ""e614640d-41d3-41ef-8243-fc3706cf4884""}}",'jour':3 'les':2 'new':4 'tous':1 'york':5,2026-07-22 00:00:00+00,overture,62,likely_open,95,50,0,{}
biz_3450d40c62321c7c,Keepsake Frames,restaurant,,40.72657775878906,-73.99534606933594,POINT(-73.99534606933594 40.72657775878906),648 Broadway,New York,NY,10012-2348,,,https://keepsakenyc.com,{overture},,businesses_conflate,1100,2026-07-22 18:44:37.477175+00,2026-07-22 00:00:00+00,70,65,100,63,50,{},"{""overture"": {""lat"": 40.72657775878906, ""lon"": -73.99534606933594, ""zip"": ""10012-2348"", ""city"": ""New York"", ""name"": ""Keepsake Frames"", ""brand"": null, ""phone"": null, ""state"": ""NY"", ""address"": ""648 Broadway"", ""release"": ""2026-07-22.0"", ""website"": ""https://keepsakenyc.com"", ""category"": ""restaurant"", ""state_raw"": ""NY"", ""observed_at"": ""2026-07-22T00:00:00+00:00"", ""src_confidence"": 0.9544229496270418, ""category_source"": ""restaurant"", ""source_record_id"": ""bcafa620-00f2-4b13-9e72-187da2547b64""}}",'frame':2 'keepsak':1 'new':3 'york':4,2026-07-22 00:00:00+00,overture,62,likely_open,95,50,0,{}
biz_345535c3da83fea5,Hyatt House Jersey City,hotel,Hyatt House,40.716033935546875,-74.03398132324219,POINT(-74.03398132324219 40.716033935546875),1 Exchange Pl,Jersey City,NJ,07302-3917,,+12013950500,https://www.hyatt.com/en-US/hotel/new-jersey/hyatt-house-jersey-city/lgaxj,{overture},,businesses_conflate,1100,2026-07-22 18:44:37.477175+00,2026-07-22 00:00:00+00,78,65,100,100,50,{},"{""overture"": {""lat"": 40.716033935546875, ""lon"": -74.03398132324219, ""zip"": ""07302-3917"", ""city"": ""Jersey City"", ""name"": ""Hyatt House Jersey City"", ""brand"": ""Hyatt House"", ""phone"": ""+12013950500"", ""state"": ""NJ"", ""address"": ""1 Exchange Pl"", ""release"": ""2026-07-22.0"", ""website"": ""https://www.hyatt.com/en-US/hotel/new-jersey/hyatt-house-jersey-city/lgaxj"", ""category"": ""hotel"", ""state_raw"": ""NJ"", ""observed_at"": ""2026-07-22T00:00:00+00:00"", ""src_confidence"": 0.9986853003501892, ""category_source"": ""hotel"", ""source_record_id"": ""6dcc380a-2a41-4ee3-a49b-e0460b3e19e7""}}","'citi':4,8 'hous':2,6 'hyatt':1,5 'jersey':3,7",2026-07-22 00:00:00+00,overture,62,likely_open,95,50,0,{}
biz_346c1610f0b1348e,Santander Bank ATM,atm_bank,,40.72508239746094,-73.99441528320312,POINT(-73.99441528320312 40.72508239746094),298 MULBERRY St,MANHATTAN,NY,10012,,8777682265,https://locations.santanderbank.com/ny/manhattan/298-mulberry-st-223540.html?utm_medium=local&utm_source=bing&utm_campaign=bing,{overture},,businesses_conflate,1100,2026-07-22 18:44:37.477175+00,2026-07-22 00:00:00+00,73,65,100,75,50,{},"{""overture"": {""lat"": 40.72508239746094, ""lon"": -73.99441528320312, ""zip"": ""10012"", ""city"": ""MANHATTAN"", ""name"": ""Santander Bank ATM"", ""brand"": null, ""phone"": ""8777682265"", ""state"": ""NY"", ""address"": ""298 MULBERRY St"", ""release"": ""2026-07-22.0"", ""website"": ""https://locations.santanderbank.com/ny/manhattan/298-mulberry-st-223540.html?utm_medium=local&utm_source=bing&utm_campaign=bing"", ""category"": ""atm_bank"", ""state_raw"": ""NY"", ""observed_at"": ""2026-07-22T00:00:00+00:00"", ""src_confidence"": 0.9541518568992615, ""category_source"": ""atms"", ""source_record_id"": ""eaa0c1f4-8450-49b4-b2ab-5c8c1f1b707d""}}",'atm':3 'bank':2 'manhattan':4 'santand':1,2026-07-22 00:00:00+00,overture,62,likely_open,95,50,0,{}
biz_3481c6920604f36f,Box Flow Llc,restaurant,,40.72572326660156,-73.99266815185547,POINT(-73.99266815185547 40.72572326660156),55 Bond St Fl 2,New York,NY,10012-2405,,,,{overture},,businesses_conflate,1100,2026-07-22 18:44:37.477175+00,2026-07-22 00:00:00+00,68,65,100,50,50,{},"{""overture"": {""lat"": 40.72572326660156, ""lon"": -73.99266815185547, ""zip"": ""10012-2405"", ""city"": ""New York"", ""name"": ""Box Flow Llc"", ""brand"": null, ""phone"": null, ""state"": ""NY"", ""address"": ""55 Bond St Fl 2"", ""release"": ""2026-07-22.0"", ""website"": null, ""category"": ""restaurant"", ""state_raw"": ""NY"", ""observed_at"": ""2026-07-22T00:00:00+00:00"", ""src_confidence"": 0.9199122190475464, ""category_source"": ""restaurant"", ""source_record_id"": ""693dc5a2-6f6a-4b63-b96f-b6a9500508f6""}}",'box':1 'flow':2 'llc':3 'new':4 'york':5,2026-07-22 00:00:00+00,overture,62,likely_open,95,50,0,{}
biz_34900c557af2c528,Pura Vida Miami,cafe,,40.726200103759766,-73.99517059326172,POINT(-73.99517059326172 40.726200103759766),65 Bleecker St,New York,NY,10012,,3055354142,https://www.puravidamiami.com/,{overture},,businesses_conflate,1100,2026-07-22 18:44:37.477175+00,2026-07-22 00:00:00+00,73,65,100,75,50,{},"{""overture"": {""lat"": 40.726200103759766, ""lon"": -73.99517059326172, ""zip"": ""10012"", ""city"": ""New York"", ""name"": ""Pura Vida Miami"", ""brand"": null, ""phone"": ""3055354142"", ""state"": ""NY"", ""address"": ""65 Bleecker St"", ""release"": ""2026-07-22.0"", ""website"": ""https://www.puravidamiami.com/"", ""category"": ""cafe"", ""state_raw"": ""NY"", ""observed_at"": ""2026-07-22T00:00:00+00:00"", ""src_confidence"": 0.9902192950248718, ""category_source"": ""cafe"", ""source_record_id"": ""898fcf73-d24a-4de4-b5b0-785890ee771e""}}",'miami':3 'new':4 'pura':1 'vida':2 'york':5,2026-07-22 00:00:00+00,overture,62,likely_open,95,50,0,{}
biz_34e2c16acf94ec64,CVS Pharmacy,pharmacy,CVS Pharmacy,40.73373031616211,-74.00293731689453,POINT(-74.00293731689453 40.73373031616211),75 Christopher St,New York,NY,10014-4236,,+12126272662,https://www.cvs.com/store-locator/details-directions/02435,{overture},,businesses_conflate,1100,2026-07-22 18:44:37.477175+00,2026-07-22 00:00:00+00,78,65,100,100,50,{},"{""overture"": {""lat"": 40.73373031616211, ""lon"": -74.00293731689453, ""zip"": ""10014-4236"", ""city"": ""New York"", ""name"": ""CVS Pharmacy"", ""brand"": ""CVS Pharmacy"", ""phone"": ""+12126272662"", ""state"": ""NY"", ""address"": ""75 Christopher St"", ""release"": ""2026-07-22.0"", ""website"": ""https://www.cvs.com/store-locator/details-directions/02435"", ""category"": ""pharmacy"", ""state_raw"": ""NY"", ""observed_at"": ""2026-07-22T00:00:00+00:00"", ""src_confidence"": 0.9749924182891846, ""category_source"": ""pharmacy"", ""source_record_id"": ""2c5f084c-00f7-4e65-b68e-888224096bfd""}}","'cvs':1,3 'new':5 'pharmaci':2,4 'york':6",2026-07-22 00:00:00+00,overture,62,likely_open,95,50,0,{}
biz_34f054d1bb009ff7,Laundry Factory,laundry,,40.73247528076172,-74.03813934326172,POINT(-74.03813934326172 40.73247528076172),125 18th St,Jersey City,NJ,07310,,(201) 876-8700,http://cleanritecenter.com,{overture},,businesses_conflate,1100,2026-07-22 18:44:37.477175+00,2026-07-22 00:00:00+00,73,65,100,75,50,{},"{""overture"": {""lat"": 40.73247528076172, ""lon"": -74.03813934326172, ""zip"": ""07310"", ""city"": ""Jersey City"", ""name"": ""Laundry Factory"", ""brand"": null, ""phone"": ""(201) 876-8700"", ""state"": ""NJ"", ""address"": ""125 18th St"", ""release"": ""2026-07-22.0"", ""website"": ""http://cleanritecenter.com"", ""category"": ""laundry"", ""state_raw"": ""NJ"", ""observed_at"": ""2026-07-22T00:00:00+00:00"", ""src_confidence"": 0.9199122190475464, ""category_source"": ""laundry_services"", ""source_record_id"": ""3a65d35b-551f-4a7e-b6cb-ebc34119d16a""}}",'citi':4 'factori':2 'jersey':3 'laundri':1,2026-07-22 00:00:00+00,overture,62,likely_open,95,50,0,{}
biz_34ff085d7a863e0d,Old New York Pizza Inc,restaurant,,40.71318817138672,-73.9988021850586,POINT(-73.9988021850586 40.71318817138672),225 Park Row,New York,NY,10038-1144,,,,{overture},,businesses_conflate,1100,2026-07-22 18:44:37.477175+00,2026-07-22 00:00:00+00,68,65,100,50,50,{},"{""overture"": {""lat"": 40.71318817138672, ""lon"": -73.9988021850586, ""zip"": ""10038-1144"", ""city"": ""New York"", ""name"": ""Old New York Pizza Inc"", ""brand"": null, ""phone"": null, ""state"": ""NY"", ""address"": ""225 Park Row"", ""release"": ""2026-07-22.0"", ""website"": null, ""category"": ""restaurant"", ""state_raw"": ""NY"", ""observed_at"": ""2026-07-22T00:00:00+00:00"", ""src_confidence"": 0.95, ""category_source"": ""restaurant"", ""source_record_id"": ""1feff445-0a3a-499f-be69-baeb6bf67cc5""}}","'inc':5 'new':2,6 'old':1 'pizza':4 'york':3,7",2026-07-22 00:00:00+00,overture,62,likely_open,95,50,0,{}
biz_351851a50a43c320,Knotel,cafe,Knotel,40.728126525878906,-73.99162292480469,POINT(-73.99162292480469 40.728126525878906),30 Cooper Sq,New York,NY,10003-7120,,+16788272782,,{overture},,businesses_conflate,1100,2026-07-22 18:44:37.477175+00,2026-07-22 00:00:00+00,75,65,100,88,50,{},"{""overture"": {""lat"": 40.728126525878906, ""lon"": -73.99162292480469, ""zip"": ""10003-7120"", ""city"": ""New York"", ""name"": ""Knotel"", ""brand"": ""Knotel"", ""phone"": ""+16788272782"", ""state"": ""NY"", ""address"": ""30 Cooper Sq"", ""release"": ""2026-07-22.0"", ""website"": null, ""category"": ""cafe"", ""state_raw"": ""NY"", ""observed_at"": ""2026-07-22T00:00:00+00:00"", ""src_confidence"": 0.3025470972061157, ""category_source"": ""coffee_shop"", ""source_record_id"": ""cc88dd42-001c-4b99-af38-dc6b799c5173""}}","'knotel':1,2 'new':3 'york':4",2026-07-22 00:00:00+00,overture,62,likely_open,95,50,0,{}
biz_3531cd6f2e5f1af3,Bar Artisanal,restaurant,,40.720848083496094,-74.00550079345703,POINT(-74.00550079345703 40.720848083496094),33 Sixth Ave,New York,NY,10013,,(212) 925-1600,http://www.peleamexicana.com,{overture},,businesses_conflate,1100,2026-07-22 18:44:37.477175+00,2026-07-22 00:00:00+00,73,65,100,75,50,{},"{""overture"": {""lat"": 40.720848083496094, ""lon"": -74.00550079345703, ""zip"": ""10013"", ""city"": ""New York"", ""name"": ""Bar Artisanal"", ""brand"": null, ""phone"": ""(212) 925-1600"", ""state"": ""NY"", ""address"": ""33 Sixth Ave"", ""release"": ""2026-07-22.0"", ""website"": ""http://www.peleamexicana.com"", ""category"": ""restaurant"", ""state_raw"": ""NY"", ""observed_at"": ""2026-07-22T00:00:00+00:00"", ""src_confidence"": 0.77, ""category_source"": ""restaurant"", ""source_record_id"": ""2ac13cc6-73e4-4f5e-8061-9d648e9b6ad8""}}",'artisan':2 'bar':1 'new':3 'york':4,2026-07-22 00:00:00+00,overture,62,likely_open,95,50,0,{}
biz_358a18177cb3c38e,Global Luxury Suites Downtown Jersey City,hotel,,40.72408676147461,-74.03636932373047,POINT(-74.03636932373047 40.72408676147461),465 Washington Blvd,Jersey City,NJ,07310-2117,,+18447720044,https://www.globalluxurysuites.com/,{overture},,businesses_conflate,1100,2026-07-22 18:44:37.477175+00,2026-07-22 00:00:00+00,73,65,100,75,50,{},"{""overture"": {""lat"": 40.72408676147461, ""lon"": -74.03636932373047, ""zip"": ""07310-2117"", ""city"": ""Jersey City"", ""name"": ""Global Luxury Suites Downtown Jersey City"", ""brand"": null, ""phone"": ""+18447720044"", ""state"": ""NJ"", ""address"": ""465 Washington Blvd"", ""release"": ""2026-07-22.0"", ""website"": ""https://www.globalluxurysuites.com/"", ""category"": ""hotel"", ""state_raw"": ""NJ"", ""observed_at"": ""2026-07-22T00:00:00+00:00"", ""src_confidence"": 0.9947518706321716, ""category_source"": ""hotel"", ""source_record_id"": ""457a88f1-bcf1-418c-b286-8b6a117b1aca""}}","'citi':6,8 'downtown':4 'global':1 'jersey':5,7 'luxuri':2 'suit':3",2026-07-22 00:00:00+00,overture,62,likely_open,95,50,0,{}
biz_35a0839f65dc0db4,Newport Tower Suites,hotel,,40.72722625732422,-74.03144073486328,POINT(-74.03144073486328 40.72722625732422),30 River Ct,Jersey City,NJ,07310-2101,,+16467010090,http://www.newporttowersuitesnj.us,{overture},,businesses_conflate,1100,2026-07-22 18:44:37.477175+00,2026-07-22 00:00:00+00,73,65,100,75,50,{},"{""overture"": {""lat"": 40.72722625732422, ""lon"": -74.03144073486328, ""zip"": ""07310-2101"", ""city"": ""Jersey City"", ""name"": ""Newport Tower Suites"", ""brand"": null, ""phone"": ""+16467010090"", ""state"": ""NJ"", ""address"": ""30 River Ct"", ""release"": ""2026-07-22.0"", ""website"": ""http://www.newporttowersuitesnj.us"", ""category"": ""hotel"", ""state_raw"": ""NJ"", ""observed_at"": ""2026-07-22T00:00:00+00:00"", ""src_confidence"": 0.9199122190475464, ""category_source"": ""hotel"", ""source_record_id"": ""052e8412-461d-444f-abac-053503050b60""}}",'citi':5 'jersey':4 'newport':1 'suit':3 'tower':2,2026-07-22 00:00:00+00,overture,62,likely_open,95,50,0,{}
biz_35a226ae80df020e,Ghost Truck Kitchen,restaurant,,40.72087097167969,-74.04801940917969,POINT(-74.04801940917969 40.72087097167969),356 Varick St,Jersey City,NJ,07302,,(201) 706-3989,https://www.hellogtk.com,{overture},,businesses_conflate,1100,2026-07-22 18:44:37.477175+00,2026-07-22 00:00:00+00,73,65,100,75,50,{},"{""overture"": {""lat"": 40.72087097167969, ""lon"": -74.04801940917969, ""zip"": ""07302"", ""city"": ""Jersey City"", ""name"": ""Ghost Truck Kitchen"", ""brand"": null, ""phone"": ""(201) 706-3989"", ""state"": ""NJ"", ""address"": ""356 Varick St"", ""release"": ""2026-07-22.0"", ""website"": ""https://www.hellogtk.com"", ""category"": ""restaurant"", ""state_raw"": ""NJ"", ""observed_at"": ""2026-07-22T00:00:00+00:00"", ""src_confidence"": 0.77, ""category_source"": ""restaurant"", ""source_record_id"": ""8a4753b6-d621-40c5-b6d5-6d938d10787a""}}",'citi':5 'ghost':1 'jersey':4 'kitchen':3 'truck':2,2026-07-22 00:00:00+00,overture,62,likely_open,95,50,0,{}
biz_35bacd7448c26982,Wall Street,fast_food,Sweetgreen,40.705543518066406,-74.0083999633789,POINT(-74.0083999633789 40.705543518066406),67 Wall St,New York,NY,10005,,,https://order.sweetgreen.com/wall-street/,{overture},,businesses_conflate,1100,2026-07-22 18:44:37.477175+00,2026-07-22 00:00:00+00,75,65,100,88,50,{},"{""overture"": {""lat"": 40.705543518066406, ""lon"": -74.0083999633789, ""zip"": ""10005"", ""city"": ""New York"", ""name"": ""Wall Street"", ""brand"": ""Sweetgreen"", ""phone"": null, ""state"": ""NY"", ""address"": ""67 Wall St"", ""release"": ""2026-07-22.0"", ""website"": ""https://order.sweetgreen.com/wall-street/"", ""category"": ""fast_food"", ""state_raw"": ""NY"", ""observed_at"": ""2026-07-22T00:00:00+00:00"", ""src_confidence"": 0.9199122190475464, ""category_source"": ""fast_food_restaurant"", ""source_record_id"": ""9ff31af1-09e0-4dcb-943b-e0fa8762135d""}}",'new':4 'street':2 'sweetgreen':3 'wall':1 'york':5,2026-07-22 00:00:00+00,overture,62,likely_open,95,50,0,{}
biz_35e2a4bf870389bc,77 Alley,restaurant,,40.71826934814453,-74.00208282470703,POINT(-74.00208282470703 40.71826934814453),28 Cortlandt Alley,New York,NY,10013,,,http://77alley.com/,{overture},,businesses_conflate,1100,2026-07-22 18:44:37.477175+00,2026-07-22 00:00:00+00,70,65,100,63,50,{},"{""overture"": {""lat"": 40.71826934814453, ""lon"": -74.00208282470703, ""zip"": ""10013"", ""city"": ""New York"", ""name"": ""77 Alley"", ""brand"": null, ""phone"": null, ""state"": ""NY"", ""address"": ""28 Cortlandt Alley"", ""release"": ""2026-07-22.0"", ""website"": ""http://77alley.com/"", ""category"": ""restaurant"", ""state_raw"": ""NY"", ""observed_at"": ""2026-07-22T00:00:00+00:00"", ""src_confidence"": 0.29096072912216187, ""category_source"": ""restaurant"", ""source_record_id"": ""e557b120-0b28-4634-8cb8-a9f428e26b8c""}}",'77':1 'alley':2 'new':3 'york':4,2026-07-22 00:00:00+00,overture,62,likely_open,95,50,0,{}
biz_35e36e6081330e2c,LibertyX Bitcoin ATM,atm_bank,,40.72074508666992,-74.00072479248047,POINT(-74.00072479248047 40.72074508666992),459 Broadway,New York,NY,10013,,8005118940,https://libertyx.com/a/buy-bitcoin/locations/NY/new-york/459-broadway?y_source=1_OTM5OTE2ODEtNDgzLWxvY2F0aW9uLndlYnNpdGU%3D,{overture},,businesses_conflate,1100,2026-07-22 18:44:37.477175+00,2026-07-22 00:00:00+00,73,65,100,75,50,{},"{""overture"": {""lat"": 40.72074508666992, ""lon"": -74.00072479248047, ""zip"": ""10013"", ""city"": ""New York"", ""name"": ""LibertyX Bitcoin ATM"", ""brand"": null, ""phone"": ""8005118940"", ""state"": ""NY"", ""address"": ""459 Broadway"", ""release"": ""2026-07-22.0"", ""website"": ""https://libertyx.com/a/buy-bitcoin/locations/NY/new-york/459-broadway?y_source=1_OTM5OTE2ODEtNDgzLWxvY2F0aW9uLndlYnNpdGU%3D"", ""category"": ""atm_bank"", ""state_raw"": ""NY"", ""observed_at"": ""2026-07-22T00:00:00+00:00"", ""src_confidence"": 0.85, ""category_source"": ""atms"", ""source_record_id"": ""2832dcaf-8605-44cb-9b02-3ff3d8cd5fff""}}",'atm':3 'bitcoin':2 'libertyx':1 'new':4 'york':5,2026-07-22 00:00:00+00,overture,62,likely_open,95,50,0,{}
biz_35fe38897370f27d,Cb Frontier Llc,restaurant,,40.72056198120117,-73.99280548095703,POINT(-73.99280548095703 40.72056198120117),161 Chrystie St Fl 2,New York,NY,10002-2885,,,,{overture},,businesses_conflate,1100,2026-07-22 18:44:37.477175+00,2026-07-22 00:00:00+00,68,65,100,50,50,{},"{""overture"": {""lat"": 40.72056198120117, ""lon"": -73.99280548095703, ""zip"": ""10002-2885"", ""city"": ""New York"", ""name"": ""Cb Frontier Llc"", ""brand"": null, ""phone"": null, ""state"": ""NY"", ""address"": ""161 Chrystie St Fl 2"", ""release"": ""2026-07-22.0"", ""website"": null, ""category"": ""restaurant"", ""state_raw"": ""NY"", ""observed_at"": ""2026-07-22T00:00:00+00:00"", ""src_confidence"": 0.95, ""category_source"": ""restaurant"", ""source_record_id"": ""b5086c5e-9d88-46f9-a5f4-db3b2091005e""}}",'cb':1 'frontier':2 'llc':3 'new':4 'york':5,2026-07-22 00:00:00+00,overture,62,likely_open,95,50,0,{}
biz_36012268fd2b52c4,Landmark Coffee Shop,cafe,,40.71994400024414,-73.99869537353516,POINT(-73.99869537353516 40.71994400024414),158 Grand St,New York,NY,10013-3140,,+12123340040,http://landmarkdinernyc.com,{overture},,businesses_conflate,1100,2026-07-22 18:44:37.477175+00,2026-07-22 00:00:00+00,73,65,100,75,50,{},"{""overture"": {""lat"": 40.71994400024414, ""lon"": -73.99869537353516, ""zip"": ""10013-3140"", ""city"": ""New York"", ""name"": ""Landmark Coffee Shop"", ""brand"": null, ""phone"": ""+12123340040"", ""state"": ""NY"", ""address"": ""158 Grand St"", ""release"": ""2026-07-22.0"", ""website"": ""http://landmarkdinernyc.com"", ""category"": ""cafe"", ""state_raw"": ""NY"", ""observed_at"": ""2026-07-22T00:00:00+00:00"", ""src_confidence"": 0.9912803769111633, ""category_source"": ""coffee_shop"", ""source_record_id"": ""b160c065-6bd7-4c80-ac98-8b55e2ff5836""}}",'coffe':2 'landmark':1 'new':4 'shop':3 'york':5,2026-07-22 00:00:00+00,overture,62,likely_open,95,50,0,{}
biz_3607d145a732a3f0,787 Coffee,cafe,787 Coffee Co.,40.72437286376953,-74.00288391113281,POINT(-74.00288391113281 40.72437286376953),72 Thompson St,New York,NY,10012,,+19172658357,http://www.787coffee.com,{overture},,businesses_conflate,1100,2026-07-22 18:44:37.477175+00,2026-07-22 00:00:00+00,78,65,100,100,50,{},"{""overture"": {""lat"": 40.72437286376953, ""lon"": -74.00288391113281, ""zip"": ""10012"", ""city"": ""New York"", ""name"": ""787 Coffee"", ""brand"": ""787 Coffee Co."", ""phone"": ""+19172658357"", ""state"": ""NY"", ""address"": ""72 Thompson St"", ""release"": ""2026-07-22.0"", ""website"": ""http://www.787coffee.com"", ""category"": ""cafe"", ""state_raw"": ""NY"", ""observed_at"": ""2026-07-22T00:00:00+00:00"", ""src_confidence"": 0.9902192950248718, ""category_source"": ""coffee_shop"", ""source_record_id"": ""cd137ef9-be4d-411b-b323-dd9abf446ae5""}}","'787':1,3 'co':5 'coffe':2,4 'new':6 'york':7",2026-07-22 00:00:00+00,overture,62,likely_open,95,50,0,{}
biz_361c8b0b23b4bccf,Little Atlas,cafe,,40.728458404541016,-73.99457550048828,POINT(-73.99457550048828 40.728458404541016),6 W 4th St,New York,NY,10012,,2122535535,http://menupages.com/restaurants/little-atlas,{overture},,businesses_conflate,1100,2026-07-22 18:44:37.477175+00,2026-07-22 00:00:00+00,73,65,100,75,50,{},"{""overture"": {""lat"": 40.728458404541016, ""lon"": -73.99457550048828, ""zip"": ""10012"", ""city"": ""New York"", ""name"": ""Little Atlas"", ""brand"": null, ""phone"": ""2122535535"", ""state"": ""NY"", ""address"": ""6 W 4th St"", ""release"": ""2026-07-22.0"", ""website"": ""http://menupages.com/restaurants/little-atlas"", ""category"": ""cafe"", ""state_raw"": ""NY"", ""observed_at"": ""2026-07-22T00:00:00+00:00"", ""src_confidence"": 0.9199122190475464, ""category_source"": ""coffee_shop"", ""source_record_id"": ""04406f95-d383-4ce3-92d7-d070fcec8cf5""}}",'atlas':2 'littl':1 'new':3 'york':4,2026-07-22 00:00:00+00,overture,62,likely_open,95,50,0,{}
biz_36494e490f6000e2,Burger Fulton Llc,restaurant,,40.71013641357422,-74.00700378417969,POINT(-74.00700378417969 40.71013641357422),121 Fulton St,New York,NY,10038-2710,,,,{overture},,businesses_conflate,1100,2026-07-22 18:44:37.477175+00,2026-07-22 00:00:00+00,68,65,100,50,50,{},"{""overture"": {""lat"": 40.71013641357422, ""lon"": -74.00700378417969, ""zip"": ""10038-2710"", ""city"": ""New York"", ""name"": ""Burger Fulton Llc"", ""brand"": null, ""phone"": null, ""state"": ""NY"", ""address"": ""121 Fulton St"", ""release"": ""2026-07-22.0"", ""website"": null, ""category"": ""restaurant"", ""state_raw"": ""NY"", ""observed_at"": ""2026-07-22T00:00:00+00:00"", ""src_confidence"": 0.95, ""category_source"": ""restaurant"", ""source_record_id"": ""fe13f8d3-d5bd-4003-84b8-d2b9d8a3a4cf""}}",'burger':1 'fulton':2 'llc':3 'new':4 'york':5,2026-07-22 00:00:00+00,overture,62,likely_open,95,50,0,{}
biz_364abd74854e2d8b,Living,hotel,,40.71413040161133,-73.99378967285156,POINT(-73.99378967285156 40.71413040161133),79 Division St,New York,NY,10002-6201,,,,{overture},,businesses_conflate,1100,2026-07-22 18:44:37.477175+00,2026-07-22 00:00:00+00,68,65,100,50,50,{},"{""overture"": {""lat"": 40.71413040161133, ""lon"": -73.99378967285156, ""zip"": ""10002-6201"", ""city"": ""New York"", ""name"": ""Living"", ""brand"": null, ""phone"": null, ""state"": ""NY"", ""address"": ""79 Division St"", ""release"": ""2026-07-22.0"", ""website"": null, ""category"": ""hotel"", ""state_raw"": ""NY"", ""observed_at"": ""2026-07-22T00:00:00+00:00"", ""src_confidence"": 0.65, ""category_source"": ""hotel"", ""source_record_id"": ""ba3a1751-0147-453e-b265-1de4b731ecc0""}}",'live':1 'new':2 'york':3,2026-07-22 00:00:00+00,overture,62,likely_open,95,50,0,{}
biz_364be97ee7e2b212,P.c.g. Restaurant Corp.,restaurant,,40.7150764465332,-74.01051330566406,POINT(-74.01051330566406 40.7150764465332),81 Warren St,New York,NY,10007-1095,,+12125715555,,{overture},,businesses_conflate,1100,2026-07-22 18:44:37.477175+00,2026-07-22 00:00:00+00,70,65,100,63,50,{},"{""overture"": {""lat"": 40.7150764465332, ""lon"": -74.01051330566406, ""zip"": ""10007-1095"", ""city"": ""New York"", ""name"": ""P.c.g. Restaurant Corp."", ""brand"": null, ""phone"": ""+12125715555"", ""state"": ""NY"", ""address"": ""81 Warren St"", ""release"": ""2026-07-22.0"", ""website"": null, ""category"": ""restaurant"", ""state_raw"": ""NY"", ""observed_at"": ""2026-07-22T00:00:00+00:00"", ""src_confidence"": 0.95, ""category_source"": ""restaurant"", ""source_record_id"": ""a84428d0-d556-4170-8359-944ae6d617cd""}}",'corp':3 'new':4 'p.c.g':1 'restaur':2 'york':5,2026-07-22 00:00:00+00,overture,62,likely_open,95,50,0,{}
biz_364d372145d78426,Eet,restaurant,,40.723690032958984,-74.00613403320312,POINT(-74.00613403320312 40.723690032958984),75 Varick St,New York,NY,10013,,(877) 338-6697,http://www.eetnow.com,{overture},,businesses_conflate,1100,2026-07-22 18:44:37.477175+00,2026-07-22 00:00:00+00,73,65,100,75,50,{},"{""overture"": {""lat"": 40.723690032958984, ""lon"": -74.00613403320312, ""zip"": ""10013"", ""city"": ""New York"", ""name"": ""Eet"", ""brand"": null, ""phone"": ""(877) 338-6697"", ""state"": ""NY"", ""address"": ""75 Varick St"", ""release"": ""2026-07-22.0"", ""website"": ""http://www.eetnow.com"", ""category"": ""restaurant"", ""state_raw"": ""NY"", ""observed_at"": ""2026-07-22T00:00:00+00:00"", ""src_confidence"": 0.9199122190475464, ""category_source"": ""restaurant"", ""source_record_id"": ""b78a35cc-d9d8-4e52-8137-18a361869e1f""}}",'eet':1 'new':2 'york':3,2026-07-22 00:00:00+00,overture,62,likely_open,95,50,0,{}
biz_365aa8e0512cd597,Busy Bee Organics,cafe,,40.72209930419922,-74.04035186767578,POINT(-74.04035186767578 40.72209930419922),175 2nd St,Jersey City,NJ,07302,,(201) 885-3658,http://busybeeorganics.com,{overture},,businesses_conflate,1100,2026-07-22 18:44:37.477175+00,2026-07-22 00:00:00+00,73,65,100,75,50,{},"{""overture"": {""lat"": 40.72209930419922, ""lon"": -74.04035186767578, ""zip"": ""07302"", ""city"": ""Jersey City"", ""name"": ""Busy Bee Organics"", ""brand"": null, ""phone"": ""(201) 885-3658"", ""state"": ""NJ"", ""address"": ""175 2nd St"", ""release"": ""2026-07-22.0"", ""website"": ""http://busybeeorganics.com"", ""category"": ""cafe"", ""state_raw"": ""NJ"", ""observed_at"": ""2026-07-22T00:00:00+00:00"", ""src_confidence"": 0.9199122190475464, ""category_source"": ""coffee_shop"", ""source_record_id"": ""10f06683-1cab-4116-9b02-7b190b87bda3""}}",'bee':2 'busi':1 'citi':5 'jersey':4 'organ':3,2026-07-22 00:00:00+00,overture,62,likely_open,95,50,0,{}
biz_366a7ed671580f12,NobleDEN Hotel,hotel,,40.71931457519531,-73.99681091308594,POINT(-73.99681091308594 40.71931457519531),196 Grand St,New York,NY,10013-3712,,+12123908988,http://nobleden.com/,{overture},,businesses_conflate,1100,2026-07-22 18:44:37.477175+00,2026-07-22 00:00:00+00,73,65,100,75,50,{},"{""overture"": {""lat"": 40.71931457519531, ""lon"": -73.99681091308594, ""zip"": ""10013-3712"", ""city"": ""New York"", ""name"": ""NobleDEN Hotel"", ""brand"": null, ""phone"": ""+12123908988"", ""state"": ""NY"", ""address"": ""196 Grand St"", ""release"": ""2026-07-22.0"", ""website"": ""http://nobleden.com/"", ""category"": ""hotel"", ""state_raw"": ""NY"", ""observed_at"": ""2026-07-22T00:00:00+00:00"", ""src_confidence"": 0.9989431500434875, ""category_source"": ""hotel"", ""source_record_id"": ""a89d4a3b-e07d-4667-9b48-6c5b46868441""}}",'hotel':2 'new':3 'nobleden':1 'york':4,2026-07-22 00:00:00+00,overture,62,likely_open,95,50,0,{}
biz_369cf5c59c80c283,LibertyX Bitcoin ATM,atm_bank,,40.72819519042969,-74.03194427490234,POINT(-74.03194427490234 40.72819519042969),52 River Dr S,Jersey City,NJ,07310,,8005118940,"",{overture},,businesses_conflate,1100,2026-07-22 18:44:37.477175+00,2026-07-22 00:00:00+00,73,65,100,75,50,{},"{""overture"": {""lat"": 40.72819519042969, ""lon"": -74.03194427490234, ""zip"": ""07310"", ""city"": ""Jersey City"", ""name"": ""LibertyX Bitcoin ATM"", ""brand"": null, ""phone"": ""8005118940"", ""state"": ""NJ"", ""address"": ""52 River Dr S"", ""release"": ""2026-07-22.0"", ""website"": """", ""category"": ""atm_bank"", ""state_raw"": ""NJ"", ""observed_at"": ""2026-07-22T00:00:00+00:00"", ""src_confidence"": 0.85, ""category_source"": ""atms"", ""source_record_id"": ""7425aca0-6e96-4816-a207-9c5883fa5ec1""}}",'atm':3 'bitcoin':2 'citi':5 'jersey':4 'libertyx':1,2026-07-22 00:00:00+00,overture,62,likely_open,95,50,0,{}
biz_36bcec6cafb7154b,Arcane Estate,cafe,,40.731109619140625,-74.00270080566406,POINT(-74.00270080566406 40.731109619140625),37 Cornelia St,New York,NY,10014,,,http://arcaneestatecoffee.com,{overture},,businesses_conflate,1100,2026-07-22 18:44:37.477175+00,2026-07-22 00:00:00+00,70,65,100,63,50,{},"{""overture"": {""lat"": 40.731109619140625, ""lon"": -74.00270080566406, ""zip"": ""10014"", ""city"": ""New York"", ""name"": ""Arcane Estate"", ""brand"": null, ""phone"": null, ""state"": ""NY"", ""address"": ""37 Cornelia St"", ""release"": ""2026-07-22.0"", ""website"": ""http://arcaneestatecoffee.com"", ""category"": ""cafe"", ""state_raw"": ""NY"", ""observed_at"": ""2026-07-22T00:00:00+00:00"", ""src_confidence"": 0.77, ""category_source"": ""coffee_shop"", ""source_record_id"": ""9da38a72-4660-4dd1-abdc-7b719b8f1909""}}",'arcan':1 'estat':2 'new':3 'york':4,2026-07-22 00:00:00+00,overture,62,likely_open,95,50,0,{}
biz_36eef29499b46b45,bright light hotel ,hotel,,40.71675491333008,-73.9998550415039,POINT(-73.9998550415039 40.71675491333008),Akinleye street Oke Alaafia Along\nAhoyaya Road Ikoyi Osun ,New York,NY,221104\n,,+2349042300618,https://www.instagram.com/brightlight_hotel?igsh=MWk4azZicHR0Y3doNA%3D%3D,{overture},,businesses_conflate,1100,2026-07-22 18:44:37.477175+00,2026-07-22 00:00:00+00,73,65,100,75,50,{},"{""overture"": {""lat"": 40.71675491333008, ""lon"": -73.9998550415039, ""zip"": ""221104\\n"", ""city"": ""New York"", ""name"": ""bright light hotel "", ""brand"": null, ""phone"": ""+2349042300618"", ""state"": ""NY"", ""address"": ""Akinleye street Oke Alaafia Along\\nAhoyaya Road Ikoyi Osun "", ""release"": ""2026-07-22.0"", ""website"": ""https://www.instagram.com/brightlight_hotel?igsh=MWk4azZicHR0Y3doNA%3D%3D"", ""category"": ""hotel"", ""state_raw"": ""NY"", ""observed_at"": ""2026-07-22T00:00:00+00:00"", ""src_confidence"": 0.845635712146759, ""category_source"": ""hotel"", ""source_record_id"": ""acb775e4-fc85-42af-995a-d37dc3cd68c6""}}",'bright':1 'hotel':3 'light':2 'new':4 'york':5,2026-07-22 00:00:00+00,overture,62,likely_open,95,50,0,{}
biz_36fd73d43dc5d8d2,Feed Your Soul Cafe,cafe,,40.70748519897461,-74.01081085205078,POINT(-74.01081085205078 40.70748519897461),14 Wall St,New York,NY,10005-2101,,2127329868,http://www.feedyoursoul.com,{overture},,businesses_conflate,1100,2026-07-22 18:44:37.477175+00,2026-07-22 00:00:00+00,73,65,100,75,50,{},"{""overture"": {""lat"": 40.70748519897461, ""lon"": -74.01081085205078, ""zip"": ""10005-2101"", ""city"": ""New York"", ""name"": ""Feed Your Soul Cafe"", ""brand"": null, ""phone"": ""2127329868"", ""state"": ""NY"", ""address"": ""14 Wall St"", ""release"": ""2026-07-22.0"", ""website"": ""http://www.feedyoursoul.com"", ""category"": ""cafe"", ""state_raw"": ""NY"", ""observed_at"": ""2026-07-22T00:00:00+00:00"", ""src_confidence"": 0.9199122190475464, ""category_source"": ""cafe"", ""source_record_id"": ""d016d2b6-00ca-40b9-8fd3-a4d98f556925""}}",'cafe':4 'feed':1 'new':5 'soul':3 'york':6,2026-07-22 00:00:00+00,overture,62,likely_open,95,50,0,{}
biz_370aa7e551d26ab1,مطعم ومشويات ليث,restaurant,,40.720340728759766,-73.99950408935547,POINT(-73.99950408935547 40.720340728759766),شارع البوريات ,New York,NY,,,,,{overture},,businesses_conflate,1100,2026-07-22 18:44:37.477175+00,2026-07-22 00:00:00+00,65,65,100,38,50,{},"{""overture"": {""lat"": 40.720340728759766, ""lon"": -73.99950408935547, ""zip"": null, ""city"": ""New York"", ""name"": ""مطعم ومشويات ليث"", ""brand"": null, ""phone"": null, ""state"": ""NY"", ""address"": ""شارع البوريات "", ""release"": ""2026-07-22.0"", ""website"": null, ""category"": ""restaurant"", ""state_raw"": ""NY"", ""observed_at"": ""2026-07-22T00:00:00+00:00"", ""src_confidence"": 0.3224887251853943, ""category_source"": ""restaurant"", ""source_record_id"": ""2d8416f2-346f-4eca-86e7-63696fb9f43e""}}",'new':4 'york':5 'ليث':3 'مطعم':1 'ومشويات':2,2026-07-22 00:00:00+00,overture,62,likely_open,95,50,0,{}
biz_3711e1dd58c28afa,Tom Grill Images,restaurant,,40.7210578918457,-74.04008483886719,POINT(-74.04008483886719 40.7210578918457),150 Bay St,Jersey City,NJ,07302-2900,,,tomgrill.com,{overture},,businesses_conflate,1100,2026-07-22 18:44:37.477175+00,2026-07-22 00:00:00+00,70,65,100,63,50,{},"{""overture"": {""lat"": 40.7210578918457, ""lon"": -74.04008483886719, ""zip"": ""07302-2900"", ""city"": ""Jersey City"", ""name"": ""Tom Grill Images"", ""brand"": null, ""phone"": null, ""state"": ""NJ"", ""address"": ""150 Bay St"", ""release"": ""2026-07-22.0"", ""website"": ""tomgrill.com"", ""category"": ""restaurant"", ""state_raw"": ""NJ"", ""observed_at"": ""2026-07-22T00:00:00+00:00"", ""src_confidence"": 0.95, ""category_source"": ""restaurant"", ""source_record_id"": ""9aaa7de4-beb1-4fd9-bd86-f9c8202ffaab""}}",'citi':5 'grill':2 'imag':3 'jersey':4 'tom':1,2026-07-22 00:00:00+00,overture,62,likely_open,95,50,0,{}
biz_3752496205112b85,TD Bank,atm_bank,,40.716732025146484,-74.00914764404297,POINT(-74.00914764404297 40.716732025146484),25 Hudson Street Tribeca,New York,NY,10013,,6466131165,http://www.tdbank.com/,{overture},,businesses_conflate,1100,2026-07-22 18:44:37.477175+00,2026-07-22 00:00:00+00,73,65,100,75,50,{},"{""overture"": {""lat"": 40.716732025146484, ""lon"": -74.00914764404297, ""zip"": ""10013"", ""city"": ""New York"", ""name"": ""TD Bank"", ""brand"": null, ""phone"": ""6466131165"", ""state"": ""NY"", ""address"": ""25 Hudson Street Tribeca"", ""release"": ""2026-07-22.0"", ""website"": ""http://www.tdbank.com/"", ""category"": ""atm_bank"", ""state_raw"": ""NY"", ""observed_at"": ""2026-07-22T00:00:00+00:00"", ""src_confidence"": 0.9199122190475464, ""category_source"": ""bank_credit_union"", ""source_record_id"": ""c27ee398-c415-426e-b1e1-6d110dbd6ef6""}}",'bank':2 'new':3 'td':1 'york':4,2026-07-22 00:00:00+00,overture,62,likely_open,95,50,0,{}
biz_376fb866897d6e55,The Twenty Two New York,hotel,,40.736820220947266,-73.99189758300781,POINT(-73.99189758300781 40.736820220947266),16 E 16th St,New York,NY,10003,,+12123024040,http://thetwentytwo.com/,{overture},,businesses_conflate,1100,2026-07-22 18:44:37.477175+00,2026-07-22 00:00:00+00,73,65,100,75,50,{},"{""overture"": {""lat"": 40.736820220947266, ""lon"": -73.99189758300781, ""zip"": ""10003"", ""city"": ""New York"", ""name"": ""The Twenty Two New York"", ""brand"": null, ""phone"": ""+12123024040"", ""state"": ""NY"", ""address"": ""16 E 16th St"", ""release"": ""2026-07-22.0"", ""website"": ""http://thetwentytwo.com/"", ""category"": ""hotel"", ""state_raw"": ""NY"", ""observed_at"": ""2026-07-22T00:00:00+00:00"", ""src_confidence"": 0.9940024018287659, ""category_source"": ""hotel"", ""source_record_id"": ""63dffaab-dbc3-46cd-908a-694b810dd6b3""}}","'new':4,6 'twenti':2 'two':3 'york':5,7",2026-07-22 00:00:00+00,overture,62,likely_open,95,50,0,{}
biz_377865da6a61730f,La Colombe Coffee Workshop,cafe,La Colombe,40.726776123046875,-74.00713348388672,POINT(-74.00713348388672 40.726776123046875),75 Vandam St,New York,NY,10013-1103,,+19174759740,http://www.lacolombe.com,{overture},,businesses_conflate,1100,2026-07-22 18:44:37.477175+00,2026-07-22 00:00:00+00,78,65,100,100,50,{},"{""overture"": {""lat"": 40.726776123046875, ""lon"": -74.00713348388672, ""zip"": ""10013-1103"", ""city"": ""New York"", ""name"": ""La Colombe Coffee Workshop"", ""brand"": ""La Colombe"", ""phone"": ""+19174759740"", ""state"": ""NY"", ""address"": ""75 Vandam St"", ""release"": ""2026-07-22.0"", ""website"": ""http://www.lacolombe.com"", ""category"": ""cafe"", ""state_raw"": ""NY"", ""observed_at"": ""2026-07-22T00:00:00+00:00"", ""src_confidence"": 0.9692222476005554, ""category_source"": ""coffee_shop"", ""source_record_id"": ""8a96a044-c010-42e9-b0db-194279f93025""}}","'coffe':3 'colomb':2,6 'la':1,5 'new':7 'workshop':4 'york':8",2026-07-22 00:00:00+00,overture,62,likely_open,95,50,0,{}
biz_379c38ca9f2a491a,Chick-fil-A,fast_food,,40.731109619140625,-73.99503326416016,POINT(-73.99503326416016 40.731109619140625),5 University Pl #11,New York,NY,10003,,2129984931,http://www.chick-fil-a.com/nyu,{overture},,businesses_conflate,1100,2026-07-22 18:44:37.477175+00,2026-07-22 00:00:00+00,73,65,100,75,50,{},"{""overture"": {""lat"": 40.731109619140625, ""lon"": -73.99503326416016, ""zip"": ""10003"", ""city"": ""New York"", ""name"": ""Chick-fil-A"", ""brand"": null, ""phone"": ""2129984931"", ""state"": ""NY"", ""address"": ""5 University Pl #11"", ""release"": ""2026-07-22.0"", ""website"": ""http://www.chick-fil-a.com/nyu"", ""category"": ""fast_food"", ""state_raw"": ""NY"", ""observed_at"": ""2026-07-22T00:00:00+00:00"", ""src_confidence"": 0.9199122190475464, ""category_source"": ""fast_food_restaurant"", ""source_record_id"": ""bd932a89-c02b-44c0-b2c0-2b526fee26dd""}}",'chick':2 'chick-fil-a':1 'fil':3 'new':5 'york':6,2026-07-22 00:00:00+00,overture,62,likely_open,95,50,0,{}
biz_37f2dc7126ec9725,Murray Cleaners,laundry,,40.71525192260742,-74.01100158691406,POINT(-74.01100158691406 40.71525192260742),275 Greenwich St,New York,NY,10007,,(212) 962-4185,http://www.murraycleaners.com,{overture},,businesses_conflate,1100,2026-07-22 18:44:37.477175+00,2026-07-22 00:00:00+00,73,65,100,75,50,{},"{""overture"": {""lat"": 40.71525192260742, ""lon"": -74.01100158691406, ""zip"": ""10007"", ""city"": ""New York"", ""name"": ""Murray Cleaners"", ""brand"": null, ""phone"": ""(212) 962-4185"", ""state"": ""NY"", ""address"": ""275 Greenwich St"", ""release"": ""2026-07-22.0"", ""website"": ""http://www.murraycleaners.com"", ""category"": ""laundry"", ""state_raw"": ""NY"", ""observed_at"": ""2026-07-22T00:00:00+00:00"", ""src_confidence"": 0.9902192950248718, ""category_source"": ""laundry_services"", ""source_record_id"": ""f60455d1-bfc7-416d-993c-9c340c6d0219""}}",'cleaner':2 'murray':1 'new':3 'york':4,2026-07-22 00:00:00+00,overture,62,likely_open,95,50,0,{}
biz_37f85fcbbd2f0af2,Bar Giacosa Corp,restaurant,,40.72911834716797,-74.00211334228516,POINT(-74.00211334228516 40.72911834716797),268 Avenue of the Americas,New York,NY,10014-4721,,,,{overture},,businesses_conflate,1100,2026-07-22 18:44:37.477175+00,2026-07-22 00:00:00+00,68,65,100,50,50,{},"{""overture"": {""lat"": 40.72911834716797, ""lon"": -74.00211334228516, ""zip"": ""10014-4721"", ""city"": ""New York"", ""name"": ""Bar Giacosa Corp"", ""brand"": null, ""phone"": null, ""state"": ""NY"", ""address"": ""268 Avenue of the Americas"", ""release"": ""2026-07-22.0"", ""website"": null, ""category"": ""restaurant"", ""state_raw"": ""NY"", ""observed_at"": ""2026-07-22T00:00:00+00:00"", ""src_confidence"": 0.95, ""category_source"": ""restaurant"", ""source_record_id"": ""4537d30f-c4f3-4d5d-8591-acb755ce5ddc""}}",'bar':1 'corp':3 'giacosa':2 'new':4 'york':5,2026-07-22 00:00:00+00,overture,62,likely_open,95,50,0,{}
biz_380b93f0a9e2e985,FEED Shop & Cafe,cafe,,40.703365325927734,-73.99166870117188,POINT(-73.99166870117188 40.703365325927734),53-83 Water St,New York,NY,10041,,(929) 397-2716,https://www.feedprojects.com/feed-shop-cafe,{overture},,businesses_conflate,1100,2026-07-22 18:44:37.477175+00,2026-07-22 00:00:00+00,73,65,100,75,50,{},"{""overture"": {""lat"": 40.703365325927734, ""lon"": -73.99166870117188, ""zip"": ""10041"", ""city"": ""New York"", ""name"": ""FEED Shop & Cafe"", ""brand"": null, ""phone"": ""(929) 397-2716"", ""state"": ""NY"", ""address"": ""53-83 Water St"", ""release"": ""2026-07-22.0"", ""website"": ""https://www.feedprojects.com/feed-shop-cafe"", ""category"": ""cafe"", ""state_raw"": ""NY"", ""observed_at"": ""2026-07-22T00:00:00+00:00"", ""src_confidence"": 0.9199122190475464, ""category_source"": ""coffee_shop"", ""source_record_id"": ""305f9c3f-94a6-423b-9ef8-5b0884d29148""}}",'cafe':3 'feed':1 'new':4 'shop':2 'york':5,2026-07-22 00:00:00+00,overture,62,likely_open,95,50,0,{}
biz_3829ea92deea85c9,The Mud Club,cafe,,40.71869659423828,-73.99243927001953,POINT(-73.99243927001953 40.71869659423828),303 Broome St,New York,NY,10002,,,https://themudclub.com/newyorkcity,{overture},,businesses_conflate,1100,2026-07-22 18:44:37.477175+00,2026-07-22 00:00:00+00,70,65,100,63,50,{},"{""overture"": {""lat"": 40.71869659423828, ""lon"": -73.99243927001953, ""zip"": ""10002"", ""city"": ""New York"", ""name"": ""The Mud Club"", ""brand"": null, ""phone"": null, ""state"": ""NY"", ""address"": ""303 Broome St"", ""release"": ""2026-07-22.0"", ""website"": ""https://themudclub.com/newyorkcity"", ""category"": ""cafe"", ""state_raw"": ""NY"", ""observed_at"": ""2026-07-22T00:00:00+00:00"", ""src_confidence"": 0.9401758313179016, ""category_source"": ""coffee_shop"", ""source_record_id"": ""1246f219-2aee-47e7-b54d-a148f2547901""}}",'club':3 'mud':2 'new':4 'york':5,2026-07-22 00:00:00+00,overture,62,likely_open,95,50,0,{}
biz_382e51eb0cadd781,Fry All,fast_food,,40.71542739868164,-73.9983901977539,POINT(-73.9983901977539 40.71542739868164),69 Bayard St,New York,NY,10013,,(212) 227-1807,https://www.fry-all.com,{overture},,businesses_conflate,1100,2026-07-22 18:44:37.477175+00,2026-07-22 00:00:00+00,73,65,100,75,50,{},"{""overture"": {""lat"": 40.71542739868164, ""lon"": -73.9983901977539, ""zip"": ""10013"", ""city"": ""New York"", ""name"": ""Fry All"", ""brand"": null, ""phone"": ""(212) 227-1807"", ""state"": ""NY"", ""address"": ""69 Bayard St"", ""release"": ""2026-07-22.0"", ""website"": ""https://www.fry-all.com"", ""category"": ""fast_food"", ""state_raw"": ""NY"", ""observed_at"": ""2026-07-22T00:00:00+00:00"", ""src_confidence"": 0.9199122190475464, ""category_source"": ""fast_food_restaurant"", ""source_record_id"": ""37d5dfa4-a38a-469e-a4a6-9d5f3eab2317""}}",'fri':1 'new':3 'york':4,2026-07-22 00:00:00+00,overture,62,likely_open,95,50,0,{}
biz_383ecdd7f8d0de2b,Mobil,fuel_station,Exxon & Mobil Stations,40.728553771972656,-74.04478454589844,POINT(-74.04478454589844 40.728553771972656),726 Jersey Ave,Jersey City,NJ,07310-1306,,+12014201173,https://www.exxon.com/en,{overture},,businesses_conflate,1100,2026-07-22 18:44:37.477175+00,2026-07-22 00:00:00+00,78,65,100,100,50,{},"{""overture"": {""lat"": 40.728553771972656, ""lon"": -74.04478454589844, ""zip"": ""07310-1306"", ""city"": ""Jersey City"", ""name"": ""Mobil"", ""brand"": ""Exxon & Mobil Stations"", ""phone"": ""+12014201173"", ""state"": ""NJ"", ""address"": ""726 Jersey Ave"", ""release"": ""2026-07-22.0"", ""website"": ""https://www.exxon.com/en"", ""category"": ""fuel_station"", ""state_raw"": ""NJ"", ""observed_at"": ""2026-07-22T00:00:00+00:00"", ""src_confidence"": 0.8916214108467102, ""category_source"": ""gas_station"", ""source_record_id"": ""167aaf3a-6b24-46ad-93f2-69ed2bbf3d79""}}","'citi':6 'exxon':2 'jersey':5 'mobil':1,3 'station':4",2026-07-22 00:00:00+00,overture,62,likely_open,95,50,0,{}
biz_3850da06647e1030,The New York Hotel,hotel,,40.7313117980957,-74.00822448730469,POINT(-74.00822448730469 40.7313117980957),636 Greenwich St,New York,NY,10014-3307,,+12124434700,http://www.nyu.edu/,{overture},,businesses_conflate,1100,2026-07-22 18:44:37.477175+00,2026-07-22 00:00:00+00,73,65,100,75,50,{},"{""overture"": {""lat"": 40.7313117980957, ""lon"": -74.00822448730469, ""zip"": ""10014-3307"", ""city"": ""New York"", ""name"": ""The New York Hotel"", ""brand"": null, ""phone"": ""+12124434700"", ""state"": ""NY"", ""address"": ""636 Greenwich St"", ""release"": ""2026-07-22.0"", ""website"": ""http://www.nyu.edu/"", ""category"": ""hotel"", ""state_raw"": ""NY"", ""observed_at"": ""2026-07-22T00:00:00+00:00"", ""src_confidence"": 0.736537754535675, ""category_source"": ""hotel"", ""source_record_id"": ""b61fdadc-b534-4941-a105-875c72fe63f8""}}","'hotel':4 'new':2,5 'york':3,6",2026-07-22 00:00:00+00,overture,62,likely_open,95,50,0,{}
biz_389102705d611b03,Lēna Coffee&Wine,cafe,,40.71928024291992,-73.99156188964844,POINT(-73.99156188964844 40.71928024291992),137 Eldridge St,New York,NY,10002,,(212) 979-2315,http://www.lenacoffee.com,{overture},,businesses_conflate,1100,2026-07-22 18:44:37.477175+00,2026-07-22 00:00:00+00,73,65,100,75,50,{},"{""overture"": {""lat"": 40.71928024291992, ""lon"": -73.99156188964844, ""zip"": ""10002"", ""city"": ""New York"", ""name"": ""Lēna Coffee&Wine"", ""brand"": null, ""phone"": ""(212) 979-2315"", ""state"": ""NY"", ""address"": ""137 Eldridge St"", ""release"": ""2026-07-22.0"", ""website"": ""http://www.lenacoffee.com"", ""category"": ""cafe"", ""state_raw"": ""NY"", ""observed_at"": ""2026-07-22T00:00:00+00:00"", ""src_confidence"": 0.77, ""category_source"": ""cafe"", ""source_record_id"": ""4ef697d3-f50e-4213-ba20-2658d5bbf41f""}}",'coffe':2 'lēna':1 'new':4 'wine':3 'york':5,2026-07-22 00:00:00+00,overture,62,likely_open,95,50,0,{}
biz_38996d639cf05e22,Crab Du Jour Express,restaurant,,40.731040954589844,-74.00167846679688,POINT(-74.00167846679688 40.731040954589844),319 Avenue of the Americas,New York,NY,10014,,(917) 675-7227,http://crabdujour.com,{overture},,businesses_conflate,1100,2026-07-22 18:44:37.477175+00,2026-07-22 00:00:00+00,73,65,100,75,50,{},"{""overture"": {""lat"": 40.731040954589844, ""lon"": -74.00167846679688, ""zip"": ""10014"", ""city"": ""New York"", ""name"": ""Crab Du Jour Express"", ""brand"": null, ""phone"": ""(917) 675-7227"", ""state"": ""NY"", ""address"": ""319 Avenue of the Americas"", ""release"": ""2026-07-22.0"", ""website"": ""http://crabdujour.com"", ""category"": ""restaurant"", ""state_raw"": ""NY"", ""observed_at"": ""2026-07-22T00:00:00+00:00"", ""src_confidence"": 0.9199122190475464, ""category_source"": ""restaurant"", ""source_record_id"": ""5771cc38-d7c3-4b4f-bfea-b12e93ee7a6a""}}",'crab':1 'du':2 'express':4 'jour':3 'new':5 'york':6,2026-07-22 00:00:00+00,overture,62,likely_open,95,50,0,{}
biz_38db7da3c58f8b88,Marlborough Broome Street,restaurant,,40.71910858154297,-73.99391174316406,POINT(-73.99391174316406 40.71910858154297),331 Broome St,New York,NY,10002-2814,,+12122198926,http://marlboroughchelsea.com/broome-st/exhibitions,{overture},,businesses_conflate,1100,2026-07-22 18:44:37.477175+00,2026-07-22 00:00:00+00,73,65,100,75,50,{},"{""overture"": {""lat"": 40.71910858154297, ""lon"": -73.99391174316406, ""zip"": ""10002-2814"", ""city"": ""New York"", ""name"": ""Marlborough Broome Street"", ""brand"": null, ""phone"": ""+12122198926"", ""state"": ""NY"", ""address"": ""331 Broome St"", ""release"": ""2026-07-22.0"", ""website"": ""http://marlboroughchelsea.com/broome-st/exhibitions"", ""category"": ""restaurant"", ""state_raw"": ""NY"", ""observed_at"": ""2026-07-22T00:00:00+00:00"", ""src_confidence"": 0.8895392233133316, ""category_source"": ""restaurant"", ""source_record_id"": ""f1e83ac9-49c0-4dbf-a417-9193a2dabc58""}}",'broom':2 'marlborough':1 'new':4 'street':3 'york':5,2026-07-22 00:00:00+00,overture,62,likely_open,95,50,0,{}
biz_38fc421eb762eb9b,Laz Parking,fuel_station,,40.70534133911133,-74.01034545898438,POINT(-74.01034545898438 40.70534133911133),15 William St,New York,NY,10005,,(212) 785-9733,http://www.quikparkgarages.com,{overture},,businesses_conflate,1100,2026-07-22 18:44:37.477175+00,2026-07-22 00:00:00+00,73,65,100,75,50,{},"{""overture"": {""lat"": 40.70534133911133, ""lon"": -74.01034545898438, ""zip"": ""10005"", ""city"": ""New York"", ""name"": ""Laz Parking"", ""brand"": null, ""phone"": ""(212) 785-9733"", ""state"": ""NY"", ""address"": ""15 William St"", ""release"": ""2026-07-22.0"", ""website"": ""http://www.quikparkgarages.com"", ""category"": ""fuel_station"", ""state_raw"": ""NY"", ""observed_at"": ""2026-07-22T00:00:00+00:00"", ""src_confidence"": 0.9199122190475464, ""category_source"": ""gas_station"", ""source_record_id"": ""ceb483fb-5df4-428d-84dc-0786c125d3de""}}",'laz':1 'new':3 'park':2 'york':4,2026-07-22 00:00:00+00,overture,62,likely_open,95,50,0,{}
biz_391b57819a83d2fd,Kaffa Espresso Bar,cafe,,40.72342300415039,-74.04945373535156,POINT(-74.04945373535156 40.72342300415039),276 Newark Ave,Jersey City,NJ,07302,,+12013880777,http://kaffaespressobarjc.com/,{overture},,businesses_conflate,1100,2026-07-22 18:44:37.477175+00,2026-07-22 00:00:00+00,73,65,100,75,50,{},"{""overture"": {""lat"": 40.72342300415039, ""lon"": -74.04945373535156, ""zip"": ""07302"", ""city"": ""Jersey City"", ""name"": ""Kaffa Espresso Bar"", ""brand"": null, ""phone"": ""+12013880777"", ""state"": ""NJ"", ""address"": ""276 Newark Ave"", ""release"": ""2026-07-22.0"", ""website"": ""http://kaffaespressobarjc.com/"", ""category"": ""cafe"", ""state_raw"": ""NJ"", ""observed_at"": ""2026-07-22T00:00:00+00:00"", ""src_confidence"": 0.9902192950248718, ""category_source"": ""cafe"", ""source_record_id"": ""d335edad-4fbc-491e-9e13-34d920fa73fa""}}",'bar':3 'citi':5 'espresso':2 'jersey':4 'kaffa':1,2026-07-22 00:00:00+00,overture,62,likely_open,95,50,0,{}
biz_391f32059f7266cb,TD Bank,atm_bank,TD,40.73624038696289,-73.99362182617188,POINT(-73.99362182617188 40.73624038696289),90 5th Ave,New York,NY,10011-2048,,+12123817900,https://www.td.com/us/en/personal-banking/store-locator?y_source=1_MzE0NzE0OC01NTktbG9jYXRpb24ud2Vic2l0ZQ%3D%3D#/?utm_source=google-maps&utm_medium=yext&utm_campaign=always_on&utm_content=tdct_appointment,{overture},,businesses_conflate,1100,2026-07-22 18:44:37.477175+00,2026-07-22 00:00:00+00,78,65,100,100,50,{},"{""overture"": {""lat"": 40.73624038696289, ""lon"": -73.99362182617188, ""zip"": ""10011-2048"", ""city"": ""New York"", ""name"": ""TD Bank"", ""brand"": ""TD"", ""phone"": ""+12123817900"", ""state"": ""NY"", ""address"": ""90 5th Ave"", ""release"": ""2026-07-22.0"", ""website"": ""https://www.td.com/us/en/personal-banking/store-locator?y_source=1_MzE0NzE0OC01NTktbG9jYXRpb24ud2Vic2l0ZQ%3D%3D#/?utm_source=google-maps&utm_medium=yext&utm_campaign=always_on&utm_content=tdct_appointment"", ""category"": ""atm_bank"", ""state_raw"": ""NY"", ""observed_at"": ""2026-07-22T00:00:00+00:00"", ""src_confidence"": 0.9902192950248718, ""category_source"": ""banks"", ""source_record_id"": ""b7df42e6-2ae1-4546-ba17-318f28b62ef4""}}","'bank':2 'new':4 'td':1,3 'york':5",2026-07-22 00:00:00+00,overture,62,likely_open,95,50,0,{}
biz_3953e4ccdfe97b57,Gasoline Alley Coffee,cafe,,40.72553253173828,-73.99484252929688,POINT(-73.99484252929688 40.72553253173828),325 Lafayette St,New York,NY,10012-2732,,+12129330113,http://www.gasolinealleycoffee.com/,{overture},,businesses_conflate,1100,2026-07-22 18:44:37.477175+00,2026-07-22 00:00:00+00,73,65,100,75,50,{},"{""overture"": {""lat"": 40.72553253173828, ""lon"": -73.99484252929688, ""zip"": ""10012-2732"", ""city"": ""New York"", ""name"": ""Gasoline Alley Coffee"", ""brand"": null, ""phone"": ""+12129330113"", ""state"": ""NY"", ""address"": ""325 Lafayette St"", ""release"": ""2026-07-22.0"", ""website"": ""http://www.gasolinealleycoffee.com/"", ""category"": ""cafe"", ""state_raw"": ""NY"", ""observed_at"": ""2026-07-22T00:00:00+00:00"", ""src_confidence"": 0.9902192950248718, ""category_source"": ""coffee_shop"", ""source_record_id"": ""006caa32-005b-4a27-9416-76b9db7910a4""}}",'alley':2 'coffe':3 'gasolin':1 'new':4 'york':5,2026-07-22 00:00:00+00,overture,62,likely_open,95,50,0,{}
biz_39655f10360299ac,Nolita Mart & Espresso Bar,cafe,,40.719425201416016,-73.99606323242188,POINT(-73.99606323242188 40.719425201416016),156 Mott St,New York,NY,10013,,2129668883,"",{overture},,businesses_conflate,1100,2026-07-22 18:44:37.477175+00,2026-07-22 00:00:00+00,73,65,100,75,50,{},"{""overture"": {""lat"": 40.719425201416016, ""lon"": -73.99606323242188, ""zip"": ""10013"", ""city"": ""New York"", ""name"": ""Nolita Mart & Espresso Bar"", ""brand"": null, ""phone"": ""2129668883"", ""state"": ""NY"", ""address"": ""156 Mott St"", ""release"": ""2026-07-22.0"", ""website"": """", ""category"": ""cafe"", ""state_raw"": ""NY"", ""observed_at"": ""2026-07-22T00:00:00+00:00"", ""src_confidence"": 0.9199122190475464, ""category_source"": ""coffee_shop"", ""source_record_id"": ""191ce4d0-99e0-49ef-93fe-f4b541a24fbc""}}",'bar':4 'espresso':3 'mart':2 'new':5 'nolita':1 'york':6,2026-07-22 00:00:00+00,overture,62,likely_open,95,50,0,{}
biz_396d2e311bf61ad3,Lins Hibachimaster Inc,restaurant,,40.714271545410156,-73.9988784790039,POINT(-73.9988784790039 40.714271545410156),2 Mott St Rm 505a,New York,NY,10013-0633,,,,{overture},,businesses_conflate,1100,2026-07-22 18:44:37.477175+00,2026-07-22 00:00:00+00,68,65,100,50,50,{},"{""overture"": {""lat"": 40.714271545410156, ""lon"": -73.9988784790039, ""zip"": ""10013-0633"", ""city"": ""New York"", ""name"": ""Lins Hibachimaster Inc"", ""brand"": null, ""phone"": null, ""state"": ""NY"", ""address"": ""2 Mott St Rm 505a"", ""release"": ""2026-07-22.0"", ""website"": null, ""category"": ""restaurant"", ""state_raw"": ""NY"", ""observed_at"": ""2026-07-22T00:00:00+00:00"", ""src_confidence"": 0.95, ""category_source"": ""restaurant"", ""source_record_id"": ""f70d62a1-867d-42b1-b349-b13358fc7542""}}",'hibachimast':2 'inc':3 'lin':1 'new':4 'york':5,2026-07-22 00:00:00+00,overture,62,likely_open,95,50,0,{}
biz_3984b935bc415208,Food 3663,restaurant,,40.7369499206543,-74.03069305419922,POINT(-74.03069305419922 40.7369499206543),62 Newark St,Hoboken,NJ,07030-4581,,,,{overture},,businesses_conflate,1100,2026-07-22 18:44:37.477175+00,2026-07-22 00:00:00+00,68,65,100,50,50,{},"{""overture"": {""lat"": 40.7369499206543, ""lon"": -74.03069305419922, ""zip"": ""07030-4581"", ""city"": ""Hoboken"", ""name"": ""Food 3663"", ""brand"": null, ""phone"": null, ""state"": ""NJ"", ""address"": ""62 Newark St"", ""release"": ""2026-07-22.0"", ""website"": null, ""category"": ""restaurant"", ""state_raw"": ""NJ"", ""observed_at"": ""2026-07-22T00:00:00+00:00"", ""src_confidence"": 0.95, ""category_source"": ""restaurant"", ""source_record_id"": ""9880f193-ce03-43d3-b7ee-d445772ecdd2""}}",'3663':2 'food':1 'hoboken':3,2026-07-22 00:00:00+00,overture,62,likely_open,95,50,0,{}
biz_398b022da565b7fd,City Vineyard,restaurant,City Winery Chicago,40.72135543823242,-74.01268768310547,POINT(-74.01268768310547 40.72135543823242),233 West St,New York,NY,10013,,+16466778350,http://www.cityvineyardnyc.com,{overture},,businesses_conflate,1100,2026-07-22 18:44:37.477175+00,2026-07-22 00:00:00+00,78,65,100,100,50,{},"{""overture"": {""lat"": 40.72135543823242, ""lon"": -74.01268768310547, ""zip"": ""10013"", ""city"": ""New York"", ""name"": ""City Vineyard"", ""brand"": ""City Winery Chicago"", ""phone"": ""+16466778350"", ""state"": ""NY"", ""address"": ""233 West St"", ""release"": ""2026-07-22.0"", ""website"": ""http://www.cityvineyardnyc.com"", ""category"": ""restaurant"", ""state_raw"": ""NY"", ""observed_at"": ""2026-07-22T00:00:00+00:00"", ""src_confidence"": 0.9902192950248718, ""category_source"": ""restaurant"", ""source_record_id"": ""0f737e4f-78d7-4f62-b5b3-c499523c4935""}}","'chicago':5 'citi':1,3 'new':6 'vineyard':2 'wineri':4 'york':7",2026-07-22 00:00:00+00,overture,62,likely_open,95,50,0,{}
biz_399890886e55a1b4,Hotel Inter-Continental,hotel,,40.720924377441406,-74.03431701660156,POINT(-74.03431701660156 40.720924377441406),21 2nd St,Jersey City,NJ,07302-3099,,+12014207352,,{overture},,businesses_conflate,1100,2026-07-22 18:44:37.477175+00,2026-07-22 00:00:00+00,70,65,100,63,50,{},"{""overture"": {""lat"": 40.720924377441406, ""lon"": -74.03431701660156, ""zip"": ""07302-3099"", ""city"": ""Jersey City"", ""name"": ""Hotel Inter-Continental"", ""brand"": null, ""phone"": ""+12014207352"", ""state"": ""NJ"", ""address"": ""21 2nd St"", ""release"": ""2026-07-22.0"", ""website"": null, ""category"": ""hotel"", ""state_raw"": ""NJ"", ""observed_at"": ""2026-07-22T00:00:00+00:00"", ""src_confidence"": 0.3559752404689789, ""category_source"": ""hotel"", ""source_record_id"": ""f34b8e02-9306-40fc-96e8-b69e24366c52""}}",'citi':6 'continent':4 'hotel':1 'inter':3 'inter-continent':2 'jersey':5,2026-07-22 00:00:00+00,overture,62,likely_open,95,50,0,{}
biz_39a723d9969de966,GreenCrest Capital,atm_bank,,40.70522689819336,-74.00684356689453,POINT(-74.00684356689453 40.70522689819336),100 Wall St,New York,NY,10005-3700,,+12126075423,http://www.greencrestcapital.com/,{overture},,businesses_conflate,1100,2026-07-22 18:44:37.477175+00,2026-07-22 00:00:00+00,73,65,100,75,50,{},"{""overture"": {""lat"": 40.70522689819336, ""lon"": -74.00684356689453, ""zip"": ""10005-3700"", ""city"": ""New York"", ""name"": ""GreenCrest Capital"", ""brand"": null, ""phone"": ""+12126075423"", ""state"": ""NY"", ""address"": ""100 Wall St"", ""release"": ""2026-07-22.0"", ""website"": ""http://www.greencrestcapital.com/"", ""category"": ""atm_bank"", ""state_raw"": ""NY"", ""observed_at"": ""2026-07-22T00:00:00+00:00"", ""src_confidence"": 0.3207779824733734, ""category_source"": ""bank_credit_union"", ""source_record_id"": ""d811f330-96df-48bf-aa96-1a1d09b6979f""}}",'capit':2 'greencrest':1 'new':3 'york':4,2026-07-22 00:00:00+00,overture,62,likely_open,95,50,0,{}
biz_39aeed2f7e94e202,G V Trading,grocery,,40.718868255615234,-73.99642181396484,POINT(-73.99642181396484 40.718868255615234),205 Grand St,New York,NY,10013-3704,,+12126253885,http://gvtrading.com,{overture},,businesses_conflate,1100,2026-07-22 18:44:37.477175+00,2026-07-22 00:00:00+00,73,65,100,75,50,{},"{""overture"": {""lat"": 40.718868255615234, ""lon"": -73.99642181396484, ""zip"": ""10013-3704"", ""city"": ""New York"", ""name"": ""G V Trading"", ""brand"": null, ""phone"": ""+12126253885"", ""state"": ""NY"", ""address"": ""205 Grand St"", ""release"": ""2026-07-22.0"", ""website"": ""http://gvtrading.com"", ""category"": ""grocery"", ""state_raw"": ""NY"", ""observed_at"": ""2026-07-22T00:00:00+00:00"", ""src_confidence"": 0.36419105529785156, ""category_source"": ""grocery_store"", ""source_record_id"": ""7ec8ace0-414e-419a-b978-71ffc0211b4e""}}",'g':1 'new':4 'trade':3 'v':2 'york':5,2026-07-22 00:00:00+00,overture,62,likely_open,95,50,0,{}
biz_39afb01d071b3bc8,Casa Toscana,cafe,,40.70985412597656,-74.00907897949219,POINT(-74.00907897949219 40.70985412597656),12 John St,New York,NY,10038,,(212) 247-9323,http://www.casatoscana.com,{overture},,businesses_conflate,1100,2026-07-22 18:44:37.477175+00,2026-07-22 00:00:00+00,73,65,100,75,50,{},"{""overture"": {""lat"": 40.70985412597656, ""lon"": -74.00907897949219, ""zip"": ""10038"", ""city"": ""New York"", ""name"": ""Casa Toscana"", ""brand"": null, ""phone"": ""(212) 247-9323"", ""state"": ""NY"", ""address"": ""12 John St"", ""release"": ""2026-07-22.0"", ""website"": ""http://www.casatoscana.com"", ""category"": ""cafe"", ""state_raw"": ""NY"", ""observed_at"": ""2026-07-22T00:00:00+00:00"", ""src_confidence"": 0.9199122190475464, ""category_source"": ""cafe"", ""source_record_id"": ""b6b391f0-386e-45d7-b629-e5419924fb02""}}",'casa':1 'new':3 'toscana':2 'york':4,2026-07-22 00:00:00+00,overture,62,likely_open,95,50,0,{}
biz_39c85357cb7c2632,Dr Pharmacy,pharmacy,,40.714332580566406,-74.00636291503906,POINT(-74.00636291503906 40.714332580566406),100 Church St,New York,NY,10007-2601,,+18004349561,http://www.comprxny.com/,{overture},,businesses_conflate,1100,2026-07-22 18:44:37.477175+00,2026-07-22 00:00:00+00,73,65,100,75,50,{},"{""overture"": {""lat"": 40.714332580566406, ""lon"": -74.00636291503906, ""zip"": ""10007-2601"", ""city"": ""New York"", ""name"": ""Dr Pharmacy"", ""brand"": null, ""phone"": ""+18004349561"", ""state"": ""NY"", ""address"": ""100 Church St"", ""release"": ""2026-07-22.0"", ""website"": ""http://www.comprxny.com/"", ""category"": ""pharmacy"", ""state_raw"": ""NY"", ""observed_at"": ""2026-07-22T00:00:00+00:00"", ""src_confidence"": 0.9199122190475464, ""category_source"": ""pharmacy"", ""source_record_id"": ""284786cd-29b1-4e20-845f-8a4208921eea""}}",'dr':1 'new':3 'pharmaci':2 'york':4,2026-07-22 00:00:00+00,overture,62,likely_open,95,50,0,{}
biz_3a04b362d3b11d3f,Boss K Towing Services,towing,,40.716697692871094,-74,POINT(-74 40.716697692871094),Quezon City,New York,NY,1428\n,,+639391673123,https://www.facebook.com/share/179E7dUnxu/,{overture},,businesses_conflate,1100,2026-07-22 18:44:37.477175+00,2026-07-22 00:00:00+00,73,65,100,75,50,{},"{""overture"": {""lat"": 40.716697692871094, ""lon"": -74, ""zip"": ""1428\\n"", ""city"": ""New York"", ""name"": ""Boss K Towing Services"", ""brand"": null, ""phone"": ""+639391673123"", ""state"": ""NY"", ""address"": ""Quezon City"", ""release"": ""2026-07-22.0"", ""website"": ""https://www.facebook.com/share/179E7dUnxu/"", ""category"": ""towing"", ""state_raw"": ""NY"", ""observed_at"": ""2026-07-22T00:00:00+00:00"", ""src_confidence"": 0.058256421238183975, ""category_source"": ""towing_service"", ""source_record_id"": ""1dcbb4e5-2a53-470b-8925-320be1e8ba80""}}",'boss':1 'k':2 'new':5 'servic':4 'tow':3 'york':6,2026-07-22 00:00:00+00,overture,62,likely_open,95,50,0,{}
biz_3a1e8876a7fa7061,Starbucks,cafe,,40.70711898803711,-74.00497436523438,POINT(-74.00497436523438 40.70711898803711),135 John St,New York,NY,10038,,2123440894,https://www.starbucks.com/store-locator/store/90577/,{overture},,businesses_conflate,1100,2026-07-22 18:44:37.477175+00,2026-07-22 00:00:00+00,73,65,100,75,50,{},"{""overture"": {""lat"": 40.70711898803711, ""lon"": -74.00497436523438, ""zip"": ""10038"", ""city"": ""New York"", ""name"": ""Starbucks"", ""brand"": null, ""phone"": ""2123440894"", ""state"": ""NY"", ""address"": ""135 John St"", ""release"": ""2026-07-22.0"", ""website"": ""https://www.starbucks.com/store-locator/store/90577/"", ""category"": ""cafe"", ""state_raw"": ""NY"", ""observed_at"": ""2026-07-22T00:00:00+00:00"", ""src_confidence"": 0.9655, ""category_source"": ""coffee_shop"", ""source_record_id"": ""e9b64c6d-0873-4ab9-9ec1-133d616bec86""}}",'new':2 'starbuck':1 'york':3,2026-07-22 00:00:00+00,overture,62,likely_open,95,50,0,{}
biz_3a2eba8c8b194b73,Citizens,atm_bank,,40.71625900268555,-74.00894927978516,POINT(-74.00894927978516 40.71625900268555),110 West Broadway,New York,NY,10013,,2127719020,https://locations.citizensbank.com/ny/new-york/110-west-broadway.html,{overture},,businesses_conflate,1100,2026-07-22 18:44:37.477175+00,2026-07-22 00:00:00+00,73,65,100,75,50,{},"{""overture"": {""lat"": 40.71625900268555, ""lon"": -74.00894927978516, ""zip"": ""10013"", ""city"": ""New York"", ""name"": ""Citizens"", ""brand"": null, ""phone"": ""2127719020"", ""state"": ""NY"", ""address"": ""110 West Broadway"", ""release"": ""2026-07-22.0"", ""website"": ""https://locations.citizensbank.com/ny/new-york/110-west-broadway.html"", ""category"": ""atm_bank"", ""state_raw"": ""NY"", ""observed_at"": ""2026-07-22T00:00:00+00:00"", ""src_confidence"": 0.9931, ""category_source"": ""bank_credit_union"", ""source_record_id"": ""ad706e75-cf0f-434f-a97a-84330416a6be""}}",'citizen':1 'new':2 'york':3,2026-07-22 00:00:00+00,overture,62,likely_open,95,50,0,{}
biz_3a39d4886c385d1e,Simpl Coffee,cafe,,40.70930862426758,-74.00885772705078,POINT(-74.00885772705078 40.70930862426758),59 Nassau St,New York,NY,10038-4504,,+16465993255,,{overture},,businesses_conflate,1100,2026-07-22 18:44:37.477175+00,2026-07-22 00:00:00+00,70,65,100,63,50,{},"{""overture"": {""lat"": 40.70930862426758, ""lon"": -74.00885772705078, ""zip"": ""10038-4504"", ""city"": ""New York"", ""name"": ""Simpl Coffee"", ""brand"": null, ""phone"": ""+16465993255"", ""state"": ""NY"", ""address"": ""59 Nassau St"", ""release"": ""2026-07-22.0"", ""website"": null, ""category"": ""cafe"", ""state_raw"": ""NY"", ""observed_at"": ""2026-07-22T00:00:00+00:00"", ""src_confidence"": 0.9902192950248718, ""category_source"": ""coffee_shop"", ""source_record_id"": ""1d642ab1-f090-413b-9692-da189a713555""}}",'coffe':2 'new':3 'simpl':1 'york':4,2026-07-22 00:00:00+00,overture,62,likely_open,95,50,0,{}
biz_3a4e5ac65f2fcc12,Wells Fargo ATM,atm_bank,,40.72737121582031,-74.03622436523438,POINT(-74.03622436523438 40.72737121582031),Mall Dr E,Jersey City,NJ,07310,,8008693557,https://www.wellsfargo.com/locator/bank/MALL__DR__E_JERSEY__CITY_NJ_07310/?utm_campaign=Local_Listings&utm_source=Others&group=ATM&loc=AD70042,{overture},,businesses_conflate,1100,2026-07-22 18:44:37.477175+00,2026-07-22 00:00:00+00,73,65,100,75,50,{},"{""overture"": {""lat"": 40.72737121582031, ""lon"": -74.03622436523438, ""zip"": ""07310"", ""city"": ""Jersey City"", ""name"": ""Wells Fargo ATM"", ""brand"": null, ""phone"": ""8008693557"", ""state"": ""NJ"", ""address"": ""Mall Dr E"", ""release"": ""2026-07-22.0"", ""website"": ""https://www.wellsfargo.com/locator/bank/MALL__DR__E_JERSEY__CITY_NJ_07310/?utm_campaign=Local_Listings&utm_source=Others&group=ATM&loc=AD70042"", ""category"": ""atm_bank"", ""state_raw"": ""NJ"", ""observed_at"": ""2026-07-22T00:00:00+00:00"", ""src_confidence"": 0.85, ""category_source"": ""atms"", ""source_record_id"": ""ae7281d4-eb39-42c1-b4b6-7f6c1acc12f1""}}",'atm':3 'citi':5 'fargo':2 'jersey':4 'well':1,2026-07-22 00:00:00+00,overture,62,likely_open,95,50,0,{}
biz_3a754d16eade6ba7,Café Leon Dore,cafe,,40.72218704223633,-73.99608612060547,POINT(-73.99608612060547 40.72218704223633),214 Mulberry St,New York,NY,10012-4130,,,aimeleondore.com,{overture},,businesses_conflate,1100,2026-07-22 18:44:37.477175+00,2026-07-22 00:00:00+00,70,65,100,63,50,{},"{""overture"": {""lat"": 40.72218704223633, ""lon"": -73.99608612060547, ""zip"": ""10012-4130"", ""city"": ""New York"", ""name"": ""Café Leon Dore"", ""brand"": null, ""phone"": null, ""state"": ""NY"", ""address"": ""214 Mulberry St"", ""release"": ""2026-07-22.0"", ""website"": ""aimeleondore.com"", ""category"": ""cafe"", ""state_raw"": ""NY"", ""observed_at"": ""2026-07-22T00:00:00+00:00"", ""src_confidence"": 0.9902192950248718, ""category_source"": ""cafe"", ""source_record_id"": ""1cba258c-ad45-44f7-b51e-05756b0b0e3f""}}",'café':1 'dore':3 'leon':2 'new':4 'york':5,2026-07-22 00:00:00+00,overture,62,likely_open,95,50,0,{}
biz_3ab0c6dd18648e35,Grandma's Kitchen Inc,restaurant,,40.71944046020508,-74.04351806640625,POINT(-74.04351806640625 40.71944046020508),103 Christopher Columbus Dr,Jersey City,NJ,07302-3523,,,,{overture},,businesses_conflate,1100,2026-07-22 18:44:37.477175+00,2026-07-22 00:00:00+00,68,65,100,50,50,{},"{""overture"": {""lat"": 40.71944046020508, ""lon"": -74.04351806640625, ""zip"": ""07302-3523"", ""city"": ""Jersey City"", ""name"": ""Grandma's Kitchen Inc"", ""brand"": null, ""phone"": null, ""state"": ""NJ"", ""address"": ""103 Christopher Columbus Dr"", ""release"": ""2026-07-22.0"", ""website"": null, ""category"": ""restaurant"", ""state_raw"": ""NJ"", ""observed_at"": ""2026-07-22T00:00:00+00:00"", ""src_confidence"": 0.95, ""category_source"": ""restaurant"", ""source_record_id"": ""ca4e1731-b045-4154-bbf0-5b38eee6e070""}}",'citi':6 'grandma':1 'inc':4 'jersey':5 'kitchen':3,2026-07-22 00:00:00+00,overture,62,likely_open,95,50,0,{}
biz_3ad08e79b49642db,Rbg Brooklyn Llc,restaurant,,40.7036247253418,-73.99169921875,POINT(-73.99169921875 40.7036247253418),55 Water St,Brooklyn,NY,11201-1052,,,,{overture},,businesses_conflate,1100,2026-07-22 18:44:37.477175+00,2026-07-22 00:00:00+00,68,65,100,50,50,{},"{""overture"": {""lat"": 40.7036247253418, ""lon"": -73.99169921875, ""zip"": ""11201-1052"", ""city"": ""Brooklyn"", ""name"": ""Rbg Brooklyn Llc"", ""brand"": null, ""phone"": null, ""state"": ""NY"", ""address"": ""55 Water St"", ""release"": ""2026-07-22.0"", ""website"": null, ""category"": ""restaurant"", ""state_raw"": ""NY"", ""observed_at"": ""2026-07-22T00:00:00+00:00"", ""src_confidence"": 0.95, ""category_source"": ""restaurant"", ""source_record_id"": ""20fae010-dab3-49ea-bb9d-b3dacbfe6739""}}","'brooklyn':2,4 'llc':3 'rbg':1",2026-07-22 00:00:00+00,overture,62,likely_open,95,50,0,{}
biz_3ad66e4a5295cd77,Lavazza,cafe,Lavazza,40.710323333740234,-74.01232147216797,POINT(-74.01232147216797 40.710323333740234),,New York,NY,10006,,,,{overture},,businesses_conflate,1100,2026-07-22 18:44:37.477175+00,2026-07-22 00:00:00+00,68,65,100,50,50,{},"{""overture"": {""lat"": 40.710323333740234, ""lon"": -74.01232147216797, ""zip"": ""10006"", ""city"": ""New York"", ""name"": ""Lavazza"", ""brand"": ""Lavazza"", ""phone"": null, ""state"": ""NY"", ""address"": null, ""release"": ""2026-07-22.0"", ""website"": null, ""category"": ""cafe"", ""state_raw"": ""NY"", ""observed_at"": ""2026-07-22T00:00:00+00:00"", ""src_confidence"": 0.7837547063827515, ""category_source"": ""cafe"", ""source_record_id"": ""8df2fbca-470a-4797-acdd-3c7e654e6a24""}}","'lavazza':1,2 'new':3 'york':4",2026-07-22 00:00:00+00,overture,62,likely_open,95,50,0,{}
biz_3af68b83a860fe0e,First Top Food,grocery,,40.71379089355469,-73.997314453125,POINT(-73.997314453125 40.71379089355469),5 Catherine St,New York,NY,10038-1012,,,,{overture},,businesses_conflate,1100,2026-07-22 18:44:37.477175+00,2026-07-22 00:00:00+00,68,65,100,50,50,{},"{""overture"": {""lat"": 40.71379089355469, ""lon"": -73.997314453125, ""zip"": ""10038-1012"", ""city"": ""New York"", ""name"": ""First Top Food"", ""brand"": null, ""phone"": null, ""state"": ""NY"", ""address"": ""5 Catherine St"", ""release"": ""2026-07-22.0"", ""website"": null, ""category"": ""grocery"", ""state_raw"": ""NY"", ""observed_at"": ""2026-07-22T00:00:00+00:00"", ""src_confidence"": 0.55, ""category_source"": ""grocery_store"", ""source_record_id"": ""edeadec9-9855-49e7-bd37-812b1745a1dd""}}",'first':1 'food':3 'new':4 'top':2 'york':5,2026-07-22 00:00:00+00,overture,62,likely_open,95,50,0,{}
biz_3afde42d10a058e4,"Manhattan Midtown Hotel, a Tribute Portfolio Hotel, New York City",hotel,,40.73530197143555,-74.00993347167969,POINT(-74.00993347167969 40.73530197143555),450 West 11th Avenue,New York,NY,10018,,"",https://www.marriott.com/hotels/travel/nyctd-manhattan-midtown-hotel-a-tribute-portfolio-hotel-new-york-city/?scid=cf432f1f-54d2-411a-89ce-225188630324,{overture},,businesses_conflate,1100,2026-07-22 18:44:37.477175+00,2026-07-22 00:00:00+00,73,65,100,75,50,{},"{""overture"": {""lat"": 40.73530197143555, ""lon"": -74.00993347167969, ""zip"": ""10018"", ""city"": ""New York"", ""name"": ""Manhattan Midtown Hotel, a Tribute Portfolio Hotel, New York City"", ""brand"": null, ""phone"": """", ""state"": ""NY"", ""address"": ""450 West 11th Avenue"", ""release"": ""2026-07-22.0"", ""website"": ""https://www.marriott.com/hotels/travel/nyctd-manhattan-midtown-hotel-a-tribute-portfolio-hotel-new-york-city/?scid=cf432f1f-54d2-411a-89ce-225188630324"", ""category"": ""hotel"", ""state_raw"": ""NY"", ""observed_at"": ""2026-07-22T00:00:00+00:00"", ""src_confidence"": 0.85, ""category_source"": ""hotel"", ""source_record_id"": ""2c64a522-caaf-4169-a283-de7a4f966453""}}","'citi':10 'hotel':3,7 'manhattan':1 'midtown':2 'new':8,11 'portfolio':6 'tribut':5 'york':9,12",2026-07-22 00:00:00+00,overture,62,likely_open,95,50,0,{}
biz_3b0e2891862809bd,Mrs C’s Patisserie,cafe,,40.71552658081055,-73.99993133544922,POINT(-73.99993133544922 40.71552658081055),Central Buildings Church Street Hartlepool ,New York,NY,Ts24 7eb,,+441429597979,,{overture},,businesses_conflate,1100,2026-07-22 18:44:37.477175+00,2026-07-22 00:00:00+00,70,65,100,63,50,{},"{""overture"": {""lat"": 40.71552658081055, ""lon"": -73.99993133544922, ""zip"": ""Ts24 7eb"", ""city"": ""New York"", ""name"": ""Mrs C’s Patisserie"", ""brand"": null, ""phone"": ""+441429597979"", ""state"": ""NY"", ""address"": ""Central Buildings Church Street Hartlepool "", ""release"": ""2026-07-22.0"", ""website"": null, ""category"": ""cafe"", ""state_raw"": ""NY"", ""observed_at"": ""2026-07-22T00:00:00+00:00"", ""src_confidence"": 0.8384197354316711, ""category_source"": ""cafe"", ""source_record_id"": ""adf6c1cd-8606-4d0e-9cf2-b5275e3366c1""}}",'c':2 'mrs':1 'new':5 'patisseri':4 'york':6,2026-07-22 00:00:00+00,overture,62,likely_open,95,50,0,{}
biz_3b19e5b4de2ea1d7,Supreme,restaurant,,40.725135803222656,-74.00057220458984,POINT(-74.00057220458984 40.725135803222656),121 Wooster St,New York,NY,10012-3857,,+12122748855,http://Supreme.com/,{overture},,businesses_conflate,1100,2026-07-22 18:44:37.477175+00,2026-07-22 00:00:00+00,73,65,100,75,50,{},"{""overture"": {""lat"": 40.725135803222656, ""lon"": -74.00057220458984, ""zip"": ""10012-3857"", ""city"": ""New York"", ""name"": ""Supreme"", ""brand"": null, ""phone"": ""+12122748855"", ""state"": ""NY"", ""address"": ""121 Wooster St"", ""release"": ""2026-07-22.0"", ""website"": ""http://Supreme.com/"", ""category"": ""restaurant"", ""state_raw"": ""NY"", ""observed_at"": ""2026-07-22T00:00:00+00:00"", ""src_confidence"": 0.904986327290535, ""category_source"": ""restaurant"", ""source_record_id"": ""40cc2efe-8bfc-4934-8dfc-5fd1012363a4""}}",'new':2 'suprem':1 'york':3,2026-07-22 00:00:00+00,overture,62,likely_open,95,50,0,{}
biz_3b2c6351deef875f,Republic Bank,atm_bank,,40.73638153076172,-73.99371337890625,POINT(-73.99371337890625 40.73638153076172),90 5th Ave,New York,NY,10011,,(888) 875-2265,https://www.myrepublicbank.com/locations/14th-st-and-5th-ave-new-york,{overture},,businesses_conflate,1100,2026-07-22 18:44:37.477175+00,2026-07-22 00:00:00+00,73,65,100,75,50,{},"{""overture"": {""lat"": 40.73638153076172, ""lon"": -73.99371337890625, ""zip"": ""10011"", ""city"": ""New York"", ""name"": ""Republic Bank"", ""brand"": null, ""phone"": ""(888) 875-2265"", ""state"": ""NY"", ""address"": ""90 5th Ave"", ""release"": ""2026-07-22.0"", ""website"": ""https://www.myrepublicbank.com/locations/14th-st-and-5th-ave-new-york"", ""category"": ""atm_bank"", ""state_raw"": ""NY"", ""observed_at"": ""2026-07-22T00:00:00+00:00"", ""src_confidence"": 0.9902192950248718, ""category_source"": ""banks"", ""source_record_id"": ""66d82299-b92f-4ed4-a98d-fc55c27ffd95""}}",'bank':2 'new':3 'republ':1 'york':4,2026-07-22 00:00:00+00,overture,62,likely_open,95,50,0,{}
biz_3b3d93557ee0f69f,First American International Bank,atm_bank,,40.71845626831055,-73.99431610107422,POINT(-73.99431610107422 40.71845626831055),240 Grand St,New York,NY,10002-4952,,+12129666594,https://www.royalbusinessbankusa.com/index.htm,{overture},,businesses_conflate,1100,2026-07-22 18:44:37.477175+00,2026-07-22 00:00:00+00,73,65,100,75,50,{},"{""overture"": {""lat"": 40.71845626831055, ""lon"": -73.99431610107422, ""zip"": ""10002-4952"", ""city"": ""New York"", ""name"": ""First American International Bank"", ""brand"": null, ""phone"": ""+12129666594"", ""state"": ""NY"", ""address"": ""240 Grand St"", ""release"": ""2026-07-22.0"", ""website"": ""https://www.royalbusinessbankusa.com/index.htm"", ""category"": ""atm_bank"", ""state_raw"": ""NY"", ""observed_at"": ""2026-07-22T00:00:00+00:00"", ""src_confidence"": 0.6612312197685242, ""category_source"": ""bank_credit_union"", ""source_record_id"": ""34ec5c08-edb7-460e-95dc-e21dab20a553""}}",'american':2 'bank':4 'first':1 'intern':3 'new':5 'york':6,2026-07-22 00:00:00+00,overture,62,likely_open,95,50,0,{}
biz_3b44f577a0f9cb1b,1982 Steak House,restaurant,,40.71650695800781,-73.99933624267578,POINT(-73.99933624267578 40.71650695800781),Survey Lot 4622(SUBLOT 36) Of Lot 4474 of Parent Lot 4341,New York,NY,97000,,+60192771982,,{overture},,businesses_conflate,1100,2026-07-22 18:44:37.477175+00,2026-07-22 00:00:00+00,70,65,100,63,50,{},"{""overture"": {""lat"": 40.71650695800781, ""lon"": -73.99933624267578, ""zip"": ""97000"", ""city"": ""New York"", ""name"": ""1982 Steak House"", ""brand"": null, ""phone"": ""+60192771982"", ""state"": ""NY"", ""address"": ""Survey Lot 4622(SUBLOT 36) Of Lot 4474 of Parent Lot 4341"", ""release"": ""2026-07-22.0"", ""website"": null, ""category"": ""restaurant"", ""state_raw"": ""NY"", ""observed_at"": ""2026-07-22T00:00:00+00:00"", ""src_confidence"": 0.9158306121826172, ""category_source"": ""restaurant"", ""source_record_id"": ""f2a8c164-83e1-44e6-8d6c-8b04c1122c0e""}}",'1982':1 'hous':3 'new':4 'steak':2 'york':5,2026-07-22 00:00:00+00,overture,62,likely_open,95,50,0,{}
biz_3b640d9cdd950e97,Galaxy Pharmacy,pharmacy,,40.722232818603516,-74.04717254638672,POINT(-74.04717254638672 40.722232818603516),220 Newark Ave,Jersey City,NJ,07302-2754,,+12019840566,,{overture},,businesses_conflate,1100,2026-07-22 18:44:37.477175+00,2026-07-22 00:00:00+00,70,65,100,63,50,{},"{""overture"": {""lat"": 40.722232818603516, ""lon"": -74.04717254638672, ""zip"": ""07302-2754"", ""city"": ""Jersey City"", ""name"": ""Galaxy Pharmacy"", ""brand"": null, ""phone"": ""+12019840566"", ""state"": ""NJ"", ""address"": ""220 Newark Ave"", ""release"": ""2026-07-22.0"", ""website"": null, ""category"": ""pharmacy"", ""state_raw"": ""NJ"", ""observed_at"": ""2026-07-22T00:00:00+00:00"", ""src_confidence"": 0.9902192950248718, ""category_source"": ""pharmacy"", ""source_record_id"": ""a006fb64-2ade-42db-8fd0-952cd1d3ae95""}}",'citi':4 'galaxi':1 'jersey':3 'pharmaci':2,2026-07-22 00:00:00+00,overture,62,likely_open,95,50,0,{}
biz_3b64c736516cee26,Citibank ATM,atm_bank,Citibank,40.72848129272461,-73.99446868896484,POINT(-73.99446868896484 40.72848129272461),246 Mercer St,New York,NY,10012-1111,,+18006273999,http://www.youtube.com/citi,{overture},,businesses_conflate,1100,2026-07-22 18:44:37.477175+00,2026-07-22 00:00:00+00,78,65,100,100,50,{},"{""overture"": {""lat"": 40.72848129272461, ""lon"": -73.99446868896484, ""zip"": ""10012-1111"", ""city"": ""New York"", ""name"": ""Citibank ATM"", ""brand"": ""Citibank"", ""phone"": ""+18006273999"", ""state"": ""NY"", ""address"": ""246 Mercer St"", ""release"": ""2026-07-22.0"", ""website"": ""http://www.youtube.com/citi"", ""category"": ""atm_bank"", ""state_raw"": ""NY"", ""observed_at"": ""2026-07-22T00:00:00+00:00"", ""src_confidence"": 0.35958465933799744, ""category_source"": ""atms"", ""source_record_id"": ""107470f8-ce09-4627-963a-cab6ea035d02""}}","'atm':2 'citibank':1,3 'new':4 'york':5",2026-07-22 00:00:00+00,overture,62,likely_open,95,50,0,{}
biz_3b77790a0b9345f0,Tangerine,restaurant,,40.73122787475586,-74.00861358642578,POINT(-74.00861358642578 40.73122787475586),95 Morton St,New York,NY,10014-3336,,+12129053373,https://www.tangerine-nyc.com,{overture},,businesses_conflate,1100,2026-07-22 18:44:37.477175+00,2026-07-22 00:00:00+00,73,65,100,75,50,{},"{""overture"": {""lat"": 40.73122787475586, ""lon"": -74.00861358642578, ""zip"": ""10014-3336"", ""city"": ""New York"", ""name"": ""Tangerine"", ""brand"": null, ""phone"": ""+12129053373"", ""state"": ""NY"", ""address"": ""95 Morton St"", ""release"": ""2026-07-22.0"", ""website"": ""https://www.tangerine-nyc.com"", ""category"": ""restaurant"", ""state_raw"": ""NY"", ""observed_at"": ""2026-07-22T00:00:00+00:00"", ""src_confidence"": 0.55, ""category_source"": ""restaurant"", ""source_record_id"": ""041bcd4e-8e89-4ae7-936d-7b8b6ebf375f""}}",'new':2 'tangerin':1 'york':3,2026-07-22 00:00:00+00,overture,62,likely_open,95,50,0,{}
biz_3b85822210ad8e47,Center Finest Deli,grocery,,40.717159271240234,-74.00032806396484,POINT(-74.00032806396484 40.717159271240234),140 Centre St,New York,NY,10013-4409,,+15173170925,,{overture},,businesses_conflate,1100,2026-07-22 18:44:37.477175+00,2026-07-22 00:00:00+00,70,65,100,63,50,{},"{""overture"": {""lat"": 40.717159271240234, ""lon"": -74.00032806396484, ""zip"": ""10013-4409"", ""city"": ""New York"", ""name"": ""Center Finest Deli"", ""brand"": null, ""phone"": ""+15173170925"", ""state"": ""NY"", ""address"": ""140 Centre St"", ""release"": ""2026-07-22.0"", ""website"": null, ""category"": ""grocery"", ""state_raw"": ""NY"", ""observed_at"": ""2026-07-22T00:00:00+00:00"", ""src_confidence"": 0.55, ""category_source"": ""grocery_store"", ""source_record_id"": ""8affe3f2-7379-43a7-ae09-a1de4435b568""}}",'center':1 'deli':3 'finest':2 'new':4 'york':5,2026-07-22 00:00:00+00,overture,62,likely_open,95,50,0,{}
biz_3b8fea0b41f02ef5,Bandone,restaurant,,40.72517776489258,-74.00326538085938,POINT(-74.00326538085938 40.72517776489258),195 Spring St,New York,NY,10012,,2123341013,https://www.bandonenyc.com/,{overture},,businesses_conflate,1100,2026-07-22 18:44:37.477175+00,2026-07-22 00:00:00+00,73,65,100,75,50,{},"{""overture"": {""lat"": 40.72517776489258, ""lon"": -74.00326538085938, ""zip"": ""10012"", ""city"": ""New York"", ""name"": ""Bandone"", ""brand"": null, ""phone"": ""2123341013"", ""state"": ""NY"", ""address"": ""195 Spring St"", ""release"": ""2026-07-22.0"", ""website"": ""https://www.bandonenyc.com/"", ""category"": ""restaurant"", ""state_raw"": ""NY"", ""observed_at"": ""2026-07-22T00:00:00+00:00"", ""src_confidence"": 0.9902192950248718, ""category_source"": ""restaurant"", ""source_record_id"": ""a8b3dbc6-0805-4439-a34a-7eef077a0229""}}",'bandon':1 'new':2 'york':3,2026-07-22 00:00:00+00,overture,62,likely_open,95,50,0,{}
biz_3b910eaaf8571b04,"El Dorado Royale, Riviera Maya, Mexico",hotel,,40.72133255004883,-74.0047607421875,POINT(-74.0047607421875 40.72133255004883),"Carretera Puerto Morelos-Playa del Carmen, Fracc. IV Lote 15, Fracc. III Predio Muchin, Solidaridad",New York,NY,77533,,,http://www.eldoradosparesorts.com/hotels/El-Dorado-Royale/,{overture},,businesses_conflate,1100,2026-07-22 18:44:37.477175+00,2026-07-22 00:00:00+00,70,65,100,63,50,{},"{""overture"": {""lat"": 40.72133255004883, ""lon"": -74.0047607421875, ""zip"": ""77533"", ""city"": ""New York"", ""name"": ""El Dorado Royale, Riviera Maya, Mexico"", ""brand"": null, ""phone"": null, ""state"": ""NY"", ""address"": ""Carretera Puerto Morelos-Playa del Carmen, Fracc. IV Lote 15, Fracc. III Predio Muchin, Solidaridad"", ""release"": ""2026-07-22.0"", ""website"": ""http://www.eldoradosparesorts.com/hotels/El-Dorado-Royale/"", ""category"": ""hotel"", ""state_raw"": ""NY"", ""observed_at"": ""2026-07-22T00:00:00+00:00"", ""src_confidence"": 0.9722161889076233, ""category_source"": ""hotel"", ""source_record_id"": ""2dfb3ae5-ccf4-4373-a2e9-fccebb371254""}}",'dorado':2 'el':1 'maya':5 'mexico':6 'new':7 'riviera':4 'royal':3 'york':8,2026-07-22 00:00:00+00,overture,62,likely_open,95,50,0,{}
biz_3b9175fdfdc850d2,Best Western Bowery Hanbee Hotel,hotel,,40.718482971191406,-73.99530029296875,POINT(-73.99530029296875 40.718482971191406),231 Grand St,New York,NY,10013-4246,,2129251177,https://www.bestwestern.com,{overture},,businesses_conflate,1100,2026-07-22 18:44:37.477175+00,2026-07-22 00:00:00+00,73,65,100,75,50,{},"{""overture"": {""lat"": 40.718482971191406, ""lon"": -73.99530029296875, ""zip"": ""10013-4246"", ""city"": ""New York"", ""name"": ""Best Western Bowery Hanbee Hotel"", ""brand"": null, ""phone"": ""2129251177"", ""state"": ""NY"", ""address"": ""231 Grand St"", ""release"": ""2026-07-22.0"", ""website"": ""https://www.bestwestern.com"", ""category"": ""hotel"", ""state_raw"": ""NY"", ""observed_at"": ""2026-07-22T00:00:00+00:00"", ""src_confidence"": 0.9501928091049194, ""category_source"": ""hotel"", ""source_record_id"": ""af377e1c-5227-4fc7-8ec7-2093afece3ee""}}",'best':1 'boweri':3 'hanbe':4 'hotel':5 'new':6 'western':2 'york':7,2026-07-22 00:00:00+00,overture,62,likely_open,95,50,0,{}
biz_3b9d37291f94e1e5,Dengji Ii Restaurant Inc,restaurant,,40.714115142822266,-73.9950942993164,POINT(-73.9950942993164 40.714115142822266),51 Division St,New York,NY,10002-6715,,,,{overture},,businesses_conflate,1100,2026-07-22 18:44:37.477175+00,2026-07-22 00:00:00+00,68,65,100,50,50,{},"{""overture"": {""lat"": 40.714115142822266, ""lon"": -73.9950942993164, ""zip"": ""10002-6715"", ""city"": ""New York"", ""name"": ""Dengji Ii Restaurant Inc"", ""brand"": null, ""phone"": null, ""state"": ""NY"", ""address"": ""51 Division St"", ""release"": ""2026-07-22.0"", ""website"": null, ""category"": ""restaurant"", ""state_raw"": ""NY"", ""observed_at"": ""2026-07-22T00:00:00+00:00"", ""src_confidence"": 0.95, ""category_source"": ""restaurant"", ""source_record_id"": ""7f6c058f-d06f-4738-bde8-152f7e321f2e""}}",'dengji':1 'ii':2 'inc':4 'new':5 'restaur':3 'york':6,2026-07-22 00:00:00+00,overture,62,likely_open,95,50,0,{}
biz_3ba146cebe3611cf,Semicolon Cafe,cafe,,40.71435546875,-74.03470611572266,POINT(-74.03470611572266 40.71435546875),77 Hudson St,Jersey City,NJ,07302,,+12013328148,http://www.caffebeneusa.com/,{overture},,businesses_conflate,1100,2026-07-22 18:44:37.477175+00,2026-07-22 00:00:00+00,73,65,100,75,50,{},"{""overture"": {""lat"": 40.71435546875, ""lon"": -74.03470611572266, ""zip"": ""07302"", ""city"": ""Jersey City"", ""name"": ""Semicolon Cafe"", ""brand"": null, ""phone"": ""+12013328148"", ""state"": ""NJ"", ""address"": ""77 Hudson St"", ""release"": ""2026-07-22.0"", ""website"": ""http://www.caffebeneusa.com/"", ""category"": ""cafe"", ""state_raw"": ""NJ"", ""observed_at"": ""2026-07-22T00:00:00+00:00"", ""src_confidence"": 0.9453400373458862, ""category_source"": ""coffee_shop"", ""source_record_id"": ""179cfd63-e9ab-4f88-9ce3-0525afef7d21""}}",'cafe':2 'citi':4 'jersey':3 'semicolon':1,2026-07-22 00:00:00+00,overture,62,likely_open,95,50,0,{}
biz_3bc045f455106430,Fenny Pharmacy,pharmacy,,40.71623611450195,-74.04168701171875,POINT(-74.04168701171875 40.71623611450195),169 York St  # 171,Jersey City,NJ,07302-3609,,12013332223,,{overture},,businesses_conflate,1100,2026-07-22 18:44:37.477175+00,2026-07-22 00:00:00+00,70,65,100,63,50,{},"{""overture"": {""lat"": 40.71623611450195, ""lon"": -74.04168701171875, ""zip"": ""07302-3609"", ""city"": ""Jersey City"", ""name"": ""Fenny Pharmacy"", ""brand"": null, ""phone"": ""12013332223"", ""state"": ""NJ"", ""address"": ""169 York St  # 171"", ""release"": ""2026-07-22.0"", ""website"": null, ""category"": ""pharmacy"", ""state_raw"": ""NJ"", ""observed_at"": ""2026-07-22T00:00:00+00:00"", ""src_confidence"": 0.75, ""category_source"": ""pharmacy"", ""source_record_id"": ""d267b024-a520-45c6-b324-729f3be49f70""}}",'citi':4 'fenni':1 'jersey':3 'pharmaci':2,2026-07-22 00:00:00+00,overture,62,likely_open,95,50,0,{}
biz_3bc104cfd7e5539d,Columbian Towers,hotel,,40.736419677734375,-74.03235626220703,POINT(-74.03235626220703 40.736419677734375),76 Bloomfield St,Hoboken,NJ,07030-4515,,+12017951035,http://columbiantowers.com,{overture},,businesses_conflate,1100,2026-07-22 18:44:37.477175+00,2026-07-22 00:00:00+00,73,65,100,75,50,{},"{""overture"": {""lat"": 40.736419677734375, ""lon"": -74.03235626220703, ""zip"": ""07030-4515"", ""city"": ""Hoboken"", ""name"": ""Columbian Towers"", ""brand"": null, ""phone"": ""+12017951035"", ""state"": ""NJ"", ""address"": ""76 Bloomfield St"", ""release"": ""2026-07-22.0"", ""website"": ""http://columbiantowers.com"", ""category"": ""hotel"", ""state_raw"": ""NJ"", ""observed_at"": ""2026-07-22T00:00:00+00:00"", ""src_confidence"": 0.960157036781311, ""category_source"": ""hotel"", ""source_record_id"": ""1bed51aa-4eb6-4bea-a42e-52317319abd8""}}",'columbian':1 'hoboken':3 'tower':2,2026-07-22 00:00:00+00,overture,62,likely_open,95,50,0,{}
biz_3bd9b39fef00783e,Oliver Spade,grocery,,40.7274055480957,-74.00607299804688,POINT(-74.00607299804688 40.7274055480957),175 Varick St,New York,NY,10014-4604,,+12084842119,https://twitter.com/oliver_spade,{overture},,businesses_conflate,1100,2026-07-22 18:44:37.477175+00,2026-07-22 00:00:00+00,73,65,100,75,50,{},"{""overture"": {""lat"": 40.7274055480957, ""lon"": -74.00607299804688, ""zip"": ""10014-4604"", ""city"": ""New York"", ""name"": ""Oliver Spade"", ""brand"": null, ""phone"": ""+12084842119"", ""state"": ""NY"", ""address"": ""175 Varick St"", ""release"": ""2026-07-22.0"", ""website"": ""https://twitter.com/oliver_spade"", ""category"": ""grocery"", ""state_raw"": ""NY"", ""observed_at"": ""2026-07-22T00:00:00+00:00"", ""src_confidence"": 0.2825617492198944, ""category_source"": ""grocery_store"", ""source_record_id"": ""d27457b1-9a5a-4ac8-8eef-57aa8cad89fd""}}",'new':3 'oliv':1 'spade':2 'york':4,2026-07-22 00:00:00+00,overture,62,likely_open,95,50,0,{}
biz_3be620908e292042,Duane Reade,pharmacy,,40.70806121826172,-74.01126861572266,POINT(-74.01126861572266 40.70806121826172),100 Broadway,New York,NY,10005,,(212) 227-5148,https://www.walgreens.com/locator/walgreens-100+broadway-new+york-ny-10005/id=14497,{overture},,businesses_conflate,1100,2026-07-22 18:44:37.477175+00,2026-07-22 00:00:00+00,73,65,100,75,50,{},"{""overture"": {""lat"": 40.70806121826172, ""lon"": -74.01126861572266, ""zip"": ""10005"", ""city"": ""New York"", ""name"": ""Duane Reade"", ""brand"": null, ""phone"": ""(212) 227-5148"", ""state"": ""NY"", ""address"": ""100 Broadway"", ""release"": ""2026-07-22.0"", ""website"": ""https://www.walgreens.com/locator/walgreens-100+broadway-new+york-ny-10005/id=14497"", ""category"": ""pharmacy"", ""state_raw"": ""NY"", ""observed_at"": ""2026-07-22T00:00:00+00:00"", ""src_confidence"": 0.77, ""category_source"": ""pharmacy"", ""source_record_id"": ""19903d6e-5e08-4975-b935-58f220f62624""}}",'duan':1 'new':3 'read':2 'york':4,2026-07-22 00:00:00+00,overture,62,likely_open,95,50,0,{}
biz_3be71f32ae4e14d5,La Colombe Coffee Workshop,cafe,La Colombe,40.72397232055664,-73.99642944335938,POINT(-73.99642944335938 40.72397232055664),270 Lafayette St,New York,NY,10012,,+12126251717,http://www.lacolombe.com,{overture},,businesses_conflate,1100,2026-07-22 18:44:37.477175+00,2026-07-22 00:00:00+00,78,65,100,100,50,{},"{""overture"": {""lat"": 40.72397232055664, ""lon"": -73.99642944335938, ""zip"": ""10012"", ""city"": ""New York"", ""name"": ""La Colombe Coffee Workshop"", ""brand"": ""La Colombe"", ""phone"": ""+12126251717"", ""state"": ""NY"", ""address"": ""270 Lafayette St"", ""release"": ""2026-07-22.0"", ""website"": ""http://www.lacolombe.com"", ""category"": ""cafe"", ""state_raw"": ""NY"", ""observed_at"": ""2026-07-22T00:00:00+00:00"", ""src_confidence"": 0.9841227531433105, ""category_source"": ""coffee_shop"", ""source_record_id"": ""fd03d006-be21-47d6-aa5f-f7d7dc882811""}}","'coffe':3 'colomb':2,6 'la':1,5 'new':7 'workshop':4 'york':8",2026-07-22 00:00:00+00,overture,62,likely_open,95,50,0,{}
biz_3beeab60c6e80507,Pelczar Productions,restaurant,,40.71329879760742,-73.99214172363281,POINT(-73.99214172363281 40.71329879760742),105 Henry St,New York,NY,10002-7151,,,https://www.pelczarnyc.com,{overture},,businesses_conflate,1100,2026-07-22 18:44:37.477175+00,2026-07-22 00:00:00+00,70,65,100,63,50,{},"{""overture"": {""lat"": 40.71329879760742, ""lon"": -73.99214172363281, ""zip"": ""10002-7151"", ""city"": ""New York"", ""name"": ""Pelczar Productions"", ""brand"": null, ""phone"": null, ""state"": ""NY"", ""address"": ""105 Henry St"", ""release"": ""2026-07-22.0"", ""website"": ""https://www.pelczarnyc.com"", ""category"": ""restaurant"", ""state_raw"": ""NY"", ""observed_at"": ""2026-07-22T00:00:00+00:00"", ""src_confidence"": 0.95, ""category_source"": ""restaurant"", ""source_record_id"": ""e5472bba-8598-45f6-958b-f2e74a39eef3""}}",'new':3 'pelczar':1 'product':2 'york':4,2026-07-22 00:00:00+00,overture,62,likely_open,95,50,0,{}
biz_3bf5ddd7796cdd80,Capital One Bank,atm_bank,,40.72480773925781,-73.99679565429688,POINT(-73.99679565429688 40.72480773925781),594 Broadway,New York,NY,10012,,(212) 226-0754,https://www.capitalone.com,{overture},,businesses_conflate,1100,2026-07-22 18:44:37.477175+00,2026-07-22 00:00:00+00,73,65,100,75,50,{},"{""overture"": {""lat"": 40.72480773925781, ""lon"": -73.99679565429688, ""zip"": ""10012"", ""city"": ""New York"", ""name"": ""Capital One Bank"", ""brand"": null, ""phone"": ""(212) 226-0754"", ""state"": ""NY"", ""address"": ""594 Broadway"", ""release"": ""2026-07-22.0"", ""website"": ""https://www.capitalone.com"", ""category"": ""atm_bank"", ""state_raw"": ""NY"", ""observed_at"": ""2026-07-22T00:00:00+00:00"", ""src_confidence"": 0.9199122190475464, ""category_source"": ""banks"", ""source_record_id"": ""a47b71f6-8090-42da-b012-ab4e7073a174""}}",'bank':3 'capit':1 'new':4 'one':2 'york':5,2026-07-22 00:00:00+00,overture,62,likely_open,95,50,0,{}
biz_3bf6e2f5b561ebe8,Starbucks,cafe,Starbucks,40.72716522216797,-73.99542236328125,POINT(-73.99542236328125 40.72716522216797),665 Broadway,New York,NY,10012-2300,,+19175340799,https://www.starbucks.com/store-locator/store/16853/,{overture},,businesses_conflate,1100,2026-07-22 18:44:37.477175+00,2026-07-22 00:00:00+00,78,65,100,100,50,{},"{""overture"": {""lat"": 40.72716522216797, ""lon"": -73.99542236328125, ""zip"": ""10012-2300"", ""city"": ""New York"", ""name"": ""Starbucks"", ""brand"": ""Starbucks"", ""phone"": ""+19175340799"", ""state"": ""NY"", ""address"": ""665 Broadway"", ""release"": ""2026-07-22.0"", ""website"": ""https://www.starbucks.com/store-locator/store/16853/"", ""category"": ""cafe"", ""state_raw"": ""NY"", ""observed_at"": ""2026-07-22T00:00:00+00:00"", ""src_confidence"": 0.9838213920593262, ""category_source"": ""cafe"", ""source_record_id"": ""ac8c6679-1e8f-4200-9268-8b17af68da50""}}","'new':3 'starbuck':1,2 'york':4",2026-07-22 00:00:00+00,overture,62,likely_open,95,50,0,{}
biz_3bfa7c183eb67e71,Coffee Project New York | Tribeca,cafe,Coffee Project New York,40.72371292114258,-74.01058197021484,POINT(-74.01058197021484 40.72371292114258),450 Washington St,New York,NY,10013,,+12124140222,https://coffeeprojectny.com/,{overture},,businesses_conflate,1100,2026-07-22 18:44:37.477175+00,2026-07-22 00:00:00+00,78,65,100,100,50,{},"{""overture"": {""lat"": 40.72371292114258, ""lon"": -74.01058197021484, ""zip"": ""10013"", ""city"": ""New York"", ""name"": ""Coffee Project New York | Tribeca"", ""brand"": ""Coffee Project New York"", ""phone"": ""+12124140222"", ""state"": ""NY"", ""address"": ""450 Washington St"", ""release"": ""2026-07-22.0"", ""website"": ""https://coffeeprojectny.com/"", ""category"": ""cafe"", ""state_raw"": ""NY"", ""observed_at"": ""2026-07-22T00:00:00+00:00"", ""src_confidence"": 0.9902192950248718, ""category_source"": ""cafe"", ""source_record_id"": ""10a7fff2-6f91-4d5e-bc06-10baa442f20a""}}","'coffe':1,6 'new':3,8,10 'project':2,7 'tribeca':5 'york':4,9,11",2026-07-22 00:00:00+00,overture,62,likely_open,95,50,0,{}
biz_3c1970f0cda1f833,Joe,cafe,,40.73148727416992,-73.99417114257812,POINT(-73.99417114257812 40.73148727416992),37 E 8th St,New York,NY,10003,,(212) 466-2800,https://joecoffeecompany.com,{overture},,businesses_conflate,1100,2026-07-22 18:44:37.477175+00,2026-07-22 00:00:00+00,73,65,100,75,50,{},"{""overture"": {""lat"": 40.73148727416992, ""lon"": -73.99417114257812, ""zip"": ""10003"", ""city"": ""New York"", ""name"": ""Joe"", ""brand"": null, ""phone"": ""(212) 466-2800"", ""state"": ""NY"", ""address"": ""37 E 8th St"", ""release"": ""2026-07-22.0"", ""website"": ""https://joecoffeecompany.com"", ""category"": ""cafe"", ""state_raw"": ""NY"", ""observed_at"": ""2026-07-22T00:00:00+00:00"", ""src_confidence"": 0.9199122190475464, ""category_source"": ""coffee_shop"", ""source_record_id"": ""b65db4a3-ac4c-4c5e-aa51-d7806749d637""}}",'joe':1 'new':2 'york':3,2026-07-22 00:00:00+00,overture,62,likely_open,95,50,0,{}
biz_3c1d7aee889ffb1c,wafels & dinges,restaurant,,40.70200729370117,-74.01335144042969,POINT(-74.01335144042969 40.70200729370117),,New York,NY,10004,,(929) 678-1993,http://wafels.com,{overture},,businesses_conflate,1100,2026-07-22 18:44:37.477175+00,2026-07-22 00:00:00+00,68,65,100,50,50,{},"{""overture"": {""lat"": 40.70200729370117, ""lon"": -74.01335144042969, ""zip"": ""10004"", ""city"": ""New York"", ""name"": ""wafels & dinges"", ""brand"": null, ""phone"": ""(929) 678-1993"", ""state"": ""NY"", ""address"": null, ""release"": ""2026-07-22.0"", ""website"": ""http://wafels.com"", ""category"": ""restaurant"", ""state_raw"": ""NY"", ""observed_at"": ""2026-07-22T00:00:00+00:00"", ""src_confidence"": 0.77, ""category_source"": ""restaurant"", ""source_record_id"": ""e1ee1fa5-7edb-4027-a4e1-87de03108157""}}",'ding':2 'new':3 'wafel':1 'york':4,2026-07-22 00:00:00+00,overture,62,likely_open,95,50,0,{}
biz_3c28ace070969a4f,Chef Driven Market Llc,restaurant,,40.73517990112305,-73.9981460571289,POINT(-73.9981460571289 40.73517990112305),78 W 11th St,New York,NY,10011-8630,,,chefdriven.com,{overture},,businesses_conflate,1100,2026-07-22 18:44:37.477175+00,2026-07-22 00:00:00+00,70,65,100,63,50,{},"{""overture"": {""lat"": 40.73517990112305, ""lon"": -73.9981460571289, ""zip"": ""10011-8630"", ""city"": ""New York"", ""name"": ""Chef Driven Market Llc"", ""brand"": null, ""phone"": null, ""state"": ""NY"", ""address"": ""78 W 11th St"", ""release"": ""2026-07-22.0"", ""website"": ""chefdriven.com"", ""category"": ""restaurant"", ""state_raw"": ""NY"", ""observed_at"": ""2026-07-22T00:00:00+00:00"", ""src_confidence"": 0.95, ""category_source"": ""restaurant"", ""source_record_id"": ""eaadea00-b346-4f82-98e4-75746e0d37ab""}}",'chef':1 'driven':2 'llc':4 'market':3 'new':5 'york':6,2026-07-22 00:00:00+00,overture,62,likely_open,95,50,0,{}
biz_3c37c2de265b745c,Nelson Evans,pharmacy,Walgreens,40.735374450683594,-73.99249267578125,POINT(-73.99249267578125 40.735374450683594),24 E 14th St,New York,NY,10003-3101,,+12129893632,http://WWW.WALGREENS.COM,{overture},,businesses_conflate,1100,2026-07-22 18:44:37.477175+00,2026-07-22 00:00:00+00,78,65,100,100,50,{},"{""overture"": {""lat"": 40.735374450683594, ""lon"": -73.99249267578125, ""zip"": ""10003-3101"", ""city"": ""New York"", ""name"": ""Nelson Evans"", ""brand"": ""Walgreens"", ""phone"": ""+12129893632"", ""state"": ""NY"", ""address"": ""24 E 14th St"", ""release"": ""2026-07-22.0"", ""website"": ""http://WWW.WALGREENS.COM"", ""category"": ""pharmacy"", ""state_raw"": ""NY"", ""observed_at"": ""2026-07-22T00:00:00+00:00"", ""src_confidence"": 0.9199122190475464, ""category_source"": ""pharmacy"", ""source_record_id"": ""0701277c-aa50-4233-a1b0-42c11dfdad52""}}",'evan':2 'nelson':1 'new':4 'walgreen':3 'york':5,2026-07-22 00:00:00+00,overture,62,likely_open,95,50,0,{}
biz_3c42a6c9eda7bf52,Chase ATM,atm_bank,,40.70670700073242,-74.00292205810547,POINT(-74.00292205810547 40.70670700073242),89 South Street,New York,NY,10038,,8009359935,https://locator.chase.com/ny/new-york/89-south-street?jp_cmp=rb/LocalListings/aff/atm/na,{overture},,businesses_conflate,1100,2026-07-22 18:44:37.477175+00,2026-07-22 00:00:00+00,73,65,100,75,50,{},"{""overture"": {""lat"": 40.70670700073242, ""lon"": -74.00292205810547, ""zip"": ""10038"", ""city"": ""New York"", ""name"": ""Chase ATM"", ""brand"": null, ""phone"": ""8009359935"", ""state"": ""NY"", ""address"": ""89 South Street"", ""release"": ""2026-07-22.0"", ""website"": ""https://locator.chase.com/ny/new-york/89-south-street?jp_cmp=rb/LocalListings/aff/atm/na"", ""category"": ""atm_bank"", ""state_raw"": ""NY"", ""observed_at"": ""2026-07-22T00:00:00+00:00"", ""src_confidence"": 0.85, ""category_source"": ""atms"", ""source_record_id"": ""242f5c21-b889-417d-b17c-2c6b2f2eee51""}}",'atm':2 'chase':1 'new':3 'york':4,2026-07-22 00:00:00+00,overture,62,likely_open,95,50,0,{}
biz_3c4d482955e94820,Mint Siesta ,restaurant,,40.71670150756836,-74,POINT(-74 40.71670150756836),"4 on Bishops Road, Kabulonga",New York,NY,10101,,+260766792122,,{overture},,businesses_conflate,1100,2026-07-22 18:44:37.477175+00,2026-07-22 00:00:00+00,70,65,100,63,50,{},"{""overture"": {""lat"": 40.71670150756836, ""lon"": -74, ""zip"": ""10101"", ""city"": ""New York"", ""name"": ""Mint Siesta "", ""brand"": null, ""phone"": ""+260766792122"", ""state"": ""NY"", ""address"": ""4 on Bishops Road, Kabulonga"", ""release"": ""2026-07-22.0"", ""website"": null, ""category"": ""restaurant"", ""state_raw"": ""NY"", ""observed_at"": ""2026-07-22T00:00:00+00:00"", ""src_confidence"": 0.8633536100387573, ""category_source"": ""restaurant"", ""source_record_id"": ""4d35827a-e03e-4e06-8341-52677dd1264f""}}",'mint':1 'new':3 'siesta':2 'york':4,2026-07-22 00:00:00+00,overture,62,likely_open,95,50,0,{}
biz_3c6dbe9a64a05525,Fiskardo Estiatorio Inc,restaurant,,40.719268798828125,-74.00968170166016,POINT(-74.00968170166016 40.719268798828125),179 Franklin St,New York,NY,10013-2857,,,,{overture},,businesses_conflate,1100,2026-07-22 18:44:37.477175+00,2026-07-22 00:00:00+00,68,65,100,50,50,{},"{""overture"": {""lat"": 40.719268798828125, ""lon"": -74.00968170166016, ""zip"": ""10013-2857"", ""city"": ""New York"", ""name"": ""Fiskardo Estiatorio Inc"", ""brand"": null, ""phone"": null, ""state"": ""NY"", ""address"": ""179 Franklin St"", ""release"": ""2026-07-22.0"", ""website"": null, ""category"": ""restaurant"", ""state_raw"": ""NY"", ""observed_at"": ""2026-07-22T00:00:00+00:00"", ""src_confidence"": 0.95, ""category_source"": ""restaurant"", ""source_record_id"": ""568ba242-c994-4a3e-b3bb-04fd80f2a7f0""}}",'estiatorio':2 'fiskardo':1 'inc':3 'new':4 'york':5,2026-07-22 00:00:00+00,overture,62,likely_open,95,50,0,{}
biz_3c80b7a58f70ca66,Ancolie,restaurant,,40.73310089111328,-73.99930572509766,POINT(-73.99930572509766 40.73310089111328),58 W 8th St,New York,NY,10011-9044,,6465245929,ancolie.co,{overture},,businesses_conflate,1100,2026-07-22 18:44:37.477175+00,2026-07-22 00:00:00+00,73,65,100,75,50,{},"{""overture"": {""lat"": 40.73310089111328, ""lon"": -73.99930572509766, ""zip"": ""10011-9044"", ""city"": ""New York"", ""name"": ""Ancolie"", ""brand"": null, ""phone"": ""6465245929"", ""state"": ""NY"", ""address"": ""58 W 8th St"", ""release"": ""2026-07-22.0"", ""website"": ""ancolie.co"", ""category"": ""restaurant"", ""state_raw"": ""NY"", ""observed_at"": ""2026-07-22T00:00:00+00:00"", ""src_confidence"": 0.75, ""category_source"": ""restaurant"", ""source_record_id"": ""d1e3af8d-8a4c-4fc6-beea-9abe64b662cc""}}",'ancoli':1 'new':2 'york':3,2026-07-22 00:00:00+00,overture,62,likely_open,95,50,0,{}
biz_3c89225bbf02fb1b,Centers Urgent Care of Forest Hills,medical,,40.72048568725586,-74.00999450683594,POINT(-74.00999450683594 40.72048568725586),64-02 108th St,Forest Hills,NY,11375,,(718) 395-3788,https://centersurgentcare.net/forest-hills,{overture},,businesses_conflate,1100,2026-07-22 18:44:37.477175+00,2026-07-22 00:00:00+00,73,65,100,75,50,{},"{""overture"": {""lat"": 40.72048568725586, ""lon"": -74.00999450683594, ""zip"": ""11375"", ""city"": ""Forest Hills"", ""name"": ""Centers Urgent Care of Forest Hills"", ""brand"": null, ""phone"": ""(718) 395-3788"", ""state"": ""NY"", ""address"": ""64-02 108th St"", ""release"": ""2026-07-22.0"", ""website"": ""https://centersurgentcare.net/forest-hills"", ""category"": ""medical"", ""state_raw"": ""NY"", ""observed_at"": ""2026-07-22T00:00:00+00:00"", ""src_confidence"": 0.77, ""category_source"": ""urgent_care_clinic"", ""source_record_id"": ""822f9f0d-4508-424e-af3a-b72c45e684fa""}}","'care':3 'center':1 'forest':5,7 'hill':6,8 'urgent':2",2026-07-22 00:00:00+00,overture,62,likely_open,95,50,0,{}
biz_3c8f221841046bd6,"Nobu 195, Llc",restaurant,,40.709754943847656,-74.00851440429688,POINT(-74.00851440429688 40.709754943847656),195 Broadway,New York,NY,10007-3100,,,,{overture},,businesses_conflate,1100,2026-07-22 18:44:37.477175+00,2026-07-22 00:00:00+00,68,65,100,50,50,{},"{""overture"": {""lat"": 40.709754943847656, ""lon"": -74.00851440429688, ""zip"": ""10007-3100"", ""city"": ""New York"", ""name"": ""Nobu 195, Llc"", ""brand"": null, ""phone"": null, ""state"": ""NY"", ""address"": ""195 Broadway"", ""release"": ""2026-07-22.0"", ""website"": null, ""category"": ""restaurant"", ""state_raw"": ""NY"", ""observed_at"": ""2026-07-22T00:00:00+00:00"", ""src_confidence"": 0.95, ""category_source"": ""restaurant"", ""source_record_id"": ""b1239a07-1d12-45e0-82a0-f3ac1a90331a""}}",'195':2 'llc':3 'new':4 'nobu':1 'york':5,2026-07-22 00:00:00+00,overture,62,likely_open,95,50,0,{}
biz_3caba4fc5e77381e,Bank of America ATM,atm_bank,,40.73720169067383,-74.03699493408203,POINT(-74.03699493408203 40.73720169067383),400 Newark St,Hoboken,NJ,07030,,8444018500,https://locators.bankofamerica.com/nj/hoboken/atm-hoboken-102969.html,{overture},,businesses_conflate,1100,2026-07-22 18:44:37.477175+00,2026-07-22 00:00:00+00,73,65,100,75,50,{},"{""overture"": {""lat"": 40.73720169067383, ""lon"": -74.03699493408203, ""zip"": ""07030"", ""city"": ""Hoboken"", ""name"": ""Bank of America ATM"", ""brand"": null, ""phone"": ""8444018500"", ""state"": ""NJ"", ""address"": ""400 Newark St"", ""release"": ""2026-07-22.0"", ""website"": ""https://locators.bankofamerica.com/nj/hoboken/atm-hoboken-102969.html"", ""category"": ""atm_bank"", ""state_raw"": ""NJ"", ""observed_at"": ""2026-07-22T00:00:00+00:00"", ""src_confidence"": 0.9931, ""category_source"": ""bank_credit_union"", ""source_record_id"": ""a9078a12-69e6-4b56-be8c-05de617f5ed2""}}",'america':3 'atm':4 'bank':1 'hoboken':5,2026-07-22 00:00:00+00,overture,62,likely_open,95,50,0,{}
biz_3cc5f8461a0d9b83,Nespresso,cafe,,40.733436584472656,-74.03564453125,POINT(-74.03564453125 40.733436584472656),100 14th St,Jersey City,NJ,07310,,2014990017,"",{overture},,businesses_conflate,1100,2026-07-22 18:44:37.477175+00,2026-07-22 00:00:00+00,73,65,100,75,50,{},"{""overture"": {""lat"": 40.733436584472656, ""lon"": -74.03564453125, ""zip"": ""07310"", ""city"": ""Jersey City"", ""name"": ""Nespresso"", ""brand"": null, ""phone"": ""2014990017"", ""state"": ""NJ"", ""address"": ""100 14th St"", ""release"": ""2026-07-22.0"", ""website"": """", ""category"": ""cafe"", ""state_raw"": ""NJ"", ""observed_at"": ""2026-07-22T00:00:00+00:00"", ""src_confidence"": 0.9199122190475464, ""category_source"": ""coffee_shop"", ""source_record_id"": ""0ef14ad9-a061-4c34-92c1-c25749bd1d50""}}",'citi':3 'jersey':2 'nespresso':1,2026-07-22 00:00:00+00,overture,62,likely_open,95,50,0,{}
biz_3cc8c007a934608e,Bar 91,restaurant,,40.71232986450195,-73.99563598632812,POINT(-73.99563598632812 40.71232986450195),91 Madison St,New York,NY,10002-7201,,,,{overture},,businesses_conflate,1100,2026-07-22 18:44:37.477175+00,2026-07-22 00:00:00+00,68,65,100,50,50,{},"{""overture"": {""lat"": 40.71232986450195, ""lon"": -73.99563598632812, ""zip"": ""10002-7201"", ""city"": ""New York"", ""name"": ""Bar 91"", ""brand"": null, ""phone"": null, ""state"": ""NY"", ""address"": ""91 Madison St"", ""release"": ""2026-07-22.0"", ""website"": null, ""category"": ""restaurant"", ""state_raw"": ""NY"", ""observed_at"": ""2026-07-22T00:00:00+00:00"", ""src_confidence"": 0.8790009021759033, ""category_source"": ""restaurant"", ""source_record_id"": ""e87e3c50-9470-4f29-b490-848673ca55f7""}}",'91':2 'bar':1 'new':3 'york':4,2026-07-22 00:00:00+00,overture,62,likely_open,95,50,0,{}
biz_3cce90463d685d4c,Lola Restaurant,restaurant,,40.723304748535156,-74.00363159179688,POINT(-74.00363159179688 40.723304748535156),15 Watts St,New York,NY,10013-1677,,,https://www.restaurantlola.com,{overture},,businesses_conflate,1100,2026-07-22 18:44:37.477175+00,2026-07-22 00:00:00+00,70,65,100,63,50,{},"{""overture"": {""lat"": 40.723304748535156, ""lon"": -74.00363159179688, ""zip"": ""10013-1677"", ""city"": ""New York"", ""name"": ""Lola Restaurant"", ""brand"": null, ""phone"": null, ""state"": ""NY"", ""address"": ""15 Watts St"", ""release"": ""2026-07-22.0"", ""website"": ""https://www.restaurantlola.com"", ""category"": ""restaurant"", ""state_raw"": ""NY"", ""observed_at"": ""2026-07-22T00:00:00+00:00"", ""src_confidence"": 0.95, ""category_source"": ""restaurant"", ""source_record_id"": ""ca11f68f-e5a1-47fc-ae54-f0a1f9272db7""}}",'lola':1 'new':3 'restaur':2 'york':4,2026-07-22 00:00:00+00,overture,62,likely_open,95,50,0,{}
biz_3cebd512d0494b6e,Auntie Anne's 301 6th Ave,fast_food,Auntie Anne's,40.730674743652344,-74.00199127197266,POINT(-74.00199127197266 40.730674743652344),301 6th Avenue,New York,NY,10014,,,https://locations.auntieannes.com/ny/new-york/301-6th-avenue,{overture},,businesses_conflate,1100,2026-07-22 18:44:37.477175+00,2026-07-22 00:00:00+00,75,65,100,88,50,{},"{""overture"": {""lat"": 40.730674743652344, ""lon"": -74.00199127197266, ""zip"": ""10014"", ""city"": ""New York"", ""name"": ""Auntie Anne's 301 6th Ave"", ""brand"": ""Auntie Anne's"", ""phone"": null, ""state"": ""NY"", ""address"": ""301 6th Avenue"", ""release"": ""2026-07-22.0"", ""website"": ""https://locations.auntieannes.com/ny/new-york/301-6th-avenue"", ""category"": ""fast_food"", ""state_raw"": ""NY"", ""observed_at"": ""2026-07-22T00:00:00+00:00"", ""src_confidence"": 0.9784365296363831, ""category_source"": ""fast_food_restaurant"", ""source_record_id"": ""953c8534-1f48-470e-bbea-ce06719e8b9b""}}","'301':4 '6th':5 'ann':2,8 'aunti':1,7 'ave':6 'new':10 'york':11",2026-07-22 00:00:00+00,overture,62,likely_open,95,50,0,{}
biz_3cf815819f86f4d1,Bank of America Financial Center,atm_bank,,40.73529052734375,-73.99192810058594,POINT(-73.99192810058594 40.73529052734375),36 E 14th St,New York,NY,10003,,2125421002,https://locators.bankofamerica.com/ny/newyork/financial-centers-new-york-15977.html,{overture},,businesses_conflate,1100,2026-07-22 18:44:37.477175+00,2026-07-22 00:00:00+00,73,65,100,75,50,{},"{""overture"": {""lat"": 40.73529052734375, ""lon"": -73.99192810058594, ""zip"": ""10003"", ""city"": ""New York"", ""name"": ""Bank of America Financial Center"", ""brand"": null, ""phone"": ""2125421002"", ""state"": ""NY"", ""address"": ""36 E 14th St"", ""release"": ""2026-07-22.0"", ""website"": ""https://locators.bankofamerica.com/ny/newyork/financial-centers-new-york-15977.html"", ""category"": ""atm_bank"", ""state_raw"": ""NY"", ""observed_at"": ""2026-07-22T00:00:00+00:00"", ""src_confidence"": 0.9931, ""category_source"": ""bank_credit_union"", ""source_record_id"": ""439652bd-d8dd-4ef1-823e-0277354cc1c0""}}",'america':3 'bank':1 'center':5 'financi':4 'new':6 'york':7,2026-07-22 00:00:00+00,overture,62,likely_open,95,50,0,{}
biz_3d00e0d4771e04f4,Whole Foods Market,grocery,Whole Foods Market,40.70716094970703,-74.0119400024414,POINT(-74.0119400024414 40.70716094970703),66 Broadway,New York,NY,10005-1968,,+16467798229,https://www.wholefoodsmarket.com/stores/onewallstreet,{overture},,businesses_conflate,1100,2026-07-22 18:44:37.477175+00,2026-07-22 00:00:00+00,78,65,100,100,50,{},"{""overture"": {""lat"": 40.70716094970703, ""lon"": -74.0119400024414, ""zip"": ""10005-1968"", ""city"": ""New York"", ""name"": ""Whole Foods Market"", ""brand"": ""Whole Foods Market"", ""phone"": ""+16467798229"", ""state"": ""NY"", ""address"": ""66 Broadway"", ""release"": ""2026-07-22.0"", ""website"": ""https://www.wholefoodsmarket.com/stores/onewallstreet"", ""category"": ""grocery"", ""state_raw"": ""NY"", ""observed_at"": ""2026-07-22T00:00:00+00:00"", ""src_confidence"": 0.9473531246185303, ""category_source"": ""grocery_store"", ""source_record_id"": ""bdd616aa-0d0d-40b7-8358-9c7bf236fbee""}}","'food':2,5 'market':3,6 'new':7 'whole':1,4 'york':8",2026-07-22 00:00:00+00,overture,62,likely_open,95,50,0,{}
biz_3d0a3b411f27ca6c,Wedbush Securities,atm_bank,,40.72602081298828,-73.99649047851562,POINT(-73.99649047851562 40.72602081298828),625 Broadway 12,New York,NY,10012,,2128068740,https://www.wedbush.com/,{overture},,businesses_conflate,1100,2026-07-22 18:44:37.477175+00,2026-07-22 00:00:00+00,73,65,100,75,50,{},"{""overture"": {""lat"": 40.72602081298828, ""lon"": -73.99649047851562, ""zip"": ""10012"", ""city"": ""New York"", ""name"": ""Wedbush Securities"", ""brand"": null, ""phone"": ""2128068740"", ""state"": ""NY"", ""address"": ""625 Broadway 12"", ""release"": ""2026-07-22.0"", ""website"": ""https://www.wedbush.com/"", ""category"": ""atm_bank"", ""state_raw"": ""NY"", ""observed_at"": ""2026-07-22T00:00:00+00:00"", ""src_confidence"": 0.85, ""category_source"": ""bank_credit_union"", ""source_record_id"": ""cc1918b3-bb51-4e31-9747-fdb7d95afb77""}}",'new':3 'secur':2 'wedbush':1 'york':4,2026-07-22 00:00:00+00,overture,62,likely_open,95,50,0,{}
biz_3d3c5510ae68f62e,Starbucks,cafe,Starbucks,40.70341873168945,-74.01412963867188,POINT(-74.01412963867188 40.70341873168945),1 Battery Park Plz,New York,NY,10004-1402,,+12124821180,https://www.starbucks.com/store-locator/store/16686/,{overture},,businesses_conflate,1100,2026-07-22 18:44:37.477175+00,2026-07-22 00:00:00+00,78,65,100,100,50,{},"{""overture"": {""lat"": 40.70341873168945, ""lon"": -74.01412963867188, ""zip"": ""10004-1402"", ""city"": ""New York"", ""name"": ""Starbucks"", ""brand"": ""Starbucks"", ""phone"": ""+12124821180"", ""state"": ""NY"", ""address"": ""1 Battery Park Plz"", ""release"": ""2026-07-22.0"", ""website"": ""https://www.starbucks.com/store-locator/store/16686/"", ""category"": ""cafe"", ""state_raw"": ""NY"", ""observed_at"": ""2026-07-22T00:00:00+00:00"", ""src_confidence"": 0.9607688188552856, ""category_source"": ""coffee_shop"", ""source_record_id"": ""c704230c-6e2c-422e-8465-8580488c4430""}}","'new':3 'starbuck':1,2 'york':4",2026-07-22 00:00:00+00,overture,62,likely_open,95,50,0,{}
biz_3d44c194c6276513,Sweet Moment,cafe,,40.717594146728516,-73.99715423583984,POINT(-73.99715423583984 40.717594146728516),106 Mott St,New York,NY,10013,,+12122268724,http://Sweetmoment.nyc/,{overture},,businesses_conflate,1100,2026-07-22 18:44:37.477175+00,2026-07-22 00:00:00+00,73,65,100,75,50,{},"{""overture"": {""lat"": 40.717594146728516, ""lon"": -73.99715423583984, ""zip"": ""10013"", ""city"": ""New York"", ""name"": ""Sweet Moment"", ""brand"": null, ""phone"": ""+12122268724"", ""state"": ""NY"", ""address"": ""106 Mott St"", ""release"": ""2026-07-22.0"", ""website"": ""http://Sweetmoment.nyc/"", ""category"": ""cafe"", ""state_raw"": ""NY"", ""observed_at"": ""2026-07-22T00:00:00+00:00"", ""src_confidence"": 0.9902192950248718, ""category_source"": ""coffee_shop"", ""source_record_id"": ""e69b8f27-edeb-4a3e-ac4c-aab2d9db4353""}}",'moment':2 'new':3 'sweet':1 'york':4,2026-07-22 00:00:00+00,overture,62,likely_open,95,50,0,{}
biz_3d6afb8712d8ec63,American East Pharmacy,pharmacy,,40.71391677856445,-73.996337890625,POINT(-73.996337890625 40.71391677856445),23 Division St,New York,NY,10002-6707,,12129251900,harringtoncomms.com,{overture},,businesses_conflate,1100,2026-07-22 18:44:37.477175+00,2026-07-22 00:00:00+00,73,65,100,75,50,{},"{""overture"": {""lat"": 40.71391677856445, ""lon"": -73.996337890625, ""zip"": ""10002-6707"", ""city"": ""New York"", ""name"": ""American East Pharmacy"", ""brand"": null, ""phone"": ""12129251900"", ""state"": ""NY"", ""address"": ""23 Division St"", ""release"": ""2026-07-22.0"", ""website"": ""harringtoncomms.com"", ""category"": ""pharmacy"", ""state_raw"": ""NY"", ""observed_at"": ""2026-07-22T00:00:00+00:00"", ""src_confidence"": 0.65, ""category_source"": ""pharmacy"", ""source_record_id"": ""35857526-8e1b-4221-a28e-c405231b1c10""}}",'american':1 'east':2 'new':4 'pharmaci':3 'york':5,2026-07-22 00:00:00+00,overture,62,likely_open,95,50,0,{}
biz_3d958212e976b1ea,Mas Farmhouse,restaurant,,40.72932815551758,-74.0039291381836,POINT(-74.0039291381836 40.72932815551758),39 Downing St,New York,NY,10014-4319,,2122551790,,{overture},,businesses_conflate,1100,2026-07-22 18:44:37.477175+00,2026-07-22 00:00:00+00,70,65,100,63,50,{},"{""overture"": {""lat"": 40.72932815551758, ""lon"": -74.0039291381836, ""zip"": ""10014-4319"", ""city"": ""New York"", ""name"": ""Mas Farmhouse"", ""brand"": null, ""phone"": ""2122551790"", ""state"": ""NY"", ""address"": ""39 Downing St"", ""release"": ""2026-07-22.0"", ""website"": null, ""category"": ""restaurant"", ""state_raw"": ""NY"", ""observed_at"": ""2026-07-22T00:00:00+00:00"", ""src_confidence"": 0.9465987086296082, ""category_source"": ""restaurant"", ""source_record_id"": ""ba8539ec-bd05-4c82-a77d-a325e84ccbf1""}}",'farmhous':2 'mas':1 'new':3 'york':4,2026-07-22 00:00:00+00,overture,62,likely_open,95,50,0,{}
biz_3d9ce73cce408cb4,Prato Bakery,cafe,,40.72354507446289,-74.0440444946289,POINT(-74.0440444946289 40.72354507446289),61 Erie St,Jersey City,NJ,07302,,(201) 798-8900,http://pratobakery.com,{overture},,businesses_conflate,1100,2026-07-22 18:44:37.477175+00,2026-07-22 00:00:00+00,73,65,100,75,50,{},"{""overture"": {""lat"": 40.72354507446289, ""lon"": -74.0440444946289, ""zip"": ""07302"", ""city"": ""Jersey City"", ""name"": ""Prato Bakery"", ""brand"": null, ""phone"": ""(201) 798-8900"", ""state"": ""NJ"", ""address"": ""61 Erie St"", ""release"": ""2026-07-22.0"", ""website"": ""http://pratobakery.com"", ""category"": ""cafe"", ""state_raw"": ""NJ"", ""observed_at"": ""2026-07-22T00:00:00+00:00"", ""src_confidence"": 0.9199122190475464, ""category_source"": ""cafe"", ""source_record_id"": ""812b17d9-f797-425f-a65d-49c95f355cab""}}",'bakeri':2 'citi':4 'jersey':3 'prato':1,2026-07-22 00:00:00+00,overture,62,likely_open,95,50,0,{}
biz_3da90235ac270539,Newport Optical Llc,restaurant,,40.7269172668457,-74.03775787353516,POINT(-74.03775787353516 40.7269172668457),30 Mall Dr W Ste 103a,Jersey City,NJ,07310-1615,,,,{overture},,businesses_conflate,1100,2026-07-22 18:44:37.477175+00,2026-07-22 00:00:00+00,68,65,100,50,50,{},"{""overture"": {""lat"": 40.7269172668457, ""lon"": -74.03775787353516, ""zip"": ""07310-1615"", ""city"": ""Jersey City"", ""name"": ""Newport Optical Llc"", ""brand"": null, ""phone"": null, ""state"": ""NJ"", ""address"": ""30 Mall Dr W Ste 103a"", ""release"": ""2026-07-22.0"", ""website"": null, ""category"": ""restaurant"", ""state_raw"": ""NJ"", ""observed_at"": ""2026-07-22T00:00:00+00:00"", ""src_confidence"": 0.95, ""category_source"": ""restaurant"", ""source_record_id"": ""8e66de21-265c-4ef7-877e-4b9855bacdc7""}}",'citi':5 'jersey':4 'llc':3 'newport':1 'optic':2,2026-07-22 00:00:00+00,overture,62,likely_open,95,50,0,{}
biz_3ddeedd000e5db94,192 Mercer Street Corporation,restaurant,,40.7263069152832,-73.9970474243164,POINT(-73.9970474243164 40.7263069152832),192 Mercer St,New York,NY,10012-1502,,,https://www.gygnyc.com,{overture},,businesses_conflate,1100,2026-07-22 18:44:37.477175+00,2026-07-22 00:00:00+00,70,65,100,63,50,{},"{""overture"": {""lat"": 40.7263069152832, ""lon"": -73.9970474243164, ""zip"": ""10012-1502"", ""city"": ""New York"", ""name"": ""192 Mercer Street Corporation"", ""brand"": null, ""phone"": null, ""state"": ""NY"", ""address"": ""192 Mercer St"", ""release"": ""2026-07-22.0"", ""website"": ""https://www.gygnyc.com"", ""category"": ""restaurant"", ""state_raw"": ""NY"", ""observed_at"": ""2026-07-22T00:00:00+00:00"", ""src_confidence"": 0.95, ""category_source"": ""restaurant"", ""source_record_id"": ""184904e8-68f4-4598-b5ac-93fac5c84437""}}",'192':1 'corpor':4 'mercer':2 'new':5 'street':3 'york':6,2026-07-22 00:00:00+00,overture,62,likely_open,95,50,0,{}
biz_3de2a1b93e4e4ff0,Cafe Aroma,cafe,,40.733821868896484,-73.99476623535156,POINT(-73.99476623535156 40.733821868896484),"",New York,NY,10003,,,http://www.cafefrida.com/,{overture},,businesses_conflate,1100,2026-07-22 18:44:37.477175+00,2026-07-22 00:00:00+00,70,65,100,63,50,{},"{""overture"": {""lat"": 40.733821868896484, ""lon"": -73.99476623535156, ""zip"": ""10003"", ""city"": ""New York"", ""name"": ""Cafe Aroma"", ""brand"": null, ""phone"": null, ""state"": ""NY"", ""address"": """", ""release"": ""2026-07-22.0"", ""website"": ""http://www.cafefrida.com/"", ""category"": ""cafe"", ""state_raw"": ""NY"", ""observed_at"": ""2026-07-22T00:00:00+00:00"", ""src_confidence"": 0.4982369840145111, ""category_source"": ""cafe"", ""source_record_id"": ""8f13b041-2d49-4567-b36e-977ade4b82c4""}}",'aroma':2 'cafe':1 'new':3 'york':4,2026-07-22 00:00:00+00,overture,62,likely_open,95,50,0,{}
biz_3de529dbaebcbef3,Larchmont Hotel,hotel,,40.734710693359375,-73.99610137939453,POINT(-73.99610137939453 40.734710693359375),27 W 11th St,New York,NY,10011-8601,,12129899333,https://www.larchmonthotel.com,{overture},,businesses_conflate,1100,2026-07-22 18:44:37.477175+00,2026-07-22 00:00:00+00,73,65,100,75,50,{},"{""overture"": {""lat"": 40.734710693359375, ""lon"": -73.99610137939453, ""zip"": ""10011-8601"", ""city"": ""New York"", ""name"": ""Larchmont Hotel"", ""brand"": null, ""phone"": ""12129899333"", ""state"": ""NY"", ""address"": ""27 W 11th St"", ""release"": ""2026-07-22.0"", ""website"": ""https://www.larchmonthotel.com"", ""category"": ""hotel"", ""state_raw"": ""NY"", ""observed_at"": ""2026-07-22T00:00:00+00:00"", ""src_confidence"": 0.9199122190475464, ""category_source"": ""hotel"", ""source_record_id"": ""7c2d7eea-88b7-4b5a-92f2-081e58e22442""}}",'hotel':2 'larchmont':1 'new':3 'york':4,2026-07-22 00:00:00+00,overture,62,likely_open,95,50,0,{}
biz_3deb6520a51098bc,Citibank,atm_bank,,40.72798156738281,-74.00507354736328,POINT(-74.00507354736328 40.72798156738281),200 Varick St,New York,NY,10014,,9177464482,https://online.citi.com/,{overture},,businesses_conflate,1100,2026-07-22 18:44:37.477175+00,2026-07-22 00:00:00+00,73,65,100,75,50,{},"{""overture"": {""lat"": 40.72798156738281, ""lon"": -74.00507354736328, ""zip"": ""10014"", ""city"": ""New York"", ""name"": ""Citibank"", ""brand"": null, ""phone"": ""9177464482"", ""state"": ""NY"", ""address"": ""200 Varick St"", ""release"": ""2026-07-22.0"", ""website"": ""https://online.citi.com/"", ""category"": ""atm_bank"", ""state_raw"": ""NY"", ""observed_at"": ""2026-07-22T00:00:00+00:00"", ""src_confidence"": 0.9199122190475464, ""category_source"": ""bank_credit_union"", ""source_record_id"": ""c484fcff-45f8-46a0-a55e-ba5a77faf69d""}}",'citibank':1 'new':2 'york':3,2026-07-22 00:00:00+00,overture,62,likely_open,95,50,0,{}
biz_3e01a5560995b5d9,Sunburst,cafe,,40.72270202636719,-73.99478912353516,POINT(-73.99478912353516 40.72270202636719),26 Prince St,New York,NY,10012,,(212) 343-7310,http://www.sunburstespressobarnyc.com/19559,{overture},,businesses_conflate,1100,2026-07-22 18:44:37.477175+00,2026-07-22 00:00:00+00,73,65,100,75,50,{},"{""overture"": {""lat"": 40.72270202636719, ""lon"": -73.99478912353516, ""zip"": ""10012"", ""city"": ""New York"", ""name"": ""Sunburst"", ""brand"": null, ""phone"": ""(212) 343-7310"", ""state"": ""NY"", ""address"": ""26 Prince St"", ""release"": ""2026-07-22.0"", ""website"": ""http://www.sunburstespressobarnyc.com/19559"", ""category"": ""cafe"", ""state_raw"": ""NY"", ""observed_at"": ""2026-07-22T00:00:00+00:00"", ""src_confidence"": 0.9199122190475464, ""category_source"": ""cafe"", ""source_record_id"": ""c854001e-883c-4c18-9b1e-a231ec690ad6""}}",'new':2 'sunburst':1 'york':3,2026-07-22 00:00:00+00,overture,62,likely_open,95,50,0,{}
biz_3e1df84ca292f4e3,Alpine Cleaners,laundry,,40.711395263671875,-74.00013732910156,POINT(-74.00013732910156 40.711395263671875),25 Saint James Pl,New York,NY,10038,,(212) 349-1899,http://www.alpinecleaners.com,{overture},,businesses_conflate,1100,2026-07-22 18:44:37.477175+00,2026-07-22 00:00:00+00,73,65,100,75,50,{},"{""overture"": {""lat"": 40.711395263671875, ""lon"": -74.00013732910156, ""zip"": ""10038"", ""city"": ""New York"", ""name"": ""Alpine Cleaners"", ""brand"": null, ""phone"": ""(212) 349-1899"", ""state"": ""NY"", ""address"": ""25 Saint James Pl"", ""release"": ""2026-07-22.0"", ""website"": ""http://www.alpinecleaners.com"", ""category"": ""laundry"", ""state_raw"": ""NY"", ""observed_at"": ""2026-07-22T00:00:00+00:00"", ""src_confidence"": 0.9199122190475464, ""category_source"": ""laundry_services"", ""source_record_id"": ""5606e3a4-744d-4393-8787-10f322d26fcd""}}",'alpin':1 'cleaner':2 'new':3 'york':4,2026-07-22 00:00:00+00,overture,62,likely_open,95,50,0,{}
biz_3e3c0fef74d1a427,Sogno Toscano Market & Wine Bar,restaurant,,40.73590087890625,-74.00191497802734,POINT(-74.00191497802734 40.73590087890625),17 Perry St,New York,NY,10014-2703,,13473969696,https://www.sognotoscano.com,{overture},,businesses_conflate,1100,2026-07-22 18:44:37.477175+00,2026-07-22 00:00:00+00,73,65,100,75,50,{},"{""overture"": {""lat"": 40.73590087890625, ""lon"": -74.00191497802734, ""zip"": ""10014-2703"", ""city"": ""New York"", ""name"": ""Sogno Toscano Market & Wine Bar"", ""brand"": null, ""phone"": ""13473969696"", ""state"": ""NY"", ""address"": ""17 Perry St"", ""release"": ""2026-07-22.0"", ""website"": ""https://www.sognotoscano.com"", ""category"": ""restaurant"", ""state_raw"": ""NY"", ""observed_at"": ""2026-07-22T00:00:00+00:00"", ""src_confidence"": 0.9902192950248718, ""category_source"": ""restaurant"", ""source_record_id"": ""1807c1d3-cca7-4b1a-9829-7aabe2645143""}}",'bar':5 'market':3 'new':6 'sogno':1 'toscano':2 'wine':4 'york':7,2026-07-22 00:00:00+00,overture,62,likely_open,95,50,0,{}
biz_3e482eff58165eb8,The Wooly Public,restaurant,,40.71209716796875,-74.00834655761719,POINT(-74.00834655761719 40.71209716796875),9 Barclay Street,New York,NY,10007,,(212) 571-2930,https://www.thewoolypublic.com,{overture},,businesses_conflate,1100,2026-07-22 18:44:37.477175+00,2026-07-22 00:00:00+00,73,65,100,75,50,{},"{""overture"": {""lat"": 40.71209716796875, ""lon"": -74.00834655761719, ""zip"": ""10007"", ""city"": ""New York"", ""name"": ""The Wooly Public"", ""brand"": null, ""phone"": ""(212) 571-2930"", ""state"": ""NY"", ""address"": ""9 Barclay Street"", ""release"": ""2026-07-22.0"", ""website"": ""https://www.thewoolypublic.com"", ""category"": ""restaurant"", ""state_raw"": ""NY"", ""observed_at"": ""2026-07-22T00:00:00+00:00"", ""src_confidence"": 0.77, ""category_source"": ""restaurant"", ""source_record_id"": ""85b32e01-392e-4e90-b25f-983e5c808cd7""}}",'new':4 'public':3 'wooli':2 'york':5,2026-07-22 00:00:00+00,overture,62,likely_open,95,50,0,{}
biz_3e613f13380e7456,Chase Bank,atm_bank,,40.706077575683594,-74.01286315917969,POINT(-74.01286315917969 40.706077575683594),42 Broadway,New York,NY,10004,,(212) 943-5039,https://locator.chase.com/ny/new-york/42-broadway?jp_cmp=rb/LocalListings/aff/branch/na,{overture},,businesses_conflate,1100,2026-07-22 18:44:37.477175+00,2026-07-22 00:00:00+00,73,65,100,75,50,{},"{""overture"": {""lat"": 40.706077575683594, ""lon"": -74.01286315917969, ""zip"": ""10004"", ""city"": ""New York"", ""name"": ""Chase Bank"", ""brand"": null, ""phone"": ""(212) 943-5039"", ""state"": ""NY"", ""address"": ""42 Broadway"", ""release"": ""2026-07-22.0"", ""website"": ""https://locator.chase.com/ny/new-york/42-broadway?jp_cmp=rb/LocalListings/aff/branch/na"", ""category"": ""atm_bank"", ""state_raw"": ""NY"", ""observed_at"": ""2026-07-22T00:00:00+00:00"", ""src_confidence"": 0.77, ""category_source"": ""banks"", ""source_record_id"": ""74b7caec-1819-423c-8ae1-c58042b3bdff""}}",'bank':2 'chase':1 'new':3 'york':4,2026-07-22 00:00:00+00,overture,62,likely_open,95,50,0,{}
biz_3e7ba8577a94c387,영양군 꽃차 사회적협동조합,cafe,,40.71367263793945,-73.9997329711914,POINT(-73.9997329711914 40.71367263793945),경상북도 영양군 영양읍  군청길 49  ,New York,NY,36537,,+81546820230,https://naver.me/5uiGjosh,{overture},,businesses_conflate,1100,2026-07-22 18:44:37.477175+00,2026-07-22 00:00:00+00,73,65,100,75,50,{},"{""overture"": {""lat"": 40.71367263793945, ""lon"": -73.9997329711914, ""zip"": ""36537"", ""city"": ""New York"", ""name"": ""영양군 꽃차 사회적협동조합"", ""brand"": null, ""phone"": ""+81546820230"", ""state"": ""NY"", ""address"": ""경상북도 영양군 영양읍  군청길 49  "", ""release"": ""2026-07-22.0"", ""website"": ""https://naver.me/5uiGjosh"", ""category"": ""cafe"", ""state_raw"": ""NY"", ""observed_at"": ""2026-07-22T00:00:00+00:00"", ""src_confidence"": 0.734438955783844, ""category_source"": ""cafe"", ""source_record_id"": ""b25d7a68-8b60-4135-ac30-3838d57cfbe2""}}",'new':4 'york':5 '꽃차':2 '사회적협동조합':3 '영양군':1,2026-07-22 00:00:00+00,overture,62,likely_open,95,50,0,{}
biz_3e867fad3b80194c,Bento Sushi,restaurant,,40.732662200927734,-74.03819274902344,POINT(-74.03819274902344 40.732662200927734),125 18th St,Jersey City,NJ,07310,,"",https://www.bentosushi.com/us/,{overture},,businesses_conflate,1100,2026-07-22 18:44:37.477175+00,2026-07-22 00:00:00+00,73,65,100,75,50,{},"{""overture"": {""lat"": 40.732662200927734, ""lon"": -74.03819274902344, ""zip"": ""07310"", ""city"": ""Jersey City"", ""name"": ""Bento Sushi"", ""brand"": null, ""phone"": """", ""state"": ""NJ"", ""address"": ""125 18th St"", ""release"": ""2026-07-22.0"", ""website"": ""https://www.bentosushi.com/us/"", ""category"": ""restaurant"", ""state_raw"": ""NJ"", ""observed_at"": ""2026-07-22T00:00:00+00:00"", ""src_confidence"": 0.9583381414413452, ""category_source"": ""restaurant"", ""source_record_id"": ""9aa37e91-2499-4d5e-a095-8f7ac179cbef""}}",'bento':1 'citi':4 'jersey':3 'sushi':2,2026-07-22 00:00:00+00,overture,62,likely_open,95,50,0,{}
biz_3e8bb8db9450f7a1,Hotels Ab,hotel,,40.724510192871094,-73.99539947509766,POINT(-73.99539947509766 40.724510192871094),295 Lafayette St,New York,NY,10012-2701,,2129654300,andrebalazsproperties.com,{overture},,businesses_conflate,1100,2026-07-22 18:44:37.477175+00,2026-07-22 00:00:00+00,73,65,100,75,50,{},"{""overture"": {""lat"": 40.724510192871094, ""lon"": -73.99539947509766, ""zip"": ""10012-2701"", ""city"": ""New York"", ""name"": ""Hotels Ab"", ""brand"": null, ""phone"": ""2129654300"", ""state"": ""NY"", ""address"": ""295 Lafayette St"", ""release"": ""2026-07-22.0"", ""website"": ""andrebalazsproperties.com"", ""category"": ""hotel"", ""state_raw"": ""NY"", ""observed_at"": ""2026-07-22T00:00:00+00:00"", ""src_confidence"": 0.65, ""category_source"": ""hotel"", ""source_record_id"": ""68a029da-90f8-4c99-8dfd-b952e58516fc""}}",'ab':2 'hotel':1 'new':3 'york':4,2026-07-22 00:00:00+00,overture,62,likely_open,95,50,0,{}
biz_3e8de3a86decc7d5,Da Tai Jiang Cheng,grocery,,40.717899322509766,-73.99231719970703,POINT(-73.99231719970703 40.717899322509766),286 Grand St,New York,NY,10002-4402,,+12129417459,,{overture},,businesses_conflate,1100,2026-07-22 18:44:37.477175+00,2026-07-22 00:00:00+00,70,65,100,63,50,{},"{""overture"": {""lat"": 40.717899322509766, ""lon"": -73.99231719970703, ""zip"": ""10002-4402"", ""city"": ""New York"", ""name"": ""Da Tai Jiang Cheng"", ""brand"": null, ""phone"": ""+12129417459"", ""state"": ""NY"", ""address"": ""286 Grand St"", ""release"": ""2026-07-22.0"", ""website"": null, ""category"": ""grocery"", ""state_raw"": ""NY"", ""observed_at"": ""2026-07-22T00:00:00+00:00"", ""src_confidence"": 0.55, ""category_source"": ""grocery_store"", ""source_record_id"": ""1c84d8c7-c50c-4607-b447-3dec4408c887""}}",'cheng':4 'da':1 'jiang':3 'new':5 'tai':2 'york':6,2026-07-22 00:00:00+00,overture,62,likely_open,95,50,0,{}
biz_3eb403c398ef7f6f,Starbucks,cafe,Starbucks,40.709571838378906,-74.01055145263672,POINT(-74.01055145263672 40.709571838378906),165 Broadway,New York,NY,10006-1101,,+19295214898,https://www.starbucks.com/store-locator/store/1044529/one-liberty-plaza-165-broadway-new-york-ny-100061404-us,{overture},,businesses_conflate,1100,2026-07-22 18:44:37.477175+00,2026-07-22 00:00:00+00,78,65,100,100,50,{},"{""overture"": {""lat"": 40.709571838378906, ""lon"": -74.01055145263672, ""zip"": ""10006-1101"", ""city"": ""New York"", ""name"": ""Starbucks"", ""brand"": ""Starbucks"", ""phone"": ""+19295214898"", ""state"": ""NY"", ""address"": ""165 Broadway"", ""release"": ""2026-07-22.0"", ""website"": ""https://www.starbucks.com/store-locator/store/1044529/one-liberty-plaza-165-broadway-new-york-ny-100061404-us"", ""category"": ""cafe"", ""state_raw"": ""NY"", ""observed_at"": ""2026-07-22T00:00:00+00:00"", ""src_confidence"": 0.9785546660423279, ""category_source"": ""coffee_shop"", ""source_record_id"": ""57b522bb-e263-4ef2-8a2d-62556a15fd5b""}}","'new':3 'starbuck':1,2 'york':4",2026-07-22 00:00:00+00,overture,62,likely_open,95,50,0,{}
biz_3ed4d1253e154c9f,Petra Cafe,cafe,,40.73011016845703,-73.9999771118164,POINT(-73.9999771118164 40.73011016845703),128 MacDougal St,New York,NY,10012,,(212) 388-9700,http://freestylefund.com,{overture},,businesses_conflate,1100,2026-07-22 18:44:37.477175+00,2026-07-22 00:00:00+00,73,65,100,75,50,{},"{""overture"": {""lat"": 40.73011016845703, ""lon"": -73.9999771118164, ""zip"": ""10012"", ""city"": ""New York"", ""name"": ""Petra Cafe"", ""brand"": null, ""phone"": ""(212) 388-9700"", ""state"": ""NY"", ""address"": ""128 MacDougal St"", ""release"": ""2026-07-22.0"", ""website"": ""http://freestylefund.com"", ""category"": ""cafe"", ""state_raw"": ""NY"", ""observed_at"": ""2026-07-22T00:00:00+00:00"", ""src_confidence"": 0.9199122190475464, ""category_source"": ""cafe"", ""source_record_id"": ""812d34ea-1b55-4918-95ab-c18b91451698""}}",'cafe':2 'new':3 'petra':1 'york':4,2026-07-22 00:00:00+00,overture,62,likely_open,95,50,0,{}
biz_3ef31289b635edce,Chinese Food,restaurant,,40.71379089355469,-73.997314453125,POINT(-73.997314453125 40.71379089355469),5 Catherine St,New York,NY,10038-1012,,,http://www.yellowgingerchinesefood.com,{overture},,businesses_conflate,1100,2026-07-22 18:44:37.477175+00,2026-07-22 00:00:00+00,70,65,100,63,50,{},"{""overture"": {""lat"": 40.71379089355469, ""lon"": -73.997314453125, ""zip"": ""10038-1012"", ""city"": ""New York"", ""name"": ""Chinese Food"", ""brand"": null, ""phone"": null, ""state"": ""NY"", ""address"": ""5 Catherine St"", ""release"": ""2026-07-22.0"", ""website"": ""http://www.yellowgingerchinesefood.com"", ""category"": ""restaurant"", ""state_raw"": ""NY"", ""observed_at"": ""2026-07-22T00:00:00+00:00"", ""src_confidence"": 0.55, ""category_source"": ""restaurant"", ""source_record_id"": ""c94f4269-0f46-4171-beb9-c7a5f6120f0b""}}",'chines':1 'food':2 'new':3 'york':4,2026-07-22 00:00:00+00,overture,62,likely_open,95,50,0,{}
biz_3f4b5958b7028249,Mondrian SoHo,hotel,,40.71974563598633,-73.9998779296875,POINT(-73.9998779296875 40.71974563598633),9 Crosby St,New York,NY,10013,,(212) 686-0300,http://backofhouse.morganshotelgroup.com,{overture},,businesses_conflate,1100,2026-07-22 18:44:37.477175+00,2026-07-22 00:00:00+00,73,65,100,75,50,{},"{""overture"": {""lat"": 40.71974563598633, ""lon"": -73.9998779296875, ""zip"": ""10013"", ""city"": ""New York"", ""name"": ""Mondrian SoHo"", ""brand"": null, ""phone"": ""(212) 686-0300"", ""state"": ""NY"", ""address"": ""9 Crosby St"", ""release"": ""2026-07-22.0"", ""website"": ""http://backofhouse.morganshotelgroup.com"", ""category"": ""hotel"", ""state_raw"": ""NY"", ""observed_at"": ""2026-07-22T00:00:00+00:00"", ""src_confidence"": 0.77, ""category_source"": ""hotel"", ""source_record_id"": ""da34121a-f0e6-4c71-a814-a947598ccfcb""}}",'mondrian':1 'new':3 'soho':2 'york':4,2026-07-22 00:00:00+00,overture,62,likely_open,95,50,0,{}
biz_3f502726c16f484e,Spa 88 Restaurant,restaurant,,40.7091178894043,-74.00578308105469,POINT(-74.00578308105469 40.7091178894043),88 Fulton St,New York,NY,10038-2807,,+12127668600,asianwok-nyc.com,{overture},,businesses_conflate,1100,2026-07-22 18:44:37.477175+00,2026-07-22 00:00:00+00,73,65,100,75,50,{},"{""overture"": {""lat"": 40.7091178894043, ""lon"": -74.00578308105469, ""zip"": ""10038-2807"", ""city"": ""New York"", ""name"": ""Spa 88 Restaurant"", ""brand"": null, ""phone"": ""+12127668600"", ""state"": ""NY"", ""address"": ""88 Fulton St"", ""release"": ""2026-07-22.0"", ""website"": ""asianwok-nyc.com"", ""category"": ""restaurant"", ""state_raw"": ""NY"", ""observed_at"": ""2026-07-22T00:00:00+00:00"", ""src_confidence"": 0.55, ""category_source"": ""restaurant"", ""source_record_id"": ""7deebebc-fc07-4166-8250-c11ec2bd43d7""}}",'88':2 'new':4 'restaur':3 'spa':1 'york':5,2026-07-22 00:00:00+00,overture,62,likely_open,95,50,0,{}
biz_3f81b90f8e8da9d6,Duane Reade Pharmacy,pharmacy,,40.71205520629883,-74.01220703125,POINT(-74.01220703125 40.71205520629883),185 Greenwich St,New York,NY,10007,,+16468224717,https://www.walgreens.com,{overture},,businesses_conflate,1100,2026-07-22 18:44:37.477175+00,2026-07-22 00:00:00+00,73,65,100,75,50,{},"{""overture"": {""lat"": 40.71205520629883, ""lon"": -74.01220703125, ""zip"": ""10007"", ""city"": ""New York"", ""name"": ""Duane Reade Pharmacy"", ""brand"": null, ""phone"": ""+16468224717"", ""state"": ""NY"", ""address"": ""185 Greenwich St"", ""release"": ""2026-07-22.0"", ""website"": ""https://www.walgreens.com"", ""category"": ""pharmacy"", ""state_raw"": ""NY"", ""observed_at"": ""2026-07-22T00:00:00+00:00"", ""src_confidence"": 0.9199122190475464, ""category_source"": ""pharmacy"", ""source_record_id"": ""cb7be888-e94f-4241-b6b6-d53862577c6a""}}",'duan':1 'new':4 'pharmaci':3 'read':2 'york':5,2026-07-22 00:00:00+00,overture,62,likely_open,95,50,0,{}
biz_3f9ece60877167e9,The Manner,hotel,,40.723880767822266,-74.0032958984375,POINT(-74.0032958984375 40.723880767822266),58 Thompson St,New York,NY,10012,,+19295263330,https://themanner.com/,{overture},,businesses_conflate,1100,2026-07-22 18:44:37.477175+00,2026-07-22 00:00:00+00,73,65,100,75,50,{},"{""overture"": {""lat"": 40.723880767822266, ""lon"": -74.0032958984375, ""zip"": ""10012"", ""city"": ""New York"", ""name"": ""The Manner"", ""brand"": null, ""phone"": ""+19295263330"", ""state"": ""NY"", ""address"": ""58 Thompson St"", ""release"": ""2026-07-22.0"", ""website"": ""https://themanner.com/"", ""category"": ""hotel"", ""state_raw"": ""NY"", ""observed_at"": ""2026-07-22T00:00:00+00:00"", ""src_confidence"": 0.9936844706535339, ""category_source"": ""hotel"", ""source_record_id"": ""de077590-ad90-4b62-9191-583a0a1073c8""}}",'manner':2 'new':3 'york':4,2026-07-22 00:00:00+00,overture,62,likely_open,95,50,0,{}
biz_3fa18d8984ee2b58,United  Orient Bank,atm_bank,,40.71712112426758,-73.997802734375,POINT(-73.997802734375 40.71712112426758),185 Canal St,New York,NY,10013,,(212) 334-3146,http://uobusa.com,{overture},,businesses_conflate,1100,2026-07-22 18:44:37.477175+00,2026-07-22 00:00:00+00,73,65,100,75,50,{},"{""overture"": {""lat"": 40.71712112426758, ""lon"": -73.997802734375, ""zip"": ""10013"", ""city"": ""New York"", ""name"": ""United  Orient Bank"", ""brand"": null, ""phone"": ""(212) 334-3146"", ""state"": ""NY"", ""address"": ""185 Canal St"", ""release"": ""2026-07-22.0"", ""website"": ""http://uobusa.com"", ""category"": ""atm_bank"", ""state_raw"": ""NY"", ""observed_at"": ""2026-07-22T00:00:00+00:00"", ""src_confidence"": 0.9199122190475464, ""category_source"": ""banks"", ""source_record_id"": ""778a5989-2694-4072-b570-c1c13cb84b67""}}",'bank':3 'new':4 'orient':2 'unit':1 'york':5,2026-07-22 00:00:00+00,overture,62,likely_open,95,50,0,{}
biz_3fb5f4945b9836a4,Joys' Cafe NYC,restaurant,,40.71552658081055,-73.9976806640625,POINT(-73.9976806640625 40.71552658081055),60 Bayard St,New York,NY,10013-4921,,+16466092331,https://www.instagram.com/joyscafenyc/,{overture},,businesses_conflate,1100,2026-07-22 18:44:37.477175+00,2026-07-22 00:00:00+00,73,65,100,75,50,{},"{""overture"": {""lat"": 40.71552658081055, ""lon"": -73.9976806640625, ""zip"": ""10013-4921"", ""city"": ""New York"", ""name"": ""Joys' Cafe NYC"", ""brand"": null, ""phone"": ""+16466092331"", ""state"": ""NY"", ""address"": ""60 Bayard St"", ""release"": ""2026-07-22.0"", ""website"": ""https://www.instagram.com/joyscafenyc/"", ""category"": ""restaurant"", ""state_raw"": ""NY"", ""observed_at"": ""2026-07-22T00:00:00+00:00"", ""src_confidence"": 0.31654664874076843, ""category_source"": ""restaurant"", ""source_record_id"": ""cc051561-0fbc-48c3-9177-a21dfbe3f133""}}",'cafe':2 'joy':1 'new':4 'nyc':3 'york':5,2026-07-22 00:00:00+00,overture,62,likely_open,95,50,0,{}
biz_3fc395dadcc99da6,Brazilia Cafe,cafe,,40.72773361206055,-73.9945068359375,POINT(-73.9945068359375 40.72773361206055),684 Broadway,New York,NY,10012,,(646) 852-6348,http://www.braziliacafe.com,{overture},,businesses_conflate,1100,2026-07-22 18:44:37.477175+00,2026-07-22 00:00:00+00,73,65,100,75,50,{},"{""overture"": {""lat"": 40.72773361206055, ""lon"": -73.9945068359375, ""zip"": ""10012"", ""city"": ""New York"", ""name"": ""Brazilia Cafe"", ""brand"": null, ""phone"": ""(646) 852-6348"", ""state"": ""NY"", ""address"": ""684 Broadway"", ""release"": ""2026-07-22.0"", ""website"": ""http://www.braziliacafe.com"", ""category"": ""cafe"", ""state_raw"": ""NY"", ""observed_at"": ""2026-07-22T00:00:00+00:00"", ""src_confidence"": 0.9199122190475464, ""category_source"": ""cafe"", ""source_record_id"": ""62c7b64e-4420-42e5-b0a2-f9c1eb363cc3""}}",'brazilia':1 'cafe':2 'new':3 'york':4,2026-07-22 00:00:00+00,overture,62,likely_open,95,50,0,{}
biz_3fd42bdc4e0ad30d,Wing Wong,restaurant,,40.717735290527344,-73.99285888671875,POINT(-73.99285888671875 40.717735290527344),275 Grand St,New York,NY,10002-4417,,2124316013,https://www.wongwing.ca,{overture},,businesses_conflate,1100,2026-07-22 18:44:37.477175+00,2026-07-22 00:00:00+00,73,65,100,75,50,{},"{""overture"": {""lat"": 40.717735290527344, ""lon"": -73.99285888671875, ""zip"": ""10002-4417"", ""city"": ""New York"", ""name"": ""Wing Wong"", ""brand"": null, ""phone"": ""2124316013"", ""state"": ""NY"", ""address"": ""275 Grand St"", ""release"": ""2026-07-22.0"", ""website"": ""https://www.wongwing.ca"", ""category"": ""restaurant"", ""state_raw"": ""NY"", ""observed_at"": ""2026-07-22T00:00:00+00:00"", ""src_confidence"": 0.65, ""category_source"": ""restaurant"", ""source_record_id"": ""39745fd9-6bc2-4141-9fc5-c30061e8c66d""}}",'new':3 'wing':1 'wong':2 'york':4,2026-07-22 00:00:00+00,overture,62,likely_open,95,50,0,{}
biz_3fd9a676ed38e83e,Duet Restaurant,restaurant,,40.73200607299805,-74.00361633300781,POINT(-74.00361633300781 40.73200607299805),37 Barrow St,New York,NY,10014,,(212) 255-5416,http://duetny.com,{overture},,businesses_conflate,1100,2026-07-22 18:44:37.477175+00,2026-07-22 00:00:00+00,73,65,100,75,50,{},"{""overture"": {""lat"": 40.73200607299805, ""lon"": -74.00361633300781, ""zip"": ""10014"", ""city"": ""New York"", ""name"": ""Duet Restaurant"", ""brand"": null, ""phone"": ""(212) 255-5416"", ""state"": ""NY"", ""address"": ""37 Barrow St"", ""release"": ""2026-07-22.0"", ""website"": ""http://duetny.com"", ""category"": ""restaurant"", ""state_raw"": ""NY"", ""observed_at"": ""2026-07-22T00:00:00+00:00"", ""src_confidence"": 0.9567198753356934, ""category_source"": ""restaurant"", ""source_record_id"": ""0561b576-3e43-42e0-b723-5de793b4b884""}}",'duet':1 'new':3 'restaur':2 'york':4,2026-07-22 00:00:00+00,overture,62,likely_open,95,50,0,{}
biz_3fd9d004d69efaa7,Top Thai Inc,restaurant,,40.72977066040039,-73.99942016601562,POINT(-73.99942016601562 40.72977066040039),235 Sullivan St,New York,NY,10012-4805,,,,{overture},,businesses_conflate,1100,2026-07-22 18:44:37.477175+00,2026-07-22 00:00:00+00,68,65,100,50,50,{},"{""overture"": {""lat"": 40.72977066040039, ""lon"": -73.99942016601562, ""zip"": ""10012-4805"", ""city"": ""New York"", ""name"": ""Top Thai Inc"", ""brand"": null, ""phone"": null, ""state"": ""NY"", ""address"": ""235 Sullivan St"", ""release"": ""2026-07-22.0"", ""website"": null, ""category"": ""restaurant"", ""state_raw"": ""NY"", ""observed_at"": ""2026-07-22T00:00:00+00:00"", ""src_confidence"": 0.95, ""category_source"": ""restaurant"", ""source_record_id"": ""87f03efa-a2ad-459f-8a27-4394c16d6ad8""}}",'inc':3 'new':4 'thai':2 'top':1 'york':5,2026-07-22 00:00:00+00,overture,62,likely_open,95,50,0,{}
biz_3fda345f1236851e,Project Cozy,cafe,,40.72080612182617,-73.99727630615234,POINT(-73.99727630615234 40.72080612182617),398 Broome St,New York,NY,10013-3210,,,http://www.projectcozy.com,{overture},,businesses_conflate,1100,2026-07-22 18:44:37.477175+00,2026-07-22 00:00:00+00,70,65,100,63,50,{},"{""overture"": {""lat"": 40.72080612182617, ""lon"": -73.99727630615234, ""zip"": ""10013-3210"", ""city"": ""New York"", ""name"": ""Project Cozy"", ""brand"": null, ""phone"": null, ""state"": ""NY"", ""address"": ""398 Broome St"", ""release"": ""2026-07-22.0"", ""website"": ""http://www.projectcozy.com"", ""category"": ""cafe"", ""state_raw"": ""NY"", ""observed_at"": ""2026-07-22T00:00:00+00:00"", ""src_confidence"": 0.9199122190475464, ""category_source"": ""cafe"", ""source_record_id"": ""731688f7-21e8-43b5-b8ce-29cd5152543d""}}",'cozi':2 'new':3 'project':1 'york':4,2026-07-22 00:00:00+00,overture,62,likely_open,95,50,0,{}
biz_3fdcad40ebd5adaa,Ashby's,cafe,,40.7081413269043,-74.01084899902344,POINT(-74.01084899902344 40.7081413269043),110 Broadway,New York,NY,10005,,+12125130702,http://ashbysnyc.com,{overture},,businesses_conflate,1100,2026-07-22 18:44:37.477175+00,2026-07-22 00:00:00+00,73,65,100,75,50,{},"{""overture"": {""lat"": 40.7081413269043, ""lon"": -74.01084899902344, ""zip"": ""10005"", ""city"": ""New York"", ""name"": ""Ashby's"", ""brand"": null, ""phone"": ""+12125130702"", ""state"": ""NY"", ""address"": ""110 Broadway"", ""release"": ""2026-07-22.0"", ""website"": ""http://ashbysnyc.com"", ""category"": ""cafe"", ""state_raw"": ""NY"", ""observed_at"": ""2026-07-22T00:00:00+00:00"", ""src_confidence"": 0.9902192950248718, ""category_source"": ""cafe"", ""source_record_id"": ""28f19a23-3e11-4d72-a02f-70bc1820539c""}}",'ashbi':1 'new':3 'york':4,2026-07-22 00:00:00+00,overture,62,likely_open,95,50,0,{}
biz_3feab9602460e732,Green Healthy Food Cafe,cafe,,40.706966400146484,-74.0082015991211,POINT(-74.0082015991211 40.706966400146484),26 Cedar St,New York,NY,10005,,6463988000,https://www.greenhealthyfoodnyc.com/,{overture},,businesses_conflate,1100,2026-07-22 18:44:37.477175+00,2026-07-22 00:00:00+00,73,65,100,75,50,{},"{""overture"": {""lat"": 40.706966400146484, ""lon"": -74.0082015991211, ""zip"": ""10005"", ""city"": ""New York"", ""name"": ""Green Healthy Food Cafe"", ""brand"": null, ""phone"": ""6463988000"", ""state"": ""NY"", ""address"": ""26 Cedar St"", ""release"": ""2026-07-22.0"", ""website"": ""https://www.greenhealthyfoodnyc.com/"", ""category"": ""cafe"", ""state_raw"": ""NY"", ""observed_at"": ""2026-07-22T00:00:00+00:00"", ""src_confidence"": 0.9199122190475464, ""category_source"": ""cafe"", ""source_record_id"": ""eb3f5c4d-cd86-42b1-86c4-ac1e652b8bf7""}}",'cafe':4 'food':3 'green':1 'healthi':2 'new':5 'york':6,2026-07-22 00:00:00+00,overture,62,likely_open,95,50,0,{}
biz_3fedfd86538898e4,Santander Bank ATM,atm_bank,Santander Bank US,40.71039962768555,-74.00750732421875,POINT(-74.00750732421875 40.71039962768555),129 Fulton St,New York,NY,10038-2716,,+18777682265,https://locations.santanderbank.com/ny/newyork/129-fulton-st-32706.html?utm_medium=local&utm_source=facebook&utm_campaign=facebook,{overture},,businesses_conflate,1100,2026-07-22 18:44:37.477175+00,2026-07-22 00:00:00+00,78,65,100,100,50,{},"{""overture"": {""lat"": 40.71039962768555, ""lon"": -74.00750732421875, ""zip"": ""10038-2716"", ""city"": ""New York"", ""name"": ""Santander Bank ATM"", ""brand"": ""Santander Bank US"", ""phone"": ""+18777682265"", ""state"": ""NY"", ""address"": ""129 Fulton St"", ""release"": ""2026-07-22.0"", ""website"": ""https://locations.santanderbank.com/ny/newyork/129-fulton-st-32706.html?utm_medium=local&utm_source=facebook&utm_campaign=facebook"", ""category"": ""atm_bank"", ""state_raw"": ""NY"", ""observed_at"": ""2026-07-22T00:00:00+00:00"", ""src_confidence"": 0.9977107158303261, ""category_source"": ""atms"", ""source_record_id"": ""6f657d01-57d3-47b8-80de-45b72c6ef86d""}}","'atm':3 'bank':2,5 'new':7 'santand':1,4 'us':6 'york':8",2026-07-22 00:00:00+00,overture,62,likely_open,95,50,0,{}
biz_4001d72c342b3239,Honeybrains,cafe,,40.72701644897461,-73.99383544921875,POINT(-73.99383544921875 40.72701644897461),372 Lafayette St,New York,NY,10012,,(646) 678-4092,http://www.honeybrains.com,{overture},,businesses_conflate,1100,2026-07-22 18:44:37.477175+00,2026-07-22 00:00:00+00,73,65,100,75,50,{},"{""overture"": {""lat"": 40.72701644897461, ""lon"": -73.99383544921875, ""zip"": ""10012"", ""city"": ""New York"", ""name"": ""Honeybrains"", ""brand"": null, ""phone"": ""(646) 678-4092"", ""state"": ""NY"", ""address"": ""372 Lafayette St"", ""release"": ""2026-07-22.0"", ""website"": ""http://www.honeybrains.com"", ""category"": ""cafe"", ""state_raw"": ""NY"", ""observed_at"": ""2026-07-22T00:00:00+00:00"", ""src_confidence"": 0.9902192950248718, ""category_source"": ""cafe"", ""source_record_id"": ""3eb3e013-c16f-4c22-b0e2-67702c885af6""}}",'honeybrain':1 'new':2 'york':3,2026-07-22 00:00:00+00,overture,62,likely_open,95,50,0,{}
biz_4071f270049bc611,"22 Howard Street F&b, Llc",restaurant,,40.71963882446289,-74.00019073486328,POINT(-74.00019073486328 40.71963882446289),22 Howard St,New York,NY,10013-3137,,,join-voice.com,{overture},,businesses_conflate,1100,2026-07-22 18:44:37.477175+00,2026-07-22 00:00:00+00,70,65,100,63,50,{},"{""overture"": {""lat"": 40.71963882446289, ""lon"": -74.00019073486328, ""zip"": ""10013-3137"", ""city"": ""New York"", ""name"": ""22 Howard Street F&b, Llc"", ""brand"": null, ""phone"": null, ""state"": ""NY"", ""address"": ""22 Howard St"", ""release"": ""2026-07-22.0"", ""website"": ""join-voice.com"", ""category"": ""restaurant"", ""state_raw"": ""NY"", ""observed_at"": ""2026-07-22T00:00:00+00:00"", ""src_confidence"": 0.95, ""category_source"": ""restaurant"", ""source_record_id"": ""1a6327aa-af1d-4699-8880-e3d64fe4c8d7""}}",'22':1 'b':5 'f':4 'howard':2 'llc':6 'new':7 'street':3 'york':8,2026-07-22 00:00:00+00,overture,62,likely_open,95,50,0,{}
biz_4079c8287434d46c,Ama,restaurant,,40.72728729248047,-74.00261688232422,POINT(-74.00261688232422 40.72728729248047),48 Macdougal St,New York,NY,10012,,(212) 358-1707,http://www.amanyc.com/,{overture},,businesses_conflate,1100,2026-07-22 18:44:37.477175+00,2026-07-22 00:00:00+00,73,65,100,75,50,{},"{""overture"": {""lat"": 40.72728729248047, ""lon"": -74.00261688232422, ""zip"": ""10012"", ""city"": ""New York"", ""name"": ""Ama"", ""brand"": null, ""phone"": ""(212) 358-1707"", ""state"": ""NY"", ""address"": ""48 Macdougal St"", ""release"": ""2026-07-22.0"", ""website"": ""http://www.amanyc.com/"", ""category"": ""restaurant"", ""state_raw"": ""NY"", ""observed_at"": ""2026-07-22T00:00:00+00:00"", ""src_confidence"": 0.77, ""category_source"": ""restaurant"", ""source_record_id"": ""b96617bd-af44-4a96-9426-bcac6467c8d9""}}",'ama':1 'new':2 'york':3,2026-07-22 00:00:00+00,overture,62,likely_open,95,50,0,{}
biz_407dd91c924be1d4,Bangkok Bank Public Co Ltd,atm_bank,,40.70608139038086,-74.01370239257812,POINT(-74.01370239257812 40.70608139038086),29 Broadway,New York,NY,10006-3101,,+12124228200,http://bankthailand.info,{overture},,businesses_conflate,1100,2026-07-22 18:44:37.477175+00,2026-07-22 00:00:00+00,73,65,100,75,50,{},"{""overture"": {""lat"": 40.70608139038086, ""lon"": -74.01370239257812, ""zip"": ""10006-3101"", ""city"": ""New York"", ""name"": ""Bangkok Bank Public Co Ltd"", ""brand"": null, ""phone"": ""+12124228200"", ""state"": ""NY"", ""address"": ""29 Broadway"", ""release"": ""2026-07-22.0"", ""website"": ""http://bankthailand.info"", ""category"": ""atm_bank"", ""state_raw"": ""NY"", ""observed_at"": ""2026-07-22T00:00:00+00:00"", ""src_confidence"": 0.9199122190475464, ""category_source"": ""banks"", ""source_record_id"": ""643d2a90-bd18-4935-9b40-99125b372906""}}",'bangkok':1 'bank':2 'co':4 'ltd':5 'new':6 'public':3 'york':7,2026-07-22 00:00:00+00,overture,62,likely_open,95,50,0,{}
biz_40a222cba1d93d97,Kftea - Chrystie,fast_food,,40.716827392578125,-73.99249267578125,POINT(-73.99249267578125 40.716827392578125),73 Chrystie St,New York,NY,10002-5008,,,www.nycgovparks.org/parks/saradroosevelt,{overture},,businesses_conflate,1100,2026-07-22 18:44:37.477175+00,2026-07-22 00:00:00+00,70,65,100,63,50,{},"{""overture"": {""lat"": 40.716827392578125, ""lon"": -73.99249267578125, ""zip"": ""10002-5008"", ""city"": ""New York"", ""name"": ""Kftea - Chrystie"", ""brand"": null, ""phone"": null, ""state"": ""NY"", ""address"": ""73 Chrystie St"", ""release"": ""2026-07-22.0"", ""website"": ""www.nycgovparks.org/parks/saradroosevelt"", ""category"": ""fast_food"", ""state_raw"": ""NY"", ""observed_at"": ""2026-07-22T00:00:00+00:00"", ""src_confidence"": 0.8318324685096741, ""category_source"": ""fast_food_restaurant"", ""source_record_id"": ""8c2bc4fd-f82d-4887-a367-0ab6a51e7d80""}}",'chrysti':2 'kftea':1 'new':3 'york':4,2026-07-22 00:00:00+00,overture,62,likely_open,95,50,0,{}
biz_40b572d9c6299317,Cafe Mezze,cafe,,40.72549057006836,-74.00565338134766,POINT(-74.00565338134766 40.72549057006836),246 Spring St,New York,NY,10013,,(212) 842-5500,http://trumpsohohotel.com/Food-And-Wine/The-Cafe,{overture},,businesses_conflate,1100,2026-07-22 18:44:37.477175+00,2026-07-22 00:00:00+00,73,65,100,75,50,{},"{""overture"": {""lat"": 40.72549057006836, ""lon"": -74.00565338134766, ""zip"": ""10013"", ""city"": ""New York"", ""name"": ""Cafe Mezze"", ""brand"": null, ""phone"": ""(212) 842-5500"", ""state"": ""NY"", ""address"": ""246 Spring St"", ""release"": ""2026-07-22.0"", ""website"": ""http://trumpsohohotel.com/Food-And-Wine/The-Cafe"", ""category"": ""cafe"", ""state_raw"": ""NY"", ""observed_at"": ""2026-07-22T00:00:00+00:00"", ""src_confidence"": 0.9763835668563843, ""category_source"": ""cafe"", ""source_record_id"": ""f0324b9e-297d-4528-a77a-0f4cbe55d6fd""}}",'cafe':1 'mezz':2 'new':3 'york':4,2026-07-22 00:00:00+00,overture,62,likely_open,95,50,0,{}
biz_40c3c5afc6a8c4ea,Starbucks,cafe,Starbucks,40.736610412597656,-74.00088500976562,POINT(-74.00088500976562 40.736610412597656),1 7th Ave,New York,NY,10011-6628,,+12126272822,https://www.starbucks.com/store-locator/store/8894000/11-th-7th-formerly-reserve-1-7th-ave-new-york-ny-100116628-us,{overture},,businesses_conflate,1100,2026-07-22 18:44:37.477175+00,2026-07-22 00:00:00+00,78,65,100,100,50,{},"{""overture"": {""lat"": 40.736610412597656, ""lon"": -74.00088500976562, ""zip"": ""10011-6628"", ""city"": ""New York"", ""name"": ""Starbucks"", ""brand"": ""Starbucks"", ""phone"": ""+12126272822"", ""state"": ""NY"", ""address"": ""1 7th Ave"", ""release"": ""2026-07-22.0"", ""website"": ""https://www.starbucks.com/store-locator/store/8894000/11-th-7th-formerly-reserve-1-7th-ave-new-york-ny-100116628-us"", ""category"": ""cafe"", ""state_raw"": ""NY"", ""observed_at"": ""2026-07-22T00:00:00+00:00"", ""src_confidence"": 0.9902192950248718, ""category_source"": ""coffee_shop"", ""source_record_id"": ""96aee6ae-ce4c-4e5b-a9b4-94354bfd4313""}}","'new':3 'starbuck':1,2 'york':4",2026-07-22 00:00:00+00,overture,62,likely_open,95,50,0,{}
biz_40e49989949590e0,Cafe Cannal,cafe,,40.719234466552734,-74.00193786621094,POINT(-74.00193786621094 40.719234466552734),416 Broadway,New York,NY,10013-3519,,+16464550323,http://cafe-cannal.business.site,{overture},,businesses_conflate,1100,2026-07-22 18:44:37.477175+00,2026-07-22 00:00:00+00,73,65,100,75,50,{},"{""overture"": {""lat"": 40.719234466552734, ""lon"": -74.00193786621094, ""zip"": ""10013-3519"", ""city"": ""New York"", ""name"": ""Cafe Cannal"", ""brand"": null, ""phone"": ""+16464550323"", ""state"": ""NY"", ""address"": ""416 Broadway"", ""release"": ""2026-07-22.0"", ""website"": ""http://cafe-cannal.business.site"", ""category"": ""cafe"", ""state_raw"": ""NY"", ""observed_at"": ""2026-07-22T00:00:00+00:00"", ""src_confidence"": 0.9302752017974854, ""category_source"": ""cafe"", ""source_record_id"": ""83da6bfb-15e2-4dbb-849a-650c60af7473""}}",'cafe':1 'cannal':2 'new':3 'york':4,2026-07-22 00:00:00+00,overture,62,likely_open,95,50,0,{}
biz_40f10e311739eae4,K&amp L Planning Llc,restaurant,,40.718021392822266,-74.00037384033203,POINT(-74.00037384033203 40.718021392822266),244 Canal St Fl 2r,New York,NY,10013-4580,,,,{overture},,businesses_conflate,1100,2026-07-22 18:44:37.477175+00,2026-07-22 00:00:00+00,68,65,100,50,50,{},"{""overture"": {""lat"": 40.718021392822266, ""lon"": -74.00037384033203, ""zip"": ""10013-4580"", ""city"": ""New York"", ""name"": ""K&amp L Planning Llc"", ""brand"": null, ""phone"": null, ""state"": ""NY"", ""address"": ""244 Canal St Fl 2r"", ""release"": ""2026-07-22.0"", ""website"": null, ""category"": ""restaurant"", ""state_raw"": ""NY"", ""observed_at"": ""2026-07-22T00:00:00+00:00"", ""src_confidence"": 0.95, ""category_source"": ""restaurant"", ""source_record_id"": ""8df4f1dd-62aa-4490-a757-4936ebc076e2""}}",'amp':2 'k':1 'l':3 'llc':5 'new':6 'plan':4 'york':7,2026-07-22 00:00:00+00,overture,62,likely_open,95,50,0,{}
biz_40f5a108039aedc1,Coffee Project New York,cafe,Coffee Project New York,40.70714569091797,-74.00499725341797,POINT(-74.00499725341797 40.70714569091797),135 John St,New York,NY,10038-3524,,+13157146564,http://www.coffeeprojectny.com/,{overture},,businesses_conflate,1100,2026-07-22 18:44:37.477175+00,2026-07-22 00:00:00+00,78,65,100,100,50,{},"{""overture"": {""lat"": 40.70714569091797, ""lon"": -74.00499725341797, ""zip"": ""10038-3524"", ""city"": ""New York"", ""name"": ""Coffee Project New York"", ""brand"": ""Coffee Project New York"", ""phone"": ""+13157146564"", ""state"": ""NY"", ""address"": ""135 John St"", ""release"": ""2026-07-22.0"", ""website"": ""http://www.coffeeprojectny.com/"", ""category"": ""cafe"", ""state_raw"": ""NY"", ""observed_at"": ""2026-07-22T00:00:00+00:00"", ""src_confidence"": 0.9902192950248718, ""category_source"": ""coffee_shop"", ""source_record_id"": ""769e0438-8be9-4d3a-9c08-7ae22cd5737a""}}","'coffe':1,5 'new':3,7,9 'project':2,6 'york':4,8,10",2026-07-22 00:00:00+00,overture,62,likely_open,95,50,0,{}
biz_4136428e503aae99,Shah's Halal Food,fast_food,Shah's Halal Food,40.73091506958008,-74.00074768066406,POINT(-74.00074768066406 40.73091506958008),133 W 3rd St,New York,NY,10012,,,https://www.shahshalalfood.com/w-3rd-st-new-york/,{overture},,businesses_conflate,1100,2026-07-22 18:44:37.477175+00,2026-07-22 00:00:00+00,75,65,100,88,50,{},"{""overture"": {""lat"": 40.73091506958008, ""lon"": -74.00074768066406, ""zip"": ""10012"", ""city"": ""New York"", ""name"": ""Shah's Halal Food"", ""brand"": ""Shah's Halal Food"", ""phone"": null, ""state"": ""NY"", ""address"": ""133 W 3rd St"", ""release"": ""2026-07-22.0"", ""website"": ""https://www.shahshalalfood.com/w-3rd-st-new-york/"", ""category"": ""fast_food"", ""state_raw"": ""NY"", ""observed_at"": ""2026-07-22T00:00:00+00:00"", ""src_confidence"": 0.9762589931488037, ""category_source"": ""fast_food_restaurant"", ""source_record_id"": ""9692e4c1-465b-4673-912c-c36abeb37c22""}}","'food':4,8 'halal':3,7 'new':9 'shah':1,5 'york':10",2026-07-22 00:00:00+00,overture,62,likely_open,95,50,0,{}
biz_419086794419172e,Taz Cafe,cafe,,40.70680618286133,-74.00853729248047,POINT(-74.00853729248047 40.70680618286133),54 Pine St,New York,NY,10005,,2127428009,http://ordertazcafe.com/,{overture},,businesses_conflate,1100,2026-07-22 18:44:37.477175+00,2026-07-22 00:00:00+00,73,65,100,75,50,{},"{""overture"": {""lat"": 40.70680618286133, ""lon"": -74.00853729248047, ""zip"": ""10005"", ""city"": ""New York"", ""name"": ""Taz Cafe"", ""brand"": null, ""phone"": ""2127428009"", ""state"": ""NY"", ""address"": ""54 Pine St"", ""release"": ""2026-07-22.0"", ""website"": ""http://ordertazcafe.com/"", ""category"": ""cafe"", ""state_raw"": ""NY"", ""observed_at"": ""2026-07-22T00:00:00+00:00"", ""src_confidence"": 0.9199122190475464, ""category_source"": ""cafe"", ""source_record_id"": ""5d90e104-82cf-4b65-9bb9-ba58b0048c95""}}",'cafe':2 'new':3 'taz':1 'york':4,2026-07-22 00:00:00+00,overture,62,likely_open,95,50,0,{}
biz_419e7993e56770a8,Black Fox,cafe,,40.704200744628906,-74.01102447509766,POINT(-74.01102447509766 40.704200744628906),85 Broad St,New York,NY,10004-2434,,,https://www.blackfoxcoffee.com,{overture},,businesses_conflate,1100,2026-07-22 18:44:37.477175+00,2026-07-22 00:00:00+00,70,65,100,63,50,{},"{""overture"": {""lat"": 40.704200744628906, ""lon"": -74.01102447509766, ""zip"": ""10004-2434"", ""city"": ""New York"", ""name"": ""Black Fox"", ""brand"": null, ""phone"": null, ""state"": ""NY"", ""address"": ""85 Broad St"", ""release"": ""2026-07-22.0"", ""website"": ""https://www.blackfoxcoffee.com"", ""category"": ""cafe"", ""state_raw"": ""NY"", ""observed_at"": ""2026-07-22T00:00:00+00:00"", ""src_confidence"": 0.65, ""category_source"": ""coffee_shop"", ""source_record_id"": ""f095a914-20d1-4de6-a94b-378b33fae9e2""}}",'black':1 'fox':2 'new':3 'york':4,2026-07-22 00:00:00+00,overture,62,likely_open,95,50,0,{}
biz_41ad6c0bdadb2709,Saigon Market Llc,restaurant,,40.73345947265625,-73.99301147460938,POINT(-73.99301147460938 40.73345947265625),91 University Pl,New York,NY,10003-4505,,,,{overture},,businesses_conflate,1100,2026-07-22 18:44:37.477175+00,2026-07-22 00:00:00+00,68,65,100,50,50,{},"{""overture"": {""lat"": 40.73345947265625, ""lon"": -73.99301147460938, ""zip"": ""10003-4505"", ""city"": ""New York"", ""name"": ""Saigon Market Llc"", ""brand"": null, ""phone"": null, ""state"": ""NY"", ""address"": ""91 University Pl"", ""release"": ""2026-07-22.0"", ""website"": null, ""category"": ""restaurant"", ""state_raw"": ""NY"", ""observed_at"": ""2026-07-22T00:00:00+00:00"", ""src_confidence"": 0.95, ""category_source"": ""restaurant"", ""source_record_id"": ""d0302320-6199-4875-93f1-8d60fe694c49""}}",'llc':3 'market':2 'new':4 'saigon':1 'york':5,2026-07-22 00:00:00+00,overture,62,likely_open,95,50,0,{}
biz_41ae5c2ca52a8af5,Medly Pharmacy,pharmacy,,40.72080612182617,-74.04415130615234,POINT(-74.04415130615234 40.72080612182617),152 Newark Ave,Jersey City,NJ,07302,,2016300944,https://medly.com/en-us,{overture},,businesses_conflate,1100,2026-07-22 18:44:37.477175+00,2026-07-22 00:00:00+00,73,65,100,75,50,{},"{""overture"": {""lat"": 40.72080612182617, ""lon"": -74.04415130615234, ""zip"": ""07302"", ""city"": ""Jersey City"", ""name"": ""Medly Pharmacy"", ""brand"": null, ""phone"": ""2016300944"", ""state"": ""NJ"", ""address"": ""152 Newark Ave"", ""release"": ""2026-07-22.0"", ""website"": ""https://medly.com/en-us"", ""category"": ""pharmacy"", ""state_raw"": ""NJ"", ""observed_at"": ""2026-07-22T00:00:00+00:00"", ""src_confidence"": 0.9199122190475464, ""category_source"": ""pharmacy"", ""source_record_id"": ""d79b85fa-ea28-4448-8ad0-00f3d98fe229""}}",'citi':4 'jersey':3 'med':1 'pharmaci':2,2026-07-22 00:00:00+00,overture,62,likely_open,95,50,0,{}
biz_41bca66ca0a90f13,Sazerac House,restaurant,,40.73428726196289,-74.0064926147461,POINT(-74.0064926147461 40.73428726196289),533 Hudson St,New York,NY,10014-2601,,2129890313,https://sazerachouse.com,{overture},,businesses_conflate,1100,2026-07-22 18:44:37.477175+00,2026-07-22 00:00:00+00,73,65,100,75,50,{},"{""overture"": {""lat"": 40.73428726196289, ""lon"": -74.0064926147461, ""zip"": ""10014-2601"", ""city"": ""New York"", ""name"": ""Sazerac House"", ""brand"": null, ""phone"": ""2129890313"", ""state"": ""NY"", ""address"": ""533 Hudson St"", ""release"": ""2026-07-22.0"", ""website"": ""https://sazerachouse.com"", ""category"": ""restaurant"", ""state_raw"": ""NY"", ""observed_at"": ""2026-07-22T00:00:00+00:00"", ""src_confidence"": 0.65, ""category_source"": ""restaurant"", ""source_record_id"": ""a9fef68a-c07d-4d18-a71e-4c249c129c90""}}",'hous':2 'new':3 'sazerac':1 'york':4,2026-07-22 00:00:00+00,overture,62,likely_open,95,50,0,{}
biz_41d47777a5a7f3c8,OneSeed,restaurant,,40.71524429321289,-74.01280212402344,POINT(-74.01280212402344 40.71524429321289),111 Murray St,New York,NY,10007-2132,,+16466914618,http://eatoneseed.com/,{overture},,businesses_conflate,1100,2026-07-22 18:44:37.477175+00,2026-07-22 00:00:00+00,73,65,100,75,50,{},"{""overture"": {""lat"": 40.71524429321289, ""lon"": -74.01280212402344, ""zip"": ""10007-2132"", ""city"": ""New York"", ""name"": ""OneSeed"", ""brand"": null, ""phone"": ""+16466914618"", ""state"": ""NY"", ""address"": ""111 Murray St"", ""release"": ""2026-07-22.0"", ""website"": ""http://eatoneseed.com/"", ""category"": ""restaurant"", ""state_raw"": ""NY"", ""observed_at"": ""2026-07-22T00:00:00+00:00"", ""src_confidence"": 0.9430409073829651, ""category_source"": ""restaurant"", ""source_record_id"": ""e6798cc2-a40a-4bb7-95d9-a86130705d7a""}}",'new':2 'onese':1 'york':3,2026-07-22 00:00:00+00,overture,62,likely_open,95,50,0,{}
biz_41ff693f80479376,Fancy Made Easy,grocery,,40.706512451171875,-74.01060485839844,POINT(-74.01060485839844 40.706512451171875),15 Broad St,New York,NY,10005-1923,,,https://www.fancymadeeasy.com,{overture},,businesses_conflate,1100,2026-07-22 18:44:37.477175+00,2026-07-22 00:00:00+00,70,65,100,63,50,{},"{""overture"": {""lat"": 40.706512451171875, ""lon"": -74.01060485839844, ""zip"": ""10005-1923"", ""city"": ""New York"", ""name"": ""Fancy Made Easy"", ""brand"": null, ""phone"": null, ""state"": ""NY"", ""address"": ""15 Broad St"", ""release"": ""2026-07-22.0"", ""website"": ""https://www.fancymadeeasy.com"", ""category"": ""grocery"", ""state_raw"": ""NY"", ""observed_at"": ""2026-07-22T00:00:00+00:00"", ""src_confidence"": 0.95, ""category_source"": ""grocery_store"", ""source_record_id"": ""9c523f56-2730-4713-b58a-084737972834""}}",'easi':3 'fanci':1 'made':2 'new':4 'york':5,2026-07-22 00:00:00+00,overture,62,likely_open,95,50,0,{}
biz_421cfff0d89f2cc0,Bonberi Mart,grocery,,40.7357063293457,-74.00721740722656,POINT(-74.00721740722656 40.7357063293457),321 W 11th St,New York,NY,10014-2333,,+19173883537,https://www.bonberimart.com,{overture},,businesses_conflate,1100,2026-07-22 18:44:37.477175+00,2026-07-22 00:00:00+00,73,65,100,75,50,{},"{""overture"": {""lat"": 40.7357063293457, ""lon"": -74.00721740722656, ""zip"": ""10014-2333"", ""city"": ""New York"", ""name"": ""Bonberi Mart"", ""brand"": null, ""phone"": ""+19173883537"", ""state"": ""NY"", ""address"": ""321 W 11th St"", ""release"": ""2026-07-22.0"", ""website"": ""https://www.bonberimart.com"", ""category"": ""grocery"", ""state_raw"": ""NY"", ""observed_at"": ""2026-07-22T00:00:00+00:00"", ""src_confidence"": 0.9902192950248718, ""category_source"": ""grocery_store"", ""source_record_id"": ""7a7481ec-8c87-4d76-905e-1d760cef7b5d""}}",'bonberi':1 'mart':2 'new':3 'york':4,2026-07-22 00:00:00+00,overture,62,likely_open,95,50,0,{}
biz_42366e61d58ac5a4,Tay Shing,grocery,,40.71450424194336,-73.99307250976562,POINT(-73.99307250976562 40.71450424194336),1 Allen St,New York,NY,10002-5301,,+12129661448,http://www.employmentagencylu.net,{overture},,businesses_conflate,1100,2026-07-22 18:44:37.477175+00,2026-07-22 00:00:00+00,73,65,100,75,50,{},"{""overture"": {""lat"": 40.71450424194336, ""lon"": -73.99307250976562, ""zip"": ""10002-5301"", ""city"": ""New York"", ""name"": ""Tay Shing"", ""brand"": null, ""phone"": ""+12129661448"", ""state"": ""NY"", ""address"": ""1 Allen St"", ""release"": ""2026-07-22.0"", ""website"": ""http://www.employmentagencylu.net"", ""category"": ""grocery"", ""state_raw"": ""NY"", ""observed_at"": ""2026-07-22T00:00:00+00:00"", ""src_confidence"": 0.9583381414413452, ""category_source"": ""grocery_store"", ""source_record_id"": ""4a1b23ca-1f30-4637-84cc-b49008ed1919""}}",'new':3 'shing':2 'tay':1 'york':4,2026-07-22 00:00:00+00,overture,62,likely_open,95,50,0,{}
biz_42398b454e66fd04,55 ' เตี๋ยวละมุน,restaurant,,40.716163635253906,-73.99999237060547,POINT(-73.99999237060547 40.716163635253906),หนองวัวซออูบมุง,New York,NY,41220,,+66930958375,,{overture},,businesses_conflate,1100,2026-07-22 18:44:37.477175+00,2026-07-22 00:00:00+00,70,65,100,63,50,{},"{""overture"": {""lat"": 40.716163635253906, ""lon"": -73.99999237060547, ""zip"": ""41220"", ""city"": ""New York"", ""name"": ""55 ' เตี๋ยวละมุน"", ""brand"": null, ""phone"": ""+66930958375"", ""state"": ""NY"", ""address"": ""หนองวัวซออูบมุง"", ""release"": ""2026-07-22.0"", ""website"": null, ""category"": ""restaurant"", ""state_raw"": ""NY"", ""observed_at"": ""2026-07-22T00:00:00+00:00"", ""src_confidence"": 0.9722161889076233, ""category_source"": ""restaurant"", ""source_record_id"": ""da5e1a16-a922-4c49-853e-aff056b78c45""}}",'55':1 'new':3 'york':4 'เตี๋ยวละมุน':2,2026-07-22 00:00:00+00,overture,62,likely_open,95,50,0,{}
biz_4246e1b852dff9c4,Supermercado Leal,grocery,,40.716060638427734,-74.0002212524414,POINT(-74.0002212524414 40.716060638427734),"Terceira rua, entre as travessas 15 e 16. Bairro: Centro ",New York,NY,68870000,,+16362532734,https://www.instagram.com/supermercadoleal_/,{overture},,businesses_conflate,1100,2026-07-22 18:44:37.477175+00,2026-07-22 00:00:00+00,73,65,100,75,50,{},"{""overture"": {""lat"": 40.716060638427734, ""lon"": -74.0002212524414, ""zip"": ""68870000"", ""city"": ""New York"", ""name"": ""Supermercado Leal"", ""brand"": null, ""phone"": ""+16362532734"", ""state"": ""NY"", ""address"": ""Terceira rua, entre as travessas 15 e 16. Bairro: Centro "", ""release"": ""2026-07-22.0"", ""website"": ""https://www.instagram.com/supermercadoleal_/"", ""category"": ""grocery"", ""state_raw"": ""NY"", ""observed_at"": ""2026-07-22T00:00:00+00:00"", ""src_confidence"": 0.8506202101707458, ""category_source"": ""supermarket"", ""source_record_id"": ""f4dd2650-ded2-42ec-887c-8583ed8d1954""}}",'leal':2 'new':3 'supermercado':1 'york':4,2026-07-22 00:00:00+00,overture,62,likely_open,95,50,0,{}
biz_4258a936ef1702f8,Citibank,atm_bank,Citi,40.70838165283203,-74.01100158691406,POINT(-74.01100158691406 40.70838165283203),120 Broadway,New York,NY,10271-0002,,+18006273999,http://www.citi.com/,{overture},,businesses_conflate,1100,2026-07-22 18:44:37.477175+00,2026-07-22 00:00:00+00,78,65,100,100,50,{},"{""overture"": {""lat"": 40.70838165283203, ""lon"": -74.01100158691406, ""zip"": ""10271-0002"", ""city"": ""New York"", ""name"": ""Citibank"", ""brand"": ""Citi"", ""phone"": ""+18006273999"", ""state"": ""NY"", ""address"": ""120 Broadway"", ""release"": ""2026-07-22.0"", ""website"": ""http://www.citi.com/"", ""category"": ""atm_bank"", ""state_raw"": ""NY"", ""observed_at"": ""2026-07-22T00:00:00+00:00"", ""src_confidence"": 0.9990801551043987, ""category_source"": ""bank_credit_union"", ""source_record_id"": ""e56b0b0e-0df8-4ee7-82cf-67636299992e""}}",'citi':2 'citibank':1 'new':3 'york':4,2026-07-22 00:00:00+00,overture,62,likely_open,95,50,0,{}
biz_425aa7a8ef964225,Sarojini hospital pebbair,medical,,40.716697692871094,-74,POINT(-74 40.716697692871094),PEBBAIR,New York,NY,509104,,+916309416248,,{overture},,businesses_conflate,1100,2026-07-22 18:44:37.477175+00,2026-07-22 00:00:00+00,70,65,100,63,50,{},"{""overture"": {""lat"": 40.716697692871094, ""lon"": -74, ""zip"": ""509104"", ""city"": ""New York"", ""name"": ""Sarojini hospital pebbair"", ""brand"": null, ""phone"": ""+916309416248"", ""state"": ""NY"", ""address"": ""PEBBAIR"", ""release"": ""2026-07-22.0"", ""website"": null, ""category"": ""medical"", ""state_raw"": ""NY"", ""observed_at"": ""2026-07-22T00:00:00+00:00"", ""src_confidence"": 0.8012995719909668, ""category_source"": ""hospital"", ""source_record_id"": ""fe1f61df-7d1c-4a33-a1b8-26d7e7612bf0""}}",'hospit':2 'new':4 'pebbair':3 'sarojini':1 'york':5,2026-07-22 00:00:00+00,overture,62,likely_open,95,50,0,{}
biz_4289b725fae880b3,Canal Towing,towing,,40.719417572021484,-74.00138854980469,POINT(-74.00138854980469 40.719417572021484),277 Canal St,New York,NY,10013-3559,,+18775751399,http://www.canaltowing.com/,{overture},,businesses_conflate,1100,2026-07-22 18:44:37.477175+00,2026-07-22 00:00:00+00,73,65,100,75,50,{},"{""overture"": {""lat"": 40.719417572021484, ""lon"": -74.00138854980469, ""zip"": ""10013-3559"", ""city"": ""New York"", ""name"": ""Canal Towing"", ""brand"": null, ""phone"": ""+18775751399"", ""state"": ""NY"", ""address"": ""277 Canal St"", ""release"": ""2026-07-22.0"", ""website"": ""http://www.canaltowing.com/"", ""category"": ""towing"", ""state_raw"": ""NY"", ""observed_at"": ""2026-07-22T00:00:00+00:00"", ""src_confidence"": 0.3201594650745392, ""category_source"": ""towing_service"", ""source_record_id"": ""064b3a44-d0aa-481a-9e60-0fd09956e535""}}",'canal':1 'new':3 'tow':2 'york':4,2026-07-22 00:00:00+00,overture,62,likely_open,95,50,0,{}
biz_42acc9e130bb1166,Kamal's Cafe,cafe,,40.72831726074219,-74.00555419921875,POINT(-74.00555419921875 40.72831726074219),201 Varick St,New York,NY,10014-4811,,12127417433,http://www.kamalskafe.com,{overture},,businesses_conflate,1100,2026-07-22 18:44:37.477175+00,2026-07-22 00:00:00+00,73,65,100,75,50,{},"{""overture"": {""lat"": 40.72831726074219, ""lon"": -74.00555419921875, ""zip"": ""10014-4811"", ""city"": ""New York"", ""name"": ""Kamal's Cafe"", ""brand"": null, ""phone"": ""12127417433"", ""state"": ""NY"", ""address"": ""201 Varick St"", ""release"": ""2026-07-22.0"", ""website"": ""http://www.kamalskafe.com"", ""category"": ""cafe"", ""state_raw"": ""NY"", ""observed_at"": ""2026-07-22T00:00:00+00:00"", ""src_confidence"": 0.65, ""category_source"": ""cafe"", ""source_record_id"": ""b1a735d5-9a77-4c7e-868b-2696bdf8d0a8""}}",'cafe':3 'kamal':1 'new':4 'york':5,2026-07-22 00:00:00+00,overture,62,likely_open,95,50,0,{}
biz_42bd823d8c149d08,FreshHub: Cafe & Grill,cafe,,40.71958541870117,-74.04377746582031,POINT(-74.04377746582031 40.71958541870117),109 Christopher Columbus Dr,Jersey City,NJ,07302-8544,,+12014330020,https://www.freshhubcafegrill.com/,{overture},,businesses_conflate,1100,2026-07-22 18:44:37.477175+00,2026-07-22 00:00:00+00,73,65,100,75,50,{},"{""overture"": {""lat"": 40.71958541870117, ""lon"": -74.04377746582031, ""zip"": ""07302-8544"", ""city"": ""Jersey City"", ""name"": ""FreshHub: Cafe & Grill"", ""brand"": null, ""phone"": ""+12014330020"", ""state"": ""NJ"", ""address"": ""109 Christopher Columbus Dr"", ""release"": ""2026-07-22.0"", ""website"": ""https://www.freshhubcafegrill.com/"", ""category"": ""cafe"", ""state_raw"": ""NJ"", ""observed_at"": ""2026-07-22T00:00:00+00:00"", ""src_confidence"": 0.4406457841396332, ""category_source"": ""cafe"", ""source_record_id"": ""4812cfa5-1385-49b7-aa01-e378620d1d9a""}}",'cafe':2 'citi':5 'freshhub':1 'grill':3 'jersey':4,2026-07-22 00:00:00+00,overture,62,likely_open,95,50,0,{}
biz_42c2aaffcd9ba57f,Central Pharmacy Inc,pharmacy,,40.720333099365234,-74.04627990722656,POINT(-74.04627990722656 40.720333099365234),169 Christopher Columbus Dr Ste 1,Jersey City,NJ,07302,,2018761100,"",{overture},,businesses_conflate,1100,2026-07-22 18:44:37.477175+00,2026-07-22 00:00:00+00,73,65,100,75,50,{},"{""overture"": {""lat"": 40.720333099365234, ""lon"": -74.04627990722656, ""zip"": ""07302"", ""city"": ""Jersey City"", ""name"": ""Central Pharmacy Inc"", ""brand"": null, ""phone"": ""2018761100"", ""state"": ""NJ"", ""address"": ""169 Christopher Columbus Dr Ste 1"", ""release"": ""2026-07-22.0"", ""website"": """", ""category"": ""pharmacy"", ""state_raw"": ""NJ"", ""observed_at"": ""2026-07-22T00:00:00+00:00"", ""src_confidence"": 0.9199122190475464, ""category_source"": ""pharmacy"", ""source_record_id"": ""b21682be-a5fb-44d0-b8fd-842edd195f09""}}",'central':1 'citi':5 'inc':3 'jersey':4 'pharmaci':2,2026-07-22 00:00:00+00,overture,62,likely_open,95,50,0,{}
biz_42c8cdb341b91989,Roman,atm_bank,Roman,40.715511322021484,-74.00340270996094,POINT(-74.00340270996094 40.715511322021484),,New York,NY,,,+12342543471,,{overture},,businesses_conflate,1100,2026-07-22 18:44:37.477175+00,2026-07-22 00:00:00+00,68,65,100,50,50,{},"{""overture"": {""lat"": 40.715511322021484, ""lon"": -74.00340270996094, ""zip"": null, ""city"": ""New York"", ""name"": ""Roman"", ""brand"": ""Roman"", ""phone"": ""+12342543471"", ""state"": ""NY"", ""address"": null, ""release"": ""2026-07-22.0"", ""website"": null, ""category"": ""atm_bank"", ""state_raw"": ""NY"", ""observed_at"": ""2026-07-22T00:00:00+00:00"", ""src_confidence"": 0.9722161889076233, ""category_source"": ""atms"", ""source_record_id"": ""ba79e8c0-8ef2-4f41-8482-f18802e83e29""}}","'new':3 'roman':1,2 'york':4",2026-07-22 00:00:00+00,overture,62,likely_open,95,50,0,{}
biz_42eb2a127cf8359e,Bank of America ATM,atm_bank,,40.725284576416016,-73.99515533447266,POINT(-73.99515533447266 40.725284576416016),315 Lafayette St,New York,NY,10012,,8444018500,https://locators.bankofamerica.com/ny/newyork/atm-new-york-107919.html,{overture},,businesses_conflate,1100,2026-07-22 18:44:37.477175+00,2026-07-22 00:00:00+00,73,65,100,75,50,{},"{""overture"": {""lat"": 40.725284576416016, ""lon"": -73.99515533447266, ""zip"": ""10012"", ""city"": ""New York"", ""name"": ""Bank of America ATM"", ""brand"": null, ""phone"": ""8444018500"", ""state"": ""NY"", ""address"": ""315 Lafayette St"", ""release"": ""2026-07-22.0"", ""website"": ""https://locators.bankofamerica.com/ny/newyork/atm-new-york-107919.html"", ""category"": ""atm_bank"", ""state_raw"": ""NY"", ""observed_at"": ""2026-07-22T00:00:00+00:00"", ""src_confidence"": 0.9931, ""category_source"": ""bank_credit_union"", ""source_record_id"": ""17ea7965-0027-4028-98c9-c3043db1c262""}}",'america':3 'atm':4 'bank':1 'new':5 'york':6,2026-07-22 00:00:00+00,overture,62,likely_open,95,50,0,{}
biz_432c1a3e0809b4a4,TD Bank,atm_bank,,40.72706604003906,-73.99541473388672,POINT(-73.99541473388672 40.72706604003906),666 Broadway Bond & Broadway,New York,NY,10012,,2125055959,http://www.tdbank.com/,{overture},,businesses_conflate,1100,2026-07-22 18:44:37.477175+00,2026-07-22 00:00:00+00,73,65,100,75,50,{},"{""overture"": {""lat"": 40.72706604003906, ""lon"": -73.99541473388672, ""zip"": ""10012"", ""city"": ""New York"", ""name"": ""TD Bank"", ""brand"": null, ""phone"": ""2125055959"", ""state"": ""NY"", ""address"": ""666 Broadway Bond & Broadway"", ""release"": ""2026-07-22.0"", ""website"": ""http://www.tdbank.com/"", ""category"": ""atm_bank"", ""state_raw"": ""NY"", ""observed_at"": ""2026-07-22T00:00:00+00:00"", ""src_confidence"": 0.85, ""category_source"": ""bank_credit_union"", ""source_record_id"": ""9541dc71-1d6e-44ad-97b6-f602ca3ce5eb""}}",'bank':2 'new':3 'td':1 'york':4,2026-07-22 00:00:00+00,overture,62,likely_open,95,50,0,{}
biz_4357a0937f25ddef,Drift In,restaurant,,40.73291015625,-74.01060485839844,POINT(-74.01060485839844 40.73291015625),389 West St,New York,NY,10014-2817,,+16468600964,http://www.driftin.nyc/,{overture},,businesses_conflate,1100,2026-07-22 18:44:37.477175+00,2026-07-22 00:00:00+00,73,65,100,75,50,{},"{""overture"": {""lat"": 40.73291015625, ""lon"": -74.01060485839844, ""zip"": ""10014-2817"", ""city"": ""New York"", ""name"": ""Drift In"", ""brand"": null, ""phone"": ""+16468600964"", ""state"": ""NY"", ""address"": ""389 West St"", ""release"": ""2026-07-22.0"", ""website"": ""http://www.driftin.nyc/"", ""category"": ""restaurant"", ""state_raw"": ""NY"", ""observed_at"": ""2026-07-22T00:00:00+00:00"", ""src_confidence"": 0.9845470786094666, ""category_source"": ""restaurant"", ""source_record_id"": ""ca7b1234-2845-4aa6-88ac-6e0afe97af5c""}}",'drift':1 'new':3 'york':4,2026-07-22 00:00:00+00,overture,62,likely_open,95,50,0,{}
biz_435b903368b5586b,Jj Newport Center Limited Liability Company,restaurant,,40.7365837097168,-74.00007629394531,POINT(-74.00007629394531 40.7365837097168),1 Penn Plz Ste 1612,New York,NY,10119-1603,,,,{overture},,businesses_conflate,1100,2026-07-22 18:44:37.477175+00,2026-07-22 00:00:00+00,68,65,100,50,50,{},"{""overture"": {""lat"": 40.7365837097168, ""lon"": -74.00007629394531, ""zip"": ""10119-1603"", ""city"": ""New York"", ""name"": ""Jj Newport Center Limited Liability Company"", ""brand"": null, ""phone"": null, ""state"": ""NY"", ""address"": ""1 Penn Plz Ste 1612"", ""release"": ""2026-07-22.0"", ""website"": null, ""category"": ""restaurant"", ""state_raw"": ""NY"", ""observed_at"": ""2026-07-22T00:00:00+00:00"", ""src_confidence"": 0.95, ""category_source"": ""restaurant"", ""source_record_id"": ""e3cf790b-18bc-40ab-94da-125358d431ee""}}",'center':3 'compani':6 'jj':1 'liabil':5 'limit':4 'new':7 'newport':2 'york':8,2026-07-22 00:00:00+00,overture,62,likely_open,95,50,0,{}
biz_435ddcf31fe20601,Chase Bank,atm_bank,Chase,40.728660583496094,-74.03510284423828,POINT(-74.03510284423828 40.728660583496094),575 Washington Blvd,Jersey City,NJ,07310-1616,,+12015955065,https://locator.chase.com/nj/jersey-city/575-washington-blvd?jp_cmp=rb%2FLocalListings%2Faff%2Fbranch%2Fna&y_source=1_MjAzODEyMi01NTktbG9jYXRpb24ud2Vic2l0ZQ%3D%3D,{overture},,businesses_conflate,1100,2026-07-22 18:44:37.477175+00,2026-07-22 00:00:00+00,78,65,100,100,50,{},"{""overture"": {""lat"": 40.728660583496094, ""lon"": -74.03510284423828, ""zip"": ""07310-1616"", ""city"": ""Jersey City"", ""name"": ""Chase Bank"", ""brand"": ""Chase"", ""phone"": ""+12015955065"", ""state"": ""NJ"", ""address"": ""575 Washington Blvd"", ""release"": ""2026-07-22.0"", ""website"": ""https://locator.chase.com/nj/jersey-city/575-washington-blvd?jp_cmp=rb%2FLocalListings%2Faff%2Fbranch%2Fna&y_source=1_MjAzODEyMi01NTktbG9jYXRpb24ud2Vic2l0ZQ%3D%3D"", ""category"": ""atm_bank"", ""state_raw"": ""NJ"", ""observed_at"": ""2026-07-22T00:00:00+00:00"", ""src_confidence"": 0.9998679356098175, ""category_source"": ""bank_credit_union"", ""source_record_id"": ""ef5d8074-b0b5-4d78-ba86-4611149b7c9a""}}","'bank':2 'chase':1,3 'citi':5 'jersey':4",2026-07-22 00:00:00+00,overture,62,likely_open,95,50,0,{}
biz_437ea7dd900562fa,Starbucks,cafe,Starbucks,40.70683670043945,-74.01286315917969,POINT(-74.01286315917969 40.70683670043945),55 Broadway,New York,NY,10006-3008,,+12122487487,https://www.starbucks.com/store-locator/store/1021354,{overture},,businesses_conflate,1100,2026-07-22 18:44:37.477175+00,2026-07-22 00:00:00+00,78,65,100,100,50,{},"{""overture"": {""lat"": 40.70683670043945, ""lon"": -74.01286315917969, ""zip"": ""10006-3008"", ""city"": ""New York"", ""name"": ""Starbucks"", ""brand"": ""Starbucks"", ""phone"": ""+12122487487"", ""state"": ""NY"", ""address"": ""55 Broadway"", ""release"": ""2026-07-22.0"", ""website"": ""https://www.starbucks.com/store-locator/store/1021354"", ""category"": ""cafe"", ""state_raw"": ""NY"", ""observed_at"": ""2026-07-22T00:00:00+00:00"", ""src_confidence"": 0.9785546660423279, ""category_source"": ""coffee_shop"", ""source_record_id"": ""7a93d9ff-ca33-468e-9e80-4131d1d8ee91""}}","'new':3 'starbuck':1,2 'york':4",2026-07-22 00:00:00+00,overture,62,likely_open,95,50,0,{}
biz_4393c079bcc57fa6,Lafayette Espresso Bar + Marketplace,cafe,,40.720787048339844,-73.99852752685547,POINT(-73.99852752685547 40.720787048339844),189 Lafayette St,New York,NY,10013,,(212) 226-8812,http://www.lafayettenewyork.com,{overture},,businesses_conflate,1100,2026-07-22 18:44:37.477175+00,2026-07-22 00:00:00+00,73,65,100,75,50,{},"{""overture"": {""lat"": 40.720787048339844, ""lon"": -73.99852752685547, ""zip"": ""10013"", ""city"": ""New York"", ""name"": ""Lafayette Espresso Bar + Marketplace"", ""brand"": null, ""phone"": ""(212) 226-8812"", ""state"": ""NY"", ""address"": ""189 Lafayette St"", ""release"": ""2026-07-22.0"", ""website"": ""http://www.lafayettenewyork.com"", ""category"": ""cafe"", ""state_raw"": ""NY"", ""observed_at"": ""2026-07-22T00:00:00+00:00"", ""src_confidence"": 0.9199122190475464, ""category_source"": ""coffee_shop"", ""source_record_id"": ""fb74cdf1-2b00-4808-964c-e54de110b830""}}",'bar':3 'espresso':2 'lafayett':1 'marketplac':4 'new':5 'york':6,2026-07-22 00:00:00+00,overture,62,likely_open,95,50,0,{}
biz_439acdef66b69f6f,Arco Trionfo - New York,fuel_station,,40.73091506958008,-73.99735260009766,POINT(-73.99735260009766 40.73091506958008),,New York,NY,,,,,{overture},,businesses_conflate,1100,2026-07-22 18:44:37.477175+00,2026-07-22 00:00:00+00,60,65,100,13,50,{},"{""overture"": {""lat"": 40.73091506958008, ""lon"": -73.99735260009766, ""zip"": null, ""city"": ""New York"", ""name"": ""Arco Trionfo - New York"", ""brand"": null, ""phone"": null, ""state"": ""NY"", ""address"": null, ""release"": ""2026-07-22.0"", ""website"": null, ""category"": ""fuel_station"", ""state_raw"": ""NY"", ""observed_at"": ""2026-07-22T00:00:00+00:00"", ""src_confidence"": 0.8148424029350281, ""category_source"": ""gas_station"", ""source_record_id"": ""7a260c2b-9b6e-44a9-87de-9a41f01ed462""}}","'arco':1 'new':3,5 'trionfo':2 'york':4,6",2026-07-22 00:00:00+00,overture,62,likely_open,95,50,0,{}
biz_43a0276a57b5ed8d,Wells Fargo Bank,atm_bank,Wells Fargo Center Manila,40.70962142944336,-74.0064697265625,POINT(-74.0064697265625 40.70962142944336),45 Broadway,New York,NY,10006-3798,,+12125091085,http://www.wellsfargo.com/,{overture},,businesses_conflate,1100,2026-07-22 18:44:37.477175+00,2026-07-22 00:00:00+00,78,65,100,100,50,{},"{""overture"": {""lat"": 40.70962142944336, ""lon"": -74.0064697265625, ""zip"": ""10006-3798"", ""city"": ""New York"", ""name"": ""Wells Fargo Bank"", ""brand"": ""Wells Fargo Center Manila"", ""phone"": ""+12125091085"", ""state"": ""NY"", ""address"": ""45 Broadway"", ""release"": ""2026-07-22.0"", ""website"": ""http://www.wellsfargo.com/"", ""category"": ""atm_bank"", ""state_raw"": ""NY"", ""observed_at"": ""2026-07-22T00:00:00+00:00"", ""src_confidence"": 0.5864502787590027, ""category_source"": ""bank_credit_union"", ""source_record_id"": ""0f69e8bd-1bdc-4697-b58a-375b6047f73d""}}","'bank':3 'center':6 'fargo':2,5 'manila':7 'new':8 'well':1,4 'york':9",2026-07-22 00:00:00+00,overture,62,likely_open,95,50,0,{}
biz_43a9ad06cfdc6823,All Health Pharmacy,pharmacy,,40.717994689941406,-73.99687194824219,POINT(-73.99687194824219 40.717994689941406),118 Mott St,New York,NY,10013-4709,,12124314398,,{overture},,businesses_conflate,1100,2026-07-22 18:44:37.477175+00,2026-07-22 00:00:00+00,70,65,100,63,50,{},"{""overture"": {""lat"": 40.717994689941406, ""lon"": -73.99687194824219, ""zip"": ""10013-4709"", ""city"": ""New York"", ""name"": ""All Health Pharmacy"", ""brand"": null, ""phone"": ""12124314398"", ""state"": ""NY"", ""address"": ""118 Mott St"", ""release"": ""2026-07-22.0"", ""website"": null, ""category"": ""pharmacy"", ""state_raw"": ""NY"", ""observed_at"": ""2026-07-22T00:00:00+00:00"", ""src_confidence"": 0.75, ""category_source"": ""pharmacy"", ""source_record_id"": ""f06ab37f-bbed-4d6b-b035-bac9c8fb28a2""}}",'health':2 'new':4 'pharmaci':3 'york':5,2026-07-22 00:00:00+00,overture,62,likely_open,95,50,0,{}
biz_4403bd9be5e4608a,Uncle Evans Pizzeria Llc,restaurant,,40.847145080566406,-74.0372085571289,POINT(-74.0372085571289 40.847145080566406),107 Washington Ave,Little Ferry,NJ,07643-2008,,,,{overture},,businesses_conflate,1100,2026-07-22 18:44:37.477175+00,2026-07-22 00:00:00+00,68,65,100,50,50,{},"{""overture"": {""lat"": 40.847145080566406, ""lon"": -74.0372085571289, ""zip"": ""07643-2008"", ""city"": ""Little Ferry"", ""name"": ""Uncle Evans Pizzeria Llc"", ""brand"": null, ""phone"": null, ""state"": ""NJ"", ""address"": ""107 Washington Ave"", ""release"": ""2026-07-22.0"", ""website"": null, ""category"": ""restaurant"", ""state_raw"": ""NJ"", ""observed_at"": ""2026-07-22T00:00:00+00:00"", ""src_confidence"": 0.95, ""category_source"": ""restaurant"", ""source_record_id"": ""b57f0876-128a-494e-8357-5b73df97152a""}}",'evan':2 'ferri':6 'littl':5 'llc':4 'pizzeria':3 'uncl':1,2026-07-22 00:00:00+00,overture,62,likely_open,95,50,0,{}
biz_441530c23c871c24,Vodka Mariette,grocery,,40.72382354736328,-74.0032958984375,POINT(-74.0032958984375 40.72382354736328),54 Thompson St,New York,NY,10012-4308,,,https://www.vodkamariette.com,{overture},,businesses_conflate,1100,2026-07-22 18:44:37.477175+00,2026-07-22 00:00:00+00,70,65,100,63,50,{},"{""overture"": {""lat"": 40.72382354736328, ""lon"": -74.0032958984375, ""zip"": ""10012-4308"", ""city"": ""New York"", ""name"": ""Vodka Mariette"", ""brand"": null, ""phone"": null, ""state"": ""NY"", ""address"": ""54 Thompson St"", ""release"": ""2026-07-22.0"", ""website"": ""https://www.vodkamariette.com"", ""category"": ""grocery"", ""state_raw"": ""NY"", ""observed_at"": ""2026-07-22T00:00:00+00:00"", ""src_confidence"": 0.95, ""category_source"": ""grocery_store"", ""source_record_id"": ""c9267ab6-06aa-4284-84e0-5737a303d6ee""}}",'mariett':2 'new':3 'vodka':1 'york':4,2026-07-22 00:00:00+00,overture,62,likely_open,95,50,0,{}
biz_4419b973e7918425,C-Town Supermarkets,grocery,,40.71110916137695,-74.00038146972656,POINT(-74.00038146972656 40.71110916137695),5 Saint James Pl,New York,NY,10038,,2127325653,http://location.ctownsupermarkets.com/NY/NEW-YORK/41-267/,{overture},,businesses_conflate,1100,2026-07-22 18:44:37.477175+00,2026-07-22 00:00:00+00,73,65,100,75,50,{},"{""overture"": {""lat"": 40.71110916137695, ""lon"": -74.00038146972656, ""zip"": ""10038"", ""city"": ""New York"", ""name"": ""C-Town Supermarkets"", ""brand"": null, ""phone"": ""2127325653"", ""state"": ""NY"", ""address"": ""5 Saint James Pl"", ""release"": ""2026-07-22.0"", ""website"": ""http://location.ctownsupermarkets.com/NY/NEW-YORK/41-267/"", ""category"": ""grocery"", ""state_raw"": ""NY"", ""observed_at"": ""2026-07-22T00:00:00+00:00"", ""src_confidence"": 0.9893751012384892, ""category_source"": ""supermarket"", ""source_record_id"": ""08e62c4c-47d6-4736-82fe-956e514c1e91""}}",'c':2 'c-town':1 'new':5 'supermarket':4 'town':3 'york':6,2026-07-22 00:00:00+00,overture,62,likely_open,95,50,0,{}
biz_44538fba9d2feef7,"Slice & Co. Fine Gourmet Brick Oven Pizza, Inc",restaurant,,40.73731994628906,-73.99717712402344,POINT(-73.99717712402344 40.73731994628906),527 Avenue of the Americas,New York,NY,10011-8420,,,https://www.slicecofinegourmetbrickovenpizza.com,{overture},,businesses_conflate,1100,2026-07-22 18:44:37.477175+00,2026-07-22 00:00:00+00,70,65,100,63,50,{},"{""overture"": {""lat"": 40.73731994628906, ""lon"": -73.99717712402344, ""zip"": ""10011-8420"", ""city"": ""New York"", ""name"": ""Slice & Co. Fine Gourmet Brick Oven Pizza, Inc"", ""brand"": null, ""phone"": null, ""state"": ""NY"", ""address"": ""527 Avenue of the Americas"", ""release"": ""2026-07-22.0"", ""website"": ""https://www.slicecofinegourmetbrickovenpizza.com"", ""category"": ""restaurant"", ""state_raw"": ""NY"", ""observed_at"": ""2026-07-22T00:00:00+00:00"", ""src_confidence"": 0.9885, ""category_source"": ""restaurant"", ""source_record_id"": ""a071b27c-13dd-4b2e-98f2-e0c064a9070b""}}",'brick':5 'co':2 'fine':3 'gourmet':4 'inc':8 'new':9 'oven':6 'pizza':7 'slice':1 'york':10,2026-07-22 00:00:00+00,overture,62,likely_open,95,50,0,{}
biz_4461716824f3dd47,Luckin Coffee,cafe,,40.730560302734375,-73.99268341064453,POINT(-73.99268341064453 40.730560302734375),755 Broadway,New York,NY,10003,,+16469012267,https://luckincoffeeus.go.link/jyvH1,{overture},,businesses_conflate,1100,2026-07-22 18:44:37.477175+00,2026-07-22 00:00:00+00,73,65,100,75,50,{},"{""overture"": {""lat"": 40.730560302734375, ""lon"": -73.99268341064453, ""zip"": ""10003"", ""city"": ""New York"", ""name"": ""Luckin Coffee"", ""brand"": null, ""phone"": ""+16469012267"", ""state"": ""NY"", ""address"": ""755 Broadway"", ""release"": ""2026-07-22.0"", ""website"": ""https://luckincoffeeus.go.link/jyvH1"", ""category"": ""cafe"", ""state_raw"": ""NY"", ""observed_at"": ""2026-07-22T00:00:00+00:00"", ""src_confidence"": 0.9722161889076233, ""category_source"": ""coffee_shop"", ""source_record_id"": ""501c104b-7c30-456f-bb1d-8329cb24429f""}}",'coffe':2 'luckin':1 'new':3 'york':4,2026-07-22 00:00:00+00,overture,62,likely_open,95,50,0,{}
biz_44e9b143ed802372,55 Fulton Market,grocery,,40.70871353149414,-74.00472259521484,POINT(-74.00472259521484 40.70871353149414),55 Fulton St,New York,NY,10038-1821,,+16465819261,http://55fultonmarket.com/,{overture},,businesses_conflate,1100,2026-07-22 18:44:37.477175+00,2026-07-22 00:00:00+00,73,65,100,75,50,{},"{""overture"": {""lat"": 40.70871353149414, ""lon"": -74.00472259521484, ""zip"": ""10038-1821"", ""city"": ""New York"", ""name"": ""55 Fulton Market"", ""brand"": null, ""phone"": ""+16465819261"", ""state"": ""NY"", ""address"": ""55 Fulton St"", ""release"": ""2026-07-22.0"", ""website"": ""http://55fultonmarket.com/"", ""category"": ""grocery"", ""state_raw"": ""NY"", ""observed_at"": ""2026-07-22T00:00:00+00:00"", ""src_confidence"": 0.9783471822738647, ""category_source"": ""grocery_store"", ""source_record_id"": ""40432c5d-9692-4087-8279-70cdd5addb15""}}",'55':1 'fulton':2 'market':3 'new':4 'york':5,2026-07-22 00:00:00+00,overture,62,likely_open,95,50,0,{}
biz_4501d5d9f4df41d4,Caravan Uyghur Cuisine,restaurant,,40.707496643066406,-74.00483703613281,POINT(-74.00483703613281 40.707496643066406),200 Water St,New York,NY,10038-3555,,+19172617445,,{overture},,businesses_conflate,1100,2026-07-22 18:44:37.477175+00,2026-07-22 00:00:00+00,70,65,100,63,50,{},"{""overture"": {""lat"": 40.707496643066406, ""lon"": -74.00483703613281, ""zip"": ""10038-3555"", ""city"": ""New York"", ""name"": ""Caravan Uyghur Cuisine"", ""brand"": null, ""phone"": ""+19172617445"", ""state"": ""NY"", ""address"": ""200 Water St"", ""release"": ""2026-07-22.0"", ""website"": null, ""category"": ""restaurant"", ""state_raw"": ""NY"", ""observed_at"": ""2026-07-22T00:00:00+00:00"", ""src_confidence"": 0.988650918006897, ""category_source"": ""restaurant"", ""source_record_id"": ""91372fd8-be69-4fca-adbe-8145990494f5""}}",'caravan':1 'cuisin':3 'new':4 'uyghur':2 'york':5,2026-07-22 00:00:00+00,overture,62,likely_open,95,50,0,{}
biz_45132afdbf23a938,Old Xi' An Delicacies Inc,restaurant,,40.70589828491211,-74.0074462890625,POINT(-74.0074462890625 40.70589828491211),164 Pearl St Ste 10,New York,NY,10005-1604,,,,{overture},,businesses_conflate,1100,2026-07-22 18:44:37.477175+00,2026-07-22 00:00:00+00,68,65,100,50,50,{},"{""overture"": {""lat"": 40.70589828491211, ""lon"": -74.0074462890625, ""zip"": ""10005-1604"", ""city"": ""New York"", ""name"": ""Old Xi' An Delicacies Inc"", ""brand"": null, ""phone"": null, ""state"": ""NY"", ""address"": ""164 Pearl St Ste 10"", ""release"": ""2026-07-22.0"", ""website"": null, ""category"": ""restaurant"", ""state_raw"": ""NY"", ""observed_at"": ""2026-07-22T00:00:00+00:00"", ""src_confidence"": 0.9902192950248718, ""category_source"": ""restaurant"", ""source_record_id"": ""64d3c896-7f22-43f5-8e1b-76c3d7fb0868""}}",'delicaci':4 'inc':5 'new':6 'old':1 'xi':2 'york':7,2026-07-22 00:00:00+00,overture,62,likely_open,95,50,0,{}
biz_453dcbe86cdd5db3,Black Fox Coffee 110 Wall Llc,restaurant,,40.70490646362305,-74.00635528564453,POINT(-74.00635528564453 40.70490646362305),110 Wall St,New York,NY,10005-3801,,,,{overture},,businesses_conflate,1100,2026-07-22 18:44:37.477175+00,2026-07-22 00:00:00+00,68,65,100,50,50,{},"{""overture"": {""lat"": 40.70490646362305, ""lon"": -74.00635528564453, ""zip"": ""10005-3801"", ""city"": ""New York"", ""name"": ""Black Fox Coffee 110 Wall Llc"", ""brand"": null, ""phone"": null, ""state"": ""NY"", ""address"": ""110 Wall St"", ""release"": ""2026-07-22.0"", ""website"": null, ""category"": ""restaurant"", ""state_raw"": ""NY"", ""observed_at"": ""2026-07-22T00:00:00+00:00"", ""src_confidence"": 0.95, ""category_source"": ""restaurant"", ""source_record_id"": ""872bb5c5-18b0-485f-b02b-1f968f35f7e7""}}",'110':4 'black':1 'coffe':3 'fox':2 'llc':6 'new':7 'wall':5 'york':8,2026-07-22 00:00:00+00,overture,62,likely_open,95,50,0,{}
biz_453eea47ab7c3d63,Blue Bottle Coffee,cafe,,40.72987747192383,-73.99263000488281,POINT(-73.99263000488281 40.72987747192383),2 Astor Pl,New York,NY,10003,,(510) 653-3394,https://bluebottlecoffee.com,{overture},,businesses_conflate,1100,2026-07-22 18:44:37.477175+00,2026-07-22 00:00:00+00,73,65,100,75,50,{},"{""overture"": {""lat"": 40.72987747192383, ""lon"": -73.99263000488281, ""zip"": ""10003"", ""city"": ""New York"", ""name"": ""Blue Bottle Coffee"", ""brand"": null, ""phone"": ""(510) 653-3394"", ""state"": ""NY"", ""address"": ""2 Astor Pl"", ""release"": ""2026-07-22.0"", ""website"": ""https://bluebottlecoffee.com"", ""category"": ""cafe"", ""state_raw"": ""NY"", ""observed_at"": ""2026-07-22T00:00:00+00:00"", ""src_confidence"": 0.9199122190475464, ""category_source"": ""coffee_shop"", ""source_record_id"": ""f378e91f-22cc-49dd-aed7-ed11536443ad""}}",'blue':1 'bottl':2 'coffe':3 'new':4 'york':5,2026-07-22 00:00:00+00,overture,62,likely_open,95,50,0,{}
biz_4549bbe320b09406,Universal Fast Food Organization Inc,restaurant,,40.709163665771484,-74.01006317138672,POINT(-74.01006317138672 40.709163665771484),150 Broadway Rm 800,New York,NY,10038-4381,,,,{overture},,businesses_conflate,1100,2026-07-22 18:44:37.477175+00,2026-07-22 00:00:00+00,68,65,100,50,50,{},"{""overture"": {""lat"": 40.709163665771484, ""lon"": -74.01006317138672, ""zip"": ""10038-4381"", ""city"": ""New York"", ""name"": ""Universal Fast Food Organization Inc"", ""brand"": null, ""phone"": null, ""state"": ""NY"", ""address"": ""150 Broadway Rm 800"", ""release"": ""2026-07-22.0"", ""website"": null, ""category"": ""restaurant"", ""state_raw"": ""NY"", ""observed_at"": ""2026-07-22T00:00:00+00:00"", ""src_confidence"": 0.95, ""category_source"": ""restaurant"", ""source_record_id"": ""612d9fae-8906-4f4f-94d8-bd5cdb34e908""}}",'fast':2 'food':3 'inc':5 'new':6 'organ':4 'univers':1 'york':7,2026-07-22 00:00:00+00,overture,62,likely_open,95,50,0,{}
biz_458376b46b8263e2,Cafe Gusto,cafe,Gusto!,40.71609115600586,-74.00402069091797,POINT(-74.00402069091797 40.71609115600586),111 Worth St,New York,NY,10013-4008,,+12123741000,http://www.cafegustotogo.com,{overture},,businesses_conflate,1100,2026-07-22 18:44:37.477175+00,2026-07-22 00:00:00+00,78,65,100,100,50,{},"{""overture"": {""lat"": 40.71609115600586, ""lon"": -74.00402069091797, ""zip"": ""10013-4008"", ""city"": ""New York"", ""name"": ""Cafe Gusto"", ""brand"": ""Gusto!"", ""phone"": ""+12123741000"", ""state"": ""NY"", ""address"": ""111 Worth St"", ""release"": ""2026-07-22.0"", ""website"": ""http://www.cafegustotogo.com"", ""category"": ""cafe"", ""state_raw"": ""NY"", ""observed_at"": ""2026-07-22T00:00:00+00:00"", ""src_confidence"": 0.9902192950248718, ""category_source"": ""cafe"", ""source_record_id"": ""d3f1789e-76d4-48db-b054-f83edcb2357d""}}","'cafe':1 'gusto':2,3 'new':4 'york':5",2026-07-22 00:00:00+00,overture,62,likely_open,95,50,0,{}
biz_458a64ea8f3a9fa4,Shell,fuel_station,Shell,40.73139190673828,-74.03987884521484,POINT(-74.03987884521484 40.73139190673828),164 14th St,Jersey City,NJ,07310-1204,,+12012229471,https://find.shell.com/us/fuel/10009638-164-14th-st,{overture},,businesses_conflate,1100,2026-07-22 18:44:37.477175+00,2026-07-22 00:00:00+00,78,65,100,100,50,{},"{""overture"": {""lat"": 40.73139190673828, ""lon"": -74.03987884521484, ""zip"": ""07310-1204"", ""city"": ""Jersey City"", ""name"": ""Shell"", ""brand"": ""Shell"", ""phone"": ""+12012229471"", ""state"": ""NJ"", ""address"": ""164 14th St"", ""release"": ""2026-07-22.0"", ""website"": ""https://find.shell.com/us/fuel/10009638-164-14th-st"", ""category"": ""fuel_station"", ""state_raw"": ""NJ"", ""observed_at"": ""2026-07-22T00:00:00+00:00"", ""src_confidence"": 0.9947139620780945, ""category_source"": ""gas_station"", ""source_record_id"": ""5ebb6c6e-5c55-435a-9505-c73d4435b597""}}","'citi':4 'jersey':3 'shell':1,2",2026-08-11 21:11:13+00,chain_sites,93,open,99,80,100,"{""chain_confirmed:Penske Truck Rental""}"
biz_4596c18017825173,Gourmesso Coffee,cafe,,40.705726623535156,-74.01022338867188,POINT(-74.01022338867188 40.705726623535156),40 Exchange Pl,New York,NY,10005-2700,,+13477651330,https://www.gourmesso.com,{overture},,businesses_conflate,1100,2026-07-22 18:44:37.477175+00,2026-07-22 00:00:00+00,73,65,100,75,50,{},"{""overture"": {""lat"": 40.705726623535156, ""lon"": -74.01022338867188, ""zip"": ""10005-2700"", ""city"": ""New York"", ""name"": ""Gourmesso Coffee"", ""brand"": null, ""phone"": ""+13477651330"", ""state"": ""NY"", ""address"": ""40 Exchange Pl"", ""release"": ""2026-07-22.0"", ""website"": ""https://www.gourmesso.com"", ""category"": ""cafe"", ""state_raw"": ""NY"", ""observed_at"": ""2026-07-22T00:00:00+00:00"", ""src_confidence"": 0.35103344917297363, ""category_source"": ""coffee_shop"", ""source_record_id"": ""dcfb6d48-0887-4c1b-b692-5fb1424c9234""}}",'coffe':2 'gourmesso':1 'new':3 'york':4,2026-07-22 00:00:00+00,overture,62,likely_open,95,50,0,{}
biz_45b8a0960277224e,Cafe 201,restaurant,,40.72831726074219,-74.00555419921875,POINT(-74.00555419921875 40.72831726074219),201 Varick St,New York,NY,10014-4811,,,,{overture},,businesses_conflate,1100,2026-07-22 18:44:37.477175+00,2026-07-22 00:00:00+00,68,65,100,50,50,{},"{""overture"": {""lat"": 40.72831726074219, ""lon"": -74.00555419921875, ""zip"": ""10014-4811"", ""city"": ""New York"", ""name"": ""Cafe 201"", ""brand"": null, ""phone"": null, ""state"": ""NY"", ""address"": ""201 Varick St"", ""release"": ""2026-07-22.0"", ""website"": null, ""category"": ""restaurant"", ""state_raw"": ""NY"", ""observed_at"": ""2026-07-22T00:00:00+00:00"", ""src_confidence"": 0.95, ""category_source"": ""restaurant"", ""source_record_id"": ""da69f511-957e-4057-a548-bf447ae40507""}}",'201':2 'cafe':1 'new':3 'york':4,2026-07-22 00:00:00+00,overture,62,likely_open,95,50,0,{}
biz_45bc8354d1bac1da,All Market,grocery,,40.736995697021484,-73.99542236328125,POINT(-73.99542236328125 40.736995697021484),39 W 14th St Ste 404,New York,NY,10011-7404,,+12122060763,,{overture},,businesses_conflate,1100,2026-07-22 18:44:37.477175+00,2026-07-22 00:00:00+00,70,65,100,63,50,{},"{""overture"": {""lat"": 40.736995697021484, ""lon"": -73.99542236328125, ""zip"": ""10011-7404"", ""city"": ""New York"", ""name"": ""All Market"", ""brand"": null, ""phone"": ""+12122060763"", ""state"": ""NY"", ""address"": ""39 W 14th St Ste 404"", ""release"": ""2026-07-22.0"", ""website"": null, ""category"": ""grocery"", ""state_raw"": ""NY"", ""observed_at"": ""2026-07-22T00:00:00+00:00"", ""src_confidence"": 0.55, ""category_source"": ""grocery_store"", ""source_record_id"": ""db4cb4ac-940a-4d66-a1b1-18a18e7995a0""}}",'market':2 'new':3 'york':4,2026-07-22 00:00:00+00,overture,62,likely_open,95,50,0,{}
biz_45d4a50cd89bf7ac,"Snack Company Bedford, Llc.",restaurant,,40.731021881103516,-74.0047836303711,POINT(-74.0047836303711 40.731021881103516),63 Bedford St,New York,NY,10014-4011,,+12129293499,,{overture},,businesses_conflate,1100,2026-07-22 18:44:37.477175+00,2026-07-22 00:00:00+00,70,65,100,63,50,{},"{""overture"": {""lat"": 40.731021881103516, ""lon"": -74.0047836303711, ""zip"": ""10014-4011"", ""city"": ""New York"", ""name"": ""Snack Company Bedford, Llc."", ""brand"": null, ""phone"": ""+12129293499"", ""state"": ""NY"", ""address"": ""63 Bedford St"", ""release"": ""2026-07-22.0"", ""website"": null, ""category"": ""restaurant"", ""state_raw"": ""NY"", ""observed_at"": ""2026-07-22T00:00:00+00:00"", ""src_confidence"": 0.9529806971549988, ""category_source"": ""restaurant"", ""source_record_id"": ""3668039d-7d0d-4f42-aac6-598671f2b3fc""}}",'bedford':3 'compani':2 'llc':4 'new':5 'snack':1 'york':6,2026-07-22 00:00:00+00,overture,62,likely_open,95,50,0,{}
biz_4613d75808767790,Vixens Star,hotel,,40.71366882324219,-74.00990295410156,POINT(-74.00990295410156 40.71366882324219),45 Park Pl,New York,NY,10007-2485,,+16098823412,,{overture},,businesses_conflate,1100,2026-07-22 18:44:37.477175+00,2026-07-22 00:00:00+00,70,65,100,63,50,{},"{""overture"": {""lat"": 40.71366882324219, ""lon"": -74.00990295410156, ""zip"": ""10007-2485"", ""city"": ""New York"", ""name"": ""Vixens Star"", ""brand"": null, ""phone"": ""+16098823412"", ""state"": ""NY"", ""address"": ""45 Park Pl"", ""release"": ""2026-07-22.0"", ""website"": null, ""category"": ""hotel"", ""state_raw"": ""NY"", ""observed_at"": ""2026-07-22T00:00:00+00:00"", ""src_confidence"": 0.6363428831100464, ""category_source"": ""hotel"", ""source_record_id"": ""e2811275-46b4-477e-b8f2-12b27bcfa5ad""}}",'new':3 'star':2 'vixen':1 'york':4,2026-07-22 00:00:00+00,overture,62,likely_open,95,50,0,{}
biz_4614f5a0590a96e6,Pasta Bistro Grill,restaurant,,40.72939682006836,-74.00116729736328,POINT(-74.00116729736328 40.72939682006836),93 Macdougal St,New York,NY,10012-1257,,+12122605679,,{overture},,businesses_conflate,1100,2026-07-22 18:44:37.477175+00,2026-07-22 00:00:00+00,70,65,100,63,50,{},"{""overture"": {""lat"": 40.72939682006836, ""lon"": -74.00116729736328, ""zip"": ""10012-1257"", ""city"": ""New York"", ""name"": ""Pasta Bistro Grill"", ""brand"": null, ""phone"": ""+12122605679"", ""state"": ""NY"", ""address"": ""93 Macdougal St"", ""release"": ""2026-07-22.0"", ""website"": null, ""category"": ""restaurant"", ""state_raw"": ""NY"", ""observed_at"": ""2026-07-22T00:00:00+00:00"", ""src_confidence"": 0.55, ""category_source"": ""restaurant"", ""source_record_id"": ""fe17f06c-00d0-4728-82d7-f850baac98c7""}}",'bistro':2 'grill':3 'new':4 'pasta':1 'york':5,2026-07-22 00:00:00+00,overture,62,likely_open,95,50,0,{}
biz_46189dd1349b9fbe,Cafe Lucca,restaurant,,40.72998809814453,-74.00245666503906,POINT(-74.00245666503906 40.72998809814453),228 Bleecker St,New York,NY,10014,,(212) 675-7331,http://www.cafelucca.com,{overture},,businesses_conflate,1100,2026-07-22 18:44:37.477175+00,2026-07-22 00:00:00+00,73,65,100,75,50,{},"{""overture"": {""lat"": 40.72998809814453, ""lon"": -74.00245666503906, ""zip"": ""10014"", ""city"": ""New York"", ""name"": ""Cafe Lucca"", ""brand"": null, ""phone"": ""(212) 675-7331"", ""state"": ""NY"", ""address"": ""228 Bleecker St"", ""release"": ""2026-07-22.0"", ""website"": ""http://www.cafelucca.com"", ""category"": ""restaurant"", ""state_raw"": ""NY"", ""observed_at"": ""2026-07-22T00:00:00+00:00"", ""src_confidence"": 0.9199122190475464, ""category_source"": ""restaurant"", ""source_record_id"": ""df8f4fdb-577d-4740-86c5-0cc4bc773cab""}}",'cafe':1 'lucca':2 'new':3 'york':4,2026-07-22 00:00:00+00,overture,62,likely_open,95,50,0,{}
biz_461c4b833a67479d,Bleu Coffee,cafe,,40.72554397583008,-74.0013656616211,POINT(-74.0013656616211 40.72554397583008),430 W Broadway,New York,NY,10012,,(646) 360-0716,http://www.bleucoffee.com,{overture},,businesses_conflate,1100,2026-07-22 18:44:37.477175+00,2026-07-22 00:00:00+00,73,65,100,75,50,{},"{""overture"": {""lat"": 40.72554397583008, ""lon"": -74.0013656616211, ""zip"": ""10012"", ""city"": ""New York"", ""name"": ""Bleu Coffee"", ""brand"": null, ""phone"": ""(646) 360-0716"", ""state"": ""NY"", ""address"": ""430 W Broadway"", ""release"": ""2026-07-22.0"", ""website"": ""http://www.bleucoffee.com"", ""category"": ""cafe"", ""state_raw"": ""NY"", ""observed_at"": ""2026-07-22T00:00:00+00:00"", ""src_confidence"": 0.9533465504646301, ""category_source"": ""coffee_shop"", ""source_record_id"": ""a319c1e9-99f7-49a6-a7b5-422e7798b7dd""}}",'bleu':1 'coffe':2 'new':3 'york':4,2026-07-22 00:00:00+00,overture,62,likely_open,95,50,0,{}
biz_464b6d5a5ddf7263,Romae West Village ,restaurant,,40.73167419433594,-74.00369262695312,POINT(-74.00369262695312 40.73167419433594),57 7th Ave S,New York,NY,10014-6711,,+19172614422,https://romaenyc.com/,{overture},,businesses_conflate,1100,2026-07-22 18:44:37.477175+00,2026-07-22 00:00:00+00,73,65,100,75,50,{},"{""overture"": {""lat"": 40.73167419433594, ""lon"": -74.00369262695312, ""zip"": ""10014-6711"", ""city"": ""New York"", ""name"": ""Romae West Village "", ""brand"": null, ""phone"": ""+19172614422"", ""state"": ""NY"", ""address"": ""57 7th Ave S"", ""release"": ""2026-07-22.0"", ""website"": ""https://romaenyc.com/"", ""category"": ""restaurant"", ""state_raw"": ""NY"", ""observed_at"": ""2026-07-22T00:00:00+00:00"", ""src_confidence"": 0.35559239983558655, ""category_source"": ""restaurant"", ""source_record_id"": ""afc3a649-d388-4443-8d5b-bf116a748a61""}}",'new':4 'roma':1 'villag':3 'west':2 'york':5,2026-07-22 00:00:00+00,overture,62,likely_open,95,50,0,{}
biz_464b8070ac442680,Dunkin' Donuts,cafe,,40.71107864379883,-74.00668334960938,POINT(-74.00668334960938 40.71107864379883),132 Nassau St,New York,NY,10038,,2127666586,"",{overture},,businesses_conflate,1100,2026-07-22 18:44:37.477175+00,2026-07-22 00:00:00+00,73,65,100,75,50,{},"{""overture"": {""lat"": 40.71107864379883, ""lon"": -74.00668334960938, ""zip"": ""10038"", ""city"": ""New York"", ""name"": ""Dunkin' Donuts"", ""brand"": null, ""phone"": ""2127666586"", ""state"": ""NY"", ""address"": ""132 Nassau St"", ""release"": ""2026-07-22.0"", ""website"": """", ""category"": ""cafe"", ""state_raw"": ""NY"", ""observed_at"": ""2026-07-22T00:00:00+00:00"", ""src_confidence"": 0.9727244973182678, ""category_source"": ""coffee_shop"", ""source_record_id"": ""c6f76ae8-b997-4e4a-b668-1c4f81f36c9f""}}",'donut':2 'dunkin':1 'new':3 'york':4,2026-07-22 00:00:00+00,overture,62,likely_open,95,50,0,{}
biz_464e144face80a4a,325 Burger Corp,restaurant,,40.71617126464844,-74.00501251220703,POINT(-74.00501251220703 40.71617126464844),325 Broadway,New York,NY,10007-1112,,,,{overture},,businesses_conflate,1100,2026-07-22 18:44:37.477175+00,2026-07-22 00:00:00+00,68,65,100,50,50,{},"{""overture"": {""lat"": 40.71617126464844, ""lon"": -74.00501251220703, ""zip"": ""10007-1112"", ""city"": ""New York"", ""name"": ""325 Burger Corp"", ""brand"": null, ""phone"": null, ""state"": ""NY"", ""address"": ""325 Broadway"", ""release"": ""2026-07-22.0"", ""website"": null, ""category"": ""restaurant"", ""state_raw"": ""NY"", ""observed_at"": ""2026-07-22T00:00:00+00:00"", ""src_confidence"": 0.95, ""category_source"": ""restaurant"", ""source_record_id"": ""46da99f9-7db0-4a3b-85c7-67f2efe97cc8""}}",'325':1 'burger':2 'corp':3 'new':4 'york':5,2026-07-22 00:00:00+00,overture,62,likely_open,95,50,0,{}
biz_465084846afd82f2,Pretzelmaker Treatware Demo Vendor,fast_food,Pretzelmaker,40.71274185180664,-74.01338195800781,POINT(-74.01338195800781 40.71274185180664),1 World Trade Center,New York,NY,10007,,,,{overture},,businesses_conflate,1100,2026-07-22 18:44:37.477175+00,2026-07-22 00:00:00+00,73,65,100,75,50,{},"{""overture"": {""lat"": 40.71274185180664, ""lon"": -74.01338195800781, ""zip"": ""10007"", ""city"": ""New York"", ""name"": ""Pretzelmaker Treatware Demo Vendor"", ""brand"": ""Pretzelmaker"", ""phone"": null, ""state"": ""NY"", ""address"": ""1 World Trade Center"", ""release"": ""2026-07-22.0"", ""website"": null, ""category"": ""fast_food"", ""state_raw"": ""NY"", ""observed_at"": ""2026-07-22T00:00:00+00:00"", ""src_confidence"": 0.8, ""category_source"": ""fast_food_restaurant"", ""source_record_id"": ""7b54adc5-6369-4532-a8f2-6443544a36e3""}}","'demo':3 'new':6 'pretzelmak':1,5 'treatwar':2 'vendor':4 'york':7",2026-07-22 00:00:00+00,overture,62,likely_open,95,50,0,{}
biz_467347cc87071858,Residence Inn by Marriott New York Downtown Manhattan/Financial District,hotel,Residence Inn by Marriott,40.70723342895508,-74.00631713867188,POINT(-74.00631713867188 40.70723342895508),215 Pearl St,New York,NY,10038,,+16469289980,https://www.marriott.com/en-us/hotels/nyclr-residence-inn-new-york-downtown-manhattan-financial-district/overview/?scid=d2406702-e8ea-4b45-bb9b-69cddaaef03d,{overture},,businesses_conflate,1100,2026-07-22 18:44:37.477175+00,2026-07-22 00:00:00+00,78,65,100,100,50,{},"{""overture"": {""lat"": 40.70723342895508, ""lon"": -74.00631713867188, ""zip"": ""10038"", ""city"": ""New York"", ""name"": ""Residence Inn by Marriott New York Downtown Manhattan/Financial District"", ""brand"": ""Residence Inn by Marriott"", ""phone"": ""+16469289980"", ""state"": ""NY"", ""address"": ""215 Pearl St"", ""release"": ""2026-07-22.0"", ""website"": ""https://www.marriott.com/en-us/hotels/nyclr-residence-inn-new-york-downtown-manhattan-financial-district/overview/?scid=d2406702-e8ea-4b45-bb9b-69cddaaef03d"", ""category"": ""hotel"", ""state_raw"": ""NY"", ""observed_at"": ""2026-07-22T00:00:00+00:00"", ""src_confidence"": 0.9954754710197449, ""category_source"": ""hotel"", ""source_record_id"": ""f0c3b7f9-5f00-423b-9eaa-23937723b309""}}","'district':9 'downtown':7 'inn':2,11 'manhattan/financial':8 'marriott':4,13 'new':5,14 'resid':1,10 'york':6,15",2026-07-22 00:00:00+00,overture,62,likely_open,95,50,0,{}
biz_4692cdd1f285f6e1,Cafe 22,cafe,,40.73571014404297,-73.99185943603516,POINT(-73.99185943603516 40.73571014404297),5 Times Sq Fl 22,New York,NY,10036-0438,,,http://cafe22.ca,{overture},,businesses_conflate,1100,2026-07-22 18:44:37.477175+00,2026-07-22 00:00:00+00,70,65,100,63,50,{},"{""overture"": {""lat"": 40.73571014404297, ""lon"": -73.99185943603516, ""zip"": ""10036-0438"", ""city"": ""New York"", ""name"": ""Cafe 22"", ""brand"": null, ""phone"": null, ""state"": ""NY"", ""address"": ""5 Times Sq Fl 22"", ""release"": ""2026-07-22.0"", ""website"": ""http://cafe22.ca"", ""category"": ""cafe"", ""state_raw"": ""NY"", ""observed_at"": ""2026-07-22T00:00:00+00:00"", ""src_confidence"": 0.55, ""category_source"": ""cafe"", ""source_record_id"": ""a758b017-5003-41aa-a55f-94b2d06c927f""}}",'22':2 'cafe':1 'new':3 'york':4,2026-07-22 00:00:00+00,overture,62,likely_open,95,50,0,{}
biz_469aa438e3772eda,Lemage Inc,restaurant,,40.7255744934082,-73.99286651611328,POINT(-73.99286651611328 40.7255744934082),11 Bleecker St,New York,NY,10012-2402,,,,{overture},,businesses_conflate,1100,2026-07-22 18:44:37.477175+00,2026-07-22 00:00:00+00,68,65,100,50,50,{},"{""overture"": {""lat"": 40.7255744934082, ""lon"": -73.99286651611328, ""zip"": ""10012-2402"", ""city"": ""New York"", ""name"": ""Lemage Inc"", ""brand"": null, ""phone"": null, ""state"": ""NY"", ""address"": ""11 Bleecker St"", ""release"": ""2026-07-22.0"", ""website"": null, ""category"": ""restaurant"", ""state_raw"": ""NY"", ""observed_at"": ""2026-07-22T00:00:00+00:00"", ""src_confidence"": 0.95, ""category_source"": ""restaurant"", ""source_record_id"": ""eb38a48d-2608-4823-8e42-90b4d7d1589e""}}",'inc':2 'lemag':1 'new':3 'york':4,2026-07-22 00:00:00+00,overture,62,likely_open,95,50,0,{}
biz_46a677c25f5b608b,Tempus Financial Group,atm_bank,,40.70847702026367,-74.01060485839844,POINT(-74.01060485839844 40.70847702026367),120 Broadway 37th Fl,New York,NY,10271,,2127012592,https://www.tempus-financial.com/,{overture},,businesses_conflate,1100,2026-07-22 18:44:37.477175+00,2026-07-22 00:00:00+00,73,65,100,75,50,{},"{""overture"": {""lat"": 40.70847702026367, ""lon"": -74.01060485839844, ""zip"": ""10271"", ""city"": ""New York"", ""name"": ""Tempus Financial Group"", ""brand"": null, ""phone"": ""2127012592"", ""state"": ""NY"", ""address"": ""120 Broadway 37th Fl"", ""release"": ""2026-07-22.0"", ""website"": ""https://www.tempus-financial.com/"", ""category"": ""atm_bank"", ""state_raw"": ""NY"", ""observed_at"": ""2026-07-22T00:00:00+00:00"", ""src_confidence"": 0.9199122190475464, ""category_source"": ""bank_credit_union"", ""source_record_id"": ""5108a594-aef3-4cb4-b84f-e1538e83ce6d""}}",'financi':2 'group':3 'new':4 'tempus':1 'york':5,2026-07-22 00:00:00+00,overture,62,likely_open,95,50,0,{}
biz_46b2be4c877de609,Maggie's Farm Inc,restaurant,,40.72063064575195,-74.04381561279297,POINT(-74.04381561279297 40.72063064575195),146 Newark Ave,Jersey City,NJ,07302-2812,,,,{overture},,businesses_conflate,1100,2026-07-22 18:44:37.477175+00,2026-07-22 00:00:00+00,68,65,100,50,50,{},"{""overture"": {""lat"": 40.72063064575195, ""lon"": -74.04381561279297, ""zip"": ""07302-2812"", ""city"": ""Jersey City"", ""name"": ""Maggie's Farm Inc"", ""brand"": null, ""phone"": null, ""state"": ""NJ"", ""address"": ""146 Newark Ave"", ""release"": ""2026-07-22.0"", ""website"": null, ""category"": ""restaurant"", ""state_raw"": ""NJ"", ""observed_at"": ""2026-07-22T00:00:00+00:00"", ""src_confidence"": 0.95, ""category_source"": ""restaurant"", ""source_record_id"": ""09abb2d1-7e39-4100-b90f-64169da63355""}}",'citi':6 'farm':3 'inc':4 'jersey':5 'maggi':1,2026-07-22 00:00:00+00,overture,62,likely_open,95,50,0,{}
biz_46d9466261b654f3,Pizza Mr. Keto,restaurant,,40.710243225097656,-74.00341033935547,POINT(-74.00341033935547 40.710243225097656),100 Gold St,New York,NY,10038-1601,,+59176696517,https://wa.link/p7tm1t,{overture},,businesses_conflate,1100,2026-07-22 18:44:37.477175+00,2026-07-22 00:00:00+00,73,65,100,75,50,{},"{""overture"": {""lat"": 40.710243225097656, ""lon"": -74.00341033935547, ""zip"": ""10038-1601"", ""city"": ""New York"", ""name"": ""Pizza Mr. Keto"", ""brand"": null, ""phone"": ""+59176696517"", ""state"": ""NY"", ""address"": ""100 Gold St"", ""release"": ""2026-07-22.0"", ""website"": ""https://wa.link/p7tm1t"", ""category"": ""restaurant"", ""state_raw"": ""NY"", ""observed_at"": ""2026-07-22T00:00:00+00:00"", ""src_confidence"": 0.2802276611328125, ""category_source"": ""restaurant"", ""source_record_id"": ""f0026458-460e-4371-bcbd-550c0f1f45b9""}}",'keto':3 'mr':2 'new':4 'pizza':1 'york':5,2026-07-22 00:00:00+00,overture,62,likely_open,95,50,0,{}
biz_46e8ccb9cd5ae810,Lin's Restaurant,restaurant,,40.717620849609375,-73.9927978515625,POINT(-73.9927978515625 40.717620849609375),277 Grand St,New York,NY,10002-4468,,+12129655365,,{overture},,businesses_conflate,1100,2026-07-22 18:44:37.477175+00,2026-07-22 00:00:00+00,70,65,100,63,50,{},"{""overture"": {""lat"": 40.717620849609375, ""lon"": -73.9927978515625, ""zip"": ""10002-4468"", ""city"": ""New York"", ""name"": ""Lin's Restaurant"", ""brand"": null, ""phone"": ""+12129655365"", ""state"": ""NY"", ""address"": ""277 Grand St"", ""release"": ""2026-07-22.0"", ""website"": null, ""category"": ""restaurant"", ""state_raw"": ""NY"", ""observed_at"": ""2026-07-22T00:00:00+00:00"", ""src_confidence"": 0.55, ""category_source"": ""restaurant"", ""source_record_id"": ""610198e8-00cb-4ada-965d-069e54e05600""}}",'lin':1 'new':4 'restaur':3 'york':5,2026-07-22 00:00:00+00,overture,62,likely_open,95,50,0,{}
biz_471fbfa9312ffe57,Erie Lackawanna Railroad Co Employees Federal Credit Union,atm_bank,,40.73725128173828,-74.04278564453125,POINT(-74.04278564453125 40.73725128173828),50 Harrison St,Hoboken,NJ,07030-6020,,+12012228325,,{overture},,businesses_conflate,1100,2026-07-22 18:44:37.477175+00,2026-07-22 00:00:00+00,70,65,100,63,50,{},"{""overture"": {""lat"": 40.73725128173828, ""lon"": -74.04278564453125, ""zip"": ""07030-6020"", ""city"": ""Hoboken"", ""name"": ""Erie Lackawanna Railroad Co Employees Federal Credit Union"", ""brand"": null, ""phone"": ""+12012228325"", ""state"": ""NJ"", ""address"": ""50 Harrison St"", ""release"": ""2026-07-22.0"", ""website"": null, ""category"": ""atm_bank"", ""state_raw"": ""NJ"", ""observed_at"": ""2026-07-22T00:00:00+00:00"", ""src_confidence"": 0.4128609597682953, ""category_source"": ""bank_credit_union"", ""source_record_id"": ""af2dfd2a-6104-45b0-952a-500517d2a6e0""}}",'co':4 'credit':7 'employe':5 'eri':1 'feder':6 'hoboken':9 'lackawanna':2 'railroad':3 'union':8,2026-07-22 00:00:00+00,overture,62,likely_open,95,50,0,{}
biz_473aef11eea80897,Gregorys Coffee,cafe,Gregorys Coffee,40.73719787597656,-74.02873229980469,POINT(-74.02873229980469 40.73719787597656),111 River St,Hoboken,NJ,07030-5773,,+18772172750,https://www.gregoryscoffee.com/,{overture},,businesses_conflate,1100,2026-07-22 18:44:37.477175+00,2026-07-22 00:00:00+00,78,65,100,100,50,{},"{""overture"": {""lat"": 40.73719787597656, ""lon"": -74.02873229980469, ""zip"": ""07030-5773"", ""city"": ""Hoboken"", ""name"": ""Gregorys Coffee"", ""brand"": ""Gregorys Coffee"", ""phone"": ""+18772172750"", ""state"": ""NJ"", ""address"": ""111 River St"", ""release"": ""2026-07-22.0"", ""website"": ""https://www.gregoryscoffee.com/"", ""category"": ""cafe"", ""state_raw"": ""NJ"", ""observed_at"": ""2026-07-22T00:00:00+00:00"", ""src_confidence"": 0.9430409073829651, ""category_source"": ""coffee_shop"", ""source_record_id"": ""dffd4751-4dea-4b3a-b352-6ec8dc195b90""}}","'coffe':2,4 'gregori':1,3 'hoboken':5",2026-07-22 00:00:00+00,overture,62,likely_open,95,50,0,{}
biz_4743ea5cdb6474f4,One Two Cup Cafe,cafe,,40.71418762207031,-74.03990173339844,POINT(-74.03990173339844 40.71418762207031),201 Warren St,Jersey City,NJ,07302,,(201) 721-5544,http://www.onetwocup.com,{overture},,businesses_conflate,1100,2026-07-22 18:44:37.477175+00,2026-07-22 00:00:00+00,73,65,100,75,50,{},"{""overture"": {""lat"": 40.71418762207031, ""lon"": -74.03990173339844, ""zip"": ""07302"", ""city"": ""Jersey City"", ""name"": ""One Two Cup Cafe"", ""brand"": null, ""phone"": ""(201) 721-5544"", ""state"": ""NJ"", ""address"": ""201 Warren St"", ""release"": ""2026-07-22.0"", ""website"": ""http://www.onetwocup.com"", ""category"": ""cafe"", ""state_raw"": ""NJ"", ""observed_at"": ""2026-07-22T00:00:00+00:00"", ""src_confidence"": 0.9902192950248718, ""category_source"": ""coffee_shop"", ""source_record_id"": ""f27a13ae-86e0-48ba-841b-eb0ac6a0e904""}}",'cafe':4 'citi':6 'cup':3 'jersey':5 'one':1 'two':2,2026-07-22 00:00:00+00,overture,62,likely_open,95,50,0,{}
biz_47656df54227bc6c,Golden Swan Garden,restaurant,,40.731422424316406,-74.00084686279297,POINT(-74.00084686279297 40.731422424316406),W 4th St,New York,NY,10012,,2126399675,https://www.nycgovparks.org/parks/west-4th-street-courts/highlights/10766,{overture},,businesses_conflate,1100,2026-07-22 18:44:37.477175+00,2026-07-22 00:00:00+00,73,65,100,75,50,{},"{""overture"": {""lat"": 40.731422424316406, ""lon"": -74.00084686279297, ""zip"": ""10012"", ""city"": ""New York"", ""name"": ""Golden Swan Garden"", ""brand"": null, ""phone"": ""2126399675"", ""state"": ""NY"", ""address"": ""W 4th St"", ""release"": ""2026-07-22.0"", ""website"": ""https://www.nycgovparks.org/parks/west-4th-street-courts/highlights/10766"", ""category"": ""restaurant"", ""state_raw"": ""NY"", ""observed_at"": ""2026-07-22T00:00:00+00:00"", ""src_confidence"": 0.9556175500154496, ""category_source"": ""restaurant"", ""source_record_id"": ""44ffac38-c557-4447-85ac-0521a99bac5f""}}",'garden':3 'golden':1 'new':4 'swan':2 'york':5,2026-07-22 00:00:00+00,overture,62,likely_open,95,50,0,{}
biz_477b4818a823974a,Harris Bakes Llc,grocery,,40.73146438598633,-74.00473022460938,POINT(-74.00473022460938 40.73146438598633),72 Bedford St,New York,NY,10014-4016,,,https://www.harrisbakes.com,{overture},,businesses_conflate,1100,2026-07-22 18:44:37.477175+00,2026-07-22 00:00:00+00,70,65,100,63,50,{},"{""overture"": {""lat"": 40.73146438598633, ""lon"": -74.00473022460938, ""zip"": ""10014-4016"", ""city"": ""New York"", ""name"": ""Harris Bakes Llc"", ""brand"": null, ""phone"": null, ""state"": ""NY"", ""address"": ""72 Bedford St"", ""release"": ""2026-07-22.0"", ""website"": ""https://www.harrisbakes.com"", ""category"": ""grocery"", ""state_raw"": ""NY"", ""observed_at"": ""2026-07-22T00:00:00+00:00"", ""src_confidence"": 0.972408589720726, ""category_source"": ""grocery_store"", ""source_record_id"": ""be9beaa5-35a3-4fe7-beba-b7b7a1cd5155""}}",'bake':2 'harri':1 'llc':3 'new':4 'york':5,2026-07-22 00:00:00+00,overture,62,likely_open,95,50,0,{}
biz_477e0fb19bcca94b,Bare Burger Dio Inc,restaurant,,40.72834777832031,-73.99810028076172,POINT(-73.99810028076172 40.72834777832031),535 Laguardia Pl,New York,NY,10012-1402,,,,{overture},,businesses_conflate,1100,2026-07-22 18:44:37.477175+00,2026-07-22 00:00:00+00,68,65,100,50,50,{},"{""overture"": {""lat"": 40.72834777832031, ""lon"": -73.99810028076172, ""zip"": ""10012-1402"", ""city"": ""New York"", ""name"": ""Bare Burger Dio Inc"", ""brand"": null, ""phone"": null, ""state"": ""NY"", ""address"": ""535 Laguardia Pl"", ""release"": ""2026-07-22.0"", ""website"": null, ""category"": ""restaurant"", ""state_raw"": ""NY"", ""observed_at"": ""2026-07-22T00:00:00+00:00"", ""src_confidence"": 0.3196595013141632, ""category_source"": ""restaurant"", ""source_record_id"": ""1dc07be2-7357-450b-b052-07a4dfc1b253""}}",'bare':1 'burger':2 'dio':3 'inc':4 'new':5 'york':6,2026-07-22 00:00:00+00,overture,62,likely_open,95,50,0,{}
biz_479028f204051403,Wendy's,fast_food,,40.70774841308594,-74.00382232666016,POINT(-74.00382232666016 40.70774841308594),117 Beekman St,New York,NY,10038,,(212) 233-0873,http://www.wendys.com,{overture},,businesses_conflate,1100,2026-07-22 18:44:37.477175+00,2026-07-22 00:00:00+00,73,65,100,75,50,{},"{""overture"": {""lat"": 40.70774841308594, ""lon"": -74.00382232666016, ""zip"": ""10038"", ""city"": ""New York"", ""name"": ""Wendy's"", ""brand"": null, ""phone"": ""(212) 233-0873"", ""state"": ""NY"", ""address"": ""117 Beekman St"", ""release"": ""2026-07-22.0"", ""website"": ""http://www.wendys.com"", ""category"": ""fast_food"", ""state_raw"": ""NY"", ""observed_at"": ""2026-07-22T00:00:00+00:00"", ""src_confidence"": 0.9199122190475464, ""category_source"": ""fast_food_restaurant"", ""source_record_id"": ""de8b27c2-829f-4f04-b2f2-2a6fa08e4e64""}}",'new':3 'wendi':1 'york':4,2026-07-22 00:00:00+00,overture,62,likely_open,95,50,0,{}
biz_47c2750e10846710,Dig Inn,restaurant,Dig Inn,40.723785400390625,-73.99697875976562,POINT(-73.99697875976562 40.723785400390625),70 Prince St,New York,NY,10012-3306,,+12122537854,https://www.diginn.com/,{overture},,businesses_conflate,1100,2026-07-22 18:44:37.477175+00,2026-07-22 00:00:00+00,78,65,100,100,50,{},"{""overture"": {""lat"": 40.723785400390625, ""lon"": -73.99697875976562, ""zip"": ""10012-3306"", ""city"": ""New York"", ""name"": ""Dig Inn"", ""brand"": ""Dig Inn"", ""phone"": ""+12122537854"", ""state"": ""NY"", ""address"": ""70 Prince St"", ""release"": ""2026-07-22.0"", ""website"": ""https://www.diginn.com/"", ""category"": ""restaurant"", ""state_raw"": ""NY"", ""observed_at"": ""2026-07-22T00:00:00+00:00"", ""src_confidence"": 0.9912604689598083, ""category_source"": ""restaurant"", ""source_record_id"": ""ecfdf26b-236b-4973-825c-3d106d8d373c""}}","'dig':1,3 'inn':2,4 'new':5 'york':6",2026-07-22 00:00:00+00,overture,62,likely_open,95,50,0,{}
biz_47eefb5e995e7f10,Bar Oliver,restaurant,,40.712974548339844,-73.99823760986328,POINT(-73.99823760986328 40.712974548339844),1 Oliver St,New York,NY,10038,,,https://www.barolivernyc.com,{overture},,businesses_conflate,1100,2026-07-22 18:44:37.477175+00,2026-07-22 00:00:00+00,70,65,100,63,50,{},"{""overture"": {""lat"": 40.712974548339844, ""lon"": -73.99823760986328, ""zip"": ""10038"", ""city"": ""New York"", ""name"": ""Bar Oliver"", ""brand"": null, ""phone"": null, ""state"": ""NY"", ""address"": ""1 Oliver St"", ""release"": ""2026-07-22.0"", ""website"": ""https://www.barolivernyc.com"", ""category"": ""restaurant"", ""state_raw"": ""NY"", ""observed_at"": ""2026-07-22T00:00:00+00:00"", ""src_confidence"": 0.77, ""category_source"": ""restaurant"", ""source_record_id"": ""787956c3-a7c6-48d4-8980-25186c17880a""}}",'bar':1 'new':3 'oliv':2 'york':4,2026-07-22 00:00:00+00,overture,62,likely_open,95,50,0,{}
biz_48056e60595d2c51,STS,cafe,Starbucks,40.7320556640625,-73.9918212890625,POINT(-73.9918212890625 40.7320556640625),771 Broadway,New York,NY,10003-6804,,+16464459014,http://www.starbucks.com/store/1016069,{overture},,businesses_conflate,1100,2026-07-22 18:44:37.477175+00,2026-07-22 00:00:00+00,78,65,100,100,50,{},"{""overture"": {""lat"": 40.7320556640625, ""lon"": -73.9918212890625, ""zip"": ""10003-6804"", ""city"": ""New York"", ""name"": ""STS"", ""brand"": ""Starbucks"", ""phone"": ""+16464459014"", ""state"": ""NY"", ""address"": ""771 Broadway"", ""release"": ""2026-07-22.0"", ""website"": ""http://www.starbucks.com/store/1016069"", ""category"": ""cafe"", ""state_raw"": ""NY"", ""observed_at"": ""2026-07-22T00:00:00+00:00"", ""src_confidence"": 0.2862439453601837, ""category_source"": ""coffee_shop"", ""source_record_id"": ""29990e0d-261a-4e4e-9f77-fc1f52efc61d""}}",'new':3 'starbuck':2 'sts':1 'york':4,2026-07-22 00:00:00+00,overture,62,likely_open,95,50,0,{}
biz_481421619e98ff78,Pluck U,restaurant,,40.72931671142578,-73.99864959716797,POINT(-73.99864959716797 40.72931671142578),230 Thompson St,New York,NY,10012-1370,,2129792468,https://www.plucku.us,{overture},,businesses_conflate,1100,2026-07-22 18:44:37.477175+00,2026-07-22 00:00:00+00,73,65,100,75,50,{},"{""overture"": {""lat"": 40.72931671142578, ""lon"": -73.99864959716797, ""zip"": ""10012-1370"", ""city"": ""New York"", ""name"": ""Pluck U"", ""brand"": null, ""phone"": ""2129792468"", ""state"": ""NY"", ""address"": ""230 Thompson St"", ""release"": ""2026-07-22.0"", ""website"": ""https://www.plucku.us"", ""category"": ""restaurant"", ""state_raw"": ""NY"", ""observed_at"": ""2026-07-22T00:00:00+00:00"", ""src_confidence"": 0.9195, ""category_source"": ""restaurant"", ""source_record_id"": ""549d2fc2-48af-4603-b0a5-5fdf8a83d5ee""}}",'new':3 'pluck':1 'u':2 'york':4,2026-07-22 00:00:00+00,overture,62,likely_open,95,50,0,{}
biz_4818586934c409f3,Bluestone Lane Battery Park,cafe,Bluestone Lane,40.71533203125,-74.01622009277344,POINT(-74.01622009277344 40.71533203125),2 River Ter,New York,NY,10282-1241,,+17183746858,https://bluestonelane.com/cafes/battery-park-cafe-2-river-terrace-new-york/?y_source=1_MjI2MTA4ODAtNTU5LWxvY2F0aW9uLndlYnNpdGU%3D,{overture},,businesses_conflate,1100,2026-07-22 18:44:37.477175+00,2026-07-22 00:00:00+00,78,65,100,100,50,{},"{""overture"": {""lat"": 40.71533203125, ""lon"": -74.01622009277344, ""zip"": ""10282-1241"", ""city"": ""New York"", ""name"": ""Bluestone Lane Battery Park"", ""brand"": ""Bluestone Lane"", ""phone"": ""+17183746858"", ""state"": ""NY"", ""address"": ""2 River Ter"", ""release"": ""2026-07-22.0"", ""website"": ""https://bluestonelane.com/cafes/battery-park-cafe-2-river-terrace-new-york/?y_source=1_MjI2MTA4ODAtNTU5LWxvY2F0aW9uLndlYnNpdGU%3D"", ""category"": ""cafe"", ""state_raw"": ""NY"", ""observed_at"": ""2026-07-22T00:00:00+00:00"", ""src_confidence"": 0.9902192950248718, ""category_source"": ""coffee_shop"", ""source_record_id"": ""131e5f07-1098-426d-bd76-3d14a956f995""}}","'batteri':3 'blueston':1,5 'lane':2,6 'new':7 'park':4 'york':8",2026-07-22 00:00:00+00,overture,62,likely_open,95,50,0,{}
biz_482b4b91b91d5391,"New Golden French Cleaners, Inc",restaurant,,40.73087692260742,-73.9928207397461,POINT(-73.9928207397461 40.73087692260742),71 E 8th St,New York,NY,10003-6450,,,,{overture},,businesses_conflate,1100,2026-07-22 18:44:37.477175+00,2026-07-22 00:00:00+00,68,65,100,50,50,{},"{""overture"": {""lat"": 40.73087692260742, ""lon"": -73.9928207397461, ""zip"": ""10003-6450"", ""city"": ""New York"", ""name"": ""New Golden French Cleaners, Inc"", ""brand"": null, ""phone"": null, ""state"": ""NY"", ""address"": ""71 E 8th St"", ""release"": ""2026-07-22.0"", ""website"": null, ""category"": ""restaurant"", ""state_raw"": ""NY"", ""observed_at"": ""2026-07-22T00:00:00+00:00"", ""src_confidence"": 0.9902192950248718, ""category_source"": ""restaurant"", ""source_record_id"": ""6a284155-d057-42a4-b13b-f2fe2759e1a7""}}","'cleaner':4 'french':3 'golden':2 'inc':5 'new':1,6 'york':7",2026-07-22 00:00:00+00,overture,62,likely_open,95,50,0,{}
biz_4847a9ab6de455b3,"Village Restaurant Group, Llc",restaurant,,40.7310791015625,-74.0069580078125,POINT(-74.0069580078125 40.7310791015625),447 Hudson St,New York,NY,10014-3730,,,https://www.villagerestaurantgroup.com,{overture},,businesses_conflate,1100,2026-07-22 18:44:37.477175+00,2026-07-22 00:00:00+00,70,65,100,63,50,{},"{""overture"": {""lat"": 40.7310791015625, ""lon"": -74.0069580078125, ""zip"": ""10014-3730"", ""city"": ""New York"", ""name"": ""Village Restaurant Group, Llc"", ""brand"": null, ""phone"": null, ""state"": ""NY"", ""address"": ""447 Hudson St"", ""release"": ""2026-07-22.0"", ""website"": ""https://www.villagerestaurantgroup.com"", ""category"": ""restaurant"", ""state_raw"": ""NY"", ""observed_at"": ""2026-07-22T00:00:00+00:00"", ""src_confidence"": 0.95, ""category_source"": ""restaurant"", ""source_record_id"": ""b8802946-430b-47b8-a80f-b64ae4ed2266""}}",'group':3 'llc':4 'new':5 'restaur':2 'villag':1 'york':6,2026-07-22 00:00:00+00,overture,62,likely_open,95,50,0,{}
biz_48ed1d80c3ded045,Citibank,atm_bank,Citi,40.73335647583008,-73.99993133544922,POINT(-73.99993133544922 40.73335647583008),395 6th Ave,New York,NY,10014-3516,,+16466795135,http://www.citi.com/,{overture},,businesses_conflate,1100,2026-07-22 18:44:37.477175+00,2026-07-22 00:00:00+00,78,65,100,100,50,{},"{""overture"": {""lat"": 40.73335647583008, ""lon"": -73.99993133544922, ""zip"": ""10014-3516"", ""city"": ""New York"", ""name"": ""Citibank"", ""brand"": ""Citi"", ""phone"": ""+16466795135"", ""state"": ""NY"", ""address"": ""395 6th Ave"", ""release"": ""2026-07-22.0"", ""website"": ""http://www.citi.com/"", ""category"": ""atm_bank"", ""state_raw"": ""NY"", ""observed_at"": ""2026-07-22T00:00:00+00:00"", ""src_confidence"": 0.997932187885046, ""category_source"": ""banks"", ""source_record_id"": ""c4200d3e-ad27-4f37-9995-a7c42177eea0""}}",'citi':2 'citibank':1 'new':3 'york':4,2026-07-22 00:00:00+00,overture,62,likely_open,95,50,0,{}
biz_48f3aa022a9a8e4a,MJ Café,cafe,,40.7159423828125,-73.99161529541016,POINT(-73.99161529541016 40.7159423828125),70 Hester St,New York,NY,10002-5801,,+19172931125,http://Mannyjaneth.com/,{overture},,businesses_conflate,1100,2026-07-22 18:44:37.477175+00,2026-07-22 00:00:00+00,73,65,100,75,50,{},"{""overture"": {""lat"": 40.7159423828125, ""lon"": -73.99161529541016, ""zip"": ""10002-5801"", ""city"": ""New York"", ""name"": ""MJ Café"", ""brand"": null, ""phone"": ""+19172931125"", ""state"": ""NY"", ""address"": ""70 Hester St"", ""release"": ""2026-07-22.0"", ""website"": ""http://Mannyjaneth.com/"", ""category"": ""cafe"", ""state_raw"": ""NY"", ""observed_at"": ""2026-07-22T00:00:00+00:00"", ""src_confidence"": 0.9199122190475464, ""category_source"": ""cafe"", ""source_record_id"": ""740fa40b-984c-4744-a154-ef8c08c9c505""}}",'café':2 'mj':1 'new':3 'york':4,2026-07-22 00:00:00+00,overture,62,likely_open,95,50,0,{}
biz_49115e756a0f8430,Delight 28 Restaurant Inc,restaurant,,40.714962005615234,-73.9984130859375,POINT(-73.9984130859375 40.714962005615234),28 Pell St,New York,NY,10013-5105,,,,{overture},,businesses_conflate,1100,2026-07-22 18:44:37.477175+00,2026-07-22 00:00:00+00,68,65,100,50,50,{},"{""overture"": {""lat"": 40.714962005615234, ""lon"": -73.9984130859375, ""zip"": ""10013-5105"", ""city"": ""New York"", ""name"": ""Delight 28 Restaurant Inc"", ""brand"": null, ""phone"": null, ""state"": ""NY"", ""address"": ""28 Pell St"", ""release"": ""2026-07-22.0"", ""website"": null, ""category"": ""restaurant"", ""state_raw"": ""NY"", ""observed_at"": ""2026-07-22T00:00:00+00:00"", ""src_confidence"": 0.95, ""category_source"": ""restaurant"", ""source_record_id"": ""c9d19be1-f03e-48e3-837d-c0371da7ff71""}}",'28':2 'delight':1 'inc':4 'new':5 'restaur':3 'york':6,2026-07-22 00:00:00+00,overture,62,likely_open,95,50,0,{}
biz_4920ab5c2a97526b,Coffee Shop Taqueria Llc,restaurant,,40.73684310913086,-73.99174499511719,POINT(-73.99174499511719 40.73684310913086),28 E 16th St,New York,NY,10003-3105,,,,{overture},,businesses_conflate,1100,2026-07-22 18:44:37.477175+00,2026-07-22 00:00:00+00,68,65,100,50,50,{},"{""overture"": {""lat"": 40.73684310913086, ""lon"": -73.99174499511719, ""zip"": ""10003-3105"", ""city"": ""New York"", ""name"": ""Coffee Shop Taqueria Llc"", ""brand"": null, ""phone"": null, ""state"": ""NY"", ""address"": ""28 E 16th St"", ""release"": ""2026-07-22.0"", ""website"": null, ""category"": ""restaurant"", ""state_raw"": ""NY"", ""observed_at"": ""2026-07-22T00:00:00+00:00"", ""src_confidence"": 0.95, ""category_source"": ""restaurant"", ""source_record_id"": ""b9254663-de97-48b2-9db8-96fa2f891c87""}}",'coffe':1 'llc':4 'new':5 'shop':2 'taqueria':3 'york':6,2026-07-22 00:00:00+00,overture,62,likely_open,95,50,0,{}
biz_4933f243efd37cc1,Hybrid Coffee,cafe,,40.716949462890625,-74.03246307373047,POINT(-74.03246307373047 40.716949462890625),2 Exchange Pl,Jersey City,NJ,07302,,(201) 993-9028,http://www.hybridcoffee.co,{overture},,businesses_conflate,1100,2026-07-22 18:44:37.477175+00,2026-07-22 00:00:00+00,73,65,100,75,50,{},"{""overture"": {""lat"": 40.716949462890625, ""lon"": -74.03246307373047, ""zip"": ""07302"", ""city"": ""Jersey City"", ""name"": ""Hybrid Coffee"", ""brand"": null, ""phone"": ""(201) 993-9028"", ""state"": ""NJ"", ""address"": ""2 Exchange Pl"", ""release"": ""2026-07-22.0"", ""website"": ""http://www.hybridcoffee.co"", ""category"": ""cafe"", ""state_raw"": ""NJ"", ""observed_at"": ""2026-07-22T00:00:00+00:00"", ""src_confidence"": 0.9501240253448486, ""category_source"": ""coffee_shop"", ""source_record_id"": ""2f7c6ebc-101e-4624-97c0-2ca74d3ad918""}}",'citi':4 'coffe':2 'hybrid':1 'jersey':3,2026-07-22 00:00:00+00,overture,62,likely_open,95,50,0,{}
biz_495cef2f9aee5b26,幸福粤园 Happy Garden 813 Inc.,restaurant,,40.73699951171875,-73.99739837646484,POINT(-73.99739837646484 40.73699951171875),513 Avenue of the Americas,New York,NY,10011-8420,,,,{overture},,businesses_conflate,1100,2026-07-22 18:44:37.477175+00,2026-07-22 00:00:00+00,68,65,100,50,50,{},"{""overture"": {""lat"": 40.73699951171875, ""lon"": -73.99739837646484, ""zip"": ""10011-8420"", ""city"": ""New York"", ""name"": ""幸福粤园 Happy Garden 813 Inc."", ""brand"": null, ""phone"": null, ""state"": ""NY"", ""address"": ""513 Avenue of the Americas"", ""release"": ""2026-07-22.0"", ""website"": null, ""category"": ""restaurant"", ""state_raw"": ""NY"", ""observed_at"": ""2026-07-22T00:00:00+00:00"", ""src_confidence"": 0.95, ""category_source"": ""restaurant"", ""source_record_id"": ""98b34527-c54f-4bc4-b3f9-28ebc3a7fb8d""}}",'813':4 'garden':3 'happi':2 'inc':5 'new':6 'york':7 '幸福粤园':1,2026-07-22 00:00:00+00,overture,62,likely_open,95,50,0,{}
biz_49658ee942121386,Oatmeals,restaurant,,40.73038864135742,-74.00053405761719,POINT(-74.00053405761719 40.73038864135742),120 W 3rd St,New York,NY,10012-1235,,,https://oatmealsny.com,{overture},,businesses_conflate,1100,2026-07-22 18:44:37.477175+00,2026-07-22 00:00:00+00,70,65,100,63,50,{},"{""overture"": {""lat"": 40.73038864135742, ""lon"": -74.00053405761719, ""zip"": ""10012-1235"", ""city"": ""New York"", ""name"": ""Oatmeals"", ""brand"": null, ""phone"": null, ""state"": ""NY"", ""address"": ""120 W 3rd St"", ""release"": ""2026-07-22.0"", ""website"": ""https://oatmealsny.com"", ""category"": ""restaurant"", ""state_raw"": ""NY"", ""observed_at"": ""2026-07-22T00:00:00+00:00"", ""src_confidence"": 0.9199122190475464, ""category_source"": ""restaurant"", ""source_record_id"": ""42087828-a801-4052-8682-82bdb0e08c8a""}}",'new':2 'oatmeal':1 'york':3,2026-07-22 00:00:00+00,overture,62,likely_open,95,50,0,{}
biz_49662a5d033bbf95,Kay Market Inc,grocery,,40.726810455322266,-73.9959945678711,POINT(-73.9959945678711 40.726810455322266),645 Broadway,New York,NY,10012-2345,,,,{overture},,businesses_conflate,1100,2026-07-22 18:44:37.477175+00,2026-07-22 00:00:00+00,68,65,100,50,50,{},"{""overture"": {""lat"": 40.726810455322266, ""lon"": -73.9959945678711, ""zip"": ""10012-2345"", ""city"": ""New York"", ""name"": ""Kay Market Inc"", ""brand"": null, ""phone"": null, ""state"": ""NY"", ""address"": ""645 Broadway"", ""release"": ""2026-07-22.0"", ""website"": null, ""category"": ""grocery"", ""state_raw"": ""NY"", ""observed_at"": ""2026-07-22T00:00:00+00:00"", ""src_confidence"": 0.85, ""category_source"": ""grocery_store"", ""source_record_id"": ""e216e94c-2ae2-4b4c-8bc9-93ac772775ee""}}",'inc':3 'kay':1 'market':2 'new':4 'york':5,2026-07-22 00:00:00+00,overture,62,likely_open,95,50,0,{}
biz_497eebf584fe0513,Cafe Pane e Cioccolato,cafe,,40.72988510131836,-73.99433135986328,POINT(-73.99433135986328 40.72988510131836),10 Waverly Pl,New York,NY,10003,,(212) 473-3944,http://caffetaci.com/,{overture},,businesses_conflate,1100,2026-07-22 18:44:37.477175+00,2026-07-22 00:00:00+00,73,65,100,75,50,{},"{""overture"": {""lat"": 40.72988510131836, ""lon"": -73.99433135986328, ""zip"": ""10003"", ""city"": ""New York"", ""name"": ""Cafe Pane e Cioccolato"", ""brand"": null, ""phone"": ""(212) 473-3944"", ""state"": ""NY"", ""address"": ""10 Waverly Pl"", ""release"": ""2026-07-22.0"", ""website"": ""http://caffetaci.com/"", ""category"": ""cafe"", ""state_raw"": ""NY"", ""observed_at"": ""2026-07-22T00:00:00+00:00"", ""src_confidence"": 0.9199122190475464, ""category_source"": ""cafe"", ""source_record_id"": ""b4a3e4a9-ef27-4480-8d62-f280fb8bb890""}}",'cafe':1 'cioccolato':4 'e':3 'new':5 'pane':2 'york':6,2026-07-22 00:00:00+00,overture,62,likely_open,95,50,0,{}
biz_4982d42c123b62e5,Pacific Grill,restaurant,,40.70646286010742,-74.00374603271484,POINT(-74.00374603271484 40.70646286010742),89 South St,New York,NY,10038-3514,,,,{overture},,businesses_conflate,1100,2026-07-22 18:44:37.477175+00,2026-07-22 00:00:00+00,68,65,100,50,50,{},"{""overture"": {""lat"": 40.70646286010742, ""lon"": -74.00374603271484, ""zip"": ""10038-3514"", ""city"": ""New York"", ""name"": ""Pacific Grill"", ""brand"": null, ""phone"": null, ""state"": ""NY"", ""address"": ""89 South St"", ""release"": ""2026-07-22.0"", ""website"": null, ""category"": ""restaurant"", ""state_raw"": ""NY"", ""observed_at"": ""2026-07-22T00:00:00+00:00"", ""src_confidence"": 0.9195, ""category_source"": ""restaurant"", ""source_record_id"": ""93fc60ea-e37f-4bab-a1c2-658500927608""}}",'grill':2 'new':3 'pacif':1 'york':4,2026-07-22 00:00:00+00,overture,62,likely_open,95,50,0,{}
biz_499ada89bdc08b23,Butler Cafe,cafe,,40.71989440917969,-74.03838348388672,POINT(-74.03838348388672 40.71989440917969),350 Warren St,Jersey City,NJ,07302,,+12014328910,http://thebutlercafe.com/,{overture},,businesses_conflate,1100,2026-07-22 18:44:37.477175+00,2026-07-22 00:00:00+00,73,65,100,75,50,{},"{""overture"": {""lat"": 40.71989440917969, ""lon"": -74.03838348388672, ""zip"": ""07302"", ""city"": ""Jersey City"", ""name"": ""Butler Cafe"", ""brand"": null, ""phone"": ""+12014328910"", ""state"": ""NJ"", ""address"": ""350 Warren St"", ""release"": ""2026-07-22.0"", ""website"": ""http://thebutlercafe.com/"", ""category"": ""cafe"", ""state_raw"": ""NJ"", ""observed_at"": ""2026-07-22T00:00:00+00:00"", ""src_confidence"": 0.9902192950248718, ""category_source"": ""cafe"", ""source_record_id"": ""9179f012-5a66-4e93-81ad-85c453193bbd""}}",'butler':1 'cafe':2 'citi':4 'jersey':3,2026-07-22 00:00:00+00,overture,62,likely_open,95,50,0,{}
biz_49bd953fdd3c6162,Potatopia,fast_food,,40.7270622253418,-74.03783416748047,POINT(-74.03783416748047 40.7270622253418),Newport Centre Mall,Jersey City,NJ,07310,,(201) 659-2400,http://t.co/sI9zY05Fcg,{overture},,businesses_conflate,1100,2026-07-22 18:44:37.477175+00,2026-07-22 00:00:00+00,73,65,100,75,50,{},"{""overture"": {""lat"": 40.7270622253418, ""lon"": -74.03783416748047, ""zip"": ""07310"", ""city"": ""Jersey City"", ""name"": ""Potatopia"", ""brand"": null, ""phone"": ""(201) 659-2400"", ""state"": ""NJ"", ""address"": ""Newport Centre Mall"", ""release"": ""2026-07-22.0"", ""website"": ""http://t.co/sI9zY05Fcg"", ""category"": ""fast_food"", ""state_raw"": ""NJ"", ""observed_at"": ""2026-07-22T00:00:00+00:00"", ""src_confidence"": 0.77, ""category_source"": ""fast_food_restaurant"", ""source_record_id"": ""0341db69-308e-4d95-916c-46339780af19""}}",'citi':3 'jersey':2 'potatopia':1,2026-07-22 00:00:00+00,overture,62,likely_open,95,50,0,{}
biz_49c26838589789a9,Professional National Group Inc Dba P Ng,restaurant,,40.714271545410156,-73.9988784790039,POINT(-73.9988784790039 40.714271545410156),2 Mott St Rm 505a,New York,NY,10013-0633,,,,{overture},,businesses_conflate,1100,2026-07-22 18:44:37.477175+00,2026-07-22 00:00:00+00,68,65,100,50,50,{},"{""overture"": {""lat"": 40.714271545410156, ""lon"": -73.9988784790039, ""zip"": ""10013-0633"", ""city"": ""New York"", ""name"": ""Professional National Group Inc Dba P Ng"", ""brand"": null, ""phone"": null, ""state"": ""NY"", ""address"": ""2 Mott St Rm 505a"", ""release"": ""2026-07-22.0"", ""website"": null, ""category"": ""restaurant"", ""state_raw"": ""NY"", ""observed_at"": ""2026-07-22T00:00:00+00:00"", ""src_confidence"": 0.95, ""category_source"": ""restaurant"", ""source_record_id"": ""c460f001-b83f-4c98-8db0-3e825741265b""}}",'dba':5 'group':3 'inc':4 'nation':2 'new':8 'ng':7 'p':6 'profession':1 'york':9,2026-07-22 00:00:00+00,overture,62,likely_open,95,50,0,{}
biz_49d6c91e126646ca,Broken Coconut,restaurant,,40.722259521484375,-73.9974365234375,POINT(-73.9974365234375 40.722259521484375),62 Spring St,New York,NY,10012-4006,,6464389172,http://www.brokencoconutnyc.com,{overture},,businesses_conflate,1100,2026-07-22 18:44:37.477175+00,2026-07-22 00:00:00+00,73,65,100,75,50,{},"{""overture"": {""lat"": 40.722259521484375, ""lon"": -73.9974365234375, ""zip"": ""10012-4006"", ""city"": ""New York"", ""name"": ""Broken Coconut"", ""brand"": null, ""phone"": ""6464389172"", ""state"": ""NY"", ""address"": ""62 Spring St"", ""release"": ""2026-07-22.0"", ""website"": ""http://www.brokencoconutnyc.com"", ""category"": ""restaurant"", ""state_raw"": ""NY"", ""observed_at"": ""2026-07-22T00:00:00+00:00"", ""src_confidence"": 0.75, ""category_source"": ""restaurant"", ""source_record_id"": ""2882257d-4be4-491e-90e2-585239d02ac3""}}",'broken':1 'coconut':2 'new':3 'york':4,2026-07-22 00:00:00+00,overture,62,likely_open,95,50,0,{}
biz_49e5b043dc869577,Laundry City,laundry,,40.720760345458984,-74.04596710205078,POINT(-74.04596710205078 40.720760345458984),166 Christopher Columbus Dr,Jersey City,NJ,07302,,(201) 332-5800,http://laundrycity5.placeweb.site,{overture},,businesses_conflate,1100,2026-07-22 18:44:37.477175+00,2026-07-22 00:00:00+00,73,65,100,75,50,{},"{""overture"": {""lat"": 40.720760345458984, ""lon"": -74.04596710205078, ""zip"": ""07302"", ""city"": ""Jersey City"", ""name"": ""Laundry City"", ""brand"": null, ""phone"": ""(201) 332-5800"", ""state"": ""NJ"", ""address"": ""166 Christopher Columbus Dr"", ""release"": ""2026-07-22.0"", ""website"": ""http://laundrycity5.placeweb.site"", ""category"": ""laundry"", ""state_raw"": ""NJ"", ""observed_at"": ""2026-07-22T00:00:00+00:00"", ""src_confidence"": 0.9199122190475464, ""category_source"": ""laundry_services"", ""source_record_id"": ""02c00268-1d02-4644-9469-0ab632a93a84""}}","'citi':2,4 'jersey':3 'laundri':1",2026-07-22 00:00:00+00,overture,62,likely_open,95,50,0,{}
biz_49fcaaf3e0d91a24,Fu Xing Grocery,grocery,,40.715919494628906,-73.99282836914062,POINT(-73.99282836914062 40.715919494628906),48 Eldridge St,New York,NY,10002-5266,,,,{overture},,businesses_conflate,1100,2026-07-22 18:44:37.477175+00,2026-07-22 00:00:00+00,68,65,100,50,50,{},"{""overture"": {""lat"": 40.715919494628906, ""lon"": -73.99282836914062, ""zip"": ""10002-5266"", ""city"": ""New York"", ""name"": ""Fu Xing Grocery"", ""brand"": null, ""phone"": null, ""state"": ""NY"", ""address"": ""48 Eldridge St"", ""release"": ""2026-07-22.0"", ""website"": null, ""category"": ""grocery"", ""state_raw"": ""NY"", ""observed_at"": ""2026-07-22T00:00:00+00:00"", ""src_confidence"": 0.95, ""category_source"": ""grocery_store"", ""source_record_id"": ""46a09982-8f21-474b-91dc-29490fc97d03""}}",'fu':1 'groceri':3 'new':4 'xing':2 'york':5,2026-07-22 00:00:00+00,overture,62,likely_open,95,50,0,{}
biz_4a3f8f4f165c686b,"Holiday Inn Manhattan - Financial District, An Ihg Hotel",hotel,,40.70824432373047,-74.01409149169922,POINT(-74.01409149169922 40.70824432373047),99 Washington St,New York,NY,10006-1805,,12127912900,https://www.ihg.com,{overture},,businesses_conflate,1100,2026-07-22 18:44:37.477175+00,2026-07-22 00:00:00+00,73,65,100,75,50,{},"{""overture"": {""lat"": 40.70824432373047, ""lon"": -74.01409149169922, ""zip"": ""10006-1805"", ""city"": ""New York"", ""name"": ""Holiday Inn Manhattan - Financial District, An Ihg Hotel"", ""brand"": null, ""phone"": ""12127912900"", ""state"": ""NY"", ""address"": ""99 Washington St"", ""release"": ""2026-07-22.0"", ""website"": ""https://www.ihg.com"", ""category"": ""hotel"", ""state_raw"": ""NY"", ""observed_at"": ""2026-07-22T00:00:00+00:00"", ""src_confidence"": 0.9764949083328247, ""category_source"": ""hotel"", ""source_record_id"": ""77a74f95-c64e-48bc-a3f3-cbc1a9cdefca""}}",'district':5 'financi':4 'holiday':1 'hotel':8 'ihg':7 'inn':2 'manhattan':3 'new':9 'york':10,2026-07-22 00:00:00+00,overture,62,likely_open,95,50,0,{}
biz_4a4193e88a007377,Freddo Cafe,restaurant,,40.70909118652344,-74.01333618164062,POINT(-74.01333618164062 40.70909118652344),120 Greenwich St,New York,NY,10006,,(212) 417-5161,http://www.freddocafeny.com,{overture},,businesses_conflate,1100,2026-07-22 18:44:37.477175+00,2026-07-22 00:00:00+00,73,65,100,75,50,{},"{""overture"": {""lat"": 40.70909118652344, ""lon"": -74.01333618164062, ""zip"": ""10006"", ""city"": ""New York"", ""name"": ""Freddo Cafe"", ""brand"": null, ""phone"": ""(212) 417-5161"", ""state"": ""NY"", ""address"": ""120 Greenwich St"", ""release"": ""2026-07-22.0"", ""website"": ""http://www.freddocafeny.com"", ""category"": ""restaurant"", ""state_raw"": ""NY"", ""observed_at"": ""2026-07-22T00:00:00+00:00"", ""src_confidence"": 0.9199122190475464, ""category_source"": ""restaurant"", ""source_record_id"": ""e2a3106b-3b03-4453-a3b3-1d58fc672cba""}}",'cafe':2 'freddo':1 'new':3 'york':4,2026-07-22 00:00:00+00,overture,62,likely_open,95,50,0,{}
biz_4a42034540d04aed,Run Feng Trading Inc.,grocery,,40.71816635131836,-73.99713134765625,POINT(-73.99713134765625 40.71816635131836),123 Mott St  Frnt A,New York,NY,10013-4713,,12122192882,,{overture},,businesses_conflate,1100,2026-07-22 18:44:37.477175+00,2026-07-22 00:00:00+00,70,65,100,63,50,{},"{""overture"": {""lat"": 40.71816635131836, ""lon"": -73.99713134765625, ""zip"": ""10013-4713"", ""city"": ""New York"", ""name"": ""Run Feng Trading Inc."", ""brand"": null, ""phone"": ""12122192882"", ""state"": ""NY"", ""address"": ""123 Mott St  Frnt A"", ""release"": ""2026-07-22.0"", ""website"": null, ""category"": ""grocery"", ""state_raw"": ""NY"", ""observed_at"": ""2026-07-22T00:00:00+00:00"", ""src_confidence"": 0.7230026096105575, ""category_source"": ""grocery_store"", ""source_record_id"": ""6f2413b5-4dd3-4eb8-90df-7f18dc947899""}}",'feng':2 'inc':4 'new':5 'run':1 'trade':3 'york':6,2026-07-22 00:00:00+00,overture,62,likely_open,95,50,0,{}
biz_4a4c9e5de89b58ae,Brooklyn Diamond,cafe,,40.72283172607422,-74.0034408569336,POINT(-74.0034408569336 40.72283172607422),349 W Broadway,New York,NY,10013,,(917) 261-6868,http://www.brooklyndiamondcoffee.com,{overture},,businesses_conflate,1100,2026-07-22 18:44:37.477175+00,2026-07-22 00:00:00+00,73,65,100,75,50,{},"{""overture"": {""lat"": 40.72283172607422, ""lon"": -74.0034408569336, ""zip"": ""10013"", ""city"": ""New York"", ""name"": ""Brooklyn Diamond"", ""brand"": null, ""phone"": ""(917) 261-6868"", ""state"": ""NY"", ""address"": ""349 W Broadway"", ""release"": ""2026-07-22.0"", ""website"": ""http://www.brooklyndiamondcoffee.com"", ""category"": ""cafe"", ""state_raw"": ""NY"", ""observed_at"": ""2026-07-22T00:00:00+00:00"", ""src_confidence"": 0.9199122190475464, ""category_source"": ""coffee_shop"", ""source_record_id"": ""03059032-4544-4099-9307-f3915b029e96""}}",'brooklyn':1 'diamond':2 'new':3 'york':4,2026-07-22 00:00:00+00,overture,62,likely_open,95,50,0,{}
biz_4a518c656dbe34cd,Los Tacos Hermanos,restaurant,,40.721336364746094,-74.00496673583984,POINT(-74.00496673583984 40.721336364746094),386 Canal St,New York,NY,10013-1601,,18623527516,lostacosny.com,{overture},,businesses_conflate,1100,2026-07-22 18:44:37.477175+00,2026-07-22 00:00:00+00,73,65,100,75,50,{},"{""overture"": {""lat"": 40.721336364746094, ""lon"": -74.00496673583984, ""zip"": ""10013-1601"", ""city"": ""New York"", ""name"": ""Los Tacos Hermanos"", ""brand"": null, ""phone"": ""18623527516"", ""state"": ""NY"", ""address"": ""386 Canal St"", ""release"": ""2026-07-22.0"", ""website"": ""lostacosny.com"", ""category"": ""restaurant"", ""state_raw"": ""NY"", ""observed_at"": ""2026-07-22T00:00:00+00:00"", ""src_confidence"": 0.9902192950248718, ""category_source"": ""restaurant"", ""source_record_id"": ""15f2590d-dcf5-469f-9628-3013c923dfd6""}}",'hermano':3 'los':1 'new':4 'taco':2 'york':5,2026-07-22 00:00:00+00,overture,62,likely_open,95,50,0,{}
biz_4a60478c09d0c895,Blank Street Coffee,cafe,Blank Street Coffee,40.728118896484375,-73.99444580078125,POINT(-73.99444580078125 40.728118896484375),,,NY,,,,https://www.blankstreet.com/locations/new-york/72-broadway-and-e-4th-st,{overture},,businesses_conflate,1100,2026-07-22 18:44:37.477175+00,2026-07-22 00:00:00+00,65,65,100,38,50,{},"{""overture"": {""lat"": 40.728118896484375, ""lon"": -73.99444580078125, ""zip"": null, ""city"": null, ""name"": ""Blank Street Coffee"", ""brand"": ""Blank Street Coffee"", ""phone"": null, ""state"": ""NY"", ""address"": null, ""release"": ""2026-07-22.0"", ""website"": ""https://www.blankstreet.com/locations/new-york/72-broadway-and-e-4th-st"", ""category"": ""cafe"", ""state_raw"": ""NY"", ""observed_at"": ""2026-07-22T00:00:00+00:00"", ""src_confidence"": 0.954, ""category_source"": ""coffee_shop"", ""source_record_id"": ""2ba64a94-3bb4-4b2a-961d-29ec5d1bbb40""}}","'blank':1,4 'coffe':3,6 'street':2,5",2026-07-22 00:00:00+00,overture,62,likely_open,95,50,0,{}
biz_4a68f8ebfd90b9cb,TD Bank,atm_bank,TD,40.72728729248047,-74.00570678710938,POINT(-74.00570678710938 40.72728729248047),175 Varick St,New York,NY,10014-4604,,+12126330108,https://www.td.com/us/en/personal-banking/store-locator?y_source=1_MzE0NzgzNi01NTktbG9jYXRpb24ud2Vic2l0ZQ%3D%3D#/?utm_source=google-maps&utm_medium=yext&utm_campaign=always_on&utm_content=tdct_appointment,{overture},,businesses_conflate,1100,2026-07-22 18:44:37.477175+00,2026-07-22 00:00:00+00,78,65,100,100,50,{},"{""overture"": {""lat"": 40.72728729248047, ""lon"": -74.00570678710938, ""zip"": ""10014-4604"", ""city"": ""New York"", ""name"": ""TD Bank"", ""brand"": ""TD"", ""phone"": ""+12126330108"", ""state"": ""NY"", ""address"": ""175 Varick St"", ""release"": ""2026-07-22.0"", ""website"": ""https://www.td.com/us/en/personal-banking/store-locator?y_source=1_MzE0NzgzNi01NTktbG9jYXRpb24ud2Vic2l0ZQ%3D%3D#/?utm_source=google-maps&utm_medium=yext&utm_campaign=always_on&utm_content=tdct_appointment"", ""category"": ""atm_bank"", ""state_raw"": ""NY"", ""observed_at"": ""2026-07-22T00:00:00+00:00"", ""src_confidence"": 0.9902192950248718, ""category_source"": ""bank_credit_union"", ""source_record_id"": ""7421deb7-889f-4008-a92e-b30bfe83ed15""}}","'bank':2 'new':4 'td':1,3 'york':5",2026-07-22 00:00:00+00,overture,62,likely_open,95,50,0,{}
biz_4a6f429dcb254c78,Munia Haque,restaurant,,40.731468200683594,-74.00480651855469,POINT(-74.00480651855469 40.731468200683594),,New York,NY,,,+12123669410,http://www.casarestaurant.com/,{overture},,businesses_conflate,1100,2026-07-22 18:44:37.477175+00,2026-07-22 00:00:00+00,65,65,100,38,50,{},"{""overture"": {""lat"": 40.731468200683594, ""lon"": -74.00480651855469, ""zip"": null, ""city"": ""New York"", ""name"": ""Munia Haque"", ""brand"": null, ""phone"": ""+12123669410"", ""state"": ""NY"", ""address"": null, ""release"": ""2026-07-22.0"", ""website"": ""http://www.casarestaurant.com/"", ""category"": ""restaurant"", ""state_raw"": ""NY"", ""observed_at"": ""2026-07-22T00:00:00+00:00"", ""src_confidence"": 0.9470992684364319, ""category_source"": ""restaurant"", ""source_record_id"": ""5fb8dbfb-efdc-4a4b-adbe-c8f1716fbfcb""}}",'haqu':2 'munia':1 'new':3 'york':4,2026-07-22 00:00:00+00,overture,62,likely_open,95,50,0,{}
biz_4a72448d4801cd8a,Toby's Estate Coffee,restaurant,,40.73479461669922,-74.00243377685547,POINT(-74.00243377685547 40.73479461669922),44 Charles St,New York,NY,10014,,(646) 590-1924,http://www.tobysestate.com,{overture},,businesses_conflate,1100,2026-07-22 18:44:37.477175+00,2026-07-22 00:00:00+00,73,65,100,75,50,{},"{""overture"": {""lat"": 40.73479461669922, ""lon"": -74.00243377685547, ""zip"": ""10014"", ""city"": ""New York"", ""name"": ""Toby's Estate Coffee"", ""brand"": null, ""phone"": ""(646) 590-1924"", ""state"": ""NY"", ""address"": ""44 Charles St"", ""release"": ""2026-07-22.0"", ""website"": ""http://www.tobysestate.com"", ""category"": ""restaurant"", ""state_raw"": ""NY"", ""observed_at"": ""2026-07-22T00:00:00+00:00"", ""src_confidence"": 0.9199122190475464, ""category_source"": ""restaurant"", ""source_record_id"": ""f5767956-a14c-4a1d-a44b-486b51f225f3""}}",'coffe':4 'estat':3 'new':5 'tobi':1 'york':6,2026-07-22 00:00:00+00,overture,62,likely_open,95,50,0,{}
biz_4a76e78819a6f5c2,Bel-aire Hoeboken Llc,restaurant,,40.7360954284668,-74.02870178222656,POINT(-74.02870178222656 40.7360954284668),20 Hudson Pl,Hoboken,NJ,07030-5518,,,http://www.belobarhoboken.com,{overture},,businesses_conflate,1100,2026-07-22 18:44:37.477175+00,2026-07-22 00:00:00+00,70,65,100,63,50,{},"{""overture"": {""lat"": 40.7360954284668, ""lon"": -74.02870178222656, ""zip"": ""07030-5518"", ""city"": ""Hoboken"", ""name"": ""Bel-aire Hoeboken Llc"", ""brand"": null, ""phone"": null, ""state"": ""NJ"", ""address"": ""20 Hudson Pl"", ""release"": ""2026-07-22.0"", ""website"": ""http://www.belobarhoboken.com"", ""category"": ""restaurant"", ""state_raw"": ""NJ"", ""observed_at"": ""2026-07-22T00:00:00+00:00"", ""src_confidence"": 0.95, ""category_source"": ""restaurant"", ""source_record_id"": ""7c936fea-fc2e-41f1-9cce-2cb012bd4b15""}}",'air':3 'bel':2 'bel-air':1 'hoboken':6 'hoeboken':4 'llc':5,2026-07-22 00:00:00+00,overture,62,likely_open,95,50,0,{}
biz_4a7a91115984c4c3,Eastbank,atm_bank,,40.71836853027344,-73.99979400634766,POINT(-73.99979400634766 40.71836853027344),183 Centre St,New York,NY,10013-4118,,+12122199000,http://eastbank-na.com,{overture},,businesses_conflate,1100,2026-07-22 18:44:37.477175+00,2026-07-22 00:00:00+00,73,65,100,75,50,{},"{""overture"": {""lat"": 40.71836853027344, ""lon"": -73.99979400634766, ""zip"": ""10013-4118"", ""city"": ""New York"", ""name"": ""Eastbank"", ""brand"": null, ""phone"": ""+12122199000"", ""state"": ""NY"", ""address"": ""183 Centre St"", ""release"": ""2026-07-22.0"", ""website"": ""http://eastbank-na.com"", ""category"": ""atm_bank"", ""state_raw"": ""NY"", ""observed_at"": ""2026-07-22T00:00:00+00:00"", ""src_confidence"": 0.9902192950248718, ""category_source"": ""bank_credit_union"", ""source_record_id"": ""5815ca58-46a8-491d-918e-829cb4b60fd1""}}",'eastbank':1 'new':2 'york':3,2026-07-22 00:00:00+00,overture,62,likely_open,95,50,0,{}
biz_4ab99eb8920263e9,Bank of America ATM,atm_bank,,40.73293685913086,-74.00035095214844,POINT(-74.00035095214844 40.73293685913086),375 Avenue Of The Americas,New York,NY,10014,,8444018500,https://locators.bankofamerica.com/ny/newyork/sales-office-atm-new-york-110887.html,{overture},,businesses_conflate,1100,2026-07-22 18:44:37.477175+00,2026-07-22 00:00:00+00,73,65,100,75,50,{},"{""overture"": {""lat"": 40.73293685913086, ""lon"": -74.00035095214844, ""zip"": ""10014"", ""city"": ""New York"", ""name"": ""Bank of America ATM"", ""brand"": null, ""phone"": ""8444018500"", ""state"": ""NY"", ""address"": ""375 Avenue Of The Americas"", ""release"": ""2026-07-22.0"", ""website"": ""https://locators.bankofamerica.com/ny/newyork/sales-office-atm-new-york-110887.html"", ""category"": ""atm_bank"", ""state_raw"": ""NY"", ""observed_at"": ""2026-07-22T00:00:00+00:00"", ""src_confidence"": 0.9970853520035744, ""category_source"": ""bank_credit_union"", ""source_record_id"": ""985a7ccc-d0b5-439c-b29f-e348466fd3da""}}",'america':3 'atm':4 'bank':1 'new':5 'york':6,2026-07-22 00:00:00+00,overture,62,likely_open,95,50,0,{}
biz_4aba4bcc117c9729,Wendy's,fast_food,Wendy's,40.730098724365234,-74.0439453125,POINT(-74.0439453125 40.730098724365234),245 12th St,Jersey City,NJ,07310-1313,,+12017215048,https://locations.wendys.com/united-states/nj/jersey-city/245-12th-st,{overture},,businesses_conflate,1100,2026-07-22 18:44:37.477175+00,2026-07-22 00:00:00+00,78,65,100,100,50,{},"{""overture"": {""lat"": 40.730098724365234, ""lon"": -74.0439453125, ""zip"": ""07310-1313"", ""city"": ""Jersey City"", ""name"": ""Wendy's"", ""brand"": ""Wendy's"", ""phone"": ""+12017215048"", ""state"": ""NJ"", ""address"": ""245 12th St"", ""release"": ""2026-07-22.0"", ""website"": ""https://locations.wendys.com/united-states/nj/jersey-city/245-12th-st"", ""category"": ""fast_food"", ""state_raw"": ""NJ"", ""observed_at"": ""2026-07-22T00:00:00+00:00"", ""src_confidence"": 0.9902192950248718, ""category_source"": ""fast_food_restaurant"", ""source_record_id"": ""e72b57b4-8740-4f26-b2cc-4366b9da8958""}}","'citi':6 'jersey':5 'wendi':1,3",2026-07-22 00:00:00+00,overture,62,likely_open,95,50,0,{}
biz_4ac782f68f9cefa7,Chinese food chinatown,restaurant,,40.71504592895508,-73.9971694946289,POINT(-73.9971694946289 40.71504592895508),25 Henry St,New York,NY,10002-6931,,+12126088962,,{overture},,businesses_conflate,1100,2026-07-22 18:44:37.477175+00,2026-07-22 00:00:00+00,70,65,100,63,50,{},"{""overture"": {""lat"": 40.71504592895508, ""lon"": -73.9971694946289, ""zip"": ""10002-6931"", ""city"": ""New York"", ""name"": ""Chinese food chinatown"", ""brand"": null, ""phone"": ""+12126088962"", ""state"": ""NY"", ""address"": ""25 Henry St"", ""release"": ""2026-07-22.0"", ""website"": null, ""category"": ""restaurant"", ""state_raw"": ""NY"", ""observed_at"": ""2026-07-22T00:00:00+00:00"", ""src_confidence"": 0.17657522857189178, ""category_source"": ""restaurant"", ""source_record_id"": ""309218a1-4769-4075-aa03-a6e0dd2c5f73""}}",'chinatown':3 'chines':1 'food':2 'new':4 'york':5,2026-07-22 00:00:00+00,overture,62,likely_open,95,50,0,{}
biz_4acba7a4d3cc27d8,Pura Vida Miami,cafe,,40.72114181518555,-73.9968490600586,POINT(-73.9968490600586 40.72114181518555),98 Kenmare Street,New York,NY,10012,,3055354142,https://www.puravidamiami.com/,{overture},,businesses_conflate,1100,2026-07-22 18:44:37.477175+00,2026-07-22 00:00:00+00,73,65,100,75,50,{},"{""overture"": {""lat"": 40.72114181518555, ""lon"": -73.9968490600586, ""zip"": ""10012"", ""city"": ""New York"", ""name"": ""Pura Vida Miami"", ""brand"": null, ""phone"": ""3055354142"", ""state"": ""NY"", ""address"": ""98 Kenmare Street"", ""release"": ""2026-07-22.0"", ""website"": ""https://www.puravidamiami.com/"", ""category"": ""cafe"", ""state_raw"": ""NY"", ""observed_at"": ""2026-07-22T00:00:00+00:00"", ""src_confidence"": 0.9740993976593018, ""category_source"": ""cafe"", ""source_record_id"": ""6e701bbe-5fd4-4700-a7dd-9bd261fd31ae""}}",'miami':3 'new':4 'pura':1 'vida':2 'york':5,2026-07-22 00:00:00+00,overture,62,likely_open,95,50,0,{}
biz_4acd8122ac15540b,Lianjiangdongdai Inc,restaurant,,40.71171188354492,-73.9965591430664,POINT(-73.9965591430664 40.71171188354492),51 Catherine St,New York,NY,10038-1344,,3477035202,,{overture},,businesses_conflate,1100,2026-07-22 18:44:37.477175+00,2026-07-22 00:00:00+00,70,65,100,63,50,{},"{""overture"": {""lat"": 40.71171188354492, ""lon"": -73.9965591430664, ""zip"": ""10038-1344"", ""city"": ""New York"", ""name"": ""Lianjiangdongdai Inc"", ""brand"": null, ""phone"": ""3477035202"", ""state"": ""NY"", ""address"": ""51 Catherine St"", ""release"": ""2026-07-22.0"", ""website"": null, ""category"": ""restaurant"", ""state_raw"": ""NY"", ""observed_at"": ""2026-07-22T00:00:00+00:00"", ""src_confidence"": 0.65, ""category_source"": ""restaurant"", ""source_record_id"": ""35e80ca4-c2f4-497e-8153-fd33f67c4d50""}}",'inc':2 'lianjiangdongdai':1 'new':3 'york':4,2026-07-22 00:00:00+00,overture,62,likely_open,95,50,0,{}
biz_4aee20b6ce15625a,Ten Thousand Coffee,cafe,,40.70748519897461,-74.01081085205078,POINT(-74.01081085205078 40.70748519897461),14 Wall St,New York,NY,10005-2101,,16465896773,https://10000coffeeusa.com,{overture},,businesses_conflate,1100,2026-07-22 18:44:37.477175+00,2026-07-22 00:00:00+00,73,65,100,75,50,{},"{""overture"": {""lat"": 40.70748519897461, ""lon"": -74.01081085205078, ""zip"": ""10005-2101"", ""city"": ""New York"", ""name"": ""Ten Thousand Coffee"", ""brand"": null, ""phone"": ""16465896773"", ""state"": ""NY"", ""address"": ""14 Wall St"", ""release"": ""2026-07-22.0"", ""website"": ""https://10000coffeeusa.com"", ""category"": ""cafe"", ""state_raw"": ""NY"", ""observed_at"": ""2026-07-22T00:00:00+00:00"", ""src_confidence"": 0.95, ""category_source"": ""coffee_shop"", ""source_record_id"": ""0114cb20-aea2-4cee-9f34-3e59602b7d1d""}}",'coffe':3 'new':4 'ten':1 'thousand':2 'york':5,2026-07-22 00:00:00+00,overture,62,likely_open,95,50,0,{}
biz_4af8ae70dc8804e4,Grand Food Market,grocery,,40.7202033996582,-73.99989318847656,POINT(-73.99989318847656 40.7202033996582),133 Grand St,New York,NY,10013-3105,,,,{overture},,businesses_conflate,1100,2026-07-22 18:44:37.477175+00,2026-07-22 00:00:00+00,68,65,100,50,50,{},"{""overture"": {""lat"": 40.7202033996582, ""lon"": -73.99989318847656, ""zip"": ""10013-3105"", ""city"": ""New York"", ""name"": ""Grand Food Market"", ""brand"": null, ""phone"": null, ""state"": ""NY"", ""address"": ""133 Grand St"", ""release"": ""2026-07-22.0"", ""website"": null, ""category"": ""grocery"", ""state_raw"": ""NY"", ""observed_at"": ""2026-07-22T00:00:00+00:00"", ""src_confidence"": 0.95, ""category_source"": ""grocery_store"", ""source_record_id"": ""63bd4e6e-7d81-4978-85d1-d9dcdb79e089""}}",'food':2 'grand':1 'market':3 'new':4 'york':5,2026-07-22 00:00:00+00,overture,62,likely_open,95,50,0,{}
biz_4b05640efa8423b1,Oslo Coffee Roasters (West Village),cafe,Oslo Coffee Roasters,40.73384094238281,-74.0054702758789,POINT(-74.0054702758789 40.73384094238281),236 W 10th St,New York,NY,10014-5400,,+15163558385,http://oslocoffee.com,{overture},,businesses_conflate,1100,2026-07-22 18:44:37.477175+00,2026-07-22 00:00:00+00,78,65,100,100,50,{},"{""overture"": {""lat"": 40.73384094238281, ""lon"": -74.0054702758789, ""zip"": ""10014-5400"", ""city"": ""New York"", ""name"": ""Oslo Coffee Roasters (West Village)"", ""brand"": ""Oslo Coffee Roasters"", ""phone"": ""+15163558385"", ""state"": ""NY"", ""address"": ""236 W 10th St"", ""release"": ""2026-07-22.0"", ""website"": ""http://oslocoffee.com"", ""category"": ""cafe"", ""state_raw"": ""NY"", ""observed_at"": ""2026-07-22T00:00:00+00:00"", ""src_confidence"": 0.9902192950248718, ""category_source"": ""coffee_shop"", ""source_record_id"": ""5ba4febb-700a-4994-8a22-dd4aa8c680ce""}}","'coffe':2,7 'new':9 'oslo':1,6 'roaster':3,8 'villag':5 'west':4 'york':10",2026-07-22 00:00:00+00,overture,62,likely_open,95,50,0,{}
biz_4b12137030927805,One Fifth,restaurant,,40.73190689086914,-73.99620819091797,POINT(-73.99620819091797 40.73190689086914),1 5th Ave,New York,NY,10003-4312,,6464765420,https://www.onefifthnyc.com,{overture},,businesses_conflate,1100,2026-07-22 18:44:37.477175+00,2026-07-22 00:00:00+00,73,65,100,75,50,{},"{""overture"": {""lat"": 40.73190689086914, ""lon"": -73.99620819091797, ""zip"": ""10003-4312"", ""city"": ""New York"", ""name"": ""One Fifth"", ""brand"": null, ""phone"": ""6464765420"", ""state"": ""NY"", ""address"": ""1 5th Ave"", ""release"": ""2026-07-22.0"", ""website"": ""https://www.onefifthnyc.com"", ""category"": ""restaurant"", ""state_raw"": ""NY"", ""observed_at"": ""2026-07-22T00:00:00+00:00"", ""src_confidence"": 0.9902192950248718, ""category_source"": ""restaurant"", ""source_record_id"": ""049a8a2b-1117-4e4e-92a4-08801d1546df""}}",'fifth':2 'new':3 'one':1 'york':4,2026-07-22 00:00:00+00,overture,62,likely_open,95,50,0,{}
biz_4b1d963cc17b4f5d,Isshiki Salud,cafe,,40.719425201416016,-73.99769592285156,POINT(-73.99769592285156 40.719425201416016),183 Grand St,New York,NY,10013,,,https://isshikimatcha.com,{overture},,businesses_conflate,1100,2026-07-22 18:44:37.477175+00,2026-07-22 00:00:00+00,70,65,100,63,50,{},"{""overture"": {""lat"": 40.719425201416016, ""lon"": -73.99769592285156, ""zip"": ""10013"", ""city"": ""New York"", ""name"": ""Isshiki Salud"", ""brand"": null, ""phone"": null, ""state"": ""NY"", ""address"": ""183 Grand St"", ""release"": ""2026-07-22.0"", ""website"": ""https://isshikimatcha.com"", ""category"": ""cafe"", ""state_raw"": ""NY"", ""observed_at"": ""2026-07-22T00:00:00+00:00"", ""src_confidence"": 0.77, ""category_source"": ""cafe"", ""source_record_id"": ""5fb374c9-d6e9-4b3f-9d78-91f804156598""}}",'isshiki':1 'new':3 'salud':2 'york':4,2026-07-22 00:00:00+00,overture,62,likely_open,95,50,0,{}
biz_4b2bb455bd892fc5,Apple Bank ATM,atm_bank,,40.72922134399414,-74.00279235839844,POINT(-74.00279235839844 40.72922134399414),10 Downing St,New York,NY,10014,,9149022775,https://www.applebank.com/about/get-in-touch/locations-directions/branch-closures?utm_source=Bing&utm_medium=local&utm_campaign=Bing-local,{overture},,businesses_conflate,1100,2026-07-22 18:44:37.477175+00,2026-07-22 00:00:00+00,73,65,100,75,50,{},"{""overture"": {""lat"": 40.72922134399414, ""lon"": -74.00279235839844, ""zip"": ""10014"", ""city"": ""New York"", ""name"": ""Apple Bank ATM"", ""brand"": null, ""phone"": ""9149022775"", ""state"": ""NY"", ""address"": ""10 Downing St"", ""release"": ""2026-07-22.0"", ""website"": ""https://www.applebank.com/about/get-in-touch/locations-directions/branch-closures?utm_source=Bing&utm_medium=local&utm_campaign=Bing-local"", ""category"": ""atm_bank"", ""state_raw"": ""NY"", ""observed_at"": ""2026-07-22T00:00:00+00:00"", ""src_confidence"": 0.9655, ""category_source"": ""atms"", ""source_record_id"": ""c8ad4922-d533-4c31-bc34-c4123b29287c""}}",'appl':1 'atm':3 'bank':2 'new':4 'york':5,2026-07-22 00:00:00+00,overture,62,likely_open,95,50,0,{}
biz_4b43e634580dfe3b,Little Ruby's,cafe,Little Ruby's,40.72230529785156,-73.99628448486328,POINT(-73.99628448486328 40.72230529785156),219 Mulberry St,New York,NY,10012,,+12129255755,https://www.rubyscafe.com/,{overture},,businesses_conflate,1100,2026-07-22 18:44:37.477175+00,2026-07-22 00:00:00+00,78,65,100,100,50,{},"{""overture"": {""lat"": 40.72230529785156, ""lon"": -73.99628448486328, ""zip"": ""10012"", ""city"": ""New York"", ""name"": ""Little Ruby's"", ""brand"": ""Little Ruby's"", ""phone"": ""+12129255755"", ""state"": ""NY"", ""address"": ""219 Mulberry St"", ""release"": ""2026-07-22.0"", ""website"": ""https://www.rubyscafe.com/"", ""category"": ""cafe"", ""state_raw"": ""NY"", ""observed_at"": ""2026-07-22T00:00:00+00:00"", ""src_confidence"": 0.9895625710487366, ""category_source"": ""cafe"", ""source_record_id"": ""64255e5d-4b7c-4fac-a27d-986a862ff384""}}","'littl':1,4 'new':7 'rubi':2,5 'york':8",2026-07-22 00:00:00+00,overture,62,likely_open,95,50,0,{}
biz_4b5e335337b8f2bd,Lost Dreams,hotel,,40.714324951171875,-74.0093002319336,POINT(-74.0093002319336 40.714324951171875),49 Murray St,New York,NY,10007-2224,,+12123490891,http://www.lostdreams.com,{overture},,businesses_conflate,1100,2026-07-22 18:44:37.477175+00,2026-07-22 00:00:00+00,73,65,100,75,50,{},"{""overture"": {""lat"": 40.714324951171875, ""lon"": -74.0093002319336, ""zip"": ""10007-2224"", ""city"": ""New York"", ""name"": ""Lost Dreams"", ""brand"": null, ""phone"": ""+12123490891"", ""state"": ""NY"", ""address"": ""49 Murray St"", ""release"": ""2026-07-22.0"", ""website"": ""http://www.lostdreams.com"", ""category"": ""hotel"", ""state_raw"": ""NY"", ""observed_at"": ""2026-07-22T00:00:00+00:00"", ""src_confidence"": 0.9199122190475464, ""category_source"": ""hotel"", ""source_record_id"": ""cc8a2be0-da3a-41d3-a856-de5f9c780654""}}",'dream':2 'lost':1 'new':3 'york':4,2026-07-22 00:00:00+00,overture,62,likely_open,95,50,0,{}
biz_4b65960c9c168f62,Mcm Coffee,cafe,,40.7091178894043,-74.00578308105469,POINT(-74.00578308105469 40.7091178894043),88 Fulton St  Spc E,New York,NY,10038-2807,,16462356408,https://www.themcmcoffee.com,{overture},,businesses_conflate,1100,2026-07-22 18:44:37.477175+00,2026-07-22 00:00:00+00,73,65,100,75,50,{},"{""overture"": {""lat"": 40.7091178894043, ""lon"": -74.00578308105469, ""zip"": ""10038-2807"", ""city"": ""New York"", ""name"": ""Mcm Coffee"", ""brand"": null, ""phone"": ""16462356408"", ""state"": ""NY"", ""address"": ""88 Fulton St  Spc E"", ""release"": ""2026-07-22.0"", ""website"": ""https://www.themcmcoffee.com"", ""category"": ""cafe"", ""state_raw"": ""NY"", ""observed_at"": ""2026-07-22T00:00:00+00:00"", ""src_confidence"": 0.9902192950248718, ""category_source"": ""coffee_shop"", ""source_record_id"": ""7749f2f2-ff49-4d82-a723-9c8711972e4e""}}",'coffe':2 'mcm':1 'new':3 'york':4,2026-07-22 00:00:00+00,overture,62,likely_open,95,50,0,{}
biz_4b667f2a2b87339e,Summers Juice & Coffee,cafe,,40.727638244628906,-74.00032806396484,POINT(-74.00032806396484 40.727638244628906),169 Thompson St Frnt B,New York,NY,10012,,(917) 388-3372,http://summersbrooklyn.com,{overture},,businesses_conflate,1100,2026-07-22 18:44:37.477175+00,2026-07-22 00:00:00+00,73,65,100,75,50,{},"{""overture"": {""lat"": 40.727638244628906, ""lon"": -74.00032806396484, ""zip"": ""10012"", ""city"": ""New York"", ""name"": ""Summers Juice & Coffee"", ""brand"": null, ""phone"": ""(917) 388-3372"", ""state"": ""NY"", ""address"": ""169 Thompson St Frnt B"", ""release"": ""2026-07-22.0"", ""website"": ""http://summersbrooklyn.com"", ""category"": ""cafe"", ""state_raw"": ""NY"", ""observed_at"": ""2026-07-22T00:00:00+00:00"", ""src_confidence"": 0.77, ""category_source"": ""cafe"", ""source_record_id"": ""a90dd44d-3dc0-4198-b1a5-d9db7a2460cc""}}",'coffe':3 'juic':2 'new':4 'summer':1 'york':5,2026-07-22 00:00:00+00,overture,62,likely_open,95,50,0,{}
biz_4b6ed673b0c3b2e6,RBC NYC,cafe,,40.716800689697266,-74.00599670410156,POINT(-74.00599670410156 40.716800689697266),71 Worth St,New York,NY,10013,,(212) 226-1111,http://rbcnyc.com,{overture},,businesses_conflate,1100,2026-07-22 18:44:37.477175+00,2026-07-22 00:00:00+00,73,65,100,75,50,{},"{""overture"": {""lat"": 40.716800689697266, ""lon"": -74.00599670410156, ""zip"": ""10013"", ""city"": ""New York"", ""name"": ""RBC NYC"", ""brand"": null, ""phone"": ""(212) 226-1111"", ""state"": ""NY"", ""address"": ""71 Worth St"", ""release"": ""2026-07-22.0"", ""website"": ""http://rbcnyc.com"", ""category"": ""cafe"", ""state_raw"": ""NY"", ""observed_at"": ""2026-07-22T00:00:00+00:00"", ""src_confidence"": 0.9199122190475464, ""category_source"": ""coffee_shop"", ""source_record_id"": ""28d671f5-c9ba-4804-a34a-57c17800654c""}}",'new':3 'nyc':2 'rbc':1 'york':4,2026-07-22 00:00:00+00,overture,62,likely_open,95,50,0,{}
biz_4b6fdf391613eebe,Industrial and Commercial Bank of China,atm_bank,Industrial & Commercial Bank of China USA na,40.71682357788086,-73.9986343383789,POINT(-73.9986343383789 40.71682357788086),202 Canal St,New York,NY,10013-4517,,+12122388208,https://www.icbc-us.com,{overture},,businesses_conflate,1100,2026-07-22 18:44:37.477175+00,2026-07-22 00:00:00+00,78,65,100,100,50,{},"{""overture"": {""lat"": 40.71682357788086, ""lon"": -73.9986343383789, ""zip"": ""10013-4517"", ""city"": ""New York"", ""name"": ""Industrial and Commercial Bank of China"", ""brand"": ""Industrial & Commercial Bank of China USA na"", ""phone"": ""+12122388208"", ""state"": ""NY"", ""address"": ""202 Canal St"", ""release"": ""2026-07-22.0"", ""website"": ""https://www.icbc-us.com"", ""category"": ""atm_bank"", ""state_raw"": ""NY"", ""observed_at"": ""2026-07-22T00:00:00+00:00"", ""src_confidence"": 0.9199122190475464, ""category_source"": ""bank_credit_union"", ""source_record_id"": ""b5b9e89d-aa2c-4521-8604-1edd0aa85ba4""}}","'bank':4,9 'china':6,11 'commerci':3,8 'industri':1,7 'na':13 'new':14 'usa':12 'york':15",2026-07-22 00:00:00+00,overture,62,likely_open,95,50,0,{}
biz_4b7ea421b4c52745,Bus Stop Cafe,restaurant,,40.737030029296875,-74.00595092773438,POINT(-74.00595092773438 40.737030029296875),597 Hudson St,New York,NY,10014-1876,,,https://www.busstopcafe-nyc.com,{overture},,businesses_conflate,1100,2026-07-22 18:44:37.477175+00,2026-07-22 00:00:00+00,70,65,100,63,50,{},"{""overture"": {""lat"": 40.737030029296875, ""lon"": -74.00595092773438, ""zip"": ""10014-1876"", ""city"": ""New York"", ""name"": ""Bus Stop Cafe"", ""brand"": null, ""phone"": null, ""state"": ""NY"", ""address"": ""597 Hudson St"", ""release"": ""2026-07-22.0"", ""website"": ""https://www.busstopcafe-nyc.com"", ""category"": ""restaurant"", ""state_raw"": ""NY"", ""observed_at"": ""2026-07-22T00:00:00+00:00"", ""src_confidence"": 0.9931153655052185, ""category_source"": ""restaurant"", ""source_record_id"": ""09e36018-f25c-4f36-aa14-21322b447673""}}",'bus':1 'cafe':3 'new':4 'stop':2 'york':5,2026-07-22 00:00:00+00,overture,62,likely_open,95,50,0,{}
biz_4b8b28b7e43f4ebf,Sharma's Kitchen,restaurant,,40.71670150756836,-74,POINT(-74 40.71670150756836),pekini ave 31 b,New York,NY,80160\n,,+995568756975,,{overture},,businesses_conflate,1100,2026-07-22 18:44:37.477175+00,2026-07-22 00:00:00+00,70,65,100,63,50,{},"{""overture"": {""lat"": 40.71670150756836, ""lon"": -74, ""zip"": ""80160\\n"", ""city"": ""New York"", ""name"": ""Sharma's Kitchen"", ""brand"": null, ""phone"": ""+995568756975"", ""state"": ""NY"", ""address"": ""pekini ave 31 b"", ""release"": ""2026-07-22.0"", ""website"": null, ""category"": ""restaurant"", ""state_raw"": ""NY"", ""observed_at"": ""2026-07-22T00:00:00+00:00"", ""src_confidence"": 0.13393263518810272, ""category_source"": ""restaurant"", ""source_record_id"": ""9e50131c-4230-423d-a48b-f72bad24a8ce""}}",'kitchen':3 'new':4 'sharma':1 'york':5,2026-07-22 00:00:00+00,overture,62,likely_open,95,50,0,{}
biz_4b9a1eee4bfcd4e9,Bangkok Center Grocery,grocery,,40.71453857421875,-73.99934387207031,POINT(-73.99934387207031 40.71453857421875),104 Mosco St,New York,NY,10013,,+12123491979,http://www.bangkokcentergrocery.com/,{overture},,businesses_conflate,1100,2026-07-22 18:44:37.477175+00,2026-07-22 00:00:00+00,73,65,100,75,50,{},"{""overture"": {""lat"": 40.71453857421875, ""lon"": -73.99934387207031, ""zip"": ""10013"", ""city"": ""New York"", ""name"": ""Bangkok Center Grocery"", ""brand"": null, ""phone"": ""+12123491979"", ""state"": ""NY"", ""address"": ""104 Mosco St"", ""release"": ""2026-07-22.0"", ""website"": ""http://www.bangkokcentergrocery.com/"", ""category"": ""grocery"", ""state_raw"": ""NY"", ""observed_at"": ""2026-07-22T00:00:00+00:00"", ""src_confidence"": 0.9902192950248718, ""category_source"": ""grocery_store"", ""source_record_id"": ""24c7541b-a625-4415-acab-85a1adb483ee""}}",'bangkok':1 'center':2 'groceri':3 'new':4 'york':5,2026-07-22 00:00:00+00,overture,62,likely_open,95,50,0,{}
biz_4bb7f787fbb64a4c,LibertyX Bitcoin ATM,atm_bank,,40.71190643310547,-74.00524139404297,POINT(-74.00524139404297 40.71190643310547),1 Pace Plz,New York,NY,10038,,8005118940,https://libertyx.com/a/buy-bitcoin/locations/NY/new-york/1-pace-plaza?y_source=1_NzE1NTM0OTgtNDgzLWxvY2F0aW9uLndlYnNpdGU%3D,{overture},,businesses_conflate,1100,2026-07-22 18:44:37.477175+00,2026-07-22 00:00:00+00,73,65,100,75,50,{},"{""overture"": {""lat"": 40.71190643310547, ""lon"": -74.00524139404297, ""zip"": ""10038"", ""city"": ""New York"", ""name"": ""LibertyX Bitcoin ATM"", ""brand"": null, ""phone"": ""8005118940"", ""state"": ""NY"", ""address"": ""1 Pace Plz"", ""release"": ""2026-07-22.0"", ""website"": ""https://libertyx.com/a/buy-bitcoin/locations/NY/new-york/1-pace-plaza?y_source=1_NzE1NTM0OTgtNDgzLWxvY2F0aW9uLndlYnNpdGU%3D"", ""category"": ""atm_bank"", ""state_raw"": ""NY"", ""observed_at"": ""2026-07-22T00:00:00+00:00"", ""src_confidence"": 0.85, ""category_source"": ""atms"", ""source_record_id"": ""3acd1ea4-92b4-4b86-948c-f5c29b2115e7""}}",'atm':3 'bitcoin':2 'libertyx':1 'new':4 'york':5,2026-07-22 00:00:00+00,overture,62,likely_open,95,50,0,{}
biz_4bc144903cf0e185,Anton's,cafe,,40.73567199707031,-74.0058822631836,POINT(-74.0058822631836 40.73567199707031),570 Hudson St,New York,NY,10014-2461,,+12129240818,https://www.antonsnyc.com,{overture},,businesses_conflate,1100,2026-07-22 18:44:37.477175+00,2026-07-22 00:00:00+00,73,65,100,75,50,{},"{""overture"": {""lat"": 40.73567199707031, ""lon"": -74.0058822631836, ""zip"": ""10014-2461"", ""city"": ""New York"", ""name"": ""Anton's"", ""brand"": null, ""phone"": ""+12129240818"", ""state"": ""NY"", ""address"": ""570 Hudson St"", ""release"": ""2026-07-22.0"", ""website"": ""https://www.antonsnyc.com"", ""category"": ""cafe"", ""state_raw"": ""NY"", ""observed_at"": ""2026-07-22T00:00:00+00:00"", ""src_confidence"": 0.9906036257743835, ""category_source"": ""cafe"", ""source_record_id"": ""23b81e64-6ecf-4849-8d10-586fda3beb1a""}}",'anton':1 'new':3 'york':4,2026-07-22 00:00:00+00,overture,62,likely_open,95,50,0,{}
biz_4bc41b8a2f382367,Mulberry Pharmacy Inc.,pharmacy,,40.71671676635742,-73.99913024902344,POINT(-73.99913024902344 40.71671676635742),87 Mulberry St,New York,NY,10013-4452,,12126936688,https://www.mulberrypharmacy.com,{overture},,businesses_conflate,1100,2026-07-22 18:44:37.477175+00,2026-07-22 00:00:00+00,73,65,100,75,50,{},"{""overture"": {""lat"": 40.71671676635742, ""lon"": -73.99913024902344, ""zip"": ""10013-4452"", ""city"": ""New York"", ""name"": ""Mulberry Pharmacy Inc."", ""brand"": null, ""phone"": ""12126936688"", ""state"": ""NY"", ""address"": ""87 Mulberry St"", ""release"": ""2026-07-22.0"", ""website"": ""https://www.mulberrypharmacy.com"", ""category"": ""pharmacy"", ""state_raw"": ""NY"", ""observed_at"": ""2026-07-22T00:00:00+00:00"", ""src_confidence"": 0.95, ""category_source"": ""pharmacy"", ""source_record_id"": ""ccd03361-b25b-44fb-a0e1-4a018264b1f6""}}",'inc':3 'mulberri':1 'new':4 'pharmaci':2 'york':5,2026-07-22 00:00:00+00,overture,62,likely_open,95,50,0,{}
biz_4bf1de340a75bf08,"Remarkable Foods, Inc.",restaurant,,40.710289001464844,-74.01195526123047,POINT(-74.01195526123047 40.710289001464844),150 Greenwich St Fl 57,New York,NY,10007-2798,,+14845473062,https://www.remarkablefoods.com,{overture},,businesses_conflate,1100,2026-07-22 18:44:37.477175+00,2026-07-22 00:00:00+00,73,65,100,75,50,{},"{""overture"": {""lat"": 40.710289001464844, ""lon"": -74.01195526123047, ""zip"": ""10007-2798"", ""city"": ""New York"", ""name"": ""Remarkable Foods, Inc."", ""brand"": null, ""phone"": ""+14845473062"", ""state"": ""NY"", ""address"": ""150 Greenwich St Fl 57"", ""release"": ""2026-07-22.0"", ""website"": ""https://www.remarkablefoods.com"", ""category"": ""restaurant"", ""state_raw"": ""NY"", ""observed_at"": ""2026-07-22T00:00:00+00:00"", ""src_confidence"": 0.95, ""category_source"": ""restaurant"", ""source_record_id"": ""21d85544-830d-4b4f-a73e-0ac539ade41b""}}",'food':2 'inc':3 'new':4 'remark':1 'york':5,2026-07-22 00:00:00+00,overture,62,likely_open,95,50,0,{}
biz_4bf8320b8aa03907,Windy Gates Soho Inc,restaurant,,40.722618103027344,-73.99826049804688,POINT(-73.99826049804688 40.722618103027344),80 Spring St,New York,NY,10012-3907,,,augustineny.com,{overture},,businesses_conflate,1100,2026-07-22 18:44:37.477175+00,2026-07-22 00:00:00+00,70,65,100,63,50,{},"{""overture"": {""lat"": 40.722618103027344, ""lon"": -73.99826049804688, ""zip"": ""10012-3907"", ""city"": ""New York"", ""name"": ""Windy Gates Soho Inc"", ""brand"": null, ""phone"": null, ""state"": ""NY"", ""address"": ""80 Spring St"", ""release"": ""2026-07-22.0"", ""website"": ""augustineny.com"", ""category"": ""restaurant"", ""state_raw"": ""NY"", ""observed_at"": ""2026-07-22T00:00:00+00:00"", ""src_confidence"": 0.95, ""category_source"": ""restaurant"", ""source_record_id"": ""34c9ac00-a93b-4545-887b-a333e8c44c60""}}",'gate':2 'inc':4 'new':5 'soho':3 'windi':1 'york':6,2026-07-22 00:00:00+00,overture,62,likely_open,95,50,0,{}
biz_4bf8ac5c505be73a,East West Bank,atm_bank,,40.716976165771484,-73.99888610839844,POINT(-73.99888610839844 40.716976165771484),208 Canal Street,New York,NY,10013,,2127102913,https://www.eastwestbank.com/,{overture},,businesses_conflate,1100,2026-07-22 18:44:37.477175+00,2026-07-22 00:00:00+00,73,65,100,75,50,{},"{""overture"": {""lat"": 40.716976165771484, ""lon"": -73.99888610839844, ""zip"": ""10013"", ""city"": ""New York"", ""name"": ""East West Bank"", ""brand"": null, ""phone"": ""2127102913"", ""state"": ""NY"", ""address"": ""208 Canal Street"", ""release"": ""2026-07-22.0"", ""website"": ""https://www.eastwestbank.com/"", ""category"": ""atm_bank"", ""state_raw"": ""NY"", ""observed_at"": ""2026-07-22T00:00:00+00:00"", ""src_confidence"": 0.9655, ""category_source"": ""bank_credit_union"", ""source_record_id"": ""ad0524c2-3749-4af1-aeda-4e6356e523dc""}}",'bank':3 'east':1 'new':4 'west':2 'york':5,2026-07-22 00:00:00+00,overture,62,likely_open,95,50,0,{}
biz_4c07621cc7978a8d,Artion Cafe,cafe,,40.71907043457031,-74.00436401367188,POINT(-74.00436401367188 40.71907043457031),293 Church St,New York,NY,10013-2403,,+16468820165,,{overture},,businesses_conflate,1100,2026-07-22 18:44:37.477175+00,2026-07-22 00:00:00+00,70,65,100,63,50,{},"{""overture"": {""lat"": 40.71907043457031, ""lon"": -74.00436401367188, ""zip"": ""10013-2403"", ""city"": ""New York"", ""name"": ""Artion Cafe"", ""brand"": null, ""phone"": ""+16468820165"", ""state"": ""NY"", ""address"": ""293 Church St"", ""release"": ""2026-07-22.0"", ""website"": null, ""category"": ""cafe"", ""state_raw"": ""NY"", ""observed_at"": ""2026-07-22T00:00:00+00:00"", ""src_confidence"": 0.3058288097381592, ""category_source"": ""cafe"", ""source_record_id"": ""9445f094-0de2-4207-982b-dc73242fd601""}}",'artion':1 'cafe':2 'new':3 'york':4,2026-07-22 00:00:00+00,overture,62,likely_open,95,50,0,{}
biz_4c0951b0ee97f86e,"Bathazar, Soho, Nyc",restaurant,,40.72264862060547,-73.99825286865234,POINT(-73.99825286865234 40.72264862060547),,New York,NY,,,,,{overture},,businesses_conflate,1100,2026-07-22 18:44:37.477175+00,2026-07-22 00:00:00+00,60,65,100,13,50,{},"{""overture"": {""lat"": 40.72264862060547, ""lon"": -73.99825286865234, ""zip"": null, ""city"": ""New York"", ""name"": ""Bathazar, Soho, Nyc"", ""brand"": null, ""phone"": null, ""state"": ""NY"", ""address"": null, ""release"": ""2026-07-22.0"", ""website"": null, ""category"": ""restaurant"", ""state_raw"": ""NY"", ""observed_at"": ""2026-07-22T00:00:00+00:00"", ""src_confidence"": 0.7657846212387085, ""category_source"": ""restaurant"", ""source_record_id"": ""0452acc3-c81c-40c2-bf0d-c452393c352f""}}",'bathazar':1 'new':4 'nyc':3 'soho':2 'york':5,2026-07-22 00:00:00+00,overture,62,likely_open,95,50,0,{}
biz_4c1f2c24a297add6,Dirty Laundry Express,laundry,Dirty Laundry Express,40.84479522705078,-74.04154205322266,POINT(-74.04154205322266 40.84479522705078),213 Washington Ave,Little Ferry,NJ,07643-2081,,+12013473622,http://laundryfresh.com,{overture},,businesses_conflate,1100,2026-07-22 18:44:37.477175+00,2026-07-22 00:00:00+00,78,65,100,100,50,{},"{""overture"": {""lat"": 40.84479522705078, ""lon"": -74.04154205322266, ""zip"": ""07643-2081"", ""city"": ""Little Ferry"", ""name"": ""Dirty Laundry Express"", ""brand"": ""Dirty Laundry Express"", ""phone"": ""+12013473622"", ""state"": ""NJ"", ""address"": ""213 Washington Ave"", ""release"": ""2026-07-22.0"", ""website"": ""http://laundryfresh.com"", ""category"": ""laundry"", ""state_raw"": ""NJ"", ""observed_at"": ""2026-07-22T00:00:00+00:00"", ""src_confidence"": 0.6953416466712952, ""category_source"": ""laundromat"", ""source_record_id"": ""c064a33b-6a3f-4599-81e8-c86730b063b9""}}","'dirti':1,4 'express':3,6 'ferri':8 'laundri':2,5 'littl':7",2026-07-22 00:00:00+00,overture,62,likely_open,95,50,0,{}
biz_4c3e8b1e04d2cb8e,Jianlibao Limited,grocery,,40.71388626098633,-73.99920654296875,POINT(-73.99920654296875 40.71388626098633),197 Worth St,New York,NY,10013-4394,,,,{overture},,businesses_conflate,1100,2026-07-22 18:44:37.477175+00,2026-07-22 00:00:00+00,68,65,100,50,50,{},"{""overture"": {""lat"": 40.71388626098633, ""lon"": -73.99920654296875, ""zip"": ""10013-4394"", ""city"": ""New York"", ""name"": ""Jianlibao Limited"", ""brand"": null, ""phone"": null, ""state"": ""NY"", ""address"": ""197 Worth St"", ""release"": ""2026-07-22.0"", ""website"": null, ""category"": ""grocery"", ""state_raw"": ""NY"", ""observed_at"": ""2026-07-22T00:00:00+00:00"", ""src_confidence"": 0.95, ""category_source"": ""grocery_store"", ""source_record_id"": ""857118b2-9ae5-4d74-b9e6-0a4f45cbdf2c""}}",'jianlibao':1 'limit':2 'new':3 'york':4,2026-07-22 00:00:00+00,overture,62,likely_open,95,50,0,{}
biz_4c4c88e1d413ff8b,The Group Us Management Llc,restaurant,,40.7333984375,-74.0031967163086,POINT(-74.0031967163086 40.7333984375),108 7th Ave S # 2,New York,NY,10014-3402,,,https://www.thegroupus.com/,{overture},,businesses_conflate,1100,2026-07-22 18:44:37.477175+00,2026-07-22 00:00:00+00,70,65,100,63,50,{},"{""overture"": {""lat"": 40.7333984375, ""lon"": -74.0031967163086, ""zip"": ""10014-3402"", ""city"": ""New York"", ""name"": ""The Group Us Management Llc"", ""brand"": null, ""phone"": null, ""state"": ""NY"", ""address"": ""108 7th Ave S # 2"", ""release"": ""2026-07-22.0"", ""website"": ""https://www.thegroupus.com/"", ""category"": ""restaurant"", ""state_raw"": ""NY"", ""observed_at"": ""2026-07-22T00:00:00+00:00"", ""src_confidence"": 0.95, ""category_source"": ""restaurant"", ""source_record_id"": ""7d5d5572-c81a-4f5c-8716-96ce4b692599""}}",'group':2 'llc':5 'manag':4 'new':6 'us':3 'york':7,2026-07-22 00:00:00+00,overture,62,likely_open,95,50,0,{}
biz_4c55e2e6b4ae60fd,190 Bowery - Germania Bank Building,atm_bank,,40.72115707397461,-73.99398803710938,POINT(-73.99398803710938 40.72115707397461),190 Bowery,New York,NY,10012-4720,,,http://en.wikipedia.org/wiki/Germania_Bank_Building_(New_York_City),{overture},,businesses_conflate,1100,2026-07-22 18:44:37.477175+00,2026-07-22 00:00:00+00,70,65,100,63,50,{},"{""overture"": {""lat"": 40.72115707397461, ""lon"": -73.99398803710938, ""zip"": ""10012-4720"", ""city"": ""New York"", ""name"": ""190 Bowery - Germania Bank Building"", ""brand"": null, ""phone"": null, ""state"": ""NY"", ""address"": ""190 Bowery"", ""release"": ""2026-07-22.0"", ""website"": ""http://en.wikipedia.org/wiki/Germania_Bank_Building_(New_York_City)"", ""category"": ""atm_bank"", ""state_raw"": ""NY"", ""observed_at"": ""2026-07-22T00:00:00+00:00"", ""src_confidence"": 0.9722161889076233, ""category_source"": ""bank_credit_union"", ""source_record_id"": ""ed75f1f5-354c-424d-be45-8838f7edafa7""}}",'190':1 'bank':4 'boweri':2 'build':5 'germania':3 'new':6 'york':7,2026-07-22 00:00:00+00,overture,62,likely_open,95,50,0,{}
biz_4c5dbc3ee01bffca,LibertyX Bitcoin ATM,atm_bank,,40.718753814697266,-73.9977798461914,POINT(-73.9977798461914 40.718753814697266),139 Mulberry St,New York,NY,10013,,8005118940,https://libertyx.com/a/buy-bitcoin/locations/NY/new-york/139-mulberry-st?y_source=1_MTAxNDU3MzAwOS00ODMtbG9jYXRpb24ud2Vic2l0ZQ%3D%3D,{overture},,businesses_conflate,1100,2026-07-22 18:44:37.477175+00,2026-07-22 00:00:00+00,73,65,100,75,50,{},"{""overture"": {""lat"": 40.718753814697266, ""lon"": -73.9977798461914, ""zip"": ""10013"", ""city"": ""New York"", ""name"": ""LibertyX Bitcoin ATM"", ""brand"": null, ""phone"": ""8005118940"", ""state"": ""NY"", ""address"": ""139 Mulberry St"", ""release"": ""2026-07-22.0"", ""website"": ""https://libertyx.com/a/buy-bitcoin/locations/NY/new-york/139-mulberry-st?y_source=1_MTAxNDU3MzAwOS00ODMtbG9jYXRpb24ud2Vic2l0ZQ%3D%3D"", ""category"": ""atm_bank"", ""state_raw"": ""NY"", ""observed_at"": ""2026-07-22T00:00:00+00:00"", ""src_confidence"": 0.85, ""category_source"": ""atms"", ""source_record_id"": ""39b58aad-e8d6-4d0d-a7a3-b84463ddc58d""}}",'atm':3 'bitcoin':2 'libertyx':1 'new':4 'york':5,2026-07-22 00:00:00+00,overture,62,likely_open,95,50,0,{}
biz_4c70f001923ac25f,Duane Reade Pharmacy,pharmacy,,40.70743942260742,-74.00425720214844,POINT(-74.00425720214844 40.70743942260742),200 Water St,New York,NY,10038,,+12128250761,https://www.walgreens.com,{overture},,businesses_conflate,1100,2026-07-22 18:44:37.477175+00,2026-07-22 00:00:00+00,73,65,100,75,50,{},"{""overture"": {""lat"": 40.70743942260742, ""lon"": -74.00425720214844, ""zip"": ""10038"", ""city"": ""New York"", ""name"": ""Duane Reade Pharmacy"", ""brand"": null, ""phone"": ""+12128250761"", ""state"": ""NY"", ""address"": ""200 Water St"", ""release"": ""2026-07-22.0"", ""website"": ""https://www.walgreens.com"", ""category"": ""pharmacy"", ""state_raw"": ""NY"", ""observed_at"": ""2026-07-22T00:00:00+00:00"", ""src_confidence"": 1.0, ""category_source"": ""pharmacy"", ""source_record_id"": ""9b57aba2-6989-45a1-a654-c5290d776e66""}}",'duan':1 'new':4 'pharmaci':3 'read':2 'york':5,2026-07-22 00:00:00+00,overture,62,likely_open,95,50,0,{}
biz_4c7a5bebc6923cf4,Bank of Japan,atm_bank,,40.708587646484375,-74.00995635986328,POINT(-74.00995635986328 40.708587646484375),140 Broadway Ste 1802,New York,NY,10005,,(212) 269-6566,https://www.boj.or.jp/about/outline/location/kaigai_location.htm,{overture},,businesses_conflate,1100,2026-07-22 18:44:37.477175+00,2026-07-22 00:00:00+00,73,65,100,75,50,{},"{""overture"": {""lat"": 40.708587646484375, ""lon"": -74.00995635986328, ""zip"": ""10005"", ""city"": ""New York"", ""name"": ""Bank of Japan"", ""brand"": null, ""phone"": ""(212) 269-6566"", ""state"": ""NY"", ""address"": ""140 Broadway Ste 1802"", ""release"": ""2026-07-22.0"", ""website"": ""https://www.boj.or.jp/about/outline/location/kaigai_location.htm"", ""category"": ""atm_bank"", ""state_raw"": ""NY"", ""observed_at"": ""2026-07-22T00:00:00+00:00"", ""src_confidence"": 0.9199122190475464, ""category_source"": ""banks"", ""source_record_id"": ""484f66d0-c5d3-44c3-a9c2-e0d250114d91""}}",'bank':1 'japan':3 'new':4 'york':5,2026-07-22 00:00:00+00,overture,62,likely_open,95,50,0,{}
biz_4c8a9ded4dd3fed6,A M Pharmacy II Inc,pharmacy,,40.71868133544922,-73.99559783935547,POINT(-73.99559783935547 40.71868133544922),223 Grand St,New York,NY,10013-4240,,+12122268832,http://barrister.com,{overture},,businesses_conflate,1100,2026-07-22 18:44:37.477175+00,2026-07-22 00:00:00+00,73,65,100,75,50,{},"{""overture"": {""lat"": 40.71868133544922, ""lon"": -73.99559783935547, ""zip"": ""10013-4240"", ""city"": ""New York"", ""name"": ""A M Pharmacy II Inc"", ""brand"": null, ""phone"": ""+12122268832"", ""state"": ""NY"", ""address"": ""223 Grand St"", ""release"": ""2026-07-22.0"", ""website"": ""http://barrister.com"", ""category"": ""pharmacy"", ""state_raw"": ""NY"", ""observed_at"": ""2026-07-22T00:00:00+00:00"", ""src_confidence"": 0.9199122190475464, ""category_source"": ""pharmacy"", ""source_record_id"": ""391a9e86-24e9-4fa1-b898-1eba9f259b82""}}",'ii':4 'inc':5 'm':2 'new':6 'pharmaci':3 'york':7,2026-07-22 00:00:00+00,overture,62,likely_open,95,50,0,{}
biz_4cc8177c06cd9e47,Blank Street Coffee,cafe,Blank Street Coffee,40.722496032714844,-73.99724578857422,POINT(-73.99724578857422 40.722496032714844),,,NY,,,,https://www.blankstreet.com/locations/new-york/118-the-green-room-soho,{overture},,businesses_conflate,1100,2026-07-22 18:44:37.477175+00,2026-07-22 00:00:00+00,65,65,100,38,50,{},"{""overture"": {""lat"": 40.722496032714844, ""lon"": -73.99724578857422, ""zip"": null, ""city"": null, ""name"": ""Blank Street Coffee"", ""brand"": ""Blank Street Coffee"", ""phone"": null, ""state"": ""NY"", ""address"": null, ""release"": ""2026-07-22.0"", ""website"": ""https://www.blankstreet.com/locations/new-york/118-the-green-room-soho"", ""category"": ""cafe"", ""state_raw"": ""NY"", ""observed_at"": ""2026-07-22T00:00:00+00:00"", ""src_confidence"": 0.9902192950248718, ""category_source"": ""coffee_shop"", ""source_record_id"": ""98a96b71-5d38-4a1a-bfa1-121a66ab8436""}}","'blank':1,4 'coffe':3,6 'street':2,5",2026-07-22 00:00:00+00,overture,62,likely_open,95,50,0,{}
biz_4cd1f84aab5cacdf,"A. M. Pearl, Inc",restaurant,,40.70690155029297,-74.00627136230469,POINT(-74.00627136230469 40.70690155029297),212 Pearl St,New York,NY,10038-4928,,,,{overture},,businesses_conflate,1100,2026-07-22 18:44:37.477175+00,2026-07-22 00:00:00+00,68,65,100,50,50,{},"{""overture"": {""lat"": 40.70690155029297, ""lon"": -74.00627136230469, ""zip"": ""10038-4928"", ""city"": ""New York"", ""name"": ""A. M. Pearl, Inc"", ""brand"": null, ""phone"": null, ""state"": ""NY"", ""address"": ""212 Pearl St"", ""release"": ""2026-07-22.0"", ""website"": null, ""category"": ""restaurant"", ""state_raw"": ""NY"", ""observed_at"": ""2026-07-22T00:00:00+00:00"", ""src_confidence"": 0.95, ""category_source"": ""restaurant"", ""source_record_id"": ""e962c10a-53c2-4980-bb03-609835b9f5f9""}}",'inc':4 'm':2 'new':5 'pearl':3 'york':6,2026-07-22 00:00:00+00,overture,62,likely_open,95,50,0,{}
biz_4cf2bc642927bde2,Leodoro,grocery,,40.73627471923828,-74.03899383544922,POINT(-74.03899383544922 40.73627471923828),693 Marin Blvd,Jersey City,NJ,07310-1225,,+12014690144,http://kobricks.com,{overture},,businesses_conflate,1100,2026-07-22 18:44:37.477175+00,2026-07-22 00:00:00+00,73,65,100,75,50,{},"{""overture"": {""lat"": 40.73627471923828, ""lon"": -74.03899383544922, ""zip"": ""07310-1225"", ""city"": ""Jersey City"", ""name"": ""Leodoro"", ""brand"": null, ""phone"": ""+12014690144"", ""state"": ""NJ"", ""address"": ""693 Marin Blvd"", ""release"": ""2026-07-22.0"", ""website"": ""http://kobricks.com"", ""category"": ""grocery"", ""state_raw"": ""NJ"", ""observed_at"": ""2026-07-22T00:00:00+00:00"", ""src_confidence"": 0.4093277156352997, ""category_source"": ""grocery_store"", ""source_record_id"": ""f6319a89-f3ef-44f2-9c15-f6785d50225b""}}",'citi':3 'jersey':2 'leodoro':1,2026-07-22 00:00:00+00,overture,62,likely_open,95,50,0,{}
biz_4cf30c2670c6d866,พุงโต หมูกระทะ 149 ภูเวียง,restaurant,,40.71194839477539,-74.00435638427734,POINT(-74.00435638427734 40.71194839477539),ภูเวียง,New York,NY,40150,,+66639539873,https://maps.app.goo.gl/xDkesdjVY9gza6Gq9?g_st=com.google.maps.preview.copy,{overture},,businesses_conflate,1100,2026-07-22 18:44:37.477175+00,2026-07-22 00:00:00+00,73,65,100,75,50,{},"{""overture"": {""lat"": 40.71194839477539, ""lon"": -74.00435638427734, ""zip"": ""40150"", ""city"": ""New York"", ""name"": ""พุงโต หมูกระทะ 149 ภูเวียง"", ""brand"": null, ""phone"": ""+66639539873"", ""state"": ""NY"", ""address"": ""ภูเวียง"", ""release"": ""2026-07-22.0"", ""website"": ""https://maps.app.goo.gl/xDkesdjVY9gza6Gq9?g_st=com.google.maps.preview.copy"", ""category"": ""restaurant"", ""state_raw"": ""NY"", ""observed_at"": ""2026-07-22T00:00:00+00:00"", ""src_confidence"": 0.7447000741958618, ""category_source"": ""restaurant"", ""source_record_id"": ""314d471d-24fb-4d20-bae7-deea85df9304""}}",'149':3 'new':5 'york':6 'พุงโต':1 'ภูเวียง':4 'หมูกระทะ':2,2026-07-22 00:00:00+00,overture,62,likely_open,95,50,0,{}
biz_4cf7a26a6b597f19,Mahmoud Abdelrazek,restaurant,,40.72119903564453,-74.0457992553711,POINT(-74.0457992553711 40.72119903564453),187 Newark Ave # A,Jersey City,NJ,07302-2813,,,https://www.mountauburnhospital.org,{overture},,businesses_conflate,1100,2026-07-22 18:44:37.477175+00,2026-07-22 00:00:00+00,70,65,100,63,50,{},"{""overture"": {""lat"": 40.72119903564453, ""lon"": -74.0457992553711, ""zip"": ""07302-2813"", ""city"": ""Jersey City"", ""name"": ""Mahmoud Abdelrazek"", ""brand"": null, ""phone"": null, ""state"": ""NJ"", ""address"": ""187 Newark Ave # A"", ""release"": ""2026-07-22.0"", ""website"": ""https://www.mountauburnhospital.org"", ""category"": ""restaurant"", ""state_raw"": ""NJ"", ""observed_at"": ""2026-07-22T00:00:00+00:00"", ""src_confidence"": 0.95, ""category_source"": ""restaurant"", ""source_record_id"": ""855e7785-0133-4862-97a6-9e3859951c1e""}}",'abdelrazek':2 'citi':4 'jersey':3 'mahmoud':1,2026-07-22 00:00:00+00,overture,62,likely_open,95,50,0,{}
biz_4d2e88b3013f7c43,Mobil,fuel_station,,40.73199462890625,-74.04170227050781,POINT(-74.04170227050781 40.73199462890625),202 14th St,Jersey City,NJ,07310,,(201) 610-0782,http://www.mobil.com,{overture},,businesses_conflate,1100,2026-07-22 18:44:37.477175+00,2026-07-22 00:00:00+00,73,65,100,75,50,{},"{""overture"": {""lat"": 40.73199462890625, ""lon"": -74.04170227050781, ""zip"": ""07310"", ""city"": ""Jersey City"", ""name"": ""Mobil"", ""brand"": null, ""phone"": ""(201) 610-0782"", ""state"": ""NJ"", ""address"": ""202 14th St"", ""release"": ""2026-07-22.0"", ""website"": ""http://www.mobil.com"", ""category"": ""fuel_station"", ""state_raw"": ""NJ"", ""observed_at"": ""2026-07-22T00:00:00+00:00"", ""src_confidence"": 0.77, ""category_source"": ""gas_station"", ""source_record_id"": ""45c85558-76b8-4a96-90bb-ab53ffa61f11""}}",'citi':3 'jersey':2 'mobil':1,2026-07-22 00:00:00+00,overture,62,likely_open,95,50,0,{}
biz_4d3cc9b7ba3071f8,Taco Bell,fast_food,Taco Bell,40.736000061035156,-74.029541015625,POINT(-74.029541015625 40.736000061035156),38 Hudson Pl,Hoboken,NJ,07030-5518,,+15512220125,https://locations.tacobell.com/nj/hoboken/38-hudson-place.html,{overture},,businesses_conflate,1100,2026-07-22 18:44:37.477175+00,2026-07-22 00:00:00+00,78,65,100,100,50,{},"{""overture"": {""lat"": 40.736000061035156, ""lon"": -74.029541015625, ""zip"": ""07030-5518"", ""city"": ""Hoboken"", ""name"": ""Taco Bell"", ""brand"": ""Taco Bell"", ""phone"": ""+15512220125"", ""state"": ""NJ"", ""address"": ""38 Hudson Pl"", ""release"": ""2026-07-22.0"", ""website"": ""https://locations.tacobell.com/nj/hoboken/38-hudson-place.html"", ""category"": ""fast_food"", ""state_raw"": ""NJ"", ""observed_at"": ""2026-07-22T00:00:00+00:00"", ""src_confidence"": 0.9902192950248718, ""category_source"": ""fast_food_restaurant"", ""source_record_id"": ""7c2b14f7-5198-4148-ab3d-bdb1491a0d97""}}","'bell':2,4 'hoboken':5 'taco':1,3",2026-07-22 00:00:00+00,overture,62,likely_open,95,50,0,{}
biz_4d40330e1b27eaec,Hampton Inn Manhattan-seaport-financial District,hotel,,40.70893859863281,-74.00210571289062,POINT(-74.00210571289062 40.70893859863281),320 Pearl St,New York,NY,10038-1604,,2125714400,https://www.hilton.com,{overture},,businesses_conflate,1100,2026-07-22 18:44:37.477175+00,2026-07-22 00:00:00+00,73,65,100,75,50,{},"{""overture"": {""lat"": 40.70893859863281, ""lon"": -74.00210571289062, ""zip"": ""10038-1604"", ""city"": ""New York"", ""name"": ""Hampton Inn Manhattan-seaport-financial District"", ""brand"": null, ""phone"": ""2125714400"", ""state"": ""NY"", ""address"": ""320 Pearl St"", ""release"": ""2026-07-22.0"", ""website"": ""https://www.hilton.com"", ""category"": ""hotel"", ""state_raw"": ""NY"", ""observed_at"": ""2026-07-22T00:00:00+00:00"", ""src_confidence"": 0.9902192950248718, ""category_source"": ""hotel"", ""source_record_id"": ""9e0a8a00-09d5-4679-8696-dd5ef68497ce""}}",'district':7 'financi':6 'hampton':1 'inn':2 'manhattan':4 'manhattan-seaport-financi':3 'new':8 'seaport':5 'york':9,2026-07-22 00:00:00+00,overture,62,likely_open,95,50,0,{}
biz_4d42848f6a91315a,Sheraton Tribeca New York Hotel,hotel,Sheraton Hotels & Resorts,40.720645904541016,-74.00438690185547,POINT(-74.00438690185547 40.720645904541016),370 Canal St,New York,NY,10013,,+12129663400,https://www.marriott.com/en-us/hotels/nyctr-sheraton-tribeca-new-york-hotel/overview/?scid=d2406702-e8ea-4b45-bb9b-69cddaaef03d,{overture},,businesses_conflate,1100,2026-07-22 18:44:37.477175+00,2026-07-22 00:00:00+00,78,65,100,100,50,{},"{""overture"": {""lat"": 40.720645904541016, ""lon"": -74.00438690185547, ""zip"": ""10013"", ""city"": ""New York"", ""name"": ""Sheraton Tribeca New York Hotel"", ""brand"": ""Sheraton Hotels & Resorts"", ""phone"": ""+12129663400"", ""state"": ""NY"", ""address"": ""370 Canal St"", ""release"": ""2026-07-22.0"", ""website"": ""https://www.marriott.com/en-us/hotels/nyctr-sheraton-tribeca-new-york-hotel/overview/?scid=d2406702-e8ea-4b45-bb9b-69cddaaef03d"", ""category"": ""hotel"", ""state_raw"": ""NY"", ""observed_at"": ""2026-07-22T00:00:00+00:00"", ""src_confidence"": 0.9987599849700928, ""category_source"": ""hotel"", ""source_record_id"": ""873f5579-8891-4652-95c1-d199898c536a""}}","'hotel':5,7 'new':3,9 'resort':8 'sheraton':1,6 'tribeca':2 'york':4,10",2026-07-22 00:00:00+00,overture,62,likely_open,95,50,0,{}
biz_4d5cc8df474020b2,Tribeca Village Farm Inc,grocery,,40.71636199951172,-74.00933837890625,POINT(-74.00933837890625 40.71636199951172),13 Hudson St,New York,NY,10013-3802,,,,{overture},,businesses_conflate,1100,2026-07-22 18:44:37.477175+00,2026-07-22 00:00:00+00,68,65,100,50,50,{},"{""overture"": {""lat"": 40.71636199951172, ""lon"": -74.00933837890625, ""zip"": ""10013-3802"", ""city"": ""New York"", ""name"": ""Tribeca Village Farm Inc"", ""brand"": null, ""phone"": null, ""state"": ""NY"", ""address"": ""13 Hudson St"", ""release"": ""2026-07-22.0"", ""website"": null, ""category"": ""grocery"", ""state_raw"": ""NY"", ""observed_at"": ""2026-07-22T00:00:00+00:00"", ""src_confidence"": 0.95, ""category_source"": ""grocery_store"", ""source_record_id"": ""424c08c3-adf8-48fe-b428-fe220032cb90""}}",'farm':3 'inc':4 'new':5 'tribeca':1 'villag':2 'york':6,2026-07-22 00:00:00+00,overture,62,likely_open,95,50,0,{}
biz_4d8b9acaf15fd9b4,Blimpie,fast_food,,40.709712982177734,-74.0084228515625,POINT(-74.0084228515625 40.709712982177734),"69 Nassau St, A/K/A 29 John St",New York,NY,10038,,(212) 528-5284,http://www.blimpie.com/stores/11742,{overture},,businesses_conflate,1100,2026-07-22 18:44:37.477175+00,2026-07-22 00:00:00+00,73,65,100,75,50,{},"{""overture"": {""lat"": 40.709712982177734, ""lon"": -74.0084228515625, ""zip"": ""10038"", ""city"": ""New York"", ""name"": ""Blimpie"", ""brand"": null, ""phone"": ""(212) 528-5284"", ""state"": ""NY"", ""address"": ""69 Nassau St, A/K/A 29 John St"", ""release"": ""2026-07-22.0"", ""website"": ""http://www.blimpie.com/stores/11742"", ""category"": ""fast_food"", ""state_raw"": ""NY"", ""observed_at"": ""2026-07-22T00:00:00+00:00"", ""src_confidence"": 0.77, ""category_source"": ""fast_food_restaurant"", ""source_record_id"": ""5a1ee3d2-1d9e-455a-8fb8-e4e82e8c2562""}}",'blimpi':1 'new':2 'york':3,2026-07-22 00:00:00+00,overture,62,likely_open,95,50,0,{}
biz_4da47b8b327a3aa9,Branson Bowers,grocery,,40.720428466796875,-73.99854278564453,POINT(-73.99854278564453 40.720428466796875),\t177 Lafayette St,New York,NY,\t10013,,+5756224475,,{overture},,businesses_conflate,1100,2026-07-22 18:44:37.477175+00,2026-07-22 00:00:00+00,70,65,100,63,50,{},"{""overture"": {""lat"": 40.720428466796875, ""lon"": -73.99854278564453, ""zip"": ""\\t10013"", ""city"": ""New York"", ""name"": ""Branson Bowers"", ""brand"": null, ""phone"": ""+5756224475"", ""state"": ""NY"", ""address"": ""\\t177 Lafayette St"", ""release"": ""2026-07-22.0"", ""website"": null, ""category"": ""grocery"", ""state_raw"": ""NY"", ""observed_at"": ""2026-07-22T00:00:00+00:00"", ""src_confidence"": 0.2758425176143646, ""category_source"": ""grocery_store"", ""source_record_id"": ""4cca6152-a14c-4277-96c1-3f93175cb78e""}}",'bower':2 'branson':1 'new':3 'york':4,2026-07-22 00:00:00+00,overture,62,likely_open,95,50,0,{}
biz_4da7026b30be6e15,Soho Deli & Grocery,grocery,,40.722434997558594,-73.99225616455078,POINT(-73.99225616455078 40.722434997558594),15 Stanton St,New York,NY,10002-1207,,+12127779709,https://sohodeligrocery.com,{overture},,businesses_conflate,1100,2026-07-22 18:44:37.477175+00,2026-07-22 00:00:00+00,73,65,100,75,50,{},"{""overture"": {""lat"": 40.722434997558594, ""lon"": -73.99225616455078, ""zip"": ""10002-1207"", ""city"": ""New York"", ""name"": ""Soho Deli & Grocery"", ""brand"": null, ""phone"": ""+12127779709"", ""state"": ""NY"", ""address"": ""15 Stanton St"", ""release"": ""2026-07-22.0"", ""website"": ""https://sohodeligrocery.com"", ""category"": ""grocery"", ""state_raw"": ""NY"", ""observed_at"": ""2026-07-22T00:00:00+00:00"", ""src_confidence"": 0.9788447022438049, ""category_source"": ""grocery_store"", ""source_record_id"": ""e61ea494-bd6f-49eb-9a05-bc569000b0e1""}}",'deli':2 'groceri':3 'new':4 'soho':1 'york':5,2026-07-22 00:00:00+00,overture,62,likely_open,95,50,0,{}
biz_4de0b350bee385fe,Booze Carriage,grocery,,40.7110710144043,-74.0086898803711,POINT(-74.0086898803711 40.7110710144043),222 Broadway,New York,NY,10038-2510,,,boozecarriage.com,{overture},,businesses_conflate,1100,2026-07-22 18:44:37.477175+00,2026-07-22 00:00:00+00,70,65,100,63,50,{},"{""overture"": {""lat"": 40.7110710144043, ""lon"": -74.0086898803711, ""zip"": ""10038-2510"", ""city"": ""New York"", ""name"": ""Booze Carriage"", ""brand"": null, ""phone"": null, ""state"": ""NY"", ""address"": ""222 Broadway"", ""release"": ""2026-07-22.0"", ""website"": ""boozecarriage.com"", ""category"": ""grocery"", ""state_raw"": ""NY"", ""observed_at"": ""2026-07-22T00:00:00+00:00"", ""src_confidence"": 0.95, ""category_source"": ""grocery_store"", ""source_record_id"": ""3afd9193-f46c-4f76-9179-0f7ed1d4346a""}}",'booz':1 'carriag':2 'new':3 'york':4,2026-07-22 00:00:00+00,overture,62,likely_open,95,50,0,{}
biz_4dee3fdc68caa8e2,Financier Patisserie,cafe,,40.70745849609375,-74.00817108154297,POINT(-74.00817108154297 40.70745849609375),35 Cedar St,New York,NY,10005,,2129523838,https://financierpatisserie.com/index.php,{overture},,businesses_conflate,1100,2026-07-22 18:44:37.477175+00,2026-07-22 00:00:00+00,73,65,100,75,50,{},"{""overture"": {""lat"": 40.70745849609375, ""lon"": -74.00817108154297, ""zip"": ""10005"", ""city"": ""New York"", ""name"": ""Financier Patisserie"", ""brand"": null, ""phone"": ""2129523838"", ""state"": ""NY"", ""address"": ""35 Cedar St"", ""release"": ""2026-07-22.0"", ""website"": ""https://financierpatisserie.com/index.php"", ""category"": ""cafe"", ""state_raw"": ""NY"", ""observed_at"": ""2026-07-22T00:00:00+00:00"", ""src_confidence"": 0.9199122190475464, ""category_source"": ""coffee_shop"", ""source_record_id"": ""0f1b418f-eeff-4521-8030-ce4408548a2d""}}",'financi':1 'new':3 'patisseri':2 'york':4,2026-07-22 00:00:00+00,overture,62,likely_open,95,50,0,{}
biz_4dfc9d938a629c79,LibertyX Bitcoin ATM,atm_bank,LibertyX Bitcoin ATM,40.72102737426758,-73.99473571777344,POINT(-73.99473571777344 40.72102737426758),288 Mulberry St,New York,NY,10012-3994,,+18005118940,https://libertyx.com/a/buy-bitcoin/locations/NY/new-york/212-lafayette-st?y_source=1_MTAxNDU3MzI1OC01NTktbG9jYXRpb24ud2Vic2l0ZQ%3D%3D,{overture},,businesses_conflate,1100,2026-07-22 18:44:37.477175+00,2026-07-22 00:00:00+00,78,65,100,100,50,{},"{""overture"": {""lat"": 40.72102737426758, ""lon"": -73.99473571777344, ""zip"": ""10012-3994"", ""city"": ""New York"", ""name"": ""LibertyX Bitcoin ATM"", ""brand"": ""LibertyX Bitcoin ATM"", ""phone"": ""+18005118940"", ""state"": ""NY"", ""address"": ""288 Mulberry St"", ""release"": ""2026-07-22.0"", ""website"": ""https://libertyx.com/a/buy-bitcoin/locations/NY/new-york/212-lafayette-st?y_source=1_MTAxNDU3MzI1OC01NTktbG9jYXRpb24ud2Vic2l0ZQ%3D%3D"", ""category"": ""atm_bank"", ""state_raw"": ""NY"", ""observed_at"": ""2026-07-22T00:00:00+00:00"", ""src_confidence"": 0.9812828749418259, ""category_source"": ""atms"", ""source_record_id"": ""a8684fd7-f5cd-40e0-8259-70d3c3a32c1b""}}","'atm':3,6 'bitcoin':2,5 'libertyx':1,4 'new':7 'york':8",2026-07-22 00:00:00+00,overture,62,likely_open,95,50,0,{}
biz_4e04b02973b51381,Koké,cafe,,40.729129791259766,-74.0005111694336,POINT(-74.0005111694336 40.729129791259766),173 Bleecker St,New York,NY,10012-1473,,+15125904102,http://www.kokenyc.com/,{overture},,businesses_conflate,1100,2026-07-22 18:44:37.477175+00,2026-07-22 00:00:00+00,73,65,100,75,50,{},"{""overture"": {""lat"": 40.729129791259766, ""lon"": -74.0005111694336, ""zip"": ""10012-1473"", ""city"": ""New York"", ""name"": ""Koké"", ""brand"": null, ""phone"": ""+15125904102"", ""state"": ""NY"", ""address"": ""173 Bleecker St"", ""release"": ""2026-07-22.0"", ""website"": ""http://www.kokenyc.com/"", ""category"": ""cafe"", ""state_raw"": ""NY"", ""observed_at"": ""2026-07-22T00:00:00+00:00"", ""src_confidence"": 0.27006450295448303, ""category_source"": ""cafe"", ""source_record_id"": ""0900856a-9c5f-44c2-a971-d9baf0f42d23""}}",'koké':1 'new':2 'york':3,2026-07-22 00:00:00+00,overture,62,likely_open,95,50,0,{}
biz_4e09f22a70a8f051,Populence,fast_food,,40.732303619384766,-73.99687194824219,POINT(-73.99687194824219 40.732303619384766),1 W 8th St,New York,NY,10011,,(212) 995-9055,http://www.populencenyc.com/,{overture},,businesses_conflate,1100,2026-07-22 18:44:37.477175+00,2026-07-22 00:00:00+00,73,65,100,75,50,{},"{""overture"": {""lat"": 40.732303619384766, ""lon"": -73.99687194824219, ""zip"": ""10011"", ""city"": ""New York"", ""name"": ""Populence"", ""brand"": null, ""phone"": ""(212) 995-9055"", ""state"": ""NY"", ""address"": ""1 W 8th St"", ""release"": ""2026-07-22.0"", ""website"": ""http://www.populencenyc.com/"", ""category"": ""fast_food"", ""state_raw"": ""NY"", ""observed_at"": ""2026-07-22T00:00:00+00:00"", ""src_confidence"": 0.77, ""category_source"": ""fast_food_restaurant"", ""source_record_id"": ""0eb5d0cb-e4c6-4f6f-92d4-b273a2c37cb2""}}",'new':2 'popul':1 'york':3,2026-07-22 00:00:00+00,overture,62,likely_open,95,50,0,{}
biz_4e0d2f95e7fef5f7,Paris Baguette,restaurant,,40.70871353149414,-74.0047378540039,POINT(-74.0047378540039 40.70871353149414),55 Fulton St,New York,NY,10038,,6465819264,https://parisbaguette.com/locations/ny/new-york/55-fulton-street/,{overture},,businesses_conflate,1100,2026-07-22 18:44:37.477175+00,2026-07-22 00:00:00+00,73,65,100,75,50,{},"{""overture"": {""lat"": 40.70871353149414, ""lon"": -74.0047378540039, ""zip"": ""10038"", ""city"": ""New York"", ""name"": ""Paris Baguette"", ""brand"": null, ""phone"": ""6465819264"", ""state"": ""NY"", ""address"": ""55 Fulton St"", ""release"": ""2026-07-22.0"", ""website"": ""https://parisbaguette.com/locations/ny/new-york/55-fulton-street/"", ""category"": ""restaurant"", ""state_raw"": ""NY"", ""observed_at"": ""2026-07-22T00:00:00+00:00"", ""src_confidence"": 0.9902192950248718, ""category_source"": ""restaurant"", ""source_record_id"": ""40f3592e-8d08-4eb2-8afb-495d0bd47bda""}}",'baguett':2 'new':3 'pari':1 'york':4,2026-07-22 00:00:00+00,overture,62,likely_open,95,50,0,{}
biz_4e0eca936d0afa11,Amorino North America,restaurant,,40.73297119140625,-73.99402618408203,POINT(-73.99402618408203 40.73297119140625),60 University Pl,New York,NY,10003-4504,,,https://www.amorino.com,{overture},,businesses_conflate,1100,2026-07-22 18:44:37.477175+00,2026-07-22 00:00:00+00,70,65,100,63,50,{},"{""overture"": {""lat"": 40.73297119140625, ""lon"": -73.99402618408203, ""zip"": ""10003-4504"", ""city"": ""New York"", ""name"": ""Amorino North America"", ""brand"": null, ""phone"": null, ""state"": ""NY"", ""address"": ""60 University Pl"", ""release"": ""2026-07-22.0"", ""website"": ""https://www.amorino.com"", ""category"": ""restaurant"", ""state_raw"": ""NY"", ""observed_at"": ""2026-07-22T00:00:00+00:00"", ""src_confidence"": 0.95, ""category_source"": ""restaurant"", ""source_record_id"": ""dec80458-6395-4245-9981-2eb672b7bfc6""}}",'america':3 'amorino':1 'new':4 'north':2 'york':5,2026-07-22 00:00:00+00,overture,62,likely_open,95,50,0,{}
biz_4e16241fabc14c9b,Market Plate,grocery,,40.71561813354492,-74.01156616210938,POINT(-74.01156616210938 40.71561813354492),270 Greenwich St,New York,NY,10007,,2123496555,"",{overture},,businesses_conflate,1100,2026-07-22 18:44:37.477175+00,2026-07-22 00:00:00+00,73,65,100,75,50,{},"{""overture"": {""lat"": 40.71561813354492, ""lon"": -74.01156616210938, ""zip"": ""10007"", ""city"": ""New York"", ""name"": ""Market Plate"", ""brand"": null, ""phone"": ""2123496555"", ""state"": ""NY"", ""address"": ""270 Greenwich St"", ""release"": ""2026-07-22.0"", ""website"": """", ""category"": ""grocery"", ""state_raw"": ""NY"", ""observed_at"": ""2026-07-22T00:00:00+00:00"", ""src_confidence"": 0.9199122190475464, ""category_source"": ""supermarket"", ""source_record_id"": ""ff1315f8-48bb-445d-8702-1414c772bdf3""}}",'market':1 'new':3 'plate':2 'york':4,2026-07-22 00:00:00+00,overture,62,likely_open,95,50,0,{}
biz_4e23334f84f92f70,276-8 Pizza Corp,restaurant,,40.73171615600586,-74.00344848632812,POINT(-74.00344848632812 40.73171615600586),278 Bleecker St,New York,NY,10014-4105,,,,{overture},,businesses_conflate,1100,2026-07-22 18:44:37.477175+00,2026-07-22 00:00:00+00,68,65,100,50,50,{},"{""overture"": {""lat"": 40.73171615600586, ""lon"": -74.00344848632812, ""zip"": ""10014-4105"", ""city"": ""New York"", ""name"": ""276-8 Pizza Corp"", ""brand"": null, ""phone"": null, ""state"": ""NY"", ""address"": ""278 Bleecker St"", ""release"": ""2026-07-22.0"", ""website"": null, ""category"": ""restaurant"", ""state_raw"": ""NY"", ""observed_at"": ""2026-07-22T00:00:00+00:00"", ""src_confidence"": 0.95, ""category_source"": ""restaurant"", ""source_record_id"": ""1a63592c-ef94-4c5e-872c-76cb73d72e4a""}}",'-8':2 '276':1 'corp':4 'new':5 'pizza':3 'york':6,2026-07-22 00:00:00+00,overture,62,likely_open,95,50,0,{}
biz_4e2af3d4bb912a80,Hyde Boutique Hotel,hotel,,40.73604202270508,-74.00532531738281,POINT(-74.00532531738281 40.73604202270508),404 Bleecker St,New York,NY,10014-2180,,,,{overture},,businesses_conflate,1100,2026-07-22 18:44:37.477175+00,2026-07-22 00:00:00+00,68,65,100,50,50,{},"{""overture"": {""lat"": 40.73604202270508, ""lon"": -74.00532531738281, ""zip"": ""10014-2180"", ""city"": ""New York"", ""name"": ""Hyde Boutique Hotel"", ""brand"": null, ""phone"": null, ""state"": ""NY"", ""address"": ""404 Bleecker St"", ""release"": ""2026-07-22.0"", ""website"": null, ""category"": ""hotel"", ""state_raw"": ""NY"", ""observed_at"": ""2026-07-22T00:00:00+00:00"", ""src_confidence"": 0.6851296424865723, ""category_source"": ""hotel"", ""source_record_id"": ""226f9504-a0d1-4f17-9780-e55af84ae150""}}",'boutiqu':2 'hotel':3 'hyde':1 'new':4 'york':5,2026-07-22 00:00:00+00,overture,62,likely_open,95,50,0,{}
biz_4e3fff12f2f7ddfd,Save The Robots,grocery,,40.7195930480957,-74.00988006591797,POINT(-74.00988006591797 40.7195930480957),375 Greenwich St,New York,NY,10013-2376,,2129413969,,{overture},,businesses_conflate,1100,2026-07-22 18:44:37.477175+00,2026-07-22 00:00:00+00,70,65,100,63,50,{},"{""overture"": {""lat"": 40.7195930480957, ""lon"": -74.00988006591797, ""zip"": ""10013-2376"", ""city"": ""New York"", ""name"": ""Save The Robots"", ""brand"": null, ""phone"": ""2129413969"", ""state"": ""NY"", ""address"": ""375 Greenwich St"", ""release"": ""2026-07-22.0"", ""website"": null, ""category"": ""grocery"", ""state_raw"": ""NY"", ""observed_at"": ""2026-07-22T00:00:00+00:00"", ""src_confidence"": 0.65, ""category_source"": ""grocery_store"", ""source_record_id"": ""a163200e-eae2-47fa-a9b9-adce7cbbcf99""}}",'new':4 'robot':3 'save':1 'york':5,2026-07-22 00:00:00+00,overture,62,likely_open,95,50,0,{}
biz_4e540f14b0abb65d,Starbucks,cafe,Starbucks,40.72677993774414,-74.03797149658203,POINT(-74.03797149658203 40.72677993774414),30 Mall Dr W,Jersey City,NJ,07310,,+12017923109,http://www.starbucks.com,{overture},,businesses_conflate,1100,2026-07-22 18:44:37.477175+00,2026-07-22 00:00:00+00,78,65,100,100,50,{},"{""overture"": {""lat"": 40.72677993774414, ""lon"": -74.03797149658203, ""zip"": ""07310"", ""city"": ""Jersey City"", ""name"": ""Starbucks"", ""brand"": ""Starbucks"", ""phone"": ""+12017923109"", ""state"": ""NJ"", ""address"": ""30 Mall Dr W"", ""release"": ""2026-07-22.0"", ""website"": ""http://www.starbucks.com"", ""category"": ""cafe"", ""state_raw"": ""NJ"", ""observed_at"": ""2026-07-22T00:00:00+00:00"", ""src_confidence"": 0.9199122190475464, ""category_source"": ""cafe"", ""source_record_id"": ""8639c171-fa26-4491-8ce7-824ec1534ab5""}}","'citi':4 'jersey':3 'starbuck':1,2",2026-07-22 00:00:00+00,overture,62,likely_open,95,50,0,{}
biz_4e911a321bda5a8d,Grand Bo Ky Restaurant,restaurant,,40.71705627441406,-73.99981689453125,POINT(-73.99981689453125 40.71705627441406),94 Baxter St,New York,NY,10013-4407,,,,{overture},,businesses_conflate,1100,2026-07-22 18:44:37.477175+00,2026-07-22 00:00:00+00,68,65,100,50,50,{},"{""overture"": {""lat"": 40.71705627441406, ""lon"": -73.99981689453125, ""zip"": ""10013-4407"", ""city"": ""New York"", ""name"": ""Grand Bo Ky Restaurant"", ""brand"": null, ""phone"": null, ""state"": ""NY"", ""address"": ""94 Baxter St"", ""release"": ""2026-07-22.0"", ""website"": null, ""category"": ""restaurant"", ""state_raw"": ""NY"", ""observed_at"": ""2026-07-22T00:00:00+00:00"", ""src_confidence"": 0.55, ""category_source"": ""restaurant"", ""source_record_id"": ""4b1fdbc1-284f-498b-b4c5-77ec8a46aac6""}}",'bo':2 'grand':1 'ky':3 'new':5 'restaur':4 'york':6,2026-07-22 00:00:00+00,overture,62,likely_open,95,50,0,{}
biz_4ea36ea678d1a8be,Coffee For Sasquatch,cafe,,40.720611572265625,-73.99636840820312,POINT(-73.99636840820312 40.720611572265625),384 Broome St,New York,NY,10013,,(646) 861-3829,https://www.coffeeforsasquatch.com,{overture},,businesses_conflate,1100,2026-07-22 18:44:37.477175+00,2026-07-22 00:00:00+00,73,65,100,75,50,{},"{""overture"": {""lat"": 40.720611572265625, ""lon"": -73.99636840820312, ""zip"": ""10013"", ""city"": ""New York"", ""name"": ""Coffee For Sasquatch"", ""brand"": null, ""phone"": ""(646) 861-3829"", ""state"": ""NY"", ""address"": ""384 Broome St"", ""release"": ""2026-07-22.0"", ""website"": ""https://www.coffeeforsasquatch.com"", ""category"": ""cafe"", ""state_raw"": ""NY"", ""observed_at"": ""2026-07-22T00:00:00+00:00"", ""src_confidence"": 0.9199122190475464, ""category_source"": ""coffee_shop"", ""source_record_id"": ""96c481c6-01cd-4e15-8a96-df681aa864d6""}}",'coffe':1 'new':4 'sasquatch':3 'york':5,2026-07-22 00:00:00+00,overture,62,likely_open,95,50,0,{}
biz_4eb0bb1c780256d7,Aperio Capital Management Llc-sba Small 7a Term,restaurant,,40.73622131347656,-74.02977752685547,POINT(-74.02977752685547 40.73622131347656),79 Hudson St,Hoboken,NJ,07030-5638,,,,{overture},,businesses_conflate,1100,2026-07-22 18:44:37.477175+00,2026-07-22 00:00:00+00,68,65,100,50,50,{},"{""overture"": {""lat"": 40.73622131347656, ""lon"": -74.02977752685547, ""zip"": ""07030-5638"", ""city"": ""Hoboken"", ""name"": ""Aperio Capital Management Llc-sba Small 7a Term"", ""brand"": null, ""phone"": null, ""state"": ""NJ"", ""address"": ""79 Hudson St"", ""release"": ""2026-07-22.0"", ""website"": null, ""category"": ""restaurant"", ""state_raw"": ""NJ"", ""observed_at"": ""2026-07-22T00:00:00+00:00"", ""src_confidence"": 0.95, ""category_source"": ""restaurant"", ""source_record_id"": ""90ce8ba6-63ed-4710-a8b4-6bc1eecb3614""}}",'7a':8 'aperio':1 'capit':2 'hoboken':10 'llc':5 'llc-sba':4 'manag':3 'sba':6 'small':7 'term':9,2026-07-22 00:00:00+00,overture,62,likely_open,95,50,0,{}
biz_4ee408de25c573a9,Citizens,atm_bank,,40.72526168823242,-73.99636840820312,POINT(-73.99636840820312 40.72526168823242),11 E Houston St,New York,NY,10012,,3323455970,https://locations.citizensbank.com/ny/new-york/11-east-houston-street.html?ctzMode=CFG-SEO_BMB,{overture},,businesses_conflate,1100,2026-07-22 18:44:37.477175+00,2026-07-22 00:00:00+00,73,65,100,75,50,{},"{""overture"": {""lat"": 40.72526168823242, ""lon"": -73.99636840820312, ""zip"": ""10012"", ""city"": ""New York"", ""name"": ""Citizens"", ""brand"": null, ""phone"": ""3323455970"", ""state"": ""NY"", ""address"": ""11 E Houston St"", ""release"": ""2026-07-22.0"", ""website"": ""https://locations.citizensbank.com/ny/new-york/11-east-houston-street.html?ctzMode=CFG-SEO_BMB"", ""category"": ""atm_bank"", ""state_raw"": ""NY"", ""observed_at"": ""2026-07-22T00:00:00+00:00"", ""src_confidence"": 0.9199122190475464, ""category_source"": ""bank_credit_union"", ""source_record_id"": ""e8f8d14c-c570-4637-aad9-6a8f12ca23af""}}",'citizen':1 'new':2 'york':3,2026-07-22 00:00:00+00,overture,62,likely_open,95,50,0,{}
biz_4ee4dae71d60b5b2,Flavors Café,cafe,The River Café,40.70522689819336,-74.0054702758789,POINT(-74.0054702758789 40.70522689819336),180 Maiden Ln,New York,NY,10038,,,http://www.rivercafe.com/,{overture},,businesses_conflate,1100,2026-07-22 18:44:37.477175+00,2026-07-22 00:00:00+00,75,65,100,88,50,{},"{""overture"": {""lat"": 40.70522689819336, ""lon"": -74.0054702758789, ""zip"": ""10038"", ""city"": ""New York"", ""name"": ""Flavors Café"", ""brand"": ""The River Café"", ""phone"": null, ""state"": ""NY"", ""address"": ""180 Maiden Ln"", ""release"": ""2026-07-22.0"", ""website"": ""http://www.rivercafe.com/"", ""category"": ""cafe"", ""state_raw"": ""NY"", ""observed_at"": ""2026-07-22T00:00:00+00:00"", ""src_confidence"": 0.5079687833786011, ""category_source"": ""cafe"", ""source_record_id"": ""b98f37e6-81f7-43f8-b7f0-14ad69253b47""}}","'café':2,5 'flavor':1 'new':6 'river':4 'york':7",2026-07-22 00:00:00+00,overture,62,likely_open,95,50,0,{}
biz_4eed820968a84d6c,Chase Bank,atm_bank,Chase,40.71287536621094,-74.01325225830078,POINT(-74.01325225830078 40.71287536621094),185 Greenwich St,New York,NY,10007-0142,,+12125901613,https://www.chase.com/locator/banking/us/ny/new-york/185-greenwich-st,{overture},,businesses_conflate,1100,2026-07-22 18:44:37.477175+00,2026-07-22 00:00:00+00,78,65,100,100,50,{},"{""overture"": {""lat"": 40.71287536621094, ""lon"": -74.01325225830078, ""zip"": ""10007-0142"", ""city"": ""New York"", ""name"": ""Chase Bank"", ""brand"": ""Chase"", ""phone"": ""+12125901613"", ""state"": ""NY"", ""address"": ""185 Greenwich St"", ""release"": ""2026-07-22.0"", ""website"": ""https://www.chase.com/locator/banking/us/ny/new-york/185-greenwich-st"", ""category"": ""atm_bank"", ""state_raw"": ""NY"", ""observed_at"": ""2026-07-22T00:00:00+00:00"", ""src_confidence"": 0.9199122190475464, ""category_source"": ""bank_credit_union"", ""source_record_id"": ""a846f27d-3a02-43dc-9f6e-b2cafccde332""}}","'bank':2 'chase':1,3 'new':4 'york':5",2026-07-22 00:00:00+00,overture,62,likely_open,95,50,0,{}
biz_4ef960a22a1927a7,Blank Street Coffee,cafe,Blank Street Coffee,40.735267639160156,-73.99842834472656,POINT(-73.99842834472656 40.735267639160156),,,NY,,,,https://www.blankstreet.com/locations/new-york/183-442-6th-ave,{overture},,businesses_conflate,1100,2026-07-22 18:44:37.477175+00,2026-07-22 00:00:00+00,65,65,100,38,50,{},"{""overture"": {""lat"": 40.735267639160156, ""lon"": -73.99842834472656, ""zip"": null, ""city"": null, ""name"": ""Blank Street Coffee"", ""brand"": ""Blank Street Coffee"", ""phone"": null, ""state"": ""NY"", ""address"": null, ""release"": ""2026-07-22.0"", ""website"": ""https://www.blankstreet.com/locations/new-york/183-442-6th-ave"", ""category"": ""cafe"", ""state_raw"": ""NY"", ""observed_at"": ""2026-07-22T00:00:00+00:00"", ""src_confidence"": 0.8, ""category_source"": ""coffee_shop"", ""source_record_id"": ""b434582c-5ab5-4815-811e-0c252e842f9e""}}","'blank':1,4 'coffe':3,6 'street':2,5",2026-07-22 00:00:00+00,overture,62,likely_open,95,50,0,{}
biz_4efb96b1f695c30e,Unico,cafe,,40.72742462158203,-74.00174713134766,POINT(-74.00174713134766 40.72742462158203),156 Sullivan St,New York,NY,10012,,(212) 837-2504,http://unicosohonyc.com,{overture},,businesses_conflate,1100,2026-07-22 18:44:37.477175+00,2026-07-22 00:00:00+00,73,65,100,75,50,{},"{""overture"": {""lat"": 40.72742462158203, ""lon"": -74.00174713134766, ""zip"": ""10012"", ""city"": ""New York"", ""name"": ""Unico"", ""brand"": null, ""phone"": ""(212) 837-2504"", ""state"": ""NY"", ""address"": ""156 Sullivan St"", ""release"": ""2026-07-22.0"", ""website"": ""http://unicosohonyc.com"", ""category"": ""cafe"", ""state_raw"": ""NY"", ""observed_at"": ""2026-07-22T00:00:00+00:00"", ""src_confidence"": 0.9199122190475464, ""category_source"": ""cafe"", ""source_record_id"": ""e50d3f5b-5332-471a-9e2a-38021d2b8e19""}}",'new':2 'unico':1 'york':3,2026-07-22 00:00:00+00,overture,62,likely_open,95,50,0,{}
biz_4f01c110d4afe25a,Pearl River Mart,grocery,,40.72034454345703,-74.00056457519531,POINT(-74.00056457519531 40.72034454345703),452 Broadway,New York,NY,10013-2538,,+18008782446,http://www.pearlriver.com,{overture},,businesses_conflate,1100,2026-07-22 18:44:37.477175+00,2026-07-22 00:00:00+00,73,65,100,75,50,{},"{""overture"": {""lat"": 40.72034454345703, ""lon"": -74.00056457519531, ""zip"": ""10013-2538"", ""city"": ""New York"", ""name"": ""Pearl River Mart"", ""brand"": null, ""phone"": ""+18008782446"", ""state"": ""NY"", ""address"": ""452 Broadway"", ""release"": ""2026-07-22.0"", ""website"": ""http://www.pearlriver.com"", ""category"": ""grocery"", ""state_raw"": ""NY"", ""observed_at"": ""2026-07-22T00:00:00+00:00"", ""src_confidence"": 0.9902192950248718, ""category_source"": ""grocery_store"", ""source_record_id"": ""f584c7e4-f5cb-4c5c-8d2f-399c179b0343""}}",'mart':3 'new':4 'pearl':1 'river':2 'york':5,2026-07-22 00:00:00+00,overture,62,likely_open,95,50,0,{}
biz_4f15ed72c18d5a27,The Nolitan Hotel,hotel,,40.72062683105469,-73.99522399902344,POINT(-73.99522399902344 40.72062683105469),30 Kenmare St,New York,NY,10012-4613,,+12129252555,http://www.nolitanhotel.com/,{overture},,businesses_conflate,1100,2026-07-22 18:44:37.477175+00,2026-07-22 00:00:00+00,73,65,100,75,50,{},"{""overture"": {""lat"": 40.72062683105469, ""lon"": -73.99522399902344, ""zip"": ""10012-4613"", ""city"": ""New York"", ""name"": ""The Nolitan Hotel"", ""brand"": null, ""phone"": ""+12129252555"", ""state"": ""NY"", ""address"": ""30 Kenmare St"", ""release"": ""2026-07-22.0"", ""website"": ""http://www.nolitanhotel.com/"", ""category"": ""hotel"", ""state_raw"": ""NY"", ""observed_at"": ""2026-07-22T00:00:00+00:00"", ""src_confidence"": 0.9987574815750122, ""category_source"": ""hotel"", ""source_record_id"": ""bfbb5794-f523-4504-96ff-23e532d1ae00""}}",'hotel':3 'new':4 'nolitan':2 'york':5,2026-07-22 00:00:00+00,overture,62,likely_open,95,50,0,{}
biz_4f20b256ae0acf78,24 5th Ave Llc,restaurant,,40.733245849609375,-73.99630737304688,POINT(-73.99630737304688 40.733245849609375),24 5th Ave,New York,NY,10011-8858,,,,{overture},,businesses_conflate,1100,2026-07-22 18:44:37.477175+00,2026-07-22 00:00:00+00,68,65,100,50,50,{},"{""overture"": {""lat"": 40.733245849609375, ""lon"": -73.99630737304688, ""zip"": ""10011-8858"", ""city"": ""New York"", ""name"": ""24 5th Ave Llc"", ""brand"": null, ""phone"": null, ""state"": ""NY"", ""address"": ""24 5th Ave"", ""release"": ""2026-07-22.0"", ""website"": null, ""category"": ""restaurant"", ""state_raw"": ""NY"", ""observed_at"": ""2026-07-22T00:00:00+00:00"", ""src_confidence"": 0.9996269571274519, ""category_source"": ""restaurant"", ""source_record_id"": ""39f2009b-6cb1-4e42-882e-cdfa0a67c947""}}",'24':1 '5th':2 'ave':3 'llc':4 'new':5 'york':6,2026-07-22 00:00:00+00,overture,62,likely_open,95,50,0,{}
biz_4f308ab97e317d18,Summerfield Inc,restaurant,,40.7367057800293,-74.02913665771484,POINT(-74.02913665771484 40.7367057800293),32 Newark St,Hoboken,NJ,07030-5611,,,,{overture},,businesses_conflate,1100,2026-07-22 18:44:37.477175+00,2026-07-22 00:00:00+00,68,65,100,50,50,{},"{""overture"": {""lat"": 40.7367057800293, ""lon"": -74.02913665771484, ""zip"": ""07030-5611"", ""city"": ""Hoboken"", ""name"": ""Summerfield Inc"", ""brand"": null, ""phone"": null, ""state"": ""NJ"", ""address"": ""32 Newark St"", ""release"": ""2026-07-22.0"", ""website"": null, ""category"": ""restaurant"", ""state_raw"": ""NJ"", ""observed_at"": ""2026-07-22T00:00:00+00:00"", ""src_confidence"": 0.95, ""category_source"": ""restaurant"", ""source_record_id"": ""8eabe6cd-1e2e-4cfe-bc1a-b281b36b64be""}}",'hoboken':3 'inc':2 'summerfield':1,2026-07-22 00:00:00+00,overture,62,likely_open,95,50,0,{}
biz_4f36db7872c982d7,"Pq Granary, Inc",restaurant,,40.71992111206055,-74.0010757446289,POINT(-74.0010757446289 40.71992111206055),434 Broadway,New York,NY,10013-2563,,,,{overture},,businesses_conflate,1100,2026-07-22 18:44:37.477175+00,2026-07-22 00:00:00+00,68,65,100,50,50,{},"{""overture"": {""lat"": 40.71992111206055, ""lon"": -74.0010757446289, ""zip"": ""10013-2563"", ""city"": ""New York"", ""name"": ""Pq Granary, Inc"", ""brand"": null, ""phone"": null, ""state"": ""NY"", ""address"": ""434 Broadway"", ""release"": ""2026-07-22.0"", ""website"": null, ""category"": ""restaurant"", ""state_raw"": ""NY"", ""observed_at"": ""2026-07-22T00:00:00+00:00"", ""src_confidence"": 0.95, ""category_source"": ""restaurant"", ""source_record_id"": ""41418535-ecf2-4694-b72b-e368d7a2b583""}}",'granari':2 'inc':3 'new':4 'pq':1 'york':5,2026-07-22 00:00:00+00,overture,62,likely_open,95,50,0,{}
biz_4f490f83479aeb96,Walgreens,pharmacy,Walgreens,40.722076416015625,-73.99685668945312,POINT(-73.99685668945312 40.722076416015625),60 Spring St,New York,NY,10012-4101,,+12129255307,https://www.walgreens.com/locator/walgreens-60+spring+st-new+york-ny-10012/id=14480,{overture},,businesses_conflate,1100,2026-07-22 18:44:37.477175+00,2026-07-22 00:00:00+00,78,65,100,100,50,{},"{""overture"": {""lat"": 40.722076416015625, ""lon"": -73.99685668945312, ""zip"": ""10012-4101"", ""city"": ""New York"", ""name"": ""Walgreens"", ""brand"": ""Walgreens"", ""phone"": ""+12129255307"", ""state"": ""NY"", ""address"": ""60 Spring St"", ""release"": ""2026-07-22.0"", ""website"": ""https://www.walgreens.com/locator/walgreens-60+spring+st-new+york-ny-10012/id=14480"", ""category"": ""pharmacy"", ""state_raw"": ""NY"", ""observed_at"": ""2026-07-22T00:00:00+00:00"", ""src_confidence"": 0.8541967868804932, ""category_source"": ""pharmacy"", ""source_record_id"": ""8a81bdc0-990a-426a-a04e-7ced622419c9""}}","'new':3 'walgreen':1,2 'york':4",2026-07-22 00:00:00+00,overture,62,likely_open,95,50,0,{}
biz_4f69bf4096d8503b,Cafe Rumi,cafe,,40.70636749267578,-74.01190185546875,POINT(-74.01190185546875 40.70636749267578),30 New St,New York,NY,10004,,+16463705228,https://www.caferumi.net/,{overture},,businesses_conflate,1100,2026-07-22 18:44:37.477175+00,2026-07-22 00:00:00+00,73,65,100,75,50,{},"{""overture"": {""lat"": 40.70636749267578, ""lon"": -74.01190185546875, ""zip"": ""10004"", ""city"": ""New York"", ""name"": ""Cafe Rumi"", ""brand"": null, ""phone"": ""+16463705228"", ""state"": ""NY"", ""address"": ""30 New St"", ""release"": ""2026-07-22.0"", ""website"": ""https://www.caferumi.net/"", ""category"": ""cafe"", ""state_raw"": ""NY"", ""observed_at"": ""2026-07-22T00:00:00+00:00"", ""src_confidence"": 0.9705316424369812, ""category_source"": ""cafe"", ""source_record_id"": ""410ece36-cab1-49e9-a812-1ec91efebea7""}}",'cafe':1 'new':3 'rumi':2 'york':4,2026-07-22 00:00:00+00,overture,62,likely_open,95,50,0,{}
biz_4f821dd281bbe40a,Peoples Pharmacy,pharmacy,,40.71617126464844,-73.99845123291016,POINT(-73.99845123291016 40.71617126464844),65 Mott St,New York,NY,10013-4837,,12122850977,https://www.peoplespharmacy.ca,{overture},,businesses_conflate,1100,2026-07-22 18:44:37.477175+00,2026-07-22 00:00:00+00,73,65,100,75,50,{},"{""overture"": {""lat"": 40.71617126464844, ""lon"": -73.99845123291016, ""zip"": ""10013-4837"", ""city"": ""New York"", ""name"": ""Peoples Pharmacy"", ""brand"": null, ""phone"": ""12122850977"", ""state"": ""NY"", ""address"": ""65 Mott St"", ""release"": ""2026-07-22.0"", ""website"": ""https://www.peoplespharmacy.ca"", ""category"": ""pharmacy"", ""state_raw"": ""NY"", ""observed_at"": ""2026-07-22T00:00:00+00:00"", ""src_confidence"": 0.9958987540006637, ""category_source"": ""pharmacy"", ""source_record_id"": ""222efb98-5973-466e-9c91-c8ae3e8e5218""}}",'new':3 'peopl':1 'pharmaci':2 'york':4,2026-07-22 00:00:00+00,overture,62,likely_open,95,50,0,{}
biz_4f92523e2dda9e79,Santander Bank ATM,atm_bank,Santander Bank US,40.72769546508789,-74.03472900390625,POINT(-74.03472900390625 40.72769546508789),30 Mall Dr W,Jersey City,NJ,07310,,+18777682265,https://locations.santanderbank.com/nj/jerseycity/30-mall-dr-w-264390.html?utm_medium=local&utm_source=facebook&utm_campaign=facebook,{overture},,businesses_conflate,1100,2026-07-22 18:44:37.477175+00,2026-07-22 00:00:00+00,78,65,100,100,50,{},"{""overture"": {""lat"": 40.72769546508789, ""lon"": -74.03472900390625, ""zip"": ""07310"", ""city"": ""Jersey City"", ""name"": ""Santander Bank ATM"", ""brand"": ""Santander Bank US"", ""phone"": ""+18777682265"", ""state"": ""NJ"", ""address"": ""30 Mall Dr W"", ""release"": ""2026-07-22.0"", ""website"": ""https://locations.santanderbank.com/nj/jerseycity/30-mall-dr-w-264390.html?utm_medium=local&utm_source=facebook&utm_campaign=facebook"", ""category"": ""atm_bank"", ""state_raw"": ""NJ"", ""observed_at"": ""2026-07-22T00:00:00+00:00"", ""src_confidence"": 0.9971405714452267, ""category_source"": ""atms"", ""source_record_id"": ""439a5854-bd0b-47fc-9aae-57d2fbe718d3""}}","'atm':3 'bank':2,5 'citi':8 'jersey':7 'santand':1,4 'us':6",2026-07-22 00:00:00+00,overture,62,likely_open,95,50,0,{}
biz_4f9461ef0e51483a,Joie De Vivre Hotels,hotel,,40.71599578857422,-73.99683380126953,POINT(-73.99683380126953 40.71599578857422),50 Bowery,New York,NY,10013-4801,,,https://www.jdvhotels.com,{overture},,businesses_conflate,1100,2026-07-22 18:44:37.477175+00,2026-07-22 00:00:00+00,70,65,100,63,50,{},"{""overture"": {""lat"": 40.71599578857422, ""lon"": -73.99683380126953, ""zip"": ""10013-4801"", ""city"": ""New York"", ""name"": ""Joie De Vivre Hotels"", ""brand"": null, ""phone"": null, ""state"": ""NY"", ""address"": ""50 Bowery"", ""release"": ""2026-07-22.0"", ""website"": ""https://www.jdvhotels.com"", ""category"": ""hotel"", ""state_raw"": ""NY"", ""observed_at"": ""2026-07-22T00:00:00+00:00"", ""src_confidence"": 0.95, ""category_source"": ""hotel"", ""source_record_id"": ""7c6ca32f-ed8e-4c3d-ba62-b2b4333ddb33""}}",'de':2 'hotel':4 'joie':1 'new':5 'vivr':3 'york':6,2026-07-22 00:00:00+00,overture,62,likely_open,95,50,0,{}
biz_4fb3dafcceff1dcb,Newport Centre (Food Court),fast_food,Shake Shack,40.726837158203125,-74.03799438476562,POINT(-74.03799438476562 40.726837158203125),30 Mall Dr West,Jersey City,NJ,08837,,,https://shakeshack.com/location/newport-centre-food-court-nj,{overture},,businesses_conflate,1100,2026-07-22 18:44:37.477175+00,2026-07-22 00:00:00+00,75,65,100,88,50,{},"{""overture"": {""lat"": 40.726837158203125, ""lon"": -74.03799438476562, ""zip"": ""08837"", ""city"": ""Jersey City"", ""name"": ""Newport Centre (Food Court)"", ""brand"": ""Shake Shack"", ""phone"": null, ""state"": ""NJ"", ""address"": ""30 Mall Dr West"", ""release"": ""2026-07-22.0"", ""website"": ""https://shakeshack.com/location/newport-centre-food-court-nj"", ""category"": ""fast_food"", ""state_raw"": ""NJ"", ""observed_at"": ""2026-07-22T00:00:00+00:00"", ""src_confidence"": 0.9472190022468567, ""category_source"": ""fast_food_restaurant"", ""source_record_id"": ""c26ab9ac-686c-48d8-85d4-54ba5cbe6d81""}}",'centr':2 'citi':8 'court':4 'food':3 'jersey':7 'newport':1 'shack':6 'shake':5,2026-07-22 00:00:00+00,overture,62,likely_open,95,50,0,{}
biz_4fc68267c29f66b2,Thompson Chemists,pharmacy,,40.72649383544922,-74.00112915039062,POINT(-74.00112915039062 40.72649383544922),132 Thompson St,New York,NY,10012-5308,,+12125989790,http://www.thompsonalchemists.com/,{overture},,businesses_conflate,1100,2026-07-22 18:44:37.477175+00,2026-07-22 00:00:00+00,73,65,100,75,50,{},"{""overture"": {""lat"": 40.72649383544922, ""lon"": -74.00112915039062, ""zip"": ""10012-5308"", ""city"": ""New York"", ""name"": ""Thompson Chemists"", ""brand"": null, ""phone"": ""+12125989790"", ""state"": ""NY"", ""address"": ""132 Thompson St"", ""release"": ""2026-07-22.0"", ""website"": ""http://www.thompsonalchemists.com/"", ""category"": ""pharmacy"", ""state_raw"": ""NY"", ""observed_at"": ""2026-07-22T00:00:00+00:00"", ""src_confidence"": 0.994792308807373, ""category_source"": ""pharmacy"", ""source_record_id"": ""9fe6794a-eb9a-4717-8b78-4362d172e6e8""}}",'chemist':2 'new':3 'thompson':1 'york':4,2026-07-22 00:00:00+00,overture,62,likely_open,95,50,0,{}
biz_4fd31683982b7b20,Baron II Drug & Surgical,pharmacy,,40.841224670410156,-74.04679870605469,POINT(-74.04679870605469 40.841224670410156),91 Moonachie Rd,Moonachie,NJ,07074-1016,,+12016411110,http://baron2drugsandsurgical.com/,{overture},,businesses_conflate,1100,2026-07-22 18:44:37.477175+00,2026-07-22 00:00:00+00,73,65,100,75,50,{},"{""overture"": {""lat"": 40.841224670410156, ""lon"": -74.04679870605469, ""zip"": ""07074-1016"", ""city"": ""Moonachie"", ""name"": ""Baron II Drug & Surgical"", ""brand"": null, ""phone"": ""+12016411110"", ""state"": ""NJ"", ""address"": ""91 Moonachie Rd"", ""release"": ""2026-07-22.0"", ""website"": ""http://baron2drugsandsurgical.com/"", ""category"": ""pharmacy"", ""state_raw"": ""NJ"", ""observed_at"": ""2026-07-22T00:00:00+00:00"", ""src_confidence"": 0.9902192950248718, ""category_source"": ""pharmacy"", ""source_record_id"": ""0e9374dd-4e3c-4fed-890a-7500b2a28c34""}}",'baron':1 'drug':3 'ii':2 'moonachi':5 'surgic':4,2026-07-22 00:00:00+00,overture,62,likely_open,95,50,0,{}
biz_4fe9e326973a28cf,Nelson Blue,restaurant,,40.70756912231445,-74.00184631347656,POINT(-74.00184631347656 40.70756912231445),233 Front St,New York,NY,10038-2008,,,nelsonblue.com,{overture},,businesses_conflate,1100,2026-07-22 18:44:37.477175+00,2026-07-22 00:00:00+00,70,65,100,63,50,{},"{""overture"": {""lat"": 40.70756912231445, ""lon"": -74.00184631347656, ""zip"": ""10038-2008"", ""city"": ""New York"", ""name"": ""Nelson Blue"", ""brand"": null, ""phone"": null, ""state"": ""NY"", ""address"": ""233 Front St"", ""release"": ""2026-07-22.0"", ""website"": ""nelsonblue.com"", ""category"": ""restaurant"", ""state_raw"": ""NY"", ""observed_at"": ""2026-07-22T00:00:00+00:00"", ""src_confidence"": 0.6040914058685303, ""category_source"": ""restaurant"", ""source_record_id"": ""39ad7743-69d5-43f1-8cd5-8ad546ae5768""}}",'blue':2 'nelson':1 'new':3 'york':4,2026-07-22 00:00:00+00,overture,62,likely_open,95,50,0,{}
biz_507a77ca187f49ec,Christopher Columbus C,hotel,,40.71898651123047,-74.03995513916016,POINT(-74.03995513916016 40.71898651123047),50 Christopher Columbus Dr,Jersey City,NJ,07302-7005,,+12012752377,,{overture},,businesses_conflate,1100,2026-07-22 18:44:37.477175+00,2026-07-22 00:00:00+00,70,65,100,63,50,{},"{""overture"": {""lat"": 40.71898651123047, ""lon"": -74.03995513916016, ""zip"": ""07302-7005"", ""city"": ""Jersey City"", ""name"": ""Christopher Columbus C"", ""brand"": null, ""phone"": ""+12012752377"", ""state"": ""NJ"", ""address"": ""50 Christopher Columbus Dr"", ""release"": ""2026-07-22.0"", ""website"": null, ""category"": ""hotel"", ""state_raw"": ""NJ"", ""observed_at"": ""2026-07-22T00:00:00+00:00"", ""src_confidence"": 0.5131827592849731, ""category_source"": ""hotel"", ""source_record_id"": ""57ada0f6-3739-4524-9311-eff278d6ec2a""}}",'c':3 'christoph':1 'citi':5 'columbus':2 'jersey':4,2026-07-22 00:00:00+00,overture,62,likely_open,95,50,0,{}
biz_5085d2b448544756,The Dutch,restaurant,The Dutch,40.72653579711914,-74.00215911865234,POINT(-74.00215911865234 40.72653579711914),131 Sullivan St,New York,NY,10012-3043,,+12126776200,http://www.thedutchnyc.com/,{overture},,businesses_conflate,1100,2026-07-22 18:44:37.477175+00,2026-07-22 00:00:00+00,78,65,100,100,50,{},"{""overture"": {""lat"": 40.72653579711914, ""lon"": -74.00215911865234, ""zip"": ""10012-3043"", ""city"": ""New York"", ""name"": ""The Dutch"", ""brand"": ""The Dutch"", ""phone"": ""+12126776200"", ""state"": ""NY"", ""address"": ""131 Sullivan St"", ""release"": ""2026-07-22.0"", ""website"": ""http://www.thedutchnyc.com/"", ""category"": ""restaurant"", ""state_raw"": ""NY"", ""observed_at"": ""2026-07-22T00:00:00+00:00"", ""src_confidence"": 0.9902192950248718, ""category_source"": ""restaurant"", ""source_record_id"": ""cf02e7b3-1ffe-4cac-bc24-1d8dd339cd17""}}","'dutch':2,4 'new':5 'york':6",2026-07-22 00:00:00+00,overture,62,likely_open,95,50,0,{}
biz_50a287023a90fa4a,Jupiter Cafe,restaurant,,40.733707427978516,-74.00513458251953,POINT(-74.00513458251953 40.733707427978516),228 W 10th St,New York,NY,10014-6405,,,,{overture},,businesses_conflate,1100,2026-07-22 18:44:37.477175+00,2026-07-22 00:00:00+00,68,65,100,50,50,{},"{""overture"": {""lat"": 40.733707427978516, ""lon"": -74.00513458251953, ""zip"": ""10014-6405"", ""city"": ""New York"", ""name"": ""Jupiter Cafe"", ""brand"": null, ""phone"": null, ""state"": ""NY"", ""address"": ""228 W 10th St"", ""release"": ""2026-07-22.0"", ""website"": null, ""category"": ""restaurant"", ""state_raw"": ""NY"", ""observed_at"": ""2026-07-22T00:00:00+00:00"", ""src_confidence"": 0.9199122190475464, ""category_source"": ""restaurant"", ""source_record_id"": ""8370479d-7157-47f9-967d-e7029680c1af""}}",'cafe':2 'jupit':1 'new':3 'york':4,2026-07-22 00:00:00+00,overture,62,likely_open,95,50,0,{}
biz_50c00ba2daec933a,"Chinatown Manpower Project, Inc.-sba Small 7a Term",restaurant,,40.71731185913086,-73.99968719482422,POINT(-73.99968719482422 40.71731185913086),123 Walker St,New York,NY,10013-4108,,,,{overture},,businesses_conflate,1100,2026-07-22 18:44:37.477175+00,2026-07-22 00:00:00+00,68,65,100,50,50,{},"{""overture"": {""lat"": 40.71731185913086, ""lon"": -73.99968719482422, ""zip"": ""10013-4108"", ""city"": ""New York"", ""name"": ""Chinatown Manpower Project, Inc.-sba Small 7a Term"", ""brand"": null, ""phone"": null, ""state"": ""NY"", ""address"": ""123 Walker St"", ""release"": ""2026-07-22.0"", ""website"": null, ""category"": ""restaurant"", ""state_raw"": ""NY"", ""observed_at"": ""2026-07-22T00:00:00+00:00"", ""src_confidence"": 0.95, ""category_source"": ""restaurant"", ""source_record_id"": ""65fbc909-3fb4-43ec-86f2-c1bb6e66002a""}}",'7a':7 'chinatown':1 'inc':4 'manpow':2 'new':9 'project':3 'sba':5 'small':6 'term':8 'york':10,2026-07-22 00:00:00+00,overture,62,likely_open,95,50,0,{}
biz_50ce9fa6b981170e,Gradisca Restaurant,restaurant,,40.73698425292969,-73.99871063232422,POINT(-73.99871063232422 40.73698425292969),126 W 13th St,New York,NY,10011-7802,,,https://gradiscanyc.com,{overture},,businesses_conflate,1100,2026-07-22 18:44:37.477175+00,2026-07-22 00:00:00+00,70,65,100,63,50,{},"{""overture"": {""lat"": 40.73698425292969, ""lon"": -73.99871063232422, ""zip"": ""10011-7802"", ""city"": ""New York"", ""name"": ""Gradisca Restaurant"", ""brand"": null, ""phone"": null, ""state"": ""NY"", ""address"": ""126 W 13th St"", ""release"": ""2026-07-22.0"", ""website"": ""https://gradiscanyc.com"", ""category"": ""restaurant"", ""state_raw"": ""NY"", ""observed_at"": ""2026-07-22T00:00:00+00:00"", ""src_confidence"": 0.9460877180099487, ""category_source"": ""restaurant"", ""source_record_id"": ""c91c8edf-4465-411e-9564-71d863cff03e""}}",'gradisca':1 'new':3 'restaur':2 'york':4,2026-07-22 00:00:00+00,overture,62,likely_open,95,50,0,{}
biz_50d69238eb99b631,Kin Shing Trading Inc,grocery,,40.71841812133789,-73.9968490600586,POINT(-73.9968490600586 40.71841812133789),133 Mott St,New York,NY,10013-4761,,+12123438708,http://kin-shing-trading-inc.nybiz.us,{overture},,businesses_conflate,1100,2026-07-22 18:44:37.477175+00,2026-07-22 00:00:00+00,73,65,100,75,50,{},"{""overture"": {""lat"": 40.71841812133789, ""lon"": -73.9968490600586, ""zip"": ""10013-4761"", ""city"": ""New York"", ""name"": ""Kin Shing Trading Inc"", ""brand"": null, ""phone"": ""+12123438708"", ""state"": ""NY"", ""address"": ""133 Mott St"", ""release"": ""2026-07-22.0"", ""website"": ""http://kin-shing-trading-inc.nybiz.us"", ""category"": ""grocery"", ""state_raw"": ""NY"", ""observed_at"": ""2026-07-22T00:00:00+00:00"", ""src_confidence"": 0.9583381414413452, ""category_source"": ""grocery_store"", ""source_record_id"": ""855c02f7-0e0b-4d63-ad4d-393f4de77670""}}",'inc':4 'kin':1 'new':5 'shing':2 'trade':3 'york':6,2026-07-22 00:00:00+00,overture,62,likely_open,95,50,0,{}
biz_50e0a470955d0491,Lox Cafe,cafe,,40.7061653137207,-74.01836395263672,POINT(-74.01836395263672 40.7061653137207),36 Battery Pl,New York,NY,10280-1502,,+16464374231,http://www.mjhnyc.org/v_cafe.html,{overture},,businesses_conflate,1100,2026-07-22 18:44:37.477175+00,2026-07-22 00:00:00+00,73,65,100,75,50,{},"{""overture"": {""lat"": 40.7061653137207, ""lon"": -74.01836395263672, ""zip"": ""10280-1502"", ""city"": ""New York"", ""name"": ""Lox Cafe"", ""brand"": null, ""phone"": ""+16464374231"", ""state"": ""NY"", ""address"": ""36 Battery Pl"", ""release"": ""2026-07-22.0"", ""website"": ""http://www.mjhnyc.org/v_cafe.html"", ""category"": ""cafe"", ""state_raw"": ""NY"", ""observed_at"": ""2026-07-22T00:00:00+00:00"", ""src_confidence"": 0.9902192950248718, ""category_source"": ""cafe"", ""source_record_id"": ""f86ac01d-fc59-4bd6-8c7b-c30e8c7f7903""}}",'cafe':2 'lox':1 'new':3 'york':4,2026-07-22 00:00:00+00,overture,62,likely_open,95,50,0,{}
biz_50ed5757e249b24d,Starbucks,cafe,Starbucks,40.71019744873047,-74.00791931152344,POINT(-74.00791931152344 40.71019744873047),130 Fulton St,New York,NY,10038-2504,,+12129620439,https://www.starbucks.com/store-locator/store/10655/,{overture},,businesses_conflate,1100,2026-07-22 18:44:37.477175+00,2026-07-22 00:00:00+00,78,65,100,100,50,{},"{""overture"": {""lat"": 40.71019744873047, ""lon"": -74.00791931152344, ""zip"": ""10038-2504"", ""city"": ""New York"", ""name"": ""Starbucks"", ""brand"": ""Starbucks"", ""phone"": ""+12129620439"", ""state"": ""NY"", ""address"": ""130 Fulton St"", ""release"": ""2026-07-22.0"", ""website"": ""https://www.starbucks.com/store-locator/store/10655/"", ""category"": ""cafe"", ""state_raw"": ""NY"", ""observed_at"": ""2026-07-22T00:00:00+00:00"", ""src_confidence"": 0.9688640236854553, ""category_source"": ""cafe"", ""source_record_id"": ""197d1736-ab0f-47dd-8998-1e2fb8d283da""}}","'new':3 'starbuck':1,2 'york':4",2026-07-22 00:00:00+00,overture,62,likely_open,95,50,0,{}
biz_51054596e8814c76,Saj Hospitality Llc,restaurant,,40.73430633544922,-74.00322723388672,POINT(-74.00322723388672 40.73430633544922),189 W 10th St,New York,NY,10014-2903,,,,{overture},,businesses_conflate,1100,2026-07-22 18:44:37.477175+00,2026-07-22 00:00:00+00,68,65,100,50,50,{},"{""overture"": {""lat"": 40.73430633544922, ""lon"": -74.00322723388672, ""zip"": ""10014-2903"", ""city"": ""New York"", ""name"": ""Saj Hospitality Llc"", ""brand"": null, ""phone"": null, ""state"": ""NY"", ""address"": ""189 W 10th St"", ""release"": ""2026-07-22.0"", ""website"": null, ""category"": ""restaurant"", ""state_raw"": ""NY"", ""observed_at"": ""2026-07-22T00:00:00+00:00"", ""src_confidence"": 0.95, ""category_source"": ""restaurant"", ""source_record_id"": ""185472f1-a0bc-496d-b8e5-06bc2bc1f24a""}}",'hospit':2 'llc':3 'new':4 'saj':1 'york':5,2026-07-22 00:00:00+00,overture,62,likely_open,95,50,0,{}
biz_510681e840b11a86,Caviar Bar,restaurant,,40.70658874511719,-74.0026626586914,POINT(-74.0026626586914 40.70658874511719),96 South St,New York,NY,10038-2108,,8887770942,https://www.tinbuilding.com,{overture},,businesses_conflate,1100,2026-07-22 18:44:37.477175+00,2026-07-22 00:00:00+00,73,65,100,75,50,{},"{""overture"": {""lat"": 40.70658874511719, ""lon"": -74.0026626586914, ""zip"": ""10038-2108"", ""city"": ""New York"", ""name"": ""Caviar Bar"", ""brand"": null, ""phone"": ""8887770942"", ""state"": ""NY"", ""address"": ""96 South St"", ""release"": ""2026-07-22.0"", ""website"": ""https://www.tinbuilding.com"", ""category"": ""restaurant"", ""state_raw"": ""NY"", ""observed_at"": ""2026-07-22T00:00:00+00:00"", ""src_confidence"": 0.95, ""category_source"": ""restaurant"", ""source_record_id"": ""bf74ddac-64da-4b48-bb2c-65b65be97b14""}}",'bar':2 'caviar':1 'new':3 'york':4,2026-07-22 00:00:00+00,overture,62,likely_open,95,50,0,{}
biz_5107d6eb7fdabf34,Lafayette House,hotel,,40.727195739746094,-73.99217224121094,POINT(-73.99217224121094 40.727195739746094),38 E 4th St,New York,NY,10003-7008,,+12125058100,http://www.lafayettenyc.com,{overture},,businesses_conflate,1100,2026-07-22 18:44:37.477175+00,2026-07-22 00:00:00+00,73,65,100,75,50,{},"{""overture"": {""lat"": 40.727195739746094, ""lon"": -73.99217224121094, ""zip"": ""10003-7008"", ""city"": ""New York"", ""name"": ""Lafayette House"", ""brand"": null, ""phone"": ""+12125058100"", ""state"": ""NY"", ""address"": ""38 E 4th St"", ""release"": ""2026-07-22.0"", ""website"": ""http://www.lafayettenyc.com"", ""category"": ""hotel"", ""state_raw"": ""NY"", ""observed_at"": ""2026-07-22T00:00:00+00:00"", ""src_confidence"": 0.9902192950248718, ""category_source"": ""hotel"", ""source_record_id"": ""75545ecd-feec-4922-8221-6da0d3303d63""}}",'hous':2 'lafayett':1 'new':3 'york':4,2026-07-22 00:00:00+00,overture,62,likely_open,95,50,0,{}
biz_5111a9476e3d5de0,Dunkin',cafe,Dunkin',40.71003341674805,-74.00757598876953,POINT(-74.00757598876953 40.71003341674805),122 Fulton St,New York,NY,10038-2717,,+12122270991,https://locations.dunkindonuts.com/en/ny/new-york/122-fulton-st/351200?utm_source=facebook&utm_medium=local&utm_campaign=localmaps&utm_content=351200&y_source=1_MTIxMDk2NjItNTU5LWxvY2F0aW9uLndlYnNpdGU%3D,{overture},,businesses_conflate,1100,2026-07-22 18:44:37.477175+00,2026-07-22 00:00:00+00,78,65,100,100,50,{},"{""overture"": {""lat"": 40.71003341674805, ""lon"": -74.00757598876953, ""zip"": ""10038-2717"", ""city"": ""New York"", ""name"": ""Dunkin'"", ""brand"": ""Dunkin'"", ""phone"": ""+12122270991"", ""state"": ""NY"", ""address"": ""122 Fulton St"", ""release"": ""2026-07-22.0"", ""website"": ""https://locations.dunkindonuts.com/en/ny/new-york/122-fulton-st/351200?utm_source=facebook&utm_medium=local&utm_campaign=localmaps&utm_content=351200&y_source=1_MTIxMDk2NjItNTU5LWxvY2F0aW9uLndlYnNpdGU%3D"", ""category"": ""cafe"", ""state_raw"": ""NY"", ""observed_at"": ""2026-07-22T00:00:00+00:00"", ""src_confidence"": 0.9778743386268616, ""category_source"": ""coffee_shop"", ""source_record_id"": ""70116961-21d0-4499-b3f9-f158b42f3029""}}","'dunkin':1,2 'new':3 'york':4",2026-07-22 00:00:00+00,overture,62,likely_open,95,50,0,{}
biz_5120fa3e230db6b5,Argon Real Estate Llc-sba Small 7a Term,restaurant,,40.733341217041016,-73.99918365478516,POINT(-73.99918365478516 40.733341217041016),60 W 8th St,New York,NY,10011-9046,,,,{overture},,businesses_conflate,1100,2026-07-22 18:44:37.477175+00,2026-07-22 00:00:00+00,68,65,100,50,50,{},"{""overture"": {""lat"": 40.733341217041016, ""lon"": -73.99918365478516, ""zip"": ""10011-9046"", ""city"": ""New York"", ""name"": ""Argon Real Estate Llc-sba Small 7a Term"", ""brand"": null, ""phone"": null, ""state"": ""NY"", ""address"": ""60 W 8th St"", ""release"": ""2026-07-22.0"", ""website"": null, ""category"": ""restaurant"", ""state_raw"": ""NY"", ""observed_at"": ""2026-07-22T00:00:00+00:00"", ""src_confidence"": 0.95, ""category_source"": ""restaurant"", ""source_record_id"": ""191169c5-1a40-4054-8005-8dd3871d73d6""}}",'7a':8 'argon':1 'estat':3 'llc':5 'llc-sba':4 'new':10 'real':2 'sba':6 'small':7 'term':9 'york':11,2026-07-22 00:00:00+00,overture,62,likely_open,95,50,0,{}
biz_51224e3faafc1336,Placemakr Wall Street,hotel,,40.70490646362305,-74.00635528564453,POINT(-74.00635528564453 40.70490646362305),110 Wall St,New York,NY,10005-3801,,16463890960,https://placemakr.com,{overture},,businesses_conflate,1100,2026-07-22 18:44:37.477175+00,2026-07-22 00:00:00+00,73,65,100,75,50,{},"{""overture"": {""lat"": 40.70490646362305, ""lon"": -74.00635528564453, ""zip"": ""10005-3801"", ""city"": ""New York"", ""name"": ""Placemakr Wall Street"", ""brand"": null, ""phone"": ""16463890960"", ""state"": ""NY"", ""address"": ""110 Wall St"", ""release"": ""2026-07-22.0"", ""website"": ""https://placemakr.com"", ""category"": ""hotel"", ""state_raw"": ""NY"", ""observed_at"": ""2026-07-22T00:00:00+00:00"", ""src_confidence"": 0.9983633160591125, ""category_source"": ""hotel"", ""source_record_id"": ""09d57674-9d5c-4186-a032-4ffc25bc690f""}}",'new':4 'placemakr':1 'street':3 'wall':2 'york':5,2026-07-22 00:00:00+00,overture,62,likely_open,95,50,0,{}
biz_512f25de56e7fbf1,Pho Land ベトナム料理,restaurant,,40.714630126953125,-74.0016098022461,POINT(-74.0016098022461 40.714630126953125),PHOLANDベトナム理解愛知県西尾市道光寺藪後20-7,New York,NY,445-0811,,+81563775112,https://goo.gl/maps/ggeEkDqL6JxtrcV49,{overture},,businesses_conflate,1100,2026-07-22 18:44:37.477175+00,2026-07-22 00:00:00+00,73,65,100,75,50,{},"{""overture"": {""lat"": 40.714630126953125, ""lon"": -74.0016098022461, ""zip"": ""445-0811"", ""city"": ""New York"", ""name"": ""Pho Land ベトナム料理"", ""brand"": null, ""phone"": ""+81563775112"", ""state"": ""NY"", ""address"": ""PHOLANDベトナム理解愛知県西尾市道光寺藪後20-7"", ""release"": ""2026-07-22.0"", ""website"": ""https://goo.gl/maps/ggeEkDqL6JxtrcV49"", ""category"": ""restaurant"", ""state_raw"": ""NY"", ""observed_at"": ""2026-07-22T00:00:00+00:00"", ""src_confidence"": 0.7606244087219238, ""category_source"": ""restaurant"", ""source_record_id"": ""6adb3b18-85c9-4a66-a03a-30d44d660e3b""}}",'land':2 'new':4 'pho':1 'york':5 'ベトナム料理':3,2026-07-22 00:00:00+00,overture,62,likely_open,95,50,0,{}
biz_514258c9147fa6bd,Starbucks,cafe,,40.714683532714844,-74.0121078491211,POINT(-74.0121078491211 40.714683532714844),240 Greenwich St,New York,NY,10286,,2128152250,https://www.starbucks.com/store-locator/store/1024524,{overture},,businesses_conflate,1100,2026-07-22 18:44:37.477175+00,2026-07-22 00:00:00+00,73,65,100,75,50,{},"{""overture"": {""lat"": 40.714683532714844, ""lon"": -74.0121078491211, ""zip"": ""10286"", ""city"": ""New York"", ""name"": ""Starbucks"", ""brand"": null, ""phone"": ""2128152250"", ""state"": ""NY"", ""address"": ""240 Greenwich St"", ""release"": ""2026-07-22.0"", ""website"": ""https://www.starbucks.com/store-locator/store/1024524"", ""category"": ""cafe"", ""state_raw"": ""NY"", ""observed_at"": ""2026-07-22T00:00:00+00:00"", ""src_confidence"": 0.957075834274292, ""category_source"": ""coffee_shop"", ""source_record_id"": ""ac6f420f-fbc2-4d8b-b16e-ce7a27d75c18""}}",'new':2 'starbuck':1 'york':3,2026-07-22 00:00:00+00,overture,62,likely_open,95,50,0,{}
biz_51702668d30c131f,Coinstar Kiosk – Bitcoin ATM,atm_bank,,40.72272872924805,-74.03901672363281,POINT(-74.03901672363281 40.72272872924805),"400 Luis Munoz Marin Blvd, ShopRite",Jersey City,NJ,7302,,8009282274,https://www.coinstar.com/kiosk-info?KioskId=1627,{overture},,businesses_conflate,1100,2026-07-22 18:44:37.477175+00,2026-07-22 00:00:00+00,73,65,100,75,50,{},"{""overture"": {""lat"": 40.72272872924805, ""lon"": -74.03901672363281, ""zip"": ""7302"", ""city"": ""Jersey City"", ""name"": ""Coinstar Kiosk – Bitcoin ATM"", ""brand"": null, ""phone"": ""8009282274"", ""state"": ""NJ"", ""address"": ""400 Luis Munoz Marin Blvd, ShopRite"", ""release"": ""2026-07-22.0"", ""website"": ""https://www.coinstar.com/kiosk-info?KioskId=1627"", ""category"": ""atm_bank"", ""state_raw"": ""NJ"", ""observed_at"": ""2026-07-22T00:00:00+00:00"", ""src_confidence"": 0.9876332756876945, ""category_source"": ""atms"", ""source_record_id"": ""d71e7252-0d0b-47a2-bbeb-05bbf04ac654""}}",'atm':4 'bitcoin':3 'citi':6 'coinstar':1 'jersey':5 'kiosk':2,2026-07-22 00:00:00+00,overture,62,likely_open,95,50,0,{}
biz_5176cf22900ccfd6,Sullivans Cleaners,laundry,,40.7273063659668,-74.00191497802734,POINT(-74.00191497802734 40.7273063659668),150 Sullivan St,New York,NY,10012,,(212) 460-9786,http://sullivancleaners.com,{overture},,businesses_conflate,1100,2026-07-22 18:44:37.477175+00,2026-07-22 00:00:00+00,73,65,100,75,50,{},"{""overture"": {""lat"": 40.7273063659668, ""lon"": -74.00191497802734, ""zip"": ""10012"", ""city"": ""New York"", ""name"": ""Sullivans Cleaners"", ""brand"": null, ""phone"": ""(212) 460-9786"", ""state"": ""NY"", ""address"": ""150 Sullivan St"", ""release"": ""2026-07-22.0"", ""website"": ""http://sullivancleaners.com"", ""category"": ""laundry"", ""state_raw"": ""NY"", ""observed_at"": ""2026-07-22T00:00:00+00:00"", ""src_confidence"": 0.9902192950248718, ""category_source"": ""laundry_services"", ""source_record_id"": ""a3e0c057-baef-436b-a450-fd07d403c429""}}",'cleaner':2 'new':3 'sullivan':1 'york':4,2026-07-22 00:00:00+00,overture,62,likely_open,95,50,0,{}
biz_51799326e19f160b,Barclay Street Café NYC,cafe,,40.713680267333984,-74.01130676269531,POINT(-74.01130676269531 40.713680267333984),81 Barclay St,New York,NY,10007-2685,,+12129011530,http://www.barclaystreetcafe.com,{overture},,businesses_conflate,1100,2026-07-22 18:44:37.477175+00,2026-07-22 00:00:00+00,73,65,100,75,50,{},"{""overture"": {""lat"": 40.713680267333984, ""lon"": -74.01130676269531, ""zip"": ""10007-2685"", ""city"": ""New York"", ""name"": ""Barclay Street Café NYC"", ""brand"": null, ""phone"": ""+12129011530"", ""state"": ""NY"", ""address"": ""81 Barclay St"", ""release"": ""2026-07-22.0"", ""website"": ""http://www.barclaystreetcafe.com"", ""category"": ""cafe"", ""state_raw"": ""NY"", ""observed_at"": ""2026-07-22T00:00:00+00:00"", ""src_confidence"": 0.9199122190475464, ""category_source"": ""cafe"", ""source_record_id"": ""fd4eb202-1cd9-41ff-830d-3e4f73fc53eb""}}",'barclay':1 'café':3 'new':5 'nyc':4 'street':2 'york':6,2026-07-22 00:00:00+00,overture,62,likely_open,95,50,0,{}
biz_518d753db46165d9,Crest Hospital,medical,,40.71670150756836,-74,POINT(-74 40.71670150756836),Premnagar Kanth Road,New York,NY,244001,,+919568634610,https://cresthospital.co.in/,{overture},,businesses_conflate,1100,2026-07-22 18:44:37.477175+00,2026-07-22 00:00:00+00,73,65,100,75,50,{},"{""overture"": {""lat"": 40.71670150756836, ""lon"": -74, ""zip"": ""244001"", ""city"": ""New York"", ""name"": ""Crest Hospital"", ""brand"": null, ""phone"": ""+919568634610"", ""state"": ""NY"", ""address"": ""Premnagar Kanth Road"", ""release"": ""2026-07-22.0"", ""website"": ""https://cresthospital.co.in/"", ""category"": ""medical"", ""state_raw"": ""NY"", ""observed_at"": ""2026-07-22T00:00:00+00:00"", ""src_confidence"": 0.7109025120735168, ""category_source"": ""hospital"", ""source_record_id"": ""9046e6e1-3dfb-492b-acad-84711dedbcda""}}",'crest':1 'hospit':2 'new':3 'york':4,2026-07-22 00:00:00+00,overture,62,likely_open,95,50,0,{}
biz_5196deeb053488c6,"K12connect, Inc. Dba Charterschooljobs.com",restaurant,,40.727359771728516,-74.00577545166016,POINT(-74.00577545166016 40.727359771728516),175 Varick St,New York,NY,10014-4604,,,,{overture},,businesses_conflate,1100,2026-07-22 18:44:37.477175+00,2026-07-22 00:00:00+00,68,65,100,50,50,{},"{""overture"": {""lat"": 40.727359771728516, ""lon"": -74.00577545166016, ""zip"": ""10014-4604"", ""city"": ""New York"", ""name"": ""K12connect, Inc. Dba Charterschooljobs.com"", ""brand"": null, ""phone"": null, ""state"": ""NY"", ""address"": ""175 Varick St"", ""release"": ""2026-07-22.0"", ""website"": null, ""category"": ""restaurant"", ""state_raw"": ""NY"", ""observed_at"": ""2026-07-22T00:00:00+00:00"", ""src_confidence"": 0.95, ""category_source"": ""restaurant"", ""source_record_id"": ""69547c72-fc8c-4e64-9efb-2db8d32db54b""}}",'charterschooljobs.com':4 'dba':3 'inc':2 'k12connect':1 'new':5 'york':6,2026-07-22 00:00:00+00,overture,62,likely_open,95,50,0,{}
biz_51aab0a5b5e50cfc,Humphrey's Bakery Inc,restaurant,,40.722618103027344,-73.99826049804688,POINT(-73.99826049804688 40.722618103027344),80 Spring St,New York,NY,10012-3907,,,,{overture},,businesses_conflate,1100,2026-07-22 18:44:37.477175+00,2026-07-22 00:00:00+00,68,65,100,50,50,{},"{""overture"": {""lat"": 40.722618103027344, ""lon"": -73.99826049804688, ""zip"": ""10012-3907"", ""city"": ""New York"", ""name"": ""Humphrey's Bakery Inc"", ""brand"": null, ""phone"": null, ""state"": ""NY"", ""address"": ""80 Spring St"", ""release"": ""2026-07-22.0"", ""website"": null, ""category"": ""restaurant"", ""state_raw"": ""NY"", ""observed_at"": ""2026-07-22T00:00:00+00:00"", ""src_confidence"": 0.95, ""category_source"": ""restaurant"", ""source_record_id"": ""ece43c86-9689-4408-a5aa-16ba65d8e1ea""}}",'bakeri':3 'humphrey':1 'inc':4 'new':5 'york':6,2026-07-22 00:00:00+00,overture,62,likely_open,95,50,0,{}
biz_51b6087d283b992f,Canary Club,restaurant,,40.71867752075195,-73.99239349365234,POINT(-73.99239349365234 40.71867752075195),303 Broome St,New York,NY,10002-3762,,16463558591,www.canaryclubnyc.com,{overture},,businesses_conflate,1100,2026-07-22 18:44:37.477175+00,2026-07-22 00:00:00+00,73,65,100,75,50,{},"{""overture"": {""lat"": 40.71867752075195, ""lon"": -73.99239349365234, ""zip"": ""10002-3762"", ""city"": ""New York"", ""name"": ""Canary Club"", ""brand"": null, ""phone"": ""16463558591"", ""state"": ""NY"", ""address"": ""303 Broome St"", ""release"": ""2026-07-22.0"", ""website"": ""www.canaryclubnyc.com"", ""category"": ""restaurant"", ""state_raw"": ""NY"", ""observed_at"": ""2026-07-22T00:00:00+00:00"", ""src_confidence"": 0.9902192950248718, ""category_source"": ""restaurant"", ""source_record_id"": ""76aa017c-842c-47f1-aa73-32ee165b88d5""}}",'canari':1 'club':2 'new':3 'york':4,2026-07-22 00:00:00+00,overture,62,likely_open,95,50,0,{}
biz_51c0b3c33a2dbc74,Yuyua Isuzu Ktn,truck_dealer,,40.707763671875,-74.0133056640625,POINT(-74.0133056640625 40.707763671875),kuantan,New York,NY,25150,,,,{overture},,businesses_conflate,1100,2026-07-22 18:44:37.477175+00,2026-07-22 00:00:00+00,68,65,100,50,50,{},"{""overture"": {""lat"": 40.707763671875, ""lon"": -74.0133056640625, ""zip"": ""25150"", ""city"": ""New York"", ""name"": ""Yuyua Isuzu Ktn"", ""brand"": null, ""phone"": null, ""state"": ""NY"", ""address"": ""kuantan"", ""release"": ""2026-07-22.0"", ""website"": null, ""category"": ""truck_dealer"", ""state_raw"": ""NY"", ""observed_at"": ""2026-07-22T00:00:00+00:00"", ""src_confidence"": 0.1896674484014511, ""category_source"": ""truck_dealer"", ""source_record_id"": ""ecd19db6-4bf3-4856-b370-a61cc96ee1fe""}}",'isuzu':2 'ktn':3 'new':4 'york':5 'yuyua':1,2026-07-22 00:00:00+00,overture,62,likely_open,95,50,0,{}
biz_520c1f120b2979c7,Blue Stripes Cacao Shop,cafe,,40.734676361083984,-73.99286651611328,POINT(-73.99286651611328 40.734676361083984),28 E 13th St,New York,NY,10003-4736,,+19172658737,http://www.bluestripes.com/,{overture},,businesses_conflate,1100,2026-07-22 18:44:37.477175+00,2026-07-22 00:00:00+00,73,65,100,75,50,{},"{""overture"": {""lat"": 40.734676361083984, ""lon"": -73.99286651611328, ""zip"": ""10003-4736"", ""city"": ""New York"", ""name"": ""Blue Stripes Cacao Shop"", ""brand"": null, ""phone"": ""+19172658737"", ""state"": ""NY"", ""address"": ""28 E 13th St"", ""release"": ""2026-07-22.0"", ""website"": ""http://www.bluestripes.com/"", ""category"": ""cafe"", ""state_raw"": ""NY"", ""observed_at"": ""2026-07-22T00:00:00+00:00"", ""src_confidence"": 0.9924619042873383, ""category_source"": ""coffee_shop"", ""source_record_id"": ""54d6aeb9-9155-4231-89ea-e0902192394e""}}",'blue':1 'cacao':3 'new':5 'shop':4 'stripe':2 'york':6,2026-07-22 00:00:00+00,overture,62,likely_open,95,50,0,{}
biz_5231952f089c67e2,Testaurant,restaurant,,40.72272872924805,-73.99888610839844,POINT(-73.99888610839844 40.72272872924805),520 Broadway,New York,NY,10012-4436,,+12125555555,https://benturndorftestsite-sensei.getbento.com/,{overture},,businesses_conflate,1100,2026-07-22 18:44:37.477175+00,2026-07-22 00:00:00+00,73,65,100,75,50,{},"{""overture"": {""lat"": 40.72272872924805, ""lon"": -73.99888610839844, ""zip"": ""10012-4436"", ""city"": ""New York"", ""name"": ""Testaurant"", ""brand"": null, ""phone"": ""+12125555555"", ""state"": ""NY"", ""address"": ""520 Broadway"", ""release"": ""2026-07-22.0"", ""website"": ""https://benturndorftestsite-sensei.getbento.com/"", ""category"": ""restaurant"", ""state_raw"": ""NY"", ""observed_at"": ""2026-07-22T00:00:00+00:00"", ""src_confidence"": 0.583448052406311, ""category_source"": ""restaurant"", ""source_record_id"": ""34154151-ae72-4b66-875f-b6d97ae5b63a""}}",'new':2 'testaur':1 'york':3,2026-07-22 00:00:00+00,overture,62,likely_open,95,50,0,{}
biz_527289000a4c8763,Sasa Day Spa Inc.,restaurant,,40.713375091552734,-73.9969253540039,POINT(-73.9969253540039 40.713375091552734),23 E Broadway,New York,NY,10002-6994,,,,{overture},,businesses_conflate,1100,2026-07-22 18:44:37.477175+00,2026-07-22 00:00:00+00,68,65,100,50,50,{},"{""overture"": {""lat"": 40.713375091552734, ""lon"": -73.9969253540039, ""zip"": ""10002-6994"", ""city"": ""New York"", ""name"": ""Sasa Day Spa Inc."", ""brand"": null, ""phone"": null, ""state"": ""NY"", ""address"": ""23 E Broadway"", ""release"": ""2026-07-22.0"", ""website"": null, ""category"": ""restaurant"", ""state_raw"": ""NY"", ""observed_at"": ""2026-07-22T00:00:00+00:00"", ""src_confidence"": 0.75, ""category_source"": ""restaurant"", ""source_record_id"": ""d131379b-2bef-41c1-8e72-93cbc8c45440""}}",'day':2 'inc':4 'new':5 'sasa':1 'spa':3 'york':6,2026-07-22 00:00:00+00,overture,62,likely_open,95,50,0,{}
biz_529222eb05d3f0d2,Starbucks,cafe,,40.73698043823242,-73.99711608886719,POINT(-73.99711608886719 40.73698043823242),"510 Avenue Of The Americas (14th & Six, Th)",New York,NY,10011,,2122425981,"",{overture},,businesses_conflate,1100,2026-07-22 18:44:37.477175+00,2026-07-22 00:00:00+00,73,65,100,75,50,{},"{""overture"": {""lat"": 40.73698043823242, ""lon"": -73.99711608886719, ""zip"": ""10011"", ""city"": ""New York"", ""name"": ""Starbucks"", ""brand"": null, ""phone"": ""2122425981"", ""state"": ""NY"", ""address"": ""510 Avenue Of The Americas (14th & Six, Th)"", ""release"": ""2026-07-22.0"", ""website"": """", ""category"": ""cafe"", ""state_raw"": ""NY"", ""observed_at"": ""2026-07-22T00:00:00+00:00"", ""src_confidence"": 0.9724598526954651, ""category_source"": ""coffee_shop"", ""source_record_id"": ""d844a097-9ad8-49ce-9ead-127e75fdd762""}}",'new':2 'starbuck':1 'york':3,2026-07-22 00:00:00+00,overture,62,likely_open,95,50,0,{}
biz_52a0043c2f9a931b,2 Mercury Tacos Llc.,restaurant,,40.734500885009766,-74.00205993652344,POINT(-74.00205993652344 40.734500885009766),131 7th Ave S,New York,NY,10014-3133,,+16468207016,,{overture},,businesses_conflate,1100,2026-07-22 18:44:37.477175+00,2026-07-22 00:00:00+00,70,65,100,63,50,{},"{""overture"": {""lat"": 40.734500885009766, ""lon"": -74.00205993652344, ""zip"": ""10014-3133"", ""city"": ""New York"", ""name"": ""2 Mercury Tacos Llc."", ""brand"": null, ""phone"": ""+16468207016"", ""state"": ""NY"", ""address"": ""131 7th Ave S"", ""release"": ""2026-07-22.0"", ""website"": null, ""category"": ""restaurant"", ""state_raw"": ""NY"", ""observed_at"": ""2026-07-22T00:00:00+00:00"", ""src_confidence"": 0.95, ""category_source"": ""restaurant"", ""source_record_id"": ""ca19c458-fd7f-4aeb-92a1-82e3193901f9""}}",'2':1 'llc':4 'mercuri':2 'new':5 'taco':3 'york':6,2026-07-22 00:00:00+00,overture,62,likely_open,95,50,0,{}
biz_52cd752b278be05a,"Ark Ac Burger Bar, Llc",restaurant,,40.737308502197266,-73.99215698242188,POINT(-73.99215698242188 40.737308502197266),85 5th Ave Fl 14,New York,NY,10003-3019,,,,{overture},,businesses_conflate,1100,2026-07-22 18:44:37.477175+00,2026-07-22 00:00:00+00,68,65,100,50,50,{},"{""overture"": {""lat"": 40.737308502197266, ""lon"": -73.99215698242188, ""zip"": ""10003-3019"", ""city"": ""New York"", ""name"": ""Ark Ac Burger Bar, Llc"", ""brand"": null, ""phone"": null, ""state"": ""NY"", ""address"": ""85 5th Ave Fl 14"", ""release"": ""2026-07-22.0"", ""website"": null, ""category"": ""restaurant"", ""state_raw"": ""NY"", ""observed_at"": ""2026-07-22T00:00:00+00:00"", ""src_confidence"": 0.95, ""category_source"": ""restaurant"", ""source_record_id"": ""56f28961-209c-4caa-9204-3e91ab25d27b""}}",'ac':2 'ark':1 'bar':4 'burger':3 'llc':5 'new':6 'york':7,2026-07-22 00:00:00+00,overture,62,likely_open,95,50,0,{}
biz_52d80338cc4d8af7,Le Bon Cafe,cafe,,40.7365837097168,-74.00007629394531,POINT(-74.00007629394531 40.7365837097168),1 Penn Plz Ste 1612,New York,NY,10119-1603,,+12129475555,,{overture},,businesses_conflate,1100,2026-07-22 18:44:37.477175+00,2026-07-22 00:00:00+00,70,65,100,63,50,{},"{""overture"": {""lat"": 40.7365837097168, ""lon"": -74.00007629394531, ""zip"": ""10119-1603"", ""city"": ""New York"", ""name"": ""Le Bon Cafe"", ""brand"": null, ""phone"": ""+12129475555"", ""state"": ""NY"", ""address"": ""1 Penn Plz Ste 1612"", ""release"": ""2026-07-22.0"", ""website"": null, ""category"": ""cafe"", ""state_raw"": ""NY"", ""observed_at"": ""2026-07-22T00:00:00+00:00"", ""src_confidence"": 0.25, ""category_source"": ""cafe"", ""source_record_id"": ""a850e4e2-0388-46f7-9f1f-f78030ae6e39""}}",'bon':2 'cafe':3 'le':1 'new':4 'york':5,2026-07-22 00:00:00+00,overture,62,likely_open,95,50,0,{}
biz_52e733da2ae273ec,Black Fox Coffee,cafe,,40.70490646362305,-74.00635528564453,POINT(-74.00635528564453 40.70490646362305),110 Wall St,New York,NY,10005-3801,,,https://www.blackfoxcoffee.com,{overture},,businesses_conflate,1100,2026-07-22 18:44:37.477175+00,2026-07-22 00:00:00+00,70,65,100,63,50,{},"{""overture"": {""lat"": 40.70490646362305, ""lon"": -74.00635528564453, ""zip"": ""10005-3801"", ""city"": ""New York"", ""name"": ""Black Fox Coffee"", ""brand"": null, ""phone"": null, ""state"": ""NY"", ""address"": ""110 Wall St"", ""release"": ""2026-07-22.0"", ""website"": ""https://www.blackfoxcoffee.com"", ""category"": ""cafe"", ""state_raw"": ""NY"", ""observed_at"": ""2026-07-22T00:00:00+00:00"", ""src_confidence"": 0.9885, ""category_source"": ""coffee_shop"", ""source_record_id"": ""e6777192-395c-4ebf-9b94-c02802cd0bec""}}",'black':1 'coffe':3 'fox':2 'new':4 'york':5,2026-07-22 00:00:00+00,overture,62,likely_open,95,50,0,{}
biz_52ef92a16346f7dc,Tinto Café and Bar,cafe,,40.711666107177734,-73.9946517944336,POINT(-73.9946517944336 40.711666107177734),41 Monroe St,New York,NY,10002,,+13322326319,https://www.tintocafenyc.com/,{overture},,businesses_conflate,1100,2026-07-22 18:44:37.477175+00,2026-07-22 00:00:00+00,73,65,100,75,50,{},"{""overture"": {""lat"": 40.711666107177734, ""lon"": -73.9946517944336, ""zip"": ""10002"", ""city"": ""New York"", ""name"": ""Tinto Café and Bar"", ""brand"": null, ""phone"": ""+13322326319"", ""state"": ""NY"", ""address"": ""41 Monroe St"", ""release"": ""2026-07-22.0"", ""website"": ""https://www.tintocafenyc.com/"", ""category"": ""cafe"", ""state_raw"": ""NY"", ""observed_at"": ""2026-07-22T00:00:00+00:00"", ""src_confidence"": 0.2877648174762726, ""category_source"": ""cafe"", ""source_record_id"": ""4ba54b5f-2082-4d03-98e1-0167e6eed018""}}",'bar':4 'café':2 'new':5 'tinto':1 'york':6,2026-07-22 00:00:00+00,overture,62,likely_open,95,50,0,{}
biz_52fa349e588ea321,Café Angelique,cafe,,40.726375579833984,-73.99549102783203,POINT(-73.99549102783203 40.726375579833984),68 Bleecker St,New York,NY,10012,,(212) 475-3500,http://cafeangelique.com/,{overture},,businesses_conflate,1100,2026-07-22 18:44:37.477175+00,2026-07-22 00:00:00+00,73,65,100,75,50,{},"{""overture"": {""lat"": 40.726375579833984, ""lon"": -73.99549102783203, ""zip"": ""10012"", ""city"": ""New York"", ""name"": ""Café Angelique"", ""brand"": null, ""phone"": ""(212) 475-3500"", ""state"": ""NY"", ""address"": ""68 Bleecker St"", ""release"": ""2026-07-22.0"", ""website"": ""http://cafeangelique.com/"", ""category"": ""cafe"", ""state_raw"": ""NY"", ""observed_at"": ""2026-07-22T00:00:00+00:00"", ""src_confidence"": 0.9902192950248718, ""category_source"": ""cafe"", ""source_record_id"": ""9941b6a3-c59f-4020-906a-48f36829695f""}}",'angeliqu':2 'café':1 'new':3 'york':4,2026-07-22 00:00:00+00,overture,62,likely_open,95,50,0,{}
biz_53256c08c4bb9a28,Cafe De Novo,cafe,,40.70812225341797,-74.013671875,POINT(-74.013671875 40.70812225341797),94 Greenwich St,New York,NY,10006,,+12122331573,http://www.cafedenovogreenwichst.com,{overture},,businesses_conflate,1100,2026-07-22 18:44:37.477175+00,2026-07-22 00:00:00+00,73,65,100,75,50,{},"{""overture"": {""lat"": 40.70812225341797, ""lon"": -74.013671875, ""zip"": ""10006"", ""city"": ""New York"", ""name"": ""Cafe De Novo"", ""brand"": null, ""phone"": ""+12122331573"", ""state"": ""NY"", ""address"": ""94 Greenwich St"", ""release"": ""2026-07-22.0"", ""website"": ""http://www.cafedenovogreenwichst.com"", ""category"": ""cafe"", ""state_raw"": ""NY"", ""observed_at"": ""2026-07-22T00:00:00+00:00"", ""src_confidence"": 0.9588606953620911, ""category_source"": ""cafe"", ""source_record_id"": ""78de4a93-2911-440a-a80b-2b73ab57bcc1""}}",'cafe':1 'de':2 'new':4 'novo':3 'york':5,2026-07-22 00:00:00+00,overture,62,likely_open,95,50,0,{}
biz_53381c7f7626269f,W4 Pizza,fast_food,Subway,40.732826232910156,-74.00007629394531,POINT(-74.00007629394531 40.732826232910156),162 W 4th St,New York,NY,10014-3803,,+12125053552,http://www.mta.info/,{overture},,businesses_conflate,1100,2026-07-22 18:44:37.477175+00,2026-07-22 00:00:00+00,78,65,100,100,50,{},"{""overture"": {""lat"": 40.732826232910156, ""lon"": -74.00007629394531, ""zip"": ""10014-3803"", ""city"": ""New York"", ""name"": ""W4 Pizza"", ""brand"": ""Subway"", ""phone"": ""+12125053552"", ""state"": ""NY"", ""address"": ""162 W 4th St"", ""release"": ""2026-07-22.0"", ""website"": ""http://www.mta.info/"", ""category"": ""fast_food"", ""state_raw"": ""NY"", ""observed_at"": ""2026-07-22T00:00:00+00:00"", ""src_confidence"": 0.44130009412765503, ""category_source"": ""fast_food_restaurant"", ""source_record_id"": ""fa6ab0ee-fddd-47e1-a7a7-465c9bd1f008""}}",'new':4 'pizza':2 'subway':3 'w4':1 'york':5,2026-07-22 00:00:00+00,overture,62,likely_open,95,50,0,{}
biz_534c7e2c0005fc93,The Marlton Hotel,hotel,,40.732566833496094,-73.99684143066406,POINT(-73.99684143066406 40.732566833496094),5 W 8th St,New York,NY,10011-9099,,+12123210100,http://www.marltonhotel.com/,{overture},,businesses_conflate,1100,2026-07-22 18:44:37.477175+00,2026-07-22 00:00:00+00,73,65,100,75,50,{},"{""overture"": {""lat"": 40.732566833496094, ""lon"": -73.99684143066406, ""zip"": ""10011-9099"", ""city"": ""New York"", ""name"": ""The Marlton Hotel"", ""brand"": null, ""phone"": ""+12123210100"", ""state"": ""NY"", ""address"": ""5 W 8th St"", ""release"": ""2026-07-22.0"", ""website"": ""http://www.marltonhotel.com/"", ""category"": ""hotel"", ""state_raw"": ""NY"", ""observed_at"": ""2026-07-22T00:00:00+00:00"", ""src_confidence"": 0.9916942715644836, ""category_source"": ""hotel"", ""source_record_id"": ""40e4e157-2795-464d-a73f-112aecb3b245""}}",'hotel':3 'marlton':2 'new':4 'york':5,2026-07-22 00:00:00+00,overture,62,likely_open,95,50,0,{}
biz_535840176b8ba59f,About Coffee,cafe,,40.72444534301758,-74.00389862060547,POINT(-74.00389862060547 40.72444534301758),71 Sullivan St,New York,NY,10012,,(212) 219-1408,http://www.aboutcoffee.nyc,{overture},,businesses_conflate,1100,2026-07-22 18:44:37.477175+00,2026-07-22 00:00:00+00,73,65,100,75,50,{},"{""overture"": {""lat"": 40.72444534301758, ""lon"": -74.00389862060547, ""zip"": ""10012"", ""city"": ""New York"", ""name"": ""About Coffee"", ""brand"": null, ""phone"": ""(212) 219-1408"", ""state"": ""NY"", ""address"": ""71 Sullivan St"", ""release"": ""2026-07-22.0"", ""website"": ""http://www.aboutcoffee.nyc"", ""category"": ""cafe"", ""state_raw"": ""NY"", ""observed_at"": ""2026-07-22T00:00:00+00:00"", ""src_confidence"": 0.9199122190475464, ""category_source"": ""coffee_shop"", ""source_record_id"": ""3729381f-1004-420b-b577-85e72d19cab5""}}",'coffe':2 'new':3 'york':4,2026-07-22 00:00:00+00,overture,62,likely_open,95,50,0,{}
biz_537a97c9d4134fe8,Pharmacy Chinatown,pharmacy,,40.71755599975586,-73.99746704101562,POINT(-73.99746704101562 40.71755599975586),111 Mott St,New York,NY,10013-4629,,+12122268988,,{overture},,businesses_conflate,1100,2026-07-22 18:44:37.477175+00,2026-07-22 00:00:00+00,70,65,100,63,50,{},"{""overture"": {""lat"": 40.71755599975586, ""lon"": -73.99746704101562, ""zip"": ""10013-4629"", ""city"": ""New York"", ""name"": ""Pharmacy Chinatown"", ""brand"": null, ""phone"": ""+12122268988"", ""state"": ""NY"", ""address"": ""111 Mott St"", ""release"": ""2026-07-22.0"", ""website"": null, ""category"": ""pharmacy"", ""state_raw"": ""NY"", ""observed_at"": ""2026-07-22T00:00:00+00:00"", ""src_confidence"": 0.3400838077068329, ""category_source"": ""pharmacy"", ""source_record_id"": ""b139c28e-3875-47a0-8976-736a3878654a""}}",'chinatown':2 'new':3 'pharmaci':1 'york':4,2026-07-22 00:00:00+00,overture,62,likely_open,95,50,0,{}
biz_538a8b2ebef50e32,We Are The Other 99,hotel,,40.70832443237305,-74.0142593383789,POINT(-74.0142593383789 40.70832443237305),"Zuccotti Park, 1 Liberty Plz",New York,NY,10006,,,https://www.wepay.com/donate/158502,{overture},,businesses_conflate,1100,2026-07-22 18:44:37.477175+00,2026-07-22 00:00:00+00,70,65,100,63,50,{},"{""overture"": {""lat"": 40.70832443237305, ""lon"": -74.0142593383789, ""zip"": ""10006"", ""city"": ""New York"", ""name"": ""We Are The Other 99"", ""brand"": null, ""phone"": null, ""state"": ""NY"", ""address"": ""Zuccotti Park, 1 Liberty Plz"", ""release"": ""2026-07-22.0"", ""website"": ""https://www.wepay.com/donate/158502"", ""category"": ""hotel"", ""state_raw"": ""NY"", ""observed_at"": ""2026-07-22T00:00:00+00:00"", ""src_confidence"": 0.6496667265892029, ""category_source"": ""hotel"", ""source_record_id"": ""1d42f494-762c-48af-966c-5c889d69327f""}}",'99':5 'new':6 'york':7,2026-07-22 00:00:00+00,overture,62,likely_open,95,50,0,{}
biz_53a340b0df0c3584,Myriad Restaurant Group,restaurant,,40.71979522705078,-74.0056381225586,POINT(-74.0056381225586 40.71979522705078),249 W Broadway Ste 2e,New York,NY,10013-2463,,+12122199500,myriadrestaurantgroup.com,{overture},,businesses_conflate,1100,2026-07-22 18:44:37.477175+00,2026-07-22 00:00:00+00,73,65,100,75,50,{},"{""overture"": {""lat"": 40.71979522705078, ""lon"": -74.0056381225586, ""zip"": ""10013-2463"", ""city"": ""New York"", ""name"": ""Myriad Restaurant Group"", ""brand"": null, ""phone"": ""+12122199500"", ""state"": ""NY"", ""address"": ""249 W Broadway Ste 2e"", ""release"": ""2026-07-22.0"", ""website"": ""myriadrestaurantgroup.com"", ""category"": ""restaurant"", ""state_raw"": ""NY"", ""observed_at"": ""2026-07-22T00:00:00+00:00"", ""src_confidence"": 0.7278466448187828, ""category_source"": ""restaurant"", ""source_record_id"": ""e95dc03c-4cb1-45f3-9b9a-27f1a775cb8e""}}",'group':3 'myriad':1 'new':4 'restaur':2 'york':5,2026-07-22 00:00:00+00,overture,62,likely_open,95,50,0,{}
biz_53acb679fae5e5a4,KFC,fast_food,KFC,40.712833404541016,-74.00579833984375,POINT(-74.00579833984375 40.712833404541016),,New York,NY,,,+12124838616,http://www.kfc.com/,{overture},,businesses_conflate,1100,2026-07-22 18:44:37.477175+00,2026-07-22 00:00:00+00,70,65,100,63,50,{},"{""overture"": {""lat"": 40.712833404541016, ""lon"": -74.00579833984375, ""zip"": null, ""city"": ""New York"", ""name"": ""KFC"", ""brand"": ""KFC"", ""phone"": ""+12124838616"", ""state"": ""NY"", ""address"": null, ""release"": ""2026-07-22.0"", ""website"": ""http://www.kfc.com/"", ""category"": ""fast_food"", ""state_raw"": ""NY"", ""observed_at"": ""2026-07-22T00:00:00+00:00"", ""src_confidence"": 0.5844668745994568, ""category_source"": ""fast_food_restaurant"", ""source_record_id"": ""3452fed6-24e6-4097-a844-22229baa1b3d""}}","'kfc':1,2 'new':3 'york':4",2026-07-22 00:00:00+00,overture,62,likely_open,95,50,0,{}
biz_53c8fd957b9bcdfd,Jersey City Tow Truck,towing,,40.71983337402344,-74.04678344726562,POINT(-74.04678344726562 40.71983337402344),89 Wayne St #1,Jersey City,NJ,07302,,2014489922,http://www.jctowtruck.com/,{overture},,businesses_conflate,1100,2026-07-22 18:44:37.477175+00,2026-07-22 00:00:00+00,73,65,100,75,50,{},"{""overture"": {""lat"": 40.71983337402344, ""lon"": -74.04678344726562, ""zip"": ""07302"", ""city"": ""Jersey City"", ""name"": ""Jersey City Tow Truck"", ""brand"": null, ""phone"": ""2014489922"", ""state"": ""NJ"", ""address"": ""89 Wayne St #1"", ""release"": ""2026-07-22.0"", ""website"": ""http://www.jctowtruck.com/"", ""category"": ""towing"", ""state_raw"": ""NJ"", ""observed_at"": ""2026-07-22T00:00:00+00:00"", ""src_confidence"": 0.9199122190475464, ""category_source"": ""towing_service"", ""source_record_id"": ""fbcd8fb2-a8d9-497d-90bf-7ce9dc762a24""}}","'citi':2,6 'jersey':1,5 'tow':3 'truck':4",2026-07-22 00:00:00+00,overture,62,likely_open,95,50,0,{}
biz_53cd292581234191,Hasta La Pasta Restaurant,restaurant,,40.73400115966797,-73.99906158447266,POINT(-73.99906158447266 40.73400115966797),418 Avenue of the Americas,New York,NY,10011-8416,,,,{overture},,businesses_conflate,1100,2026-07-22 18:44:37.477175+00,2026-07-22 00:00:00+00,68,65,100,50,50,{},"{""overture"": {""lat"": 40.73400115966797, ""lon"": -73.99906158447266, ""zip"": ""10011-8416"", ""city"": ""New York"", ""name"": ""Hasta La Pasta Restaurant"", ""brand"": null, ""phone"": null, ""state"": ""NY"", ""address"": ""418 Avenue of the Americas"", ""release"": ""2026-07-22.0"", ""website"": null, ""category"": ""restaurant"", ""state_raw"": ""NY"", ""observed_at"": ""2026-07-22T00:00:00+00:00"", ""src_confidence"": 0.95, ""category_source"": ""restaurant"", ""source_record_id"": ""c2b4bda5-65a2-4973-8fde-6178e5c0f0f0""}}",'hasta':1 'la':2 'new':5 'pasta':3 'restaur':4 'york':6,2026-07-22 00:00:00+00,overture,62,likely_open,95,50,0,{}
biz_53dbabf8d64493d9,Mezzanine,restaurant,,40.72529220581055,-74.00540924072266,POINT(-74.00540924072266 40.72529220581055),246 Spring St,New York,NY,10013-1521,,12128424500,thedominickhotel.com,{overture},,businesses_conflate,1100,2026-07-22 18:44:37.477175+00,2026-07-22 00:00:00+00,73,65,100,75,50,{},"{""overture"": {""lat"": 40.72529220581055, ""lon"": -74.00540924072266, ""zip"": ""10013-1521"", ""city"": ""New York"", ""name"": ""Mezzanine"", ""brand"": null, ""phone"": ""12128424500"", ""state"": ""NY"", ""address"": ""246 Spring St"", ""release"": ""2026-07-22.0"", ""website"": ""thedominickhotel.com"", ""category"": ""restaurant"", ""state_raw"": ""NY"", ""observed_at"": ""2026-07-22T00:00:00+00:00"", ""src_confidence"": 0.95, ""category_source"": ""restaurant"", ""source_record_id"": ""09ca8958-f63a-4428-8a03-3e3c83531dbd""}}",'mezzanin':1 'new':2 'york':3,2026-07-22 00:00:00+00,overture,62,likely_open,95,50,0,{}
biz_53de4d288298e2f8,Produce Market,grocery,,40.71681213378906,-73.99842071533203,POINT(-73.99842071533203 40.71681213378906),200 Canal St,New York,NY,10013-4516,,+221777205051,http://Oumysmarket.com/,{overture},,businesses_conflate,1100,2026-07-22 18:44:37.477175+00,2026-07-22 00:00:00+00,73,65,100,75,50,{},"{""overture"": {""lat"": 40.71681213378906, ""lon"": -73.99842071533203, ""zip"": ""10013-4516"", ""city"": ""New York"", ""name"": ""Produce Market"", ""brand"": null, ""phone"": ""+221777205051"", ""state"": ""NY"", ""address"": ""200 Canal St"", ""release"": ""2026-07-22.0"", ""website"": ""http://Oumysmarket.com/"", ""category"": ""grocery"", ""state_raw"": ""NY"", ""observed_at"": ""2026-07-22T00:00:00+00:00"", ""src_confidence"": 0.9199122190475464, ""category_source"": ""grocery_store"", ""source_record_id"": ""994c9d2e-b367-4fa6-9939-103abf576f70""}}",'market':2 'new':3 'produc':1 'york':4,2026-07-22 00:00:00+00,overture,62,likely_open,95,50,0,{}
biz_53e51e0c65f18f3d,Starbucks,cafe,Starbucks,40.70809555053711,-74.00927734375,POINT(-74.00927734375 40.70809555053711),28 Liberty St,New York,NY,10005-0058,,+13474614068,https://www.starbucks.com/store-locator/store/8604500/28-liberty-street-28-liberty-street-new-york-ny-10005-us,{overture},,businesses_conflate,1100,2026-07-22 18:44:37.477175+00,2026-07-22 00:00:00+00,78,65,100,100,50,{},"{""overture"": {""lat"": 40.70809555053711, ""lon"": -74.00927734375, ""zip"": ""10005-0058"", ""city"": ""New York"", ""name"": ""Starbucks"", ""brand"": ""Starbucks"", ""phone"": ""+13474614068"", ""state"": ""NY"", ""address"": ""28 Liberty St"", ""release"": ""2026-07-22.0"", ""website"": ""https://www.starbucks.com/store-locator/store/8604500/28-liberty-street-28-liberty-street-new-york-ny-10005-us"", ""category"": ""cafe"", ""state_raw"": ""NY"", ""observed_at"": ""2026-07-22T00:00:00+00:00"", ""src_confidence"": 0.7996562719345093, ""category_source"": ""coffee_shop"", ""source_record_id"": ""90f46d58-d6ef-443d-b07c-f4ab49c8fca9""}}","'new':3 'starbuck':1,2 'york':4",2026-07-22 00:00:00+00,overture,62,likely_open,95,50,0,{}
biz_53fb432953b910e5,The FIDI Hotel,hotel,,40.70414352416992,-74.01227569580078,POINT(-74.01227569580078 40.70414352416992),11 Stone St,New York,NY,10004,,+12129251100,https://www.thefidinyc.com/,{overture},,businesses_conflate,1100,2026-07-22 18:44:37.477175+00,2026-07-22 00:00:00+00,73,65,100,75,50,{},"{""overture"": {""lat"": 40.70414352416992, ""lon"": -74.01227569580078, ""zip"": ""10004"", ""city"": ""New York"", ""name"": ""The FIDI Hotel"", ""brand"": null, ""phone"": ""+12129251100"", ""state"": ""NY"", ""address"": ""11 Stone St"", ""release"": ""2026-07-22.0"", ""website"": ""https://www.thefidinyc.com/"", ""category"": ""hotel"", ""state_raw"": ""NY"", ""observed_at"": ""2026-07-22T00:00:00+00:00"", ""src_confidence"": 0.9987236857414246, ""category_source"": ""hotel"", ""source_record_id"": ""b1cccee0-b91c-4c7b-abf1-ff4c1f469926""}}",'fidi':2 'hotel':3 'new':4 'york':5,2026-07-22 00:00:00+00,overture,62,likely_open,95,50,0,{}
biz_541454c50efba7e9,Devon & Blakely World Trade Center,restaurant,,40.71120834350586,-74.01541137695312,POINT(-74.01541137695312 40.71120834350586),200 Liberty St,New York,NY,10281,,+12127864206,,{overture},,businesses_conflate,1100,2026-07-22 18:44:37.477175+00,2026-07-22 00:00:00+00,70,65,100,63,50,{},"{""overture"": {""lat"": 40.71120834350586, ""lon"": -74.01541137695312, ""zip"": ""10281"", ""city"": ""New York"", ""name"": ""Devon & Blakely World Trade Center"", ""brand"": null, ""phone"": ""+12127864206"", ""state"": ""NY"", ""address"": ""200 Liberty St"", ""release"": ""2026-07-22.0"", ""website"": null, ""category"": ""restaurant"", ""state_raw"": ""NY"", ""observed_at"": ""2026-07-22T00:00:00+00:00"", ""src_confidence"": 0.5906448364257812, ""category_source"": ""restaurant"", ""source_record_id"": ""53923322-a691-4da0-87b1-a53c3b3fd1ca""}}",'blake':2 'center':5 'devon':1 'new':6 'trade':4 'world':3 'york':7,2026-07-22 00:00:00+00,overture,62,likely_open,95,50,0,{}
biz_542ad4b8142e1c78,LibertyX Bitcoin ATM,atm_bank,,40.71559143066406,-74.00743865966797,POINT(-74.00743865966797 40.71559143066406),178 Church St,New York,NY,10013,,8005118940,https://libertyx.com/a/buy-bitcoin/locations/NY/new-york/178-church-st?y_source=1_MTAxNDU3NjA0Mi00ODMtbG9jYXRpb24ud2Vic2l0ZQ%3D%3D,{overture},,businesses_conflate,1100,2026-07-22 18:44:37.477175+00,2026-07-22 00:00:00+00,73,65,100,75,50,{},"{""overture"": {""lat"": 40.71559143066406, ""lon"": -74.00743865966797, ""zip"": ""10013"", ""city"": ""New York"", ""name"": ""LibertyX Bitcoin ATM"", ""brand"": null, ""phone"": ""8005118940"", ""state"": ""NY"", ""address"": ""178 Church St"", ""release"": ""2026-07-22.0"", ""website"": ""https://libertyx.com/a/buy-bitcoin/locations/NY/new-york/178-church-st?y_source=1_MTAxNDU3NjA0Mi00ODMtbG9jYXRpb24ud2Vic2l0ZQ%3D%3D"", ""category"": ""atm_bank"", ""state_raw"": ""NY"", ""observed_at"": ""2026-07-22T00:00:00+00:00"", ""src_confidence"": 0.85, ""category_source"": ""atms"", ""source_record_id"": ""050c0a94-f06b-40ba-9d83-3b63edd64337""}}",'atm':3 'bitcoin':2 'libertyx':1 'new':4 'york':5,2026-07-22 00:00:00+00,overture,62,likely_open,95,50,0,{}
biz_545fa2da01802fab,Mizuho Corporate Bank,atm_bank,,40.720855712890625,-74.03209686279297,POINT(-74.03209686279297 40.720855712890625),10 2nd St,Jersey City,NJ,07302-3073,,+12017959501,www.mizuhobank.com,{overture},,businesses_conflate,1100,2026-07-22 18:44:37.477175+00,2026-07-22 00:00:00+00,73,65,100,75,50,{},"{""overture"": {""lat"": 40.720855712890625, ""lon"": -74.03209686279297, ""zip"": ""07302-3073"", ""city"": ""Jersey City"", ""name"": ""Mizuho Corporate Bank"", ""brand"": null, ""phone"": ""+12017959501"", ""state"": ""NJ"", ""address"": ""10 2nd St"", ""release"": ""2026-07-22.0"", ""website"": ""www.mizuhobank.com"", ""category"": ""atm_bank"", ""state_raw"": ""NJ"", ""observed_at"": ""2026-07-22T00:00:00+00:00"", ""src_confidence"": 0.8839673399925232, ""category_source"": ""bank_credit_union"", ""source_record_id"": ""f5b9aa33-35ee-4d01-a79a-0fcfbeed0d66""}}",'bank':3 'citi':5 'corpor':2 'jersey':4 'mizuho':1,2026-07-22 00:00:00+00,overture,62,likely_open,95,50,0,{}
