state,product,observed_on,price_usd_gal,source_id,attribution,note,ingested_at
AK,diesel,2026-08-04,5.407,aaa_daily,AAA Gas Prices (data © Oil Price Information Service / AAA),"AAA daily state average, surveyed by OPIS/WEX — a state-wide average, still not the price at any individual pump",2026-08-04 07:54:47.958234+00
AK,diesel,2026-07-24,5.311,aaa_daily,AAA Gas Prices (data © Oil Price Information Service / AAA),"AAA daily state average, surveyed by OPIS/WEX — a state-wide average, still not the price at any individual pump",2026-07-24 12:36:52.10235+00
AK,diesel,2026-08-19,5.495,aaa_daily,AAA Gas Prices (data © Oil Price Information Service / AAA),"AAA daily state average, surveyed by OPIS/WEX — a state-wide average, still not the price at any individual pump",2026-08-19 03:48:36.947414+00
AK,diesel,2026-08-09,5.433,aaa_daily,AAA Gas Prices (data © Oil Price Information Service / AAA),"AAA daily state average, surveyed by OPIS/WEX — a state-wide average, still not the price at any individual pump",2026-08-09 01:01:19.655887+00
AK,diesel,2026-08-12,5.449,aaa_daily,AAA Gas Prices (data © Oil Price Information Service / AAA),"AAA daily state average, surveyed by OPIS/WEX — a state-wide average, still not the price at any individual pump",2026-08-12 03:55:43.892073+00
AK,diesel,2026-08-05,5.407,aaa_daily,AAA Gas Prices (data © Oil Price Information Service / AAA),"AAA daily state average, surveyed by OPIS/WEX — a state-wide average, still not the price at any individual pump",2026-08-05 04:30:49.690791+00
AK,diesel,2026-08-08,5.439,aaa_daily,AAA Gas Prices (data © Oil Price Information Service / AAA),"AAA daily state average, surveyed by OPIS/WEX — a state-wide average, still not the price at any individual pump",2026-08-08 02:08:56.048448+00
AK,diesel,2026-07-28,5.309,aaa_daily,AAA Gas Prices (data © Oil Price Information Service / AAA),"AAA daily state average, surveyed by OPIS/WEX — a state-wide average, still not the price at any individual pump",2026-07-28 04:22:02.481431+00
AK,diesel,2026-08-14,5.449,aaa_daily,AAA Gas Prices (data © Oil Price Information Service / AAA),"AAA daily state average, surveyed by OPIS/WEX — a state-wide average, still not the price at any individual pump",2026-08-14 03:25:35.257151+00
AK,diesel,2026-07-26,5.309,aaa_daily,AAA Gas Prices (data © Oil Price Information Service / AAA),"AAA daily state average, surveyed by OPIS/WEX — a state-wide average, still not the price at any individual pump",2026-07-26 12:23:56.711299+00
AK,diesel,2026-08-03,5.407,aaa_daily,AAA Gas Prices (data © Oil Price Information Service / AAA),"AAA daily state average, surveyed by OPIS/WEX — a state-wide average, still not the price at any individual pump",2026-08-03 04:10:38.869331+00
AK,diesel,2026-08-11,5.446,aaa_daily,AAA Gas Prices (data © Oil Price Information Service / AAA),"AAA daily state average, surveyed by OPIS/WEX — a state-wide average, still not the price at any individual pump",2026-08-11 03:48:17.844757+00
AK,diesel,2026-08-06,5.43,aaa_daily,AAA Gas Prices (data © Oil Price Information Service / AAA),"AAA daily state average, surveyed by OPIS/WEX — a state-wide average, still not the price at any individual pump",2026-08-06 03:42:29.881766+00
AK,diesel,2026-08-17,5.461,aaa_daily,AAA Gas Prices (data © Oil Price Information Service / AAA),"AAA daily state average, surveyed by OPIS/WEX — a state-wide average, still not the price at any individual pump",2026-08-17 03:34:51.704092+00
AK,diesel,2026-08-07,5.425,aaa_daily,AAA Gas Prices (data © Oil Price Information Service / AAA),"AAA daily state average, surveyed by OPIS/WEX — a state-wide average, still not the price at any individual pump",2026-08-07 01:05:00.33444+00
AK,diesel,2026-08-10,5.439,aaa_daily,AAA Gas Prices (data © Oil Price Information Service / AAA),"AAA daily state average, surveyed by OPIS/WEX — a state-wide average, still not the price at any individual pump",2026-08-10 03:38:18.245012+00
AK,diesel,2026-08-13,5.443,aaa_daily,AAA Gas Prices (data © Oil Price Information Service / AAA),"AAA daily state average, surveyed by OPIS/WEX — a state-wide average, still not the price at any individual pump",2026-08-13 00:50:03.363793+00
AL,diesel,2026-08-04,5.145,aaa_daily,AAA Gas Prices (data © Oil Price Information Service / AAA),"AAA daily state average, surveyed by OPIS/WEX — a state-wide average, still not the price at any individual pump",2026-08-04 07:54:47.958234+00
AL,diesel,2026-08-08,5.105,aaa_daily,AAA Gas Prices (data © Oil Price Information Service / AAA),"AAA daily state average, surveyed by OPIS/WEX — a state-wide average, still not the price at any individual pump",2026-08-08 02:08:56.048448+00
AL,diesel,2026-07-24,5.055,aaa_daily,AAA Gas Prices (data © Oil Price Information Service / AAA),"AAA daily state average, surveyed by OPIS/WEX — a state-wide average, still not the price at any individual pump",2026-07-24 12:36:52.10235+00
AL,diesel,2026-07-26,5.116,aaa_daily,AAA Gas Prices (data © Oil Price Information Service / AAA),"AAA daily state average, surveyed by OPIS/WEX — a state-wide average, still not the price at any individual pump",2026-07-26 12:23:56.711299+00
AL,diesel,2026-08-14,5.109,aaa_daily,AAA Gas Prices (data © Oil Price Information Service / AAA),"AAA daily state average, surveyed by OPIS/WEX — a state-wide average, still not the price at any individual pump",2026-08-14 03:25:35.257151+00
AL,diesel,2026-08-19,5.198,aaa_daily,AAA Gas Prices (data © Oil Price Information Service / AAA),"AAA daily state average, surveyed by OPIS/WEX — a state-wide average, still not the price at any individual pump",2026-08-19 03:48:36.947414+00
AL,diesel,2026-08-13,5.085,aaa_daily,AAA Gas Prices (data © Oil Price Information Service / AAA),"AAA daily state average, surveyed by OPIS/WEX — a state-wide average, still not the price at any individual pump",2026-08-13 00:50:03.363793+00
AL,diesel,2026-08-12,5.075,aaa_daily,AAA Gas Prices (data © Oil Price Information Service / AAA),"AAA daily state average, surveyed by OPIS/WEX — a state-wide average, still not the price at any individual pump",2026-08-12 03:55:43.892073+00
AL,diesel,2026-08-03,5.153,aaa_daily,AAA Gas Prices (data © Oil Price Information Service / AAA),"AAA daily state average, surveyed by OPIS/WEX — a state-wide average, still not the price at any individual pump",2026-08-03 04:10:38.869331+00
AL,diesel,2026-08-17,5.152,aaa_daily,AAA Gas Prices (data © Oil Price Information Service / AAA),"AAA daily state average, surveyed by OPIS/WEX — a state-wide average, still not the price at any individual pump",2026-08-17 03:34:51.704092+00
AL,diesel,2026-08-11,5.075,aaa_daily,AAA Gas Prices (data © Oil Price Information Service / AAA),"AAA daily state average, surveyed by OPIS/WEX — a state-wide average, still not the price at any individual pump",2026-08-11 03:48:17.844757+00
AL,diesel,2026-08-10,5.085,aaa_daily,AAA Gas Prices (data © Oil Price Information Service / AAA),"AAA daily state average, surveyed by OPIS/WEX — a state-wide average, still not the price at any individual pump",2026-08-10 03:38:18.245012+00
AL,diesel,2026-08-09,5.093,aaa_daily,AAA Gas Prices (data © Oil Price Information Service / AAA),"AAA daily state average, surveyed by OPIS/WEX — a state-wide average, still not the price at any individual pump",2026-08-09 01:01:19.655887+00
AL,diesel,2026-08-05,5.145,aaa_daily,AAA Gas Prices (data © Oil Price Information Service / AAA),"AAA daily state average, surveyed by OPIS/WEX — a state-wide average, still not the price at any individual pump",2026-08-05 04:30:49.690791+00
AL,diesel,2026-08-06,5.134,aaa_daily,AAA Gas Prices (data © Oil Price Information Service / AAA),"AAA daily state average, surveyed by OPIS/WEX — a state-wide average, still not the price at any individual pump",2026-08-06 03:42:29.881766+00
AL,diesel,2026-08-07,5.118,aaa_daily,AAA Gas Prices (data © Oil Price Information Service / AAA),"AAA daily state average, surveyed by OPIS/WEX — a state-wide average, still not the price at any individual pump",2026-08-07 01:05:00.33444+00
AL,diesel,2026-07-28,5.116,aaa_daily,AAA Gas Prices (data © Oil Price Information Service / AAA),"AAA daily state average, surveyed by OPIS/WEX — a state-wide average, still not the price at any individual pump",2026-07-28 04:22:02.481431+00
AR,diesel,2026-08-14,5.013,aaa_daily,AAA Gas Prices (data © Oil Price Information Service / AAA),"AAA daily state average, surveyed by OPIS/WEX — a state-wide average, still not the price at any individual pump",2026-08-14 03:25:35.257151+00
AR,diesel,2026-08-03,4.963,aaa_daily,AAA Gas Prices (data © Oil Price Information Service / AAA),"AAA daily state average, surveyed by OPIS/WEX — a state-wide average, still not the price at any individual pump",2026-08-03 04:10:38.869331+00
AR,diesel,2026-08-09,4.906,aaa_daily,AAA Gas Prices (data © Oil Price Information Service / AAA),"AAA daily state average, surveyed by OPIS/WEX — a state-wide average, still not the price at any individual pump",2026-08-09 01:01:19.655887+00
AR,diesel,2026-08-17,5.082,aaa_daily,AAA Gas Prices (data © Oil Price Information Service / AAA),"AAA daily state average, surveyed by OPIS/WEX — a state-wide average, still not the price at any individual pump",2026-08-17 03:34:51.704092+00
AR,diesel,2026-07-26,4.951,aaa_daily,AAA Gas Prices (data © Oil Price Information Service / AAA),"AAA daily state average, surveyed by OPIS/WEX — a state-wide average, still not the price at any individual pump",2026-07-26 12:23:56.711299+00
AR,diesel,2026-08-07,4.935,aaa_daily,AAA Gas Prices (data © Oil Price Information Service / AAA),"AAA daily state average, surveyed by OPIS/WEX — a state-wide average, still not the price at any individual pump",2026-08-07 01:05:00.33444+00
AR,diesel,2026-08-10,4.895,aaa_daily,AAA Gas Prices (data © Oil Price Information Service / AAA),"AAA daily state average, surveyed by OPIS/WEX — a state-wide average, still not the price at any individual pump",2026-08-10 03:38:18.245012+00
AR,diesel,2026-08-06,4.957,aaa_daily,AAA Gas Prices (data © Oil Price Information Service / AAA),"AAA daily state average, surveyed by OPIS/WEX — a state-wide average, still not the price at any individual pump",2026-08-06 03:42:29.881766+00
AR,diesel,2026-08-13,4.961,aaa_daily,AAA Gas Prices (data © Oil Price Information Service / AAA),"AAA daily state average, surveyed by OPIS/WEX — a state-wide average, still not the price at any individual pump",2026-08-13 00:50:03.363793+00
AR,diesel,2026-08-08,4.92,aaa_daily,AAA Gas Prices (data © Oil Price Information Service / AAA),"AAA daily state average, surveyed by OPIS/WEX — a state-wide average, still not the price at any individual pump",2026-08-08 02:08:56.048448+00
AR,diesel,2026-08-19,5.109,aaa_daily,AAA Gas Prices (data © Oil Price Information Service / AAA),"AAA daily state average, surveyed by OPIS/WEX — a state-wide average, still not the price at any individual pump",2026-08-19 03:48:36.947414+00
AR,diesel,2026-07-24,4.902,aaa_daily,AAA Gas Prices (data © Oil Price Information Service / AAA),"AAA daily state average, surveyed by OPIS/WEX — a state-wide average, still not the price at any individual pump",2026-07-24 12:36:52.10235+00
AR,diesel,2026-08-11,4.884,aaa_daily,AAA Gas Prices (data © Oil Price Information Service / AAA),"AAA daily state average, surveyed by OPIS/WEX — a state-wide average, still not the price at any individual pump",2026-08-11 03:48:17.844757+00
AR,diesel,2026-08-04,4.958,aaa_daily,AAA Gas Prices (data © Oil Price Information Service / AAA),"AAA daily state average, surveyed by OPIS/WEX — a state-wide average, still not the price at any individual pump",2026-08-04 07:54:47.958234+00
AR,diesel,2026-07-28,4.941,aaa_daily,AAA Gas Prices (data © Oil Price Information Service / AAA),"AAA daily state average, surveyed by OPIS/WEX — a state-wide average, still not the price at any individual pump",2026-07-28 04:22:02.481431+00
AR,diesel,2026-08-05,4.958,aaa_daily,AAA Gas Prices (data © Oil Price Information Service / AAA),"AAA daily state average, surveyed by OPIS/WEX — a state-wide average, still not the price at any individual pump",2026-08-05 04:30:49.690791+00
AR,diesel,2026-08-12,4.904,aaa_daily,AAA Gas Prices (data © Oil Price Information Service / AAA),"AAA daily state average, surveyed by OPIS/WEX — a state-wide average, still not the price at any individual pump",2026-08-12 03:55:43.892073+00
AZ,diesel,2026-08-10,5.507,aaa_daily,AAA Gas Prices (data © Oil Price Information Service / AAA),"AAA daily state average, surveyed by OPIS/WEX — a state-wide average, still not the price at any individual pump",2026-08-10 03:38:18.245012+00
AZ,diesel,2026-08-04,5.587,aaa_daily,AAA Gas Prices (data © Oil Price Information Service / AAA),"AAA daily state average, surveyed by OPIS/WEX — a state-wide average, still not the price at any individual pump",2026-08-04 07:54:47.958234+00
AZ,diesel,2026-08-07,5.546,aaa_daily,AAA Gas Prices (data © Oil Price Information Service / AAA),"AAA daily state average, surveyed by OPIS/WEX — a state-wide average, still not the price at any individual pump",2026-08-07 01:05:00.33444+00
AZ,diesel,2026-07-24,5.39,aaa_daily,AAA Gas Prices (data © Oil Price Information Service / AAA),"AAA daily state average, surveyed by OPIS/WEX — a state-wide average, still not the price at any individual pump",2026-07-24 12:36:52.10235+00
AZ,diesel,2026-08-03,5.595,aaa_daily,AAA Gas Prices (data © Oil Price Information Service / AAA),"AAA daily state average, surveyed by OPIS/WEX — a state-wide average, still not the price at any individual pump",2026-08-03 04:10:38.869331+00
AZ,diesel,2026-08-14,5.591,aaa_daily,AAA Gas Prices (data © Oil Price Information Service / AAA),"AAA daily state average, surveyed by OPIS/WEX — a state-wide average, still not the price at any individual pump",2026-08-14 03:25:35.257151+00
AZ,diesel,2026-08-09,5.516,aaa_daily,AAA Gas Prices (data © Oil Price Information Service / AAA),"AAA daily state average, surveyed by OPIS/WEX — a state-wide average, still not the price at any individual pump",2026-08-09 01:01:19.655887+00
AZ,diesel,2026-08-05,5.587,aaa_daily,AAA Gas Prices (data © Oil Price Information Service / AAA),"AAA daily state average, surveyed by OPIS/WEX — a state-wide average, still not the price at any individual pump",2026-08-05 04:30:49.690791+00
AZ,diesel,2026-08-13,5.568,aaa_daily,AAA Gas Prices (data © Oil Price Information Service / AAA),"AAA daily state average, surveyed by OPIS/WEX — a state-wide average, still not the price at any individual pump",2026-08-13 00:50:03.363793+00
AZ,diesel,2026-08-11,5.496,aaa_daily,AAA Gas Prices (data © Oil Price Information Service / AAA),"AAA daily state average, surveyed by OPIS/WEX — a state-wide average, still not the price at any individual pump",2026-08-11 03:48:17.844757+00
AZ,diesel,2026-08-06,5.569,aaa_daily,AAA Gas Prices (data © Oil Price Information Service / AAA),"AAA daily state average, surveyed by OPIS/WEX — a state-wide average, still not the price at any individual pump",2026-08-06 03:42:29.881766+00
AZ,diesel,2026-08-12,5.516,aaa_daily,AAA Gas Prices (data © Oil Price Information Service / AAA),"AAA daily state average, surveyed by OPIS/WEX — a state-wide average, still not the price at any individual pump",2026-08-12 03:55:43.892073+00
AZ,diesel,2026-07-26,5.466,aaa_daily,AAA Gas Prices (data © Oil Price Information Service / AAA),"AAA daily state average, surveyed by OPIS/WEX — a state-wide average, still not the price at any individual pump",2026-07-26 12:23:56.711299+00
AZ,diesel,2026-08-19,5.662,aaa_daily,AAA Gas Prices (data © Oil Price Information Service / AAA),"AAA daily state average, surveyed by OPIS/WEX — a state-wide average, still not the price at any individual pump",2026-08-19 03:48:36.947414+00
AZ,diesel,2026-08-17,5.611,aaa_daily,AAA Gas Prices (data © Oil Price Information Service / AAA),"AAA daily state average, surveyed by OPIS/WEX — a state-wide average, still not the price at any individual pump",2026-08-17 03:34:51.704092+00
AZ,diesel,2026-07-28,5.469,aaa_daily,AAA Gas Prices (data © Oil Price Information Service / AAA),"AAA daily state average, surveyed by OPIS/WEX — a state-wide average, still not the price at any individual pump",2026-07-28 04:22:02.481431+00
AZ,diesel,2026-08-08,5.529,aaa_daily,AAA Gas Prices (data © Oil Price Information Service / AAA),"AAA daily state average, surveyed by OPIS/WEX — a state-wide average, still not the price at any individual pump",2026-08-08 02:08:56.048448+00
CA,diesel,2026-08-04,6.918,aaa_daily,AAA Gas Prices (data © Oil Price Information Service / AAA),"AAA daily state average, surveyed by OPIS/WEX — a state-wide average, still not the price at any individual pump",2026-08-04 07:54:47.958234+00
CA,diesel,2026-07-28,6.873,aaa_daily,AAA Gas Prices (data © Oil Price Information Service / AAA),"AAA daily state average, surveyed by OPIS/WEX — a state-wide average, still not the price at any individual pump",2026-07-28 04:22:02.481431+00
CA,diesel,2026-08-17,6.94,aaa_daily,AAA Gas Prices (data © Oil Price Information Service / AAA),"AAA daily state average, surveyed by OPIS/WEX — a state-wide average, still not the price at any individual pump",2026-08-17 03:34:51.704092+00
CA,diesel,2026-07-24,6.808,aaa_daily,AAA Gas Prices (data © Oil Price Information Service / AAA),"AAA daily state average, surveyed by OPIS/WEX — a state-wide average, still not the price at any individual pump",2026-07-24 12:36:52.10235+00
CA,diesel,2026-07-26,6.87,aaa_daily,AAA Gas Prices (data © Oil Price Information Service / AAA),"AAA daily state average, surveyed by OPIS/WEX — a state-wide average, still not the price at any individual pump",2026-07-26 12:23:56.711299+00
CA,diesel,2026-08-10,6.861,aaa_daily,AAA Gas Prices (data © Oil Price Information Service / AAA),"AAA daily state average, surveyed by OPIS/WEX — a state-wide average, still not the price at any individual pump",2026-08-10 03:38:18.245012+00
CA,diesel,2026-08-07,6.893,aaa_daily,AAA Gas Prices (data © Oil Price Information Service / AAA),"AAA daily state average, surveyed by OPIS/WEX — a state-wide average, still not the price at any individual pump",2026-08-07 01:05:00.33444+00
CA,diesel,2026-08-11,6.857,aaa_daily,AAA Gas Prices (data © Oil Price Information Service / AAA),"AAA daily state average, surveyed by OPIS/WEX — a state-wide average, still not the price at any individual pump",2026-08-11 03:48:17.844757+00
CA,diesel,2026-08-14,6.896,aaa_daily,AAA Gas Prices (data © Oil Price Information Service / AAA),"AAA daily state average, surveyed by OPIS/WEX — a state-wide average, still not the price at any individual pump",2026-08-14 03:25:35.257151+00
CA,diesel,2026-08-13,6.869,aaa_daily,AAA Gas Prices (data © Oil Price Information Service / AAA),"AAA daily state average, surveyed by OPIS/WEX — a state-wide average, still not the price at any individual pump",2026-08-13 00:50:03.363793+00
CA,diesel,2026-08-08,6.877,aaa_daily,AAA Gas Prices (data © Oil Price Information Service / AAA),"AAA daily state average, surveyed by OPIS/WEX — a state-wide average, still not the price at any individual pump",2026-08-08 02:08:56.048448+00
CA,diesel,2026-08-03,6.925,aaa_daily,AAA Gas Prices (data © Oil Price Information Service / AAA),"AAA daily state average, surveyed by OPIS/WEX — a state-wide average, still not the price at any individual pump",2026-08-03 04:10:38.869331+00
CA,diesel,2026-08-09,6.866,aaa_daily,AAA Gas Prices (data © Oil Price Information Service / AAA),"AAA daily state average, surveyed by OPIS/WEX — a state-wide average, still not the price at any individual pump",2026-08-09 01:01:19.655887+00
CA,diesel,2026-08-05,6.918,aaa_daily,AAA Gas Prices (data © Oil Price Information Service / AAA),"AAA daily state average, surveyed by OPIS/WEX — a state-wide average, still not the price at any individual pump",2026-08-05 04:30:49.690791+00
CA,diesel,2026-08-12,6.857,aaa_daily,AAA Gas Prices (data © Oil Price Information Service / AAA),"AAA daily state average, surveyed by OPIS/WEX — a state-wide average, still not the price at any individual pump",2026-08-12 03:55:43.892073+00
CA,diesel,2026-08-19,6.968,aaa_daily,AAA Gas Prices (data © Oil Price Information Service / AAA),"AAA daily state average, surveyed by OPIS/WEX — a state-wide average, still not the price at any individual pump",2026-08-19 03:48:36.947414+00
CA,diesel,2026-08-06,6.906,aaa_daily,AAA Gas Prices (data © Oil Price Information Service / AAA),"AAA daily state average, surveyed by OPIS/WEX — a state-wide average, still not the price at any individual pump",2026-08-06 03:42:29.881766+00
CO,diesel,2026-08-12,5.462,aaa_daily,AAA Gas Prices (data © Oil Price Information Service / AAA),"AAA daily state average, surveyed by OPIS/WEX — a state-wide average, still not the price at any individual pump",2026-08-12 03:55:43.892073+00
CO,diesel,2026-08-14,5.564,aaa_daily,AAA Gas Prices (data © Oil Price Information Service / AAA),"AAA daily state average, surveyed by OPIS/WEX — a state-wide average, still not the price at any individual pump",2026-08-14 03:25:35.257151+00
CO,diesel,2026-08-09,5.132,aaa_daily,AAA Gas Prices (data © Oil Price Information Service / AAA),"AAA daily state average, surveyed by OPIS/WEX — a state-wide average, still not the price at any individual pump",2026-08-09 01:01:19.655887+00
CO,diesel,2026-08-07,5.149,aaa_daily,AAA Gas Prices (data © Oil Price Information Service / AAA),"AAA daily state average, surveyed by OPIS/WEX — a state-wide average, still not the price at any individual pump",2026-08-07 01:05:00.33444+00
CO,diesel,2026-08-10,5.129,aaa_daily,AAA Gas Prices (data © Oil Price Information Service / AAA),"AAA daily state average, surveyed by OPIS/WEX — a state-wide average, still not the price at any individual pump",2026-08-10 03:38:18.245012+00
CO,diesel,2026-08-06,5.166,aaa_daily,AAA Gas Prices (data © Oil Price Information Service / AAA),"AAA daily state average, surveyed by OPIS/WEX — a state-wide average, still not the price at any individual pump",2026-08-06 03:42:29.881766+00
CO,diesel,2026-08-19,5.589,aaa_daily,AAA Gas Prices (data © Oil Price Information Service / AAA),"AAA daily state average, surveyed by OPIS/WEX — a state-wide average, still not the price at any individual pump",2026-08-19 03:48:36.947414+00
CO,diesel,2026-07-24,5.055,aaa_daily,AAA Gas Prices (data © Oil Price Information Service / AAA),"AAA daily state average, surveyed by OPIS/WEX — a state-wide average, still not the price at any individual pump",2026-07-24 12:36:52.10235+00
CO,diesel,2026-08-11,5.183,aaa_daily,AAA Gas Prices (data © Oil Price Information Service / AAA),"AAA daily state average, surveyed by OPIS/WEX — a state-wide average, still not the price at any individual pump",2026-08-11 03:48:17.844757+00
CO,diesel,2026-08-05,5.181,aaa_daily,AAA Gas Prices (data © Oil Price Information Service / AAA),"AAA daily state average, surveyed by OPIS/WEX — a state-wide average, still not the price at any individual pump",2026-08-05 04:30:49.690791+00
CO,diesel,2026-07-28,5.043,aaa_daily,AAA Gas Prices (data © Oil Price Information Service / AAA),"AAA daily state average, surveyed by OPIS/WEX — a state-wide average, still not the price at any individual pump",2026-07-28 04:22:02.481431+00
CO,diesel,2026-08-04,5.181,aaa_daily,AAA Gas Prices (data © Oil Price Information Service / AAA),"AAA daily state average, surveyed by OPIS/WEX — a state-wide average, still not the price at any individual pump",2026-08-04 07:54:47.958234+00
CO,diesel,2026-08-08,5.139,aaa_daily,AAA Gas Prices (data © Oil Price Information Service / AAA),"AAA daily state average, surveyed by OPIS/WEX — a state-wide average, still not the price at any individual pump",2026-08-08 02:08:56.048448+00
CO,diesel,2026-08-17,5.572,aaa_daily,AAA Gas Prices (data © Oil Price Information Service / AAA),"AAA daily state average, surveyed by OPIS/WEX — a state-wide average, still not the price at any individual pump",2026-08-17 03:34:51.704092+00
CO,diesel,2026-08-03,5.184,aaa_daily,AAA Gas Prices (data © Oil Price Information Service / AAA),"AAA daily state average, surveyed by OPIS/WEX — a state-wide average, still not the price at any individual pump",2026-08-03 04:10:38.869331+00
CO,diesel,2026-08-13,5.517,aaa_daily,AAA Gas Prices (data © Oil Price Information Service / AAA),"AAA daily state average, surveyed by OPIS/WEX — a state-wide average, still not the price at any individual pump",2026-08-13 00:50:03.363793+00
CO,diesel,2026-07-26,5.04,aaa_daily,AAA Gas Prices (data © Oil Price Information Service / AAA),"AAA daily state average, surveyed by OPIS/WEX — a state-wide average, still not the price at any individual pump",2026-07-26 12:23:56.711299+00
CT,diesel,2026-08-04,5.546,aaa_daily,AAA Gas Prices (data © Oil Price Information Service / AAA),"AAA daily state average, surveyed by OPIS/WEX — a state-wide average, still not the price at any individual pump",2026-08-04 07:54:47.958234+00
CT,diesel,2026-08-12,5.501,aaa_daily,AAA Gas Prices (data © Oil Price Information Service / AAA),"AAA daily state average, surveyed by OPIS/WEX — a state-wide average, still not the price at any individual pump",2026-08-12 03:55:43.892073+00
CT,diesel,2026-08-05,5.546,aaa_daily,AAA Gas Prices (data © Oil Price Information Service / AAA),"AAA daily state average, surveyed by OPIS/WEX — a state-wide average, still not the price at any individual pump",2026-08-05 04:30:49.690791+00
CT,diesel,2026-08-09,5.518,aaa_daily,AAA Gas Prices (data © Oil Price Information Service / AAA),"AAA daily state average, surveyed by OPIS/WEX — a state-wide average, still not the price at any individual pump",2026-08-09 01:01:19.655887+00
CT,diesel,2026-08-03,5.546,aaa_daily,AAA Gas Prices (data © Oil Price Information Service / AAA),"AAA daily state average, surveyed by OPIS/WEX — a state-wide average, still not the price at any individual pump",2026-08-03 04:10:38.869331+00
CT,diesel,2026-07-28,5.496,aaa_daily,AAA Gas Prices (data © Oil Price Information Service / AAA),"AAA daily state average, surveyed by OPIS/WEX — a state-wide average, still not the price at any individual pump",2026-07-28 04:22:02.481431+00
CT,diesel,2026-08-11,5.511,aaa_daily,AAA Gas Prices (data © Oil Price Information Service / AAA),"AAA daily state average, surveyed by OPIS/WEX — a state-wide average, still not the price at any individual pump",2026-08-11 03:48:17.844757+00
CT,diesel,2026-08-08,5.529,aaa_daily,AAA Gas Prices (data © Oil Price Information Service / AAA),"AAA daily state average, surveyed by OPIS/WEX — a state-wide average, still not the price at any individual pump",2026-08-08 02:08:56.048448+00
CT,diesel,2026-07-24,5.429,aaa_daily,AAA Gas Prices (data © Oil Price Information Service / AAA),"AAA daily state average, surveyed by OPIS/WEX — a state-wide average, still not the price at any individual pump",2026-07-24 12:36:52.10235+00
CT,diesel,2026-08-19,5.551,aaa_daily,AAA Gas Prices (data © Oil Price Information Service / AAA),"AAA daily state average, surveyed by OPIS/WEX — a state-wide average, still not the price at any individual pump",2026-08-19 03:48:36.947414+00
CT,diesel,2026-08-06,5.544,aaa_daily,AAA Gas Prices (data © Oil Price Information Service / AAA),"AAA daily state average, surveyed by OPIS/WEX — a state-wide average, still not the price at any individual pump",2026-08-06 03:42:29.881766+00
CT,diesel,2026-08-13,5.508,aaa_daily,AAA Gas Prices (data © Oil Price Information Service / AAA),"AAA daily state average, surveyed by OPIS/WEX — a state-wide average, still not the price at any individual pump",2026-08-13 00:50:03.363793+00
CT,diesel,2026-07-26,5.49,aaa_daily,AAA Gas Prices (data © Oil Price Information Service / AAA),"AAA daily state average, surveyed by OPIS/WEX — a state-wide average, still not the price at any individual pump",2026-07-26 12:23:56.711299+00
CT,diesel,2026-08-14,5.523,aaa_daily,AAA Gas Prices (data © Oil Price Information Service / AAA),"AAA daily state average, surveyed by OPIS/WEX — a state-wide average, still not the price at any individual pump",2026-08-14 03:25:35.257151+00
CT,diesel,2026-08-10,5.511,aaa_daily,AAA Gas Prices (data © Oil Price Information Service / AAA),"AAA daily state average, surveyed by OPIS/WEX — a state-wide average, still not the price at any individual pump",2026-08-10 03:38:18.245012+00
CT,diesel,2026-08-07,5.532,aaa_daily,AAA Gas Prices (data © Oil Price Information Service / AAA),"AAA daily state average, surveyed by OPIS/WEX — a state-wide average, still not the price at any individual pump",2026-08-07 01:05:00.33444+00
CT,diesel,2026-08-17,5.547,aaa_daily,AAA Gas Prices (data © Oil Price Information Service / AAA),"AAA daily state average, surveyed by OPIS/WEX — a state-wide average, still not the price at any individual pump",2026-08-17 03:34:51.704092+00
DC,diesel,2026-08-04,5.651,aaa_daily,AAA Gas Prices (data © Oil Price Information Service / AAA),"AAA daily state average, surveyed by OPIS/WEX — a state-wide average, still not the price at any individual pump",2026-08-04 07:54:47.958234+00
DC,diesel,2026-08-12,5.592,aaa_daily,AAA Gas Prices (data © Oil Price Information Service / AAA),"AAA daily state average, surveyed by OPIS/WEX — a state-wide average, still not the price at any individual pump",2026-08-12 03:55:43.892073+00
DC,diesel,2026-08-14,5.609,aaa_daily,AAA Gas Prices (data © Oil Price Information Service / AAA),"AAA daily state average, surveyed by OPIS/WEX — a state-wide average, still not the price at any individual pump",2026-08-14 03:25:35.257151+00
DC,diesel,2026-08-17,5.643,aaa_daily,AAA Gas Prices (data © Oil Price Information Service / AAA),"AAA daily state average, surveyed by OPIS/WEX — a state-wide average, still not the price at any individual pump",2026-08-17 03:34:51.704092+00
DC,diesel,2026-08-05,5.651,aaa_daily,AAA Gas Prices (data © Oil Price Information Service / AAA),"AAA daily state average, surveyed by OPIS/WEX — a state-wide average, still not the price at any individual pump",2026-08-05 04:30:49.690791+00
DC,diesel,2026-08-13,5.589,aaa_daily,AAA Gas Prices (data © Oil Price Information Service / AAA),"AAA daily state average, surveyed by OPIS/WEX — a state-wide average, still not the price at any individual pump",2026-08-13 00:50:03.363793+00
DC,diesel,2026-08-06,5.636,aaa_daily,AAA Gas Prices (data © Oil Price Information Service / AAA),"AAA daily state average, surveyed by OPIS/WEX — a state-wide average, still not the price at any individual pump",2026-08-06 03:42:29.881766+00
DC,diesel,2026-08-03,5.631,aaa_daily,AAA Gas Prices (data © Oil Price Information Service / AAA),"AAA daily state average, surveyed by OPIS/WEX — a state-wide average, still not the price at any individual pump",2026-08-03 04:10:38.869331+00
DC,diesel,2026-07-26,5.669,aaa_daily,AAA Gas Prices (data © Oil Price Information Service / AAA),"AAA daily state average, surveyed by OPIS/WEX — a state-wide average, still not the price at any individual pump",2026-07-26 12:23:56.711299+00
DC,diesel,2026-08-11,5.574,aaa_daily,AAA Gas Prices (data © Oil Price Information Service / AAA),"AAA daily state average, surveyed by OPIS/WEX — a state-wide average, still not the price at any individual pump",2026-08-11 03:48:17.844757+00
DC,diesel,2026-08-07,5.599,aaa_daily,AAA Gas Prices (data © Oil Price Information Service / AAA),"AAA daily state average, surveyed by OPIS/WEX — a state-wide average, still not the price at any individual pump",2026-08-07 01:05:00.33444+00
DC,diesel,2026-08-09,5.609,aaa_daily,AAA Gas Prices (data © Oil Price Information Service / AAA),"AAA daily state average, surveyed by OPIS/WEX — a state-wide average, still not the price at any individual pump",2026-08-09 01:01:19.655887+00
DC,diesel,2026-07-24,5.541,aaa_daily,AAA Gas Prices (data © Oil Price Information Service / AAA),"AAA daily state average, surveyed by OPIS/WEX — a state-wide average, still not the price at any individual pump",2026-07-24 12:36:52.10235+00
DC,diesel,2026-07-28,5.56,aaa_daily,AAA Gas Prices (data © Oil Price Information Service / AAA),"AAA daily state average, surveyed by OPIS/WEX — a state-wide average, still not the price at any individual pump",2026-07-28 04:22:02.481431+00
DC,diesel,2026-08-10,5.578,aaa_daily,AAA Gas Prices (data © Oil Price Information Service / AAA),"AAA daily state average, surveyed by OPIS/WEX — a state-wide average, still not the price at any individual pump",2026-08-10 03:38:18.245012+00
DC,diesel,2026-08-19,5.701,aaa_daily,AAA Gas Prices (data © Oil Price Information Service / AAA),"AAA daily state average, surveyed by OPIS/WEX — a state-wide average, still not the price at any individual pump",2026-08-19 03:48:36.947414+00
DC,diesel,2026-08-08,5.606,aaa_daily,AAA Gas Prices (data © Oil Price Information Service / AAA),"AAA daily state average, surveyed by OPIS/WEX — a state-wide average, still not the price at any individual pump",2026-08-08 02:08:56.048448+00
DE,diesel,2026-08-04,5.372,aaa_daily,AAA Gas Prices (data © Oil Price Information Service / AAA),"AAA daily state average, surveyed by OPIS/WEX — a state-wide average, still not the price at any individual pump",2026-08-04 07:54:47.958234+00
DE,diesel,2026-08-19,5.526,aaa_daily,AAA Gas Prices (data © Oil Price Information Service / AAA),"AAA daily state average, surveyed by OPIS/WEX — a state-wide average, still not the price at any individual pump",2026-08-19 03:48:36.947414+00
DE,diesel,2026-07-24,5.353,aaa_daily,AAA Gas Prices (data © Oil Price Information Service / AAA),"AAA daily state average, surveyed by OPIS/WEX — a state-wide average, still not the price at any individual pump",2026-07-24 12:36:52.10235+00
DE,diesel,2026-08-17,5.528,aaa_daily,AAA Gas Prices (data © Oil Price Information Service / AAA),"AAA daily state average, surveyed by OPIS/WEX — a state-wide average, still not the price at any individual pump",2026-08-17 03:34:51.704092+00
DE,diesel,2026-08-03,5.376,aaa_daily,AAA Gas Prices (data © Oil Price Information Service / AAA),"AAA daily state average, surveyed by OPIS/WEX — a state-wide average, still not the price at any individual pump",2026-08-03 04:10:38.869331+00
DE,diesel,2026-08-14,5.453,aaa_daily,AAA Gas Prices (data © Oil Price Information Service / AAA),"AAA daily state average, surveyed by OPIS/WEX — a state-wide average, still not the price at any individual pump",2026-08-14 03:25:35.257151+00
DE,diesel,2026-07-26,5.359,aaa_daily,AAA Gas Prices (data © Oil Price Information Service / AAA),"AAA daily state average, surveyed by OPIS/WEX — a state-wide average, still not the price at any individual pump",2026-07-26 12:23:56.711299+00
DE,diesel,2026-08-13,5.296,aaa_daily,AAA Gas Prices (data © Oil Price Information Service / AAA),"AAA daily state average, surveyed by OPIS/WEX — a state-wide average, still not the price at any individual pump",2026-08-13 00:50:03.363793+00
DE,diesel,2026-08-12,5.253,aaa_daily,AAA Gas Prices (data © Oil Price Information Service / AAA),"AAA daily state average, surveyed by OPIS/WEX — a state-wide average, still not the price at any individual pump",2026-08-12 03:55:43.892073+00
DE,diesel,2026-08-05,5.372,aaa_daily,AAA Gas Prices (data © Oil Price Information Service / AAA),"AAA daily state average, surveyed by OPIS/WEX — a state-wide average, still not the price at any individual pump",2026-08-05 04:30:49.690791+00
DE,diesel,2026-08-11,5.256,aaa_daily,AAA Gas Prices (data © Oil Price Information Service / AAA),"AAA daily state average, surveyed by OPIS/WEX — a state-wide average, still not the price at any individual pump",2026-08-11 03:48:17.844757+00
DE,diesel,2026-08-06,5.333,aaa_daily,AAA Gas Prices (data © Oil Price Information Service / AAA),"AAA daily state average, surveyed by OPIS/WEX — a state-wide average, still not the price at any individual pump",2026-08-06 03:42:29.881766+00
DE,diesel,2026-08-10,5.26,aaa_daily,AAA Gas Prices (data © Oil Price Information Service / AAA),"AAA daily state average, surveyed by OPIS/WEX — a state-wide average, still not the price at any individual pump",2026-08-10 03:38:18.245012+00
DE,diesel,2026-08-07,5.285,aaa_daily,AAA Gas Prices (data © Oil Price Information Service / AAA),"AAA daily state average, surveyed by OPIS/WEX — a state-wide average, still not the price at any individual pump",2026-08-07 01:05:00.33444+00
DE,diesel,2026-07-28,5.362,aaa_daily,AAA Gas Prices (data © Oil Price Information Service / AAA),"AAA daily state average, surveyed by OPIS/WEX — a state-wide average, still not the price at any individual pump",2026-07-28 04:22:02.481431+00
DE,diesel,2026-08-09,5.26,aaa_daily,AAA Gas Prices (data © Oil Price Information Service / AAA),"AAA daily state average, surveyed by OPIS/WEX — a state-wide average, still not the price at any individual pump",2026-08-09 01:01:19.655887+00
DE,diesel,2026-08-08,5.267,aaa_daily,AAA Gas Prices (data © Oil Price Information Service / AAA),"AAA daily state average, surveyed by OPIS/WEX — a state-wide average, still not the price at any individual pump",2026-08-08 02:08:56.048448+00
FL,diesel,2026-08-08,5.347,aaa_daily,AAA Gas Prices (data © Oil Price Information Service / AAA),"AAA daily state average, surveyed by OPIS/WEX — a state-wide average, still not the price at any individual pump",2026-08-08 02:08:56.048448+00
FL,diesel,2026-08-03,5.354,aaa_daily,AAA Gas Prices (data © Oil Price Information Service / AAA),"AAA daily state average, surveyed by OPIS/WEX — a state-wide average, still not the price at any individual pump",2026-08-03 04:10:38.869331+00
FL,diesel,2026-08-17,5.395,aaa_daily,AAA Gas Prices (data © Oil Price Information Service / AAA),"AAA daily state average, surveyed by OPIS/WEX — a state-wide average, still not the price at any individual pump",2026-08-17 03:34:51.704092+00
FL,diesel,2026-08-05,5.375,aaa_daily,AAA Gas Prices (data © Oil Price Information Service / AAA),"AAA daily state average, surveyed by OPIS/WEX — a state-wide average, still not the price at any individual pump",2026-08-05 04:30:49.690791+00
FL,diesel,2026-08-04,5.375,aaa_daily,AAA Gas Prices (data © Oil Price Information Service / AAA),"AAA daily state average, surveyed by OPIS/WEX — a state-wide average, still not the price at any individual pump",2026-08-04 07:54:47.958234+00
FL,diesel,2026-08-14,5.436,aaa_daily,AAA Gas Prices (data © Oil Price Information Service / AAA),"AAA daily state average, surveyed by OPIS/WEX — a state-wide average, still not the price at any individual pump",2026-08-14 03:25:35.257151+00
FL,diesel,2026-07-28,5.436,aaa_daily,AAA Gas Prices (data © Oil Price Information Service / AAA),"AAA daily state average, surveyed by OPIS/WEX — a state-wide average, still not the price at any individual pump",2026-07-28 04:22:02.481431+00
FL,diesel,2026-08-12,5.371,aaa_daily,AAA Gas Prices (data © Oil Price Information Service / AAA),"AAA daily state average, surveyed by OPIS/WEX — a state-wide average, still not the price at any individual pump",2026-08-12 03:55:43.892073+00
FL,diesel,2026-08-10,5.308,aaa_daily,AAA Gas Prices (data © Oil Price Information Service / AAA),"AAA daily state average, surveyed by OPIS/WEX — a state-wide average, still not the price at any individual pump",2026-08-10 03:38:18.245012+00
FL,diesel,2026-08-09,5.324,aaa_daily,AAA Gas Prices (data © Oil Price Information Service / AAA),"AAA daily state average, surveyed by OPIS/WEX — a state-wide average, still not the price at any individual pump",2026-08-09 01:01:19.655887+00
FL,diesel,2026-08-07,5.371,aaa_daily,AAA Gas Prices (data © Oil Price Information Service / AAA),"AAA daily state average, surveyed by OPIS/WEX — a state-wide average, still not the price at any individual pump",2026-08-07 01:05:00.33444+00
FL,diesel,2026-08-06,5.382,aaa_daily,AAA Gas Prices (data © Oil Price Information Service / AAA),"AAA daily state average, surveyed by OPIS/WEX — a state-wide average, still not the price at any individual pump",2026-08-06 03:42:29.881766+00
FL,diesel,2026-08-13,5.418,aaa_daily,AAA Gas Prices (data © Oil Price Information Service / AAA),"AAA daily state average, surveyed by OPIS/WEX — a state-wide average, still not the price at any individual pump",2026-08-13 00:50:03.363793+00
FL,diesel,2026-08-11,5.29,aaa_daily,AAA Gas Prices (data © Oil Price Information Service / AAA),"AAA daily state average, surveyed by OPIS/WEX — a state-wide average, still not the price at any individual pump",2026-08-11 03:48:17.844757+00
FL,diesel,2026-08-19,5.491,aaa_daily,AAA Gas Prices (data © Oil Price Information Service / AAA),"AAA daily state average, surveyed by OPIS/WEX — a state-wide average, still not the price at any individual pump",2026-08-19 03:48:36.947414+00
FL,diesel,2026-07-26,5.429,aaa_daily,AAA Gas Prices (data © Oil Price Information Service / AAA),"AAA daily state average, surveyed by OPIS/WEX — a state-wide average, still not the price at any individual pump",2026-07-26 12:23:56.711299+00
FL,diesel,2026-07-24,5.29,aaa_daily,AAA Gas Prices (data © Oil Price Information Service / AAA),"AAA daily state average, surveyed by OPIS/WEX — a state-wide average, still not the price at any individual pump",2026-07-24 12:36:52.10235+00
GA,diesel,2026-08-06,5.33,aaa_daily,AAA Gas Prices (data © Oil Price Information Service / AAA),"AAA daily state average, surveyed by OPIS/WEX — a state-wide average, still not the price at any individual pump",2026-08-06 03:42:29.881766+00
GA,diesel,2026-08-14,5.334,aaa_daily,AAA Gas Prices (data © Oil Price Information Service / AAA),"AAA daily state average, surveyed by OPIS/WEX — a state-wide average, still not the price at any individual pump",2026-08-14 03:25:35.257151+00
GA,diesel,2026-08-03,5.274,aaa_daily,AAA Gas Prices (data © Oil Price Information Service / AAA),"AAA daily state average, surveyed by OPIS/WEX — a state-wide average, still not the price at any individual pump",2026-08-03 04:10:38.869331+00
GA,diesel,2026-08-11,5.258,aaa_daily,AAA Gas Prices (data © Oil Price Information Service / AAA),"AAA daily state average, surveyed by OPIS/WEX — a state-wide average, still not the price at any individual pump",2026-08-11 03:48:17.844757+00
GA,diesel,2026-07-28,5.265,aaa_daily,AAA Gas Prices (data © Oil Price Information Service / AAA),"AAA daily state average, surveyed by OPIS/WEX — a state-wide average, still not the price at any individual pump",2026-07-28 04:22:02.481431+00
GA,diesel,2026-08-17,5.392,aaa_daily,AAA Gas Prices (data © Oil Price Information Service / AAA),"AAA daily state average, surveyed by OPIS/WEX — a state-wide average, still not the price at any individual pump",2026-08-17 03:34:51.704092+00
GA,diesel,2026-08-09,5.28,aaa_daily,AAA Gas Prices (data © Oil Price Information Service / AAA),"AAA daily state average, surveyed by OPIS/WEX — a state-wide average, still not the price at any individual pump",2026-08-09 01:01:19.655887+00
GA,diesel,2026-07-26,5.257,aaa_daily,AAA Gas Prices (data © Oil Price Information Service / AAA),"AAA daily state average, surveyed by OPIS/WEX — a state-wide average, still not the price at any individual pump",2026-07-26 12:23:56.711299+00
GA,diesel,2026-08-04,5.33,aaa_daily,AAA Gas Prices (data © Oil Price Information Service / AAA),"AAA daily state average, surveyed by OPIS/WEX — a state-wide average, still not the price at any individual pump",2026-08-04 07:54:47.958234+00
GA,diesel,2026-07-24,5.182,aaa_daily,AAA Gas Prices (data © Oil Price Information Service / AAA),"AAA daily state average, surveyed by OPIS/WEX — a state-wide average, still not the price at any individual pump",2026-07-24 12:36:52.10235+00
GA,diesel,2026-08-05,5.33,aaa_daily,AAA Gas Prices (data © Oil Price Information Service / AAA),"AAA daily state average, surveyed by OPIS/WEX — a state-wide average, still not the price at any individual pump",2026-08-05 04:30:49.690791+00
GA,diesel,2026-08-10,5.269,aaa_daily,AAA Gas Prices (data © Oil Price Information Service / AAA),"AAA daily state average, surveyed by OPIS/WEX — a state-wide average, still not the price at any individual pump",2026-08-10 03:38:18.245012+00
GA,diesel,2026-08-13,5.317,aaa_daily,AAA Gas Prices (data © Oil Price Information Service / AAA),"AAA daily state average, surveyed by OPIS/WEX — a state-wide average, still not the price at any individual pump",2026-08-13 00:50:03.363793+00
GA,diesel,2026-08-12,5.298,aaa_daily,AAA Gas Prices (data © Oil Price Information Service / AAA),"AAA daily state average, surveyed by OPIS/WEX — a state-wide average, still not the price at any individual pump",2026-08-12 03:55:43.892073+00
GA,diesel,2026-08-08,5.296,aaa_daily,AAA Gas Prices (data © Oil Price Information Service / AAA),"AAA daily state average, surveyed by OPIS/WEX — a state-wide average, still not the price at any individual pump",2026-08-08 02:08:56.048448+00
GA,diesel,2026-08-07,5.315,aaa_daily,AAA Gas Prices (data © Oil Price Information Service / AAA),"AAA daily state average, surveyed by OPIS/WEX — a state-wide average, still not the price at any individual pump",2026-08-07 01:05:00.33444+00
GA,diesel,2026-08-19,5.413,aaa_daily,AAA Gas Prices (data © Oil Price Information Service / AAA),"AAA daily state average, surveyed by OPIS/WEX — a state-wide average, still not the price at any individual pump",2026-08-19 03:48:36.947414+00
HI,diesel,2026-08-14,7.01,aaa_daily,AAA Gas Prices (data © Oil Price Information Service / AAA),"AAA daily state average, surveyed by OPIS/WEX — a state-wide average, still not the price at any individual pump",2026-08-14 03:25:35.257151+00
HI,diesel,2026-07-28,6.945,aaa_daily,AAA Gas Prices (data © Oil Price Information Service / AAA),"AAA daily state average, surveyed by OPIS/WEX — a state-wide average, still not the price at any individual pump",2026-07-28 04:22:02.481431+00
HI,diesel,2026-08-10,7.001,aaa_daily,AAA Gas Prices (data © Oil Price Information Service / AAA),"AAA daily state average, surveyed by OPIS/WEX — a state-wide average, still not the price at any individual pump",2026-08-10 03:38:18.245012+00
HI,diesel,2026-08-04,6.997,aaa_daily,AAA Gas Prices (data © Oil Price Information Service / AAA),"AAA daily state average, surveyed by OPIS/WEX — a state-wide average, still not the price at any individual pump",2026-08-04 07:54:47.958234+00
HI,diesel,2026-08-08,7.022,aaa_daily,AAA Gas Prices (data © Oil Price Information Service / AAA),"AAA daily state average, surveyed by OPIS/WEX — a state-wide average, still not the price at any individual pump",2026-08-08 02:08:56.048448+00
HI,diesel,2026-07-24,6.951,aaa_daily,AAA Gas Prices (data © Oil Price Information Service / AAA),"AAA daily state average, surveyed by OPIS/WEX — a state-wide average, still not the price at any individual pump",2026-07-24 12:36:52.10235+00
HI,diesel,2026-08-09,6.979,aaa_daily,AAA Gas Prices (data © Oil Price Information Service / AAA),"AAA daily state average, surveyed by OPIS/WEX — a state-wide average, still not the price at any individual pump",2026-08-09 01:01:19.655887+00
HI,diesel,2026-08-06,6.997,aaa_daily,AAA Gas Prices (data © Oil Price Information Service / AAA),"AAA daily state average, surveyed by OPIS/WEX — a state-wide average, still not the price at any individual pump",2026-08-06 03:42:29.881766+00
HI,diesel,2026-08-11,6.957,aaa_daily,AAA Gas Prices (data © Oil Price Information Service / AAA),"AAA daily state average, surveyed by OPIS/WEX — a state-wide average, still not the price at any individual pump",2026-08-11 03:48:17.844757+00
HI,diesel,2026-08-03,7,aaa_daily,AAA Gas Prices (data © Oil Price Information Service / AAA),"AAA daily state average, surveyed by OPIS/WEX — a state-wide average, still not the price at any individual pump",2026-08-03 04:10:38.869331+00
HI,diesel,2026-08-07,7.019,aaa_daily,AAA Gas Prices (data © Oil Price Information Service / AAA),"AAA daily state average, surveyed by OPIS/WEX — a state-wide average, still not the price at any individual pump",2026-08-07 01:05:00.33444+00
HI,diesel,2026-08-17,6.998,aaa_daily,AAA Gas Prices (data © Oil Price Information Service / AAA),"AAA daily state average, surveyed by OPIS/WEX — a state-wide average, still not the price at any individual pump",2026-08-17 03:34:51.704092+00
HI,diesel,2026-08-05,6.997,aaa_daily,AAA Gas Prices (data © Oil Price Information Service / AAA),"AAA daily state average, surveyed by OPIS/WEX — a state-wide average, still not the price at any individual pump",2026-08-05 04:30:49.690791+00
HI,diesel,2026-08-13,6.999,aaa_daily,AAA Gas Prices (data © Oil Price Information Service / AAA),"AAA daily state average, surveyed by OPIS/WEX — a state-wide average, still not the price at any individual pump",2026-08-13 00:50:03.363793+00
HI,diesel,2026-08-12,6.988,aaa_daily,AAA Gas Prices (data © Oil Price Information Service / AAA),"AAA daily state average, surveyed by OPIS/WEX — a state-wide average, still not the price at any individual pump",2026-08-12 03:55:43.892073+00
HI,diesel,2026-07-26,6.97,aaa_daily,AAA Gas Prices (data © Oil Price Information Service / AAA),"AAA daily state average, surveyed by OPIS/WEX — a state-wide average, still not the price at any individual pump",2026-07-26 12:23:56.711299+00
HI,diesel,2026-08-19,7.028,aaa_daily,AAA Gas Prices (data © Oil Price Information Service / AAA),"AAA daily state average, surveyed by OPIS/WEX — a state-wide average, still not the price at any individual pump",2026-08-19 03:48:36.947414+00
IA,diesel,2026-08-04,5.112,aaa_daily,AAA Gas Prices (data © Oil Price Information Service / AAA),"AAA daily state average, surveyed by OPIS/WEX — a state-wide average, still not the price at any individual pump",2026-08-04 07:54:47.958234+00
IA,diesel,2026-08-06,5.112,aaa_daily,AAA Gas Prices (data © Oil Price Information Service / AAA),"AAA daily state average, surveyed by OPIS/WEX — a state-wide average, still not the price at any individual pump",2026-08-06 03:42:29.881766+00
IA,diesel,2026-08-05,5.112,aaa_daily,AAA Gas Prices (data © Oil Price Information Service / AAA),"AAA daily state average, surveyed by OPIS/WEX — a state-wide average, still not the price at any individual pump",2026-08-05 04:30:49.690791+00
IA,diesel,2026-07-28,5.023,aaa_daily,AAA Gas Prices (data © Oil Price Information Service / AAA),"AAA daily state average, surveyed by OPIS/WEX — a state-wide average, still not the price at any individual pump",2026-07-28 04:22:02.481431+00
IA,diesel,2026-08-11,5.016,aaa_daily,AAA Gas Prices (data © Oil Price Information Service / AAA),"AAA daily state average, surveyed by OPIS/WEX — a state-wide average, still not the price at any individual pump",2026-08-11 03:48:17.844757+00
IA,diesel,2026-08-09,5.02,aaa_daily,AAA Gas Prices (data © Oil Price Information Service / AAA),"AAA daily state average, surveyed by OPIS/WEX — a state-wide average, still not the price at any individual pump",2026-08-09 01:01:19.655887+00
IA,diesel,2026-07-24,4.954,aaa_daily,AAA Gas Prices (data © Oil Price Information Service / AAA),"AAA daily state average, surveyed by OPIS/WEX — a state-wide average, still not the price at any individual pump",2026-07-24 12:36:52.10235+00
IA,diesel,2026-08-13,5.052,aaa_daily,AAA Gas Prices (data © Oil Price Information Service / AAA),"AAA daily state average, surveyed by OPIS/WEX — a state-wide average, still not the price at any individual pump",2026-08-13 00:50:03.363793+00
IA,diesel,2026-08-03,4.984,aaa_daily,AAA Gas Prices (data © Oil Price Information Service / AAA),"AAA daily state average, surveyed by OPIS/WEX — a state-wide average, still not the price at any individual pump",2026-08-03 04:10:38.869331+00
IA,diesel,2026-08-17,5.21,aaa_daily,AAA Gas Prices (data © Oil Price Information Service / AAA),"AAA daily state average, surveyed by OPIS/WEX — a state-wide average, still not the price at any individual pump",2026-08-17 03:34:51.704092+00
IA,diesel,2026-08-07,5.077,aaa_daily,AAA Gas Prices (data © Oil Price Information Service / AAA),"AAA daily state average, surveyed by OPIS/WEX — a state-wide average, still not the price at any individual pump",2026-08-07 01:05:00.33444+00
IA,diesel,2026-08-08,5.04,aaa_daily,AAA Gas Prices (data © Oil Price Information Service / AAA),"AAA daily state average, surveyed by OPIS/WEX — a state-wide average, still not the price at any individual pump",2026-08-08 02:08:56.048448+00
IA,diesel,2026-08-10,5.011,aaa_daily,AAA Gas Prices (data © Oil Price Information Service / AAA),"AAA daily state average, surveyed by OPIS/WEX — a state-wide average, still not the price at any individual pump",2026-08-10 03:38:18.245012+00
IA,diesel,2026-08-14,5.142,aaa_daily,AAA Gas Prices (data © Oil Price Information Service / AAA),"AAA daily state average, surveyed by OPIS/WEX — a state-wide average, still not the price at any individual pump",2026-08-14 03:25:35.257151+00
IA,diesel,2026-08-12,4.994,aaa_daily,AAA Gas Prices (data © Oil Price Information Service / AAA),"AAA daily state average, surveyed by OPIS/WEX — a state-wide average, still not the price at any individual pump",2026-08-12 03:55:43.892073+00
IA,diesel,2026-08-19,5.213,aaa_daily,AAA Gas Prices (data © Oil Price Information Service / AAA),"AAA daily state average, surveyed by OPIS/WEX — a state-wide average, still not the price at any individual pump",2026-08-19 03:48:36.947414+00
IA,diesel,2026-07-26,5.006,aaa_daily,AAA Gas Prices (data © Oil Price Information Service / AAA),"AAA daily state average, surveyed by OPIS/WEX — a state-wide average, still not the price at any individual pump",2026-07-26 12:23:56.711299+00
ID,diesel,2026-08-17,5.427,aaa_daily,AAA Gas Prices (data © Oil Price Information Service / AAA),"AAA daily state average, surveyed by OPIS/WEX — a state-wide average, still not the price at any individual pump",2026-08-17 03:34:51.704092+00
ID,diesel,2026-07-24,5.113,aaa_daily,AAA Gas Prices (data © Oil Price Information Service / AAA),"AAA daily state average, surveyed by OPIS/WEX — a state-wide average, still not the price at any individual pump",2026-07-24 12:36:52.10235+00
ID,diesel,2026-08-19,5.451,aaa_daily,AAA Gas Prices (data © Oil Price Information Service / AAA),"AAA daily state average, surveyed by OPIS/WEX — a state-wide average, still not the price at any individual pump",2026-08-19 03:48:36.947414+00
ID,diesel,2026-08-12,5.37,aaa_daily,AAA Gas Prices (data © Oil Price Information Service / AAA),"AAA daily state average, surveyed by OPIS/WEX — a state-wide average, still not the price at any individual pump",2026-08-12 03:55:43.892073+00
ID,diesel,2026-07-26,5.15,aaa_daily,AAA Gas Prices (data © Oil Price Information Service / AAA),"AAA daily state average, surveyed by OPIS/WEX — a state-wide average, still not the price at any individual pump",2026-07-26 12:23:56.711299+00
ID,diesel,2026-08-11,5.351,aaa_daily,AAA Gas Prices (data © Oil Price Information Service / AAA),"AAA daily state average, surveyed by OPIS/WEX — a state-wide average, still not the price at any individual pump",2026-08-11 03:48:17.844757+00
ID,diesel,2026-08-05,5.352,aaa_daily,AAA Gas Prices (data © Oil Price Information Service / AAA),"AAA daily state average, surveyed by OPIS/WEX — a state-wide average, still not the price at any individual pump",2026-08-05 04:30:49.690791+00
ID,diesel,2026-08-06,5.364,aaa_daily,AAA Gas Prices (data © Oil Price Information Service / AAA),"AAA daily state average, surveyed by OPIS/WEX — a state-wide average, still not the price at any individual pump",2026-08-06 03:42:29.881766+00
ID,diesel,2026-08-07,5.369,aaa_daily,AAA Gas Prices (data © Oil Price Information Service / AAA),"AAA daily state average, surveyed by OPIS/WEX — a state-wide average, still not the price at any individual pump",2026-08-07 01:05:00.33444+00
ID,diesel,2026-07-28,5.152,aaa_daily,AAA Gas Prices (data © Oil Price Information Service / AAA),"AAA daily state average, surveyed by OPIS/WEX — a state-wide average, still not the price at any individual pump",2026-07-28 04:22:02.481431+00
ID,diesel,2026-08-14,5.423,aaa_daily,AAA Gas Prices (data © Oil Price Information Service / AAA),"AAA daily state average, surveyed by OPIS/WEX — a state-wide average, still not the price at any individual pump",2026-08-14 03:25:35.257151+00
ID,diesel,2026-08-03,5.316,aaa_daily,AAA Gas Prices (data © Oil Price Information Service / AAA),"AAA daily state average, surveyed by OPIS/WEX — a state-wide average, still not the price at any individual pump",2026-08-03 04:10:38.869331+00
ID,diesel,2026-08-09,5.354,aaa_daily,AAA Gas Prices (data © Oil Price Information Service / AAA),"AAA daily state average, surveyed by OPIS/WEX — a state-wide average, still not the price at any individual pump",2026-08-09 01:01:19.655887+00
ID,diesel,2026-08-04,5.352,aaa_daily,AAA Gas Prices (data © Oil Price Information Service / AAA),"AAA daily state average, surveyed by OPIS/WEX — a state-wide average, still not the price at any individual pump",2026-08-04 07:54:47.958234+00
ID,diesel,2026-08-10,5.355,aaa_daily,AAA Gas Prices (data © Oil Price Information Service / AAA),"AAA daily state average, surveyed by OPIS/WEX — a state-wide average, still not the price at any individual pump",2026-08-10 03:38:18.245012+00
ID,diesel,2026-08-08,5.361,aaa_daily,AAA Gas Prices (data © Oil Price Information Service / AAA),"AAA daily state average, surveyed by OPIS/WEX — a state-wide average, still not the price at any individual pump",2026-08-08 02:08:56.048448+00
ID,diesel,2026-08-13,5.402,aaa_daily,AAA Gas Prices (data © Oil Price Information Service / AAA),"AAA daily state average, surveyed by OPIS/WEX — a state-wide average, still not the price at any individual pump",2026-08-13 00:50:03.363793+00
IL,diesel,2026-08-08,5.295,aaa_daily,AAA Gas Prices (data © Oil Price Information Service / AAA),"AAA daily state average, surveyed by OPIS/WEX — a state-wide average, still not the price at any individual pump",2026-08-08 02:08:56.048448+00
IL,diesel,2026-08-07,5.305,aaa_daily,AAA Gas Prices (data © Oil Price Information Service / AAA),"AAA daily state average, surveyed by OPIS/WEX — a state-wide average, still not the price at any individual pump",2026-08-07 01:05:00.33444+00
IL,diesel,2026-07-26,5.178,aaa_daily,AAA Gas Prices (data © Oil Price Information Service / AAA),"AAA daily state average, surveyed by OPIS/WEX — a state-wide average, still not the price at any individual pump",2026-07-26 12:23:56.711299+00
IL,diesel,2026-08-13,5.298,aaa_daily,AAA Gas Prices (data © Oil Price Information Service / AAA),"AAA daily state average, surveyed by OPIS/WEX — a state-wide average, still not the price at any individual pump",2026-08-13 00:50:03.363793+00
IL,diesel,2026-08-09,5.283,aaa_daily,AAA Gas Prices (data © Oil Price Information Service / AAA),"AAA daily state average, surveyed by OPIS/WEX — a state-wide average, still not the price at any individual pump",2026-08-09 01:01:19.655887+00
IL,diesel,2026-07-28,5.177,aaa_daily,AAA Gas Prices (data © Oil Price Information Service / AAA),"AAA daily state average, surveyed by OPIS/WEX — a state-wide average, still not the price at any individual pump",2026-07-28 04:22:02.481431+00
IL,diesel,2026-08-06,5.315,aaa_daily,AAA Gas Prices (data © Oil Price Information Service / AAA),"AAA daily state average, surveyed by OPIS/WEX — a state-wide average, still not the price at any individual pump",2026-08-06 03:42:29.881766+00
IL,diesel,2026-08-10,5.277,aaa_daily,AAA Gas Prices (data © Oil Price Information Service / AAA),"AAA daily state average, surveyed by OPIS/WEX — a state-wide average, still not the price at any individual pump",2026-08-10 03:38:18.245012+00
IL,diesel,2026-07-24,5.095,aaa_daily,AAA Gas Prices (data © Oil Price Information Service / AAA),"AAA daily state average, surveyed by OPIS/WEX — a state-wide average, still not the price at any individual pump",2026-07-24 12:36:52.10235+00
IL,diesel,2026-08-11,5.272,aaa_daily,AAA Gas Prices (data © Oil Price Information Service / AAA),"AAA daily state average, surveyed by OPIS/WEX — a state-wide average, still not the price at any individual pump",2026-08-11 03:48:17.844757+00
IL,diesel,2026-08-12,5.271,aaa_daily,AAA Gas Prices (data © Oil Price Information Service / AAA),"AAA daily state average, surveyed by OPIS/WEX — a state-wide average, still not the price at any individual pump",2026-08-12 03:55:43.892073+00
IL,diesel,2026-08-05,5.324,aaa_daily,AAA Gas Prices (data © Oil Price Information Service / AAA),"AAA daily state average, surveyed by OPIS/WEX — a state-wide average, still not the price at any individual pump",2026-08-05 04:30:49.690791+00
IL,diesel,2026-08-19,5.465,aaa_daily,AAA Gas Prices (data © Oil Price Information Service / AAA),"AAA daily state average, surveyed by OPIS/WEX — a state-wide average, still not the price at any individual pump",2026-08-19 03:48:36.947414+00
IL,diesel,2026-08-17,5.457,aaa_daily,AAA Gas Prices (data © Oil Price Information Service / AAA),"AAA daily state average, surveyed by OPIS/WEX — a state-wide average, still not the price at any individual pump",2026-08-17 03:34:51.704092+00
IL,diesel,2026-08-03,5.323,aaa_daily,AAA Gas Prices (data © Oil Price Information Service / AAA),"AAA daily state average, surveyed by OPIS/WEX — a state-wide average, still not the price at any individual pump",2026-08-03 04:10:38.869331+00
IL,diesel,2026-08-04,5.324,aaa_daily,AAA Gas Prices (data © Oil Price Information Service / AAA),"AAA daily state average, surveyed by OPIS/WEX — a state-wide average, still not the price at any individual pump",2026-08-04 07:54:47.958234+00
IL,diesel,2026-08-14,5.38,aaa_daily,AAA Gas Prices (data © Oil Price Information Service / AAA),"AAA daily state average, surveyed by OPIS/WEX — a state-wide average, still not the price at any individual pump",2026-08-14 03:25:35.257151+00
IN,diesel,2026-08-19,5.521,aaa_daily,AAA Gas Prices (data © Oil Price Information Service / AAA),"AAA daily state average, surveyed by OPIS/WEX — a state-wide average, still not the price at any individual pump",2026-08-19 03:48:36.947414+00
IN,diesel,2026-08-11,5.325,aaa_daily,AAA Gas Prices (data © Oil Price Information Service / AAA),"AAA daily state average, surveyed by OPIS/WEX — a state-wide average, still not the price at any individual pump",2026-08-11 03:48:17.844757+00
IN,diesel,2026-07-26,5.22,aaa_daily,AAA Gas Prices (data © Oil Price Information Service / AAA),"AAA daily state average, surveyed by OPIS/WEX — a state-wide average, still not the price at any individual pump",2026-07-26 12:23:56.711299+00
IN,diesel,2026-07-28,5.257,aaa_daily,AAA Gas Prices (data © Oil Price Information Service / AAA),"AAA daily state average, surveyed by OPIS/WEX — a state-wide average, still not the price at any individual pump",2026-07-28 04:22:02.481431+00
IN,diesel,2026-08-08,5.34,aaa_daily,AAA Gas Prices (data © Oil Price Information Service / AAA),"AAA daily state average, surveyed by OPIS/WEX — a state-wide average, still not the price at any individual pump",2026-08-08 02:08:56.048448+00
IN,diesel,2026-08-14,5.446,aaa_daily,AAA Gas Prices (data © Oil Price Information Service / AAA),"AAA daily state average, surveyed by OPIS/WEX — a state-wide average, still not the price at any individual pump",2026-08-14 03:25:35.257151+00
IN,diesel,2026-08-13,5.387,aaa_daily,AAA Gas Prices (data © Oil Price Information Service / AAA),"AAA daily state average, surveyed by OPIS/WEX — a state-wide average, still not the price at any individual pump",2026-08-13 00:50:03.363793+00
IN,diesel,2026-08-09,5.335,aaa_daily,AAA Gas Prices (data © Oil Price Information Service / AAA),"AAA daily state average, surveyed by OPIS/WEX — a state-wide average, still not the price at any individual pump",2026-08-09 01:01:19.655887+00
IN,diesel,2026-08-03,5.36,aaa_daily,AAA Gas Prices (data © Oil Price Information Service / AAA),"AAA daily state average, surveyed by OPIS/WEX — a state-wide average, still not the price at any individual pump",2026-08-03 04:10:38.869331+00
IN,diesel,2026-08-04,5.364,aaa_daily,AAA Gas Prices (data © Oil Price Information Service / AAA),"AAA daily state average, surveyed by OPIS/WEX — a state-wide average, still not the price at any individual pump",2026-08-04 07:54:47.958234+00
IN,diesel,2026-08-07,5.347,aaa_daily,AAA Gas Prices (data © Oil Price Information Service / AAA),"AAA daily state average, surveyed by OPIS/WEX — a state-wide average, still not the price at any individual pump",2026-08-07 01:05:00.33444+00
IN,diesel,2026-08-12,5.338,aaa_daily,AAA Gas Prices (data © Oil Price Information Service / AAA),"AAA daily state average, surveyed by OPIS/WEX — a state-wide average, still not the price at any individual pump",2026-08-12 03:55:43.892073+00
IN,diesel,2026-08-17,5.508,aaa_daily,AAA Gas Prices (data © Oil Price Information Service / AAA),"AAA daily state average, surveyed by OPIS/WEX — a state-wide average, still not the price at any individual pump",2026-08-17 03:34:51.704092+00
IN,diesel,2026-08-10,5.331,aaa_daily,AAA Gas Prices (data © Oil Price Information Service / AAA),"AAA daily state average, surveyed by OPIS/WEX — a state-wide average, still not the price at any individual pump",2026-08-10 03:38:18.245012+00
IN,diesel,2026-08-06,5.354,aaa_daily,AAA Gas Prices (data © Oil Price Information Service / AAA),"AAA daily state average, surveyed by OPIS/WEX — a state-wide average, still not the price at any individual pump",2026-08-06 03:42:29.881766+00
IN,diesel,2026-08-05,5.364,aaa_daily,AAA Gas Prices (data © Oil Price Information Service / AAA),"AAA daily state average, surveyed by OPIS/WEX — a state-wide average, still not the price at any individual pump",2026-08-05 04:30:49.690791+00
IN,diesel,2026-07-24,5.053,aaa_daily,AAA Gas Prices (data © Oil Price Information Service / AAA),"AAA daily state average, surveyed by OPIS/WEX — a state-wide average, still not the price at any individual pump",2026-07-24 12:36:52.10235+00
KS,diesel,2026-08-06,4.855,aaa_daily,AAA Gas Prices (data © Oil Price Information Service / AAA),"AAA daily state average, surveyed by OPIS/WEX — a state-wide average, still not the price at any individual pump",2026-08-06 03:42:29.881766+00
KS,diesel,2026-08-11,4.829,aaa_daily,AAA Gas Prices (data © Oil Price Information Service / AAA),"AAA daily state average, surveyed by OPIS/WEX — a state-wide average, still not the price at any individual pump",2026-08-11 03:48:17.844757+00
KS,diesel,2026-08-10,4.827,aaa_daily,AAA Gas Prices (data © Oil Price Information Service / AAA),"AAA daily state average, surveyed by OPIS/WEX — a state-wide average, still not the price at any individual pump",2026-08-10 03:38:18.245012+00
KS,diesel,2026-08-17,5.05,aaa_daily,AAA Gas Prices (data © Oil Price Information Service / AAA),"AAA daily state average, surveyed by OPIS/WEX — a state-wide average, still not the price at any individual pump",2026-08-17 03:34:51.704092+00
KS,diesel,2026-08-08,4.825,aaa_daily,AAA Gas Prices (data © Oil Price Information Service / AAA),"AAA daily state average, surveyed by OPIS/WEX — a state-wide average, still not the price at any individual pump",2026-08-08 02:08:56.048448+00
KS,diesel,2026-08-12,4.858,aaa_daily,AAA Gas Prices (data © Oil Price Information Service / AAA),"AAA daily state average, surveyed by OPIS/WEX — a state-wide average, still not the price at any individual pump",2026-08-12 03:55:43.892073+00
KS,diesel,2026-08-19,5.083,aaa_daily,AAA Gas Prices (data © Oil Price Information Service / AAA),"AAA daily state average, surveyed by OPIS/WEX — a state-wide average, still not the price at any individual pump",2026-08-19 03:48:36.947414+00
KS,diesel,2026-08-04,4.864,aaa_daily,AAA Gas Prices (data © Oil Price Information Service / AAA),"AAA daily state average, surveyed by OPIS/WEX — a state-wide average, still not the price at any individual pump",2026-08-04 07:54:47.958234+00
KS,diesel,2026-08-03,4.862,aaa_daily,AAA Gas Prices (data © Oil Price Information Service / AAA),"AAA daily state average, surveyed by OPIS/WEX — a state-wide average, still not the price at any individual pump",2026-08-03 04:10:38.869331+00
KS,diesel,2026-08-07,4.839,aaa_daily,AAA Gas Prices (data © Oil Price Information Service / AAA),"AAA daily state average, surveyed by OPIS/WEX — a state-wide average, still not the price at any individual pump",2026-08-07 01:05:00.33444+00
KS,diesel,2026-08-09,4.828,aaa_daily,AAA Gas Prices (data © Oil Price Information Service / AAA),"AAA daily state average, surveyed by OPIS/WEX — a state-wide average, still not the price at any individual pump",2026-08-09 01:01:19.655887+00
KS,diesel,2026-08-13,4.919,aaa_daily,AAA Gas Prices (data © Oil Price Information Service / AAA),"AAA daily state average, surveyed by OPIS/WEX — a state-wide average, still not the price at any individual pump",2026-08-13 00:50:03.363793+00
KS,diesel,2026-07-28,4.845,aaa_daily,AAA Gas Prices (data © Oil Price Information Service / AAA),"AAA daily state average, surveyed by OPIS/WEX — a state-wide average, still not the price at any individual pump",2026-07-28 04:22:02.481431+00
KS,diesel,2026-08-14,4.954,aaa_daily,AAA Gas Prices (data © Oil Price Information Service / AAA),"AAA daily state average, surveyed by OPIS/WEX — a state-wide average, still not the price at any individual pump",2026-08-14 03:25:35.257151+00
KS,diesel,2026-07-26,4.832,aaa_daily,AAA Gas Prices (data © Oil Price Information Service / AAA),"AAA daily state average, surveyed by OPIS/WEX — a state-wide average, still not the price at any individual pump",2026-07-26 12:23:56.711299+00
KS,diesel,2026-07-24,4.747,aaa_daily,AAA Gas Prices (data © Oil Price Information Service / AAA),"AAA daily state average, surveyed by OPIS/WEX — a state-wide average, still not the price at any individual pump",2026-07-24 12:36:52.10235+00
KS,diesel,2026-08-05,4.864,aaa_daily,AAA Gas Prices (data © Oil Price Information Service / AAA),"AAA daily state average, surveyed by OPIS/WEX — a state-wide average, still not the price at any individual pump",2026-08-05 04:30:49.690791+00
KY,diesel,2026-08-04,4.961,aaa_daily,AAA Gas Prices (data © Oil Price Information Service / AAA),"AAA daily state average, surveyed by OPIS/WEX — a state-wide average, still not the price at any individual pump",2026-08-04 07:54:47.958234+00
KY,diesel,2026-07-26,4.874,aaa_daily,AAA Gas Prices (data © Oil Price Information Service / AAA),"AAA daily state average, surveyed by OPIS/WEX — a state-wide average, still not the price at any individual pump",2026-07-26 12:23:56.711299+00
KY,diesel,2026-08-13,4.937,aaa_daily,AAA Gas Prices (data © Oil Price Information Service / AAA),"AAA daily state average, surveyed by OPIS/WEX — a state-wide average, still not the price at any individual pump",2026-08-13 00:50:03.363793+00
KY,diesel,2026-08-03,4.957,aaa_daily,AAA Gas Prices (data © Oil Price Information Service / AAA),"AAA daily state average, surveyed by OPIS/WEX — a state-wide average, still not the price at any individual pump",2026-08-03 04:10:38.869331+00
KY,diesel,2026-08-08,4.931,aaa_daily,AAA Gas Prices (data © Oil Price Information Service / AAA),"AAA daily state average, surveyed by OPIS/WEX — a state-wide average, still not the price at any individual pump",2026-08-08 02:08:56.048448+00
KY,diesel,2026-08-12,4.92,aaa_daily,AAA Gas Prices (data © Oil Price Information Service / AAA),"AAA daily state average, surveyed by OPIS/WEX — a state-wide average, still not the price at any individual pump",2026-08-12 03:55:43.892073+00
KY,diesel,2026-08-17,5.098,aaa_daily,AAA Gas Prices (data © Oil Price Information Service / AAA),"AAA daily state average, surveyed by OPIS/WEX — a state-wide average, still not the price at any individual pump",2026-08-17 03:34:51.704092+00
KY,diesel,2026-08-05,4.961,aaa_daily,AAA Gas Prices (data © Oil Price Information Service / AAA),"AAA daily state average, surveyed by OPIS/WEX — a state-wide average, still not the price at any individual pump",2026-08-05 04:30:49.690791+00
KY,diesel,2026-08-11,4.897,aaa_daily,AAA Gas Prices (data © Oil Price Information Service / AAA),"AAA daily state average, surveyed by OPIS/WEX — a state-wide average, still not the price at any individual pump",2026-08-11 03:48:17.844757+00
KY,diesel,2026-07-24,4.815,aaa_daily,AAA Gas Prices (data © Oil Price Information Service / AAA),"AAA daily state average, surveyed by OPIS/WEX — a state-wide average, still not the price at any individual pump",2026-07-24 12:36:52.10235+00
KY,diesel,2026-08-06,4.96,aaa_daily,AAA Gas Prices (data © Oil Price Information Service / AAA),"AAA daily state average, surveyed by OPIS/WEX — a state-wide average, still not the price at any individual pump",2026-08-06 03:42:29.881766+00
KY,diesel,2026-08-10,4.907,aaa_daily,AAA Gas Prices (data © Oil Price Information Service / AAA),"AAA daily state average, surveyed by OPIS/WEX — a state-wide average, still not the price at any individual pump",2026-08-10 03:38:18.245012+00
KY,diesel,2026-08-19,5.103,aaa_daily,AAA Gas Prices (data © Oil Price Information Service / AAA),"AAA daily state average, surveyed by OPIS/WEX — a state-wide average, still not the price at any individual pump",2026-08-19 03:48:36.947414+00
KY,diesel,2026-08-07,4.943,aaa_daily,AAA Gas Prices (data © Oil Price Information Service / AAA),"AAA daily state average, surveyed by OPIS/WEX — a state-wide average, still not the price at any individual pump",2026-08-07 01:05:00.33444+00
KY,diesel,2026-08-09,4.92,aaa_daily,AAA Gas Prices (data © Oil Price Information Service / AAA),"AAA daily state average, surveyed by OPIS/WEX — a state-wide average, still not the price at any individual pump",2026-08-09 01:01:19.655887+00
KY,diesel,2026-07-28,4.877,aaa_daily,AAA Gas Prices (data © Oil Price Information Service / AAA),"AAA daily state average, surveyed by OPIS/WEX — a state-wide average, still not the price at any individual pump",2026-07-28 04:22:02.481431+00
KY,diesel,2026-08-14,4.991,aaa_daily,AAA Gas Prices (data © Oil Price Information Service / AAA),"AAA daily state average, surveyed by OPIS/WEX — a state-wide average, still not the price at any individual pump",2026-08-14 03:25:35.257151+00
LA,diesel,2026-08-09,4.961,aaa_daily,AAA Gas Prices (data © Oil Price Information Service / AAA),"AAA daily state average, surveyed by OPIS/WEX — a state-wide average, still not the price at any individual pump",2026-08-09 01:01:19.655887+00
LA,diesel,2026-08-06,5.003,aaa_daily,AAA Gas Prices (data © Oil Price Information Service / AAA),"AAA daily state average, surveyed by OPIS/WEX — a state-wide average, still not the price at any individual pump",2026-08-06 03:42:29.881766+00
LA,diesel,2026-07-26,4.991,aaa_daily,AAA Gas Prices (data © Oil Price Information Service / AAA),"AAA daily state average, surveyed by OPIS/WEX — a state-wide average, still not the price at any individual pump",2026-07-26 12:23:56.711299+00
LA,diesel,2026-08-10,4.954,aaa_daily,AAA Gas Prices (data © Oil Price Information Service / AAA),"AAA daily state average, surveyed by OPIS/WEX — a state-wide average, still not the price at any individual pump",2026-08-10 03:38:18.245012+00
LA,diesel,2026-07-24,4.939,aaa_daily,AAA Gas Prices (data © Oil Price Information Service / AAA),"AAA daily state average, surveyed by OPIS/WEX — a state-wide average, still not the price at any individual pump",2026-07-24 12:36:52.10235+00
LA,diesel,2026-08-11,4.949,aaa_daily,AAA Gas Prices (data © Oil Price Information Service / AAA),"AAA daily state average, surveyed by OPIS/WEX — a state-wide average, still not the price at any individual pump",2026-08-11 03:48:17.844757+00
LA,diesel,2026-08-07,4.993,aaa_daily,AAA Gas Prices (data © Oil Price Information Service / AAA),"AAA daily state average, surveyed by OPIS/WEX — a state-wide average, still not the price at any individual pump",2026-08-07 01:05:00.33444+00
LA,diesel,2026-08-03,5.008,aaa_daily,AAA Gas Prices (data © Oil Price Information Service / AAA),"AAA daily state average, surveyed by OPIS/WEX — a state-wide average, still not the price at any individual pump",2026-08-03 04:10:38.869331+00
LA,diesel,2026-08-13,4.959,aaa_daily,AAA Gas Prices (data © Oil Price Information Service / AAA),"AAA daily state average, surveyed by OPIS/WEX — a state-wide average, still not the price at any individual pump",2026-08-13 00:50:03.363793+00
LA,diesel,2026-08-14,4.985,aaa_daily,AAA Gas Prices (data © Oil Price Information Service / AAA),"AAA daily state average, surveyed by OPIS/WEX — a state-wide average, still not the price at any individual pump",2026-08-14 03:25:35.257151+00
LA,diesel,2026-08-04,5.013,aaa_daily,AAA Gas Prices (data © Oil Price Information Service / AAA),"AAA daily state average, surveyed by OPIS/WEX — a state-wide average, still not the price at any individual pump",2026-08-04 07:54:47.958234+00
LA,diesel,2026-07-28,4.993,aaa_daily,AAA Gas Prices (data © Oil Price Information Service / AAA),"AAA daily state average, surveyed by OPIS/WEX — a state-wide average, still not the price at any individual pump",2026-07-28 04:22:02.481431+00
LA,diesel,2026-08-05,5.013,aaa_daily,AAA Gas Prices (data © Oil Price Information Service / AAA),"AAA daily state average, surveyed by OPIS/WEX — a state-wide average, still not the price at any individual pump",2026-08-05 04:30:49.690791+00
LA,diesel,2026-08-19,5.076,aaa_daily,AAA Gas Prices (data © Oil Price Information Service / AAA),"AAA daily state average, surveyed by OPIS/WEX — a state-wide average, still not the price at any individual pump",2026-08-19 03:48:36.947414+00
LA,diesel,2026-08-12,4.945,aaa_daily,AAA Gas Prices (data © Oil Price Information Service / AAA),"AAA daily state average, surveyed by OPIS/WEX — a state-wide average, still not the price at any individual pump",2026-08-12 03:55:43.892073+00
LA,diesel,2026-08-08,4.976,aaa_daily,AAA Gas Prices (data © Oil Price Information Service / AAA),"AAA daily state average, surveyed by OPIS/WEX — a state-wide average, still not the price at any individual pump",2026-08-08 02:08:56.048448+00
LA,diesel,2026-08-17,5.058,aaa_daily,AAA Gas Prices (data © Oil Price Information Service / AAA),"AAA daily state average, surveyed by OPIS/WEX — a state-wide average, still not the price at any individual pump",2026-08-17 03:34:51.704092+00
MA,diesel,2026-08-04,5.474,aaa_daily,AAA Gas Prices (data © Oil Price Information Service / AAA),"AAA daily state average, surveyed by OPIS/WEX — a state-wide average, still not the price at any individual pump",2026-08-04 07:54:47.958234+00
MA,diesel,2026-08-13,5.439,aaa_daily,AAA Gas Prices (data © Oil Price Information Service / AAA),"AAA daily state average, surveyed by OPIS/WEX — a state-wide average, still not the price at any individual pump",2026-08-13 00:50:03.363793+00
MA,diesel,2026-07-26,5.434,aaa_daily,AAA Gas Prices (data © Oil Price Information Service / AAA),"AAA daily state average, surveyed by OPIS/WEX — a state-wide average, still not the price at any individual pump",2026-07-26 12:23:56.711299+00
MA,diesel,2026-07-24,5.372,aaa_daily,AAA Gas Prices (data © Oil Price Information Service / AAA),"AAA daily state average, surveyed by OPIS/WEX — a state-wide average, still not the price at any individual pump",2026-07-24 12:36:52.10235+00
MA,diesel,2026-08-11,5.437,aaa_daily,AAA Gas Prices (data © Oil Price Information Service / AAA),"AAA daily state average, surveyed by OPIS/WEX — a state-wide average, still not the price at any individual pump",2026-08-11 03:48:17.844757+00
MA,diesel,2026-08-06,5.465,aaa_daily,AAA Gas Prices (data © Oil Price Information Service / AAA),"AAA daily state average, surveyed by OPIS/WEX — a state-wide average, still not the price at any individual pump",2026-08-06 03:42:29.881766+00
MA,diesel,2026-08-10,5.441,aaa_daily,AAA Gas Prices (data © Oil Price Information Service / AAA),"AAA daily state average, surveyed by OPIS/WEX — a state-wide average, still not the price at any individual pump",2026-08-10 03:38:18.245012+00
MA,diesel,2026-08-17,5.461,aaa_daily,AAA Gas Prices (data © Oil Price Information Service / AAA),"AAA daily state average, surveyed by OPIS/WEX — a state-wide average, still not the price at any individual pump",2026-08-17 03:34:51.704092+00
MA,diesel,2026-08-12,5.436,aaa_daily,AAA Gas Prices (data © Oil Price Information Service / AAA),"AAA daily state average, surveyed by OPIS/WEX — a state-wide average, still not the price at any individual pump",2026-08-12 03:55:43.892073+00
MA,diesel,2026-08-05,5.474,aaa_daily,AAA Gas Prices (data © Oil Price Information Service / AAA),"AAA daily state average, surveyed by OPIS/WEX — a state-wide average, still not the price at any individual pump",2026-08-05 04:30:49.690791+00
MA,diesel,2026-08-19,5.468,aaa_daily,AAA Gas Prices (data © Oil Price Information Service / AAA),"AAA daily state average, surveyed by OPIS/WEX — a state-wide average, still not the price at any individual pump",2026-08-19 03:48:36.947414+00
MA,diesel,2026-08-08,5.448,aaa_daily,AAA Gas Prices (data © Oil Price Information Service / AAA),"AAA daily state average, surveyed by OPIS/WEX — a state-wide average, still not the price at any individual pump",2026-08-08 02:08:56.048448+00
MA,diesel,2026-07-28,5.448,aaa_daily,AAA Gas Prices (data © Oil Price Information Service / AAA),"AAA daily state average, surveyed by OPIS/WEX — a state-wide average, still not the price at any individual pump",2026-07-28 04:22:02.481431+00
MA,diesel,2026-08-07,5.46,aaa_daily,AAA Gas Prices (data © Oil Price Information Service / AAA),"AAA daily state average, surveyed by OPIS/WEX — a state-wide average, still not the price at any individual pump",2026-08-07 01:05:00.33444+00
MA,diesel,2026-08-03,5.48,aaa_daily,AAA Gas Prices (data © Oil Price Information Service / AAA),"AAA daily state average, surveyed by OPIS/WEX — a state-wide average, still not the price at any individual pump",2026-08-03 04:10:38.869331+00
MA,diesel,2026-08-09,5.446,aaa_daily,AAA Gas Prices (data © Oil Price Information Service / AAA),"AAA daily state average, surveyed by OPIS/WEX — a state-wide average, still not the price at any individual pump",2026-08-09 01:01:19.655887+00
MA,diesel,2026-08-14,5.447,aaa_daily,AAA Gas Prices (data © Oil Price Information Service / AAA),"AAA daily state average, surveyed by OPIS/WEX — a state-wide average, still not the price at any individual pump",2026-08-14 03:25:35.257151+00
MD,diesel,2026-08-03,5.434,aaa_daily,AAA Gas Prices (data © Oil Price Information Service / AAA),"AAA daily state average, surveyed by OPIS/WEX — a state-wide average, still not the price at any individual pump",2026-08-03 04:10:38.869331+00
MD,diesel,2026-08-04,5.431,aaa_daily,AAA Gas Prices (data © Oil Price Information Service / AAA),"AAA daily state average, surveyed by OPIS/WEX — a state-wide average, still not the price at any individual pump",2026-08-04 07:54:47.958234+00
MD,diesel,2026-07-24,5.409,aaa_daily,AAA Gas Prices (data © Oil Price Information Service / AAA),"AAA daily state average, surveyed by OPIS/WEX — a state-wide average, still not the price at any individual pump",2026-07-24 12:36:52.10235+00
MD,diesel,2026-07-26,5.431,aaa_daily,AAA Gas Prices (data © Oil Price Information Service / AAA),"AAA daily state average, surveyed by OPIS/WEX — a state-wide average, still not the price at any individual pump",2026-07-26 12:23:56.711299+00
MD,diesel,2026-08-12,5.399,aaa_daily,AAA Gas Prices (data © Oil Price Information Service / AAA),"AAA daily state average, surveyed by OPIS/WEX — a state-wide average, still not the price at any individual pump",2026-08-12 03:55:43.892073+00
MD,diesel,2026-07-28,5.431,aaa_daily,AAA Gas Prices (data © Oil Price Information Service / AAA),"AAA daily state average, surveyed by OPIS/WEX — a state-wide average, still not the price at any individual pump",2026-07-28 04:22:02.481431+00
MD,diesel,2026-08-06,5.428,aaa_daily,AAA Gas Prices (data © Oil Price Information Service / AAA),"AAA daily state average, surveyed by OPIS/WEX — a state-wide average, still not the price at any individual pump",2026-08-06 03:42:29.881766+00
MD,diesel,2026-08-10,5.399,aaa_daily,AAA Gas Prices (data © Oil Price Information Service / AAA),"AAA daily state average, surveyed by OPIS/WEX — a state-wide average, still not the price at any individual pump",2026-08-10 03:38:18.245012+00
MD,diesel,2026-08-05,5.431,aaa_daily,AAA Gas Prices (data © Oil Price Information Service / AAA),"AAA daily state average, surveyed by OPIS/WEX — a state-wide average, still not the price at any individual pump",2026-08-05 04:30:49.690791+00
MD,diesel,2026-08-08,5.412,aaa_daily,AAA Gas Prices (data © Oil Price Information Service / AAA),"AAA daily state average, surveyed by OPIS/WEX — a state-wide average, still not the price at any individual pump",2026-08-08 02:08:56.048448+00
MD,diesel,2026-08-17,5.568,aaa_daily,AAA Gas Prices (data © Oil Price Information Service / AAA),"AAA daily state average, surveyed by OPIS/WEX — a state-wide average, still not the price at any individual pump",2026-08-17 03:34:51.704092+00
MD,diesel,2026-08-07,5.425,aaa_daily,AAA Gas Prices (data © Oil Price Information Service / AAA),"AAA daily state average, surveyed by OPIS/WEX — a state-wide average, still not the price at any individual pump",2026-08-07 01:05:00.33444+00
MD,diesel,2026-08-09,5.401,aaa_daily,AAA Gas Prices (data © Oil Price Information Service / AAA),"AAA daily state average, surveyed by OPIS/WEX — a state-wide average, still not the price at any individual pump",2026-08-09 01:01:19.655887+00
MD,diesel,2026-08-19,5.573,aaa_daily,AAA Gas Prices (data © Oil Price Information Service / AAA),"AAA daily state average, surveyed by OPIS/WEX — a state-wide average, still not the price at any individual pump",2026-08-19 03:48:36.947414+00
MD,diesel,2026-08-13,5.404,aaa_daily,AAA Gas Prices (data © Oil Price Information Service / AAA),"AAA daily state average, surveyed by OPIS/WEX — a state-wide average, still not the price at any individual pump",2026-08-13 00:50:03.363793+00
MD,diesel,2026-08-14,5.476,aaa_daily,AAA Gas Prices (data © Oil Price Information Service / AAA),"AAA daily state average, surveyed by OPIS/WEX — a state-wide average, still not the price at any individual pump",2026-08-14 03:25:35.257151+00
MD,diesel,2026-08-11,5.398,aaa_daily,AAA Gas Prices (data © Oil Price Information Service / AAA),"AAA daily state average, surveyed by OPIS/WEX — a state-wide average, still not the price at any individual pump",2026-08-11 03:48:17.844757+00
ME,diesel,2026-08-05,5.564,aaa_daily,AAA Gas Prices (data © Oil Price Information Service / AAA),"AAA daily state average, surveyed by OPIS/WEX — a state-wide average, still not the price at any individual pump",2026-08-05 04:30:49.690791+00
ME,diesel,2026-07-26,5.491,aaa_daily,AAA Gas Prices (data © Oil Price Information Service / AAA),"AAA daily state average, surveyed by OPIS/WEX — a state-wide average, still not the price at any individual pump",2026-07-26 12:23:56.711299+00
ME,diesel,2026-08-12,5.512,aaa_daily,AAA Gas Prices (data © Oil Price Information Service / AAA),"AAA daily state average, surveyed by OPIS/WEX — a state-wide average, still not the price at any individual pump",2026-08-12 03:55:43.892073+00
ME,diesel,2026-08-13,5.508,aaa_daily,AAA Gas Prices (data © Oil Price Information Service / AAA),"AAA daily state average, surveyed by OPIS/WEX — a state-wide average, still not the price at any individual pump",2026-08-13 00:50:03.363793+00
ME,diesel,2026-08-19,5.526,aaa_daily,AAA Gas Prices (data © Oil Price Information Service / AAA),"AAA daily state average, surveyed by OPIS/WEX — a state-wide average, still not the price at any individual pump",2026-08-19 03:48:36.947414+00
ME,diesel,2026-07-28,5.506,aaa_daily,AAA Gas Prices (data © Oil Price Information Service / AAA),"AAA daily state average, surveyed by OPIS/WEX — a state-wide average, still not the price at any individual pump",2026-07-28 04:22:02.481431+00
ME,diesel,2026-08-09,5.513,aaa_daily,AAA Gas Prices (data © Oil Price Information Service / AAA),"AAA daily state average, surveyed by OPIS/WEX — a state-wide average, still not the price at any individual pump",2026-08-09 01:01:19.655887+00
ME,diesel,2026-08-08,5.519,aaa_daily,AAA Gas Prices (data © Oil Price Information Service / AAA),"AAA daily state average, surveyed by OPIS/WEX — a state-wide average, still not the price at any individual pump",2026-08-08 02:08:56.048448+00
ME,diesel,2026-07-24,5.438,aaa_daily,AAA Gas Prices (data © Oil Price Information Service / AAA),"AAA daily state average, surveyed by OPIS/WEX — a state-wide average, still not the price at any individual pump",2026-07-24 12:36:52.10235+00
ME,diesel,2026-08-04,5.564,aaa_daily,AAA Gas Prices (data © Oil Price Information Service / AAA),"AAA daily state average, surveyed by OPIS/WEX — a state-wide average, still not the price at any individual pump",2026-08-04 07:54:47.958234+00
ME,diesel,2026-08-03,5.559,aaa_daily,AAA Gas Prices (data © Oil Price Information Service / AAA),"AAA daily state average, surveyed by OPIS/WEX — a state-wide average, still not the price at any individual pump",2026-08-03 04:10:38.869331+00
ME,diesel,2026-08-11,5.513,aaa_daily,AAA Gas Prices (data © Oil Price Information Service / AAA),"AAA daily state average, surveyed by OPIS/WEX — a state-wide average, still not the price at any individual pump",2026-08-11 03:48:17.844757+00
ME,diesel,2026-08-14,5.511,aaa_daily,AAA Gas Prices (data © Oil Price Information Service / AAA),"AAA daily state average, surveyed by OPIS/WEX — a state-wide average, still not the price at any individual pump",2026-08-14 03:25:35.257151+00
ME,diesel,2026-08-07,5.541,aaa_daily,AAA Gas Prices (data © Oil Price Information Service / AAA),"AAA daily state average, surveyed by OPIS/WEX — a state-wide average, still not the price at any individual pump",2026-08-07 01:05:00.33444+00
ME,diesel,2026-08-17,5.522,aaa_daily,AAA Gas Prices (data © Oil Price Information Service / AAA),"AAA daily state average, surveyed by OPIS/WEX — a state-wide average, still not the price at any individual pump",2026-08-17 03:34:51.704092+00
ME,diesel,2026-08-06,5.559,aaa_daily,AAA Gas Prices (data © Oil Price Information Service / AAA),"AAA daily state average, surveyed by OPIS/WEX — a state-wide average, still not the price at any individual pump",2026-08-06 03:42:29.881766+00
ME,diesel,2026-08-10,5.513,aaa_daily,AAA Gas Prices (data © Oil Price Information Service / AAA),"AAA daily state average, surveyed by OPIS/WEX — a state-wide average, still not the price at any individual pump",2026-08-10 03:38:18.245012+00
MI,diesel,2026-08-08,5.369,aaa_daily,AAA Gas Prices (data © Oil Price Information Service / AAA),"AAA daily state average, surveyed by OPIS/WEX — a state-wide average, still not the price at any individual pump",2026-08-08 02:08:56.048448+00
MI,diesel,2026-08-13,5.353,aaa_daily,AAA Gas Prices (data © Oil Price Information Service / AAA),"AAA daily state average, surveyed by OPIS/WEX — a state-wide average, still not the price at any individual pump",2026-08-13 00:50:03.363793+00
MI,diesel,2026-08-11,5.324,aaa_daily,AAA Gas Prices (data © Oil Price Information Service / AAA),"AAA daily state average, surveyed by OPIS/WEX — a state-wide average, still not the price at any individual pump",2026-08-11 03:48:17.844757+00
MI,diesel,2026-07-26,5.221,aaa_daily,AAA Gas Prices (data © Oil Price Information Service / AAA),"AAA daily state average, surveyed by OPIS/WEX — a state-wide average, still not the price at any individual pump",2026-07-26 12:23:56.711299+00
MI,diesel,2026-08-12,5.316,aaa_daily,AAA Gas Prices (data © Oil Price Information Service / AAA),"AAA daily state average, surveyed by OPIS/WEX — a state-wide average, still not the price at any individual pump",2026-08-12 03:55:43.892073+00
MI,diesel,2026-08-07,5.389,aaa_daily,AAA Gas Prices (data © Oil Price Information Service / AAA),"AAA daily state average, surveyed by OPIS/WEX — a state-wide average, still not the price at any individual pump",2026-08-07 01:05:00.33444+00
MI,diesel,2026-08-05,5.421,aaa_daily,AAA Gas Prices (data © Oil Price Information Service / AAA),"AAA daily state average, surveyed by OPIS/WEX — a state-wide average, still not the price at any individual pump",2026-08-05 04:30:49.690791+00
MI,diesel,2026-07-28,5.223,aaa_daily,AAA Gas Prices (data © Oil Price Information Service / AAA),"AAA daily state average, surveyed by OPIS/WEX — a state-wide average, still not the price at any individual pump",2026-07-28 04:22:02.481431+00
MI,diesel,2026-08-06,5.405,aaa_daily,AAA Gas Prices (data © Oil Price Information Service / AAA),"AAA daily state average, surveyed by OPIS/WEX — a state-wide average, still not the price at any individual pump",2026-08-06 03:42:29.881766+00
MI,diesel,2026-07-24,5.187,aaa_daily,AAA Gas Prices (data © Oil Price Information Service / AAA),"AAA daily state average, surveyed by OPIS/WEX — a state-wide average, still not the price at any individual pump",2026-07-24 12:36:52.10235+00
MI,diesel,2026-08-04,5.421,aaa_daily,AAA Gas Prices (data © Oil Price Information Service / AAA),"AAA daily state average, surveyed by OPIS/WEX — a state-wide average, still not the price at any individual pump",2026-08-04 07:54:47.958234+00
MI,diesel,2026-08-17,5.476,aaa_daily,AAA Gas Prices (data © Oil Price Information Service / AAA),"AAA daily state average, surveyed by OPIS/WEX — a state-wide average, still not the price at any individual pump",2026-08-17 03:34:51.704092+00
MI,diesel,2026-08-09,5.351,aaa_daily,AAA Gas Prices (data © Oil Price Information Service / AAA),"AAA daily state average, surveyed by OPIS/WEX — a state-wide average, still not the price at any individual pump",2026-08-09 01:01:19.655887+00
MI,diesel,2026-08-03,5.417,aaa_daily,AAA Gas Prices (data © Oil Price Information Service / AAA),"AAA daily state average, surveyed by OPIS/WEX — a state-wide average, still not the price at any individual pump",2026-08-03 04:10:38.869331+00
MI,diesel,2026-08-14,5.415,aaa_daily,AAA Gas Prices (data © Oil Price Information Service / AAA),"AAA daily state average, surveyed by OPIS/WEX — a state-wide average, still not the price at any individual pump",2026-08-14 03:25:35.257151+00
MI,diesel,2026-08-19,5.474,aaa_daily,AAA Gas Prices (data © Oil Price Information Service / AAA),"AAA daily state average, surveyed by OPIS/WEX — a state-wide average, still not the price at any individual pump",2026-08-19 03:48:36.947414+00
MI,diesel,2026-08-10,5.339,aaa_daily,AAA Gas Prices (data © Oil Price Information Service / AAA),"AAA daily state average, surveyed by OPIS/WEX — a state-wide average, still not the price at any individual pump",2026-08-10 03:38:18.245012+00
MN,diesel,2026-08-11,5.072,aaa_daily,AAA Gas Prices (data © Oil Price Information Service / AAA),"AAA daily state average, surveyed by OPIS/WEX — a state-wide average, still not the price at any individual pump",2026-08-11 03:48:17.844757+00
MN,diesel,2026-08-05,5.152,aaa_daily,AAA Gas Prices (data © Oil Price Information Service / AAA),"AAA daily state average, surveyed by OPIS/WEX — a state-wide average, still not the price at any individual pump",2026-08-05 04:30:49.690791+00
MN,diesel,2026-07-24,5.012,aaa_daily,AAA Gas Prices (data © Oil Price Information Service / AAA),"AAA daily state average, surveyed by OPIS/WEX — a state-wide average, still not the price at any individual pump",2026-07-24 12:36:52.10235+00
MN,diesel,2026-08-17,5.219,aaa_daily,AAA Gas Prices (data © Oil Price Information Service / AAA),"AAA daily state average, surveyed by OPIS/WEX — a state-wide average, still not the price at any individual pump",2026-08-17 03:34:51.704092+00
MN,diesel,2026-08-06,5.139,aaa_daily,AAA Gas Prices (data © Oil Price Information Service / AAA),"AAA daily state average, surveyed by OPIS/WEX — a state-wide average, still not the price at any individual pump",2026-08-06 03:42:29.881766+00
MN,diesel,2026-08-10,5.072,aaa_daily,AAA Gas Prices (data © Oil Price Information Service / AAA),"AAA daily state average, surveyed by OPIS/WEX — a state-wide average, still not the price at any individual pump",2026-08-10 03:38:18.245012+00
MN,diesel,2026-08-14,5.176,aaa_daily,AAA Gas Prices (data © Oil Price Information Service / AAA),"AAA daily state average, surveyed by OPIS/WEX — a state-wide average, still not the price at any individual pump",2026-08-14 03:25:35.257151+00
MN,diesel,2026-08-12,5.065,aaa_daily,AAA Gas Prices (data © Oil Price Information Service / AAA),"AAA daily state average, surveyed by OPIS/WEX — a state-wide average, still not the price at any individual pump",2026-08-12 03:55:43.892073+00
MN,diesel,2026-08-19,5.228,aaa_daily,AAA Gas Prices (data © Oil Price Information Service / AAA),"AAA daily state average, surveyed by OPIS/WEX — a state-wide average, still not the price at any individual pump",2026-08-19 03:48:36.947414+00
MN,diesel,2026-07-28,5.136,aaa_daily,AAA Gas Prices (data © Oil Price Information Service / AAA),"AAA daily state average, surveyed by OPIS/WEX — a state-wide average, still not the price at any individual pump",2026-07-28 04:22:02.481431+00
MN,diesel,2026-08-04,5.152,aaa_daily,AAA Gas Prices (data © Oil Price Information Service / AAA),"AAA daily state average, surveyed by OPIS/WEX — a state-wide average, still not the price at any individual pump",2026-08-04 07:54:47.958234+00
MN,diesel,2026-08-07,5.115,aaa_daily,AAA Gas Prices (data © Oil Price Information Service / AAA),"AAA daily state average, surveyed by OPIS/WEX — a state-wide average, still not the price at any individual pump",2026-08-07 01:05:00.33444+00
MN,diesel,2026-08-09,5.08,aaa_daily,AAA Gas Prices (data © Oil Price Information Service / AAA),"AAA daily state average, surveyed by OPIS/WEX — a state-wide average, still not the price at any individual pump",2026-08-09 01:01:19.655887+00
MN,diesel,2026-08-13,5.106,aaa_daily,AAA Gas Prices (data © Oil Price Information Service / AAA),"AAA daily state average, surveyed by OPIS/WEX — a state-wide average, still not the price at any individual pump",2026-08-13 00:50:03.363793+00
MN,diesel,2026-07-26,5.091,aaa_daily,AAA Gas Prices (data © Oil Price Information Service / AAA),"AAA daily state average, surveyed by OPIS/WEX — a state-wide average, still not the price at any individual pump",2026-07-26 12:23:56.711299+00
MN,diesel,2026-08-08,5.097,aaa_daily,AAA Gas Prices (data © Oil Price Information Service / AAA),"AAA daily state average, surveyed by OPIS/WEX — a state-wide average, still not the price at any individual pump",2026-08-08 02:08:56.048448+00
MN,diesel,2026-08-03,5.07,aaa_daily,AAA Gas Prices (data © Oil Price Information Service / AAA),"AAA daily state average, surveyed by OPIS/WEX — a state-wide average, still not the price at any individual pump",2026-08-03 04:10:38.869331+00
MO,diesel,2026-08-09,4.837,aaa_daily,AAA Gas Prices (data © Oil Price Information Service / AAA),"AAA daily state average, surveyed by OPIS/WEX — a state-wide average, still not the price at any individual pump",2026-08-09 01:01:19.655887+00
MO,diesel,2026-08-08,4.844,aaa_daily,AAA Gas Prices (data © Oil Price Information Service / AAA),"AAA daily state average, surveyed by OPIS/WEX — a state-wide average, still not the price at any individual pump",2026-08-08 02:08:56.048448+00
MO,diesel,2026-08-05,4.884,aaa_daily,AAA Gas Prices (data © Oil Price Information Service / AAA),"AAA daily state average, surveyed by OPIS/WEX — a state-wide average, still not the price at any individual pump",2026-08-05 04:30:49.690791+00
MO,diesel,2026-08-07,4.856,aaa_daily,AAA Gas Prices (data © Oil Price Information Service / AAA),"AAA daily state average, surveyed by OPIS/WEX — a state-wide average, still not the price at any individual pump",2026-08-07 01:05:00.33444+00
MO,diesel,2026-08-04,4.884,aaa_daily,AAA Gas Prices (data © Oil Price Information Service / AAA),"AAA daily state average, surveyed by OPIS/WEX — a state-wide average, still not the price at any individual pump",2026-08-04 07:54:47.958234+00
MO,diesel,2026-07-28,4.822,aaa_daily,AAA Gas Prices (data © Oil Price Information Service / AAA),"AAA daily state average, surveyed by OPIS/WEX — a state-wide average, still not the price at any individual pump",2026-07-28 04:22:02.481431+00
MO,diesel,2026-08-19,5.04,aaa_daily,AAA Gas Prices (data © Oil Price Information Service / AAA),"AAA daily state average, surveyed by OPIS/WEX — a state-wide average, still not the price at any individual pump",2026-08-19 03:48:36.947414+00
MO,diesel,2026-08-11,4.836,aaa_daily,AAA Gas Prices (data © Oil Price Information Service / AAA),"AAA daily state average, surveyed by OPIS/WEX — a state-wide average, still not the price at any individual pump",2026-08-11 03:48:17.844757+00
MO,diesel,2026-08-12,4.866,aaa_daily,AAA Gas Prices (data © Oil Price Information Service / AAA),"AAA daily state average, surveyed by OPIS/WEX — a state-wide average, still not the price at any individual pump",2026-08-12 03:55:43.892073+00
MO,diesel,2026-08-10,4.835,aaa_daily,AAA Gas Prices (data © Oil Price Information Service / AAA),"AAA daily state average, surveyed by OPIS/WEX — a state-wide average, still not the price at any individual pump",2026-08-10 03:38:18.245012+00
MO,diesel,2026-08-03,4.868,aaa_daily,AAA Gas Prices (data © Oil Price Information Service / AAA),"AAA daily state average, surveyed by OPIS/WEX — a state-wide average, still not the price at any individual pump",2026-08-03 04:10:38.869331+00
MO,diesel,2026-08-06,4.867,aaa_daily,AAA Gas Prices (data © Oil Price Information Service / AAA),"AAA daily state average, surveyed by OPIS/WEX — a state-wide average, still not the price at any individual pump",2026-08-06 03:42:29.881766+00
MO,diesel,2026-08-14,4.947,aaa_daily,AAA Gas Prices (data © Oil Price Information Service / AAA),"AAA daily state average, surveyed by OPIS/WEX — a state-wide average, still not the price at any individual pump",2026-08-14 03:25:35.257151+00
MO,diesel,2026-08-17,5.008,aaa_daily,AAA Gas Prices (data © Oil Price Information Service / AAA),"AAA daily state average, surveyed by OPIS/WEX — a state-wide average, still not the price at any individual pump",2026-08-17 03:34:51.704092+00
MO,diesel,2026-07-24,4.764,aaa_daily,AAA Gas Prices (data © Oil Price Information Service / AAA),"AAA daily state average, surveyed by OPIS/WEX — a state-wide average, still not the price at any individual pump",2026-07-24 12:36:52.10235+00
MO,diesel,2026-07-26,4.815,aaa_daily,AAA Gas Prices (data © Oil Price Information Service / AAA),"AAA daily state average, surveyed by OPIS/WEX — a state-wide average, still not the price at any individual pump",2026-07-26 12:23:56.711299+00
MO,diesel,2026-08-13,4.899,aaa_daily,AAA Gas Prices (data © Oil Price Information Service / AAA),"AAA daily state average, surveyed by OPIS/WEX — a state-wide average, still not the price at any individual pump",2026-08-13 00:50:03.363793+00
MS,diesel,2026-08-08,4.985,aaa_daily,AAA Gas Prices (data © Oil Price Information Service / AAA),"AAA daily state average, surveyed by OPIS/WEX — a state-wide average, still not the price at any individual pump",2026-08-08 02:08:56.048448+00
MS,diesel,2026-07-28,4.992,aaa_daily,AAA Gas Prices (data © Oil Price Information Service / AAA),"AAA daily state average, surveyed by OPIS/WEX — a state-wide average, still not the price at any individual pump",2026-07-28 04:22:02.481431+00
MS,diesel,2026-07-24,4.929,aaa_daily,AAA Gas Prices (data © Oil Price Information Service / AAA),"AAA daily state average, surveyed by OPIS/WEX — a state-wide average, still not the price at any individual pump",2026-07-24 12:36:52.10235+00
MS,diesel,2026-08-03,5.023,aaa_daily,AAA Gas Prices (data © Oil Price Information Service / AAA),"AAA daily state average, surveyed by OPIS/WEX — a state-wide average, still not the price at any individual pump",2026-08-03 04:10:38.869331+00
MS,diesel,2026-07-26,4.986,aaa_daily,AAA Gas Prices (data © Oil Price Information Service / AAA),"AAA daily state average, surveyed by OPIS/WEX — a state-wide average, still not the price at any individual pump",2026-07-26 12:23:56.711299+00
MS,diesel,2026-08-04,5.024,aaa_daily,AAA Gas Prices (data © Oil Price Information Service / AAA),"AAA daily state average, surveyed by OPIS/WEX — a state-wide average, still not the price at any individual pump",2026-08-04 07:54:47.958234+00
MS,diesel,2026-08-05,5.024,aaa_daily,AAA Gas Prices (data © Oil Price Information Service / AAA),"AAA daily state average, surveyed by OPIS/WEX — a state-wide average, still not the price at any individual pump",2026-08-05 04:30:49.690791+00
MS,diesel,2026-08-06,5.017,aaa_daily,AAA Gas Prices (data © Oil Price Information Service / AAA),"AAA daily state average, surveyed by OPIS/WEX — a state-wide average, still not the price at any individual pump",2026-08-06 03:42:29.881766+00
MS,diesel,2026-08-07,5.001,aaa_daily,AAA Gas Prices (data © Oil Price Information Service / AAA),"AAA daily state average, surveyed by OPIS/WEX — a state-wide average, still not the price at any individual pump",2026-08-07 01:05:00.33444+00
MS,diesel,2026-08-09,4.979,aaa_daily,AAA Gas Prices (data © Oil Price Information Service / AAA),"AAA daily state average, surveyed by OPIS/WEX — a state-wide average, still not the price at any individual pump",2026-08-09 01:01:19.655887+00
MS,diesel,2026-08-10,4.972,aaa_daily,AAA Gas Prices (data © Oil Price Information Service / AAA),"AAA daily state average, surveyed by OPIS/WEX — a state-wide average, still not the price at any individual pump",2026-08-10 03:38:18.245012+00
MS,diesel,2026-08-11,4.957,aaa_daily,AAA Gas Prices (data © Oil Price Information Service / AAA),"AAA daily state average, surveyed by OPIS/WEX — a state-wide average, still not the price at any individual pump",2026-08-11 03:48:17.844757+00
MS,diesel,2026-08-12,4.96,aaa_daily,AAA Gas Prices (data © Oil Price Information Service / AAA),"AAA daily state average, surveyed by OPIS/WEX — a state-wide average, still not the price at any individual pump",2026-08-12 03:55:43.892073+00
MS,diesel,2026-08-13,4.981,aaa_daily,AAA Gas Prices (data © Oil Price Information Service / AAA),"AAA daily state average, surveyed by OPIS/WEX — a state-wide average, still not the price at any individual pump",2026-08-13 00:50:03.363793+00
MS,diesel,2026-08-14,5.018,aaa_daily,AAA Gas Prices (data © Oil Price Information Service / AAA),"AAA daily state average, surveyed by OPIS/WEX — a state-wide average, still not the price at any individual pump",2026-08-14 03:25:35.257151+00
MS,diesel,2026-08-17,5.085,aaa_daily,AAA Gas Prices (data © Oil Price Information Service / AAA),"AAA daily state average, surveyed by OPIS/WEX — a state-wide average, still not the price at any individual pump",2026-08-17 03:34:51.704092+00
MS,diesel,2026-08-19,5.109,aaa_daily,AAA Gas Prices (data © Oil Price Information Service / AAA),"AAA daily state average, surveyed by OPIS/WEX — a state-wide average, still not the price at any individual pump",2026-08-19 03:48:36.947414+00
MT,diesel,2026-08-19,5.297,aaa_daily,AAA Gas Prices (data © Oil Price Information Service / AAA),"AAA daily state average, surveyed by OPIS/WEX — a state-wide average, still not the price at any individual pump",2026-08-19 03:48:36.947414+00
MT,diesel,2026-08-09,5.073,aaa_daily,AAA Gas Prices (data © Oil Price Information Service / AAA),"AAA daily state average, surveyed by OPIS/WEX — a state-wide average, still not the price at any individual pump",2026-08-09 01:01:19.655887+00
MT,diesel,2026-08-07,5.074,aaa_daily,AAA Gas Prices (data © Oil Price Information Service / AAA),"AAA daily state average, surveyed by OPIS/WEX — a state-wide average, still not the price at any individual pump",2026-08-07 01:05:00.33444+00
MT,diesel,2026-08-17,5.249,aaa_daily,AAA Gas Prices (data © Oil Price Information Service / AAA),"AAA daily state average, surveyed by OPIS/WEX — a state-wide average, still not the price at any individual pump",2026-08-17 03:34:51.704092+00
MT,diesel,2026-07-24,4.978,aaa_daily,AAA Gas Prices (data © Oil Price Information Service / AAA),"AAA daily state average, surveyed by OPIS/WEX — a state-wide average, still not the price at any individual pump",2026-07-24 12:36:52.10235+00
MT,diesel,2026-08-14,5.18,aaa_daily,AAA Gas Prices (data © Oil Price Information Service / AAA),"AAA daily state average, surveyed by OPIS/WEX — a state-wide average, still not the price at any individual pump",2026-08-14 03:25:35.257151+00
MT,diesel,2026-08-03,5.089,aaa_daily,AAA Gas Prices (data © Oil Price Information Service / AAA),"AAA daily state average, surveyed by OPIS/WEX — a state-wide average, still not the price at any individual pump",2026-08-03 04:10:38.869331+00
MT,diesel,2026-08-11,5.055,aaa_daily,AAA Gas Prices (data © Oil Price Information Service / AAA),"AAA daily state average, surveyed by OPIS/WEX — a state-wide average, still not the price at any individual pump",2026-08-11 03:48:17.844757+00
MT,diesel,2026-08-08,5.081,aaa_daily,AAA Gas Prices (data © Oil Price Information Service / AAA),"AAA daily state average, surveyed by OPIS/WEX — a state-wide average, still not the price at any individual pump",2026-08-08 02:08:56.048448+00
MT,diesel,2026-08-10,5.066,aaa_daily,AAA Gas Prices (data © Oil Price Information Service / AAA),"AAA daily state average, surveyed by OPIS/WEX — a state-wide average, still not the price at any individual pump",2026-08-10 03:38:18.245012+00
MT,diesel,2026-08-06,5.087,aaa_daily,AAA Gas Prices (data © Oil Price Information Service / AAA),"AAA daily state average, surveyed by OPIS/WEX — a state-wide average, still not the price at any individual pump",2026-08-06 03:42:29.881766+00
MT,diesel,2026-08-05,5.099,aaa_daily,AAA Gas Prices (data © Oil Price Information Service / AAA),"AAA daily state average, surveyed by OPIS/WEX — a state-wide average, still not the price at any individual pump",2026-08-05 04:30:49.690791+00
MT,diesel,2026-08-13,5.104,aaa_daily,AAA Gas Prices (data © Oil Price Information Service / AAA),"AAA daily state average, surveyed by OPIS/WEX — a state-wide average, still not the price at any individual pump",2026-08-13 00:50:03.363793+00
MT,diesel,2026-07-26,5.031,aaa_daily,AAA Gas Prices (data © Oil Price Information Service / AAA),"AAA daily state average, surveyed by OPIS/WEX — a state-wide average, still not the price at any individual pump",2026-07-26 12:23:56.711299+00
MT,diesel,2026-08-04,5.099,aaa_daily,AAA Gas Prices (data © Oil Price Information Service / AAA),"AAA daily state average, surveyed by OPIS/WEX — a state-wide average, still not the price at any individual pump",2026-08-04 07:54:47.958234+00
MT,diesel,2026-08-12,5.061,aaa_daily,AAA Gas Prices (data © Oil Price Information Service / AAA),"AAA daily state average, surveyed by OPIS/WEX — a state-wide average, still not the price at any individual pump",2026-08-12 03:55:43.892073+00
MT,diesel,2026-07-28,5.025,aaa_daily,AAA Gas Prices (data © Oil Price Information Service / AAA),"AAA daily state average, surveyed by OPIS/WEX — a state-wide average, still not the price at any individual pump",2026-07-28 04:22:02.481431+00
NC,diesel,2026-08-19,5.334,aaa_daily,AAA Gas Prices (data © Oil Price Information Service / AAA),"AAA daily state average, surveyed by OPIS/WEX — a state-wide average, still not the price at any individual pump",2026-08-19 03:48:36.947414+00
NC,diesel,2026-08-12,5.219,aaa_daily,AAA Gas Prices (data © Oil Price Information Service / AAA),"AAA daily state average, surveyed by OPIS/WEX — a state-wide average, still not the price at any individual pump",2026-08-12 03:55:43.892073+00
NC,diesel,2026-08-09,5.232,aaa_daily,AAA Gas Prices (data © Oil Price Information Service / AAA),"AAA daily state average, surveyed by OPIS/WEX — a state-wide average, still not the price at any individual pump",2026-08-09 01:01:19.655887+00
NC,diesel,2026-07-26,5.269,aaa_daily,AAA Gas Prices (data © Oil Price Information Service / AAA),"AAA daily state average, surveyed by OPIS/WEX — a state-wide average, still not the price at any individual pump",2026-07-26 12:23:56.711299+00
NC,diesel,2026-08-06,5.298,aaa_daily,AAA Gas Prices (data © Oil Price Information Service / AAA),"AAA daily state average, surveyed by OPIS/WEX — a state-wide average, still not the price at any individual pump",2026-08-06 03:42:29.881766+00
NC,diesel,2026-08-17,5.328,aaa_daily,AAA Gas Prices (data © Oil Price Information Service / AAA),"AAA daily state average, surveyed by OPIS/WEX — a state-wide average, still not the price at any individual pump",2026-08-17 03:34:51.704092+00
NC,diesel,2026-08-07,5.27,aaa_daily,AAA Gas Prices (data © Oil Price Information Service / AAA),"AAA daily state average, surveyed by OPIS/WEX — a state-wide average, still not the price at any individual pump",2026-08-07 01:05:00.33444+00
NC,diesel,2026-08-03,5.33,aaa_daily,AAA Gas Prices (data © Oil Price Information Service / AAA),"AAA daily state average, surveyed by OPIS/WEX — a state-wide average, still not the price at any individual pump",2026-08-03 04:10:38.869331+00
NC,diesel,2026-07-24,5.192,aaa_daily,AAA Gas Prices (data © Oil Price Information Service / AAA),"AAA daily state average, surveyed by OPIS/WEX — a state-wide average, still not the price at any individual pump",2026-07-24 12:36:52.10235+00
NC,diesel,2026-08-11,5.215,aaa_daily,AAA Gas Prices (data © Oil Price Information Service / AAA),"AAA daily state average, surveyed by OPIS/WEX — a state-wide average, still not the price at any individual pump",2026-08-11 03:48:17.844757+00
NC,diesel,2026-08-14,5.317,aaa_daily,AAA Gas Prices (data © Oil Price Information Service / AAA),"AAA daily state average, surveyed by OPIS/WEX — a state-wide average, still not the price at any individual pump",2026-08-14 03:25:35.257151+00
NC,diesel,2026-08-05,5.317,aaa_daily,AAA Gas Prices (data © Oil Price Information Service / AAA),"AAA daily state average, surveyed by OPIS/WEX — a state-wide average, still not the price at any individual pump",2026-08-05 04:30:49.690791+00
NC,diesel,2026-08-13,5.253,aaa_daily,AAA Gas Prices (data © Oil Price Information Service / AAA),"AAA daily state average, surveyed by OPIS/WEX — a state-wide average, still not the price at any individual pump",2026-08-13 00:50:03.363793+00
NC,diesel,2026-08-10,5.224,aaa_daily,AAA Gas Prices (data © Oil Price Information Service / AAA),"AAA daily state average, surveyed by OPIS/WEX — a state-wide average, still not the price at any individual pump",2026-08-10 03:38:18.245012+00
NC,diesel,2026-07-28,5.275,aaa_daily,AAA Gas Prices (data © Oil Price Information Service / AAA),"AAA daily state average, surveyed by OPIS/WEX — a state-wide average, still not the price at any individual pump",2026-07-28 04:22:02.481431+00
NC,diesel,2026-08-08,5.247,aaa_daily,AAA Gas Prices (data © Oil Price Information Service / AAA),"AAA daily state average, surveyed by OPIS/WEX — a state-wide average, still not the price at any individual pump",2026-08-08 02:08:56.048448+00
NC,diesel,2026-08-04,5.317,aaa_daily,AAA Gas Prices (data © Oil Price Information Service / AAA),"AAA daily state average, surveyed by OPIS/WEX — a state-wide average, still not the price at any individual pump",2026-08-04 07:54:47.958234+00
ND,diesel,2026-08-06,4.939,aaa_daily,AAA Gas Prices (data © Oil Price Information Service / AAA),"AAA daily state average, surveyed by OPIS/WEX — a state-wide average, still not the price at any individual pump",2026-08-06 03:42:29.881766+00
ND,diesel,2026-08-05,4.954,aaa_daily,AAA Gas Prices (data © Oil Price Information Service / AAA),"AAA daily state average, surveyed by OPIS/WEX — a state-wide average, still not the price at any individual pump",2026-08-05 04:30:49.690791+00
ND,diesel,2026-08-14,5.051,aaa_daily,AAA Gas Prices (data © Oil Price Information Service / AAA),"AAA daily state average, surveyed by OPIS/WEX — a state-wide average, still not the price at any individual pump",2026-08-14 03:25:35.257151+00
ND,diesel,2026-08-08,4.953,aaa_daily,AAA Gas Prices (data © Oil Price Information Service / AAA),"AAA daily state average, surveyed by OPIS/WEX — a state-wide average, still not the price at any individual pump",2026-08-08 02:08:56.048448+00
ND,diesel,2026-08-13,5.006,aaa_daily,AAA Gas Prices (data © Oil Price Information Service / AAA),"AAA daily state average, surveyed by OPIS/WEX — a state-wide average, still not the price at any individual pump",2026-08-13 00:50:03.363793+00
ND,diesel,2026-07-26,4.904,aaa_daily,AAA Gas Prices (data © Oil Price Information Service / AAA),"AAA daily state average, surveyed by OPIS/WEX — a state-wide average, still not the price at any individual pump",2026-07-26 12:23:56.711299+00
ND,diesel,2026-08-07,4.948,aaa_daily,AAA Gas Prices (data © Oil Price Information Service / AAA),"AAA daily state average, surveyed by OPIS/WEX — a state-wide average, still not the price at any individual pump",2026-08-07 01:05:00.33444+00
ND,diesel,2026-08-09,4.954,aaa_daily,AAA Gas Prices (data © Oil Price Information Service / AAA),"AAA daily state average, surveyed by OPIS/WEX — a state-wide average, still not the price at any individual pump",2026-08-09 01:01:19.655887+00
ND,diesel,2026-08-12,4.959,aaa_daily,AAA Gas Prices (data © Oil Price Information Service / AAA),"AAA daily state average, surveyed by OPIS/WEX — a state-wide average, still not the price at any individual pump",2026-08-12 03:55:43.892073+00
ND,diesel,2026-08-19,5.168,aaa_daily,AAA Gas Prices (data © Oil Price Information Service / AAA),"AAA daily state average, surveyed by OPIS/WEX — a state-wide average, still not the price at any individual pump",2026-08-19 03:48:36.947414+00
ND,diesel,2026-07-28,4.909,aaa_daily,AAA Gas Prices (data © Oil Price Information Service / AAA),"AAA daily state average, surveyed by OPIS/WEX — a state-wide average, still not the price at any individual pump",2026-07-28 04:22:02.481431+00
ND,diesel,2026-08-03,4.946,aaa_daily,AAA Gas Prices (data © Oil Price Information Service / AAA),"AAA daily state average, surveyed by OPIS/WEX — a state-wide average, still not the price at any individual pump",2026-08-03 04:10:38.869331+00
ND,diesel,2026-08-04,4.954,aaa_daily,AAA Gas Prices (data © Oil Price Information Service / AAA),"AAA daily state average, surveyed by OPIS/WEX — a state-wide average, still not the price at any individual pump",2026-08-04 07:54:47.958234+00
ND,diesel,2026-08-10,4.947,aaa_daily,AAA Gas Prices (data © Oil Price Information Service / AAA),"AAA daily state average, surveyed by OPIS/WEX — a state-wide average, still not the price at any individual pump",2026-08-10 03:38:18.245012+00
ND,diesel,2026-07-24,4.853,aaa_daily,AAA Gas Prices (data © Oil Price Information Service / AAA),"AAA daily state average, surveyed by OPIS/WEX — a state-wide average, still not the price at any individual pump",2026-07-24 12:36:52.10235+00
ND,diesel,2026-08-17,5.146,aaa_daily,AAA Gas Prices (data © Oil Price Information Service / AAA),"AAA daily state average, surveyed by OPIS/WEX — a state-wide average, still not the price at any individual pump",2026-08-17 03:34:51.704092+00
ND,diesel,2026-08-11,4.944,aaa_daily,AAA Gas Prices (data © Oil Price Information Service / AAA),"AAA daily state average, surveyed by OPIS/WEX — a state-wide average, still not the price at any individual pump",2026-08-11 03:48:17.844757+00
NE,diesel,2026-07-24,4.849,aaa_daily,AAA Gas Prices (data © Oil Price Information Service / AAA),"AAA daily state average, surveyed by OPIS/WEX — a state-wide average, still not the price at any individual pump",2026-07-24 12:36:52.10235+00
NE,diesel,2026-08-12,4.925,aaa_daily,AAA Gas Prices (data © Oil Price Information Service / AAA),"AAA daily state average, surveyed by OPIS/WEX — a state-wide average, still not the price at any individual pump",2026-08-12 03:55:43.892073+00
NE,diesel,2026-08-19,5.098,aaa_daily,AAA Gas Prices (data © Oil Price Information Service / AAA),"AAA daily state average, surveyed by OPIS/WEX — a state-wide average, still not the price at any individual pump",2026-08-19 03:48:36.947414+00
NE,diesel,2026-07-28,4.934,aaa_daily,AAA Gas Prices (data © Oil Price Information Service / AAA),"AAA daily state average, surveyed by OPIS/WEX — a state-wide average, still not the price at any individual pump",2026-07-28 04:22:02.481431+00
NE,diesel,2026-07-26,4.911,aaa_daily,AAA Gas Prices (data © Oil Price Information Service / AAA),"AAA daily state average, surveyed by OPIS/WEX — a state-wide average, still not the price at any individual pump",2026-07-26 12:23:56.711299+00
NE,diesel,2026-08-14,5.007,aaa_daily,AAA Gas Prices (data © Oil Price Information Service / AAA),"AAA daily state average, surveyed by OPIS/WEX — a state-wide average, still not the price at any individual pump",2026-08-14 03:25:35.257151+00
NE,diesel,2026-08-11,4.893,aaa_daily,AAA Gas Prices (data © Oil Price Information Service / AAA),"AAA daily state average, surveyed by OPIS/WEX — a state-wide average, still not the price at any individual pump",2026-08-11 03:48:17.844757+00
NE,diesel,2026-08-04,4.953,aaa_daily,AAA Gas Prices (data © Oil Price Information Service / AAA),"AAA daily state average, surveyed by OPIS/WEX — a state-wide average, still not the price at any individual pump",2026-08-04 07:54:47.958234+00
NE,diesel,2026-08-13,4.962,aaa_daily,AAA Gas Prices (data © Oil Price Information Service / AAA),"AAA daily state average, surveyed by OPIS/WEX — a state-wide average, still not the price at any individual pump",2026-08-13 00:50:03.363793+00
NE,diesel,2026-08-06,4.94,aaa_daily,AAA Gas Prices (data © Oil Price Information Service / AAA),"AAA daily state average, surveyed by OPIS/WEX — a state-wide average, still not the price at any individual pump",2026-08-06 03:42:29.881766+00
NE,diesel,2026-08-08,4.916,aaa_daily,AAA Gas Prices (data © Oil Price Information Service / AAA),"AAA daily state average, surveyed by OPIS/WEX — a state-wide average, still not the price at any individual pump",2026-08-08 02:08:56.048448+00
NE,diesel,2026-08-10,4.899,aaa_daily,AAA Gas Prices (data © Oil Price Information Service / AAA),"AAA daily state average, surveyed by OPIS/WEX — a state-wide average, still not the price at any individual pump",2026-08-10 03:38:18.245012+00
NE,diesel,2026-08-05,4.953,aaa_daily,AAA Gas Prices (data © Oil Price Information Service / AAA),"AAA daily state average, surveyed by OPIS/WEX — a state-wide average, still not the price at any individual pump",2026-08-05 04:30:49.690791+00
NE,diesel,2026-08-07,4.926,aaa_daily,AAA Gas Prices (data © Oil Price Information Service / AAA),"AAA daily state average, surveyed by OPIS/WEX — a state-wide average, still not the price at any individual pump",2026-08-07 01:05:00.33444+00
NE,diesel,2026-08-17,5.094,aaa_daily,AAA Gas Prices (data © Oil Price Information Service / AAA),"AAA daily state average, surveyed by OPIS/WEX — a state-wide average, still not the price at any individual pump",2026-08-17 03:34:51.704092+00
NE,diesel,2026-08-09,4.899,aaa_daily,AAA Gas Prices (data © Oil Price Information Service / AAA),"AAA daily state average, surveyed by OPIS/WEX — a state-wide average, still not the price at any individual pump",2026-08-09 01:01:19.655887+00
NE,diesel,2026-08-03,4.953,aaa_daily,AAA Gas Prices (data © Oil Price Information Service / AAA),"AAA daily state average, surveyed by OPIS/WEX — a state-wide average, still not the price at any individual pump",2026-08-03 04:10:38.869331+00
NH,diesel,2026-08-03,5.42,aaa_daily,AAA Gas Prices (data © Oil Price Information Service / AAA),"AAA daily state average, surveyed by OPIS/WEX — a state-wide average, still not the price at any individual pump",2026-08-03 04:10:38.869331+00
NH,diesel,2026-08-08,5.396,aaa_daily,AAA Gas Prices (data © Oil Price Information Service / AAA),"AAA daily state average, surveyed by OPIS/WEX — a state-wide average, still not the price at any individual pump",2026-08-08 02:08:56.048448+00
NH,diesel,2026-07-26,5.38,aaa_daily,AAA Gas Prices (data © Oil Price Information Service / AAA),"AAA daily state average, surveyed by OPIS/WEX — a state-wide average, still not the price at any individual pump",2026-07-26 12:23:56.711299+00
NH,diesel,2026-08-06,5.414,aaa_daily,AAA Gas Prices (data © Oil Price Information Service / AAA),"AAA daily state average, surveyed by OPIS/WEX — a state-wide average, still not the price at any individual pump",2026-08-06 03:42:29.881766+00
NH,diesel,2026-08-07,5.41,aaa_daily,AAA Gas Prices (data © Oil Price Information Service / AAA),"AAA daily state average, surveyed by OPIS/WEX — a state-wide average, still not the price at any individual pump",2026-08-07 01:05:00.33444+00
NH,diesel,2026-08-13,5.384,aaa_daily,AAA Gas Prices (data © Oil Price Information Service / AAA),"AAA daily state average, surveyed by OPIS/WEX — a state-wide average, still not the price at any individual pump",2026-08-13 00:50:03.363793+00
NH,diesel,2026-07-28,5.381,aaa_daily,AAA Gas Prices (data © Oil Price Information Service / AAA),"AAA daily state average, surveyed by OPIS/WEX — a state-wide average, still not the price at any individual pump",2026-07-28 04:22:02.481431+00
NH,diesel,2026-08-10,5.38,aaa_daily,AAA Gas Prices (data © Oil Price Information Service / AAA),"AAA daily state average, surveyed by OPIS/WEX — a state-wide average, still not the price at any individual pump",2026-08-10 03:38:18.245012+00
NH,diesel,2026-07-24,5.331,aaa_daily,AAA Gas Prices (data © Oil Price Information Service / AAA),"AAA daily state average, surveyed by OPIS/WEX — a state-wide average, still not the price at any individual pump",2026-07-24 12:36:52.10235+00
NH,diesel,2026-08-14,5.404,aaa_daily,AAA Gas Prices (data © Oil Price Information Service / AAA),"AAA daily state average, surveyed by OPIS/WEX — a state-wide average, still not the price at any individual pump",2026-08-14 03:25:35.257151+00
NH,diesel,2026-08-17,5.422,aaa_daily,AAA Gas Prices (data © Oil Price Information Service / AAA),"AAA daily state average, surveyed by OPIS/WEX — a state-wide average, still not the price at any individual pump",2026-08-17 03:34:51.704092+00
NH,diesel,2026-08-09,5.389,aaa_daily,AAA Gas Prices (data © Oil Price Information Service / AAA),"AAA daily state average, surveyed by OPIS/WEX — a state-wide average, still not the price at any individual pump",2026-08-09 01:01:19.655887+00
NH,diesel,2026-08-04,5.429,aaa_daily,AAA Gas Prices (data © Oil Price Information Service / AAA),"AAA daily state average, surveyed by OPIS/WEX — a state-wide average, still not the price at any individual pump",2026-08-04 07:54:47.958234+00
NH,diesel,2026-08-19,5.435,aaa_daily,AAA Gas Prices (data © Oil Price Information Service / AAA),"AAA daily state average, surveyed by OPIS/WEX — a state-wide average, still not the price at any individual pump",2026-08-19 03:48:36.947414+00
NH,diesel,2026-08-05,5.429,aaa_daily,AAA Gas Prices (data © Oil Price Information Service / AAA),"AAA daily state average, surveyed by OPIS/WEX — a state-wide average, still not the price at any individual pump",2026-08-05 04:30:49.690791+00
NH,diesel,2026-08-12,5.377,aaa_daily,AAA Gas Prices (data © Oil Price Information Service / AAA),"AAA daily state average, surveyed by OPIS/WEX — a state-wide average, still not the price at any individual pump",2026-08-12 03:55:43.892073+00
NH,diesel,2026-08-11,5.369,aaa_daily,AAA Gas Prices (data © Oil Price Information Service / AAA),"AAA daily state average, surveyed by OPIS/WEX — a state-wide average, still not the price at any individual pump",2026-08-11 03:48:17.844757+00
NJ,diesel,2026-08-12,5.359,aaa_daily,AAA Gas Prices (data © Oil Price Information Service / AAA),"AAA daily state average, surveyed by OPIS/WEX — a state-wide average, still not the price at any individual pump",2026-08-12 03:55:43.892073+00
NJ,diesel,2026-08-11,5.368,aaa_daily,AAA Gas Prices (data © Oil Price Information Service / AAA),"AAA daily state average, surveyed by OPIS/WEX — a state-wide average, still not the price at any individual pump",2026-08-11 03:48:17.844757+00
NJ,diesel,2026-07-28,5.444,aaa_daily,AAA Gas Prices (data © Oil Price Information Service / AAA),"AAA daily state average, surveyed by OPIS/WEX — a state-wide average, still not the price at any individual pump",2026-07-28 04:22:02.481431+00
NJ,diesel,2026-08-08,5.393,aaa_daily,AAA Gas Prices (data © Oil Price Information Service / AAA),"AAA daily state average, surveyed by OPIS/WEX — a state-wide average, still not the price at any individual pump",2026-08-08 02:08:56.048448+00
NJ,diesel,2026-08-05,5.433,aaa_daily,AAA Gas Prices (data © Oil Price Information Service / AAA),"AAA daily state average, surveyed by OPIS/WEX — a state-wide average, still not the price at any individual pump",2026-08-05 04:30:49.690791+00
NJ,diesel,2026-08-04,5.433,aaa_daily,AAA Gas Prices (data © Oil Price Information Service / AAA),"AAA daily state average, surveyed by OPIS/WEX — a state-wide average, still not the price at any individual pump",2026-08-04 07:54:47.958234+00
NJ,diesel,2026-07-24,5.399,aaa_daily,AAA Gas Prices (data © Oil Price Information Service / AAA),"AAA daily state average, surveyed by OPIS/WEX — a state-wide average, still not the price at any individual pump",2026-07-24 12:36:52.10235+00
NJ,diesel,2026-08-06,5.427,aaa_daily,AAA Gas Prices (data © Oil Price Information Service / AAA),"AAA daily state average, surveyed by OPIS/WEX — a state-wide average, still not the price at any individual pump",2026-08-06 03:42:29.881766+00
NJ,diesel,2026-08-13,5.363,aaa_daily,AAA Gas Prices (data © Oil Price Information Service / AAA),"AAA daily state average, surveyed by OPIS/WEX — a state-wide average, still not the price at any individual pump",2026-08-13 00:50:03.363793+00
NJ,diesel,2026-08-07,5.409,aaa_daily,AAA Gas Prices (data © Oil Price Information Service / AAA),"AAA daily state average, surveyed by OPIS/WEX — a state-wide average, still not the price at any individual pump",2026-08-07 01:05:00.33444+00
NJ,diesel,2026-08-17,5.517,aaa_daily,AAA Gas Prices (data © Oil Price Information Service / AAA),"AAA daily state average, surveyed by OPIS/WEX — a state-wide average, still not the price at any individual pump",2026-08-17 03:34:51.704092+00
NJ,diesel,2026-08-09,5.383,aaa_daily,AAA Gas Prices (data © Oil Price Information Service / AAA),"AAA daily state average, surveyed by OPIS/WEX — a state-wide average, still not the price at any individual pump",2026-08-09 01:01:19.655887+00
NJ,diesel,2026-08-10,5.376,aaa_daily,AAA Gas Prices (data © Oil Price Information Service / AAA),"AAA daily state average, surveyed by OPIS/WEX — a state-wide average, still not the price at any individual pump",2026-08-10 03:38:18.245012+00
NJ,diesel,2026-08-14,5.429,aaa_daily,AAA Gas Prices (data © Oil Price Information Service / AAA),"AAA daily state average, surveyed by OPIS/WEX — a state-wide average, still not the price at any individual pump",2026-08-14 03:25:35.257151+00
NJ,diesel,2026-08-03,5.45,aaa_daily,AAA Gas Prices (data © Oil Price Information Service / AAA),"AAA daily state average, surveyed by OPIS/WEX — a state-wide average, still not the price at any individual pump",2026-08-03 04:10:38.869331+00
NJ,diesel,2026-07-26,5.446,aaa_daily,AAA Gas Prices (data © Oil Price Information Service / AAA),"AAA daily state average, surveyed by OPIS/WEX — a state-wide average, still not the price at any individual pump",2026-07-26 12:23:56.711299+00
NJ,diesel,2026-08-19,5.544,aaa_daily,AAA Gas Prices (data © Oil Price Information Service / AAA),"AAA daily state average, surveyed by OPIS/WEX — a state-wide average, still not the price at any individual pump",2026-08-19 03:48:36.947414+00
NM,diesel,2026-08-11,5.115,aaa_daily,AAA Gas Prices (data © Oil Price Information Service / AAA),"AAA daily state average, surveyed by OPIS/WEX — a state-wide average, still not the price at any individual pump",2026-08-11 03:48:17.844757+00
NM,diesel,2026-08-14,5.297,aaa_daily,AAA Gas Prices (data © Oil Price Information Service / AAA),"AAA daily state average, surveyed by OPIS/WEX — a state-wide average, still not the price at any individual pump",2026-08-14 03:25:35.257151+00
NM,diesel,2026-08-03,5.222,aaa_daily,AAA Gas Prices (data © Oil Price Information Service / AAA),"AAA daily state average, surveyed by OPIS/WEX — a state-wide average, still not the price at any individual pump",2026-08-03 04:10:38.869331+00
NM,diesel,2026-08-12,5.219,aaa_daily,AAA Gas Prices (data © Oil Price Information Service / AAA),"AAA daily state average, surveyed by OPIS/WEX — a state-wide average, still not the price at any individual pump",2026-08-12 03:55:43.892073+00
NM,diesel,2026-08-17,5.317,aaa_daily,AAA Gas Prices (data © Oil Price Information Service / AAA),"AAA daily state average, surveyed by OPIS/WEX — a state-wide average, still not the price at any individual pump",2026-08-17 03:34:51.704092+00
NM,diesel,2026-07-24,5.103,aaa_daily,AAA Gas Prices (data © Oil Price Information Service / AAA),"AAA daily state average, surveyed by OPIS/WEX — a state-wide average, still not the price at any individual pump",2026-07-24 12:36:52.10235+00
NM,diesel,2026-08-04,5.198,aaa_daily,AAA Gas Prices (data © Oil Price Information Service / AAA),"AAA daily state average, surveyed by OPIS/WEX — a state-wide average, still not the price at any individual pump",2026-08-04 07:54:47.958234+00
NM,diesel,2026-08-09,5.109,aaa_daily,AAA Gas Prices (data © Oil Price Information Service / AAA),"AAA daily state average, surveyed by OPIS/WEX — a state-wide average, still not the price at any individual pump",2026-08-09 01:01:19.655887+00
NM,diesel,2026-08-07,5.156,aaa_daily,AAA Gas Prices (data © Oil Price Information Service / AAA),"AAA daily state average, surveyed by OPIS/WEX — a state-wide average, still not the price at any individual pump",2026-08-07 01:05:00.33444+00
NM,diesel,2026-08-08,5.131,aaa_daily,AAA Gas Prices (data © Oil Price Information Service / AAA),"AAA daily state average, surveyed by OPIS/WEX — a state-wide average, still not the price at any individual pump",2026-08-08 02:08:56.048448+00
NM,diesel,2026-08-19,5.345,aaa_daily,AAA Gas Prices (data © Oil Price Information Service / AAA),"AAA daily state average, surveyed by OPIS/WEX — a state-wide average, still not the price at any individual pump",2026-08-19 03:48:36.947414+00
NM,diesel,2026-07-26,5.103,aaa_daily,AAA Gas Prices (data © Oil Price Information Service / AAA),"AAA daily state average, surveyed by OPIS/WEX — a state-wide average, still not the price at any individual pump",2026-07-26 12:23:56.711299+00
NM,diesel,2026-07-28,5.095,aaa_daily,AAA Gas Prices (data © Oil Price Information Service / AAA),"AAA daily state average, surveyed by OPIS/WEX — a state-wide average, still not the price at any individual pump",2026-07-28 04:22:02.481431+00
NM,diesel,2026-08-13,5.233,aaa_daily,AAA Gas Prices (data © Oil Price Information Service / AAA),"AAA daily state average, surveyed by OPIS/WEX — a state-wide average, still not the price at any individual pump",2026-08-13 00:50:03.363793+00
NM,diesel,2026-08-05,5.198,aaa_daily,AAA Gas Prices (data © Oil Price Information Service / AAA),"AAA daily state average, surveyed by OPIS/WEX — a state-wide average, still not the price at any individual pump",2026-08-05 04:30:49.690791+00
NM,diesel,2026-08-10,5.101,aaa_daily,AAA Gas Prices (data © Oil Price Information Service / AAA),"AAA daily state average, surveyed by OPIS/WEX — a state-wide average, still not the price at any individual pump",2026-08-10 03:38:18.245012+00
NM,diesel,2026-08-06,5.18,aaa_daily,AAA Gas Prices (data © Oil Price Information Service / AAA),"AAA daily state average, surveyed by OPIS/WEX — a state-wide average, still not the price at any individual pump",2026-08-06 03:42:29.881766+00
NV,diesel,2026-08-12,5.689,aaa_daily,AAA Gas Prices (data © Oil Price Information Service / AAA),"AAA daily state average, surveyed by OPIS/WEX — a state-wide average, still not the price at any individual pump",2026-08-12 03:55:43.892073+00
NV,diesel,2026-08-03,5.711,aaa_daily,AAA Gas Prices (data © Oil Price Information Service / AAA),"AAA daily state average, surveyed by OPIS/WEX — a state-wide average, still not the price at any individual pump",2026-08-03 04:10:38.869331+00
NV,diesel,2026-08-07,5.695,aaa_daily,AAA Gas Prices (data © Oil Price Information Service / AAA),"AAA daily state average, surveyed by OPIS/WEX — a state-wide average, still not the price at any individual pump",2026-08-07 01:05:00.33444+00
NV,diesel,2026-08-19,5.742,aaa_daily,AAA Gas Prices (data © Oil Price Information Service / AAA),"AAA daily state average, surveyed by OPIS/WEX — a state-wide average, still not the price at any individual pump",2026-08-19 03:48:36.947414+00
NV,diesel,2026-08-09,5.685,aaa_daily,AAA Gas Prices (data © Oil Price Information Service / AAA),"AAA daily state average, surveyed by OPIS/WEX — a state-wide average, still not the price at any individual pump",2026-08-09 01:01:19.655887+00
NV,diesel,2026-07-28,5.66,aaa_daily,AAA Gas Prices (data © Oil Price Information Service / AAA),"AAA daily state average, surveyed by OPIS/WEX — a state-wide average, still not the price at any individual pump",2026-07-28 04:22:02.481431+00
NV,diesel,2026-08-06,5.703,aaa_daily,AAA Gas Prices (data © Oil Price Information Service / AAA),"AAA daily state average, surveyed by OPIS/WEX — a state-wide average, still not the price at any individual pump",2026-08-06 03:42:29.881766+00
NV,diesel,2026-08-10,5.683,aaa_daily,AAA Gas Prices (data © Oil Price Information Service / AAA),"AAA daily state average, surveyed by OPIS/WEX — a state-wide average, still not the price at any individual pump",2026-08-10 03:38:18.245012+00
NV,diesel,2026-08-17,5.736,aaa_daily,AAA Gas Prices (data © Oil Price Information Service / AAA),"AAA daily state average, surveyed by OPIS/WEX — a state-wide average, still not the price at any individual pump",2026-08-17 03:34:51.704092+00
NV,diesel,2026-08-05,5.714,aaa_daily,AAA Gas Prices (data © Oil Price Information Service / AAA),"AAA daily state average, surveyed by OPIS/WEX — a state-wide average, still not the price at any individual pump",2026-08-05 04:30:49.690791+00
NV,diesel,2026-08-11,5.668,aaa_daily,AAA Gas Prices (data © Oil Price Information Service / AAA),"AAA daily state average, surveyed by OPIS/WEX — a state-wide average, still not the price at any individual pump",2026-08-11 03:48:17.844757+00
NV,diesel,2026-07-24,5.595,aaa_daily,AAA Gas Prices (data © Oil Price Information Service / AAA),"AAA daily state average, surveyed by OPIS/WEX — a state-wide average, still not the price at any individual pump",2026-07-24 12:36:52.10235+00
NV,diesel,2026-08-04,5.714,aaa_daily,AAA Gas Prices (data © Oil Price Information Service / AAA),"AAA daily state average, surveyed by OPIS/WEX — a state-wide average, still not the price at any individual pump",2026-08-04 07:54:47.958234+00
NV,diesel,2026-08-14,5.719,aaa_daily,AAA Gas Prices (data © Oil Price Information Service / AAA),"AAA daily state average, surveyed by OPIS/WEX — a state-wide average, still not the price at any individual pump",2026-08-14 03:25:35.257151+00
NV,diesel,2026-08-08,5.686,aaa_daily,AAA Gas Prices (data © Oil Price Information Service / AAA),"AAA daily state average, surveyed by OPIS/WEX — a state-wide average, still not the price at any individual pump",2026-08-08 02:08:56.048448+00
NV,diesel,2026-07-26,5.656,aaa_daily,AAA Gas Prices (data © Oil Price Information Service / AAA),"AAA daily state average, surveyed by OPIS/WEX — a state-wide average, still not the price at any individual pump",2026-07-26 12:23:56.711299+00
NV,diesel,2026-08-13,5.707,aaa_daily,AAA Gas Prices (data © Oil Price Information Service / AAA),"AAA daily state average, surveyed by OPIS/WEX — a state-wide average, still not the price at any individual pump",2026-08-13 00:50:03.363793+00
NY,diesel,2026-08-10,5.599,aaa_daily,AAA Gas Prices (data © Oil Price Information Service / AAA),"AAA daily state average, surveyed by OPIS/WEX — a state-wide average, still not the price at any individual pump",2026-08-10 03:38:18.245012+00
NY,diesel,2026-08-17,5.614,aaa_daily,AAA Gas Prices (data © Oil Price Information Service / AAA),"AAA daily state average, surveyed by OPIS/WEX — a state-wide average, still not the price at any individual pump",2026-08-17 03:34:51.704092+00
NY,diesel,2026-08-11,5.595,aaa_daily,AAA Gas Prices (data © Oil Price Information Service / AAA),"AAA daily state average, surveyed by OPIS/WEX — a state-wide average, still not the price at any individual pump",2026-08-11 03:48:17.844757+00
NY,diesel,2026-08-06,5.622,aaa_daily,AAA Gas Prices (data © Oil Price Information Service / AAA),"AAA daily state average, surveyed by OPIS/WEX — a state-wide average, still not the price at any individual pump",2026-08-06 03:42:29.881766+00
NY,diesel,2026-07-24,5.542,aaa_daily,AAA Gas Prices (data © Oil Price Information Service / AAA),"AAA daily state average, surveyed by OPIS/WEX — a state-wide average, still not the price at any individual pump",2026-07-24 12:36:52.10235+00
NY,diesel,2026-08-04,5.628,aaa_daily,AAA Gas Prices (data © Oil Price Information Service / AAA),"AAA daily state average, surveyed by OPIS/WEX — a state-wide average, still not the price at any individual pump",2026-08-04 07:54:47.958234+00
NY,diesel,2026-07-28,5.585,aaa_daily,AAA Gas Prices (data © Oil Price Information Service / AAA),"AAA daily state average, surveyed by OPIS/WEX — a state-wide average, still not the price at any individual pump",2026-07-28 04:22:02.481431+00
NY,diesel,2026-08-12,5.595,aaa_daily,AAA Gas Prices (data © Oil Price Information Service / AAA),"AAA daily state average, surveyed by OPIS/WEX — a state-wide average, still not the price at any individual pump",2026-08-12 03:55:43.892073+00
NY,diesel,2026-08-08,5.609,aaa_daily,AAA Gas Prices (data © Oil Price Information Service / AAA),"AAA daily state average, surveyed by OPIS/WEX — a state-wide average, still not the price at any individual pump",2026-08-08 02:08:56.048448+00
NY,diesel,2026-08-14,5.604,aaa_daily,AAA Gas Prices (data © Oil Price Information Service / AAA),"AAA daily state average, surveyed by OPIS/WEX — a state-wide average, still not the price at any individual pump",2026-08-14 03:25:35.257151+00
NY,diesel,2026-08-09,5.601,aaa_daily,AAA Gas Prices (data © Oil Price Information Service / AAA),"AAA daily state average, surveyed by OPIS/WEX — a state-wide average, still not the price at any individual pump",2026-08-09 01:01:19.655887+00
NY,diesel,2026-08-07,5.618,aaa_daily,AAA Gas Prices (data © Oil Price Information Service / AAA),"AAA daily state average, surveyed by OPIS/WEX — a state-wide average, still not the price at any individual pump",2026-08-07 01:05:00.33444+00
NY,diesel,2026-07-26,5.58,aaa_daily,AAA Gas Prices (data © Oil Price Information Service / AAA),"AAA daily state average, surveyed by OPIS/WEX — a state-wide average, still not the price at any individual pump",2026-07-26 12:23:56.711299+00
NY,diesel,2026-08-19,5.623,aaa_daily,AAA Gas Prices (data © Oil Price Information Service / AAA),"AAA daily state average, surveyed by OPIS/WEX — a state-wide average, still not the price at any individual pump",2026-08-19 03:48:36.947414+00
NY,diesel,2026-08-03,5.63,aaa_daily,AAA Gas Prices (data © Oil Price Information Service / AAA),"AAA daily state average, surveyed by OPIS/WEX — a state-wide average, still not the price at any individual pump",2026-08-03 04:10:38.869331+00
NY,diesel,2026-08-13,5.599,aaa_daily,AAA Gas Prices (data © Oil Price Information Service / AAA),"AAA daily state average, surveyed by OPIS/WEX — a state-wide average, still not the price at any individual pump",2026-08-13 00:50:03.363793+00
NY,diesel,2026-08-05,5.628,aaa_daily,AAA Gas Prices (data © Oil Price Information Service / AAA),"AAA daily state average, surveyed by OPIS/WEX — a state-wide average, still not the price at any individual pump",2026-08-05 04:30:49.690791+00
OH,diesel,2026-08-08,5.244,aaa_daily,AAA Gas Prices (data © Oil Price Information Service / AAA),"AAA daily state average, surveyed by OPIS/WEX — a state-wide average, still not the price at any individual pump",2026-08-08 02:08:56.048448+00
OH,diesel,2026-07-28,5.007,aaa_daily,AAA Gas Prices (data © Oil Price Information Service / AAA),"AAA daily state average, surveyed by OPIS/WEX — a state-wide average, still not the price at any individual pump",2026-07-28 04:22:02.481431+00
OH,diesel,2026-07-24,4.993,aaa_daily,AAA Gas Prices (data © Oil Price Information Service / AAA),"AAA daily state average, surveyed by OPIS/WEX — a state-wide average, still not the price at any individual pump",2026-07-24 12:36:52.10235+00
OH,diesel,2026-08-06,5.264,aaa_daily,AAA Gas Prices (data © Oil Price Information Service / AAA),"AAA daily state average, surveyed by OPIS/WEX — a state-wide average, still not the price at any individual pump",2026-08-06 03:42:29.881766+00
OH,diesel,2026-08-07,5.257,aaa_daily,AAA Gas Prices (data © Oil Price Information Service / AAA),"AAA daily state average, surveyed by OPIS/WEX — a state-wide average, still not the price at any individual pump",2026-08-07 01:05:00.33444+00
OH,diesel,2026-08-09,5.232,aaa_daily,AAA Gas Prices (data © Oil Price Information Service / AAA),"AAA daily state average, surveyed by OPIS/WEX — a state-wide average, still not the price at any individual pump",2026-08-09 01:01:19.655887+00
OH,diesel,2026-08-12,5.236,aaa_daily,AAA Gas Prices (data © Oil Price Information Service / AAA),"AAA daily state average, surveyed by OPIS/WEX — a state-wide average, still not the price at any individual pump",2026-08-12 03:55:43.892073+00
OH,diesel,2026-08-19,5.418,aaa_daily,AAA Gas Prices (data © Oil Price Information Service / AAA),"AAA daily state average, surveyed by OPIS/WEX — a state-wide average, still not the price at any individual pump",2026-08-19 03:48:36.947414+00
OH,diesel,2026-08-05,5.273,aaa_daily,AAA Gas Prices (data © Oil Price Information Service / AAA),"AAA daily state average, surveyed by OPIS/WEX — a state-wide average, still not the price at any individual pump",2026-08-05 04:30:49.690791+00
OH,diesel,2026-07-26,5.009,aaa_daily,AAA Gas Prices (data © Oil Price Information Service / AAA),"AAA daily state average, surveyed by OPIS/WEX — a state-wide average, still not the price at any individual pump",2026-07-26 12:23:56.711299+00
OH,diesel,2026-08-14,5.397,aaa_daily,AAA Gas Prices (data © Oil Price Information Service / AAA),"AAA daily state average, surveyed by OPIS/WEX — a state-wide average, still not the price at any individual pump",2026-08-14 03:25:35.257151+00
OH,diesel,2026-08-04,5.273,aaa_daily,AAA Gas Prices (data © Oil Price Information Service / AAA),"AAA daily state average, surveyed by OPIS/WEX — a state-wide average, still not the price at any individual pump",2026-08-04 07:54:47.958234+00
OH,diesel,2026-08-11,5.219,aaa_daily,AAA Gas Prices (data © Oil Price Information Service / AAA),"AAA daily state average, surveyed by OPIS/WEX — a state-wide average, still not the price at any individual pump",2026-08-11 03:48:17.844757+00
OH,diesel,2026-08-13,5.328,aaa_daily,AAA Gas Prices (data © Oil Price Information Service / AAA),"AAA daily state average, surveyed by OPIS/WEX — a state-wide average, still not the price at any individual pump",2026-08-13 00:50:03.363793+00
OH,diesel,2026-08-17,5.428,aaa_daily,AAA Gas Prices (data © Oil Price Information Service / AAA),"AAA daily state average, surveyed by OPIS/WEX — a state-wide average, still not the price at any individual pump",2026-08-17 03:34:51.704092+00
OH,diesel,2026-08-03,5.271,aaa_daily,AAA Gas Prices (data © Oil Price Information Service / AAA),"AAA daily state average, surveyed by OPIS/WEX — a state-wide average, still not the price at any individual pump",2026-08-03 04:10:38.869331+00
OH,diesel,2026-08-10,5.226,aaa_daily,AAA Gas Prices (data © Oil Price Information Service / AAA),"AAA daily state average, surveyed by OPIS/WEX — a state-wide average, still not the price at any individual pump",2026-08-10 03:38:18.245012+00
OK,diesel,2026-08-03,4.786,aaa_daily,AAA Gas Prices (data © Oil Price Information Service / AAA),"AAA daily state average, surveyed by OPIS/WEX — a state-wide average, still not the price at any individual pump",2026-08-03 04:10:38.869331+00
OK,diesel,2026-08-14,4.901,aaa_daily,AAA Gas Prices (data © Oil Price Information Service / AAA),"AAA daily state average, surveyed by OPIS/WEX — a state-wide average, still not the price at any individual pump",2026-08-14 03:25:35.257151+00
OK,diesel,2026-07-26,4.74,aaa_daily,AAA Gas Prices (data © Oil Price Information Service / AAA),"AAA daily state average, surveyed by OPIS/WEX — a state-wide average, still not the price at any individual pump",2026-07-26 12:23:56.711299+00
OK,diesel,2026-08-10,4.73,aaa_daily,AAA Gas Prices (data © Oil Price Information Service / AAA),"AAA daily state average, surveyed by OPIS/WEX — a state-wide average, still not the price at any individual pump",2026-08-10 03:38:18.245012+00
OK,diesel,2026-08-17,4.97,aaa_daily,AAA Gas Prices (data © Oil Price Information Service / AAA),"AAA daily state average, surveyed by OPIS/WEX — a state-wide average, still not the price at any individual pump",2026-08-17 03:34:51.704092+00
OK,diesel,2026-07-24,4.666,aaa_daily,AAA Gas Prices (data © Oil Price Information Service / AAA),"AAA daily state average, surveyed by OPIS/WEX — a state-wide average, still not the price at any individual pump",2026-07-24 12:36:52.10235+00
OK,diesel,2026-08-04,4.786,aaa_daily,AAA Gas Prices (data © Oil Price Information Service / AAA),"AAA daily state average, surveyed by OPIS/WEX — a state-wide average, still not the price at any individual pump",2026-08-04 07:54:47.958234+00
OK,diesel,2026-07-28,4.74,aaa_daily,AAA Gas Prices (data © Oil Price Information Service / AAA),"AAA daily state average, surveyed by OPIS/WEX — a state-wide average, still not the price at any individual pump",2026-07-28 04:22:02.481431+00
OK,diesel,2026-08-06,4.772,aaa_daily,AAA Gas Prices (data © Oil Price Information Service / AAA),"AAA daily state average, surveyed by OPIS/WEX — a state-wide average, still not the price at any individual pump",2026-08-06 03:42:29.881766+00
OK,diesel,2026-08-05,4.786,aaa_daily,AAA Gas Prices (data © Oil Price Information Service / AAA),"AAA daily state average, surveyed by OPIS/WEX — a state-wide average, still not the price at any individual pump",2026-08-05 04:30:49.690791+00
OK,diesel,2026-08-19,5.003,aaa_daily,AAA Gas Prices (data © Oil Price Information Service / AAA),"AAA daily state average, surveyed by OPIS/WEX — a state-wide average, still not the price at any individual pump",2026-08-19 03:48:36.947414+00
OK,diesel,2026-08-09,4.736,aaa_daily,AAA Gas Prices (data © Oil Price Information Service / AAA),"AAA daily state average, surveyed by OPIS/WEX — a state-wide average, still not the price at any individual pump",2026-08-09 01:01:19.655887+00
OK,diesel,2026-08-12,4.754,aaa_daily,AAA Gas Prices (data © Oil Price Information Service / AAA),"AAA daily state average, surveyed by OPIS/WEX — a state-wide average, still not the price at any individual pump",2026-08-12 03:55:43.892073+00
OK,diesel,2026-08-11,4.728,aaa_daily,AAA Gas Prices (data © Oil Price Information Service / AAA),"AAA daily state average, surveyed by OPIS/WEX — a state-wide average, still not the price at any individual pump",2026-08-11 03:48:17.844757+00
OK,diesel,2026-08-08,4.747,aaa_daily,AAA Gas Prices (data © Oil Price Information Service / AAA),"AAA daily state average, surveyed by OPIS/WEX — a state-wide average, still not the price at any individual pump",2026-08-08 02:08:56.048448+00
OK,diesel,2026-08-13,4.829,aaa_daily,AAA Gas Prices (data © Oil Price Information Service / AAA),"AAA daily state average, surveyed by OPIS/WEX — a state-wide average, still not the price at any individual pump",2026-08-13 00:50:03.363793+00
OK,diesel,2026-08-07,4.758,aaa_daily,AAA Gas Prices (data © Oil Price Information Service / AAA),"AAA daily state average, surveyed by OPIS/WEX — a state-wide average, still not the price at any individual pump",2026-08-07 01:05:00.33444+00
OR,diesel,2026-08-03,5.523,aaa_daily,AAA Gas Prices (data © Oil Price Information Service / AAA),"AAA daily state average, surveyed by OPIS/WEX — a state-wide average, still not the price at any individual pump",2026-08-03 04:10:38.869331+00
OR,diesel,2026-08-17,5.55,aaa_daily,AAA Gas Prices (data © Oil Price Information Service / AAA),"AAA daily state average, surveyed by OPIS/WEX — a state-wide average, still not the price at any individual pump",2026-08-17 03:34:51.704092+00
OR,diesel,2026-08-06,5.515,aaa_daily,AAA Gas Prices (data © Oil Price Information Service / AAA),"AAA daily state average, surveyed by OPIS/WEX — a state-wide average, still not the price at any individual pump",2026-08-06 03:42:29.881766+00
OR,diesel,2026-07-28,5.464,aaa_daily,AAA Gas Prices (data © Oil Price Information Service / AAA),"AAA daily state average, surveyed by OPIS/WEX — a state-wide average, still not the price at any individual pump",2026-07-28 04:22:02.481431+00
OR,diesel,2026-08-14,5.526,aaa_daily,AAA Gas Prices (data © Oil Price Information Service / AAA),"AAA daily state average, surveyed by OPIS/WEX — a state-wide average, still not the price at any individual pump",2026-08-14 03:25:35.257151+00
OR,diesel,2026-07-24,5.441,aaa_daily,AAA Gas Prices (data © Oil Price Information Service / AAA),"AAA daily state average, surveyed by OPIS/WEX — a state-wide average, still not the price at any individual pump",2026-07-24 12:36:52.10235+00
OR,diesel,2026-08-08,5.506,aaa_daily,AAA Gas Prices (data © Oil Price Information Service / AAA),"AAA daily state average, surveyed by OPIS/WEX — a state-wide average, still not the price at any individual pump",2026-08-08 02:08:56.048448+00
OR,diesel,2026-08-19,5.559,aaa_daily,AAA Gas Prices (data © Oil Price Information Service / AAA),"AAA daily state average, surveyed by OPIS/WEX — a state-wide average, still not the price at any individual pump",2026-08-19 03:48:36.947414+00
OR,diesel,2026-08-09,5.502,aaa_daily,AAA Gas Prices (data © Oil Price Information Service / AAA),"AAA daily state average, surveyed by OPIS/WEX — a state-wide average, still not the price at any individual pump",2026-08-09 01:01:19.655887+00
OR,diesel,2026-08-11,5.495,aaa_daily,AAA Gas Prices (data © Oil Price Information Service / AAA),"AAA daily state average, surveyed by OPIS/WEX — a state-wide average, still not the price at any individual pump",2026-08-11 03:48:17.844757+00
OR,diesel,2026-08-07,5.513,aaa_daily,AAA Gas Prices (data © Oil Price Information Service / AAA),"AAA daily state average, surveyed by OPIS/WEX — a state-wide average, still not the price at any individual pump",2026-08-07 01:05:00.33444+00
OR,diesel,2026-08-12,5.499,aaa_daily,AAA Gas Prices (data © Oil Price Information Service / AAA),"AAA daily state average, surveyed by OPIS/WEX — a state-wide average, still not the price at any individual pump",2026-08-12 03:55:43.892073+00
OR,diesel,2026-08-13,5.511,aaa_daily,AAA Gas Prices (data © Oil Price Information Service / AAA),"AAA daily state average, surveyed by OPIS/WEX — a state-wide average, still not the price at any individual pump",2026-08-13 00:50:03.363793+00
OR,diesel,2026-08-10,5.496,aaa_daily,AAA Gas Prices (data © Oil Price Information Service / AAA),"AAA daily state average, surveyed by OPIS/WEX — a state-wide average, still not the price at any individual pump",2026-08-10 03:38:18.245012+00
OR,diesel,2026-07-26,5.471,aaa_daily,AAA Gas Prices (data © Oil Price Information Service / AAA),"AAA daily state average, surveyed by OPIS/WEX — a state-wide average, still not the price at any individual pump",2026-07-26 12:23:56.711299+00
OR,diesel,2026-08-04,5.515,aaa_daily,AAA Gas Prices (data © Oil Price Information Service / AAA),"AAA daily state average, surveyed by OPIS/WEX — a state-wide average, still not the price at any individual pump",2026-08-04 07:54:47.958234+00
OR,diesel,2026-08-05,5.515,aaa_daily,AAA Gas Prices (data © Oil Price Information Service / AAA),"AAA daily state average, surveyed by OPIS/WEX — a state-wide average, still not the price at any individual pump",2026-08-05 04:30:49.690791+00
PA,diesel,2026-08-10,5.551,aaa_daily,AAA Gas Prices (data © Oil Price Information Service / AAA),"AAA daily state average, surveyed by OPIS/WEX — a state-wide average, still not the price at any individual pump",2026-08-10 03:38:18.245012+00
PA,diesel,2026-08-05,5.591,aaa_daily,AAA Gas Prices (data © Oil Price Information Service / AAA),"AAA daily state average, surveyed by OPIS/WEX — a state-wide average, still not the price at any individual pump",2026-08-05 04:30:49.690791+00
PA,diesel,2026-08-03,5.586,aaa_daily,AAA Gas Prices (data © Oil Price Information Service / AAA),"AAA daily state average, surveyed by OPIS/WEX — a state-wide average, still not the price at any individual pump",2026-08-03 04:10:38.869331+00
PA,diesel,2026-08-06,5.582,aaa_daily,AAA Gas Prices (data © Oil Price Information Service / AAA),"AAA daily state average, surveyed by OPIS/WEX — a state-wide average, still not the price at any individual pump",2026-08-06 03:42:29.881766+00
PA,diesel,2026-07-26,5.576,aaa_daily,AAA Gas Prices (data © Oil Price Information Service / AAA),"AAA daily state average, surveyed by OPIS/WEX — a state-wide average, still not the price at any individual pump",2026-07-26 12:23:56.711299+00
PA,diesel,2026-08-12,5.588,aaa_daily,AAA Gas Prices (data © Oil Price Information Service / AAA),"AAA daily state average, surveyed by OPIS/WEX — a state-wide average, still not the price at any individual pump",2026-08-12 03:55:43.892073+00
PA,diesel,2026-07-24,5.562,aaa_daily,AAA Gas Prices (data © Oil Price Information Service / AAA),"AAA daily state average, surveyed by OPIS/WEX — a state-wide average, still not the price at any individual pump",2026-07-24 12:36:52.10235+00
PA,diesel,2026-08-08,5.562,aaa_daily,AAA Gas Prices (data © Oil Price Information Service / AAA),"AAA daily state average, surveyed by OPIS/WEX — a state-wide average, still not the price at any individual pump",2026-08-08 02:08:56.048448+00
PA,diesel,2026-08-13,5.654,aaa_daily,AAA Gas Prices (data © Oil Price Information Service / AAA),"AAA daily state average, surveyed by OPIS/WEX — a state-wide average, still not the price at any individual pump",2026-08-13 00:50:03.363793+00
PA,diesel,2026-08-19,5.719,aaa_daily,AAA Gas Prices (data © Oil Price Information Service / AAA),"AAA daily state average, surveyed by OPIS/WEX — a state-wide average, still not the price at any individual pump",2026-08-19 03:48:36.947414+00
PA,diesel,2026-08-04,5.591,aaa_daily,AAA Gas Prices (data © Oil Price Information Service / AAA),"AAA daily state average, surveyed by OPIS/WEX — a state-wide average, still not the price at any individual pump",2026-08-04 07:54:47.958234+00
PA,diesel,2026-08-14,5.682,aaa_daily,AAA Gas Prices (data © Oil Price Information Service / AAA),"AAA daily state average, surveyed by OPIS/WEX — a state-wide average, still not the price at any individual pump",2026-08-14 03:25:35.257151+00
PA,diesel,2026-08-17,5.708,aaa_daily,AAA Gas Prices (data © Oil Price Information Service / AAA),"AAA daily state average, surveyed by OPIS/WEX — a state-wide average, still not the price at any individual pump",2026-08-17 03:34:51.704092+00
PA,diesel,2026-07-28,5.576,aaa_daily,AAA Gas Prices (data © Oil Price Information Service / AAA),"AAA daily state average, surveyed by OPIS/WEX — a state-wide average, still not the price at any individual pump",2026-07-28 04:22:02.481431+00
PA,diesel,2026-08-09,5.555,aaa_daily,AAA Gas Prices (data © Oil Price Information Service / AAA),"AAA daily state average, surveyed by OPIS/WEX — a state-wide average, still not the price at any individual pump",2026-08-09 01:01:19.655887+00
PA,diesel,2026-08-11,5.543,aaa_daily,AAA Gas Prices (data © Oil Price Information Service / AAA),"AAA daily state average, surveyed by OPIS/WEX — a state-wide average, still not the price at any individual pump",2026-08-11 03:48:17.844757+00
PA,diesel,2026-08-07,5.57,aaa_daily,AAA Gas Prices (data © Oil Price Information Service / AAA),"AAA daily state average, surveyed by OPIS/WEX — a state-wide average, still not the price at any individual pump",2026-08-07 01:05:00.33444+00
RI,diesel,2026-08-07,5.346,aaa_daily,AAA Gas Prices (data © Oil Price Information Service / AAA),"AAA daily state average, surveyed by OPIS/WEX — a state-wide average, still not the price at any individual pump",2026-08-07 01:05:00.33444+00
RI,diesel,2026-08-11,5.331,aaa_daily,AAA Gas Prices (data © Oil Price Information Service / AAA),"AAA daily state average, surveyed by OPIS/WEX — a state-wide average, still not the price at any individual pump",2026-08-11 03:48:17.844757+00
RI,diesel,2026-08-08,5.34,aaa_daily,AAA Gas Prices (data © Oil Price Information Service / AAA),"AAA daily state average, surveyed by OPIS/WEX — a state-wide average, still not the price at any individual pump",2026-08-08 02:08:56.048448+00
RI,diesel,2026-08-10,5.34,aaa_daily,AAA Gas Prices (data © Oil Price Information Service / AAA),"AAA daily state average, surveyed by OPIS/WEX — a state-wide average, still not the price at any individual pump",2026-08-10 03:38:18.245012+00
RI,diesel,2026-08-03,5.404,aaa_daily,AAA Gas Prices (data © Oil Price Information Service / AAA),"AAA daily state average, surveyed by OPIS/WEX — a state-wide average, still not the price at any individual pump",2026-08-03 04:10:38.869331+00
RI,diesel,2026-08-04,5.401,aaa_daily,AAA Gas Prices (data © Oil Price Information Service / AAA),"AAA daily state average, surveyed by OPIS/WEX — a state-wide average, still not the price at any individual pump",2026-08-04 07:54:47.958234+00
RI,diesel,2026-08-13,5.359,aaa_daily,AAA Gas Prices (data © Oil Price Information Service / AAA),"AAA daily state average, surveyed by OPIS/WEX — a state-wide average, still not the price at any individual pump",2026-08-13 00:50:03.363793+00
RI,diesel,2026-08-06,5.375,aaa_daily,AAA Gas Prices (data © Oil Price Information Service / AAA),"AAA daily state average, surveyed by OPIS/WEX — a state-wide average, still not the price at any individual pump",2026-08-06 03:42:29.881766+00
RI,diesel,2026-08-09,5.335,aaa_daily,AAA Gas Prices (data © Oil Price Information Service / AAA),"AAA daily state average, surveyed by OPIS/WEX — a state-wide average, still not the price at any individual pump",2026-08-09 01:01:19.655887+00
RI,diesel,2026-08-12,5.326,aaa_daily,AAA Gas Prices (data © Oil Price Information Service / AAA),"AAA daily state average, surveyed by OPIS/WEX — a state-wide average, still not the price at any individual pump",2026-08-12 03:55:43.892073+00
RI,diesel,2026-07-24,5.289,aaa_daily,AAA Gas Prices (data © Oil Price Information Service / AAA),"AAA daily state average, surveyed by OPIS/WEX — a state-wide average, still not the price at any individual pump",2026-07-24 12:36:52.10235+00
RI,diesel,2026-08-14,5.385,aaa_daily,AAA Gas Prices (data © Oil Price Information Service / AAA),"AAA daily state average, surveyed by OPIS/WEX — a state-wide average, still not the price at any individual pump",2026-08-14 03:25:35.257151+00
RI,diesel,2026-08-05,5.401,aaa_daily,AAA Gas Prices (data © Oil Price Information Service / AAA),"AAA daily state average, surveyed by OPIS/WEX — a state-wide average, still not the price at any individual pump",2026-08-05 04:30:49.690791+00
RI,diesel,2026-07-26,5.355,aaa_daily,AAA Gas Prices (data © Oil Price Information Service / AAA),"AAA daily state average, surveyed by OPIS/WEX — a state-wide average, still not the price at any individual pump",2026-07-26 12:23:56.711299+00
RI,diesel,2026-08-19,5.429,aaa_daily,AAA Gas Prices (data © Oil Price Information Service / AAA),"AAA daily state average, surveyed by OPIS/WEX — a state-wide average, still not the price at any individual pump",2026-08-19 03:48:36.947414+00
RI,diesel,2026-08-17,5.416,aaa_daily,AAA Gas Prices (data © Oil Price Information Service / AAA),"AAA daily state average, surveyed by OPIS/WEX — a state-wide average, still not the price at any individual pump",2026-08-17 03:34:51.704092+00
RI,diesel,2026-07-28,5.361,aaa_daily,AAA Gas Prices (data © Oil Price Information Service / AAA),"AAA daily state average, surveyed by OPIS/WEX — a state-wide average, still not the price at any individual pump",2026-07-28 04:22:02.481431+00
SC,diesel,2026-08-05,5.207,aaa_daily,AAA Gas Prices (data © Oil Price Information Service / AAA),"AAA daily state average, surveyed by OPIS/WEX — a state-wide average, still not the price at any individual pump",2026-08-05 04:30:49.690791+00
SC,diesel,2026-08-14,5.246,aaa_daily,AAA Gas Prices (data © Oil Price Information Service / AAA),"AAA daily state average, surveyed by OPIS/WEX — a state-wide average, still not the price at any individual pump",2026-08-14 03:25:35.257151+00
SC,diesel,2026-07-24,5.158,aaa_daily,AAA Gas Prices (data © Oil Price Information Service / AAA),"AAA daily state average, surveyed by OPIS/WEX — a state-wide average, still not the price at any individual pump",2026-07-24 12:36:52.10235+00
SC,diesel,2026-08-07,5.161,aaa_daily,AAA Gas Prices (data © Oil Price Information Service / AAA),"AAA daily state average, surveyed by OPIS/WEX — a state-wide average, still not the price at any individual pump",2026-08-07 01:05:00.33444+00
SC,diesel,2026-08-12,5.086,aaa_daily,AAA Gas Prices (data © Oil Price Information Service / AAA),"AAA daily state average, surveyed by OPIS/WEX — a state-wide average, still not the price at any individual pump",2026-08-12 03:55:43.892073+00
SC,diesel,2026-08-09,5.101,aaa_daily,AAA Gas Prices (data © Oil Price Information Service / AAA),"AAA daily state average, surveyed by OPIS/WEX — a state-wide average, still not the price at any individual pump",2026-08-09 01:01:19.655887+00
SC,diesel,2026-08-13,5.158,aaa_daily,AAA Gas Prices (data © Oil Price Information Service / AAA),"AAA daily state average, surveyed by OPIS/WEX — a state-wide average, still not the price at any individual pump",2026-08-13 00:50:03.363793+00
SC,diesel,2026-08-19,5.259,aaa_daily,AAA Gas Prices (data © Oil Price Information Service / AAA),"AAA daily state average, surveyed by OPIS/WEX — a state-wide average, still not the price at any individual pump",2026-08-19 03:48:36.947414+00
SC,diesel,2026-08-06,5.187,aaa_daily,AAA Gas Prices (data © Oil Price Information Service / AAA),"AAA daily state average, surveyed by OPIS/WEX — a state-wide average, still not the price at any individual pump",2026-08-06 03:42:29.881766+00
SC,diesel,2026-08-08,5.13,aaa_daily,AAA Gas Prices (data © Oil Price Information Service / AAA),"AAA daily state average, surveyed by OPIS/WEX — a state-wide average, still not the price at any individual pump",2026-08-08 02:08:56.048448+00
SC,diesel,2026-08-04,5.207,aaa_daily,AAA Gas Prices (data © Oil Price Information Service / AAA),"AAA daily state average, surveyed by OPIS/WEX — a state-wide average, still not the price at any individual pump",2026-08-04 07:54:47.958234+00
SC,diesel,2026-08-10,5.087,aaa_daily,AAA Gas Prices (data © Oil Price Information Service / AAA),"AAA daily state average, surveyed by OPIS/WEX — a state-wide average, still not the price at any individual pump",2026-08-10 03:38:18.245012+00
SC,diesel,2026-08-11,5.059,aaa_daily,AAA Gas Prices (data © Oil Price Information Service / AAA),"AAA daily state average, surveyed by OPIS/WEX — a state-wide average, still not the price at any individual pump",2026-08-11 03:48:17.844757+00
SC,diesel,2026-08-17,5.247,aaa_daily,AAA Gas Prices (data © Oil Price Information Service / AAA),"AAA daily state average, surveyed by OPIS/WEX — a state-wide average, still not the price at any individual pump",2026-08-17 03:34:51.704092+00
SC,diesel,2026-07-28,5.182,aaa_daily,AAA Gas Prices (data © Oil Price Information Service / AAA),"AAA daily state average, surveyed by OPIS/WEX — a state-wide average, still not the price at any individual pump",2026-07-28 04:22:02.481431+00
SC,diesel,2026-08-03,5.209,aaa_daily,AAA Gas Prices (data © Oil Price Information Service / AAA),"AAA daily state average, surveyed by OPIS/WEX — a state-wide average, still not the price at any individual pump",2026-08-03 04:10:38.869331+00
SC,diesel,2026-07-26,5.184,aaa_daily,AAA Gas Prices (data © Oil Price Information Service / AAA),"AAA daily state average, surveyed by OPIS/WEX — a state-wide average, still not the price at any individual pump",2026-07-26 12:23:56.711299+00
SD,diesel,2026-08-08,4.922,aaa_daily,AAA Gas Prices (data © Oil Price Information Service / AAA),"AAA daily state average, surveyed by OPIS/WEX — a state-wide average, still not the price at any individual pump",2026-08-08 02:08:56.048448+00
SD,diesel,2026-08-17,5.128,aaa_daily,AAA Gas Prices (data © Oil Price Information Service / AAA),"AAA daily state average, surveyed by OPIS/WEX — a state-wide average, still not the price at any individual pump",2026-08-17 03:34:51.704092+00
SD,diesel,2026-08-14,5.017,aaa_daily,AAA Gas Prices (data © Oil Price Information Service / AAA),"AAA daily state average, surveyed by OPIS/WEX — a state-wide average, still not the price at any individual pump",2026-08-14 03:25:35.257151+00
SD,diesel,2026-07-24,4.842,aaa_daily,AAA Gas Prices (data © Oil Price Information Service / AAA),"AAA daily state average, surveyed by OPIS/WEX — a state-wide average, still not the price at any individual pump",2026-07-24 12:36:52.10235+00
SD,diesel,2026-07-28,4.91,aaa_daily,AAA Gas Prices (data © Oil Price Information Service / AAA),"AAA daily state average, surveyed by OPIS/WEX — a state-wide average, still not the price at any individual pump",2026-07-28 04:22:02.481431+00
SD,diesel,2026-08-19,5.152,aaa_daily,AAA Gas Prices (data © Oil Price Information Service / AAA),"AAA daily state average, surveyed by OPIS/WEX — a state-wide average, still not the price at any individual pump",2026-08-19 03:48:36.947414+00
SD,diesel,2026-08-04,4.941,aaa_daily,AAA Gas Prices (data © Oil Price Information Service / AAA),"AAA daily state average, surveyed by OPIS/WEX — a state-wide average, still not the price at any individual pump",2026-08-04 07:54:47.958234+00
SD,diesel,2026-08-07,4.937,aaa_daily,AAA Gas Prices (data © Oil Price Information Service / AAA),"AAA daily state average, surveyed by OPIS/WEX — a state-wide average, still not the price at any individual pump",2026-08-07 01:05:00.33444+00
SD,diesel,2026-08-12,4.893,aaa_daily,AAA Gas Prices (data © Oil Price Information Service / AAA),"AAA daily state average, surveyed by OPIS/WEX — a state-wide average, still not the price at any individual pump",2026-08-12 03:55:43.892073+00
SD,diesel,2026-08-03,4.899,aaa_daily,AAA Gas Prices (data © Oil Price Information Service / AAA),"AAA daily state average, surveyed by OPIS/WEX — a state-wide average, still not the price at any individual pump",2026-08-03 04:10:38.869331+00
SD,diesel,2026-08-13,4.971,aaa_daily,AAA Gas Prices (data © Oil Price Information Service / AAA),"AAA daily state average, surveyed by OPIS/WEX — a state-wide average, still not the price at any individual pump",2026-08-13 00:50:03.363793+00
SD,diesel,2026-08-05,4.941,aaa_daily,AAA Gas Prices (data © Oil Price Information Service / AAA),"AAA daily state average, surveyed by OPIS/WEX — a state-wide average, still not the price at any individual pump",2026-08-05 04:30:49.690791+00
SD,diesel,2026-08-09,4.895,aaa_daily,AAA Gas Prices (data © Oil Price Information Service / AAA),"AAA daily state average, surveyed by OPIS/WEX — a state-wide average, still not the price at any individual pump",2026-08-09 01:01:19.655887+00
SD,diesel,2026-08-10,4.888,aaa_daily,AAA Gas Prices (data © Oil Price Information Service / AAA),"AAA daily state average, surveyed by OPIS/WEX — a state-wide average, still not the price at any individual pump",2026-08-10 03:38:18.245012+00
SD,diesel,2026-08-11,4.889,aaa_daily,AAA Gas Prices (data © Oil Price Information Service / AAA),"AAA daily state average, surveyed by OPIS/WEX — a state-wide average, still not the price at any individual pump",2026-08-11 03:48:17.844757+00
SD,diesel,2026-07-26,4.892,aaa_daily,AAA Gas Prices (data © Oil Price Information Service / AAA),"AAA daily state average, surveyed by OPIS/WEX — a state-wide average, still not the price at any individual pump",2026-07-26 12:23:56.711299+00
SD,diesel,2026-08-06,4.942,aaa_daily,AAA Gas Prices (data © Oil Price Information Service / AAA),"AAA daily state average, surveyed by OPIS/WEX — a state-wide average, still not the price at any individual pump",2026-08-06 03:42:29.881766+00
TN,diesel,2026-08-12,4.992,aaa_daily,AAA Gas Prices (data © Oil Price Information Service / AAA),"AAA daily state average, surveyed by OPIS/WEX — a state-wide average, still not the price at any individual pump",2026-08-12 03:55:43.892073+00
TN,diesel,2026-08-08,5.013,aaa_daily,AAA Gas Prices (data © Oil Price Information Service / AAA),"AAA daily state average, surveyed by OPIS/WEX — a state-wide average, still not the price at any individual pump",2026-08-08 02:08:56.048448+00
TN,diesel,2026-08-07,5.036,aaa_daily,AAA Gas Prices (data © Oil Price Information Service / AAA),"AAA daily state average, surveyed by OPIS/WEX — a state-wide average, still not the price at any individual pump",2026-08-07 01:05:00.33444+00
TN,diesel,2026-08-09,5,aaa_daily,AAA Gas Prices (data © Oil Price Information Service / AAA),"AAA daily state average, surveyed by OPIS/WEX — a state-wide average, still not the price at any individual pump",2026-08-09 01:01:19.655887+00
TN,diesel,2026-08-06,5.061,aaa_daily,AAA Gas Prices (data © Oil Price Information Service / AAA),"AAA daily state average, surveyed by OPIS/WEX — a state-wide average, still not the price at any individual pump",2026-08-06 03:42:29.881766+00
TN,diesel,2026-08-10,4.987,aaa_daily,AAA Gas Prices (data © Oil Price Information Service / AAA),"AAA daily state average, surveyed by OPIS/WEX — a state-wide average, still not the price at any individual pump",2026-08-10 03:38:18.245012+00
TN,diesel,2026-08-05,5.068,aaa_daily,AAA Gas Prices (data © Oil Price Information Service / AAA),"AAA daily state average, surveyed by OPIS/WEX — a state-wide average, still not the price at any individual pump",2026-08-05 04:30:49.690791+00
TN,diesel,2026-08-11,4.974,aaa_daily,AAA Gas Prices (data © Oil Price Information Service / AAA),"AAA daily state average, surveyed by OPIS/WEX — a state-wide average, still not the price at any individual pump",2026-08-11 03:48:17.844757+00
TN,diesel,2026-08-04,5.068,aaa_daily,AAA Gas Prices (data © Oil Price Information Service / AAA),"AAA daily state average, surveyed by OPIS/WEX — a state-wide average, still not the price at any individual pump",2026-08-04 07:54:47.958234+00
TN,diesel,2026-07-26,4.987,aaa_daily,AAA Gas Prices (data © Oil Price Information Service / AAA),"AAA daily state average, surveyed by OPIS/WEX — a state-wide average, still not the price at any individual pump",2026-07-26 12:23:56.711299+00
TN,diesel,2026-08-13,5.014,aaa_daily,AAA Gas Prices (data © Oil Price Information Service / AAA),"AAA daily state average, surveyed by OPIS/WEX — a state-wide average, still not the price at any individual pump",2026-08-13 00:50:03.363793+00
TN,diesel,2026-08-03,5.052,aaa_daily,AAA Gas Prices (data © Oil Price Information Service / AAA),"AAA daily state average, surveyed by OPIS/WEX — a state-wide average, still not the price at any individual pump",2026-08-03 04:10:38.869331+00
TN,diesel,2026-08-14,5.046,aaa_daily,AAA Gas Prices (data © Oil Price Information Service / AAA),"AAA daily state average, surveyed by OPIS/WEX — a state-wide average, still not the price at any individual pump",2026-08-14 03:25:35.257151+00
TN,diesel,2026-07-24,4.933,aaa_daily,AAA Gas Prices (data © Oil Price Information Service / AAA),"AAA daily state average, surveyed by OPIS/WEX — a state-wide average, still not the price at any individual pump",2026-07-24 12:36:52.10235+00
TN,diesel,2026-08-17,5.138,aaa_daily,AAA Gas Prices (data © Oil Price Information Service / AAA),"AAA daily state average, surveyed by OPIS/WEX — a state-wide average, still not the price at any individual pump",2026-08-17 03:34:51.704092+00
TN,diesel,2026-07-28,4.987,aaa_daily,AAA Gas Prices (data © Oil Price Information Service / AAA),"AAA daily state average, surveyed by OPIS/WEX — a state-wide average, still not the price at any individual pump",2026-07-28 04:22:02.481431+00
TN,diesel,2026-08-19,5.18,aaa_daily,AAA Gas Prices (data © Oil Price Information Service / AAA),"AAA daily state average, surveyed by OPIS/WEX — a state-wide average, still not the price at any individual pump",2026-08-19 03:48:36.947414+00
TX,diesel,2026-08-09,4.925,aaa_daily,AAA Gas Prices (data © Oil Price Information Service / AAA),"AAA daily state average, surveyed by OPIS/WEX — a state-wide average, still not the price at any individual pump",2026-08-09 01:01:19.655887+00
TX,diesel,2026-08-11,4.899,aaa_daily,AAA Gas Prices (data © Oil Price Information Service / AAA),"AAA daily state average, surveyed by OPIS/WEX — a state-wide average, still not the price at any individual pump",2026-08-11 03:48:17.844757+00
TX,diesel,2026-08-03,5.031,aaa_daily,AAA Gas Prices (data © Oil Price Information Service / AAA),"AAA daily state average, surveyed by OPIS/WEX — a state-wide average, still not the price at any individual pump",2026-08-03 04:10:38.869331+00
TX,diesel,2026-08-14,5,aaa_daily,AAA Gas Prices (data © Oil Price Information Service / AAA),"AAA daily state average, surveyed by OPIS/WEX — a state-wide average, still not the price at any individual pump",2026-08-14 03:25:35.257151+00
TX,diesel,2026-07-24,4.9,aaa_daily,AAA Gas Prices (data © Oil Price Information Service / AAA),"AAA daily state average, surveyed by OPIS/WEX — a state-wide average, still not the price at any individual pump",2026-07-24 12:36:52.10235+00
TX,diesel,2026-08-06,4.995,aaa_daily,AAA Gas Prices (data © Oil Price Information Service / AAA),"AAA daily state average, surveyed by OPIS/WEX — a state-wide average, still not the price at any individual pump",2026-08-06 03:42:29.881766+00
TX,diesel,2026-08-08,4.945,aaa_daily,AAA Gas Prices (data © Oil Price Information Service / AAA),"AAA daily state average, surveyed by OPIS/WEX — a state-wide average, still not the price at any individual pump",2026-08-08 02:08:56.048448+00
TX,diesel,2026-08-10,4.912,aaa_daily,AAA Gas Prices (data © Oil Price Information Service / AAA),"AAA daily state average, surveyed by OPIS/WEX — a state-wide average, still not the price at any individual pump",2026-08-10 03:38:18.245012+00
TX,diesel,2026-08-07,4.97,aaa_daily,AAA Gas Prices (data © Oil Price Information Service / AAA),"AAA daily state average, surveyed by OPIS/WEX — a state-wide average, still not the price at any individual pump",2026-08-07 01:05:00.33444+00
TX,diesel,2026-08-17,5.03,aaa_daily,AAA Gas Prices (data © Oil Price Information Service / AAA),"AAA daily state average, surveyed by OPIS/WEX — a state-wide average, still not the price at any individual pump",2026-08-17 03:34:51.704092+00
TX,diesel,2026-08-04,5.016,aaa_daily,AAA Gas Prices (data © Oil Price Information Service / AAA),"AAA daily state average, surveyed by OPIS/WEX — a state-wide average, still not the price at any individual pump",2026-08-04 07:54:47.958234+00
TX,diesel,2026-08-13,4.929,aaa_daily,AAA Gas Prices (data © Oil Price Information Service / AAA),"AAA daily state average, surveyed by OPIS/WEX — a state-wide average, still not the price at any individual pump",2026-08-13 00:50:03.363793+00
TX,diesel,2026-08-19,5.067,aaa_daily,AAA Gas Prices (data © Oil Price Information Service / AAA),"AAA daily state average, surveyed by OPIS/WEX — a state-wide average, still not the price at any individual pump",2026-08-19 03:48:36.947414+00
TX,diesel,2026-07-26,4.917,aaa_daily,AAA Gas Prices (data © Oil Price Information Service / AAA),"AAA daily state average, surveyed by OPIS/WEX — a state-wide average, still not the price at any individual pump",2026-07-26 12:23:56.711299+00
TX,diesel,2026-08-05,5.016,aaa_daily,AAA Gas Prices (data © Oil Price Information Service / AAA),"AAA daily state average, surveyed by OPIS/WEX — a state-wide average, still not the price at any individual pump",2026-08-05 04:30:49.690791+00
TX,diesel,2026-07-28,4.926,aaa_daily,AAA Gas Prices (data © Oil Price Information Service / AAA),"AAA daily state average, surveyed by OPIS/WEX — a state-wide average, still not the price at any individual pump",2026-07-28 04:22:02.481431+00
TX,diesel,2026-08-12,4.902,aaa_daily,AAA Gas Prices (data © Oil Price Information Service / AAA),"AAA daily state average, surveyed by OPIS/WEX — a state-wide average, still not the price at any individual pump",2026-08-12 03:55:43.892073+00
UT,diesel,2026-08-11,5.353,aaa_daily,AAA Gas Prices (data © Oil Price Information Service / AAA),"AAA daily state average, surveyed by OPIS/WEX — a state-wide average, still not the price at any individual pump",2026-08-11 03:48:17.844757+00
UT,diesel,2026-08-05,5.397,aaa_daily,AAA Gas Prices (data © Oil Price Information Service / AAA),"AAA daily state average, surveyed by OPIS/WEX — a state-wide average, still not the price at any individual pump",2026-08-05 04:30:49.690791+00
UT,diesel,2026-08-13,5.376,aaa_daily,AAA Gas Prices (data © Oil Price Information Service / AAA),"AAA daily state average, surveyed by OPIS/WEX — a state-wide average, still not the price at any individual pump",2026-08-13 00:50:03.363793+00
UT,diesel,2026-07-26,5.102,aaa_daily,AAA Gas Prices (data © Oil Price Information Service / AAA),"AAA daily state average, surveyed by OPIS/WEX — a state-wide average, still not the price at any individual pump",2026-07-26 12:23:56.711299+00
UT,diesel,2026-08-03,5.282,aaa_daily,AAA Gas Prices (data © Oil Price Information Service / AAA),"AAA daily state average, surveyed by OPIS/WEX — a state-wide average, still not the price at any individual pump",2026-08-03 04:10:38.869331+00
UT,diesel,2026-08-09,5.367,aaa_daily,AAA Gas Prices (data © Oil Price Information Service / AAA),"AAA daily state average, surveyed by OPIS/WEX — a state-wide average, still not the price at any individual pump",2026-08-09 01:01:19.655887+00
UT,diesel,2026-08-06,5.409,aaa_daily,AAA Gas Prices (data © Oil Price Information Service / AAA),"AAA daily state average, surveyed by OPIS/WEX — a state-wide average, still not the price at any individual pump",2026-08-06 03:42:29.881766+00
UT,diesel,2026-08-19,5.4,aaa_daily,AAA Gas Prices (data © Oil Price Information Service / AAA),"AAA daily state average, surveyed by OPIS/WEX — a state-wide average, still not the price at any individual pump",2026-08-19 03:48:36.947414+00
UT,diesel,2026-08-10,5.359,aaa_daily,AAA Gas Prices (data © Oil Price Information Service / AAA),"AAA daily state average, surveyed by OPIS/WEX — a state-wide average, still not the price at any individual pump",2026-08-10 03:38:18.245012+00
UT,diesel,2026-08-14,5.374,aaa_daily,AAA Gas Prices (data © Oil Price Information Service / AAA),"AAA daily state average, surveyed by OPIS/WEX — a state-wide average, still not the price at any individual pump",2026-08-14 03:25:35.257151+00
UT,diesel,2026-08-08,5.385,aaa_daily,AAA Gas Prices (data © Oil Price Information Service / AAA),"AAA daily state average, surveyed by OPIS/WEX — a state-wide average, still not the price at any individual pump",2026-08-08 02:08:56.048448+00
UT,diesel,2026-07-28,5.097,aaa_daily,AAA Gas Prices (data © Oil Price Information Service / AAA),"AAA daily state average, surveyed by OPIS/WEX — a state-wide average, still not the price at any individual pump",2026-07-28 04:22:02.481431+00
UT,diesel,2026-08-17,5.342,aaa_daily,AAA Gas Prices (data © Oil Price Information Service / AAA),"AAA daily state average, surveyed by OPIS/WEX — a state-wide average, still not the price at any individual pump",2026-08-17 03:34:51.704092+00
UT,diesel,2026-07-24,5.108,aaa_daily,AAA Gas Prices (data © Oil Price Information Service / AAA),"AAA daily state average, surveyed by OPIS/WEX — a state-wide average, still not the price at any individual pump",2026-07-24 12:36:52.10235+00
UT,diesel,2026-08-07,5.407,aaa_daily,AAA Gas Prices (data © Oil Price Information Service / AAA),"AAA daily state average, surveyed by OPIS/WEX — a state-wide average, still not the price at any individual pump",2026-08-07 01:05:00.33444+00
UT,diesel,2026-08-12,5.38,aaa_daily,AAA Gas Prices (data © Oil Price Information Service / AAA),"AAA daily state average, surveyed by OPIS/WEX — a state-wide average, still not the price at any individual pump",2026-08-12 03:55:43.892073+00
UT,diesel,2026-08-04,5.397,aaa_daily,AAA Gas Prices (data © Oil Price Information Service / AAA),"AAA daily state average, surveyed by OPIS/WEX — a state-wide average, still not the price at any individual pump",2026-08-04 07:54:47.958234+00
VA,diesel,2026-07-28,5.296,aaa_daily,AAA Gas Prices (data © Oil Price Information Service / AAA),"AAA daily state average, surveyed by OPIS/WEX — a state-wide average, still not the price at any individual pump",2026-07-28 04:22:02.481431+00
VA,diesel,2026-08-17,5.497,aaa_daily,AAA Gas Prices (data © Oil Price Information Service / AAA),"AAA daily state average, surveyed by OPIS/WEX — a state-wide average, still not the price at any individual pump",2026-08-17 03:34:51.704092+00
VA,diesel,2026-08-19,5.499,aaa_daily,AAA Gas Prices (data © Oil Price Information Service / AAA),"AAA daily state average, surveyed by OPIS/WEX — a state-wide average, still not the price at any individual pump",2026-08-19 03:48:36.947414+00
VA,diesel,2026-08-13,5.389,aaa_daily,AAA Gas Prices (data © Oil Price Information Service / AAA),"AAA daily state average, surveyed by OPIS/WEX — a state-wide average, still not the price at any individual pump",2026-08-13 00:50:03.363793+00
VA,diesel,2026-08-11,5.267,aaa_daily,AAA Gas Prices (data © Oil Price Information Service / AAA),"AAA daily state average, surveyed by OPIS/WEX — a state-wide average, still not the price at any individual pump",2026-08-11 03:48:17.844757+00
VA,diesel,2026-07-24,5.258,aaa_daily,AAA Gas Prices (data © Oil Price Information Service / AAA),"AAA daily state average, surveyed by OPIS/WEX — a state-wide average, still not the price at any individual pump",2026-07-24 12:36:52.10235+00
VA,diesel,2026-08-03,5.323,aaa_daily,AAA Gas Prices (data © Oil Price Information Service / AAA),"AAA daily state average, surveyed by OPIS/WEX — a state-wide average, still not the price at any individual pump",2026-08-03 04:10:38.869331+00
VA,diesel,2026-08-08,5.289,aaa_daily,AAA Gas Prices (data © Oil Price Information Service / AAA),"AAA daily state average, surveyed by OPIS/WEX — a state-wide average, still not the price at any individual pump",2026-08-08 02:08:56.048448+00
VA,diesel,2026-08-07,5.306,aaa_daily,AAA Gas Prices (data © Oil Price Information Service / AAA),"AAA daily state average, surveyed by OPIS/WEX — a state-wide average, still not the price at any individual pump",2026-08-07 01:05:00.33444+00
VA,diesel,2026-08-06,5.317,aaa_daily,AAA Gas Prices (data © Oil Price Information Service / AAA),"AAA daily state average, surveyed by OPIS/WEX — a state-wide average, still not the price at any individual pump",2026-08-06 03:42:29.881766+00
VA,diesel,2026-08-05,5.324,aaa_daily,AAA Gas Prices (data © Oil Price Information Service / AAA),"AAA daily state average, surveyed by OPIS/WEX — a state-wide average, still not the price at any individual pump",2026-08-05 04:30:49.690791+00
VA,diesel,2026-08-14,5.445,aaa_daily,AAA Gas Prices (data © Oil Price Information Service / AAA),"AAA daily state average, surveyed by OPIS/WEX — a state-wide average, still not the price at any individual pump",2026-08-14 03:25:35.257151+00
VA,diesel,2026-08-09,5.278,aaa_daily,AAA Gas Prices (data © Oil Price Information Service / AAA),"AAA daily state average, surveyed by OPIS/WEX — a state-wide average, still not the price at any individual pump",2026-08-09 01:01:19.655887+00
VA,diesel,2026-08-10,5.272,aaa_daily,AAA Gas Prices (data © Oil Price Information Service / AAA),"AAA daily state average, surveyed by OPIS/WEX — a state-wide average, still not the price at any individual pump",2026-08-10 03:38:18.245012+00
VA,diesel,2026-08-12,5.29,aaa_daily,AAA Gas Prices (data © Oil Price Information Service / AAA),"AAA daily state average, surveyed by OPIS/WEX — a state-wide average, still not the price at any individual pump",2026-08-12 03:55:43.892073+00
VA,diesel,2026-07-26,5.289,aaa_daily,AAA Gas Prices (data © Oil Price Information Service / AAA),"AAA daily state average, surveyed by OPIS/WEX — a state-wide average, still not the price at any individual pump",2026-07-26 12:23:56.711299+00
VA,diesel,2026-08-04,5.324,aaa_daily,AAA Gas Prices (data © Oil Price Information Service / AAA),"AAA daily state average, surveyed by OPIS/WEX — a state-wide average, still not the price at any individual pump",2026-08-04 07:54:47.958234+00
VT,diesel,2026-08-04,5.471,aaa_daily,AAA Gas Prices (data © Oil Price Information Service / AAA),"AAA daily state average, surveyed by OPIS/WEX — a state-wide average, still not the price at any individual pump",2026-08-04 07:54:47.958234+00
VT,diesel,2026-08-13,5.435,aaa_daily,AAA Gas Prices (data © Oil Price Information Service / AAA),"AAA daily state average, surveyed by OPIS/WEX — a state-wide average, still not the price at any individual pump",2026-08-13 00:50:03.363793+00
VT,diesel,2026-07-26,5.419,aaa_daily,AAA Gas Prices (data © Oil Price Information Service / AAA),"AAA daily state average, surveyed by OPIS/WEX — a state-wide average, still not the price at any individual pump",2026-07-26 12:23:56.711299+00
VT,diesel,2026-08-14,5.446,aaa_daily,AAA Gas Prices (data © Oil Price Information Service / AAA),"AAA daily state average, surveyed by OPIS/WEX — a state-wide average, still not the price at any individual pump",2026-08-14 03:25:35.257151+00
VT,diesel,2026-07-24,5.387,aaa_daily,AAA Gas Prices (data © Oil Price Information Service / AAA),"AAA daily state average, surveyed by OPIS/WEX — a state-wide average, still not the price at any individual pump",2026-07-24 12:36:52.10235+00
VT,diesel,2026-08-08,5.468,aaa_daily,AAA Gas Prices (data © Oil Price Information Service / AAA),"AAA daily state average, surveyed by OPIS/WEX — a state-wide average, still not the price at any individual pump",2026-08-08 02:08:56.048448+00
VT,diesel,2026-08-12,5.423,aaa_daily,AAA Gas Prices (data © Oil Price Information Service / AAA),"AAA daily state average, surveyed by OPIS/WEX — a state-wide average, still not the price at any individual pump",2026-08-12 03:55:43.892073+00
VT,diesel,2026-08-19,5.488,aaa_daily,AAA Gas Prices (data © Oil Price Information Service / AAA),"AAA daily state average, surveyed by OPIS/WEX — a state-wide average, still not the price at any individual pump",2026-08-19 03:48:36.947414+00
VT,diesel,2026-08-11,5.427,aaa_daily,AAA Gas Prices (data © Oil Price Information Service / AAA),"AAA daily state average, surveyed by OPIS/WEX — a state-wide average, still not the price at any individual pump",2026-08-11 03:48:17.844757+00
VT,diesel,2026-08-05,5.471,aaa_daily,AAA Gas Prices (data © Oil Price Information Service / AAA),"AAA daily state average, surveyed by OPIS/WEX — a state-wide average, still not the price at any individual pump",2026-08-05 04:30:49.690791+00
VT,diesel,2026-08-17,5.471,aaa_daily,AAA Gas Prices (data © Oil Price Information Service / AAA),"AAA daily state average, surveyed by OPIS/WEX — a state-wide average, still not the price at any individual pump",2026-08-17 03:34:51.704092+00
VT,diesel,2026-07-28,5.435,aaa_daily,AAA Gas Prices (data © Oil Price Information Service / AAA),"AAA daily state average, surveyed by OPIS/WEX — a state-wide average, still not the price at any individual pump",2026-07-28 04:22:02.481431+00
VT,diesel,2026-08-10,5.449,aaa_daily,AAA Gas Prices (data © Oil Price Information Service / AAA),"AAA daily state average, surveyed by OPIS/WEX — a state-wide average, still not the price at any individual pump",2026-08-10 03:38:18.245012+00
VT,diesel,2026-08-06,5.472,aaa_daily,AAA Gas Prices (data © Oil Price Information Service / AAA),"AAA daily state average, surveyed by OPIS/WEX — a state-wide average, still not the price at any individual pump",2026-08-06 03:42:29.881766+00
VT,diesel,2026-08-09,5.46,aaa_daily,AAA Gas Prices (data © Oil Price Information Service / AAA),"AAA daily state average, surveyed by OPIS/WEX — a state-wide average, still not the price at any individual pump",2026-08-09 01:01:19.655887+00
VT,diesel,2026-08-07,5.476,aaa_daily,AAA Gas Prices (data © Oil Price Information Service / AAA),"AAA daily state average, surveyed by OPIS/WEX — a state-wide average, still not the price at any individual pump",2026-08-07 01:05:00.33444+00
VT,diesel,2026-08-03,5.477,aaa_daily,AAA Gas Prices (data © Oil Price Information Service / AAA),"AAA daily state average, surveyed by OPIS/WEX — a state-wide average, still not the price at any individual pump",2026-08-03 04:10:38.869331+00
WA,diesel,2026-08-08,6.17,aaa_daily,AAA Gas Prices (data © Oil Price Information Service / AAA),"AAA daily state average, surveyed by OPIS/WEX — a state-wide average, still not the price at any individual pump",2026-08-08 02:08:56.048448+00
WA,diesel,2026-08-14,6.194,aaa_daily,AAA Gas Prices (data © Oil Price Information Service / AAA),"AAA daily state average, surveyed by OPIS/WEX — a state-wide average, still not the price at any individual pump",2026-08-14 03:25:35.257151+00
WA,diesel,2026-08-07,6.186,aaa_daily,AAA Gas Prices (data © Oil Price Information Service / AAA),"AAA daily state average, surveyed by OPIS/WEX — a state-wide average, still not the price at any individual pump",2026-08-07 01:05:00.33444+00
WA,diesel,2026-07-28,6.097,aaa_daily,AAA Gas Prices (data © Oil Price Information Service / AAA),"AAA daily state average, surveyed by OPIS/WEX — a state-wide average, still not the price at any individual pump",2026-07-28 04:22:02.481431+00
WA,diesel,2026-08-03,6.177,aaa_daily,AAA Gas Prices (data © Oil Price Information Service / AAA),"AAA daily state average, surveyed by OPIS/WEX — a state-wide average, still not the price at any individual pump",2026-08-03 04:10:38.869331+00
WA,diesel,2026-08-10,6.156,aaa_daily,AAA Gas Prices (data © Oil Price Information Service / AAA),"AAA daily state average, surveyed by OPIS/WEX — a state-wide average, still not the price at any individual pump",2026-08-10 03:38:18.245012+00
WA,diesel,2026-08-13,6.175,aaa_daily,AAA Gas Prices (data © Oil Price Information Service / AAA),"AAA daily state average, surveyed by OPIS/WEX — a state-wide average, still not the price at any individual pump",2026-08-13 00:50:03.363793+00
WA,diesel,2026-08-19,6.239,aaa_daily,AAA Gas Prices (data © Oil Price Information Service / AAA),"AAA daily state average, surveyed by OPIS/WEX — a state-wide average, still not the price at any individual pump",2026-08-19 03:48:36.947414+00
WA,diesel,2026-08-04,6.176,aaa_daily,AAA Gas Prices (data © Oil Price Information Service / AAA),"AAA daily state average, surveyed by OPIS/WEX — a state-wide average, still not the price at any individual pump",2026-08-04 07:54:47.958234+00
WA,diesel,2026-07-24,6.069,aaa_daily,AAA Gas Prices (data © Oil Price Information Service / AAA),"AAA daily state average, surveyed by OPIS/WEX — a state-wide average, still not the price at any individual pump",2026-07-24 12:36:52.10235+00
WA,diesel,2026-08-05,6.176,aaa_daily,AAA Gas Prices (data © Oil Price Information Service / AAA),"AAA daily state average, surveyed by OPIS/WEX — a state-wide average, still not the price at any individual pump",2026-08-05 04:30:49.690791+00
WA,diesel,2026-07-26,6.11,aaa_daily,AAA Gas Prices (data © Oil Price Information Service / AAA),"AAA daily state average, surveyed by OPIS/WEX — a state-wide average, still not the price at any individual pump",2026-07-26 12:23:56.711299+00
WA,diesel,2026-08-09,6.166,aaa_daily,AAA Gas Prices (data © Oil Price Information Service / AAA),"AAA daily state average, surveyed by OPIS/WEX — a state-wide average, still not the price at any individual pump",2026-08-09 01:01:19.655887+00
WA,diesel,2026-08-17,6.221,aaa_daily,AAA Gas Prices (data © Oil Price Information Service / AAA),"AAA daily state average, surveyed by OPIS/WEX — a state-wide average, still not the price at any individual pump",2026-08-17 03:34:51.704092+00
WA,diesel,2026-08-11,6.13,aaa_daily,AAA Gas Prices (data © Oil Price Information Service / AAA),"AAA daily state average, surveyed by OPIS/WEX — a state-wide average, still not the price at any individual pump",2026-08-11 03:48:17.844757+00
WA,diesel,2026-08-06,6.19,aaa_daily,AAA Gas Prices (data © Oil Price Information Service / AAA),"AAA daily state average, surveyed by OPIS/WEX — a state-wide average, still not the price at any individual pump",2026-08-06 03:42:29.881766+00
WA,diesel,2026-08-12,6.146,aaa_daily,AAA Gas Prices (data © Oil Price Information Service / AAA),"AAA daily state average, surveyed by OPIS/WEX — a state-wide average, still not the price at any individual pump",2026-08-12 03:55:43.892073+00
WI,diesel,2026-08-03,5.054,aaa_daily,AAA Gas Prices (data © Oil Price Information Service / AAA),"AAA daily state average, surveyed by OPIS/WEX — a state-wide average, still not the price at any individual pump",2026-08-03 04:10:38.869331+00
WI,diesel,2026-08-05,5.183,aaa_daily,AAA Gas Prices (data © Oil Price Information Service / AAA),"AAA daily state average, surveyed by OPIS/WEX — a state-wide average, still not the price at any individual pump",2026-08-05 04:30:49.690791+00
WI,diesel,2026-07-24,4.887,aaa_daily,AAA Gas Prices (data © Oil Price Information Service / AAA),"AAA daily state average, surveyed by OPIS/WEX — a state-wide average, still not the price at any individual pump",2026-07-24 12:36:52.10235+00
WI,diesel,2026-08-17,5.273,aaa_daily,AAA Gas Prices (data © Oil Price Information Service / AAA),"AAA daily state average, surveyed by OPIS/WEX — a state-wide average, still not the price at any individual pump",2026-08-17 03:34:51.704092+00
WI,diesel,2026-07-28,5.055,aaa_daily,AAA Gas Prices (data © Oil Price Information Service / AAA),"AAA daily state average, surveyed by OPIS/WEX — a state-wide average, still not the price at any individual pump",2026-07-28 04:22:02.481431+00
WI,diesel,2026-08-08,5.096,aaa_daily,AAA Gas Prices (data © Oil Price Information Service / AAA),"AAA daily state average, surveyed by OPIS/WEX — a state-wide average, still not the price at any individual pump",2026-08-08 02:08:56.048448+00
WI,diesel,2026-08-14,5.215,aaa_daily,AAA Gas Prices (data © Oil Price Information Service / AAA),"AAA daily state average, surveyed by OPIS/WEX — a state-wide average, still not the price at any individual pump",2026-08-14 03:25:35.257151+00
WI,diesel,2026-08-10,5.052,aaa_daily,AAA Gas Prices (data © Oil Price Information Service / AAA),"AAA daily state average, surveyed by OPIS/WEX — a state-wide average, still not the price at any individual pump",2026-08-10 03:38:18.245012+00
WI,diesel,2026-08-12,5.037,aaa_daily,AAA Gas Prices (data © Oil Price Information Service / AAA),"AAA daily state average, surveyed by OPIS/WEX — a state-wide average, still not the price at any individual pump",2026-08-12 03:55:43.892073+00
WI,diesel,2026-08-06,5.151,aaa_daily,AAA Gas Prices (data © Oil Price Information Service / AAA),"AAA daily state average, surveyed by OPIS/WEX — a state-wide average, still not the price at any individual pump",2026-08-06 03:42:29.881766+00
WI,diesel,2026-08-09,5.067,aaa_daily,AAA Gas Prices (data © Oil Price Information Service / AAA),"AAA daily state average, surveyed by OPIS/WEX — a state-wide average, still not the price at any individual pump",2026-08-09 01:01:19.655887+00
WI,diesel,2026-07-26,5.008,aaa_daily,AAA Gas Prices (data © Oil Price Information Service / AAA),"AAA daily state average, surveyed by OPIS/WEX — a state-wide average, still not the price at any individual pump",2026-07-26 12:23:56.711299+00
WI,diesel,2026-08-19,5.262,aaa_daily,AAA Gas Prices (data © Oil Price Information Service / AAA),"AAA daily state average, surveyed by OPIS/WEX — a state-wide average, still not the price at any individual pump",2026-08-19 03:48:36.947414+00
WI,diesel,2026-08-13,5.14,aaa_daily,AAA Gas Prices (data © Oil Price Information Service / AAA),"AAA daily state average, surveyed by OPIS/WEX — a state-wide average, still not the price at any individual pump",2026-08-13 00:50:03.363793+00
WI,diesel,2026-08-07,5.126,aaa_daily,AAA Gas Prices (data © Oil Price Information Service / AAA),"AAA daily state average, surveyed by OPIS/WEX — a state-wide average, still not the price at any individual pump",2026-08-07 01:05:00.33444+00
WI,diesel,2026-08-11,5.045,aaa_daily,AAA Gas Prices (data © Oil Price Information Service / AAA),"AAA daily state average, surveyed by OPIS/WEX — a state-wide average, still not the price at any individual pump",2026-08-11 03:48:17.844757+00
WI,diesel,2026-08-04,5.183,aaa_daily,AAA Gas Prices (data © Oil Price Information Service / AAA),"AAA daily state average, surveyed by OPIS/WEX — a state-wide average, still not the price at any individual pump",2026-08-04 07:54:47.958234+00
WV,diesel,2026-08-12,5.071,aaa_daily,AAA Gas Prices (data © Oil Price Information Service / AAA),"AAA daily state average, surveyed by OPIS/WEX — a state-wide average, still not the price at any individual pump",2026-08-12 03:55:43.892073+00
WV,diesel,2026-08-17,5.307,aaa_daily,AAA Gas Prices (data © Oil Price Information Service / AAA),"AAA daily state average, surveyed by OPIS/WEX — a state-wide average, still not the price at any individual pump",2026-08-17 03:34:51.704092+00
WV,diesel,2026-08-06,5.031,aaa_daily,AAA Gas Prices (data © Oil Price Information Service / AAA),"AAA daily state average, surveyed by OPIS/WEX — a state-wide average, still not the price at any individual pump",2026-08-06 03:42:29.881766+00
WV,diesel,2026-08-09,5.021,aaa_daily,AAA Gas Prices (data © Oil Price Information Service / AAA),"AAA daily state average, surveyed by OPIS/WEX — a state-wide average, still not the price at any individual pump",2026-08-09 01:01:19.655887+00
WV,diesel,2026-08-13,5.165,aaa_daily,AAA Gas Prices (data © Oil Price Information Service / AAA),"AAA daily state average, surveyed by OPIS/WEX — a state-wide average, still not the price at any individual pump",2026-08-13 00:50:03.363793+00
WV,diesel,2026-08-08,5.03,aaa_daily,AAA Gas Prices (data © Oil Price Information Service / AAA),"AAA daily state average, surveyed by OPIS/WEX — a state-wide average, still not the price at any individual pump",2026-08-08 02:08:56.048448+00
WV,diesel,2026-08-03,5.031,aaa_daily,AAA Gas Prices (data © Oil Price Information Service / AAA),"AAA daily state average, surveyed by OPIS/WEX — a state-wide average, still not the price at any individual pump",2026-08-03 04:10:38.869331+00
WV,diesel,2026-07-26,4.942,aaa_daily,AAA Gas Prices (data © Oil Price Information Service / AAA),"AAA daily state average, surveyed by OPIS/WEX — a state-wide average, still not the price at any individual pump",2026-07-26 12:23:56.711299+00
WV,diesel,2026-08-04,5.028,aaa_daily,AAA Gas Prices (data © Oil Price Information Service / AAA),"AAA daily state average, surveyed by OPIS/WEX — a state-wide average, still not the price at any individual pump",2026-08-04 07:54:47.958234+00
WV,diesel,2026-07-24,4.931,aaa_daily,AAA Gas Prices (data © Oil Price Information Service / AAA),"AAA daily state average, surveyed by OPIS/WEX — a state-wide average, still not the price at any individual pump",2026-07-24 12:36:52.10235+00
WV,diesel,2026-08-10,5.021,aaa_daily,AAA Gas Prices (data © Oil Price Information Service / AAA),"AAA daily state average, surveyed by OPIS/WEX — a state-wide average, still not the price at any individual pump",2026-08-10 03:38:18.245012+00
WV,diesel,2026-08-11,5.018,aaa_daily,AAA Gas Prices (data © Oil Price Information Service / AAA),"AAA daily state average, surveyed by OPIS/WEX — a state-wide average, still not the price at any individual pump",2026-08-11 03:48:17.844757+00
WV,diesel,2026-08-05,5.028,aaa_daily,AAA Gas Prices (data © Oil Price Information Service / AAA),"AAA daily state average, surveyed by OPIS/WEX — a state-wide average, still not the price at any individual pump",2026-08-05 04:30:49.690791+00
WV,diesel,2026-08-14,5.227,aaa_daily,AAA Gas Prices (data © Oil Price Information Service / AAA),"AAA daily state average, surveyed by OPIS/WEX — a state-wide average, still not the price at any individual pump",2026-08-14 03:25:35.257151+00
WV,diesel,2026-08-07,5.034,aaa_daily,AAA Gas Prices (data © Oil Price Information Service / AAA),"AAA daily state average, surveyed by OPIS/WEX — a state-wide average, still not the price at any individual pump",2026-08-07 01:05:00.33444+00
WV,diesel,2026-07-28,4.94,aaa_daily,AAA Gas Prices (data © Oil Price Information Service / AAA),"AAA daily state average, surveyed by OPIS/WEX — a state-wide average, still not the price at any individual pump",2026-07-28 04:22:02.481431+00
WV,diesel,2026-08-19,5.323,aaa_daily,AAA Gas Prices (data © Oil Price Information Service / AAA),"AAA daily state average, surveyed by OPIS/WEX — a state-wide average, still not the price at any individual pump",2026-08-19 03:48:36.947414+00
WY,diesel,2026-08-13,5.283,aaa_daily,AAA Gas Prices (data © Oil Price Information Service / AAA),"AAA daily state average, surveyed by OPIS/WEX — a state-wide average, still not the price at any individual pump",2026-08-13 00:50:03.363793+00
WY,diesel,2026-07-26,4.991,aaa_daily,AAA Gas Prices (data © Oil Price Information Service / AAA),"AAA daily state average, surveyed by OPIS/WEX — a state-wide average, still not the price at any individual pump",2026-07-26 12:23:56.711299+00
WY,diesel,2026-08-03,5.104,aaa_daily,AAA Gas Prices (data © Oil Price Information Service / AAA),"AAA daily state average, surveyed by OPIS/WEX — a state-wide average, still not the price at any individual pump",2026-08-03 04:10:38.869331+00
WY,diesel,2026-08-10,5.129,aaa_daily,AAA Gas Prices (data © Oil Price Information Service / AAA),"AAA daily state average, surveyed by OPIS/WEX — a state-wide average, still not the price at any individual pump",2026-08-10 03:38:18.245012+00
WY,diesel,2026-08-08,5.138,aaa_daily,AAA Gas Prices (data © Oil Price Information Service / AAA),"AAA daily state average, surveyed by OPIS/WEX — a state-wide average, still not the price at any individual pump",2026-08-08 02:08:56.048448+00
WY,diesel,2026-08-11,5.124,aaa_daily,AAA Gas Prices (data © Oil Price Information Service / AAA),"AAA daily state average, surveyed by OPIS/WEX — a state-wide average, still not the price at any individual pump",2026-08-11 03:48:17.844757+00
WY,diesel,2026-08-06,5.138,aaa_daily,AAA Gas Prices (data © Oil Price Information Service / AAA),"AAA daily state average, surveyed by OPIS/WEX — a state-wide average, still not the price at any individual pump",2026-08-06 03:42:29.881766+00
WY,diesel,2026-08-09,5.136,aaa_daily,AAA Gas Prices (data © Oil Price Information Service / AAA),"AAA daily state average, surveyed by OPIS/WEX — a state-wide average, still not the price at any individual pump",2026-08-09 01:01:19.655887+00
WY,diesel,2026-08-19,5.42,aaa_daily,AAA Gas Prices (data © Oil Price Information Service / AAA),"AAA daily state average, surveyed by OPIS/WEX — a state-wide average, still not the price at any individual pump",2026-08-19 03:48:36.947414+00
WY,diesel,2026-08-05,5.127,aaa_daily,AAA Gas Prices (data © Oil Price Information Service / AAA),"AAA daily state average, surveyed by OPIS/WEX — a state-wide average, still not the price at any individual pump",2026-08-05 04:30:49.690791+00
WY,diesel,2026-08-12,5.207,aaa_daily,AAA Gas Prices (data © Oil Price Information Service / AAA),"AAA daily state average, surveyed by OPIS/WEX — a state-wide average, still not the price at any individual pump",2026-08-12 03:55:43.892073+00
WY,diesel,2026-08-04,5.127,aaa_daily,AAA Gas Prices (data © Oil Price Information Service / AAA),"AAA daily state average, surveyed by OPIS/WEX — a state-wide average, still not the price at any individual pump",2026-08-04 07:54:47.958234+00
WY,diesel,2026-08-14,5.333,aaa_daily,AAA Gas Prices (data © Oil Price Information Service / AAA),"AAA daily state average, surveyed by OPIS/WEX — a state-wide average, still not the price at any individual pump",2026-08-14 03:25:35.257151+00
WY,diesel,2026-07-28,5.01,aaa_daily,AAA Gas Prices (data © Oil Price Information Service / AAA),"AAA daily state average, surveyed by OPIS/WEX — a state-wide average, still not the price at any individual pump",2026-07-28 04:22:02.481431+00
WY,diesel,2026-08-17,5.386,aaa_daily,AAA Gas Prices (data © Oil Price Information Service / AAA),"AAA daily state average, surveyed by OPIS/WEX — a state-wide average, still not the price at any individual pump",2026-08-17 03:34:51.704092+00
WY,diesel,2026-08-07,5.134,aaa_daily,AAA Gas Prices (data © Oil Price Information Service / AAA),"AAA daily state average, surveyed by OPIS/WEX — a state-wide average, still not the price at any individual pump",2026-08-07 01:05:00.33444+00
WY,diesel,2026-07-24,4.958,aaa_daily,AAA Gas Prices (data © Oil Price Information Service / AAA),"AAA daily state average, surveyed by OPIS/WEX — a state-wide average, still not the price at any individual pump",2026-07-24 12:36:52.10235+00
