site_id,kind,name,state,truck_spaces,geom,source_id,run_id,ingested_at,observed_at,confidence,conf_trust,conf_fresh,conf_complete,conf_agree,flags,props,last_seen_at,last_seen_src,liveness,live_state,live_presence,live_sources,live_corrob,live_reasons
1,public_rest_area,Grand Bay Welcome Center,AL,90,POINT(-88.3930319998784 30.4772380003315),ntad_parking,18,2026-07-22 08:31:07.98657+00,2019-01-01 00:00:00+00,68,95,17,100,50,{},"{""state"": ""AL"", ""county"": ""Mobile"", ""OBJECTID"": 1, ""latitude"": 30.477238, ""longitude"": -88.393032, ""mile_post"": ""0.485"", ""municipality"": ""Grand Bay"", ""state_number"": ""01"", ""highway_route"": ""I-10 EB"", ""nhs_rest_stop"": ""Grand Bay Welcome Center"", ""number_of_spots"": 90}",2019-01-01 00:00:00+00,ntad_parking,44,unknown,59,50,0,{}
10,public_rest_area,Butler County Rest Area (SB),AL,11,POINT(-86.6075699996155 31.8864509996886),ntad_parking,18,2026-07-22 08:31:07.98657+00,2019-01-01 00:00:00+00,68,95,17,100,50,{},"{""state"": ""AL"", ""county"": ""Butler"", ""OBJECTID"": 10, ""latitude"": 31.886451, ""longitude"": -86.60757, ""mile_post"": ""133.234"", ""municipality"": ""Greenville"", ""state_number"": ""01"", ""highway_route"": ""I-65 SB"", ""nhs_rest_stop"": ""Butler County Rest Area (SB)"", ""number_of_spots"": 11}",2019-01-01 00:00:00+00,ntad_parking,44,unknown,59,50,0,{}
100,public_rest_area,Clyde V. Kane Southbound,CA,23,POINT(-116.47023000022 35.0344329998773),ntad_parking,18,2026-07-22 08:31:07.98657+00,2019-01-01 00:00:00+00,68,95,17,100,50,{},"{""state"": ""CA"", ""county"": ""San Bernardino"", ""OBJECTID"": 100, ""latitude"": 35.034433, ""longitude"": -116.47023, ""mile_post"": ""PM 107.4"", ""municipality"": ""Camp Irwin"", ""state_number"": ""06"", ""highway_route"": ""I-15 S"", ""nhs_rest_stop"": ""Clyde V. Kane Southbound"", ""number_of_spots"": 23}",2019-01-01 00:00:00+00,ntad_parking,44,unknown,59,50,0,{}
1000,public_rest_area,Hooksett Welcome Center North,NH,6,POINT(-71.475698000415 43.110439000019),ntad_parking,18,2026-07-22 08:31:07.98657+00,2019-01-01 00:00:00+00,68,95,17,100,50,{},"{""state"": ""NH"", ""county"": ""Merrimack"", ""OBJECTID"": 1000, ""latitude"": 43.110439, ""longitude"": -71.475698, ""mile_post"": ""31"", ""municipality"": ""Hooksett"", ""state_number"": ""33"", ""highway_route"": ""I-93N"", ""nhs_rest_stop"": ""Hooksett Welcome Center North"", ""number_of_spots"": 6}",2019-01-01 00:00:00+00,ntad_parking,44,unknown,59,50,0,{}
1001,public_rest_area,Sutton Rest Area,NH,16,POINT(-71.9100590000516 43.339671000299),ntad_parking,18,2026-07-22 08:31:07.98657+00,2019-01-01 00:00:00+00,68,95,17,100,50,{},"{""state"": ""NH"", ""county"": ""Merrimack"", ""OBJECTID"": 1001, ""latitude"": 43.339671, ""longitude"": -71.910059, ""mile_post"": ""26"", ""municipality"": ""Sutton"", ""state_number"": ""33"", ""highway_route"": ""I-89S"", ""nhs_rest_stop"": ""Sutton Rest Area"", ""number_of_spots"": 16}",2019-01-01 00:00:00+00,ntad_parking,44,unknown,59,50,0,{}
1002,public_rest_area,Canterbury Rest Area,NH,15,POINT(-71.6080280002652 43.3722619999173),ntad_parking,18,2026-07-22 08:31:07.98657+00,2019-01-01 00:00:00+00,68,95,17,100,50,{},"{""state"": ""NH"", ""county"": ""Merrimack"", ""OBJECTID"": 1002, ""latitude"": 43.372262, ""longitude"": -71.608028, ""mile_post"": ""51"", ""municipality"": ""Canterbury"", ""state_number"": ""33"", ""highway_route"": ""I-93N"", ""nhs_rest_stop"": ""Canterbury Rest Area"", ""number_of_spots"": 15}",2019-01-01 00:00:00+00,ntad_parking,44,unknown,59,50,0,{}
1003,public_rest_area,Springfield Rest Area,NH,10,POINT(-72.1018000001936 43.4679000001095),ntad_parking,18,2026-07-22 08:31:07.98657+00,2019-01-01 00:00:00+00,68,95,17,100,50,{},"{""state"": ""NH"", ""county"": ""Sullivan"", ""OBJECTID"": 1003, ""latitude"": 43.4679, ""longitude"": -72.1018, ""mile_post"": ""39"", ""municipality"": ""Springfield"", ""state_number"": ""33"", ""highway_route"": ""I-89N"", ""nhs_rest_stop"": ""Springfield Rest Area"", ""number_of_spots"": 10}",2019-01-01 00:00:00+00,ntad_parking,44,unknown,59,50,0,{}
1004,public_rest_area,Sanbornton Rest Area,NH,9,POINT(-71.5988009997401 43.4915529997074),ntad_parking,18,2026-07-22 08:31:07.98657+00,2019-01-01 00:00:00+00,68,95,17,100,50,{},"{""state"": ""NH"", ""county"": ""Belknap"", ""OBJECTID"": 1004, ""latitude"": 43.491553, ""longitude"": -71.598801, ""mile_post"": ""61"", ""municipality"": ""Sanbornton"", ""state_number"": ""33"", ""highway_route"": ""I-93S"", ""nhs_rest_stop"": ""Sanbornton Rest Area"", ""number_of_spots"": 9}",2019-01-01 00:00:00+00,ntad_parking,44,unknown,59,50,0,{}
1005,public_rest_area,Lebanon Rest Area,NH,8,POINT(-72.2611999999021 43.6488000002553),ntad_parking,18,2026-07-22 08:31:07.98657+00,2019-01-01 00:00:00+00,68,95,17,100,50,{},"{""state"": ""NH"", ""county"": ""Grafton"", ""OBJECTID"": 1005, ""latitude"": 43.6488, ""longitude"": -72.2612, ""mile_post"": ""57"", ""municipality"": ""Lebanon"", ""state_number"": ""33"", ""highway_route"": ""I-89S"", ""nhs_rest_stop"": ""Lebanon Rest Area"", ""number_of_spots"": 8}",2019-01-01 00:00:00+00,ntad_parking,44,unknown,59,50,0,{}
1006,public_rest_area,North Conway Rest Area,NH,4,POINT(-71.139500000107 44.0784999999614),ntad_parking,18,2026-07-22 08:31:07.98657+00,2019-01-01 00:00:00+00,68,95,17,100,50,{},"{""state"": ""NH"", ""county"": ""Carroll"", ""OBJECTID"": 1006, ""latitude"": 44.0785, ""longitude"": -71.1395, ""mile_post"": ""NA"", ""municipality"": ""North Conway"", ""state_number"": ""33"", ""highway_route"": ""Rt. 16E"", ""nhs_rest_stop"": ""North Conway Rest Area"", ""number_of_spots"": 4}",2019-01-01 00:00:00+00,ntad_parking,44,unknown,59,50,0,{}
1007,public_rest_area,Littleton Rest Area,NH,10,POINT(-71.8724999996447 44.3268000001235),ntad_parking,18,2026-07-22 08:31:07.98657+00,2019-01-01 00:00:00+00,68,95,17,100,50,{},"{""state"": ""NH"", ""county"": ""Grafton"", ""OBJECTID"": 1007, ""latitude"": 44.3268, ""longitude"": -71.8725, ""mile_post"": ""Exit 44"", ""municipality"": ""Littleton"", ""state_number"": ""33"", ""highway_route"": ""I-93"", ""nhs_rest_stop"": ""Littleton Rest Area"", ""number_of_spots"": 10}",2019-01-01 00:00:00+00,ntad_parking,44,unknown,59,50,0,{}
1008,public_rest_area,Colebrook Rest Area,NH,2,POINT(-71.5079999995921 44.9245999997216),ntad_parking,18,2026-07-22 08:31:07.98657+00,2019-01-01 00:00:00+00,68,95,17,100,50,{},"{""state"": ""NH"", ""county"": ""Coos"", ""OBJECTID"": 1008, ""latitude"": 44.9246, ""longitude"": -71.508, ""mile_post"": ""NA"", ""municipality"": ""Colebrook"", ""state_number"": ""33"", ""highway_route"": ""Rt. 3N"", ""nhs_rest_stop"": ""Colebrook Rest Area"", ""number_of_spots"": 2}",2019-01-01 00:00:00+00,ntad_parking,44,unknown,59,50,0,{}
1009,public_rest_area,Ocean View,NJ,12,POINT(-74.72322100042 39.1812830002793),ntad_parking,18,2026-07-22 08:31:07.98657+00,2019-01-01 00:00:00+00,68,95,17,100,50,{},"{""state"": ""NJ"", ""county"": ""Cape May"", ""OBJECTID"": 1009, ""latitude"": 39.181283, ""longitude"": -74.723221, ""mile_post"": ""18.3"", ""municipality"": ""Dennis"", ""state_number"": ""34"", ""highway_route"": ""Garden State Pkwy"", ""nhs_rest_stop"": ""Ocean View"", ""number_of_spots"": 12}",2019-01-01 00:00:00+00,ntad_parking,44,unknown,59,50,0,{}
101,public_rest_area,Buttonwillow Northbound,CA,33,POINT(-119.422949999725 35.4176399998036),ntad_parking,18,2026-07-22 08:31:07.98657+00,2019-01-01 00:00:00+00,68,95,17,100,50,{},"{""state"": ""CA"", ""county"": ""Kern"", ""OBJECTID"": 101, ""latitude"": 35.41764, ""longitude"": -119.42295, ""mile_post"": ""PM 54.1"", ""municipality"": ""Buttonwillow"", ""state_number"": ""06"", ""highway_route"": ""I-5 N"", ""nhs_rest_stop"": ""Buttonwillow Northbound"", ""number_of_spots"": 33}",2019-01-01 00:00:00+00,ntad_parking,44,unknown,59,50,0,{}
1010,public_rest_area,Atlantic City Service Area,NJ,10,POINT(-74.5289699995763 39.4708619998963),ntad_parking,18,2026-07-22 08:31:07.98657+00,2019-01-01 00:00:00+00,68,95,17,100,50,{},"{""state"": ""NJ"", ""county"": ""Atlantic"", ""OBJECTID"": 1010, ""latitude"": 39.470862, ""longitude"": -74.52897, ""mile_post"": ""40.8"", ""municipality"": ""Galloway"", ""state_number"": ""34"", ""highway_route"": ""Garden State Pkwy"", ""nhs_rest_stop"": ""Atlantic City Service Area"", ""number_of_spots"": 10}",2019-01-01 00:00:00+00,ntad_parking,44,unknown,59,50,0,{}
1011,public_rest_area,Farley Service Plaza,NJ,14,POINT(-74.7350640001553 39.5502600001004),ntad_parking,18,2026-07-22 08:31:07.98657+00,2019-01-01 00:00:00+00,68,95,17,100,50,{},"{""state"": ""NJ"", ""county"": ""Atlantic"", ""OBJECTID"": 1011, ""latitude"": 39.55026, ""longitude"": -74.735064, ""mile_post"": ""21.2"", ""municipality"": ""Hamilton"", ""state_number"": ""34"", ""highway_route"": ""Atlantic City Expwy"", ""nhs_rest_stop"": ""Farley Service Plaza"", ""number_of_spots"": 14}",2019-01-01 00:00:00+00,ntad_parking,44,unknown,59,50,0,{}
1012,public_rest_area,John Fenwick,NJ,18,POINT(-75.394648000017 39.6964229996693),ntad_parking,18,2026-07-22 08:31:07.98657+00,2019-01-01 00:00:00+00,68,95,17,100,50,{},"{""state"": ""NJ"", ""county"": ""Salem"", ""OBJECTID"": 1012, ""latitude"": 39.696423, ""longitude"": -75.394648, ""mile_post"": ""5.4"", ""municipality"": ""Oldmans"", ""state_number"": ""34"", ""highway_route"": ""NJ Turnpike NB\n\""to I-95\"""", ""nhs_rest_stop"": ""John Fenwick"", ""number_of_spots"": 18}",2019-01-01 00:00:00+00,ntad_parking,44,unknown,59,50,0,{}
1013,public_rest_area,Clara Barton,NJ,18,POINT(-75.396667000449 39.6978590001484),ntad_parking,18,2026-07-22 08:31:07.98657+00,2019-01-01 00:00:00+00,68,95,17,100,50,{},"{""state"": ""NJ"", ""county"": ""Salem"", ""OBJECTID"": 1013, ""latitude"": 39.697859, ""longitude"": -75.396667, ""mile_post"": ""5.4"", ""municipality"": ""Oldmans"", ""state_number"": ""34"", ""highway_route"": ""NJ Turnpike NB\n\""to I-95\"""", ""nhs_rest_stop"": ""Clara Barton"", ""number_of_spots"": 18}",2019-01-01 00:00:00+00,ntad_parking,44,unknown,59,50,0,{}
1014,public_rest_area,Walt Whitman,NJ,31,POINT(-74.9977000002992 39.8859000000957),ntad_parking,18,2026-07-22 08:31:07.98657+00,2019-01-01 00:00:00+00,68,95,17,100,50,{},"{""state"": ""NJ"", ""county"": ""Camden"", ""OBJECTID"": 1014, ""latitude"": 39.8859, ""longitude"": -74.9977, ""mile_post"": ""30.2"", ""municipality"": ""Cherry Hill"", ""state_number"": ""34"", ""highway_route"": ""I-95 SB"", ""nhs_rest_stop"": ""Walt Whitman"", ""number_of_spots"": 31}",2019-01-01 00:00:00+00,ntad_parking,44,unknown,59,50,0,{}
1015,public_rest_area,James Fenimore Cooper,NJ,47,POINT(-74.8887999998266 39.9802000000595),ntad_parking,18,2026-07-22 08:31:07.98657+00,2019-01-01 00:00:00+00,68,95,17,100,50,{},"{""state"": ""NJ"", ""county"": ""Burlington"", ""OBJECTID"": 1015, ""latitude"": 39.9802, ""longitude"": -74.8888, ""mile_post"": ""39.4"", ""municipality"": ""Mt. Laurel"", ""state_number"": ""34"", ""highway_route"": ""I-95 NB"", ""nhs_rest_stop"": ""James Fenimore Cooper"", ""number_of_spots"": 47}",2019-01-01 00:00:00+00,ntad_parking,44,unknown,59,50,0,{}
1016,public_rest_area,Woodrow Wilson,NJ,42,POINT(-74.6299000004229 40.1792000003121),ntad_parking,18,2026-07-22 08:31:07.98657+00,2019-01-01 00:00:00+00,68,95,17,100,50,{},"{""state"": ""NJ"", ""county"": ""Mercer"", ""OBJECTID"": 1016, ""latitude"": 40.1792, ""longitude"": -74.6299, ""mile_post"": ""58.7"", ""municipality"": ""Hamilton"", ""state_number"": ""34"", ""highway_route"": ""I-95 NB"", ""nhs_rest_stop"": ""Woodrow Wilson"", ""number_of_spots"": 42}",2019-01-01 00:00:00+00,ntad_parking,44,unknown,59,50,0,{}
1017,public_rest_area,Richard Stockton,NJ,42,POINT(-74.6306999995907 40.1831000000186),ntad_parking,18,2026-07-22 08:31:07.98657+00,2019-01-01 00:00:00+00,68,95,17,100,50,{},"{""state"": ""NJ"", ""county"": ""Mercer"", ""OBJECTID"": 1017, ""latitude"": 40.1831, ""longitude"": -74.6307, ""mile_post"": ""58.7"", ""municipality"": ""Hamilton"", ""state_number"": ""34"", ""highway_route"": ""I-95 SB"", ""nhs_rest_stop"": ""Richard Stockton"", ""number_of_spots"": 42}",2019-01-01 00:00:00+00,ntad_parking,44,unknown,59,50,0,{}
1018,public_rest_area,Molly Pitcher,NJ,80,POINT(-74.4881990001075 40.3210599999231),ntad_parking,18,2026-07-22 08:31:07.98657+00,2019-01-01 00:00:00+00,68,95,17,100,50,{},"{""state"": ""NJ"", ""county"": ""Mercer"", ""OBJECTID"": 1018, ""latitude"": 40.32106, ""longitude"": -74.488199, ""mile_post"": ""71.7"", ""municipality"": ""Cranbury"", ""state_number"": ""34"", ""highway_route"": ""I-95 SB"", ""nhs_rest_stop"": ""Molly Pitcher"", ""number_of_spots"": 80}",2019-01-01 00:00:00+00,ntad_parking,44,unknown,59,50,0,{}
1019,public_rest_area,Joyce Kilmer,NJ,53,POINT(-74.4438309998157 40.4167140001968),ntad_parking,18,2026-07-22 08:31:07.98657+00,2019-01-01 00:00:00+00,68,95,17,100,50,{},"{""state"": ""NJ"", ""county"": ""Middlesex"", ""OBJECTID"": 1019, ""latitude"": 40.416714, ""longitude"": -74.443831, ""mile_post"": ""78.7"", ""municipality"": ""East Brunswick"", ""state_number"": ""34"", ""highway_route"": ""I-95 NB"", ""nhs_rest_stop"": ""Joyce Kilmer"", ""number_of_spots"": 53}",2019-01-01 00:00:00+00,ntad_parking,44,unknown,59,50,0,{}
102,public_rest_area,Buttonwillow Southbound,CA,33,POINT(-119.422949999725 35.4176399998036),ntad_parking,18,2026-07-22 08:31:07.98657+00,2019-01-01 00:00:00+00,68,95,17,100,50,{},"{""state"": ""CA"", ""county"": ""Kern"", ""OBJECTID"": 102, ""latitude"": 35.41764, ""longitude"": -119.42295, ""mile_post"": ""PM 54.1"", ""municipality"": ""Buttonwillow"", ""state_number"": ""06"", ""highway_route"": ""I-5 S"", ""nhs_rest_stop"": ""Buttonwillow Southbound"", ""number_of_spots"": 33}",2019-01-01 00:00:00+00,ntad_parking,44,unknown,59,50,0,{}
1020,public_rest_area,Grover Cleveland,NJ,46,POINT(-74.2631890003177 40.5569809998963),ntad_parking,18,2026-07-22 08:31:07.98657+00,2019-01-01 00:00:00+00,68,95,17,100,50,{},"{""state"": ""NJ"", ""county"": ""Middlesex"", ""OBJECTID"": 1020, ""latitude"": 40.556981, ""longitude"": -74.263189, ""mile_post"": ""92.9"", ""municipality"": ""Woodbridge"", ""state_number"": ""34"", ""highway_route"": ""I-95 NB"", ""nhs_rest_stop"": ""Grover Cleveland"", ""number_of_spots"": 46}",2019-01-01 00:00:00+00,ntad_parking,44,unknown,59,50,0,{}
1021,public_rest_area,Thomas Edison,NJ,40,POINT(-74.2645559999232 40.5600030003229),ntad_parking,18,2026-07-22 08:31:07.98657+00,2019-01-01 00:00:00+00,68,95,17,100,50,{},"{""state"": ""NJ"", ""county"": ""Middlesex"", ""OBJECTID"": 1021, ""latitude"": 40.560003, ""longitude"": -74.264556, ""mile_post"": ""92.9"", ""municipality"": ""Woodbridge"", ""state_number"": ""34"", ""highway_route"": ""I-95 SB"", ""nhs_rest_stop"": ""Thomas Edison"", ""number_of_spots"": 40}",2019-01-01 00:00:00+00,ntad_parking,44,unknown,59,50,0,{}
1022,public_rest_area,UNKNOWN,NJ,7,POINT(-75.0604918999943 40.6588533000223),ntad_parking,18,2026-07-22 08:31:07.98657+00,2019-01-01 00:00:00+00,68,95,17,100,50,{},"{""state"": ""NJ"", ""county"": ""Hunterdon"", ""OBJECTID"": 1022, ""latitude"": 40.6588533, ""longitude"": -75.0604919, ""mile_post"": ""8"", ""municipality"": ""Greenwich"", ""state_number"": ""34"", ""highway_route"": ""I-78 EB"", ""nhs_rest_stop"": ""UNKNOWN"", ""number_of_spots"": 7}",2019-01-01 00:00:00+00,ntad_parking,44,unknown,59,50,0,{}
1023,public_rest_area,UNKNOWN,NJ,7,POINT(-75.0595369998304 40.6597650001703),ntad_parking,18,2026-07-22 08:31:07.98657+00,2019-01-01 00:00:00+00,68,95,17,100,50,{},"{""state"": ""NJ"", ""county"": ""Hunterdon"", ""OBJECTID"": 1023, ""latitude"": 40.659765, ""longitude"": -75.059537, ""mile_post"": ""8"", ""municipality"": ""Greenwich"", ""state_number"": ""34"", ""highway_route"": ""I-78 WB"", ""nhs_rest_stop"": ""UNKNOWN"", ""number_of_spots"": 7}",2019-01-01 00:00:00+00,ntad_parking,44,unknown,59,50,0,{}
1024,public_rest_area,Harding Township (I-287 NB) Rest Area,NJ,20,POINT(-74.5119590000963 40.7612600001966),ntad_parking,18,2026-07-22 08:31:07.98657+00,2019-01-01 00:00:00+00,68,95,17,100,50,{},"{""state"": ""NJ"", ""county"": ""Morris"", ""OBJECTID"": 1024, ""latitude"": 40.76126, ""longitude"": -74.511959, ""mile_post"": ""33"", ""municipality"": ""Harding"", ""state_number"": ""34"", ""highway_route"": ""I-287 NB"", ""nhs_rest_stop"": ""Harding Township (I-287 NB) Rest Area"", ""number_of_spots"": 20}",2019-01-01 00:00:00+00,ntad_parking,44,unknown,59,50,0,{}
1025,public_rest_area,Alexander Hamilton,NJ,33,POINT(-74.0651520003018 40.7699529999916),ntad_parking,18,2026-07-22 08:31:07.98657+00,2019-01-01 00:00:00+00,68,95,17,100,50,{},"{""state"": ""NJ"", ""county"": ""Hudson"", ""OBJECTID"": 1025, ""latitude"": 40.769953, ""longitude"": -74.065152, ""mile_post"": ""111.6"", ""municipality"": ""Secaucus"", ""state_number"": ""34"", ""highway_route"": ""I-95 SB"", ""nhs_rest_stop"": ""Alexander Hamilton"", ""number_of_spots"": 33}",2019-01-01 00:00:00+00,ntad_parking,44,unknown,59,50,0,{}
1026,public_rest_area,Vince Lombardi,NJ,164,POINT(-74.0297219999317 40.8227030001003),ntad_parking,18,2026-07-22 08:31:07.98657+00,2019-01-01 00:00:00+00,68,95,17,100,50,{},"{""state"": ""NJ"", ""county"": ""Bergen"", ""OBJECTID"": 1026, ""latitude"": 40.822703, ""longitude"": -74.029722, ""mile_post"": ""115.9"", ""municipality"": ""Ridgefield"", ""state_number"": ""34"", ""highway_route"": ""I-95 NB/SB"", ""nhs_rest_stop"": ""Vince Lombardi"", ""number_of_spots"": 164}",2019-01-01 00:00:00+00,ntad_parking,44,unknown,59,50,0,{}
1027,public_rest_area,UNKNOWN,NJ,10,POINT(-74.6068869998985 40.9061219997781),ntad_parking,18,2026-07-22 08:31:07.98657+00,2019-01-01 00:00:00+00,68,95,17,100,50,{},"{""state"": ""NJ"", ""county"": ""Morris"", ""OBJECTID"": 1027, ""latitude"": 40.906122, ""longitude"": -74.606887, ""mile_post"": ""32"", ""municipality"": ""Roxbury"", ""state_number"": ""34"", ""highway_route"": ""I-80 WB"", ""nhs_rest_stop"": ""UNKNOWN"", ""number_of_spots"": 10}",2019-01-01 00:00:00+00,ntad_parking,44,unknown,59,50,0,{}
1028,public_rest_area,UNKNOWN,NJ,9,POINT(-74.7895090003688 40.9241860000281),ntad_parking,18,2026-07-22 08:31:07.98657+00,2019-01-01 00:00:00+00,68,95,17,100,50,{},"{""state"": ""NJ"", ""county"": ""Warren"", ""OBJECTID"": 1028, ""latitude"": 40.924186, ""longitude"": -74.789509, ""mile_post"": ""21.5"", ""municipality"": ""Allamuchy"", ""state_number"": ""34"", ""highway_route"": ""I-80 EB"", ""nhs_rest_stop"": ""UNKNOWN"", ""number_of_spots"": 9}",2019-01-01 00:00:00+00,ntad_parking,44,unknown,59,50,0,{}
1029,public_rest_area,UNKNOWN,NJ,9,POINT(-74.7895090003688 40.9241860000281),ntad_parking,18,2026-07-22 08:31:07.98657+00,2019-01-01 00:00:00+00,68,95,17,100,50,{},"{""state"": ""NJ"", ""county"": ""Warren"", ""OBJECTID"": 1029, ""latitude"": 40.924186, ""longitude"": -74.789509, ""mile_post"": ""21.5"", ""municipality"": ""Allamuchy"", ""state_number"": ""34"", ""highway_route"": ""I-80 WB"", ""nhs_rest_stop"": ""UNKNOWN"", ""number_of_spots"": 9}",2019-01-01 00:00:00+00,ntad_parking,44,unknown,59,50,0,{}
103,public_rest_area,Valley Wells Northbound,CA,17,POINT(-115.706480000161 35.4327499997792),ntad_parking,18,2026-07-22 08:31:07.98657+00,2019-01-01 00:00:00+00,68,95,17,100,50,{},"{""state"": ""CA"", ""county"": ""San Bernardino"", ""OBJECTID"": 103, ""latitude"": 35.43275, ""longitude"": -115.70648, ""mile_post"": ""PM 160.8"", ""municipality"": ""Halloran Springs"", ""state_number"": ""06"", ""highway_route"": ""I-15 N"", ""nhs_rest_stop"": ""Valley Wells Northbound"", ""number_of_spots"": 17}",2019-01-01 00:00:00+00,ntad_parking,44,unknown,59,50,0,{}
1030,public_rest_area,UNKNOWN,NJ,23,POINT(-75.0398469995943 40.9269849998907),ntad_parking,18,2026-07-22 08:31:07.98657+00,2019-01-01 00:00:00+00,68,95,17,100,50,{},"{""state"": ""NJ"", ""county"": ""Warren"", ""OBJECTID"": 1030, ""latitude"": 40.926985, ""longitude"": -75.039847, ""mile_post"": ""7.2"", ""municipality"": ""Knowlton"", ""state_number"": ""34"", ""highway_route"": ""I-80 EB"", ""nhs_rest_stop"": ""UNKNOWN"", ""number_of_spots"": 23}",2019-01-01 00:00:00+00,ntad_parking,44,unknown,59,50,0,{}
1031,public_rest_area,NHS Rest Stop 6: Anthony Welcome Center,NM,17,POINT(-106.581300000134 32.0065400000658),ntad_parking,18,2026-07-22 08:31:07.98657+00,2019-01-01 00:00:00+00,68,95,17,100,50,{},"{""state"": ""NM"", ""county"": ""Dona Ana"", ""OBJECTID"": 1031, ""latitude"": 32.00654, ""longitude"": -106.5813, ""mile_post"": ""164"", ""municipality"": ""Anthony"", ""state_number"": ""35"", ""highway_route"": ""I-10N"", ""nhs_rest_stop"": ""NHS Rest Stop 6: Anthony Welcome Center"", ""number_of_spots"": 17}",2019-01-01 00:00:00+00,ntad_parking,44,unknown,59,50,0,{}
1032,public_rest_area,NHS Rest Stop 2: Yucca,NM,10,POINT(-108.248602999612 32.2030169996612),ntad_parking,18,2026-07-22 08:31:07.98657+00,2019-01-01 00:00:00+00,68,95,17,100,50,{},"{""state"": ""NM"", ""county"": ""Luna"", ""OBJECTID"": 1032, ""latitude"": 32.203017, ""longitude"": -108.248603, ""mile_post"": ""54"", ""municipality"": ""Deming"", ""state_number"": ""35"", ""highway_route"": ""I-10E"", ""nhs_rest_stop"": ""NHS Rest Stop 2: Yucca"", ""number_of_spots"": 10}",2019-01-01 00:00:00+00,ntad_parking,44,unknown,59,50,0,{}
1033,public_rest_area,NHS Rest Stop 3: Gage,NM,13,POINT(-108.12280600036 32.2244009997425),ntad_parking,18,2026-07-22 08:31:07.98657+00,2019-01-01 00:00:00+00,68,95,17,100,50,{},"{""state"": ""NM"", ""county"": ""Luna"", ""OBJECTID"": 1033, ""latitude"": 32.224401, ""longitude"": -108.122806, ""mile_post"": ""61"", ""municipality"": ""Gage"", ""state_number"": ""35"", ""highway_route"": ""I-10W"", ""nhs_rest_stop"": ""NHS Rest Stop 3: Gage"", ""number_of_spots"": 13}",2019-01-01 00:00:00+00,ntad_parking,44,unknown,59,50,0,{}
1034,public_rest_area,NHS Rest Stop 5: Fairacres (scenic view/overlook),NM,10,POINT(-106.866749999712 32.2814399997456),ntad_parking,18,2026-07-22 08:31:07.98657+00,2019-01-01 00:00:00+00,68,95,17,100,50,{},"{""state"": ""NM"", ""county"": ""Dona Ana"", ""OBJECTID"": 1034, ""latitude"": 32.28144, ""longitude"": -106.86675, ""mile_post"": ""135"", ""municipality"": ""Las Cruces"", ""state_number"": ""35"", ""highway_route"": ""I-10E"", ""nhs_rest_stop"": ""NHS Rest Stop 5: Fairacres (scenic view/overlook)"", ""number_of_spots"": 10}",2019-01-01 00:00:00+00,ntad_parking,44,unknown,59,50,0,{}
1035,public_rest_area,NHS Rest Stop 1: Road Forks (name from original survey),NM,10,POINT(-108.742814999756 32.3524849998636),ntad_parking,18,2026-07-22 08:31:07.98657+00,2019-01-01 00:00:00+00,68,95,17,100,50,{},"{""state"": ""NM"", ""county"": ""Hidalgo"", ""OBJECTID"": 1035, ""latitude"": 32.352485, ""longitude"": -108.742815, ""mile_post"": ""21"", ""municipality"": ""Lordsburg (Welcome Center)"", ""state_number"": ""35"", ""highway_route"": ""I-10E"", ""nhs_rest_stop"": ""NHS Rest Stop 1: Road Forks (name from original survey)"", ""number_of_spots"": 10}",2019-01-01 00:00:00+00,ntad_parking,44,unknown,59,50,0,{}
1036,public_rest_area,NHS Rest Stop 4: Butterfield Trail,NM,4,POINT(-107.978868000053 32.4955739997735),ntad_parking,18,2026-07-22 08:31:07.98657+00,2019-01-01 00:00:00+00,68,95,17,100,50,{},"{""state"": ""NM"", ""county"": ""Luna"", ""OBJECTID"": 1036, ""latitude"": 32.495574, ""longitude"": -107.978868, ""mile_post"": ""145"", ""municipality"": ""Deming"", ""state_number"": ""35"", ""highway_route"": ""US 180S"", ""nhs_rest_stop"": ""NHS Rest Stop 4: Butterfield Trail"", ""number_of_spots"": 4}",2019-01-01 00:00:00+00,ntad_parking,44,unknown,59,50,0,{}
1037,public_rest_area,NHS Rest Stop 7: Ft. Selden,NM,4,POINT(-106.921421999706 32.5509969999655),ntad_parking,18,2026-07-22 08:31:07.98657+00,2019-01-01 00:00:00+00,68,95,17,100,50,{},"{""state"": ""NM"", ""county"": ""Dona Ana"", ""OBJECTID"": 1037, ""latitude"": 32.550997, ""longitude"": -106.921422, ""mile_post"": ""23"", ""municipality"": ""Radium Springs"", ""state_number"": ""35"", ""highway_route"": ""I-25N"", ""nhs_rest_stop"": ""NHS Rest Stop 7: Ft. Selden"", ""number_of_spots"": 4}",2019-01-01 00:00:00+00,ntad_parking,44,unknown,59,50,0,{}
1038,public_rest_area,NHS Rest Stop 8: Ft. Selden,NM,3,POINT(-106.92340000013 32.552600000206),ntad_parking,18,2026-07-22 08:31:07.98657+00,2019-01-01 00:00:00+00,68,95,17,100,50,{},"{""state"": ""NM"", ""county"": ""Dona Ana"", ""OBJECTID"": 1038, ""latitude"": 32.5526, ""longitude"": -106.9234, ""mile_post"": ""23"", ""municipality"": ""Radium Springs"", ""state_number"": ""35"", ""highway_route"": ""I-25S"", ""nhs_rest_stop"": ""NHS Rest Stop 8: Ft. Selden"", ""number_of_spots"": 3}",2019-01-01 00:00:00+00,ntad_parking,44,unknown,59,50,0,{}
1039,public_rest_area,NHS Rest Stop 18: City of Hobbs/K.L. Towle,NM,9,POINT(-103.089801999826 32.7265700002046),ntad_parking,18,2026-07-22 08:31:07.98657+00,2019-01-01 00:00:00+00,68,95,17,100,50,{},"{""state"": ""NM"", ""county"": ""Lea"", ""OBJECTID"": 1039, ""latitude"": 32.72657, ""longitude"": -103.089802, ""mile_post"": ""108"", ""municipality"": ""Hobbs"", ""state_number"": ""35"", ""highway_route"": ""US 62/180N&S"", ""nhs_rest_stop"": ""NHS Rest Stop 18: City of Hobbs/K.L. Towle"", ""number_of_spots"": 9}",2019-01-01 00:00:00+00,ntad_parking,44,unknown,59,50,0,{}
104,public_rest_area,Valley Wells Southbound,CA,17,POINT(-115.706480000161 35.4327499997792),ntad_parking,18,2026-07-22 08:31:07.98657+00,2019-01-01 00:00:00+00,68,95,17,100,50,{},"{""state"": ""CA"", ""county"": ""San Bernardino"", ""OBJECTID"": 104, ""latitude"": 35.43275, ""longitude"": -115.70648, ""mile_post"": ""PM 160.8"", ""municipality"": ""Halloran Springs"", ""state_number"": ""06"", ""highway_route"": ""I-15 S"", ""nhs_rest_stop"": ""Valley Wells Southbound"", ""number_of_spots"": 17}",2019-01-01 00:00:00+00,ntad_parking,44,unknown,59,50,0,{}
1040,public_rest_area,NHS Rest Stop 19: Maljamar,NM,2,POINT(-103.793297000045 32.8569500003666),ntad_parking,18,2026-07-22 08:31:07.98657+00,2019-01-01 00:00:00+00,68,95,17,100,50,{},"{""state"": ""NM"", ""county"": ""Lea"", ""OBJECTID"": 1040, ""latitude"": 32.85695, ""longitude"": -103.793297, ""mile_post"": ""143"", ""municipality"": ""Maljamar"", ""state_number"": ""35"", ""highway_route"": ""US 82S"", ""nhs_rest_stop"": ""NHS Rest Stop 19: Maljamar"", ""number_of_spots"": 2}",2019-01-01 00:00:00+00,ntad_parking,44,unknown,59,50,0,{}
1041,public_rest_area,NHS Rest Stop 20: Waldrop,NM,4,POINT(-103.814675000277 33.4179650002479),ntad_parking,18,2026-07-22 08:31:07.98657+00,2019-01-01 00:00:00+00,68,95,17,100,50,{},"{""state"": ""NM"", ""county"": ""Chaves"", ""OBJECTID"": 1041, ""latitude"": 33.417965, ""longitude"": -103.814675, ""mile_post"": ""196"", ""municipality"": ""Roswell"", ""state_number"": ""35"", ""highway_route"": ""US 380E"", ""nhs_rest_stop"": ""NHS Rest Stop 20: Waldrop"", ""number_of_spots"": 4}",2019-01-01 00:00:00+00,ntad_parking,44,unknown,59,50,0,{}
1042,public_rest_area,NHS Rest Stop 9: Ft. Craig,NM,4,POINT(-107.137373999924 33.6214160003409),ntad_parking,18,2026-07-22 08:31:07.98657+00,2019-01-01 00:00:00+00,68,95,17,100,50,{},"{""state"": ""NM"", ""county"": ""Socorro"", ""OBJECTID"": 1042, ""latitude"": 33.621416, ""longitude"": -107.137374, ""mile_post"": ""114"", ""municipality"": ""Magdalena"", ""state_number"": ""35"", ""highway_route"": ""I-25N"", ""nhs_rest_stop"": ""NHS Rest Stop 9: Ft. Craig"", ""number_of_spots"": 4}",2019-01-01 00:00:00+00,ntad_parking,44,unknown,59,50,0,{}
1043,public_rest_area,NHS Rest Stop 10: Ft. Craig,NM,11,POINT(-107.138311000257 33.6225889998891),ntad_parking,18,2026-07-22 08:31:07.98657+00,2019-01-01 00:00:00+00,68,95,17,100,50,{},"{""state"": ""NM"", ""county"": ""Socorro"", ""OBJECTID"": 1043, ""latitude"": 33.622589, ""longitude"": -107.138311, ""mile_post"": ""114"", ""municipality"": ""Magdalena"", ""state_number"": ""35"", ""highway_route"": ""I-25S"", ""nhs_rest_stop"": ""NHS Rest Stop 10: Ft. Craig"", ""number_of_spots"": 11}",2019-01-01 00:00:00+00,ntad_parking,44,unknown,59,50,0,{}
1044,public_rest_area,NHS Rest Stop 21: Mesa,NM,5,POINT(-104.641073999629 33.9531319998355),ntad_parking,18,2026-07-22 08:31:07.98657+00,2019-01-01 00:00:00+00,68,95,17,100,50,{},"{""state"": ""NM"", ""county"": ""Chaves"", ""OBJECTID"": 1044, ""latitude"": 33.953132, ""longitude"": -104.641074, ""mile_post"": ""150"", ""municipality"": ""Roswell"", ""state_number"": ""35"", ""highway_route"": ""US 285N"", ""nhs_rest_stop"": ""NHS Rest Stop 21: Mesa"", ""number_of_spots"": 5}",2019-01-01 00:00:00+00,ntad_parking,44,unknown,59,50,0,{}
1045,public_rest_area,NHS Rest Stop 11: Walking Sands,NM,8,POINT(-106.88943000015 34.3032620001105),ntad_parking,18,2026-07-22 08:31:07.98657+00,2019-01-01 00:00:00+00,68,95,17,100,50,{},"{""state"": ""NM"", ""county"": ""Socorro"", ""OBJECTID"": 1045, ""latitude"": 34.303262, ""longitude"": -106.88943, ""mile_post"": ""167"", ""municipality"": ""La Joya"", ""state_number"": ""35"", ""highway_route"": ""I-25N"", ""nhs_rest_stop"": ""NHS Rest Stop 11: Walking Sands"", ""number_of_spots"": 8}",2019-01-01 00:00:00+00,ntad_parking,44,unknown,59,50,0,{}
1046,public_rest_area,NHS Rest Stop 12: Walking Sands,NM,8,POINT(-106.890385000027 34.3055840001385),ntad_parking,18,2026-07-22 08:31:07.98657+00,2019-01-01 00:00:00+00,68,95,17,100,50,{},"{""state"": ""NM"", ""county"": ""Socorro"", ""OBJECTID"": 1046, ""latitude"": 34.305584, ""longitude"": -106.890385, ""mile_post"": ""167"", ""municipality"": ""La Joya"", ""state_number"": ""35"", ""highway_route"": ""I-25S"", ""nhs_rest_stop"": ""NHS Rest Stop 12: Walking Sands"", ""number_of_spots"": 8}",2019-01-01 00:00:00+00,ntad_parking,44,unknown,59,50,0,{}
1047,public_rest_area,NHS Rest Stop 28: Anton Chico,NM,17,POINT(-105.086277999817 34.9803880000593),ntad_parking,18,2026-07-22 08:31:07.98657+00,2019-01-01 00:00:00+00,68,95,17,100,50,{},"{""state"": ""NM"", ""county"": ""Guadalupe"", ""OBJECTID"": 1047, ""latitude"": 34.980388, ""longitude"": -105.086278, ""mile_post"": ""251"", ""municipality"": ""Santa Rosa"", ""state_number"": ""35"", ""highway_route"": ""I-40W"", ""nhs_rest_stop"": ""NHS Rest Stop 28: Anton Chico"", ""number_of_spots"": 17}",2019-01-01 00:00:00+00,ntad_parking,44,unknown,59,50,0,{}
1048,public_rest_area,NHS Rest Stop 27: Anton Chico,NM,14,POINT(-105.079807999866 34.9817859998767),ntad_parking,18,2026-07-22 08:31:07.98657+00,2019-01-01 00:00:00+00,68,95,17,100,50,{},"{""state"": ""NM"", ""county"": ""Guadalupe"", ""OBJECTID"": 1048, ""latitude"": 34.981786, ""longitude"": -105.079808, ""mile_post"": ""251"", ""municipality"": ""Santa Rosa"", ""state_number"": ""35"", ""highway_route"": ""I-40E"", ""nhs_rest_stop"": ""NHS Rest Stop 27: Anton Chico"", ""number_of_spots"": 14}",2019-01-01 00:00:00+00,ntad_parking,44,unknown,59,50,0,{}
1049,public_rest_area,NHS Rest Stop 26: Rattlesnake Draw,NM,12,POINT(-105.851212000082 35.0046379999845),ntad_parking,18,2026-07-22 08:31:07.98657+00,2019-01-01 00:00:00+00,68,95,17,100,50,{},"{""state"": ""NM"", ""county"": ""Torrance"", ""OBJECTID"": 1049, ""latitude"": 35.004638, ""longitude"": -105.851212, ""mile_post"": ""207"", ""municipality"": ""Moriarty"", ""state_number"": ""35"", ""highway_route"": ""I-40W"", ""nhs_rest_stop"": ""NHS Rest Stop 26: Rattlesnake Draw"", ""number_of_spots"": 12}",2019-01-01 00:00:00+00,ntad_parking,44,unknown,59,50,0,{}
105,public_rest_area,Shandon,CA,17,POINT(-120.347215999927 35.6758460002911),ntad_parking,18,2026-07-22 08:31:07.98657+00,2019-01-01 00:00:00+00,68,95,17,100,50,{},"{""state"": ""CA"", ""county"": ""San Luis Obispo"", ""OBJECTID"": 105, ""latitude"": 35.675846, ""longitude"": -120.347216, ""mile_post"": ""PM 49.6"", ""municipality"": ""Cholame"", ""state_number"": ""06"", ""highway_route"": ""Hwy 46"", ""nhs_rest_stop"": ""Shandon"", ""number_of_spots"": 17}",2019-01-01 00:00:00+00,ntad_parking,44,unknown,59,50,0,{}
1050,public_rest_area,NHS Rest Stop 25: Rattlesnake Draw,NM,10,POINT(-105.844301999915 35.0061140001006),ntad_parking,18,2026-07-22 08:31:07.98657+00,2019-01-01 00:00:00+00,68,95,17,100,50,{},"{""state"": ""NM"", ""county"": ""Torrance"", ""OBJECTID"": 1050, ""latitude"": 35.006114, ""longitude"": -105.844302, ""mile_post"": ""207"", ""municipality"": ""Moriarty"", ""state_number"": ""35"", ""highway_route"": ""I-40E"", ""nhs_rest_stop"": ""NHS Rest Stop 25: Rattlesnake Draw"", ""number_of_spots"": 10}",2019-01-01 00:00:00+00,ntad_parking,44,unknown,59,50,0,{}
1051,public_rest_area,NHS Rest Stop 30: Pajarito (Newkirk),NM,16,POINT(-104.238582000423 35.0680099996436),ntad_parking,18,2026-07-22 08:31:07.98657+00,2019-01-01 00:00:00+00,68,95,17,100,50,{},"{""state"": ""NM"", ""county"": ""Guadalupe"", ""OBJECTID"": 1051, ""latitude"": 35.06801, ""longitude"": -104.238582, ""mile_post"": ""302"", ""municipality"": ""Cuervo"", ""state_number"": ""35"", ""highway_route"": ""I-40W"", ""nhs_rest_stop"": ""NHS Rest Stop 30: Pajarito (Newkirk)"", ""number_of_spots"": 16}",2019-01-01 00:00:00+00,ntad_parking,44,unknown,59,50,0,{}
1052,public_rest_area,NHS Rest Stop 29: Pajarito (Newkirk),NM,10,POINT(-104.238979000083 35.069370999722),ntad_parking,18,2026-07-22 08:31:07.98657+00,2019-01-01 00:00:00+00,68,95,17,100,50,{},"{""state"": ""NM"", ""county"": ""Guadalupe"", ""OBJECTID"": 1052, ""latitude"": 35.069371, ""longitude"": -104.238979, ""mile_post"": ""302"", ""municipality"": ""Cuervo"", ""state_number"": ""35"", ""highway_route"": ""I-40E"", ""nhs_rest_stop"": ""NHS Rest Stop 29: Pajarito (Newkirk)"", ""number_of_spots"": 10}",2019-01-01 00:00:00+00,ntad_parking,44,unknown,59,50,0,{}
1053,public_rest_area,NHS Rest Stop 24: Acomita,NM,8,POINT(-107.555218999649 35.0729670003427),ntad_parking,18,2026-07-22 08:31:07.98657+00,2019-01-01 00:00:00+00,68,95,17,100,50,{},"{""state"": ""NM"", ""county"": ""Cibola"", ""OBJECTID"": 1053, ""latitude"": 35.072967, ""longitude"": -107.555219, ""mile_post"": ""102"", ""municipality"": ""Acoma Pueblo"", ""state_number"": ""35"", ""highway_route"": ""I-40E&W"", ""nhs_rest_stop"": ""NHS Rest Stop 24: Acomita"", ""number_of_spots"": 8}",2019-01-01 00:00:00+00,ntad_parking,44,unknown,59,50,0,{}
1054,public_rest_area,NHS Rest Stop 31: Llano Estacado/Glen Rio (Welcome Center),NM,52,POINT(-103.04961200014 35.1838050002675),ntad_parking,18,2026-07-22 08:31:07.98657+00,2019-01-01 00:00:00+00,68,95,17,100,50,{},"{""state"": ""NM"", ""county"": ""Quay"", ""OBJECTID"": 1054, ""latitude"": 35.183805, ""longitude"": -103.049612, ""mile_post"": ""373"", ""municipality"": ""San Jon"", ""state_number"": ""35"", ""highway_route"": ""I-40W"", ""nhs_rest_stop"": ""NHS Rest Stop 31: Llano Estacado/Glen Rio (Welcome Center)"", ""number_of_spots"": 52}",2019-01-01 00:00:00+00,ntad_parking,44,unknown,59,50,0,{}
1055,public_rest_area,NHS Rest Stop 23: Manuelito Welcome Center,NM,22,POINT(-109.005049000217 35.3974110000028),ntad_parking,18,2026-07-22 08:31:07.98657+00,2019-01-01 00:00:00+00,68,95,17,100,50,{},"{""state"": ""NM"", ""county"": ""McKinley"", ""OBJECTID"": 1055, ""latitude"": 35.397411, ""longitude"": -109.005049, ""mile_post"": ""3"", ""municipality"": ""Mentmore"", ""state_number"": ""35"", ""highway_route"": ""I-40E"", ""nhs_rest_stop"": ""NHS Rest Stop 23: Manuelito Welcome Center"", ""number_of_spots"": 22}",2019-01-01 00:00:00+00,ntad_parking,44,unknown,59,50,0,{}
1056,public_rest_area,NHS Rest Stop 13: La Bajada (Welcome Center),NM,14,POINT(-106.156531999822 35.5276870000407),ntad_parking,18,2026-07-22 08:31:07.98657+00,2019-01-01 00:00:00+00,68,95,17,100,50,{},"{""state"": ""NM"", ""county"": ""Santa Fe"", ""OBJECTID"": 1056, ""latitude"": 35.527687, ""longitude"": -106.156532, ""mile_post"": ""269"", ""municipality"": ""Santa Fe"", ""state_number"": ""35"", ""highway_route"": ""I-25N"", ""nhs_rest_stop"": ""NHS Rest Stop 13: La Bajada (Welcome Center)"", ""number_of_spots"": 14}",2019-01-01 00:00:00+00,ntad_parking,44,unknown,59,50,0,{}
1057,public_rest_area,NHS Rest Stop 14: Ft. Union,NM,8,POINT(-104.879753000141 35.8658870003018),ntad_parking,18,2026-07-22 08:31:07.98657+00,2019-01-01 00:00:00+00,68,95,17,100,50,{},"{""state"": ""NM"", ""county"": ""Mora"", ""OBJECTID"": 1057, ""latitude"": 35.865887, ""longitude"": -104.879753, ""mile_post"": ""376"", ""municipality"": ""Watrous"", ""state_number"": ""35"", ""highway_route"": ""I-25N"", ""nhs_rest_stop"": ""NHS Rest Stop 14: Ft. Union"", ""number_of_spots"": 8}",2019-01-01 00:00:00+00,ntad_parking,44,unknown,59,50,0,{}
1058,public_rest_area,NHS Rest Stop 15: Ft. Union,NM,7,POINT(-104.858481000214 35.8777289997336),ntad_parking,18,2026-07-22 08:31:07.98657+00,2019-01-01 00:00:00+00,68,95,17,100,50,{},"{""state"": ""NM"", ""county"": ""Mora"", ""OBJECTID"": 1058, ""latitude"": 35.877729, ""longitude"": -104.858481, ""mile_post"": ""376"", ""municipality"": ""Watrous"", ""state_number"": ""35"", ""highway_route"": ""I-25S"", ""nhs_rest_stop"": ""NHS Rest Stop 15: Ft. Union"", ""number_of_spots"": 7}",2019-01-01 00:00:00+00,ntad_parking,44,unknown,59,50,0,{}
1059,public_rest_area,NHS Rest Stop 16: Thaxton,NM,3,POINT(-104.499532000221 36.645726999798),ntad_parking,18,2026-07-22 08:31:07.98657+00,2019-01-01 00:00:00+00,68,95,17,100,50,{},"{""state"": ""NM"", ""county"": ""Colfax"", ""OBJECTID"": 1059, ""latitude"": 36.645727, ""longitude"": -104.499532, ""mile_post"": ""435"", ""municipality"": ""Maxwell"", ""state_number"": ""35"", ""highway_route"": ""I-25N"", ""nhs_rest_stop"": ""NHS Rest Stop 16: Thaxton"", ""number_of_spots"": 3}",2019-01-01 00:00:00+00,ntad_parking,44,unknown,59,50,0,{}
106,public_rest_area,Camp Roberts Northbound,CA,8,POINT(-120.758500000364 35.8311739997019),ntad_parking,18,2026-07-22 08:31:07.98657+00,2019-01-01 00:00:00+00,68,95,17,100,50,{},"{""state"": ""CA"", ""county"": ""Monterey"", ""OBJECTID"": 106, ""latitude"": 35.831174, ""longitude"": -120.7585, ""mile_post"": ""PM 3.1"", ""municipality"": ""Bradley"", ""state_number"": ""06"", ""highway_route"": ""US101N"", ""nhs_rest_stop"": ""Camp Roberts Northbound"", ""number_of_spots"": 8}",2019-01-01 00:00:00+00,ntad_parking,44,unknown,59,50,0,{}
1060,public_rest_area,NHS Rest Stop 17: Thaxton,NM,3,POINT(-104.500611999771 36.6498880000386),ntad_parking,18,2026-07-22 08:31:07.98657+00,2019-01-01 00:00:00+00,68,95,17,100,50,{},"{""state"": ""NM"", ""county"": ""Colfax"", ""OBJECTID"": 1060, ""latitude"": 36.649888, ""longitude"": -104.500612, ""mile_post"": ""435"", ""municipality"": ""Maxwell"", ""state_number"": ""35"", ""highway_route"": ""I-25S"", ""nhs_rest_stop"": ""NHS Rest Stop 17: Thaxton"", ""number_of_spots"": 3}",2019-01-01 00:00:00+00,ntad_parking,44,unknown,59,50,0,{}
1061,public_rest_area,NHS Rest Stop 33: Sierra Grande,NM,26,POINT(-103.786735000032 36.6837280003444),ntad_parking,18,2026-07-22 08:31:07.98657+00,2019-01-01 00:00:00+00,68,95,17,100,50,{},"{""state"": ""NM"", ""county"": ""Union"", ""OBJECTID"": 1061, ""latitude"": 36.683728, ""longitude"": -103.786735, ""mile_post"": ""392"", ""municipality"": ""Des Moines"", ""state_number"": ""35"", ""highway_route"": ""US-64N"", ""nhs_rest_stop"": ""NHS Rest Stop 33: Sierra Grande"", ""number_of_spots"": 26}",2019-01-01 00:00:00+00,ntad_parking,44,unknown,59,50,0,{}
1062,public_rest_area,Southern Nv Rest Stop,NV,30,POINT(-114.859599999829 35.2226030001207),ntad_parking,18,2026-07-22 08:31:07.98657+00,2019-01-01 00:00:00+00,68,95,17,100,50,{},"{""state"": ""NV"", ""county"": ""Clark"", ""OBJECTID"": 1062, ""latitude"": 35.222603, ""longitude"": -114.8596, ""mile_post"": ""3"", ""municipality"": ""Cal Nev Ari"", ""state_number"": ""32"", ""highway_route"": ""US95"", ""nhs_rest_stop"": ""Southern Nv Rest Stop"", ""number_of_spots"": 30}",2019-01-01 00:00:00+00,ntad_parking,44,unknown,59,50,0,{}
1063,public_rest_area,NB Mile Post-88 Truck Turnout,NV,8,POINT(-114.609413000216 36.6272970003531),ntad_parking,18,2026-07-22 08:31:07.98657+00,2019-01-01 00:00:00+00,68,95,17,100,50,{},"{""state"": ""NV"", ""county"": ""Clark"", ""OBJECTID"": 1063, ""latitude"": 36.627297, ""longitude"": -114.609413, ""mile_post"": ""MP 88"", ""municipality"": ""Moapa"", ""state_number"": ""32"", ""highway_route"": ""I-15N"", ""nhs_rest_stop"": ""NB Mile Post-88 Truck Turnout"", ""number_of_spots"": 8}",2019-01-01 00:00:00+00,ntad_parking,44,unknown,59,50,0,{}
1064,public_rest_area,SB Mile Post-88 Truck Turnout,NV,8,POINT(-114.610173999924 36.6283310001976),ntad_parking,18,2026-07-22 08:31:07.98657+00,2019-01-01 00:00:00+00,68,95,17,100,50,{},"{""state"": ""NV"", ""county"": ""Clark"", ""OBJECTID"": 1064, ""latitude"": 36.628331, ""longitude"": -114.610174, ""mile_post"": ""MP 88"", ""municipality"": ""Moapa"", ""state_number"": ""32"", ""highway_route"": ""I-15S"", ""nhs_rest_stop"": ""SB Mile Post-88 Truck Turnout"", ""number_of_spots"": 8}",2019-01-01 00:00:00+00,ntad_parking,44,unknown,59,50,0,{}
1065,public_rest_area,Amargosa Valley Rest Area,NV,15,POINT(-116.399777000084 36.6431000000388),ntad_parking,18,2026-07-22 08:31:07.98657+00,2019-01-01 00:00:00+00,68,95,17,100,50,{},"{""state"": ""NV"", ""county"": ""Nye"", ""OBJECTID"": 1065, ""latitude"": 36.6431, ""longitude"": -116.399777, ""mile_post"": ""MP 30"", ""municipality"": ""Amaragosa Valley"", ""state_number"": ""32"", ""highway_route"": ""US95"", ""nhs_rest_stop"": ""Amargosa Valley Rest Area"", ""number_of_spots"": 15}",2019-01-01 00:00:00+00,ntad_parking,44,unknown,59,50,0,{}
1066,public_rest_area,SB MP 96 Truck Parking,NV,10,POINT(-114.502025999837 36.6934540001736),ntad_parking,18,2026-07-22 08:31:07.98657+00,2019-01-01 00:00:00+00,68,95,17,100,50,{},"{""state"": ""NV"", ""county"": ""Clark"", ""OBJECTID"": 1066, ""latitude"": 36.693454, ""longitude"": -114.502026, ""mile_post"": ""MP 96"", ""municipality"": ""Logandale"", ""state_number"": ""32"", ""highway_route"": ""I-15S"", ""nhs_rest_stop"": ""SB MP 96 Truck Parking"", ""number_of_spots"": 10}",2019-01-01 00:00:00+00,ntad_parking,44,unknown,59,50,0,{}
1067,public_rest_area,NB MP 96 Truck Parking,NV,10,POINT(-114.495531999596 36.6974889999379),ntad_parking,18,2026-07-22 08:31:07.98657+00,2019-01-01 00:00:00+00,68,95,17,100,50,{},"{""state"": ""NV"", ""county"": ""Clark"", ""OBJECTID"": 1067, ""latitude"": 36.697489, ""longitude"": -114.495532, ""mile_post"": ""MP 96"", ""municipality"": ""Logandale"", ""state_number"": ""32"", ""highway_route"": ""I-15N"", ""nhs_rest_stop"": ""NB MP 96 Truck Parking"", ""number_of_spots"": 10}",2019-01-01 00:00:00+00,ntad_parking,44,unknown,59,50,0,{}
1068,public_rest_area,NB Exit 110 Truck Parking - Mormon Mesa,NV,10,POINT(-114.26661699991 36.7775719999234),ntad_parking,18,2026-07-22 08:31:07.98657+00,2019-01-01 00:00:00+00,68,95,17,100,50,{},"{""state"": ""NV"", ""county"": ""Clark"", ""OBJECTID"": 1068, ""latitude"": 36.777572, ""longitude"": -114.266617, ""mile_post"": ""MP 110"", ""municipality"": ""Bunkerville"", ""state_number"": ""32"", ""highway_route"": ""I-15N"", ""nhs_rest_stop"": ""NB Exit 110 Truck Parking - Mormon Mesa"", ""number_of_spots"": 10}",2019-01-01 00:00:00+00,ntad_parking,44,unknown,59,50,0,{}
1069,public_rest_area,SB Exit 110 Truck Parking - Mormon Mesa,NV,10,POINT(-114.267052999928 36.7791720002999),ntad_parking,18,2026-07-22 08:31:07.98657+00,2019-01-01 00:00:00+00,68,95,17,100,50,{},"{""state"": ""NV"", ""county"": ""Clark"", ""OBJECTID"": 1069, ""latitude"": 36.779172, ""longitude"": -114.267053, ""mile_post"": ""MP 110"", ""municipality"": ""Bunkerville"", ""state_number"": ""32"", ""highway_route"": ""I-15S"", ""nhs_rest_stop"": ""SB Exit 110 Truck Parking - Mormon Mesa"", ""number_of_spots"": 10}",2019-01-01 00:00:00+00,ntad_parking,44,unknown,59,50,0,{}
107,public_rest_area,Camp Roberts Southbound,CA,16,POINT(-120.772109999737 35.8517400000101),ntad_parking,18,2026-07-22 08:31:07.98657+00,2019-01-01 00:00:00+00,68,95,17,100,50,{},"{""state"": ""CA"", ""county"": ""Monterey"", ""OBJECTID"": 107, ""latitude"": 35.85174, ""longitude"": -120.77211, ""mile_post"": ""PM 5.1"", ""municipality"": ""Bradley"", ""state_number"": ""06"", ""highway_route"": ""US101 S"", ""nhs_rest_stop"": ""Camp Roberts Southbound"", ""number_of_spots"": 16}",2019-01-01 00:00:00+00,ntad_parking,44,unknown,59,50,0,{}
1070,public_rest_area,Pahranagat Lake Rest Area,NV,3,POINT(-115.090246000067 37.2326639999284),ntad_parking,18,2026-07-22 08:31:07.98657+00,2019-01-01 00:00:00+00,68,95,17,100,50,{},"{""state"": ""NV"", ""county"": ""Lincoln"", ""OBJECTID"": 1070, ""latitude"": 37.232664, ""longitude"": -115.090246, ""mile_post"": ""MP 28-29"", ""municipality"": ""Lincoln"", ""state_number"": ""32"", ""highway_route"": ""US93"", ""nhs_rest_stop"": ""Pahranagat Lake Rest Area"", ""number_of_spots"": 3}",2019-01-01 00:00:00+00,ntad_parking,44,unknown,59,50,0,{}
1071,public_rest_area,Crystal Springs Rest Ares,NV,5,POINT(-115.231126000399 37.532298999769),ntad_parking,18,2026-07-22 08:31:07.98657+00,2019-01-01 00:00:00+00,68,95,17,100,50,{},"{""state"": ""NV"", ""county"": ""Lincoln"", ""OBJECTID"": 1071, ""latitude"": 37.532299, ""longitude"": -115.231126, ""mile_post"": ""MP 51"", ""municipality"": ""Lincoln"", ""state_number"": ""32"", ""highway_route"": ""US93"", ""nhs_rest_stop"": ""Crystal Springs Rest Ares"", ""number_of_spots"": 5}",2019-01-01 00:00:00+00,ntad_parking,44,unknown,59,50,0,{}
1072,public_rest_area,Millers Rest Stop,NV,5,POINT(-117.45393199993 38.1408170003142),ntad_parking,18,2026-07-22 08:31:07.98657+00,2019-01-01 00:00:00+00,68,95,17,100,50,{},"{""state"": ""NV"", ""county"": ""Nye"", ""OBJECTID"": 1072, ""latitude"": 38.140817, ""longitude"": -117.453932, ""mile_post"": ""46"", ""municipality"": ""Tonopah"", ""state_number"": ""32"", ""highway_route"": ""US95/US6"", ""nhs_rest_stop"": ""Millers Rest Stop"", ""number_of_spots"": 5}",2019-01-01 00:00:00+00,ntad_parking,44,unknown,59,50,0,{}
1073,public_rest_area,Pony Springs Rest Area,NV,4,POINT(-114.607689000235 38.319494999941),ntad_parking,18,2026-07-22 08:31:07.98657+00,2019-01-01 00:00:00+00,68,95,17,100,50,{},"{""state"": ""NV"", ""county"": ""Lincoln"", ""OBJECTID"": 1073, ""latitude"": 38.319495, ""longitude"": -114.607689, ""mile_post"": ""MP 148"", ""municipality"": ""Lincoln"", ""state_number"": ""32"", ""highway_route"": ""US93"", ""nhs_rest_stop"": ""Pony Springs Rest Area"", ""number_of_spots"": 4}",2019-01-01 00:00:00+00,ntad_parking,44,unknown,59,50,0,{}
1074,public_rest_area,Sunny Side Rest Area,NV,13,POINT(-115.01187199981 38.4512089997473),ntad_parking,18,2026-07-22 08:31:07.98657+00,2019-01-01 00:00:00+00,68,95,17,100,50,{},"{""state"": ""NV"", ""county"": ""Nye"", ""OBJECTID"": 1074, ""latitude"": 38.451209, ""longitude"": -115.011872, ""mile_post"": ""MP21"", ""municipality"": ""NA"", ""state_number"": ""32"", ""highway_route"": ""SR318"", ""nhs_rest_stop"": ""Sunny Side Rest Area"", ""number_of_spots"": 13}",2019-01-01 00:00:00+00,ntad_parking,44,unknown,59,50,0,{}
1075,public_rest_area,Luning Rest Stop,NV,6,POINT(-118.178600000342 38.5059000002625),ntad_parking,18,2026-07-22 08:31:07.98657+00,2019-01-01 00:00:00+00,68,95,17,100,50,{},"{""state"": ""NV"", ""county"": ""Mineral"", ""OBJECTID"": 1075, ""latitude"": 38.5059, ""longitude"": -118.1786, ""mile_post"": ""25"", ""municipality"": ""Hawthorne"", ""state_number"": ""32"", ""highway_route"": ""US95"", ""nhs_rest_stop"": ""Luning Rest Stop"", ""number_of_spots"": 6}",2019-01-01 00:00:00+00,ntad_parking,44,unknown,59,50,0,{}
1076,public_rest_area,Bean Flat Rest Area,NV,15,POINT(-116.506335000085 39.4978710002034),ntad_parking,18,2026-07-22 08:31:07.98657+00,2019-01-01 00:00:00+00,68,95,17,100,50,{},"{""state"": ""NV"", ""county"": ""Eureka"", ""OBJECTID"": 1076, ""latitude"": 39.497871, ""longitude"": -116.506335, ""mile_post"": ""MP 51"", ""municipality"": ""Eureka"", ""state_number"": ""32"", ""highway_route"": ""US50"", ""nhs_rest_stop"": ""Bean Flat Rest Area"", ""number_of_spots"": 15}",2019-01-01 00:00:00+00,ntad_parking,44,unknown,59,50,0,{}
1077,public_rest_area,Eureka Rest Area,NV,4,POINT(-115.958429000288 39.4999279997898),ntad_parking,18,2026-07-22 08:31:07.98657+00,2019-01-01 00:00:00+00,68,95,17,100,50,{},"{""state"": ""NV"", ""county"": ""Eureka"", ""OBJECTID"": 1077, ""latitude"": 39.499928, ""longitude"": -115.958429, ""mile_post"": ""MP 38"", ""municipality"": ""Eureka"", ""state_number"": ""32"", ""highway_route"": ""US 50"", ""nhs_rest_stop"": ""Eureka Rest Area"", ""number_of_spots"": 4}",2019-01-01 00:00:00+00,ntad_parking,44,unknown,59,50,0,{}
1078,public_rest_area,Verdi Truck Parking Turn Out EB,NV,6,POINT(-119.937000000244 39.509400000291),ntad_parking,18,2026-07-22 08:31:07.98657+00,2019-01-01 00:00:00+00,68,95,17,100,50,{},"{""state"": ""NV"", ""county"": ""Washoe"", ""OBJECTID"": 1078, ""latitude"": 39.5094, ""longitude"": -119.937, ""mile_post"": ""5"", ""municipality"": ""Verdi"", ""state_number"": ""32"", ""highway_route"": ""I80E"", ""nhs_rest_stop"": ""Verdi Truck Parking Turn Out EB"", ""number_of_spots"": 6}",2019-01-01 00:00:00+00,ntad_parking,44,unknown,59,50,0,{}
1079,public_rest_area,Verdi Truck Parking Turn Out WB,NV,8,POINT(-119.937000000244 39.5102999999223),ntad_parking,18,2026-07-22 08:31:07.98657+00,2019-01-01 00:00:00+00,68,95,17,100,50,{},"{""state"": ""NV"", ""county"": ""Washoe"", ""OBJECTID"": 1079, ""latitude"": 39.5103, ""longitude"": -119.937, ""mile_post"": ""5"", ""municipality"": ""Verdi"", ""state_number"": ""32"", ""highway_route"": ""I80W"", ""nhs_rest_stop"": ""Verdi Truck Parking Turn Out WB"", ""number_of_spots"": 8}",2019-01-01 00:00:00+00,ntad_parking,44,unknown,59,50,0,{}
108,public_rest_area,Coso Junction,CA,11,POINT(-117.946817999579 36.0447219997351),ntad_parking,18,2026-07-22 08:31:07.98657+00,2019-01-01 00:00:00+00,68,95,17,100,50,{},"{""state"": ""CA"", ""county"": ""Inyo"", ""OBJECTID"": 108, ""latitude"": 36.044722, ""longitude"": -117.946818, ""mile_post"": ""PM 17.9"", ""municipality"": ""Dunmovin"", ""state_number"": ""06"", ""highway_route"": ""US395N"", ""nhs_rest_stop"": ""Coso Junction"", ""number_of_spots"": 11}",2026-08-11 21:11:13+00,chain_sites,94,open,100,80,100,"{""chain_confirmed:TA Express""}"
1080,public_rest_area,WadsWorth Rest Stop or Truck Facility 8,NV,8,POINT(-119.336745999585 39.6032489996718),ntad_parking,18,2026-07-22 08:31:07.98657+00,2019-01-01 00:00:00+00,68,95,17,100,50,{},"{""state"": ""NV"", ""county"": ""Story"", ""OBJECTID"": 1080, ""latitude"": 39.603249, ""longitude"": -119.336746, ""mile_post"": ""42"", ""municipality"": ""Olinghouse"", ""state_number"": ""32"", ""highway_route"": ""I-80W"", ""nhs_rest_stop"": ""WadsWorth Rest Stop or Truck Facility 8"", ""number_of_spots"": 8}",2019-01-01 00:00:00+00,ntad_parking,44,unknown,59,50,0,{}
1081,public_rest_area,Schellbourne Public Rest Stop,NV,10,POINT(-114.741399999934 39.7978999997015),ntad_parking,18,2026-07-22 08:31:07.98657+00,2019-01-01 00:00:00+00,68,95,17,100,50,{},"{""state"": ""NV"", ""county"": ""White Pine"", ""OBJECTID"": 1081, ""latitude"": 39.7979, ""longitude"": -114.7414, ""mile_post"": ""93"", ""municipality"": ""White Pine"", ""state_number"": ""32"", ""highway_route"": ""US93"", ""nhs_rest_stop"": ""Schellbourne Public Rest Stop"", ""number_of_spots"": 10}",2019-01-01 00:00:00+00,ntad_parking,44,unknown,59,50,0,{}
1082,public_rest_area,Trinity Rest Stop,NV,13,POINT(-118.748948000028 39.9395740003072),ntad_parking,18,2026-07-22 08:31:07.98657+00,2019-01-01 00:00:00+00,68,95,17,100,50,{},"{""state"": ""NV"", ""county"": ""Churchill"", ""OBJECTID"": 1082, ""latitude"": 39.939574, ""longitude"": -118.748948, ""mile_post"": ""83"", ""municipality"": ""Toy"", ""state_number"": ""32"", ""highway_route"": ""I-80"", ""nhs_rest_stop"": ""Trinity Rest Stop"", ""number_of_spots"": 13}",2019-01-01 00:00:00+00,ntad_parking,44,unknown,59,50,0,{}
1083,public_rest_area,Valley of the Moon,NV,10,POINT(-117.126426000395 40.1295620000015),ntad_parking,18,2026-07-22 08:31:07.98657+00,2019-01-01 00:00:00+00,68,95,17,100,50,{},"{""state"": ""NV"", ""county"": ""Lander"", ""OBJECTID"": 1083, ""latitude"": 40.129562, ""longitude"": -117.126426, ""mile_post"": ""MP 39"", ""municipality"": ""Battle Mountain"", ""state_number"": ""32"", ""highway_route"": ""SR305"", ""nhs_rest_stop"": ""Valley of the Moon"", ""number_of_spots"": 10}",2019-01-01 00:00:00+00,ntad_parking,44,unknown,59,50,0,{}
1084,public_rest_area,Emigrant Pass EB Parking,NV,10,POINT(-116.273215000029 40.6555090003014),ntad_parking,18,2026-07-22 08:31:07.98657+00,2019-01-01 00:00:00+00,68,95,17,100,50,{},"{""state"": ""NV"", ""county"": ""Elko"", ""OBJECTID"": 1084, ""latitude"": 40.655509, ""longitude"": -116.273215, ""mile_post"": ""271"", ""municipality"": ""Carlin"", ""state_number"": ""32"", ""highway_route"": ""I-80E"", ""nhs_rest_stop"": ""Emigrant Pass EB Parking"", ""number_of_spots"": 10}",2019-01-01 00:00:00+00,ntad_parking,44,unknown,59,50,0,{}
1085,public_rest_area,Emigrant Pass WB Parking,NV,10,POINT(-116.271988000165 40.6567490002058),ntad_parking,18,2026-07-22 08:31:07.98657+00,2019-01-01 00:00:00+00,68,95,17,100,50,{},"{""state"": ""NV"", ""county"": ""Elko"", ""OBJECTID"": 1085, ""latitude"": 40.656749, ""longitude"": -116.271988, ""mile_post"": ""271"", ""municipality"": ""Carlin"", ""state_number"": ""32"", ""highway_route"": ""I-80W"", ""nhs_rest_stop"": ""Emigrant Pass WB Parking"", ""number_of_spots"": 10}",2019-01-01 00:00:00+00,ntad_parking,44,unknown,59,50,0,{}
1086,public_rest_area,Beowawe West Rest Stop,NV,10,POINT(-116.473134000209 40.6799699997468),ntad_parking,18,2026-07-22 08:31:07.98657+00,2019-01-01 00:00:00+00,68,95,17,100,50,{},"{""state"": ""NV"", ""county"": ""Eureka"", ""OBJECTID"": 1086, ""latitude"": 40.67997, ""longitude"": -116.473134, ""mile_post"": ""258"", ""municipality"": ""Shoshone"", ""state_number"": ""32"", ""highway_route"": ""I-80W"", ""nhs_rest_stop"": ""Beowawe West Rest Stop"", ""number_of_spots"": 10}",2019-01-01 00:00:00+00,ntad_parking,44,unknown,59,50,0,{}
1087,public_rest_area,Beowawe East Rest Stop,NV,10,POINT(-116.479126000309 40.6820819998462),ntad_parking,18,2026-07-22 08:31:07.98657+00,2019-01-01 00:00:00+00,68,95,17,100,50,{},"{""state"": ""NV"", ""county"": ""Eureka"", ""OBJECTID"": 1087, ""latitude"": 40.682082, ""longitude"": -116.479126, ""mile_post"": ""258"", ""municipality"": ""Shoshone"", ""state_number"": ""32"", ""highway_route"": ""I-80E"", ""nhs_rest_stop"": ""Beowawe East Rest Stop"", ""number_of_spots"": 10}",2019-01-01 00:00:00+00,ntad_parking,44,unknown,59,50,0,{}
1088,public_rest_area,Valmy Rest Stop,NV,23,POINT(-117.129490000217 40.7888229996662),ntad_parking,18,2026-07-22 08:31:07.98657+00,2019-01-01 00:00:00+00,68,95,17,100,50,{},"{""state"": ""NV"", ""county"": ""Humboldt"", ""OBJECTID"": 1088, ""latitude"": 40.788823, ""longitude"": -117.12949, ""mile_post"": ""216"", ""municipality"": ""Valmy"", ""state_number"": ""32"", ""highway_route"": ""I-80"", ""nhs_rest_stop"": ""Valmy Rest Stop"", ""number_of_spots"": 23}",2019-01-01 00:00:00+00,ntad_parking,44,unknown,59,50,0,{}
1089,public_rest_area,Cosgrave Rest Stop,NV,20,POINT(-117.995695999839 40.789378999991),ntad_parking,18,2026-07-22 08:31:07.98657+00,2019-01-01 00:00:00+00,68,95,17,100,50,{},"{""state"": ""NV"", ""county"": ""Pershing"", ""OBJECTID"": 1089, ""latitude"": 40.789379, ""longitude"": -117.995696, ""mile_post"": ""158"", ""municipality"": ""Mill City"", ""state_number"": ""32"", ""highway_route"": ""I-80"", ""nhs_rest_stop"": ""Cosgrave Rest Stop"", ""number_of_spots"": 20}",2019-01-01 00:00:00+00,ntad_parking,44,unknown,59,50,0,{}
109,public_rest_area,Coalinga/Avenal Northbound,CA,23,POINT(-120.113089000115 36.0900209996595),ntad_parking,18,2026-07-22 08:31:07.98657+00,2019-01-01 00:00:00+00,68,95,17,100,50,{},"{""state"": ""CA"", ""county"": ""Fresno"", ""OBJECTID"": 109, ""latitude"": 36.090021, ""longitude"": -120.113089, ""mile_post"": ""PM 1.3"", ""municipality"": ""Avenal"", ""state_number"": ""06"", ""highway_route"": ""I-5N"", ""nhs_rest_stop"": ""Coalinga/Avenal Northbound"", ""number_of_spots"": 23}",2019-01-01 00:00:00+00,ntad_parking,44,unknown,59,50,0,{}
1090,public_rest_area,Golconda Truck Turnout EB,NV,5,POINT(-117.391703999688 40.9207469999158),ntad_parking,18,2026-07-22 08:31:07.98657+00,2019-01-01 00:00:00+00,68,95,17,100,50,{},"{""state"": ""NV"", ""county"": ""Humboldt"", ""OBJECTID"": 1090, ""latitude"": 40.920747, ""longitude"": -117.391704, ""mile_post"": ""MP 200"", ""municipality"": ""Golconda"", ""state_number"": ""32"", ""highway_route"": ""I-80E"", ""nhs_rest_stop"": ""Golconda Truck Turnout EB"", ""number_of_spots"": 5}",2019-01-01 00:00:00+00,ntad_parking,44,unknown,59,50,0,{}
1091,public_rest_area,Golconda Truck Turnout WB,NV,5,POINT(-117.392699999573 40.9212689999901),ntad_parking,18,2026-07-22 08:31:07.98657+00,2019-01-01 00:00:00+00,68,95,17,100,50,{},"{""state"": ""NV"", ""county"": ""Humboldt"", ""OBJECTID"": 1091, ""latitude"": 40.921269, ""longitude"": -117.3927, ""mile_post"": ""MP 200"", ""municipality"": ""Golconda"", ""state_number"": ""32"", ""highway_route"": ""I-80W"", ""nhs_rest_stop"": ""Golconda Truck Turnout WB"", ""number_of_spots"": 5}",2019-01-01 00:00:00+00,ntad_parking,44,unknown,59,50,0,{}
1092,public_rest_area,Pequop Rest Stop,NV,24,POINT(-114.569299999625 41.0784999997105),ntad_parking,18,2026-07-22 08:31:07.98657+00,2019-01-01 00:00:00+00,68,95,17,100,50,{},"{""state"": ""NV"", ""county"": ""Elko"", ""OBJECTID"": 1092, ""latitude"": 41.0785, ""longitude"": -114.5693, ""mile_post"": ""373"", ""municipality"": ""Oasis"", ""state_number"": ""32"", ""highway_route"": ""I-80"", ""nhs_rest_stop"": ""Pequop Rest Stop"", ""number_of_spots"": 24}",2019-01-01 00:00:00+00,ntad_parking,44,unknown,59,50,0,{}
1093,public_rest_area,Orovada Rest Stop,NV,12,POINT(-117.787146999708 41.5425250003154),ntad_parking,18,2026-07-22 08:31:07.98657+00,2019-01-01 00:00:00+00,68,95,17,100,50,{},"{""state"": ""NV"", ""county"": ""Humboldt"", ""OBJECTID"": 1093, ""latitude"": 41.542525, ""longitude"": -117.787147, ""mile_post"": ""41"", ""municipality"": ""Rebel Creek"", ""state_number"": ""32"", ""highway_route"": ""US95N"", ""nhs_rest_stop"": ""Orovada Rest Stop"", ""number_of_spots"": 12}",2019-01-01 00:00:00+00,ntad_parking,44,unknown,59,50,0,{}
1094,public_rest_area,Leonard Creek Rest Area,NV,8,POINT(-118.397185000386 41.5619640003242),ntad_parking,18,2026-07-22 08:31:07.98657+00,2019-01-01 00:00:00+00,68,95,17,100,50,{},"{""state"": ""NV"", ""county"": ""Humboldt"", ""OBJECTID"": 1094, ""latitude"": 41.561964, ""longitude"": -118.397185, ""mile_post"": ""MP 35"", ""municipality"": ""Winnemucca"", ""state_number"": ""32"", ""highway_route"": ""SR140"", ""nhs_rest_stop"": ""Leonard Creek Rest Area"", ""number_of_spots"": 8}",2019-01-01 00:00:00+00,ntad_parking,44,unknown,59,50,0,{}
1095,public_rest_area,Thousand Springs Rest Area,NV,2,POINT(-119.042356000435 41.8770700001247),ntad_parking,18,2026-07-22 08:31:07.98657+00,2019-01-01 00:00:00+00,68,95,17,100,50,{},"{""state"": ""NV"", ""county"": ""Humboldt"", ""OBJECTID"": 1095, ""latitude"": 41.87707, ""longitude"": -119.042356, ""mile_post"": ""NA"", ""municipality"": ""Winnemucca"", ""state_number"": ""32"", ""highway_route"": ""SR 140"", ""nhs_rest_stop"": ""Thousand Springs Rest Area"", ""number_of_spots"": 2}",2019-01-01 00:00:00+00,ntad_parking,44,unknown,59,50,0,{}
1096,public_rest_area,Truck Rest Area on Long Island,NY,22,POINT(-73.2236220001873 40.809049000019),ntad_parking,18,2026-07-22 08:31:07.98657+00,2019-01-01 00:00:00+00,68,95,17,100,50,{},"{""state"": ""NY"", ""county"": ""Suffolk"", ""OBJECTID"": 1096, ""latitude"": 40.809049, ""longitude"": -73.223622, ""mile_post"": ""By Exit 56"", ""municipality"": ""Islip"", ""state_number"": ""36"", ""highway_route"": ""I-495W"", ""nhs_rest_stop"": ""Truck Rest Area on Long Island"", ""number_of_spots"": 22}",2019-01-01 00:00:00+00,ntad_parking,44,unknown,59,50,0,{}
1097,public_rest_area,Truck Rest Area on Long Island,NY,16,POINT(-72.950777599952 40.8262820001456),ntad_parking,18,2026-07-22 08:31:07.98657+00,2019-01-01 00:00:00+00,68,95,17,100,50,{},"{""state"": ""NY"", ""county"": ""Suffolk"", ""OBJECTID"": 1097, ""latitude"": 40.826282, ""longitude"": -72.9507776, ""mile_post"": ""By Exit 66"", ""municipality"": ""Brookhaven"", ""state_number"": ""36"", ""highway_route"": ""I-495E"", ""nhs_rest_stop"": ""Truck Rest Area on Long Island"", ""number_of_spots"": 16}",2019-01-01 00:00:00+00,ntad_parking,44,unknown,59,50,0,{}
1098,public_rest_area,Bedford,NY,15,POINT(-73.6818370004224 41.2311450003356),ntad_parking,18,2026-07-22 08:31:07.98657+00,2019-01-01 00:00:00+00,68,95,17,100,50,{},"{""state"": ""NY"", ""county"": ""Westchester"", ""OBJECTID"": 1098, ""latitude"": 41.231145, ""longitude"": -73.681837, ""mile_post"": ""16"", ""municipality"": ""Lake Katonah"", ""state_number"": ""36"", ""highway_route"": ""I-684S"", ""nhs_rest_stop"": ""Bedford"", ""number_of_spots"": 15}",2019-01-01 00:00:00+00,ntad_parking,44,unknown,59,50,0,{}
1099,public_rest_area,Brewster,NY,18,POINT(-73.6309609996462 41.3616949999658),ntad_parking,18,2026-07-22 08:31:07.98657+00,2019-01-01 00:00:00+00,68,95,17,100,50,{},"{""state"": ""NY"", ""county"": ""Putnam"", ""OBJECTID"": 1099, ""latitude"": 41.361695, ""longitude"": -73.630961, ""mile_post"": ""25"", ""municipality"": ""Purdys"", ""state_number"": ""36"", ""highway_route"": ""I-684N"", ""nhs_rest_stop"": ""Brewster"", ""number_of_spots"": 18}",2019-01-01 00:00:00+00,ntad_parking,44,unknown,59,50,0,{}
11,public_rest_area,Sumter County Welcome Center,AL,56,POINT(-88.4021410004027 32.4492509998018),ntad_parking,18,2026-07-22 08:31:07.98657+00,2019-01-01 00:00:00+00,68,95,17,100,50,{},"{""state"": ""AL"", ""county"": ""Sumter"", ""OBJECTID"": 11, ""latitude"": 32.449251, ""longitude"": -88.402141, ""mile_post"": ""0.106"", ""municipality"": ""Cuba"", ""state_number"": ""01"", ""highway_route"": ""I-59 NB"", ""nhs_rest_stop"": ""Sumter County Welcome Center"", ""number_of_spots"": 56}",2019-01-01 00:00:00+00,ntad_parking,44,unknown,59,50,0,{}
110,public_rest_area,Phillip S. Raine Northbound,CA,38,POINT(-119.323260000059 36.1062100000872),ntad_parking,18,2026-07-22 08:31:07.98657+00,2019-01-01 00:00:00+00,68,95,17,100,50,{},"{""state"": ""CA"", ""county"": ""Tulare"", ""OBJECTID"": 110, ""latitude"": 36.10621, ""longitude"": -119.32326, ""mile_post"": ""PM 22.3"", ""municipality"": ""Tipton"", ""state_number"": ""06"", ""highway_route"": ""Hwy 99 N"", ""nhs_rest_stop"": ""Phillip S. Raine Northbound"", ""number_of_spots"": 38}",2019-01-01 00:00:00+00,ntad_parking,44,unknown,59,50,0,{}
1100,public_rest_area,Middletown,NY,15,POINT(-74.3956179999021 41.4251429997032),ntad_parking,18,2026-07-22 08:31:07.98657+00,2019-01-01 00:00:00+00,68,95,17,100,50,{},"{""state"": ""NY"", ""county"": ""Orange"", ""OBJECTID"": 1100, ""latitude"": 41.425143, ""longitude"": -74.395618, ""mile_post"": ""3"", ""municipality"": ""New Hampton"", ""state_number"": ""36"", ""highway_route"": ""I-84E"", ""nhs_rest_stop"": ""Middletown"", ""number_of_spots"": 15}",2019-01-01 00:00:00+00,ntad_parking,44,unknown,59,50,0,{}
1101,public_rest_area,Wallkill,NY,15,POINT(-74.2962090004435 41.4789190001632),ntad_parking,18,2026-07-22 08:31:07.98657+00,2019-01-01 00:00:00+00,68,95,17,100,50,{},"{""state"": ""NY"", ""county"": ""Orange"", ""OBJECTID"": 1101, ""latitude"": 41.478919, ""longitude"": -74.296209, ""mile_post"": ""5"", ""municipality"": ""Montgomery"", ""state_number"": ""36"", ""highway_route"": ""I-84W"", ""nhs_rest_stop"": ""Wallkill"", ""number_of_spots"": 15}",2019-01-01 00:00:00+00,ntad_parking,44,unknown,59,50,0,{}
1102,public_rest_area,East Fishkill,NY,42,POINT(-73.7221650002004 41.5469380001096),ntad_parking,18,2026-07-22 08:31:07.98657+00,2019-01-01 00:00:00+00,68,95,17,100,50,{},"{""state"": ""NY"", ""county"": ""Dutchess"", ""OBJECTID"": 1102, ""latitude"": 41.546938, ""longitude"": -73.722165, ""mile_post"": ""17"", ""municipality"": ""East Fishkill"", ""state_number"": ""36"", ""highway_route"": ""I-84E"", ""nhs_rest_stop"": ""East Fishkill"", ""number_of_spots"": 42}",2019-01-01 00:00:00+00,ntad_parking,44,unknown,59,50,0,{}
1103,public_rest_area,Stormville,NY,48,POINT(-73.7232809997357 41.5476119999842),ntad_parking,18,2026-07-22 08:31:07.98657+00,2019-01-01 00:00:00+00,68,95,17,100,50,{},"{""state"": ""NY"", ""county"": ""Dutchess"", ""OBJECTID"": 1103, ""latitude"": 41.547612, ""longitude"": -73.723281, ""mile_post"": ""17"", ""municipality"": ""East Fishkill"", ""state_number"": ""36"", ""highway_route"": ""I-84W"", ""nhs_rest_stop"": ""Stormville"", ""number_of_spots"": 48}",2019-01-01 00:00:00+00,ntad_parking,44,unknown,59,50,0,{}
1104,public_rest_area,Roscoe,NY,7,POINT(-74.8644230000697 41.9261800001883),ntad_parking,18,2026-07-22 08:31:07.98657+00,2019-01-01 00:00:00+00,68,95,17,100,50,{},"{""state"": ""NY"", ""county"": ""Sullivan"", ""OBJECTID"": 1104, ""latitude"": 41.92618, ""longitude"": -74.864423, ""mile_post"": ""313"", ""municipality"": ""Hazel"", ""state_number"": ""36"", ""highway_route"": ""I-86E"", ""nhs_rest_stop"": ""Roscoe"", ""number_of_spots"": 7}",2019-01-01 00:00:00+00,ntad_parking,44,unknown,59,50,0,{}
1105,public_rest_area,East Branch,NY,7,POINT(-75.1606049998709 41.9934189997573),ntad_parking,18,2026-07-22 08:31:07.98657+00,2019-01-01 00:00:00+00,68,95,17,100,50,{},"{""state"": ""NY"", ""county"": ""Delaware"", ""OBJECTID"": 1105, ""latitude"": 41.993419, ""longitude"": -75.160605, ""mile_post"": ""295"", ""municipality"": ""Town of Hancock"", ""state_number"": ""36"", ""highway_route"": ""I-86W"", ""nhs_rest_stop"": ""East Branch"", ""number_of_spots"": 7}",2019-01-01 00:00:00+00,ntad_parking,44,unknown,59,50,0,{}
1106,public_rest_area,Southern Tier Welcome Center,NY,16,POINT(-75.7805199995555 42.0203489999234),ntad_parking,18,2026-07-22 08:31:07.98657+00,2019-01-01 00:00:00+00,68,95,17,100,50,{},"{""state"": ""NY"", ""county"": ""Broome"", ""OBJECTID"": 1106, ""latitude"": 42.020349, ""longitude"": -75.78052, ""mile_post"": ""NA"", ""municipality"": ""Kirkwood"", ""state_number"": ""36"", ""highway_route"": ""1-81N"", ""nhs_rest_stop"": ""Southern Tier Welcome Center"", ""number_of_spots"": 16}",2019-01-01 00:00:00+00,ntad_parking,44,unknown,59,50,0,{}
1107,public_rest_area,Nichols,NY,14,POINT(-76.4194960000125 42.0231059997886),ntad_parking,18,2026-07-22 08:31:07.98657+00,2019-01-01 00:00:00+00,68,95,17,100,50,{},"{""state"": ""NY"", ""county"": ""Tioga"", ""OBJECTID"": 1107, ""latitude"": 42.023106, ""longitude"": -76.419496, ""mile_post"": ""212"", ""municipality"": ""Nichols"", ""state_number"": ""36"", ""highway_route"": ""I-86E"", ""nhs_rest_stop"": ""Nichols"", ""number_of_spots"": 14}",2019-01-01 00:00:00+00,ntad_parking,44,unknown,59,50,0,{}
1108,public_rest_area,Owego,NY,13,POINT(-76.2797809996189 42.0865370001924),ntad_parking,18,2026-07-22 08:31:07.98657+00,2019-01-01 00:00:00+00,68,95,17,100,50,{},"{""state"": ""NY"", ""county"": ""Tioga"", ""OBJECTID"": 1108, ""latitude"": 42.086537, ""longitude"": -76.279781, ""mile_post"": ""199"", ""municipality"": ""Nichols"", ""state_number"": ""36"", ""highway_route"": ""I-86W"", ""nhs_rest_stop"": ""Owego"", ""number_of_spots"": 13}",2019-01-01 00:00:00+00,ntad_parking,44,unknown,59,50,0,{}
1109,public_rest_area,Allegany River,NY,26,POINT(-78.5357879999238 42.0963829999827),ntad_parking,18,2026-07-22 08:31:07.98657+00,2019-01-01 00:00:00+00,68,95,17,100,50,{},"{""state"": ""NY"", ""county"": ""Cattaraugus"", ""OBJECTID"": 1109, ""latitude"": 42.096383, ""longitude"": -78.535788, ""mile_post"": ""72"", ""municipality"": ""Saint Bonaventure"", ""state_number"": ""36"", ""highway_route"": ""I-86W"", ""nhs_rest_stop"": ""Allegany River"", ""number_of_spots"": 26}",2019-01-01 00:00:00+00,ntad_parking,44,unknown,59,50,0,{}
111,public_rest_area,Phillip S. Raine Southbound,CA,38,POINT(-119.324424000174 36.1086860000076),ntad_parking,18,2026-07-22 08:31:07.98657+00,2019-01-01 00:00:00+00,68,95,17,100,50,{},"{""state"": ""CA"", ""county"": ""Tulare"", ""OBJECTID"": 111, ""latitude"": 36.108686, ""longitude"": -119.324424, ""mile_post"": ""PM 22.3"", ""municipality"": ""Tipton"", ""state_number"": ""06"", ""highway_route"": ""Hwy 99S"", ""nhs_rest_stop"": ""Phillip S. Raine Southbound"", ""number_of_spots"": 38}",2019-01-01 00:00:00+00,ntad_parking,44,unknown,59,50,0,{}
1110,public_rest_area,Chautauqua lake,NY,28,POINT(-79.3523649996228 42.1413739997379),ntad_parking,18,2026-07-22 08:31:07.98657+00,2019-01-01 00:00:00+00,68,95,17,100,50,{},"{""state"": ""NY"", ""county"": ""Chautauqua"", ""OBJECTID"": 1110, ""latitude"": 42.141374, ""longitude"": -79.352365, ""mile_post"": ""NA"", ""municipality"": ""NA"", ""state_number"": ""36"", ""highway_route"": ""1-86E"", ""nhs_rest_stop"": ""Chautauqua lake"", ""number_of_spots"": 28}",2019-01-01 00:00:00+00,ntad_parking,44,unknown,59,50,0,{}
1111,public_rest_area,Friendship,NY,12,POINT(-78.1011190003156 42.2241949998895),ntad_parking,18,2026-07-22 08:31:07.98657+00,2019-01-01 00:00:00+00,68,95,17,100,50,{},"{""state"": ""NY"", ""county"": ""Allegany"", ""OBJECTID"": 1111, ""latitude"": 42.224195, ""longitude"": -78.101119, ""mile_post"": ""101"", ""municipality"": ""Higgins"", ""state_number"": ""36"", ""highway_route"": ""I-86E"", ""nhs_rest_stop"": ""Friendship"", ""number_of_spots"": 12}",2019-01-01 00:00:00+00,ntad_parking,44,unknown,59,50,0,{}
1112,public_rest_area,Campbell,NY,12,POINT(-77.1983469997984 42.2437609998605),ntad_parking,18,2026-07-22 08:31:07.98657+00,2019-01-01 00:00:00+00,68,95,17,100,50,{},"{""state"": ""NY"", ""county"": ""Steuben"", ""OBJECTID"": 1112, ""latitude"": 42.243761, ""longitude"": -77.198347, ""mile_post"": ""160"", ""municipality"": ""Savona"", ""state_number"": ""36"", ""highway_route"": ""I-86E"", ""nhs_rest_stop"": ""Campbell"", ""number_of_spots"": 12}",2019-01-01 00:00:00+00,ntad_parking,44,unknown,59,50,0,{}
1113,public_rest_area,Unadilla,NY,20,POINT(-75.2906969999043 42.3263479997086),ntad_parking,18,2026-07-22 08:31:07.98657+00,2019-01-01 00:00:00+00,68,95,17,100,50,{},"{""state"": ""NY"", ""county"": ""Delaware"", ""OBJECTID"": 1113, ""latitude"": 42.326348, ""longitude"": -75.290697, ""mile_post"": ""39"", ""municipality"": ""Sidney"", ""state_number"": ""36"", ""highway_route"": ""I-88E"", ""nhs_rest_stop"": ""Unadilla"", ""number_of_spots"": 20}",2019-01-01 00:00:00+00,ntad_parking,44,unknown,59,50,0,{}
1114,public_rest_area,Wells Bridge,NY,15,POINT(-75.2574519996476 42.3585830000776),ntad_parking,18,2026-07-22 08:31:07.98657+00,2019-01-01 00:00:00+00,68,95,17,100,50,{},"{""state"": ""NY"", ""county"": ""Delaware"", ""OBJECTID"": 1114, ""latitude"": 42.358583, ""longitude"": -75.257452, ""mile_post"": ""40"", ""municipality"": ""Sidney"", ""state_number"": ""36"", ""highway_route"": ""I-88W"", ""nhs_rest_stop"": ""Wells Bridge"", ""number_of_spots"": 15}",2019-01-01 00:00:00+00,ntad_parking,44,unknown,59,50,0,{}
1115,public_rest_area,Kanona,NY,10,POINT(-77.3540120003883 42.3718839999604),ntad_parking,18,2026-07-22 08:31:07.98657+00,2019-01-01 00:00:00+00,68,95,17,100,50,{},"{""state"": ""NY"", ""county"": ""Steuben"", ""OBJECTID"": 1115, ""latitude"": 42.371884, ""longitude"": -77.354012, ""mile_post"": ""147"", ""municipality"": ""Haverling Heights"", ""state_number"": ""36"", ""highway_route"": ""I-86W"", ""nhs_rest_stop"": ""Kanona"", ""number_of_spots"": 10}",2019-01-01 00:00:00+00,ntad_parking,44,unknown,59,50,0,{}
1116,public_rest_area,Whitney Point,NY,29,POINT(-75.9944440000185 42.375073999762),ntad_parking,18,2026-07-22 08:31:07.98657+00,2019-01-01 00:00:00+00,68,95,17,100,50,{},"{""state"": ""NY"", ""county"": ""Broome"", ""OBJECTID"": 1116, ""latitude"": 42.375074, ""longitude"": -75.994444, ""mile_post"": ""9"", ""municipality"": ""Lisle"", ""state_number"": ""36"", ""highway_route"": ""I-81S"", ""nhs_rest_stop"": ""Whitney Point"", ""number_of_spots"": 29}",2019-01-01 00:00:00+00,ntad_parking,44,unknown,59,50,0,{}
1117,public_rest_area,Worcester (Eastbound),NY,15,POINT(-74.7682469995894 42.5712530002448),ntad_parking,18,2026-07-22 08:31:07.98657+00,2019-01-01 00:00:00+00,68,95,17,100,50,{},"{""state"": ""NY"", ""county"": ""Otsego"", ""OBJECTID"": 1117, ""latitude"": 42.571253, ""longitude"": -74.768247, ""mile_post"": ""74"", ""municipality"": ""Worcester"", ""state_number"": ""36"", ""highway_route"": ""I-88E"", ""nhs_rest_stop"": ""Worcester (Eastbound)"", ""number_of_spots"": 15}",2019-01-01 00:00:00+00,ntad_parking,44,unknown,59,50,0,{}
1118,public_rest_area,East Worcester (Westbound),NY,9,POINT(-74.6851449998042 42.6087739999225),ntad_parking,18,2026-07-22 08:31:07.98657+00,2019-01-01 00:00:00+00,68,95,17,100,50,{},"{""state"": ""NY"", ""county"": ""Otsego"", ""OBJECTID"": 1118, ""latitude"": 42.608774, ""longitude"": -74.685145, ""mile_post"": ""79"", ""municipality"": ""Worcester"", ""state_number"": ""36"", ""highway_route"": ""I-88W"", ""nhs_rest_stop"": ""East Worcester (Westbound)"", ""number_of_spots"": 9}",2019-01-01 00:00:00+00,ntad_parking,44,unknown,59,50,0,{}
1119,public_rest_area,Preble,NY,59,POINT(-76.1457460000544 42.7154020000628),ntad_parking,18,2026-07-22 08:31:07.98657+00,2019-01-01 00:00:00+00,68,95,17,100,50,{},"{""state"": ""NY"", ""county"": ""Cortland"", ""OBJECTID"": 1119, ""latitude"": 42.715402, ""longitude"": -76.145746, ""mile_post"": ""14"", ""municipality"": ""Preble"", ""state_number"": ""36"", ""highway_route"": ""I-81N"", ""nhs_rest_stop"": ""Preble"", ""number_of_spots"": 59}",2019-01-01 00:00:00+00,ntad_parking,44,unknown,59,50,0,{}
112,public_rest_area,C. H. Warlow,CA,9,POINT(-119.521036999784 36.4920239997747),ntad_parking,18,2026-07-22 08:31:07.98657+00,2019-01-01 00:00:00+00,68,95,17,100,50,{},"{""state"": ""CA"", ""county"": ""Tulare"", ""OBJECTID"": 112, ""latitude"": 36.492024, ""longitude"": -119.521037, ""mile_post"": ""PM 51.8"", ""municipality"": ""Kingsburg"", ""state_number"": ""06"", ""highway_route"": ""US99"", ""nhs_rest_stop"": ""C. H. Warlow"", ""number_of_spots"": 9}",2019-01-01 00:00:00+00,ntad_parking,44,unknown,59,50,0,{}
1120,public_rest_area,Mount Morris,NY,20,POINT(-77.8292720004385 42.7278469999155),ntad_parking,18,2026-07-22 08:31:07.98657+00,2019-01-01 00:00:00+00,68,95,17,100,50,{},"{""state"": ""NY"", ""county"": ""Livingston"", ""OBJECTID"": 1120, ""latitude"": 42.727847, ""longitude"": -77.829272, ""mile_post"": ""38"", ""municipality"": ""Mount Morris"", ""state_number"": ""36"", ""highway_route"": ""I-390E"", ""nhs_rest_stop"": ""Mount Morris"", ""number_of_spots"": 20}",2019-01-01 00:00:00+00,ntad_parking,44,unknown,59,50,0,{}
1121,public_rest_area,Geneseo,NY,20,POINT(-77.8292289998825 42.7278869997251),ntad_parking,18,2026-07-22 08:31:07.98657+00,2019-01-01 00:00:00+00,68,95,17,100,50,{},"{""state"": ""NY"", ""county"": ""Livingston"", ""OBJECTID"": 1121, ""latitude"": 42.727887, ""longitude"": -77.829229, ""mile_post"": ""38"", ""municipality"": ""Mount Morris"", ""state_number"": ""36"", ""highway_route"": ""I-390W"", ""nhs_rest_stop"": ""Geneseo"", ""number_of_spots"": 20}",2019-01-01 00:00:00+00,ntad_parking,44,unknown,59,50,0,{}
1122,public_rest_area,Clifton Park,NY,28,POINT(-73.7767550001788 42.8772689998512),ntad_parking,18,2026-07-22 08:31:07.98657+00,2019-01-01 00:00:00+00,68,95,17,100,50,{},"{""state"": ""NY"", ""county"": ""Saratoga"", ""OBJECTID"": 1122, ""latitude"": 42.877269, ""longitude"": -73.776755, ""mile_post"": ""14"", ""municipality"": ""Clifton Park"", ""state_number"": ""36"", ""highway_route"": ""I-87N"", ""nhs_rest_stop"": ""Clifton Park"", ""number_of_spots"": 28}",2019-01-01 00:00:00+00,ntad_parking,44,unknown,59,50,0,{}
1123,public_rest_area,Adirondacks Welcome Center,NY,15,POINT(-73.6747930003608 43.2726070003067),ntad_parking,18,2026-07-22 08:31:07.98657+00,2019-01-01 00:00:00+00,68,95,17,100,50,{},"{""state"": ""NY"", ""county"": ""Warren"", ""OBJECTID"": 1123, ""latitude"": 43.272607, ""longitude"": -73.674793, ""mile_post"": ""43"", ""municipality"": ""Queensbury"", ""state_number"": ""36"", ""highway_route"": ""I-87N"", ""nhs_rest_stop"": ""Adirondacks Welcome Center"", ""number_of_spots"": 15}",2019-01-01 00:00:00+00,ntad_parking,44,unknown,59,50,0,{}
1124,public_rest_area,Glens Falls (South),NY,16,POINT(-73.6765599999994 43.2743999997161),ntad_parking,18,2026-07-22 08:31:07.98657+00,2019-01-01 00:00:00+00,68,95,17,100,50,{},"{""state"": ""NY"", ""county"": ""Warren"", ""OBJECTID"": 1124, ""latitude"": 43.2744, ""longitude"": -73.67656, ""mile_post"": ""43"", ""municipality"": ""Queensbury"", ""state_number"": ""36"", ""highway_route"": ""I-87S"", ""nhs_rest_stop"": ""Glens Falls (South)"", ""number_of_spots"": 16}",2019-01-01 00:00:00+00,ntad_parking,44,unknown,59,50,0,{}
1125,public_rest_area,Watertown,NY,8,POINT(-75.9846209996417 43.9020899998318),ntad_parking,18,2026-07-22 08:31:07.98657+00,2019-01-01 00:00:00+00,68,95,17,100,50,{},"{""state"": ""NY"", ""county"": ""Jefferson"", ""OBJECTID"": 1125, ""latitude"": 43.90209, ""longitude"": -75.984621, ""mile_post"": ""43"", ""municipality"": ""Honeyville"", ""state_number"": ""36"", ""highway_route"": ""I-81S"", ""nhs_rest_stop"": ""Watertown"", ""number_of_spots"": 8}",2019-01-01 00:00:00+00,ntad_parking,44,unknown,59,50,0,{}
1126,public_rest_area,High Peaks (North),NY,20,POINT(-73.7051830001344 44.0137890003099),ntad_parking,18,2026-07-22 08:31:07.98657+00,2019-01-01 00:00:00+00,68,95,17,100,50,{},"{""state"": ""NY"", ""county"": ""Essex"", ""OBJECTID"": 1126, ""latitude"": 44.013789, ""longitude"": -73.705183, ""mile_post"": ""99"", ""municipality"": ""North Hudson"", ""state_number"": ""36"", ""highway_route"": ""I-87N"", ""nhs_rest_stop"": ""High Peaks (North)"", ""number_of_spots"": 20}",2019-01-01 00:00:00+00,ntad_parking,44,unknown,59,50,0,{}
1127,public_rest_area,High Peaks (South),NY,25,POINT(-73.7044740003048 44.0168739998642),ntad_parking,18,2026-07-22 08:31:07.98657+00,2019-01-01 00:00:00+00,68,95,17,100,50,{},"{""state"": ""NY"", ""county"": ""Essex"", ""OBJECTID"": 1127, ""latitude"": 44.016874, ""longitude"": -73.704474, ""mile_post"": ""99"", ""municipality"": ""North Hudson"", ""state_number"": ""36"", ""highway_route"": ""I-87S"", ""nhs_rest_stop"": ""High Peaks (South)"", ""number_of_spots"": 25}",2019-01-01 00:00:00+00,ntad_parking,44,unknown,59,50,0,{}
1128,public_rest_area,Orleans,NY,11,POINT(-75.9152839999394 44.0820649998394),ntad_parking,18,2026-07-22 08:31:07.98657+00,2019-01-01 00:00:00+00,68,95,17,100,50,{},"{""state"": ""NY"", ""county"": ""Jefferson"", ""OBJECTID"": 1128, ""latitude"": 44.082065, ""longitude"": -75.915284, ""mile_post"": ""49"", ""municipality"": ""Calcium"", ""state_number"": ""36"", ""highway_route"": ""I-81N"", ""nhs_rest_stop"": ""Orleans"", ""number_of_spots"": 11}",2019-01-01 00:00:00+00,ntad_parking,44,unknown,59,50,0,{}
1129,public_rest_area,Valcour,NY,27,POINT(-73.4918269999339 44.6044460000305),ntad_parking,18,2026-07-22 08:31:07.98657+00,2019-01-01 00:00:00+00,68,95,17,100,50,{},"{""state"": ""NY"", ""county"": ""Clinton"", ""OBJECTID"": 1129, ""latitude"": 44.604446, ""longitude"": -73.491827, ""mile_post"": ""NA"", ""municipality"": ""Harkness"", ""state_number"": ""36"", ""highway_route"": ""I-87N"", ""nhs_rest_stop"": ""Valcour"", ""number_of_spots"": 27}",2019-01-01 00:00:00+00,ntad_parking,44,unknown,59,50,0,{}
113,public_rest_area,John Chuck Erreca Northbound,CA,31,POINT(-120.783339999903 36.8642099997495),ntad_parking,18,2026-07-22 08:31:07.98657+00,2019-01-01 00:00:00+00,68,95,17,100,50,{},"{""state"": ""CA"", ""county"": ""Merced"", ""OBJECTID"": 113, ""latitude"": 36.86421, ""longitude"": -120.78334, ""mile_post"": ""PM 0.7"", ""municipality"": ""Los Banos"", ""state_number"": ""06"", ""highway_route"": ""I-5 N"", ""nhs_rest_stop"": ""John Chuck Erreca Northbound"", ""number_of_spots"": 31}",2019-01-01 00:00:00+00,ntad_parking,44,unknown,59,50,0,{}
1130,public_rest_area,Point Au Roche,NY,14,POINT(-73.4440199999012 44.8053709998483),ntad_parking,18,2026-07-22 08:31:07.98657+00,2019-01-01 00:00:00+00,68,95,17,100,50,{},"{""state"": ""NY"", ""county"": ""Clinton"", ""OBJECTID"": 1130, ""latitude"": 44.805371, ""longitude"": -73.44402, ""mile_post"": ""162"", ""municipality"": ""West Chazy"", ""state_number"": ""36"", ""highway_route"": ""I-87N"", ""nhs_rest_stop"": ""Point Au Roche"", ""number_of_spots"": 14}",2019-01-01 00:00:00+00,ntad_parking,44,unknown,59,50,0,{}
1131,public_rest_area,Beekmantown,NY,14,POINT(-73.4462279995807 44.8070390000563),ntad_parking,18,2026-07-22 08:31:07.98657+00,2019-01-01 00:00:00+00,68,95,17,100,50,{},"{""state"": ""NY"", ""county"": ""Clinton"", ""OBJECTID"": 1131, ""latitude"": 44.807039, ""longitude"": -73.446228, ""mile_post"": ""40"", ""municipality"": ""Beekmantown"", ""state_number"": ""36"", ""highway_route"": ""I-87S"", ""nhs_rest_stop"": ""Beekmantown"", ""number_of_spots"": 14}",2019-01-01 00:00:00+00,ntad_parking,44,unknown,59,50,0,{}
1132,public_rest_area,Gallia SR7 SB,OH,10,POINT(-82.1424449998699 38.864462999918),ntad_parking,18,2026-07-22 08:31:07.98657+00,2019-01-01 00:00:00+00,68,95,17,100,50,{},"{""state"": ""OH"", ""county"": ""Gallia"", ""OBJECTID"": 1132, ""latitude"": 38.864463, ""longitude"": -82.142445, ""mile_post"": ""NA"", ""municipality"": ""Gallipolis"", ""state_number"": ""39"", ""highway_route"": ""Hwy7S"", ""nhs_rest_stop"": ""Gallia SR7 SB"", ""number_of_spots"": 10}",2019-01-01 00:00:00+00,ntad_parking,44,unknown,59,50,0,{}
1133,public_rest_area,Gallia US35EB,OH,14,POINT(-82.3332699995948 38.8816060003143),ntad_parking,18,2026-07-22 08:31:07.98657+00,2019-01-01 00:00:00+00,68,95,17,100,50,{},"{""state"": ""OH"", ""county"": ""Rio Grande"", ""OBJECTID"": 1133, ""latitude"": 38.881606, ""longitude"": -82.33327, ""mile_post"": ""NA"", ""municipality"": ""Rio Grande"", ""state_number"": ""39"", ""highway_route"": ""US35EB"", ""nhs_rest_stop"": ""Gallia US35EB"", ""number_of_spots"": 14}",2019-01-01 00:00:00+00,ntad_parking,44,unknown,59,50,0,{}
1134,public_rest_area,Gallia US35WB,OH,14,POINT(-82.3335580003732 38.8839239999092),ntad_parking,18,2026-07-22 08:31:07.98657+00,2019-01-01 00:00:00+00,68,95,17,100,50,{},"{""state"": ""OH"", ""county"": ""Rio Grande"", ""OBJECTID"": 1134, ""latitude"": 38.883924, ""longitude"": -82.333558, ""mile_post"": ""NA"", ""municipality"": ""Rio Grande"", ""state_number"": ""39"", ""highway_route"": ""US35WB"", ""nhs_rest_stop"": ""Gallia US35WB"", ""number_of_spots"": 14}",2019-01-01 00:00:00+00,ntad_parking,44,unknown,59,50,0,{}
1135,public_rest_area,Scioto US23 SB,OH,14,POINT(-83.0249449996448 38.9500519999495),ntad_parking,18,2026-07-22 08:31:07.98657+00,2019-01-01 00:00:00+00,68,95,17,100,50,{},"{""state"": ""OH"", ""county"": ""Scioto"", ""OBJECTID"": 1135, ""latitude"": 38.950052, ""longitude"": -83.024945, ""mile_post"": ""NA"", ""municipality"": ""Lucasville"", ""state_number"": ""39"", ""highway_route"": ""US23S"", ""nhs_rest_stop"": ""Scioto US23 SB"", ""number_of_spots"": 14}",2019-01-01 00:00:00+00,ntad_parking,44,unknown,59,50,0,{}
1136,public_rest_area,Brown SR32 EB,OH,13,POINT(-83.8248609996682 39.0182860003175),ntad_parking,18,2026-07-22 08:31:07.98657+00,2019-01-01 00:00:00+00,68,95,17,100,50,{},"{""state"": ""OH"", ""county"": ""Brown"", ""OBJECTID"": 1136, ""latitude"": 39.018286, ""longitude"": -83.824861, ""mile_post"": ""NA"", ""municipality"": ""Sardinia"", ""state_number"": ""39"", ""highway_route"": ""Hwy32E"", ""nhs_rest_stop"": ""Brown SR32 EB"", ""number_of_spots"": 13}",2019-01-01 00:00:00+00,ntad_parking,44,unknown,59,50,0,{}
1137,public_rest_area,Pike SR32 EB,OH,11,POINT(-83.228095999877 39.0415389997783),ntad_parking,18,2026-07-22 08:31:07.98657+00,2019-01-01 00:00:00+00,68,95,17,100,50,{},"{""state"": ""OH"", ""county"": ""Pike"", ""OBJECTID"": 1137, ""latitude"": 39.041539, ""longitude"": -83.228096, ""mile_post"": ""NA"", ""municipality"": ""Latham"", ""state_number"": ""39"", ""highway_route"": ""Hwy32E"", ""nhs_rest_stop"": ""Pike SR32 EB"", ""number_of_spots"": 11}",2019-01-01 00:00:00+00,ntad_parking,44,unknown,59,50,0,{}
1138,public_rest_area,Meigs US33 WB,OH,12,POINT(-82.015815000042 39.1185389999351),ntad_parking,18,2026-07-22 08:31:07.98657+00,2019-01-01 00:00:00+00,68,95,17,100,50,{},"{""state"": ""OH"", ""county"": ""Meigs"", ""OBJECTID"": 1138, ""latitude"": 39.118539, ""longitude"": -82.015815, ""mile_post"": ""NA"", ""municipality"": ""Darwin"", ""state_number"": ""39"", ""highway_route"": ""US33W"", ""nhs_rest_stop"": ""Meigs US33 WB"", ""number_of_spots"": 12}",2019-01-01 00:00:00+00,ntad_parking,44,unknown,59,50,0,{}
1139,public_rest_area,Meigs US33 EB,OH,12,POINT(-82.0195659999524 39.1257319998607),ntad_parking,18,2026-07-22 08:31:07.98657+00,2019-01-01 00:00:00+00,68,95,17,100,50,{},"{""state"": ""OH"", ""county"": ""Meigs"", ""OBJECTID"": 1139, ""latitude"": 39.125732, ""longitude"": -82.019566, ""mile_post"": ""NA"", ""municipality"": ""Darwin"", ""state_number"": ""39"", ""highway_route"": ""US33E"", ""nhs_rest_stop"": ""Meigs US33 EB"", ""number_of_spots"": 12}",2019-01-01 00:00:00+00,ntad_parking,44,unknown,59,50,0,{}
114,public_rest_area,John Chuck Erreca Southbound,CA,31,POINT(-120.783339999903 36.8642099997495),ntad_parking,18,2026-07-22 08:31:07.98657+00,2019-01-01 00:00:00+00,68,95,17,100,50,{},"{""state"": ""CA"", ""county"": ""Merced"", ""OBJECTID"": 114, ""latitude"": 36.86421, ""longitude"": -120.78334, ""mile_post"": ""PM 0.7"", ""municipality"": ""Los Banos"", ""state_number"": ""06"", ""highway_route"": ""I-5 S"", ""nhs_rest_stop"": ""John Chuck Erreca Southbound"", ""number_of_spots"": 31}",2019-01-01 00:00:00+00,ntad_parking,44,unknown,59,50,0,{}
1140,public_rest_area,Jackson US35 WB,OH,22,POINT(-82.7371819999066 39.1660290000464),ntad_parking,18,2026-07-22 08:31:07.98657+00,2019-01-01 00:00:00+00,68,95,17,100,50,{},"{""state"": ""OH"", ""county"": ""Jackson"", ""OBJECTID"": 1140, ""latitude"": 39.166029, ""longitude"": -82.737182, ""mile_post"": ""NA"", ""municipality"": ""Jackson"", ""state_number"": ""39"", ""highway_route"": ""US35W"", ""nhs_rest_stop"": ""Jackson US35 WB"", ""number_of_spots"": 22}",2019-01-01 00:00:00+00,ntad_parking,44,unknown,59,50,0,{}
1141,public_rest_area,Athens US50EB,OH,14,POINT(-81.7630540001533 39.2356689996522),ntad_parking,18,2026-07-22 08:31:07.98657+00,2019-01-01 00:00:00+00,68,95,17,100,50,{},"{""state"": ""OH"", ""county"": ""Athens"", ""OBJECTID"": 1141, ""latitude"": 39.235669, ""longitude"": -81.763054, ""mile_post"": ""NA"", ""municipality"": ""Torch"", ""state_number"": ""39"", ""highway_route"": ""US50E"", ""nhs_rest_stop"": ""Athens US50EB"", ""number_of_spots"": 14}",2019-01-01 00:00:00+00,ntad_parking,44,unknown,59,50,0,{}
1142,public_rest_area,Athens US50 WB,OH,11,POINT(-82.1837529996392 39.2473360001135),ntad_parking,18,2026-07-22 08:31:07.98657+00,2019-01-01 00:00:00+00,68,95,17,100,50,{},"{""state"": ""OH"", ""county"": ""Athens"", ""OBJECTID"": 1142, ""latitude"": 39.247336, ""longitude"": -82.183753, ""mile_post"": ""NA"", ""municipality"": ""Albany"", ""state_number"": ""39"", ""highway_route"": ""US50W"", ""nhs_rest_stop"": ""Athens US50 WB"", ""number_of_spots"": 11}",2019-01-01 00:00:00+00,ntad_parking,44,unknown,59,50,0,{}
1143,public_rest_area,Warren I71 NB,OH,20,POINT(-84.1242579998026 39.4141720001194),ntad_parking,18,2026-07-22 08:31:07.98657+00,2019-01-01 00:00:00+00,68,95,17,100,50,{},"{""state"": ""OH"", ""county"": ""Warren"", ""OBJECTID"": 1143, ""latitude"": 39.414172, ""longitude"": -84.124258, ""mile_post"": ""NA"", ""municipality"": ""Lebanon"", ""state_number"": ""39"", ""highway_route"": ""I-71N"", ""nhs_rest_stop"": ""Warren I71 NB"", ""number_of_spots"": 20}",2019-01-01 00:00:00+00,ntad_parking,44,unknown,59,50,0,{}
1144,public_rest_area,Warren I71 SB,OH,20,POINT(-84.1226509999976 39.4158560003238),ntad_parking,18,2026-07-22 08:31:07.98657+00,2019-01-01 00:00:00+00,68,95,17,100,50,{},"{""state"": ""OH"", ""county"": ""Warren"", ""OBJECTID"": 1144, ""latitude"": 39.415856, ""longitude"": -84.122651, ""mile_post"": ""NA"", ""municipality"": ""alebanon"", ""state_number"": ""39"", ""highway_route"": ""I-71S"", ""nhs_rest_stop"": ""Warren I71 SB"", ""number_of_spots"": 20}",2019-01-01 00:00:00+00,ntad_parking,44,unknown,59,50,0,{}
1145,public_rest_area,Butler I75 NB,OH,20,POINT(-84.3485670001588 39.4170079998101),ntad_parking,18,2026-07-22 08:31:07.98657+00,2019-01-01 00:00:00+00,68,95,17,100,50,{},"{""state"": ""OH"", ""county"": ""Butler"", ""OBJECTID"": 1145, ""latitude"": 39.417008, ""longitude"": -84.348567, ""mile_post"": ""NA"", ""municipality"": ""Monroe"", ""state_number"": ""39"", ""highway_route"": ""I-75N"", ""nhs_rest_stop"": ""Butler I75 NB"", ""number_of_spots"": 20}",2019-01-01 00:00:00+00,ntad_parking,44,unknown,59,50,0,{}
1146,public_rest_area,Butler I75 SB,OH,20,POINT(-84.3491239996524 39.4201120002502),ntad_parking,18,2026-07-22 08:31:07.98657+00,2019-01-01 00:00:00+00,68,95,17,100,50,{},"{""state"": ""OH"", ""county"": ""Butler"", ""OBJECTID"": 1146, ""latitude"": 39.420112, ""longitude"": -84.349124, ""mile_post"": ""NA"", ""municipality"": ""Monroe"", ""state_number"": ""39"", ""highway_route"": ""I-75S"", ""nhs_rest_stop"": ""Butler I75 SB"", ""number_of_spots"": 20}",2019-01-01 00:00:00+00,ntad_parking,44,unknown,59,50,0,{}
1147,public_rest_area,Washington I77 NB,OH,20,POINT(-81.4381169999727 39.4518819996533),ntad_parking,18,2026-07-22 08:31:07.98657+00,2019-01-01 00:00:00+00,68,95,17,100,50,{},"{""state"": ""OH"", ""county"": ""Washington"", ""OBJECTID"": 1147, ""latitude"": 39.451882, ""longitude"": -81.438117, ""mile_post"": ""3"", ""municipality"": ""Harmar"", ""state_number"": ""39"", ""highway_route"": ""I-77N"", ""nhs_rest_stop"": ""Washington I77 NB"", ""number_of_spots"": 20}",2019-01-01 00:00:00+00,ntad_parking,44,unknown,59,50,0,{}
1148,public_rest_area,Monroe SR7 NB,OH,10,POINT(-81.0122120002091 39.5608330000798),ntad_parking,18,2026-07-22 08:31:07.98657+00,2019-01-01 00:00:00+00,68,95,17,100,50,{},"{""state"": ""OH"", ""county"": ""Monroe"", ""OBJECTID"": 1148, ""latitude"": 39.560833, ""longitude"": -81.012212, ""mile_post"": ""NA"", ""municipality"": ""Matamoras"", ""state_number"": ""39"", ""highway_route"": ""Hwy7N"", ""nhs_rest_stop"": ""Monroe SR7 NB"", ""number_of_spots"": 10}",2019-01-01 00:00:00+00,ntad_parking,44,unknown,59,50,0,{}
1149,public_rest_area,Hocking US33 EB,OH,10,POINT(-82.5096020000389 39.5637400000954),ntad_parking,18,2026-07-22 08:31:07.98657+00,2019-01-01 00:00:00+00,68,95,17,100,50,{},"{""state"": ""OH"", ""county"": ""Hocking"", ""OBJECTID"": 1149, ""latitude"": 39.56374, ""longitude"": -82.509602, ""mile_post"": ""NA"", ""municipality"": ""Enterprise"", ""state_number"": ""39"", ""highway_route"": ""US33E"", ""nhs_rest_stop"": ""Hocking US33 EB"", ""number_of_spots"": 10}",2019-01-01 00:00:00+00,ntad_parking,44,unknown,59,50,0,{}
115,public_rest_area,Coalinga/Avenal Southbound,CA,23,POINT(-120.782548000232 36.8645420001085),ntad_parking,18,2026-07-22 08:31:07.98657+00,2019-01-01 00:00:00+00,68,95,17,100,50,{},"{""state"": ""CA"", ""county"": ""Fresno"", ""OBJECTID"": 115, ""latitude"": 36.864542, ""longitude"": -120.782548, ""mile_post"": ""PM 1.4"", ""municipality"": ""Hamburg Farms"", ""state_number"": ""06"", ""highway_route"": ""I-5S"", ""nhs_rest_stop"": ""Coalinga/Avenal Southbound"", ""number_of_spots"": 23}",2019-01-01 00:00:00+00,ntad_parking,44,unknown,59,50,0,{}
1150,public_rest_area,Hocking US33 WB,OH,10,POINT(-82.5079399999823 39.5644159998837),ntad_parking,18,2026-07-22 08:31:07.98657+00,2019-01-01 00:00:00+00,68,95,17,100,50,{},"{""state"": ""OH"", ""county"": ""Hocking"", ""OBJECTID"": 1150, ""latitude"": 39.564416, ""longitude"": -82.50794, ""mile_post"": ""NA"", ""municipality"": ""Enterprise"", ""state_number"": ""39"", ""highway_route"": ""US33W"", ""nhs_rest_stop"": ""Hocking US33 WB"", ""number_of_spots"": 10}",2019-01-01 00:00:00+00,ntad_parking,44,unknown,59,50,0,{}
1151,public_rest_area,Fayette I71 SB,OH,13,POINT(-83.5740050004087 39.6369730002469),ntad_parking,18,2026-07-22 08:31:07.98657+00,2019-01-01 00:00:00+00,68,95,17,100,50,{},"{""state"": ""OH"", ""county"": ""Fayette"", ""OBJECTID"": 1151, ""latitude"": 39.636973, ""longitude"": -83.574005, ""mile_post"": ""68"", ""municipality"": ""Jeffersonville"", ""state_number"": ""39"", ""highway_route"": ""I-71S"", ""nhs_rest_stop"": ""Fayette I71 SB"", ""number_of_spots"": 13}",2019-01-01 00:00:00+00,ntad_parking,44,unknown,59,50,0,{}
1152,public_rest_area,Fayette I71 NB,OH,12,POINT(-83.5667420000641 39.637530999869),ntad_parking,18,2026-07-22 08:31:07.98657+00,2019-01-01 00:00:00+00,68,95,17,100,50,{},"{""state"": ""OH"", ""county"": ""Fayette"", ""OBJECTID"": 1152, ""latitude"": 39.637531, ""longitude"": -83.566742, ""mile_post"": ""68"", ""municipality"": ""Jeffersonville"", ""state_number"": ""39"", ""highway_route"": ""I-71N"", ""nhs_rest_stop"": ""Fayette I71 NB"", ""number_of_spots"": 12}",2019-01-01 00:00:00+00,ntad_parking,44,unknown,59,50,0,{}
1153,public_rest_area,Pickaway US23 SB,OH,10,POINT(-82.9875970000234 39.7372530000193),ntad_parking,18,2026-07-22 08:31:07.98657+00,2019-01-01 00:00:00+00,68,95,17,100,50,{},"{""state"": ""OH"", ""county"": ""Pickaway"", ""OBJECTID"": 1153, ""latitude"": 39.737253, ""longitude"": -82.987597, ""mile_post"": ""NA"", ""municipality"": ""South Bloomfield"", ""state_number"": ""39"", ""highway_route"": ""US23S"", ""nhs_rest_stop"": ""Pickaway US23 SB"", ""number_of_spots"": 10}",2019-01-01 00:00:00+00,ntad_parking,44,unknown,59,50,0,{}
1154,public_rest_area,Preble I70 EB,OH,59,POINT(-84.7609029996582 39.8278749999876),ntad_parking,18,2026-07-22 08:31:07.98657+00,2019-01-01 00:00:00+00,68,95,17,100,50,{},"{""state"": ""OH"", ""county"": ""Preble"", ""OBJECTID"": 1154, ""latitude"": 39.827875, ""longitude"": -84.760903, ""mile_post"": ""NA"", ""municipality"": ""New Oaris"", ""state_number"": ""39"", ""highway_route"": ""I-70E"", ""nhs_rest_stop"": ""Preble I70 EB"", ""number_of_spots"": 59}",2019-01-01 00:00:00+00,ntad_parking,44,unknown,59,50,0,{}
1155,public_rest_area,Guernsey I77 SB,OH,10,POINT(-81.5288799995876 39.9057090001638),ntad_parking,18,2026-07-22 08:31:07.98657+00,2019-01-01 00:00:00+00,68,95,17,100,50,{},"{""state"": ""OH"", ""county"": ""Guernsey"", ""OBJECTID"": 1155, ""latitude"": 39.905709, ""longitude"": -81.52888, ""mile_post"": ""36"", ""municipality"": ""Pleasant City"", ""state_number"": ""39"", ""highway_route"": ""I-77S"", ""nhs_rest_stop"": ""Guernsey I77 SB"", ""number_of_spots"": 10}",2019-01-01 00:00:00+00,ntad_parking,44,unknown,59,50,0,{}
1156,public_rest_area,Madison I70 EB,OH,19,POINT(-83.5317729998265 39.9397570003137),ntad_parking,18,2026-07-22 08:31:07.98657+00,2019-01-01 00:00:00+00,68,95,17,100,50,{},"{""state"": ""OH"", ""county"": ""Madison"", ""OBJECTID"": 1156, ""latitude"": 39.939757, ""longitude"": -83.531773, ""mile_post"": ""71"", ""municipality"": ""Brighton"", ""state_number"": ""39"", ""highway_route"": ""I-70E"", ""nhs_rest_stop"": ""Madison I70 EB"", ""number_of_spots"": 19}",2019-01-01 00:00:00+00,ntad_parking,44,unknown,59,50,0,{}
1157,public_rest_area,Guernsey I77 NB,OH,10,POINT(-81.5322599997773 39.9408449998261),ntad_parking,18,2026-07-22 08:31:07.98657+00,2019-01-01 00:00:00+00,68,95,17,100,50,{},"{""state"": ""OH"", ""county"": ""Guernsey"", ""OBJECTID"": 1157, ""latitude"": 39.940845, ""longitude"": -81.53226, ""mile_post"": ""39"", ""municipality"": ""Pleasant City"", ""state_number"": ""39"", ""highway_route"": ""I-77N"", ""nhs_rest_stop"": ""Guernsey I77 NB"", ""number_of_spots"": 10}",2019-01-01 00:00:00+00,ntad_parking,44,unknown,59,50,0,{}
1158,public_rest_area,Madison I70 WB,OH,19,POINT(-83.5327829999549 39.9417810002551),ntad_parking,18,2026-07-22 08:31:07.98657+00,2019-01-01 00:00:00+00,68,95,17,100,50,{},"{""state"": ""OH"", ""county"": ""Madison"", ""OBJECTID"": 1158, ""latitude"": 39.941781, ""longitude"": -83.532783, ""mile_post"": ""71"", ""municipality"": ""Brighton"", ""state_number"": ""39"", ""highway_route"": ""I-70W"", ""nhs_rest_stop"": ""Madison I70 WB"", ""number_of_spots"": 19}",2019-01-01 00:00:00+00,ntad_parking,44,unknown,59,50,0,{}
1159,public_rest_area,Licking I70 EB,OH,60,POINT(-82.4524210000663 39.945233000291),ntad_parking,18,2026-07-22 08:31:07.98657+00,2019-01-01 00:00:00+00,68,95,17,100,50,{},"{""state"": ""OH"", ""county"": ""Licking"", ""OBJECTID"": 1159, ""latitude"": 39.945233, ""longitude"": -82.452421, ""mile_post"": ""131"", ""municipality"": ""Firemans Park"", ""state_number"": ""39"", ""highway_route"": ""I-70E"", ""nhs_rest_stop"": ""Licking I70 EB"", ""number_of_spots"": 60}",2019-01-01 00:00:00+00,ntad_parking,44,unknown,59,50,0,{}
116,public_rest_area,Division Creek,CA,9,POINT(-118.239939999755 36.9457200002818),ntad_parking,18,2026-07-22 08:31:07.98657+00,2019-01-01 00:00:00+00,68,95,17,100,50,{},"{""state"": ""CA"", ""county"": ""Inyo"", ""OBJECTID"": 116, ""latitude"": 36.94572, ""longitude"": -118.23994, ""mile_post"": ""PM 83.9"", ""municipality"": ""Independence"", ""state_number"": ""06"", ""highway_route"": ""US 395"", ""nhs_rest_stop"": ""Division Creek"", ""number_of_spots"": 9}",2019-01-01 00:00:00+00,ntad_parking,44,unknown,59,50,0,{}
1160,public_rest_area,Licking I70 WB,OH,60,POINT(-82.4527850001144 39.948151000255),ntad_parking,18,2026-07-22 08:31:07.98657+00,2019-01-01 00:00:00+00,68,95,17,100,50,{},"{""state"": ""OH"", ""county"": ""Licking"", ""OBJECTID"": 1160, ""latitude"": 39.948151, ""longitude"": -82.452785, ""mile_post"": ""131"", ""municipality"": ""Firemans Park"", ""state_number"": ""39"", ""highway_route"": ""I-70W"", ""nhs_rest_stop"": ""Licking I70 WB"", ""number_of_spots"": 60}",2019-01-01 00:00:00+00,ntad_parking,44,unknown,59,50,0,{}
1161,public_rest_area,Muskingum I70 WB,OH,10,POINT(-81.8594420003457 39.9738439997942),ntad_parking,18,2026-07-22 08:31:07.98657+00,2019-01-01 00:00:00+00,68,95,17,100,50,{},"{""state"": ""OH"", ""county"": ""Muskingum"", ""OBJECTID"": 1161, ""latitude"": 39.973844, ""longitude"": -81.859442, ""mile_post"": ""163"", ""municipality"": ""Bridgeville"", ""state_number"": ""39"", ""highway_route"": ""I-70W"", ""nhs_rest_stop"": ""Muskingum I70 WB"", ""number_of_spots"": 10}",2019-01-01 00:00:00+00,ntad_parking,44,unknown,59,50,0,{}
1162,public_rest_area,Guernsey I70 EB,OH,19,POINT(-81.393382999983 40.0389369997665),ntad_parking,18,2026-07-22 08:31:07.98657+00,2019-01-01 00:00:00+00,68,95,17,100,50,{},"{""state"": ""OH"", ""county"": ""Guernsey"", ""OBJECTID"": 1162, ""latitude"": 40.038937, ""longitude"": -81.393383, ""mile_post"": ""189"", ""municipality"": ""NA"", ""state_number"": ""39"", ""highway_route"": ""I-70E"", ""nhs_rest_stop"": ""Guernsey I70 EB"", ""number_of_spots"": 19}",2019-01-01 00:00:00+00,ntad_parking,44,unknown,59,50,0,{}
1163,public_rest_area,Belmont I70 EB,OH,19,POINT(-81.0140030001371 40.0632360002987),ntad_parking,18,2026-07-22 08:31:07.98657+00,2019-01-01 00:00:00+00,68,95,17,100,50,{},"{""state"": ""OH"", ""county"": ""Belmont"", ""OBJECTID"": 1163, ""latitude"": 40.063236, ""longitude"": -81.014003, ""mile_post"": ""211"", ""municipality"": ""Morristown"", ""state_number"": ""39"", ""highway_route"": ""I-70E"", ""nhs_rest_stop"": ""Belmont I70 EB"", ""number_of_spots"": 19}",2019-01-01 00:00:00+00,ntad_parking,44,unknown,59,50,0,{}
1164,public_rest_area,Belmont I-70W,OH,24,POINT(-81.0113900004016 40.0647859998423),ntad_parking,18,2026-07-22 08:31:07.98657+00,2019-01-01 00:00:00+00,68,95,17,100,50,{},"{""state"": ""OH"", ""county"": ""Belmont"", ""OBJECTID"": 1164, ""latitude"": 40.064786, ""longitude"": -81.01139, ""mile_post"": ""211"", ""municipality"": ""Morristown"", ""state_number"": ""39"", ""highway_route"": ""I-70W"", ""nhs_rest_stop"": ""Belmont I-70W"", ""number_of_spots"": 24}",2019-01-01 00:00:00+00,ntad_parking,44,unknown,59,50,0,{}
1165,public_rest_area,Miami I75NB,OH,29,POINT(-84.2147750002686 40.1280559999224),ntad_parking,18,2026-07-22 08:31:07.98657+00,2019-01-01 00:00:00+00,68,95,17,100,50,{},"{""state"": ""OH"", ""county"": ""Miami"", ""OBJECTID"": 1165, ""latitude"": 40.128056, ""longitude"": -84.214775, ""mile_post"": ""81"", ""municipality"": ""Piqua"", ""state_number"": ""39"", ""highway_route"": ""I-75N"", ""nhs_rest_stop"": ""Miami I75NB"", ""number_of_spots"": 29}",2019-01-01 00:00:00+00,ntad_parking,44,unknown,59,50,0,{}
1166,public_rest_area,Miami I75 SB,OH,29,POINT(-84.2166089998543 40.1328720003249),ntad_parking,18,2026-07-22 08:31:07.98657+00,2019-01-01 00:00:00+00,68,95,17,100,50,{},"{""state"": ""OH"", ""county"": ""Miami"", ""OBJECTID"": 1166, ""latitude"": 40.132872, ""longitude"": -84.216609, ""mile_post"": ""81"", ""municipality"": ""Piqua"", ""state_number"": ""39"", ""highway_route"": ""I-75S"", ""nhs_rest_stop"": ""Miami I75 SB"", ""number_of_spots"": 29}",2019-01-01 00:00:00+00,ntad_parking,44,unknown,59,50,0,{}
1167,public_rest_area,Harrison US22 SB,OH,1,POINT(-81.2198630003644 40.1921120002095),ntad_parking,18,2026-07-22 08:31:07.98657+00,2019-01-01 00:00:00+00,68,95,17,100,50,{},"{""state"": ""OH"", ""county"": ""Harrison"", ""OBJECTID"": 1167, ""latitude"": 40.192112, ""longitude"": -81.219863, ""mile_post"": ""85"", ""municipality"": ""Piedmont"", ""state_number"": ""39"", ""highway_route"": ""US22S"", ""nhs_rest_stop"": ""Harrison US22 SB"", ""number_of_spots"": 1}",2019-01-01 00:00:00+00,ntad_parking,44,unknown,59,50,0,{}
1168,public_rest_area,Union US33 NB,OH,10,POINT(-83.285558000057 40.200972999908),ntad_parking,18,2026-07-22 08:31:07.98657+00,2019-01-01 00:00:00+00,68,95,17,100,50,{},"{""state"": ""OH"", ""county"": ""Union"", ""OBJECTID"": 1168, ""latitude"": 40.200973, ""longitude"": -83.285558, ""mile_post"": ""NA"", ""municipality"": ""Dipple"", ""state_number"": ""39"", ""highway_route"": ""US33N"", ""nhs_rest_stop"": ""Union US33 NB"", ""number_of_spots"": 10}",2019-01-01 00:00:00+00,ntad_parking,44,unknown,59,50,0,{}
1169,public_rest_area,Union US33 SB,OH,10,POINT(-83.2851799997652 40.2027070000694),ntad_parking,18,2026-07-22 08:31:07.98657+00,2019-01-01 00:00:00+00,68,95,17,100,50,{},"{""state"": ""OH"", ""county"": ""Union"", ""OBJECTID"": 1169, ""latitude"": 40.202707, ""longitude"": -83.28518, ""mile_post"": ""NA"", ""municipality"": ""Dipple"", ""state_number"": ""39"", ""highway_route"": ""US33S"", ""nhs_rest_stop"": ""Union US33 SB"", ""number_of_spots"": 10}",2019-01-01 00:00:00+00,ntad_parking,44,unknown,59,50,0,{}
117,public_rest_area,Enoch Christofferson Southbound,CA,24,POINT(-120.827453999751 37.4644399996443),ntad_parking,18,2026-07-22 08:31:07.98657+00,2019-01-01 00:00:00+00,68,95,17,100,50,{},"{""state"": ""CA"", ""county"": ""Stanislaus"", ""OBJECTID"": 117, ""latitude"": 37.46444, ""longitude"": -120.827454, ""mile_post"": ""PM 0.5"", ""municipality"": ""Turlock"", ""state_number"": ""06"", ""highway_route"": ""Hwy 99 S"", ""nhs_rest_stop"": ""Enoch Christofferson Southbound"", ""number_of_spots"": 24}",2019-01-01 00:00:00+00,ntad_parking,44,unknown,59,50,0,{}
1170,public_rest_area,Delaware I71 NB,OH,13,POINT(-82.928579000092 40.2217620003426),ntad_parking,18,2026-07-22 08:31:07.98657+00,2019-01-01 00:00:00+00,68,95,17,100,50,{},"{""state"": ""OH"", ""county"": ""Delaware"", ""OBJECTID"": 1170, ""latitude"": 40.221762, ""longitude"": -82.928579, ""mile_post"": ""128"", ""municipality"": ""Berkshire"", ""state_number"": ""39"", ""highway_route"": ""I-71N"", ""nhs_rest_stop"": ""Delaware I71 NB"", ""number_of_spots"": 13}",2019-01-01 00:00:00+00,ntad_parking,44,unknown,59,50,0,{}
1171,public_rest_area,Delaware I71 SB,OH,12,POINT(-82.9298360000926 40.226647999671),ntad_parking,18,2026-07-22 08:31:07.98657+00,2019-01-01 00:00:00+00,68,95,17,100,50,{},"{""state"": ""OH"", ""county"": ""Delaware"", ""OBJECTID"": 1171, ""latitude"": 40.226648, ""longitude"": -82.929836, ""mile_post"": ""128"", ""municipality"": ""Berkshire"", ""state_number"": ""39"", ""highway_route"": ""I-71S"", ""nhs_rest_stop"": ""Delaware I71 SB"", ""number_of_spots"": 12}",2019-01-01 00:00:00+00,ntad_parking,44,unknown,59,50,0,{}
1172,public_rest_area,Harrison US250 WB,OH,1,POINT(-81.2169829997668 40.3588140001463),ntad_parking,18,2026-07-22 08:31:07.98657+00,2019-01-01 00:00:00+00,68,95,17,100,50,{},"{""state"": ""OH"", ""county"": ""Harrison"", ""OBJECTID"": 1172, ""latitude"": 40.358814, ""longitude"": -81.216983, ""mile_post"": ""85"", ""municipality"": ""Uhrichsville"", ""state_number"": ""39"", ""highway_route"": ""US250W"", ""nhs_rest_stop"": ""Harrison US250 WB"", ""number_of_spots"": 1}",2019-01-01 00:00:00+00,ntad_parking,44,unknown,59,50,0,{}
1173,public_rest_area,Logan US33 WB,OH,10,POINT(-83.7886729999631 40.4052370002849),ntad_parking,18,2026-07-22 08:31:07.98657+00,2019-01-01 00:00:00+00,68,95,17,100,50,{},"{""state"": ""OH"", ""county"": ""Logan"", ""OBJECTID"": 1173, ""latitude"": 40.405237, ""longitude"": -83.788673, ""mile_post"": ""NA"", ""municipality"": ""Bellefontaine"", ""state_number"": ""39"", ""highway_route"": ""US33W"", ""nhs_rest_stop"": ""Logan US33 WB"", ""number_of_spots"": 10}",2019-01-01 00:00:00+00,ntad_parking,44,unknown,59,50,0,{}
1174,public_rest_area,Logan US33 EB,OH,10,POINT(-83.7868910002559 40.4057519997969),ntad_parking,18,2026-07-22 08:31:07.98657+00,2019-01-01 00:00:00+00,68,95,17,100,50,{},"{""state"": ""OH"", ""county"": ""Logan"", ""OBJECTID"": 1174, ""latitude"": 40.405752, ""longitude"": -83.786891, ""mile_post"": ""NA"", ""municipality"": ""Bellefontaine"", ""state_number"": ""39"", ""highway_route"": ""US33E"", ""nhs_rest_stop"": ""Logan US33 EB"", ""number_of_spots"": 10}",2019-01-01 00:00:00+00,ntad_parking,44,unknown,59,50,0,{}
1175,public_rest_area,Morrow I71 NB,OH,18,POINT(-82.7398640001374 40.4810329998024),ntad_parking,18,2026-07-22 08:31:07.98657+00,2019-01-01 00:00:00+00,68,95,17,100,50,{},"{""state"": ""OH"", ""county"": ""Morrow"", ""OBJECTID"": 1175, ""latitude"": 40.481033, ""longitude"": -82.739864, ""mile_post"": ""NA"", ""municipality"": ""Marengo"", ""state_number"": ""39"", ""highway_route"": ""I-71N"", ""nhs_rest_stop"": ""Morrow I71 NB"", ""number_of_spots"": 18}",2019-01-01 00:00:00+00,ntad_parking,44,unknown,59,50,0,{}
1176,public_rest_area,Morrow I71 SB,OH,18,POINT(-82.7427189997222 40.4812500001524),ntad_parking,18,2026-07-22 08:31:07.98657+00,2019-01-01 00:00:00+00,68,95,17,100,50,{},"{""state"": ""OH"", ""county"": ""Morrow"", ""OBJECTID"": 1176, ""latitude"": 40.48125, ""longitude"": -82.742719, ""mile_post"": ""NA"", ""municipality"": ""Marengo"", ""state_number"": ""39"", ""highway_route"": ""I-71S"", ""nhs_rest_stop"": ""Morrow I71 SB"", ""number_of_spots"": 18}",2019-01-01 00:00:00+00,ntad_parking,44,unknown,59,50,0,{}
1177,public_rest_area,Marion US23 SB,OH,10,POINT(-83.0757390004052 40.5269639996798),ntad_parking,18,2026-07-22 08:31:07.98657+00,2019-01-01 00:00:00+00,68,95,17,100,50,{},"{""state"": ""OH"", ""county"": ""Marion"", ""OBJECTID"": 1177, ""latitude"": 40.526964, ""longitude"": -83.075739, ""mile_post"": ""NA"", ""municipality"": ""Waldo"", ""state_number"": ""39"", ""highway_route"": ""US23S"", ""nhs_rest_stop"": ""Marion US23 SB"", ""number_of_spots"": 10}",2019-01-01 00:00:00+00,ntad_parking,44,unknown,59,50,0,{}
1178,public_rest_area,Marion US23 NB,OH,10,POINT(-83.0736830001632 40.5282720003293),ntad_parking,18,2026-07-22 08:31:07.98657+00,2019-01-01 00:00:00+00,68,95,17,100,50,{},"{""state"": ""OH"", ""county"": ""Marion"", ""OBJECTID"": 1178, ""latitude"": 40.528272, ""longitude"": -83.073683, ""mile_post"": ""NA"", ""municipality"": ""Waldo"", ""state_number"": ""39"", ""highway_route"": ""US23N"", ""nhs_rest_stop"": ""Marion US23 NB"", ""number_of_spots"": 10}",2019-01-01 00:00:00+00,ntad_parking,44,unknown,59,50,0,{}
1179,public_rest_area,Auglaize US33 EB,OH,20,POINT(-84.329680000362 40.5570329998376),ntad_parking,18,2026-07-22 08:31:07.98657+00,2019-01-01 00:00:00+00,68,95,17,100,50,{},"{""state"": ""OH"", ""county"": ""Auglaize"", ""OBJECTID"": 1179, ""latitude"": 40.557033, ""longitude"": -84.32968, ""mile_post"": ""NA"", ""municipality"": ""Moulton"", ""state_number"": ""39"", ""highway_route"": ""US33E"", ""nhs_rest_stop"": ""Auglaize US33 EB"", ""number_of_spots"": 20}",2019-01-01 00:00:00+00,ntad_parking,44,unknown,59,50,0,{}
118,public_rest_area,Enoch Christofferson Northbound,CA,23,POINT(-120.830890000018 37.4665400000615),ntad_parking,18,2026-07-22 08:31:07.98657+00,2019-01-01 00:00:00+00,68,95,17,100,50,{},"{""state"": ""CA"", ""county"": ""Stanislaus"", ""OBJECTID"": 118, ""latitude"": 37.46654, ""longitude"": -120.83089, ""mile_post"": ""PM 0.5"", ""municipality"": ""Turlock"", ""state_number"": ""06"", ""highway_route"": ""Hwy 99 N"", ""nhs_rest_stop"": ""Enoch Christofferson Northbound"", ""number_of_spots"": 23}",2019-01-01 00:00:00+00,ntad_parking,44,unknown,59,50,0,{}
1180,public_rest_area,Auglaize US33 WB,OH,20,POINT(-84.3278159997407 40.5584649998308),ntad_parking,18,2026-07-22 08:31:07.98657+00,2019-01-01 00:00:00+00,68,95,17,100,50,{},"{""state"": ""OH"", ""county"": ""Auglaize"", ""OBJECTID"": 1180, ""latitude"": 40.558465, ""longitude"": -84.327816, ""mile_post"": ""NA"", ""municipality"": ""Moulton"", ""state_number"": ""39"", ""highway_route"": ""US33W"", ""nhs_rest_stop"": ""Auglaize US33 WB"", ""number_of_spots"": 20}",2019-01-01 00:00:00+00,ntad_parking,44,unknown,59,50,0,{}
1181,public_rest_area,Jefferson SR213 EB,OH,10,POINT(-80.6660480003076 40.5692510000942),ntad_parking,18,2026-07-22 08:31:07.98657+00,2019-01-01 00:00:00+00,68,95,17,100,50,{},"{""state"": ""OH"", ""county"": ""Jefferson"", ""OBJECTID"": 1181, ""latitude"": 40.569251, ""longitude"": -80.666048, ""mile_post"": ""NA"", ""municipality"": ""Hammondsville"", ""state_number"": ""39"", ""highway_route"": ""Hwy213E"", ""nhs_rest_stop"": ""Jefferson SR213 EB"", ""number_of_spots"": 10}",2019-01-01 00:00:00+00,ntad_parking,44,unknown,59,50,0,{}
1182,public_rest_area,Auglaize I75 NB,OH,20,POINT(-84.1575440000672 40.5985560002935),ntad_parking,18,2026-07-22 08:31:07.98657+00,2019-01-01 00:00:00+00,68,95,17,100,50,{},"{""state"": ""OH"", ""county"": ""Auglaize"", ""OBJECTID"": 1182, ""latitude"": 40.598556, ""longitude"": -84.157544, ""mile_post"": ""NA"", ""municipality"": ""Wapakoneta"", ""state_number"": ""39"", ""highway_route"": ""I-75N"", ""nhs_rest_stop"": ""Auglaize I75 NB"", ""number_of_spots"": 20}",2019-01-01 00:00:00+00,ntad_parking,44,unknown,59,50,0,{}
1183,public_rest_area,Auglaize I75 SB,OH,20,POINT(-84.1585580003936 40.6000549997103),ntad_parking,18,2026-07-22 08:31:07.98657+00,2019-01-01 00:00:00+00,68,95,17,100,50,{},"{""state"": ""OH"", ""county"": ""Auglaize"", ""OBJECTID"": 1183, ""latitude"": 40.600055, ""longitude"": -84.158558, ""mile_post"": ""NA"", ""municipality"": ""Wapakoneta"", ""state_number"": ""39"", ""highway_route"": ""I-75S"", ""nhs_rest_stop"": ""Auglaize I75 SB"", ""number_of_spots"": 20}",2019-01-01 00:00:00+00,ntad_parking,44,unknown,59,50,0,{}
1184,public_rest_area,Richland US30 EB,OH,10,POINT(-82.4197580003159 40.7793079998468),ntad_parking,18,2026-07-22 08:31:07.98657+00,2019-01-01 00:00:00+00,68,95,17,100,50,{},"{""state"": ""OH"", ""county"": ""Richland"", ""OBJECTID"": 1184, ""latitude"": 40.779308, ""longitude"": -82.419758, ""mile_post"": ""NA"", ""municipality"": ""Mansfield"", ""state_number"": ""39"", ""highway_route"": ""US30E"", ""nhs_rest_stop"": ""Richland US30 EB"", ""number_of_spots"": 10}",2019-01-01 00:00:00+00,ntad_parking,44,unknown,59,50,0,{}
1185,public_rest_area,Richland US30 WB,OH,10,POINT(-82.4208830000721 40.7806359997507),ntad_parking,18,2026-07-22 08:31:07.98657+00,2019-01-01 00:00:00+00,68,95,17,100,50,{},"{""state"": ""OH"", ""county"": ""Richland"", ""OBJECTID"": 1185, ""latitude"": 40.780636, ""longitude"": -82.420883, ""mile_post"": ""NA"", ""municipality"": ""Mansfield"", ""state_number"": ""39"", ""highway_route"": ""US30W"", ""nhs_rest_stop"": ""Richland US30 WB"", ""number_of_spots"": 10}",2019-01-01 00:00:00+00,ntad_parking,44,unknown,59,50,0,{}
1186,public_rest_area,Wyandot US30 EB,OH,42,POINT(-83.1713609999683 40.8065610000083),ntad_parking,18,2026-07-22 08:31:07.98657+00,2019-01-01 00:00:00+00,68,95,17,100,50,{},"{""state"": ""OH"", ""county"": ""Wyandot"", ""OBJECTID"": 1186, ""latitude"": 40.806561, ""longitude"": -83.171361, ""mile_post"": ""NA"", ""municipality"": ""Edenville"", ""state_number"": ""39"", ""highway_route"": ""US30E"", ""nhs_rest_stop"": ""Wyandot US30 EB"", ""number_of_spots"": 42}",2019-01-01 00:00:00+00,ntad_parking,44,unknown,59,50,0,{}
1187,public_rest_area,Wyandot US30 WB,OH,40,POINT(-83.17630799978 40.8090890001428),ntad_parking,18,2026-07-22 08:31:07.98657+00,2019-01-01 00:00:00+00,68,95,17,100,50,{},"{""state"": ""OH"", ""county"": ""Wyandot"", ""OBJECTID"": 1187, ""latitude"": 40.809089, ""longitude"": -83.176308, ""mile_post"": ""NA"", ""municipality"": ""Edenville"", ""state_number"": ""39"", ""highway_route"": ""US30W"", ""nhs_rest_stop"": ""Wyandot US30 WB"", ""number_of_spots"": 40}",2019-01-01 00:00:00+00,ntad_parking,44,unknown,59,50,0,{}
1188,public_rest_area,Allen US30 EB,OH,10,POINT(-84.0621509999347 40.823517999912),ntad_parking,18,2026-07-22 08:31:07.98657+00,2019-01-01 00:00:00+00,68,95,17,100,50,{},"{""state"": ""OH"", ""county"": ""Allen"", ""OBJECTID"": 1188, ""latitude"": 40.823518, ""longitude"": -84.062151, ""mile_post"": ""NA"", ""municipality"": ""Cairo"", ""state_number"": ""39"", ""highway_route"": ""US30E"", ""nhs_rest_stop"": ""Allen US30 EB"", ""number_of_spots"": 10}",2019-01-01 00:00:00+00,ntad_parking,44,unknown,59,50,0,{}
1189,public_rest_area,Allen US30 WB,OH,10,POINT(-84.0620010001469 40.8253249998099),ntad_parking,18,2026-07-22 08:31:07.98657+00,2019-01-01 00:00:00+00,68,95,17,100,50,{},"{""state"": ""OH"", ""county"": ""Allen"", ""OBJECTID"": 1189, ""latitude"": 40.825325, ""longitude"": -84.062001, ""mile_post"": ""NA"", ""municipality"": ""Cairo"", ""state_number"": ""39"", ""highway_route"": ""US30W"", ""nhs_rest_stop"": ""Allen US30 WB"", ""number_of_spots"": 10}",2019-01-01 00:00:00+00,ntad_parking,44,unknown,59,50,0,{}
119,public_rest_area,Crystal Springs,CA,4,POINT(-122.367440000211 37.5415099998776),ntad_parking,18,2026-07-22 08:31:07.98657+00,2019-01-01 00:00:00+00,68,95,17,100,50,{},"{""state"": ""CA"", ""county"": ""San Mateo"", ""OBJECTID"": 119, ""latitude"": 37.54151, ""longitude"": -122.36744, ""mile_post"": ""PM 13.5"", ""municipality"": ""Belmont"", ""state_number"": ""06"", ""highway_route"": ""I-280"", ""nhs_rest_stop"": ""Crystal Springs"", ""number_of_spots"": 4}",2019-01-01 00:00:00+00,ntad_parking,44,unknown,59,50,0,{}
1190,public_rest_area,Wyandot US23 SB,OH,10,POINT(-83.3346689999461 40.8807280002375),ntad_parking,18,2026-07-22 08:31:07.98657+00,2019-01-01 00:00:00+00,68,95,17,100,50,{},"{""state"": ""OH"", ""county"": ""Wyandot"", ""OBJECTID"": 1190, ""latitude"": 40.880728, ""longitude"": -83.334669, ""mile_post"": ""NA"", ""municipality"": ""Carey"", ""state_number"": ""39"", ""highway_route"": ""US23S"", ""nhs_rest_stop"": ""Wyandot US23 SB"", ""number_of_spots"": 10}",2019-01-01 00:00:00+00,ntad_parking,44,unknown,59,50,0,{}
1191,public_rest_area,Van Wert US30 EB,OH,10,POINT(-84.6618010003462 40.9089149999936),ntad_parking,18,2026-07-22 08:31:07.98657+00,2019-01-01 00:00:00+00,68,95,17,100,50,{},"{""state"": ""OH"", ""county"": ""Van Wert"", ""OBJECTID"": 1191, ""latitude"": 40.908915, ""longitude"": -84.661801, ""mile_post"": ""8"", ""municipality"": ""Convoy"", ""state_number"": ""39"", ""highway_route"": ""US30E"", ""nhs_rest_stop"": ""Van Wert US30 EB"", ""number_of_spots"": 10}",2019-01-01 00:00:00+00,ntad_parking,44,unknown,59,50,0,{}
1192,public_rest_area,Van Wert US30 WB,OH,10,POINT(-84.6610489999606 40.9106039999674),ntad_parking,18,2026-07-22 08:31:07.98657+00,2019-01-01 00:00:00+00,68,95,17,100,50,{},"{""state"": ""OH"", ""county"": ""Van Wert"", ""OBJECTID"": 1192, ""latitude"": 40.910604, ""longitude"": -84.661049, ""mile_post"": ""8"", ""municipality"": ""Convoy"", ""state_number"": ""39"", ""highway_route"": ""US30W"", ""nhs_rest_stop"": ""Van Wert US30 WB"", ""number_of_spots"": 10}",2019-01-01 00:00:00+00,ntad_parking,44,unknown,59,50,0,{}
1193,public_rest_area,Wyandot US23 NB,OH,10,POINT(-83.3567219996724 40.9219469997289),ntad_parking,18,2026-07-22 08:31:07.98657+00,2019-01-01 00:00:00+00,68,95,17,100,50,{},"{""state"": ""OH"", ""county"": ""Wyandot"", ""OBJECTID"": 1193, ""latitude"": 40.921947, ""longitude"": -83.356722, ""mile_post"": ""NA"", ""municipality"": ""Carey"", ""state_number"": ""39"", ""highway_route"": ""US23N"", ""nhs_rest_stop"": ""Wyandot US23 NB"", ""number_of_spots"": 10}",2019-01-01 00:00:00+00,ntad_parking,44,unknown,59,50,0,{}
1194,public_rest_area,Wayne I71 NB,OH,28,POINT(-82.103178000274 40.9370440003291),ntad_parking,18,2026-07-22 08:31:07.98657+00,2019-01-01 00:00:00+00,68,95,17,100,50,{},"{""state"": ""OH"", ""county"": ""Wayne"", ""OBJECTID"": 1194, ""latitude"": 40.937044, ""longitude"": -82.103178, ""mile_post"": ""196"", ""municipality"": ""Pleasant Home"", ""state_number"": ""39"", ""highway_route"": ""I-71N"", ""nhs_rest_stop"": ""Wayne I71 NB"", ""number_of_spots"": 28}",2019-01-01 00:00:00+00,ntad_parking,44,unknown,59,50,0,{}
1195,public_rest_area,Wayne I71 SB,OH,26,POINT(-82.1005889999296 40.9401609997922),ntad_parking,18,2026-07-22 08:31:07.98657+00,2019-01-01 00:00:00+00,68,95,17,100,50,{},"{""state"": ""OH"", ""county"": ""Wayne"", ""OBJECTID"": 1195, ""latitude"": 40.940161, ""longitude"": -82.100589, ""mile_post"": ""196"", ""municipality"": ""Pleasant Home"", ""state_number"": ""39"", ""highway_route"": ""I-71S"", ""nhs_rest_stop"": ""Wayne I71 SB"", ""number_of_spots"": 26}",2019-01-01 00:00:00+00,ntad_parking,44,unknown,59,50,0,{}
1196,public_rest_area,Hancock I75 NB,OH,20,POINT(-83.7119790002047 40.984820999661),ntad_parking,18,2026-07-22 08:31:07.98657+00,2019-01-01 00:00:00+00,68,95,17,100,50,{},"{""state"": ""OH"", ""county"": ""Hancock"", ""OBJECTID"": 1196, ""latitude"": 40.984821, ""longitude"": -83.711979, ""mile_post"": ""153"", ""municipality"": ""Findlay"", ""state_number"": ""39"", ""highway_route"": ""I-75N"", ""nhs_rest_stop"": ""Hancock I75 NB"", ""number_of_spots"": 20}",2019-01-01 00:00:00+00,ntad_parking,44,unknown,59,50,0,{}
1197,public_rest_area,Hancock I75 SB,OH,20,POINT(-83.7136730000484 40.9865570001577),ntad_parking,18,2026-07-22 08:31:07.98657+00,2019-01-01 00:00:00+00,68,95,17,100,50,{},"{""state"": ""OH"", ""county"": ""Hancock"", ""OBJECTID"": 1197, ""latitude"": 40.986557, ""longitude"": -83.713673, ""mile_post"": ""153"", ""municipality"": ""Findlay"", ""state_number"": ""39"", ""highway_route"": ""I-75S"", ""nhs_rest_stop"": ""Hancock I75 SB"", ""number_of_spots"": 20}",2019-01-01 00:00:00+00,ntad_parking,44,unknown,59,50,0,{}
1198,public_rest_area,Portage I76 EB,OH,10,POINT(-81.1130889995555 41.1045830000136),ntad_parking,18,2026-07-22 08:31:07.98657+00,2019-01-01 00:00:00+00,68,95,17,100,50,{},"{""state"": ""OH"", ""county"": ""Portage"", ""OBJECTID"": 1198, ""latitude"": 41.104583, ""longitude"": -81.113089, ""mile_post"": ""NA"", ""municipality"": ""Diamond"", ""state_number"": ""39"", ""highway_route"": ""I-76E"", ""nhs_rest_stop"": ""Portage I76 EB"", ""number_of_spots"": 10}",2019-01-01 00:00:00+00,ntad_parking,44,unknown,59,50,0,{}
1199,public_rest_area,Portage I76 WB,OH,10,POINT(-81.1133170000595 41.1057749997384),ntad_parking,18,2026-07-22 08:31:07.98657+00,2019-01-01 00:00:00+00,68,95,17,100,50,{},"{""state"": ""OH"", ""county"": ""Portage"", ""OBJECTID"": 1199, ""latitude"": 41.105775, ""longitude"": -81.113317, ""mile_post"": ""NA"", ""municipality"": ""Diamond"", ""state_number"": ""39"", ""highway_route"": ""I-76W"", ""nhs_rest_stop"": ""Portage I76 WB"", ""number_of_spots"": 10}",2019-01-01 00:00:00+00,ntad_parking,44,unknown,59,50,0,{}
12,public_rest_area,Macon County Rest Area (NB),AL,18,POINT(-85.6181870001502 32.4967510001057),ntad_parking,18,2026-07-22 08:31:07.98657+00,2019-01-01 00:00:00+00,68,95,17,100,50,{},"{""state"": ""AL"", ""county"": ""Macon"", ""OBJECTID"": 12, ""latitude"": 32.496751, ""longitude"": -85.618187, ""mile_post"": ""43.6"", ""municipality"": ""Tuskegee"", ""state_number"": ""01"", ""highway_route"": ""I-85 NB"", ""nhs_rest_stop"": ""Macon County Rest Area (NB)"", ""number_of_spots"": 18}",2019-01-01 00:00:00+00,ntad_parking,44,unknown,59,50,0,{}
120,public_rest_area,Westley Southbound,CA,16,POINT(-121.322840000056 37.5826299998268),ntad_parking,18,2026-07-22 08:31:07.98657+00,2019-01-01 00:00:00+00,68,95,17,100,50,{},"{""state"": ""CA"", ""county"": ""Stanislaus"", ""OBJECTID"": 120, ""latitude"": 37.58263, ""longitude"": -121.32284, ""mile_post"": ""PM 27.2"", ""municipality"": ""Vernalis"", ""state_number"": ""06"", ""highway_route"": ""I-5 S"", ""nhs_rest_stop"": ""Westley Southbound"", ""number_of_spots"": 16}",2019-01-01 00:00:00+00,ntad_parking,44,unknown,59,50,0,{}
1200,public_rest_area,Summit I77 NB,OH,10,POINT(-81.6244250000562 41.1946749997317),ntad_parking,18,2026-07-22 08:31:07.98657+00,2019-01-01 00:00:00+00,68,95,17,100,50,{},"{""state"": ""OH"", ""county"": ""Summit"", ""OBJECTID"": 1200, ""latitude"": 41.194675, ""longitude"": -81.624425, ""mile_post"": ""141"", ""municipality"": ""Bath"", ""state_number"": ""39"", ""highway_route"": ""I-77N"", ""nhs_rest_stop"": ""Summit I77 NB"", ""number_of_spots"": 10}",2019-01-01 00:00:00+00,ntad_parking,44,unknown,59,50,0,{}
1201,public_rest_area,Summit I77 SB,OH,10,POINT(-81.626958000324 41.1955639997676),ntad_parking,18,2026-07-22 08:31:07.98657+00,2019-01-01 00:00:00+00,68,95,17,100,50,{},"{""state"": ""OH"", ""county"": ""Summit"", ""OBJECTID"": 1201, ""latitude"": 41.195564, ""longitude"": -81.626958, ""mile_post"": ""141"", ""municipality"": ""Bath"", ""state_number"": ""39"", ""highway_route"": ""I-77S"", ""nhs_rest_stop"": ""Summit I77 SB"", ""number_of_spots"": 10}",2019-01-01 00:00:00+00,ntad_parking,44,unknown,59,50,0,{}
1202,public_rest_area,Summit 271 NB,OH,10,POINT(-81.6682140002147 41.2079690002106),ntad_parking,18,2026-07-22 08:31:07.98657+00,2019-01-01 00:00:00+00,68,95,17,100,50,{},"{""state"": ""OH"", ""county"": ""Summit"", ""OBJECTID"": 1202, ""latitude"": 41.207969, ""longitude"": -81.668214, ""mile_post"": ""8"", ""municipality"": ""Richfield Heights"", ""state_number"": ""39"", ""highway_route"": ""I-271N"", ""nhs_rest_stop"": ""Summit 271 NB"", ""number_of_spots"": 10}",2019-01-01 00:00:00+00,ntad_parking,44,unknown,59,50,0,{}
1203,public_rest_area,Medina I71 SB,OH,20,POINT(-81.7947389995624 41.2101439999697),ntad_parking,18,2026-07-22 08:31:07.98657+00,2019-01-01 00:00:00+00,68,95,17,100,50,{},"{""state"": ""OH"", ""county"": ""Medina"", ""OBJECTID"": 1203, ""latitude"": 41.210144, ""longitude"": -81.794739, ""mile_post"": ""224"", ""municipality"": ""Weymouth"", ""state_number"": ""39"", ""highway_route"": ""I-71S"", ""nhs_rest_stop"": ""Medina I71 SB"", ""number_of_spots"": 20}",2019-01-01 00:00:00+00,ntad_parking,44,unknown,59,50,0,{}
1204,public_rest_area,Summit 271 SB,OH,10,POINT(-81.6676939996327 41.2104440002046),ntad_parking,18,2026-07-22 08:31:07.98657+00,2019-01-01 00:00:00+00,68,95,17,100,50,{},"{""state"": ""OH"", ""county"": ""Summit"", ""OBJECTID"": 1204, ""latitude"": 41.210444, ""longitude"": -81.667694, ""mile_post"": ""8"", ""municipality"": ""Richfield Heights"", ""state_number"": ""39"", ""highway_route"": ""I-271S"", ""nhs_rest_stop"": ""Summit 271 SB"", ""number_of_spots"": 10}",2019-01-01 00:00:00+00,ntad_parking,44,unknown,59,50,0,{}
1205,public_rest_area,Medina I71 NB,OH,10,POINT(-81.7925140001644 41.2226640002321),ntad_parking,18,2026-07-22 08:31:07.98657+00,2019-01-01 00:00:00+00,68,95,17,100,50,{},"{""state"": ""OH"", ""county"": ""Medina"", ""OBJECTID"": 1205, ""latitude"": 41.222664, ""longitude"": -81.792514, ""mile_post"": ""225"", ""municipality"": ""Weymouth"", ""state_number"": ""39"", ""highway_route"": ""I-71N"", ""nhs_rest_stop"": ""Medina I71 NB"", ""number_of_spots"": 10}",2019-01-01 00:00:00+00,ntad_parking,44,unknown,59,50,0,{}
1206,public_rest_area,Ohio Turnpike Plaza,OH,95,POINT(-81.1772390001449 41.242569999822),ntad_parking,18,2026-07-22 08:31:07.98657+00,2019-01-01 00:00:00+00,68,95,17,100,50,{},"{""state"": ""OH"", ""county"": ""Portage"", ""OBJECTID"": 1206, ""latitude"": 41.24257, ""longitude"": -81.177239, ""mile_post"": ""NA"", ""municipality"": ""Freedom"", ""state_number"": ""39"", ""highway_route"": ""I-80E/I-90E"", ""nhs_rest_stop"": ""Ohio Turnpike Plaza"", ""number_of_spots"": 95}",2019-01-01 00:00:00+00,ntad_parking,44,unknown,59,50,0,{}
1207,public_rest_area,Ohio Turnpike Plaza,OH,78,POINT(-81.1761980000543 41.2446189998673),ntad_parking,18,2026-07-22 08:31:07.98657+00,2019-01-01 00:00:00+00,68,95,17,100,50,{},"{""state"": ""OH"", ""county"": ""Portage"", ""OBJECTID"": 1207, ""latitude"": 41.244619, ""longitude"": -81.176198, ""mile_post"": ""NA"", ""municipality"": ""Freedom"", ""state_number"": ""39"", ""highway_route"": ""I-80W/I-90W"", ""nhs_rest_stop"": ""Ohio Turnpike Plaza"", ""number_of_spots"": 78}",2019-01-01 00:00:00+00,ntad_parking,44,unknown,59,50,0,{}
1208,public_rest_area,Ohio Turnpike Plaza,OH,78,POINT(-81.6756750000278 41.2916309999525),ntad_parking,18,2026-07-22 08:31:07.98657+00,2019-01-01 00:00:00+00,68,95,17,100,50,{},"{""state"": ""OH"", ""county"": ""Cuyahoga"", ""OBJECTID"": 1208, ""latitude"": 41.291631, ""longitude"": -81.675675, ""mile_post"": ""NA"", ""municipality"": ""Broadway Heights"", ""state_number"": ""39"", ""highway_route"": ""I-80E/I-90E"", ""nhs_rest_stop"": ""Ohio Turnpike Plaza"", ""number_of_spots"": 78}",2019-01-01 00:00:00+00,ntad_parking,44,unknown,59,50,0,{}
1209,public_rest_area,Ohio Turnpike Plaza,OH,78,POINT(-81.6717700001315 41.2925579997969),ntad_parking,18,2026-07-22 08:31:07.98657+00,2019-01-01 00:00:00+00,68,95,17,100,50,{},"{""state"": ""OH"", ""county"": ""Cuyahoga"", ""OBJECTID"": 1209, ""latitude"": 41.292558, ""longitude"": -81.67177, ""mile_post"": ""NA"", ""municipality"": ""Broadway Heights"", ""state_number"": ""39"", ""highway_route"": ""I-80W-90W"", ""nhs_rest_stop"": ""Ohio Turnpike Plaza"", ""number_of_spots"": 78}",2019-01-01 00:00:00+00,ntad_parking,44,unknown,59,50,0,{}
121,public_rest_area,Westley Northbound,CA,18,POINT(-121.323211999601 37.5831280000938),ntad_parking,18,2026-07-22 08:31:07.98657+00,2019-01-01 00:00:00+00,68,95,17,100,50,{},"{""state"": ""CA"", ""county"": ""Stanislaus"", ""OBJECTID"": 121, ""latitude"": 37.583128, ""longitude"": -121.323212, ""mile_post"": ""PM 27.2"", ""municipality"": ""Vernalis"", ""state_number"": ""06"", ""highway_route"": ""I-5N MM"", ""nhs_rest_stop"": ""Westley Northbound"", ""number_of_spots"": 18}",2019-01-01 00:00:00+00,ntad_parking,44,unknown,59,50,0,{}
1210,public_rest_area,Wood I75 SB,OH,30,POINT(-83.6272170000127 41.3356559998632),ntad_parking,18,2026-07-22 08:31:07.98657+00,2019-01-01 00:00:00+00,68,95,17,100,50,{},"{""state"": ""OH"", ""county"": ""Wood"", ""OBJECTID"": 1210, ""latitude"": 41.335656, ""longitude"": -83.627217, ""mile_post"": ""179"", ""municipality"": ""Portage"", ""state_number"": ""39"", ""highway_route"": ""I-75S"", ""nhs_rest_stop"": ""Wood I75 SB"", ""number_of_spots"": 30}",2019-01-01 00:00:00+00,ntad_parking,44,unknown,59,50,0,{}
1211,public_rest_area,Wood I75 NB,OH,29,POINT(-83.6238309999752 41.3405470000581),ntad_parking,18,2026-07-22 08:31:07.98657+00,2019-01-01 00:00:00+00,68,95,17,100,50,{},"{""state"": ""OH"", ""county"": ""Wood"", ""OBJECTID"": 1211, ""latitude"": 41.340547, ""longitude"": -83.623831, ""mile_post"": ""179"", ""municipality"": ""Portage"", ""state_number"": ""39"", ""highway_route"": ""I-75N"", ""nhs_rest_stop"": ""Wood I75 NB"", ""number_of_spots"": 29}",2019-01-01 00:00:00+00,ntad_parking,44,unknown,59,50,0,{}
1212,public_rest_area,Ohio Turnpike Plaza,OH,150,POINT(-82.2232629998077 41.3797149997931),ntad_parking,18,2026-07-22 08:31:07.98657+00,2019-01-01 00:00:00+00,68,95,17,100,50,{},"{""state"": ""OH"", ""county"": ""Lorain"", ""OBJECTID"": 1212, ""latitude"": 41.379715, ""longitude"": -82.223263, ""mile_post"": ""NA"", ""municipality"": ""Amherst"", ""state_number"": ""39"", ""highway_route"": ""I-80W-90W"", ""nhs_rest_stop"": ""Ohio Turnpike Plaza"", ""number_of_spots"": 150}",2019-01-01 00:00:00+00,ntad_parking,44,unknown,59,50,0,{}
1213,public_rest_area,Ohio Turnpike Plaza,OH,115,POINT(-82.2230369998519 41.37971999987),ntad_parking,18,2026-07-22 08:31:07.98657+00,2019-01-01 00:00:00+00,68,95,17,100,50,{},"{""state"": ""OH"", ""county"": ""Lorain"", ""OBJECTID"": 1213, ""latitude"": 41.37972, ""longitude"": -82.223037, ""mile_post"": ""NA"", ""municipality"": ""Amherst"", ""state_number"": ""39"", ""highway_route"": ""I-80E/I-90E"", ""nhs_rest_stop"": ""Ohio Turnpike Plaza"", ""number_of_spots"": 115}",2019-01-01 00:00:00+00,ntad_parking,44,unknown,59,50,0,{}
1214,public_rest_area,Lorain 2 EB,OH,26,POINT(-82.3363779997979 41.4020060002385),ntad_parking,18,2026-07-22 08:31:07.98657+00,2019-01-01 00:00:00+00,68,95,17,100,50,{},"{""state"": ""OH"", ""county"": ""Lorain"", ""OBJECTID"": 1214, ""latitude"": 41.402006, ""longitude"": -82.336378, ""mile_post"": ""NA"", ""municipality"": ""Vermilion"", ""state_number"": ""39"", ""highway_route"": ""Hwy2E"", ""nhs_rest_stop"": ""Lorain 2 EB"", ""number_of_spots"": 26}",2019-01-01 00:00:00+00,ntad_parking,44,unknown,59,50,0,{}
1215,public_rest_area,Lorain 2 WB,OH,26,POINT(-82.3360439998871 41.4039580000978),ntad_parking,18,2026-07-22 08:31:07.98657+00,2019-01-01 00:00:00+00,68,95,17,100,50,{},"{""state"": ""OH"", ""county"": ""Lorain"", ""OBJECTID"": 1215, ""latitude"": 41.403958, ""longitude"": -82.336044, ""mile_post"": ""NA"", ""municipality"": ""Vermilion"", ""state_number"": ""39"", ""highway_route"": ""Hwy2"", ""nhs_rest_stop"": ""Lorain 2 WB"", ""number_of_spots"": 26}",2019-01-01 00:00:00+00,ntad_parking,44,unknown,59,50,0,{}
1216,public_rest_area,Ottawa SR2 WB,OH,13,POINT(-83.016050000279 41.5295000001917),ntad_parking,18,2026-07-22 08:31:07.98657+00,2019-01-01 00:00:00+00,68,95,17,100,50,{},"{""state"": ""OH"", ""county"": ""Ottawa"", ""OBJECTID"": 1216, ""latitude"": 41.5295, ""longitude"": -83.01605, ""mile_post"": ""NA"", ""municipality"": ""Lacarne"", ""state_number"": ""39"", ""highway_route"": ""Hwy2W"", ""nhs_rest_stop"": ""Ottawa SR2 WB"", ""number_of_spots"": 13}",2019-01-01 00:00:00+00,ntad_parking,44,unknown,59,50,0,{}
1217,public_rest_area,Ashtabula 11 SB,OH,10,POINT(-80.7141690001597 41.563656000102),ntad_parking,18,2026-07-22 08:31:07.98657+00,2019-01-01 00:00:00+00,68,95,17,100,50,{},"{""state"": ""OH"", ""county"": ""Ashtabula"", ""OBJECTID"": 1217, ""latitude"": 41.563656, ""longitude"": -80.714169, ""mile_post"": ""NA"", ""municipality"": ""Colebrook"", ""state_number"": ""39"", ""highway_route"": ""Hwy11"", ""nhs_rest_stop"": ""Ashtabula 11 SB"", ""number_of_spots"": 10}",2019-01-01 00:00:00+00,ntad_parking,44,unknown,59,50,0,{}
1218,public_rest_area,Ohio Turnpike Plaza,OH,50,POINT(-83.8709079997351 41.5993099998428),ntad_parking,18,2026-07-22 08:31:07.98657+00,2019-01-01 00:00:00+00,68,95,17,100,50,{},"{""state"": ""OH"", ""county"": ""Lucas"", ""OBJECTID"": 1218, ""latitude"": 41.59931, ""longitude"": -83.870908, ""mile_post"": ""NA"", ""municipality"": ""Swanton"", ""state_number"": ""39"", ""highway_route"": ""I-80W-90W"", ""nhs_rest_stop"": ""Ohio Turnpike Plaza"", ""number_of_spots"": 50}",2019-01-01 00:00:00+00,ntad_parking,44,unknown,59,50,0,{}
1219,public_rest_area,Ohio Turnpike Plaza,OH,50,POINT(-83.8716669997933 41.6008330001896),ntad_parking,18,2026-07-22 08:31:07.98657+00,2019-01-01 00:00:00+00,68,95,17,100,50,{},"{""state"": ""OH"", ""county"": ""Lucas"", ""OBJECTID"": 1219, ""latitude"": 41.600833, ""longitude"": -83.871667, ""mile_post"": ""NA"", ""municipality"": ""Swanton"", ""state_number"": ""39"", ""highway_route"": ""I-80E/I-90E"", ""nhs_rest_stop"": ""Ohio Turnpike Plaza"", ""number_of_spots"": 50}",2019-01-01 00:00:00+00,ntad_parking,44,unknown,59,50,0,{}
122,public_rest_area,Crestview,CA,9,POINT(-118.969272999947 37.7309960002903),ntad_parking,18,2026-07-22 08:31:07.98657+00,2019-01-01 00:00:00+00,68,95,17,100,50,{},"{""state"": ""CA"", ""county"": ""Mono"", ""OBJECTID"": 122, ""latitude"": 37.730996, ""longitude"": -118.969273, ""mile_post"": ""PM 32.4"", ""municipality"": ""Crestview"", ""state_number"": ""06"", ""highway_route"": ""US 395"", ""nhs_rest_stop"": ""Crestview"", ""number_of_spots"": 9}",2019-01-01 00:00:00+00,ntad_parking,44,unknown,59,50,0,{}
1220,public_rest_area,Ohio Turnpike Plaza,OH,140,POINT(-84.4079840002984 41.6043749999506),ntad_parking,18,2026-07-22 08:31:07.98657+00,2019-01-01 00:00:00+00,68,95,17,100,50,{},"{""state"": ""OH"", ""county"": ""Williams"", ""OBJECTID"": 1220, ""latitude"": 41.604375, ""longitude"": -84.407984, ""mile_post"": ""21"", ""municipality"": ""West Unity"", ""state_number"": ""39"", ""highway_route"": ""I-80E/I-90E"", ""nhs_rest_stop"": ""Ohio Turnpike Plaza"", ""number_of_spots"": 140}",2019-01-01 00:00:00+00,ntad_parking,44,unknown,59,50,0,{}
1221,public_rest_area,Ohio Turnpike Plaza,OH,115,POINT(-84.4077869997566 41.6057839997953),ntad_parking,18,2026-07-22 08:31:07.98657+00,2019-01-01 00:00:00+00,68,95,17,100,50,{},"{""state"": ""OH"", ""county"": ""Williams"", ""OBJECTID"": 1221, ""latitude"": 41.605784, ""longitude"": -84.407787, ""mile_post"": ""21"", ""municipality"": ""West Unity"", ""state_number"": ""39"", ""highway_route"": ""I-80W-90W"", ""nhs_rest_stop"": ""Ohio Turnpike Plaza"", ""number_of_spots"": 115}",2019-01-01 00:00:00+00,ntad_parking,44,unknown,59,50,0,{}
1222,public_rest_area,Lake I90EB,OH,10,POINT(-81.2899440000564 41.6499920000874),ntad_parking,18,2026-07-22 08:31:07.98657+00,2019-01-01 00:00:00+00,68,95,17,100,50,{},"{""state"": ""OH"", ""county"": ""Lake"", ""OBJECTID"": 1222, ""latitude"": 41.649992, ""longitude"": -81.289944, ""mile_post"": ""198"", ""municipality"": ""Mentor"", ""state_number"": ""39"", ""highway_route"": ""I-90E"", ""nhs_rest_stop"": ""Lake I90EB"", ""number_of_spots"": 10}",2019-01-01 00:00:00+00,ntad_parking,44,unknown,59,50,0,{}
1223,public_rest_area,Lake I90WB,OH,10,POINT(-81.2834249997014 41.6551639999697),ntad_parking,18,2026-07-22 08:31:07.98657+00,2019-01-01 00:00:00+00,68,95,17,100,50,{},"{""state"": ""OH"", ""county"": ""Lake"", ""OBJECTID"": 1223, ""latitude"": 41.655164, ""longitude"": -81.283425, ""mile_post"": ""198"", ""municipality"": ""Mentor"", ""state_number"": ""39"", ""highway_route"": ""I-90W"", ""nhs_rest_stop"": ""Lake I90WB"", ""number_of_spots"": 10}",2019-01-01 00:00:00+00,ntad_parking,44,unknown,59,50,0,{}
1224,public_rest_area,Ashtabula I90WB,OH,38,POINT(-80.5492030003232 41.9245310001646),ntad_parking,18,2026-07-22 08:31:07.98657+00,2019-01-01 00:00:00+00,68,95,17,100,50,{},"{""state"": ""OH"", ""county"": ""Ashtabula"", ""OBJECTID"": 1224, ""latitude"": 41.924531, ""longitude"": -80.549203, ""mile_post"": ""NA"", ""municipality"": ""Conneaut"", ""state_number"": ""39"", ""highway_route"": ""I-90W"", ""nhs_rest_stop"": ""Ashtabula I90WB"", ""number_of_spots"": 38}",2019-01-01 00:00:00+00,ntad_parking,44,unknown,59,50,0,{}
1225,public_rest_area,Love Visitor Center NB,OK,18,POINT(-97.1348250000562 33.7732769999356),ntad_parking,18,2026-07-22 08:31:07.98657+00,2019-01-01 00:00:00+00,68,95,17,100,50,{},"{""state"": ""OK"", ""county"": ""Love"", ""OBJECTID"": 1225, ""latitude"": 33.773277, ""longitude"": -97.134825, ""mile_post"": ""4"", ""municipality"": ""Thackerville"", ""state_number"": ""40"", ""highway_route"": ""I-35N"", ""nhs_rest_stop"": ""Love Visitor Center NB"", ""number_of_spots"": 18}",2019-01-01 00:00:00+00,ntad_parking,44,unknown,59,50,0,{}
1226,public_rest_area,Love Rest Area SB,OK,15,POINT(-97.1348250000562 33.7732769999356),ntad_parking,18,2026-07-22 08:31:07.98657+00,2019-01-01 00:00:00+00,68,95,17,100,50,{},"{""state"": ""OK"", ""county"": ""Love"", ""OBJECTID"": 1226, ""latitude"": 33.773277, ""longitude"": -97.134825, ""mile_post"": ""4"", ""municipality"": ""Thackerville"", ""state_number"": ""40"", ""highway_route"": ""I-35S"", ""nhs_rest_stop"": ""Love Rest Area SB"", ""number_of_spots"": 15}",2019-01-01 00:00:00+00,ntad_parking,44,unknown,59,50,0,{}
1227,public_rest_area,Murray Scenic Turnout NB,OK,4,POINT(-97.1414540000161 34.3993420001829),ntad_parking,18,2026-07-22 08:31:07.98657+00,2019-01-01 00:00:00+00,68,95,17,100,50,{},"{""state"": ""OK"", ""county"": ""Murray"", ""OBJECTID"": 1227, ""latitude"": 34.399342, ""longitude"": -97.141454, ""mile_post"": ""48"", ""municipality"": ""Davis"", ""state_number"": ""40"", ""highway_route"": ""I-35N"", ""nhs_rest_stop"": ""Murray Scenic Turnout NB"", ""number_of_spots"": 4}",2019-01-01 00:00:00+00,ntad_parking,44,unknown,59,50,0,{}
1228,public_rest_area,Garvin Rest Area SB,OK,18,POINT(-97.1919370004319 34.5489229999319),ntad_parking,18,2026-07-22 08:31:07.98657+00,2019-01-01 00:00:00+00,68,95,17,100,50,{},"{""state"": ""OK"", ""county"": ""Garvin"", ""OBJECTID"": 1228, ""latitude"": 34.548923, ""longitude"": -97.191937, ""mile_post"": ""59"", ""municipality"": ""Joy"", ""state_number"": ""40"", ""highway_route"": ""I-35S"", ""nhs_rest_stop"": ""Garvin Rest Area SB"", ""number_of_spots"": 18}",2019-01-01 00:00:00+00,ntad_parking,44,unknown,59,50,0,{}
1229,public_rest_area,Garvin Rest Area NB,OK,18,POINT(-97.1894669999132 34.5515939999678),ntad_parking,18,2026-07-22 08:31:07.98657+00,2019-01-01 00:00:00+00,68,95,17,100,50,{},"{""state"": ""OK"", ""county"": ""Garvin"", ""OBJECTID"": 1229, ""latitude"": 34.551594, ""longitude"": -97.189467, ""mile_post"": ""59"", ""municipality"": ""Joy"", ""state_number"": ""40"", ""highway_route"": ""I-35N"", ""nhs_rest_stop"": ""Garvin Rest Area NB"", ""number_of_spots"": 18}",2019-01-01 00:00:00+00,ntad_parking,44,unknown,59,50,0,{}
123,public_rest_area,Elkhorn,CA,14,POINT(-121.611877000411 38.6724109996964),ntad_parking,18,2026-07-22 08:31:07.98657+00,2019-01-01 00:00:00+00,68,95,17,100,50,{},"{""state"": ""CA"", ""county"": ""Sacramento"", ""OBJECTID"": 123, ""latitude"": 38.672411, ""longitude"": -121.611877, ""mile_post"": ""PM 34.1"", ""municipality"": ""Sacramento"", ""state_number"": ""06"", ""highway_route"": ""I-5 S"", ""nhs_rest_stop"": ""Elkhorn"", ""number_of_spots"": 14}",2019-01-01 00:00:00+00,ntad_parking,44,unknown,59,50,0,{}
1230,public_rest_area,Beckham Visitor Center EB,OK,24,POINT(-99.8285999999516 35.2275999997397),ntad_parking,18,2026-07-22 08:31:07.98657+00,2019-01-01 00:00:00+00,68,95,17,100,50,{},"{""state"": ""OK"", ""county"": ""Beckham"", ""OBJECTID"": 1230, ""latitude"": 35.2276, ""longitude"": -99.8286, ""mile_post"": ""10"", ""municipality"": ""Erick"", ""state_number"": ""40"", ""highway_route"": ""I-40E"", ""nhs_rest_stop"": ""Beckham Visitor Center EB"", ""number_of_spots"": 24}",2019-01-01 00:00:00+00,ntad_parking,44,unknown,59,50,0,{}
1231,public_rest_area,Beckham Rest Area WB,OK,27,POINT(-99.8281720003294 35.2296330001631),ntad_parking,18,2026-07-22 08:31:07.98657+00,2019-01-01 00:00:00+00,68,95,17,100,50,{},"{""state"": ""OK"", ""county"": ""Beckham"", ""OBJECTID"": 1231, ""latitude"": 35.229633, ""longitude"": -99.828172, ""mile_post"": ""10"", ""municipality"": ""Erick"", ""state_number"": ""40"", ""highway_route"": ""I-40W"", ""nhs_rest_stop"": ""Beckham Rest Area WB"", ""number_of_spots"": 27}",2019-01-01 00:00:00+00,ntad_parking,44,unknown,59,50,0,{}
1232,public_rest_area,Seminole Rest Area EB,OK,20,POINT(-96.7265879997236 35.3827589998046),ntad_parking,18,2026-07-22 08:31:07.98657+00,2019-01-01 00:00:00+00,68,95,17,100,50,{},"{""state"": ""OK"", ""county"": ""Seminole"", ""OBJECTID"": 1232, ""latitude"": 35.382759, ""longitude"": -96.726588, ""mile_post"": ""197"", ""municipality"": ""Centerview"", ""state_number"": ""40"", ""highway_route"": ""I-40E"", ""nhs_rest_stop"": ""Seminole Rest Area EB"", ""number_of_spots"": 20}",2019-01-01 00:00:00+00,ntad_parking,44,unknown,59,50,0,{}
1233,public_rest_area,Seminole Rest Area WB,OK,20,POINT(-96.7290309995798 35.3858090002698),ntad_parking,18,2026-07-22 08:31:07.98657+00,2019-01-01 00:00:00+00,68,95,17,100,50,{},"{""state"": ""OK"", ""county"": ""Seminole"", ""OBJECTID"": 1233, ""latitude"": 35.385809, ""longitude"": -96.729031, ""mile_post"": ""197"", ""municipality"": ""Centerview"", ""state_number"": ""40"", ""highway_route"": ""I-40W"", ""nhs_rest_stop"": ""Seminole Rest Area WB"", ""number_of_spots"": 20}",2019-01-01 00:00:00+00,ntad_parking,44,unknown,59,50,0,{}
1234,public_rest_area,Sequoyah Rest Area WB,OK,20,POINT(-94.6800419997686 35.407225000205),ntad_parking,18,2026-07-22 08:31:07.98657+00,2019-01-01 00:00:00+00,68,95,17,100,50,{},"{""state"": ""OK"", ""county"": ""Sequoyah"", ""OBJECTID"": 1234, ""latitude"": 35.407225, ""longitude"": -94.680042, ""mile_post"": ""316"", ""municipality"": ""Gans"", ""state_number"": ""40"", ""highway_route"": ""I-40W"", ""nhs_rest_stop"": ""Sequoyah Rest Area WB"", ""number_of_spots"": 20}",2019-01-01 00:00:00+00,ntad_parking,44,unknown,59,50,0,{}
1235,public_rest_area,McIntosh Rest Area EB,OK,10,POINT(-95.7902040003252 35.436902999656),ntad_parking,18,2026-07-22 08:31:07.98657+00,2019-01-01 00:00:00+00,68,95,17,100,50,{},"{""state"": ""OK"", ""county"": ""McIntosh"", ""OBJECTID"": 1235, ""latitude"": 35.436903, ""longitude"": -95.790204, ""mile_post"": ""251"", ""municipality"": ""Henryetta"", ""state_number"": ""40"", ""highway_route"": ""I-40E"", ""nhs_rest_stop"": ""McIntosh Rest Area EB"", ""number_of_spots"": 10}",2019-01-01 00:00:00+00,ntad_parking,44,unknown,59,50,0,{}
1236,public_rest_area,McIntosh Rest Area WB,OK,10,POINT(-95.7902040003252 35.436902999656),ntad_parking,18,2026-07-22 08:31:07.98657+00,2019-01-01 00:00:00+00,68,95,17,100,50,{},"{""state"": ""OK"", ""county"": ""McIntosh"", ""OBJECTID"": 1236, ""latitude"": 35.436903, ""longitude"": -95.790204, ""mile_post"": ""251"", ""municipality"": ""Henryetta"", ""state_number"": ""40"", ""highway_route"": ""I-40W"", ""nhs_rest_stop"": ""McIntosh Rest Area WB"", ""number_of_spots"": 10}",2019-01-01 00:00:00+00,ntad_parking,44,unknown,59,50,0,{}
1237,public_rest_area,Muskogee Rest Area EB,OK,3,POINT(-95.2257330002135 35.4820750001795),ntad_parking,18,2026-07-22 08:31:07.98657+00,2019-01-01 00:00:00+00,68,95,17,100,50,{},"{""state"": ""OK"", ""county"": ""Muskogee"", ""OBJECTID"": 1237, ""latitude"": 35.482075, ""longitude"": -95.225733, ""mile_post"": ""283"", ""municipality"": ""Muskogee"", ""state_number"": ""40"", ""highway_route"": ""I-40E"", ""nhs_rest_stop"": ""Muskogee Rest Area EB"", ""number_of_spots"": 3}",2019-01-01 00:00:00+00,ntad_parking,44,unknown,59,50,0,{}
1238,public_rest_area,Muskogee Rest Area WB,OK,3,POINT(-95.2257330002135 35.4820750001795),ntad_parking,18,2026-07-22 08:31:07.98657+00,2019-01-01 00:00:00+00,68,95,17,100,50,{},"{""state"": ""OK"", ""county"": ""Muskogee"", ""OBJECTID"": 1238, ""latitude"": 35.482075, ""longitude"": -95.225733, ""mile_post"": ""283"", ""municipality"": ""Muskogee"", ""state_number"": ""40"", ""highway_route"": ""I-40W"", ""nhs_rest_stop"": ""Muskogee Rest Area WB"", ""number_of_spots"": 3}",2019-01-01 00:00:00+00,ntad_parking,44,unknown,59,50,0,{}
1239,public_rest_area,Canadian Rest Area EB,OK,4,POINT(-98.1889509995896 35.5288250002599),ntad_parking,18,2026-07-22 08:31:07.98657+00,2019-01-01 00:00:00+00,68,95,17,100,50,{},"{""state"": ""OK"", ""county"": ""Canadian"", ""OBJECTID"": 1239, ""latitude"": 35.528825, ""longitude"": -98.188951, ""mile_post"": ""111"", ""municipality"": ""Calumet"", ""state_number"": ""40"", ""highway_route"": ""I-40W"", ""nhs_rest_stop"": ""Canadian Rest Area EB"", ""number_of_spots"": 4}",2019-01-01 00:00:00+00,ntad_parking,44,unknown,59,50,0,{}
124,public_rest_area,Dunnigan Northbound,CA,12,POINT(-121.976490000442 38.8874399997892),ntad_parking,18,2026-07-22 08:31:07.98657+00,2019-01-01 00:00:00+00,68,95,17,100,50,{},"{""state"": ""CA"", ""county"": ""Yolo"", ""OBJECTID"": 124, ""latitude"": 38.88744, ""longitude"": -121.97649, ""mile_post"": ""PM 26.0"", ""municipality"": ""Dunnigan"", ""state_number"": ""06"", ""highway_route"": ""I-5 N"", ""nhs_rest_stop"": ""Dunnigan Northbound"", ""number_of_spots"": 12}",2019-01-01 00:00:00+00,ntad_parking,44,unknown,59,50,0,{}
1240,public_rest_area,Logan Turnout NB,OK,17,POINT(-97.4163279999055 35.7601260001933),ntad_parking,18,2026-07-22 08:31:07.98657+00,2019-01-01 00:00:00+00,68,95,17,100,50,{},"{""state"": ""OK"", ""county"": ""Logan"", ""OBJECTID"": 1240, ""latitude"": 35.760126, ""longitude"": -97.416328, ""mile_post"": ""149"", ""municipality"": ""Edmond"", ""state_number"": ""40"", ""highway_route"": ""I-35N"", ""nhs_rest_stop"": ""Logan Turnout NB"", ""number_of_spots"": 17}",2019-01-01 00:00:00+00,ntad_parking,44,unknown,59,50,0,{}
1241,public_rest_area,Logan Turnout SB,OK,17,POINT(-97.4163279999055 35.7601260001933),ntad_parking,18,2026-07-22 08:31:07.98657+00,2019-01-01 00:00:00+00,68,95,17,100,50,{},"{""state"": ""OK"", ""county"": ""Logan"", ""OBJECTID"": 1241, ""latitude"": 35.760126, ""longitude"": -97.416328, ""mile_post"": ""149"", ""municipality"": ""Edmond"", ""state_number"": ""40"", ""highway_route"": ""I-35S"", ""nhs_rest_stop"": ""Logan Turnout SB"", ""number_of_spots"": 17}",2019-01-01 00:00:00+00,ntad_parking,44,unknown,59,50,0,{}
1242,public_rest_area,Wagoner Rest Area SB,OK,6,POINT(-95.4035519999138 35.8719350003149),ntad_parking,18,2026-07-22 08:31:07.98657+00,2019-01-01 00:00:00+00,68,95,17,100,50,{},"{""state"": ""OK"", ""county"": ""Wagoner"", ""OBJECTID"": 1242, ""latitude"": 35.871935, ""longitude"": -95.403552, ""mile_post"": ""NA"", ""municipality"": ""Porter"", ""state_number"": ""40"", ""highway_route"": ""US-69SB"", ""nhs_rest_stop"": ""Wagoner Rest Area SB"", ""number_of_spots"": 6}",2019-01-01 00:00:00+00,ntad_parking,44,unknown,59,50,0,{}
1243,public_rest_area,Payne Turnout NB,OK,6,POINT(-97.3448129997625 36.0669699997294),ntad_parking,18,2026-07-22 08:31:07.98657+00,2019-01-01 00:00:00+00,68,95,17,100,50,{},"{""state"": ""OK"", ""county"": ""Payne"", ""OBJECTID"": 1243, ""latitude"": 36.06697, ""longitude"": -97.344813, ""mile_post"": ""171"", ""municipality"": ""Mulhall"", ""state_number"": ""40"", ""highway_route"": ""I-35N"", ""nhs_rest_stop"": ""Payne Turnout NB"", ""number_of_spots"": 6}",2019-01-01 00:00:00+00,ntad_parking,44,unknown,59,50,0,{}
1244,public_rest_area,Payne Turnout SB,OK,5,POINT(-97.3453299999715 36.0957730003251),ntad_parking,18,2026-07-22 08:31:07.98657+00,2019-01-01 00:00:00+00,68,95,17,100,50,{},"{""state"": ""OK"", ""county"": ""Payne"", ""OBJECTID"": 1244, ""latitude"": 36.095773, ""longitude"": -97.34533, ""mile_post"": ""173"", ""municipality"": ""Orlando"", ""state_number"": ""40"", ""highway_route"": ""I-35S"", ""nhs_rest_stop"": ""Payne Turnout SB"", ""number_of_spots"": 5}",2019-01-01 00:00:00+00,ntad_parking,44,unknown,59,50,0,{}
1245,public_rest_area,Noble Turnout NB,OK,4,POINT(-97.3270580002928 36.4128809999321),ntad_parking,18,2026-07-22 08:31:07.98657+00,2019-01-01 00:00:00+00,68,95,17,100,50,{},"{""state"": ""OK"", ""county"": ""Noble"", ""OBJECTID"": 1245, ""latitude"": 36.412881, ""longitude"": -97.327058, ""mile_post"": ""195"", ""municipality"": ""Perry"", ""state_number"": ""40"", ""highway_route"": ""I-35S"", ""nhs_rest_stop"": ""Noble Turnout NB"", ""number_of_spots"": 4}",2019-01-01 00:00:00+00,ntad_parking,44,unknown,59,50,0,{}
1246,public_rest_area,Noble Turnout SB,OK,6,POINT(-97.3272170003015 36.427547999752),ntad_parking,18,2026-07-22 08:31:07.98657+00,2019-01-01 00:00:00+00,68,95,17,100,50,{},"{""state"": ""OK"", ""county"": ""Noble"", ""OBJECTID"": 1246, ""latitude"": 36.427548, ""longitude"": -97.327217, ""mile_post"": ""196"", ""municipality"": ""Perry"", ""state_number"": ""40"", ""highway_route"": ""I-35N"", ""nhs_rest_stop"": ""Noble Turnout SB"", ""number_of_spots"": 6}",2019-01-01 00:00:00+00,ntad_parking,44,unknown,59,50,0,{}
1247,public_rest_area,Kay Turnout NB,OK,12,POINT(-97.3455960001102 36.6157579998418),ntad_parking,18,2026-07-22 08:31:07.98657+00,2019-01-01 00:00:00+00,68,95,17,100,50,{},"{""state"": ""OK"", ""county"": ""Kay"", ""OBJECTID"": 1247, ""latitude"": 36.615758, ""longitude"": -97.345596, ""mile_post"": ""209"", ""municipality"": ""Tonkawa"", ""state_number"": ""40"", ""highway_route"": ""I-35N"", ""nhs_rest_stop"": ""Kay Turnout NB"", ""number_of_spots"": 12}",2019-01-01 00:00:00+00,ntad_parking,44,unknown,59,50,0,{}
1248,public_rest_area,Kay Turnout SB,OK,10,POINT(-97.3455960001102 36.6157579998418),ntad_parking,18,2026-07-22 08:31:07.98657+00,2019-01-01 00:00:00+00,68,95,17,100,50,{},"{""state"": ""OK"", ""county"": ""Kay"", ""OBJECTID"": 1248, ""latitude"": 36.615758, ""longitude"": -97.345596, ""mile_post"": ""209"", ""municipality"": ""Tonkawa"", ""state_number"": ""40"", ""highway_route"": ""I-35S"", ""nhs_rest_stop"": ""Kay Turnout SB"", ""number_of_spots"": 10}",2019-01-01 00:00:00+00,ntad_parking,44,unknown,59,50,0,{}
1249,public_rest_area,Kay Rest Area NB,OK,10,POINT(-97.3433509997224 36.8498690002144),ntad_parking,18,2026-07-22 08:31:07.98657+00,2019-01-01 00:00:00+00,68,95,17,100,50,{},"{""state"": ""OK"", ""county"": ""Kay"", ""OBJECTID"": 1249, ""latitude"": 36.849869, ""longitude"": -97.343351, ""mile_post"": ""225"", ""municipality"": ""Braman"", ""state_number"": ""40"", ""highway_route"": ""I-35N"", ""nhs_rest_stop"": ""Kay Rest Area NB"", ""number_of_spots"": 10}",2019-01-01 00:00:00+00,ntad_parking,44,unknown,59,50,0,{}
125,public_rest_area,Dunnigan Southbound,CA,12,POINT(-121.976490000442 38.8874399997892),ntad_parking,18,2026-07-22 08:31:07.98657+00,2019-01-01 00:00:00+00,68,95,17,100,50,{},"{""state"": ""CA"", ""county"": ""Yolo"", ""OBJECTID"": 125, ""latitude"": 38.88744, ""longitude"": -121.97649, ""mile_post"": ""PM 26.0"", ""municipality"": ""Dunnigan"", ""state_number"": ""06"", ""highway_route"": ""I-5 S"", ""nhs_rest_stop"": ""Dunnigan Southbound"", ""number_of_spots"": 12}",2019-01-01 00:00:00+00,ntad_parking,44,unknown,59,50,0,{}
1250,public_rest_area,Kay Rest Area SB,OK,24,POINT(-97.3458000003247 36.8500000001747),ntad_parking,18,2026-07-22 08:31:07.98657+00,2019-01-01 00:00:00+00,68,95,17,100,50,{},"{""state"": ""OK"", ""county"": ""Kay"", ""OBJECTID"": 1250, ""latitude"": 36.85, ""longitude"": -97.3458, ""mile_post"": ""225"", ""municipality"": ""Braman"", ""state_number"": ""40"", ""highway_route"": ""I-35S"", ""nhs_rest_stop"": ""Kay Rest Area SB"", ""number_of_spots"": 24}",2019-01-01 00:00:00+00,ntad_parking,44,unknown,59,50,0,{}
1251,public_rest_area,Midland,OR,23,POINT(-121.824800999893 42.125897999956),ntad_parking,18,2026-07-22 08:31:07.98657+00,2019-01-01 00:00:00+00,68,95,17,100,50,{},"{""state"": ""OR"", ""county"": ""NA"", ""OBJECTID"": 1251, ""latitude"": 42.125898, ""longitude"": -121.824801, ""mile_post"": ""282.26"", ""municipality"": ""NA"", ""state_number"": ""41"", ""highway_route"": ""US 097"", ""nhs_rest_stop"": ""Midland"", ""number_of_spots"": 23}",2019-01-01 00:00:00+00,ntad_parking,44,unknown,59,50,0,{}
1252,public_rest_area,Suncrest,OR,10,POINT(-122.786988999827 42.2562680002411),ntad_parking,18,2026-07-22 08:31:07.98657+00,2019-01-01 00:00:00+00,68,95,17,100,50,{},"{""state"": ""OR"", ""county"": ""NA"", ""OBJECTID"": 1252, ""latitude"": 42.256268, ""longitude"": -122.786989, ""mile_post"": ""22.22"", ""municipality"": ""NA"", ""state_number"": ""41"", ""highway_route"": ""I-5"", ""nhs_rest_stop"": ""Suncrest"", ""number_of_spots"": 10}",2019-01-01 00:00:00+00,ntad_parking,44,unknown,59,50,0,{}
1253,public_rest_area,Manzanita,OR,15,POINT(-123.365972000384 42.5173700002891),ntad_parking,18,2026-07-22 08:31:07.98657+00,2019-01-01 00:00:00+00,68,95,17,100,50,{},"{""state"": ""OR"", ""county"": ""NA"", ""OBJECTID"": 1253, ""latitude"": 42.51737, ""longitude"": -123.365972, ""mile_post"": ""NA"", ""municipality"": ""NA"", ""state_number"": ""41"", ""highway_route"": ""NA"", ""nhs_rest_stop"": ""Manzanita"", ""number_of_spots"": 15}",2019-01-01 00:00:00+00,ntad_parking,44,unknown,59,50,0,{}
1254,public_rest_area,Manzanita,OR,15,POINT(-123.364409000062 42.5176889999745),ntad_parking,18,2026-07-22 08:31:07.98657+00,2019-01-01 00:00:00+00,68,95,17,100,50,{},"{""state"": ""OR"", ""county"": ""NA"", ""OBJECTID"": 1254, ""latitude"": 42.517689, ""longitude"": -123.364409, ""mile_post"": ""62.78"", ""municipality"": ""NA"", ""state_number"": ""41"", ""highway_route"": ""I-5"", ""nhs_rest_stop"": ""Manzanita"", ""number_of_spots"": 15}",2019-01-01 00:00:00+00,ntad_parking,44,unknown,59,50,0,{}
1255,public_rest_area,Beaver Marsh,OR,6,POINT(-121.786268000241 43.1723680001673),ntad_parking,18,2026-07-22 08:31:07.98657+00,2019-01-01 00:00:00+00,68,95,17,100,50,{},"{""state"": ""OR"", ""county"": ""NA"", ""OBJECTID"": 1255, ""latitude"": 43.172368, ""longitude"": -121.786268, ""mile_post"": ""206.5"", ""municipality"": ""NA"", ""state_number"": ""41"", ""highway_route"": ""US 097"", ""nhs_rest_stop"": ""Beaver Marsh"", ""number_of_spots"": 6}",2019-01-01 00:00:00+00,ntad_parking,44,unknown,59,50,0,{}
1256,public_rest_area,Beaver Marsh,OR,6,POINT(-121.785983999661 43.1774950002015),ntad_parking,18,2026-07-22 08:31:07.98657+00,2019-01-01 00:00:00+00,68,95,17,100,50,{},"{""state"": ""OR"", ""county"": ""NA"", ""OBJECTID"": 1256, ""latitude"": 43.177495, ""longitude"": -121.785984, ""mile_post"": ""NA"", ""municipality"": ""NA"", ""state_number"": ""41"", ""highway_route"": ""NA"", ""nhs_rest_stop"": ""Beaver Marsh"", ""number_of_spots"": 6}",2019-01-01 00:00:00+00,ntad_parking,44,unknown,59,50,0,{}
1257,public_rest_area,Cabin Creek,OR,9,POINT(-123.315585000228 43.4696470001331),ntad_parking,18,2026-07-22 08:31:07.98657+00,2019-01-01 00:00:00+00,68,95,17,100,50,{},"{""state"": ""OR"", ""county"": ""NA"", ""OBJECTID"": 1257, ""latitude"": 43.469647, ""longitude"": -123.315585, ""mile_post"": ""142.83"", ""municipality"": ""NA"", ""state_number"": ""41"", ""highway_route"": ""I-5"", ""nhs_rest_stop"": ""Cabin Creek"", ""number_of_spots"": 9}",2019-01-01 00:00:00+00,ntad_parking,44,unknown,59,50,0,{}
1258,public_rest_area,Cabin Creek,OR,9,POINT(-123.320845999859 43.476513000192),ntad_parking,18,2026-07-22 08:31:07.98657+00,2019-01-01 00:00:00+00,68,95,17,100,50,{},"{""state"": ""OR"", ""county"": ""NA"", ""OBJECTID"": 1258, ""latitude"": 43.476513, ""longitude"": -123.320846, ""mile_post"": ""NA"", ""municipality"": ""NA"", ""state_number"": ""41"", ""highway_route"": ""NA"", ""nhs_rest_stop"": ""Cabin Creek"", ""number_of_spots"": 9}",2019-01-01 00:00:00+00,ntad_parking,44,unknown,59,50,0,{}
1259,public_rest_area,Sage Hen,OR,8,POINT(-119.320480999744 43.5326910001895),ntad_parking,18,2026-07-22 08:31:07.98657+00,2019-01-01 00:00:00+00,68,95,17,100,50,{},"{""state"": ""OR"", ""county"": ""NA"", ""OBJECTID"": 1259, ""latitude"": 43.532691, ""longitude"": -119.320481, ""mile_post"": ""114.11"", ""municipality"": ""NA"", ""state_number"": ""41"", ""highway_route"": ""US 020"", ""nhs_rest_stop"": ""Sage Hen"", ""number_of_spots"": 8}",2019-01-01 00:00:00+00,ntad_parking,44,unknown,59,50,0,{}
126,public_rest_area,Gold Run Eastbound,CA,24,POINT(-120.857729999722 39.1754500002221),ntad_parking,18,2026-07-22 08:31:07.98657+00,2019-01-01 00:00:00+00,68,95,17,100,50,{},"{""state"": ""CA"", ""county"": ""Placer"", ""OBJECTID"": 126, ""latitude"": 39.17545, ""longitude"": -120.85773, ""mile_post"": ""PM 41.4"", ""municipality"": ""Gold Run"", ""state_number"": ""06"", ""highway_route"": ""I-80 E"", ""nhs_rest_stop"": ""Gold Run Eastbound"", ""number_of_spots"": 24}",2019-01-01 00:00:00+00,ntad_parking,44,unknown,59,50,0,{}
1260,public_rest_area,Buchanan Springs,OR,2,POINT(-118.612348000408 43.648251999791),ntad_parking,18,2026-07-22 08:31:07.98657+00,2019-01-01 00:00:00+00,68,95,17,100,50,{},"{""state"": ""OR"", ""county"": ""NA"", ""OBJECTID"": 1260, ""latitude"": 43.648252, ""longitude"": -118.612348, ""mile_post"": ""155.89"", ""municipality"": ""NA"", ""state_number"": ""41"", ""highway_route"": ""US 020"", ""nhs_rest_stop"": ""Buchanan Springs"", ""number_of_spots"": 2}",2019-01-01 00:00:00+00,ntad_parking,44,unknown,59,50,0,{}
1261,public_rest_area,Brothers Oasis,OR,7,POINT(-120.599072999993 43.8134389999762),ntad_parking,18,2026-07-22 08:31:07.98657+00,2019-01-01 00:00:00+00,68,95,17,100,50,{},"{""state"": ""OR"", ""county"": ""NA"", ""OBJECTID"": 1261, ""latitude"": 43.813439, ""longitude"": -120.599073, ""mile_post"": ""42.82"", ""municipality"": ""NA"", ""state_number"": ""41"", ""highway_route"": ""US 020"", ""nhs_rest_stop"": ""Brothers Oasis"", ""number_of_spots"": 7}",2019-01-01 00:00:00+00,ntad_parking,44,unknown,59,50,0,{}
1262,public_rest_area,Gettings Creek,OR,13,POINT(-123.020600999978 43.8500560003003),ntad_parking,18,2026-07-22 08:31:07.98657+00,2019-01-01 00:00:00+00,68,95,17,100,50,{},"{""state"": ""OR"", ""county"": ""NA"", ""OBJECTID"": 1262, ""latitude"": 43.850056, ""longitude"": -123.020601, ""mile_post"": ""178.07"", ""municipality"": ""NA"", ""state_number"": ""41"", ""highway_route"": ""I-5"", ""nhs_rest_stop"": ""Gettings Creek"", ""number_of_spots"": 13}",2019-01-01 00:00:00+00,ntad_parking,44,unknown,59,50,0,{}
1263,public_rest_area,Gettings Creek,OR,13,POINT(-123.021130999707 43.8522049998585),ntad_parking,18,2026-07-22 08:31:07.98657+00,2019-01-01 00:00:00+00,68,95,17,100,50,{},"{""state"": ""OR"", ""county"": ""NA"", ""OBJECTID"": 1263, ""latitude"": 43.852205, ""longitude"": -123.021131, ""mile_post"": ""NA"", ""municipality"": ""NA"", ""state_number"": ""41"", ""highway_route"": ""NA"", ""nhs_rest_stop"": ""Gettings Creek"", ""number_of_spots"": 13}",2019-01-01 00:00:00+00,ntad_parking,44,unknown,59,50,0,{}
1264,public_rest_area,Ontario,OR,24,POINT(-116.974245999577 44.0471659998249),ntad_parking,18,2026-07-22 08:31:07.98657+00,2019-01-01 00:00:00+00,68,95,17,100,50,{},"{""state"": ""OR"", ""county"": ""NA"", ""OBJECTID"": 1264, ""latitude"": 44.047166, ""longitude"": -116.974246, ""mile_post"": ""377.36"", ""municipality"": ""NA"", ""state_number"": ""41"", ""highway_route"": ""I-84"", ""nhs_rest_stop"": ""Ontario"", ""number_of_spots"": 24}",2026-08-11 21:11:13+00,chain_sites,94,open,100,80,100,{chain_confirmed:Love's}
1265,public_rest_area,Oak Grove,OR,23,POINT(-123.060537000119 44.2357590000545),ntad_parking,18,2026-07-22 08:31:07.98657+00,2019-01-01 00:00:00+00,68,95,17,100,50,{},"{""state"": ""OR"", ""county"": ""NA"", ""OBJECTID"": 1265, ""latitude"": 44.235759, ""longitude"": -123.060537, ""mile_post"": ""206.06"", ""municipality"": ""NA"", ""state_number"": ""41"", ""highway_route"": ""I-5"", ""nhs_rest_stop"": ""Oak Grove"", ""number_of_spots"": 23}",2019-01-01 00:00:00+00,ntad_parking,44,unknown,59,50,0,{}
1266,public_rest_area,Oak Grove,OR,23,POINT(-123.061005999749 44.2377389997341),ntad_parking,18,2026-07-22 08:31:07.98657+00,2019-01-01 00:00:00+00,68,95,17,100,50,{},"{""state"": ""OR"", ""county"": ""NA"", ""OBJECTID"": 1266, ""latitude"": 44.237739, ""longitude"": -123.061006, ""mile_post"": ""NA"", ""municipality"": ""NA"", ""state_number"": ""41"", ""highway_route"": ""NA"", ""nhs_rest_stop"": ""Oak Grove"", ""number_of_spots"": 23}",2019-01-01 00:00:00+00,ntad_parking,44,unknown,59,50,0,{}
1267,public_rest_area,Weatherby,OR,31,POINT(-117.365824999708 44.4955930002593),ntad_parking,18,2026-07-22 08:31:07.98657+00,2019-01-01 00:00:00+00,68,95,17,100,50,{},"{""state"": ""OR"", ""county"": ""NA"", ""OBJECTID"": 1267, ""latitude"": 44.495593, ""longitude"": -117.365825, ""mile_post"": ""335.97"", ""municipality"": ""NA"", ""state_number"": ""41"", ""highway_route"": ""I-84"", ""nhs_rest_stop"": ""Weatherby"", ""number_of_spots"": 31}",2019-01-01 00:00:00+00,ntad_parking,44,unknown,59,50,0,{}
1268,public_rest_area,Santiam River,OR,11,POINT(-123.051095000407 44.7395130001158),ntad_parking,18,2026-07-22 08:31:07.98657+00,2019-01-01 00:00:00+00,68,95,17,100,50,{},"{""state"": ""OR"", ""county"": ""NA"", ""OBJECTID"": 1268, ""latitude"": 44.739513, ""longitude"": -123.051095, ""mile_post"": ""240.95"", ""municipality"": ""NA"", ""state_number"": ""41"", ""highway_route"": ""I-5"", ""nhs_rest_stop"": ""Santiam River"", ""number_of_spots"": 11}",2019-01-01 00:00:00+00,ntad_parking,44,unknown,59,50,0,{}
1269,public_rest_area,Santiam River,OR,11,POINT(-123.053267000101 44.7406449997563),ntad_parking,18,2026-07-22 08:31:07.98657+00,2019-01-01 00:00:00+00,68,95,17,100,50,{},"{""state"": ""OR"", ""county"": ""NA"", ""OBJECTID"": 1269, ""latitude"": 44.740645, ""longitude"": -123.053267, ""mile_post"": ""NA"", ""municipality"": ""NA"", ""state_number"": ""41"", ""highway_route"": ""NA"", ""nhs_rest_stop"": ""Santiam River"", ""number_of_spots"": 11}",2019-01-01 00:00:00+00,ntad_parking,44,unknown,59,50,0,{}
127,public_rest_area,Gold Run Westbound,CA,16,POINT(-120.857729999722 39.1754500002221),ntad_parking,18,2026-07-22 08:31:07.98657+00,2019-01-01 00:00:00+00,68,95,17,100,50,{},"{""state"": ""CA"", ""county"": ""Placer"", ""OBJECTID"": 127, ""latitude"": 39.17545, ""longitude"": -120.85773, ""mile_post"": ""PM 41.4"", ""municipality"": ""Gold Run"", ""state_number"": ""06"", ""highway_route"": ""I-80 W"", ""nhs_rest_stop"": ""Gold Run Westbound"", ""number_of_spots"": 16}",2019-01-01 00:00:00+00,ntad_parking,44,unknown,59,50,0,{}
1270,public_rest_area,The Maples,OR,12,POINT(-122.387329999566 44.7552900002217),ntad_parking,18,2026-07-22 08:31:07.98657+00,2019-01-01 00:00:00+00,68,95,17,100,50,{},"{""state"": ""OR"", ""county"": ""NA"", ""OBJECTID"": 1270, ""latitude"": 44.75529, ""longitude"": -122.38733, ""mile_post"": ""34.64"", ""municipality"": ""NA"", ""state_number"": ""41"", ""highway_route"": ""OR 022"", ""nhs_rest_stop"": ""The Maples"", ""number_of_spots"": 12}",2019-01-01 00:00:00+00,ntad_parking,44,unknown,59,50,0,{}
1271,public_rest_area,Cow Canyon,OR,16,POINT(-120.935924999879 44.8944019998369),ntad_parking,18,2026-07-22 08:31:07.98657+00,2019-01-01 00:00:00+00,68,95,17,100,50,{},"{""state"": ""OR"", ""county"": ""NA"", ""OBJECTID"": 1271, ""latitude"": 44.894402, ""longitude"": -120.935925, ""mile_post"": ""68.69"", ""municipality"": ""NA"", ""state_number"": ""41"", ""highway_route"": ""US 097"", ""nhs_rest_stop"": ""Cow Canyon"", ""number_of_spots"": 16}",2019-01-01 00:00:00+00,ntad_parking,44,unknown,59,50,0,{}
1272,public_rest_area,Baker Valley,OR,12,POINT(-117.819119999896 44.9141580001368),ntad_parking,18,2026-07-22 08:31:07.98657+00,2019-01-01 00:00:00+00,68,95,17,100,50,{},"{""state"": ""OR"", ""county"": ""NA"", ""OBJECTID"": 1272, ""latitude"": 44.914158, ""longitude"": -117.81912, ""mile_post"": ""NA"", ""municipality"": ""NA"", ""state_number"": ""41"", ""highway_route"": ""NA"", ""nhs_rest_stop"": ""Baker Valley"", ""number_of_spots"": 12}",2019-01-01 00:00:00+00,ntad_parking,44,unknown,59,50,0,{}
1273,public_rest_area,Baker Valley,OR,12,POINT(-117.821545000209 44.9147660002778),ntad_parking,18,2026-07-22 08:31:07.98657+00,2019-01-01 00:00:00+00,68,95,17,100,50,{},"{""state"": ""OR"", ""county"": ""NA"", ""OBJECTID"": 1273, ""latitude"": 44.914766, ""longitude"": -117.821545, ""mile_post"": ""295.06"", ""municipality"": ""NA"", ""state_number"": ""41"", ""highway_route"": ""I-84"", ""nhs_rest_stop"": ""Baker Valley"", ""number_of_spots"": 12}",2019-01-01 00:00:00+00,ntad_parking,44,unknown,59,50,0,{}
1274,public_rest_area,Charles Reynolds,OR,12,POINT(-118.014242999877 45.2351159998315),ntad_parking,18,2026-07-22 08:31:07.98657+00,2019-01-01 00:00:00+00,68,95,17,100,50,{},"{""state"": ""OR"", ""county"": ""NA"", ""OBJECTID"": 1274, ""latitude"": 45.235116, ""longitude"": -118.014243, ""mile_post"": ""269.22"", ""municipality"": ""NA"", ""state_number"": ""41"", ""highway_route"": ""I-84"", ""nhs_rest_stop"": ""Charles Reynolds"", ""number_of_spots"": 12}",2019-01-01 00:00:00+00,ntad_parking,44,unknown,59,50,0,{}
1275,public_rest_area,Charles Reynolds,OR,12,POINT(-118.012303999811 45.2356660000013),ntad_parking,18,2026-07-22 08:31:07.98657+00,2019-01-01 00:00:00+00,68,95,17,100,50,{},"{""state"": ""OR"", ""county"": ""NA"", ""OBJECTID"": 1275, ""latitude"": 45.235666, ""longitude"": -118.012304, ""mile_post"": ""NA"", ""municipality"": ""NA"", ""state_number"": ""41"", ""highway_route"": ""NA"", ""nhs_rest_stop"": ""Charles Reynolds"", ""number_of_spots"": 12}",2019-01-01 00:00:00+00,ntad_parking,44,unknown,59,50,0,{}
1276,public_rest_area,French Prairie (Baldock),OR,56,POINT(-122.775634999813 45.2709739998304),ntad_parking,18,2026-07-22 08:31:07.98657+00,2019-01-01 00:00:00+00,68,95,17,100,50,{},"{""state"": ""OR"", ""county"": ""NA"", ""OBJECTID"": 1276, ""latitude"": 45.270974, ""longitude"": -122.775635, ""mile_post"": ""NA"", ""municipality"": ""NA"", ""state_number"": ""41"", ""highway_route"": ""NA"", ""nhs_rest_stop"": ""French Prairie (Baldock)"", ""number_of_spots"": 56}",2019-01-01 00:00:00+00,ntad_parking,44,unknown,59,50,0,{}
1277,public_rest_area,French Prairie (Baldock),OR,57,POINT(-122.775044999809 45.2736769999742),ntad_parking,18,2026-07-22 08:31:07.98657+00,2019-01-01 00:00:00+00,68,95,17,100,50,{},"{""state"": ""OR"", ""county"": ""NA"", ""OBJECTID"": 1277, ""latitude"": 45.273677, ""longitude"": -122.775045, ""mile_post"": ""281.63"", ""municipality"": ""NA"", ""state_number"": ""41"", ""highway_route"": ""I-5"", ""nhs_rest_stop"": ""French Prairie (Baldock)"", ""number_of_spots"": 57}",2019-01-01 00:00:00+00,ntad_parking,44,unknown,59,50,0,{}
1278,public_rest_area,Deadman Pass,OR,11,POINT(-118.504542999555 45.5985380001436),ntad_parking,18,2026-07-22 08:31:07.98657+00,2019-01-01 00:00:00+00,68,95,17,100,50,{},"{""state"": ""OR"", ""county"": ""NA"", ""OBJECTID"": 1278, ""latitude"": 45.598538, ""longitude"": -118.504543, ""mile_post"": ""NA"", ""municipality"": ""NA"", ""state_number"": ""41"", ""highway_route"": ""NA"", ""nhs_rest_stop"": ""Deadman Pass"", ""number_of_spots"": 11}",2019-01-01 00:00:00+00,ntad_parking,44,unknown,59,50,0,{}
1279,public_rest_area,Deadman Pass,OR,11,POINT(-118.508265999876 45.6019309997447),ntad_parking,18,2026-07-22 08:31:07.98657+00,2019-01-01 00:00:00+00,68,95,17,100,50,{},"{""state"": ""OR"", ""county"": ""NA"", ""OBJECTID"": 1279, ""latitude"": 45.601931, ""longitude"": -118.508266, ""mile_post"": ""228.94"", ""municipality"": ""NA"", ""state_number"": ""41"", ""highway_route"": ""I-84"", ""nhs_rest_stop"": ""Deadman Pass"", ""number_of_spots"": 11}",2019-01-01 00:00:00+00,ntad_parking,44,unknown,59,50,0,{}
128,public_rest_area,Maxwell Northbound,CA,10,POINT(-122.18184799963 39.241767000133),ntad_parking,18,2026-07-22 08:31:07.98657+00,2019-01-01 00:00:00+00,68,95,17,100,50,{},"{""state"": ""CA"", ""county"": ""Colusa"", ""OBJECTID"": 128, ""latitude"": 39.241767, ""longitude"": -122.181848, ""mile_post"": ""PM 24.3"", ""municipality"": ""Maxwell"", ""state_number"": ""06"", ""highway_route"": ""I-5N"", ""nhs_rest_stop"": ""Maxwell Northbound"", ""number_of_spots"": 10}",2019-01-01 00:00:00+00,ntad_parking,44,unknown,59,50,0,{}
1280,public_rest_area,Memaloose,OR,12,POINT(-121.338381999823 45.695340999859),ntad_parking,18,2026-07-22 08:31:07.98657+00,2019-01-01 00:00:00+00,68,95,17,100,50,{},"{""state"": ""OR"", ""county"": ""NA"", ""OBJECTID"": 1280, ""latitude"": 45.695341, ""longitude"": -121.338382, ""mile_post"": ""72.92"", ""municipality"": ""NA"", ""state_number"": ""41"", ""highway_route"": ""I-84"", ""nhs_rest_stop"": ""Memaloose"", ""number_of_spots"": 12}",2019-01-01 00:00:00+00,ntad_parking,44,unknown,59,50,0,{}
1281,public_rest_area,Memaloose,OR,12,POINT(-121.338381999823 45.695340999859),ntad_parking,18,2026-07-22 08:31:07.98657+00,2019-01-01 00:00:00+00,68,95,17,100,50,{},"{""state"": ""OR"", ""county"": ""NA"", ""OBJECTID"": 1281, ""latitude"": 45.695341, ""longitude"": -121.338382, ""mile_post"": ""NA"", ""municipality"": ""NA"", ""state_number"": ""41"", ""highway_route"": ""NA"", ""nhs_rest_stop"": ""Memaloose"", ""number_of_spots"": 12}",2019-01-01 00:00:00+00,ntad_parking,44,unknown,59,50,0,{}
1282,public_rest_area,Stanfield,OR,22,POINT(-119.251272999913 45.771230000051),ntad_parking,18,2026-07-22 08:31:07.98657+00,2019-01-01 00:00:00+00,68,95,17,100,50,{},"{""state"": ""OR"", ""county"": ""NA"", ""OBJECTID"": 1282, ""latitude"": 45.77123, ""longitude"": -119.251273, ""mile_post"": ""186.49"", ""municipality"": ""NA"", ""state_number"": ""41"", ""highway_route"": ""I-84"", ""nhs_rest_stop"": ""Stanfield"", ""number_of_spots"": 22}",2019-01-01 00:00:00+00,ntad_parking,44,unknown,59,50,0,{}
1283,public_rest_area,Stanfield,OR,22,POINT(-119.251272999913 45.771230000051),ntad_parking,18,2026-07-22 08:31:07.98657+00,2019-01-01 00:00:00+00,68,95,17,100,50,{},"{""state"": ""OR"", ""county"": ""NA"", ""OBJECTID"": 1283, ""latitude"": 45.77123, ""longitude"": -119.251273, ""mile_post"": ""NA"", ""municipality"": ""NA"", ""state_number"": ""41"", ""highway_route"": ""NA"", ""nhs_rest_stop"": ""Stanfield"", ""number_of_spots"": 22}",2019-01-01 00:00:00+00,ntad_parking,44,unknown,59,50,0,{}
1284,public_rest_area,Sunset,OR,18,POINT(-123.459245999627 45.7958889997579),ntad_parking,18,2026-07-22 08:31:07.98657+00,2019-01-01 00:00:00+00,68,95,17,100,50,{},"{""state"": ""OR"", ""county"": ""NA"", ""OBJECTID"": 1284, ""latitude"": 45.795889, ""longitude"": -123.459246, ""mile_post"": ""28.65"", ""municipality"": ""NA"", ""state_number"": ""41"", ""highway_route"": ""US 026"", ""nhs_rest_stop"": ""Sunset"", ""number_of_spots"": 18}",2019-01-01 00:00:00+00,ntad_parking,44,unknown,59,50,0,{}
1285,public_rest_area,Boardman,OR,10,POINT(-119.768843000364 45.8313799997751),ntad_parking,18,2026-07-22 08:31:07.98657+00,2019-01-01 00:00:00+00,68,95,17,100,50,{},"{""state"": ""OR"", ""county"": ""NA"", ""OBJECTID"": 1285, ""latitude"": 45.83138, ""longitude"": -119.768843, ""mile_post"": ""160.9"", ""municipality"": ""NA"", ""state_number"": ""41"", ""highway_route"": ""I-84"", ""nhs_rest_stop"": ""Boardman"", ""number_of_spots"": 10}",2019-01-01 00:00:00+00,ntad_parking,44,unknown,59,50,0,{}
1286,public_rest_area,Boardman,OR,10,POINT(-119.76847099992 45.8330319999045),ntad_parking,18,2026-07-22 08:31:07.98657+00,2019-01-01 00:00:00+00,68,95,17,100,50,{},"{""state"": ""OR"", ""county"": ""NA"", ""OBJECTID"": 1286, ""latitude"": 45.833032, ""longitude"": -119.768471, ""mile_post"": ""NA"", ""municipality"": ""NA"", ""state_number"": ""41"", ""highway_route"": ""NA"", ""nhs_rest_stop"": ""Boardman"", ""number_of_spots"": 10}",2019-01-01 00:00:00+00,ntad_parking,44,unknown,59,50,0,{}
1287,public_rest_area,NHS Rest Stop or Truck Facility 47,PA,14,POINT(-77.7258450002074 39.736298000203),ntad_parking,18,2026-07-22 08:31:07.98657+00,2019-01-01 00:00:00+00,68,95,17,100,50,{},"{""state"": ""PA"", ""county"": ""Franklin"", ""OBJECTID"": 1287, ""latitude"": 39.736298, ""longitude"": -77.725845, ""mile_post"": ""1"", ""municipality"": ""Antrim"", ""state_number"": ""42"", ""highway_route"": ""I-81N"", ""nhs_rest_stop"": ""NHS Rest Stop or Truck Facility 47"", ""number_of_spots"": 14}",2019-01-01 00:00:00+00,ntad_parking,44,unknown,59,50,0,{}
1288,public_rest_area,NHS Rest Stop or Truck Facility 45,PA,22,POINT(-78.1805549996809 39.7371750000965),ntad_parking,18,2026-07-22 08:31:07.98657+00,2019-01-01 00:00:00+00,68,95,17,100,50,{},"{""state"": ""PA"", ""county"": ""Fulton"", ""OBJECTID"": 1288, ""latitude"": 39.737175, ""longitude"": -78.180555, ""mile_post"": ""156"", ""municipality"": ""Bethel"", ""state_number"": ""42"", ""highway_route"": ""I-70W"", ""nhs_rest_stop"": ""NHS Rest Stop or Truck Facility 45"", ""number_of_spots"": 22}",2019-01-01 00:00:00+00,ntad_parking,44,unknown,59,50,0,{}
1289,public_rest_area,NHS Rest Stop or Truck Facility 41,PA,12,POINT(-76.6615609996633 39.752773000033),ntad_parking,18,2026-07-22 08:31:07.98657+00,2019-01-01 00:00:00+00,68,95,17,100,50,{},"{""state"": ""PA"", ""county"": ""York"", ""OBJECTID"": 1289, ""latitude"": 39.752773, ""longitude"": -76.661561, ""mile_post"": ""2"", ""municipality"": ""Shrewsbury"", ""state_number"": ""42"", ""highway_route"": ""I-83N"", ""nhs_rest_stop"": ""NHS Rest Stop or Truck Facility 41"", ""number_of_spots"": 12}",2019-01-01 00:00:00+00,ntad_parking,44,unknown,59,50,0,{}
129,public_rest_area,Maxwell Southbound,CA,10,POINT(-122.18184799963 39.241767000133),ntad_parking,18,2026-07-22 08:31:07.98657+00,2019-01-01 00:00:00+00,68,95,17,100,50,{},"{""state"": ""CA"", ""county"": ""Colusa"", ""OBJECTID"": 129, ""latitude"": 39.241767, ""longitude"": -122.181848, ""mile_post"": ""PM 24.3"", ""municipality"": ""Maxwell"", ""state_number"": ""06"", ""highway_route"": ""I-5S"", ""nhs_rest_stop"": ""Maxwell Southbound"", ""number_of_spots"": 10}",2019-01-01 00:00:00+00,ntad_parking,44,unknown,59,50,0,{}
1290,public_rest_area,NHS Rest Stop or Truck Facility 2,PA,16,POINT(-80.0759760000503 39.7966249996624),ntad_parking,18,2026-07-22 08:31:07.98657+00,2019-01-01 00:00:00+00,68,95,17,100,50,{},"{""state"": ""PA"", ""county"": ""Greene"", ""OBJECTID"": 1290, ""latitude"": 39.796625, ""longitude"": -80.075976, ""mile_post"": ""6"", ""municipality"": ""Whiteley"", ""state_number"": ""42"", ""highway_route"": ""I-79N"", ""nhs_rest_stop"": ""NHS Rest Stop or Truck Facility 2"", ""number_of_spots"": 16}",2019-01-01 00:00:00+00,ntad_parking,44,unknown,59,50,0,{}
1291,public_rest_area,NHS Rest Stop or Truck Facility 34,PA,11,POINT(-75.4374050003059 39.8238940001775),ntad_parking,18,2026-07-22 08:31:07.98657+00,2019-01-01 00:00:00+00,68,95,17,100,50,{},"{""state"": ""PA"", ""county"": ""Delaware"", ""OBJECTID"": 1291, ""latitude"": 39.823894, ""longitude"": -75.437405, ""mile_post"": ""1"", ""municipality"": ""Lower Chichester"", ""state_number"": ""42"", ""highway_route"": ""I-95N"", ""nhs_rest_stop"": ""NHS Rest Stop or Truck Facility 34"", ""number_of_spots"": 11}",2019-01-01 00:00:00+00,ntad_parking,44,unknown,59,50,0,{}
1292,public_rest_area,NHS PSP Weight Enforcement Station S26,PA,6,POINT(-77.6825399997475 39.8681000001005),ntad_parking,18,2026-07-22 08:31:07.98657+00,2019-01-01 00:00:00+00,68,95,17,100,50,{},"{""state"": ""PA"", ""county"": ""Franklin"", ""OBJECTID"": 1292, ""latitude"": 39.8681, ""longitude"": -77.68254, ""mile_post"": ""NA"", ""municipality"": ""Guilford Twp"", ""state_number"": ""42"", ""highway_route"": ""I-81 S"", ""nhs_rest_stop"": ""NHS PSP Weight Enforcement Station S26"", ""number_of_spots"": 6}",2019-01-01 00:00:00+00,ntad_parking,44,unknown,59,50,0,{}
1293,public_rest_area,NHS Rest Stop or Truck Facility 1,PA,9,POINT(-78.235010999765 39.9210749996611),ntad_parking,18,2026-07-22 08:31:07.98657+00,2019-01-01 00:00:00+00,68,95,17,100,50,{},"{""state"": ""PA"", ""county"": ""Fulton"", ""OBJECTID"": 1293, ""latitude"": 39.921075, ""longitude"": -78.235011, ""mile_post"": ""172"", ""municipality"": ""Brush Creek"", ""state_number"": ""42"", ""highway_route"": ""I-70E"", ""nhs_rest_stop"": ""NHS Rest Stop or Truck Facility 1"", ""number_of_spots"": 9}",2019-01-01 00:00:00+00,ntad_parking,44,unknown,59,50,0,{}
1294,public_rest_area,NHS Rest Stop or Truck Facility 64,PA,75,POINT(-79.0465179996287 39.999124999983),ntad_parking,18,2026-07-22 08:31:07.98657+00,2019-01-01 00:00:00+00,68,95,17,100,50,{},"{""state"": ""PA"", ""county"": ""Somerset"", ""OBJECTID"": 1294, ""latitude"": 39.999125, ""longitude"": -79.046518, ""mile_post"": ""MP 112.3"", ""municipality"": ""Somerset Twp"", ""state_number"": ""42"", ""highway_route"": ""I-76 E - PTC Mainline"", ""nhs_rest_stop"": ""NHS Rest Stop or Truck Facility 64"", ""number_of_spots"": 75}",2019-01-01 00:00:00+00,ntad_parking,44,unknown,59,50,0,{}
1295,public_rest_area,NHS Rest Stop or Truck Facility 58,PA,89,POINT(-79.0447140001802 40.0001849997563),ntad_parking,18,2026-07-22 08:31:07.98657+00,2019-01-01 00:00:00+00,68,95,17,100,50,{},"{""state"": ""PA"", ""county"": ""Somerset"", ""OBJECTID"": 1295, ""latitude"": 40.000185, ""longitude"": -79.044714, ""mile_post"": ""MP 112.3"", ""municipality"": ""Somerset Twp"", ""state_number"": ""42"", ""highway_route"": ""I-70 & I-76 W - PTC Mainline"", ""nhs_rest_stop"": ""NHS Rest Stop or Truck Facility 58"", ""number_of_spots"": 89}",2019-01-01 00:00:00+00,ntad_parking,44,unknown,59,50,0,{}
1296,public_rest_area,NHS Rest Stop or Truck Facility 63,PA,36,POINT(-78.4930159995663 40.0300700000524),ntad_parking,18,2026-07-22 08:31:07.98657+00,2019-01-01 00:00:00+00,68,95,17,100,50,{},"{""state"": ""PA"", ""county"": ""Bedford"", ""OBJECTID"": 1296, ""latitude"": 40.03007, ""longitude"": -78.493016, ""mile_post"": ""MP 147.3"", ""municipality"": ""Bedford Twp"", ""state_number"": ""42"", ""highway_route"": ""I-76 E - PTC Mainline"", ""nhs_rest_stop"": ""NHS Rest Stop or Truck Facility 63"", ""number_of_spots"": 36}",2019-01-01 00:00:00+00,ntad_parking,44,unknown,59,50,0,{}
1297,public_rest_area,NHS Rest Stop or Truck Facility 57,PA,20,POINT(-78.4923290003764 40.0307730001024),ntad_parking,18,2026-07-22 08:31:07.98657+00,2019-01-01 00:00:00+00,68,95,17,100,50,{},"{""state"": ""PA"", ""county"": ""Bedford"", ""OBJECTID"": 1297, ""latitude"": 40.030773, ""longitude"": -78.492329, ""mile_post"": ""MP 147.3"", ""municipality"": ""Bedford Twp"", ""state_number"": ""42"", ""highway_route"": ""I-70 & I-76 W - PTC Mainline"", ""nhs_rest_stop"": ""NHS Rest Stop or Truck Facility 57"", ""number_of_spots"": 20}",2019-01-01 00:00:00+00,ntad_parking,44,unknown,59,50,0,{}
1298,public_rest_area,NHS Rest Stop or Truck Facility 62,PA,66,POINT(-78.0817760004092 40.0586390002255),ntad_parking,18,2026-07-22 08:31:07.98657+00,2019-01-01 00:00:00+00,68,95,17,100,50,{},"{""state"": ""PA"", ""county"": ""Fulton"", ""OBJECTID"": 1298, ""latitude"": 40.058639, ""longitude"": -78.081776, ""mile_post"": ""MP 172.3"", ""municipality"": ""Taylor Twp"", ""state_number"": ""42"", ""highway_route"": ""I-76 E & W - PTC Mainline"", ""nhs_rest_stop"": ""NHS Rest Stop or Truck Facility 62"", ""number_of_spots"": 66}",2019-01-01 00:00:00+00,ntad_parking,44,unknown,59,50,0,{}
1299,public_rest_area,NHS Rest Stop or Truck Facility 65,PA,9,POINT(-75.4400919996612 40.0831080001145),ntad_parking,18,2026-07-22 08:31:07.98657+00,2019-01-01 00:00:00+00,68,95,17,100,50,{},"{""state"": ""PA"", ""county"": ""Chester"", ""OBJECTID"": 1299, ""latitude"": 40.083108, ""longitude"": -75.440092, ""mile_post"": ""MP 324.6"", ""municipality"": ""Tredyffrin Twp"", ""state_number"": ""42"", ""highway_route"": ""I-76 E - PTC Mainline"", ""nhs_rest_stop"": ""NHS Rest Stop or Truck Facility 65"", ""number_of_spots"": 9}",2019-01-01 00:00:00+00,ntad_parking,44,unknown,59,50,0,{}
13,public_rest_area,Macon County Rest Area (SB),AL,17,POINT(-85.6061629997667 32.5058459999349),ntad_parking,18,2026-07-22 08:31:07.98657+00,2019-01-01 00:00:00+00,68,95,17,100,50,{},"{""state"": ""AL"", ""county"": ""Macon"", ""OBJECTID"": 13, ""latitude"": 32.505846, ""longitude"": -85.606163, ""mile_post"": ""44.55"", ""municipality"": ""Tuskegee"", ""state_number"": ""01"", ""highway_route"": ""I-85 SB"", ""nhs_rest_stop"": ""Macon County Rest Area (SB)"", ""number_of_spots"": 17}",2019-01-01 00:00:00+00,ntad_parking,44,unknown,59,50,0,{}
130,public_rest_area,Donner Summit Eastbound,CA,12,POINT(-120.340829999642 39.3412799998901),ntad_parking,18,2026-07-22 08:31:07.98657+00,2019-01-01 00:00:00+00,68,95,17,100,50,{},"{""state"": ""CA"", ""county"": ""Nevada"", ""OBJECTID"": 130, ""latitude"": 39.34128, ""longitude"": -120.34083, ""mile_post"": ""PM 5.6"", ""municipality"": ""Soda Springs"", ""state_number"": ""06"", ""highway_route"": ""I-80 E"", ""nhs_rest_stop"": ""Donner Summit Eastbound"", ""number_of_spots"": 12}",2019-01-01 00:00:00+00,ntad_parking,44,unknown,59,50,0,{}
1300,public_rest_area,NHS Rest Stop or Truck Facility 54,PA,26,POINT(-75.3705959999502 40.0900610000725),ntad_parking,18,2026-07-22 08:31:07.98657+00,2019-01-01 00:00:00+00,68,95,17,100,50,{},"{""state"": ""PA"", ""county"": ""Montgomery"", ""OBJECTID"": 1300, ""latitude"": 40.090061, ""longitude"": -75.370596, ""mile_post"": ""MP 328.4"", ""municipality"": ""Upper Merion Twp"", ""state_number"": ""42"", ""highway_route"": ""I-276 W - PTC Mainline"", ""nhs_rest_stop"": ""NHS Rest Stop or Truck Facility 54"", ""number_of_spots"": 26}",2019-01-01 00:00:00+00,ntad_parking,44,unknown,59,50,0,{}
1301,public_rest_area,NHS Rest Stop or Truck Facility 35,PA,16,POINT(-80.4410850003734 40.1158619999582),ntad_parking,18,2026-07-22 08:31:07.98657+00,2019-01-01 00:00:00+00,68,95,17,100,50,{},"{""state"": ""PA"", ""county"": ""Washington"", ""OBJECTID"": 1301, ""latitude"": 40.115862, ""longitude"": -80.441085, ""mile_post"": ""5"", ""municipality"": ""Donegal"", ""state_number"": ""42"", ""highway_route"": ""I-70E"", ""nhs_rest_stop"": ""NHS Rest Stop or Truck Facility 35"", ""number_of_spots"": 16}",2019-01-01 00:00:00+00,ntad_parking,44,unknown,59,50,0,{}
1302,public_rest_area,NHS Rest Stop or Truck Facility 60,PA,25,POINT(-75.7763600002894 40.1219159998303),ntad_parking,18,2026-07-22 08:31:07.98657+00,2019-01-01 00:00:00+00,68,95,17,100,50,{},"{""state"": ""PA"", ""county"": ""Chester"", ""OBJECTID"": 1302, ""latitude"": 40.121916, ""longitude"": -75.77636, ""mile_post"": ""MP 304.8"", ""municipality"": ""Wallace Twp"", ""state_number"": ""42"", ""highway_route"": ""I-76 W - PTC Mainline"", ""nhs_rest_stop"": ""NHS Rest Stop or Truck Facility 60"", ""number_of_spots"": 25}",2019-01-01 00:00:00+00,ntad_parking,44,unknown,59,50,0,{}
1303,public_rest_area,NHS Rest Stop or Truck Facility 23,PA,23,POINT(-77.3424330002436 40.1327109998592),ntad_parking,18,2026-07-22 08:31:07.98657+00,2019-01-01 00:00:00+00,68,95,17,100,50,{},"{""state"": ""PA"", ""county"": ""Cumberland"", ""OBJECTID"": 1303, ""latitude"": 40.132711, ""longitude"": -77.342433, ""mile_post"": ""38"", ""municipality"": ""Penn"", ""state_number"": ""42"", ""highway_route"": ""I-81N"", ""nhs_rest_stop"": ""NHS Rest Stop or Truck Facility 23"", ""number_of_spots"": 23}",2019-01-01 00:00:00+00,ntad_parking,44,unknown,59,50,0,{}
1304,public_rest_area,NHS PSP Weight Enforcement Station S5,PA,12,POINT(-76.8054699996582 40.1388299999947),ntad_parking,18,2026-07-22 08:31:07.98657+00,2019-01-01 00:00:00+00,68,95,17,100,50,{},"{""state"": ""PA"", ""county"": ""York"", ""OBJECTID"": 1304, ""latitude"": 40.13883, ""longitude"": -76.80547, ""mile_post"": ""NA"", ""municipality"": ""Newberry Twp"", ""state_number"": ""42"", ""highway_route"": ""I-83 N"", ""nhs_rest_stop"": ""NHS PSP Weight Enforcement Station S5"", ""number_of_spots"": 12}",2019-01-01 00:00:00+00,ntad_parking,44,unknown,59,50,0,{}
1305,public_rest_area,NHS Rest Stop or Truck Facility 27,PA,23,POINT(-77.3163149998892 40.1477760002528),ntad_parking,18,2026-07-22 08:31:07.98657+00,2019-01-01 00:00:00+00,68,95,17,100,50,{},"{""state"": ""PA"", ""county"": ""Cumberland"", ""OBJECTID"": 1305, ""latitude"": 40.147776, ""longitude"": -77.316315, ""mile_post"": ""38"", ""municipality"": ""Penn"", ""state_number"": ""42"", ""highway_route"": ""I-81S"", ""nhs_rest_stop"": ""NHS Rest Stop or Truck Facility 27"", ""number_of_spots"": 23}",2019-01-01 00:00:00+00,ntad_parking,44,unknown,59,50,0,{}
1306,public_rest_area,NHS PSP Weight Enforcement Station S4,PA,14,POINT(-76.8228810000696 40.1559830001335),ntad_parking,18,2026-07-22 08:31:07.98657+00,2019-01-01 00:00:00+00,68,95,17,100,50,{},"{""state"": ""PA"", ""county"": ""York"", ""OBJECTID"": 1306, ""latitude"": 40.155983, ""longitude"": -76.822881, ""mile_post"": ""NA"", ""municipality"": ""Newberry Twp"", ""state_number"": ""42"", ""highway_route"": ""I-83 S"", ""nhs_rest_stop"": ""NHS PSP Weight Enforcement Station S4"", ""number_of_spots"": 14}",2019-01-01 00:00:00+00,ntad_parking,44,unknown,59,50,0,{}
1307,public_rest_area,NHS Rest Stop or Truck Facility 50,PA,40,POINT(-77.5971280001754 40.1658880002463),ntad_parking,18,2026-07-22 08:31:07.98657+00,2019-01-01 00:00:00+00,68,95,17,100,50,{},"{""state"": ""PA"", ""county"": ""Cumberland"", ""OBJECTID"": 1307, ""latitude"": 40.165888, ""longitude"": -77.597128, ""mile_post"": ""MP 202.5"", ""municipality"": ""Hopewell Twp"", ""state_number"": ""42"", ""highway_route"": ""I-76 W - PTC Mainline"", ""nhs_rest_stop"": ""NHS Rest Stop or Truck Facility 50"", ""number_of_spots"": 40}",2019-01-01 00:00:00+00,ntad_parking,44,unknown,59,50,0,{}
1308,public_rest_area,NHS Rest Stop or Truck Facility 51,PA,13,POINT(-76.0156849999831 40.2022809999015),ntad_parking,18,2026-07-22 08:31:07.98657+00,2019-01-01 00:00:00+00,68,95,17,100,50,{},"{""state"": ""PA"", ""county"": ""Lancaster"", ""OBJECTID"": 1308, ""latitude"": 40.202281, ""longitude"": -76.015685, ""mile_post"": ""MP 289.9"", ""municipality"": ""Brecknock Twp"", ""state_number"": ""42"", ""highway_route"": ""I-76 E - PTC Mainline"", ""nhs_rest_stop"": ""NHS Rest Stop or Truck Facility 51"", ""number_of_spots"": 13}",2019-01-01 00:00:00+00,ntad_parking,44,unknown,59,50,0,{}
1309,public_rest_area,NHS Rest Stop or Truck Facility 61,PA,38,POINT(-77.2877000001501 40.2052160000699),ntad_parking,18,2026-07-22 08:31:07.98657+00,2019-01-01 00:00:00+00,68,95,17,100,50,{},"{""state"": ""PA"", ""county"": ""Cumberland"", ""OBJECTID"": 1309, ""latitude"": 40.205216, ""longitude"": -77.2877, ""mile_post"": ""MP 219.1"", ""municipality"": ""West Pennsboro Twp"", ""state_number"": ""42"", ""highway_route"": ""I-76 E - PTC Mainline"", ""nhs_rest_stop"": ""NHS Rest Stop or Truck Facility 61"", ""number_of_spots"": 38}",2019-01-01 00:00:00+00,ntad_parking,44,unknown,59,50,0,{}
131,public_rest_area,Donner Summit Westbound,CA,9,POINT(-120.340061000436 39.3421420003469),ntad_parking,18,2026-07-22 08:31:07.98657+00,2019-01-01 00:00:00+00,68,95,17,100,50,{},"{""state"": ""CA"", ""county"": ""Nevada"", ""OBJECTID"": 131, ""latitude"": 39.342142, ""longitude"": -120.340061, ""mile_post"": ""PM 5.6"", ""municipality"": ""Soda Springs"", ""state_number"": ""06"", ""highway_route"": ""I-80"", ""nhs_rest_stop"": ""Donner Summit Westbound"", ""number_of_spots"": 9}",2019-01-01 00:00:00+00,ntad_parking,44,unknown,59,50,0,{}
1310,public_rest_area,NHS Rest Stop or Truck Facility 56,PA,82,POINT(-79.5661590003895 40.2062700000902),ntad_parking,18,2026-07-22 08:31:07.98657+00,2019-01-01 00:00:00+00,68,95,17,100,50,{},"{""state"": ""PA"", ""county"": ""Westmoreland"", ""OBJECTID"": 1310, ""latitude"": 40.20627, ""longitude"": -79.566159, ""mile_post"": ""MP 77.6"", ""municipality"": ""Hempfield Twp"", ""state_number"": ""42"", ""highway_route"": ""I-70 & I-76 W - PTC Mainline"", ""nhs_rest_stop"": ""NHS Rest Stop or Truck Facility 56"", ""number_of_spots"": 82}",2019-01-01 00:00:00+00,ntad_parking,44,unknown,59,50,0,{}
1311,public_rest_area,NHS Rest Stop or Truck Facility 55,PA,15,POINT(-76.5742600002539 40.2083109998145),ntad_parking,18,2026-07-22 08:31:07.98657+00,2019-01-01 00:00:00+00,68,95,17,100,50,{},"{""state"": ""PA"", ""county"": ""Dauphin & Lebanon"", ""OBJECTID"": 1311, ""latitude"": 40.208311, ""longitude"": -76.57426, ""mile_post"": ""MP 258.8"", ""municipality"": ""Conewago & South Londonderry Twps"", ""state_number"": ""42"", ""highway_route"": ""I-76 W - PTC Mainline"", ""nhs_rest_stop"": ""NHS Rest Stop or Truck Facility 55"", ""number_of_spots"": 15}",2019-01-01 00:00:00+00,ntad_parking,44,unknown,59,50,0,{}
1312,public_rest_area,NHS Rest Stop or Truck Facility 53,PA,10,POINT(-76.7432210003983 40.2098079998105),ntad_parking,18,2026-07-22 08:31:07.98657+00,2019-01-01 00:00:00+00,68,95,17,100,50,{},"{""state"": ""PA"", ""county"": ""Dauphin"", ""OBJECTID"": 1312, ""latitude"": 40.209808, ""longitude"": -76.743221, ""mile_post"": ""MP 249.7"", ""municipality"": ""Lower Swatara Twp"", ""state_number"": ""42"", ""highway_route"": ""I-76 E - PTC Mainline"", ""nhs_rest_stop"": ""NHS Rest Stop or Truck Facility 53"", ""number_of_spots"": 10}",2019-01-01 00:00:00+00,ntad_parking,44,unknown,59,50,0,{}
1313,public_rest_area,NHS Rest Stop or Truck Facility 31,PA,8,POINT(-74.8672120004306 40.2526070001021),ntad_parking,18,2026-07-22 08:31:07.98657+00,2019-01-01 00:00:00+00,68,95,17,100,50,{},"{""state"": ""PA"", ""county"": ""Bucks"", ""OBJECTID"": 1313, ""latitude"": 40.252607, ""longitude"": -74.867212, ""mile_post"": ""50"", ""municipality"": ""Lower Makefield"", ""state_number"": ""42"", ""highway_route"": ""I-95S"", ""nhs_rest_stop"": ""NHS Rest Stop or Truck Facility 31"", ""number_of_spots"": 8}",2019-01-01 00:00:00+00,ntad_parking,44,unknown,59,50,0,{}
1314,public_rest_area,NHS Rest Stop or Truck Facility 7,PA,17,POINT(-80.1408859996246 40.3293240001566),ntad_parking,18,2026-07-22 08:31:07.98657+00,2019-01-01 00:00:00+00,68,95,17,100,50,{},"{""state"": ""PA"", ""county"": ""Allegheny"", ""OBJECTID"": 1314, ""latitude"": 40.329324, ""longitude"": -80.140886, ""mile_post"": ""50"", ""municipality"": ""South Fayette"", ""state_number"": ""42"", ""highway_route"": ""I-79S"", ""nhs_rest_stop"": ""NHS Rest Stop or Truck Facility 7"", ""number_of_spots"": 17}",2019-01-01 00:00:00+00,ntad_parking,44,unknown,59,50,0,{}
1315,public_rest_area,NHS Rest Stop or Truck Facility 3,PA,17,POINT(-80.1372429996692 40.3315750001783),ntad_parking,18,2026-07-22 08:31:07.98657+00,2019-01-01 00:00:00+00,68,95,17,100,50,{},"{""state"": ""PA"", ""county"": ""Allegheny"", ""OBJECTID"": 1315, ""latitude"": 40.331575, ""longitude"": -80.137243, ""mile_post"": ""50"", ""municipality"": ""South Fayette"", ""state_number"": ""42"", ""highway_route"": ""I-79N"", ""nhs_rest_stop"": ""NHS Rest Stop or Truck Facility 3"", ""number_of_spots"": 17}",2019-01-01 00:00:00+00,ntad_parking,44,unknown,59,50,0,{}
1316,public_rest_area,NHS Rest Stop or Truck Facility 24,PA,15,POINT(-76.676469999769 40.3732849998708),ntad_parking,18,2026-07-22 08:31:07.98657+00,2019-01-01 00:00:00+00,68,95,17,100,50,{},"{""state"": ""PA"", ""county"": ""Dauphin"", ""OBJECTID"": 1316, ""latitude"": 40.373285, ""longitude"": -76.67647, ""mile_post"": ""79"", ""municipality"": ""East Hanover"", ""state_number"": ""42"", ""highway_route"": ""I-81N"", ""nhs_rest_stop"": ""NHS Rest Stop or Truck Facility 24"", ""number_of_spots"": 15}",2019-01-01 00:00:00+00,ntad_parking,44,unknown,59,50,0,{}
1317,public_rest_area,NHS Rest Stop or Truck Facility 28,PA,20,POINT(-76.6771290002682 40.3752590000838),ntad_parking,18,2026-07-22 08:31:07.98657+00,2019-01-01 00:00:00+00,68,95,17,100,50,{},"{""state"": ""PA"", ""county"": ""Dauphin"", ""OBJECTID"": 1317, ""latitude"": 40.375259, ""longitude"": -76.677129, ""mile_post"": ""79"", ""municipality"": ""East Hanover"", ""state_number"": ""42"", ""highway_route"": ""I-81S"", ""nhs_rest_stop"": ""NHS Rest Stop or Truck Facility 28"", ""number_of_spots"": 20}",2019-01-01 00:00:00+00,ntad_parking,44,unknown,59,50,0,{}
1318,public_rest_area,NHS Rest Stop or Truck Facility 59,PA,12,POINT(-79.8140260001698 40.5210209999174),ntad_parking,18,2026-07-22 08:31:07.98657+00,2019-01-01 00:00:00+00,68,95,17,100,50,{},"{""state"": ""PA"", ""county"": ""Allegheny"", ""OBJECTID"": 1318, ""latitude"": 40.521021, ""longitude"": -79.814026, ""mile_post"": ""MP 49.3"", ""municipality"": ""Plum Borough"", ""state_number"": ""42"", ""highway_route"": ""I-76 E - PTC Mainline"", ""nhs_rest_stop"": ""NHS Rest Stop or Truck Facility 59"", ""number_of_spots"": 12}",2019-01-01 00:00:00+00,ntad_parking,44,unknown,59,50,0,{}
1319,public_rest_area,NHS Rest Stop or Truck Facility 49,PA,114,POINT(-75.5578580000856 40.5743800003062),ntad_parking,18,2026-07-22 08:31:07.98657+00,2019-01-01 00:00:00+00,68,95,17,100,50,{},"{""state"": ""PA"", ""county"": ""Lehigh"", ""OBJECTID"": 1319, ""latitude"": 40.57438, ""longitude"": -75.557858, ""mile_post"": ""MP 55.9"", ""municipality"": ""Upper & Lower Macungie Twp"", ""state_number"": ""42"", ""highway_route"": ""I-476 N & S - PTC NE Ext."", ""nhs_rest_stop"": ""NHS Rest Stop or Truck Facility 49"", ""number_of_spots"": 114}",2019-01-01 00:00:00+00,ntad_parking,44,unknown,59,50,0,{}
132,public_rest_area,Moss Cove,CA,6,POINT(-123.424990000315 39.5507200000596),ntad_parking,18,2026-07-22 08:31:07.98657+00,2019-01-01 00:00:00+00,68,95,17,100,50,{},"{""state"": ""CA"", ""county"": ""Mendocino"", ""OBJECTID"": 132, ""latitude"": 39.55072, ""longitude"": -123.42499, ""mile_post"": ""PM 58.9"", ""municipality"": ""Longvale"", ""state_number"": ""06"", ""highway_route"": ""US101"", ""nhs_rest_stop"": ""Moss Cove"", ""number_of_spots"": 6}",2019-01-01 00:00:00+00,ntad_parking,44,unknown,59,50,0,{}
1320,public_rest_area,NHS Rest Stop or Truck Facility 48,PA,15,POINT(-75.2007390003785 40.6753359999738),ntad_parking,18,2026-07-22 08:31:07.98657+00,2019-01-01 00:00:00+00,68,95,17,100,50,{},"{""state"": ""PA"", ""county"": ""Northampton"", ""OBJECTID"": 1320, ""latitude"": 40.675336, ""longitude"": -75.200739, ""mile_post"": ""75"", ""municipality"": ""Williams"", ""state_number"": ""42"", ""highway_route"": ""I-78W"", ""nhs_rest_stop"": ""NHS Rest Stop or Truck Facility 48"", ""number_of_spots"": 15}",2019-01-01 00:00:00+00,ntad_parking,44,unknown,59,50,0,{}
1321,public_rest_area,NHS PSP Weight Enforcement Station S9,PA,13,POINT(-80.1012180001707 40.7094139999312),ntad_parking,18,2026-07-22 08:31:07.98657+00,2019-01-01 00:00:00+00,68,95,17,100,50,{},"{""state"": ""PA"", ""county"": ""Butler"", ""OBJECTID"": 1321, ""latitude"": 40.709414, ""longitude"": -80.101218, ""mile_post"": ""NA"", ""municipality"": ""Cranberry Twp"", ""state_number"": ""42"", ""highway_route"": ""I-79 N"", ""nhs_rest_stop"": ""NHS PSP Weight Enforcement Station S9"", ""number_of_spots"": 13}",2019-01-01 00:00:00+00,ntad_parking,44,unknown,59,50,0,{}
1322,public_rest_area,NHS PSP Weight Enforcement Station S10,PA,14,POINT(-80.1023889999576 40.719759999851),ntad_parking,18,2026-07-22 08:31:07.98657+00,2019-01-01 00:00:00+00,68,95,17,100,50,{},"{""state"": ""PA"", ""county"": ""Butler"", ""OBJECTID"": 1322, ""latitude"": 40.71976, ""longitude"": -80.102389, ""mile_post"": ""NA"", ""municipality"": ""Cranberry Twp"", ""state_number"": ""42"", ""highway_route"": ""I-79 S"", ""nhs_rest_stop"": ""NHS PSP Weight Enforcement Station S10"", ""number_of_spots"": 14}",2019-01-01 00:00:00+00,ntad_parking,44,unknown,59,50,0,{}
1323,public_rest_area,NHS Rest Stop or Truck Facility 52,PA,109,POINT(-75.6313409997086 40.9703470000016),ntad_parking,18,2026-07-22 08:31:07.98657+00,2019-01-01 00:00:00+00,68,95,17,100,50,{},"{""state"": ""PA"", ""county"": ""Carbon"", ""OBJECTID"": 1323, ""latitude"": 40.970347, ""longitude"": -75.631341, ""mile_post"": ""MP 86.1"", ""municipality"": ""Penn Forest Twp"", ""state_number"": ""42"", ""highway_route"": ""I-476 N & S - PTC NE Ext."", ""nhs_rest_stop"": ""NHS Rest Stop or Truck Facility 52"", ""number_of_spots"": 109}",2019-01-01 00:00:00+00,ntad_parking,44,unknown,59,50,0,{}
1324,public_rest_area,NHS Rest Stop or Truck Facility 42,PA,9,POINT(-75.1416679998453 40.9904530000309),ntad_parking,18,2026-07-22 08:31:07.98657+00,2019-01-01 00:00:00+00,68,95,17,100,50,{},"{""state"": ""PA"", ""county"": ""Monroe"", ""OBJECTID"": 1324, ""latitude"": 40.990453, ""longitude"": -75.141668, ""mile_post"": ""310"", ""municipality"": ""Smithfield"", ""state_number"": ""42"", ""highway_route"": ""I-80W"", ""nhs_rest_stop"": ""NHS Rest Stop or Truck Facility 42"", ""number_of_spots"": 9}",2019-01-01 00:00:00+00,ntad_parking,44,unknown,59,50,0,{}
1325,public_rest_area,NHS Rest Stop or Truck Facility 21,PA,27,POINT(-76.7261229999814 40.9906370002636),ntad_parking,18,2026-07-22 08:31:07.98657+00,2019-01-01 00:00:00+00,68,95,17,100,50,{},"{""state"": ""PA"", ""county"": ""Montour"", ""OBJECTID"": 1325, ""latitude"": 40.990637, ""longitude"": -76.726123, ""mile_post"": ""220"", ""municipality"": ""Liberty"", ""state_number"": ""42"", ""highway_route"": ""I-80W"", ""nhs_rest_stop"": ""NHS Rest Stop or Truck Facility 21"", ""number_of_spots"": 27}",2019-01-01 00:00:00+00,ntad_parking,44,unknown,59,50,0,{}
1326,public_rest_area,NHS Rest Stop or Truck Facility 14,PA,28,POINT(-76.7391659998159 40.9914799999712),ntad_parking,18,2026-07-22 08:31:07.98657+00,2019-01-01 00:00:00+00,68,95,17,100,50,{},"{""state"": ""PA"", ""county"": ""Montour"", ""OBJECTID"": 1326, ""latitude"": 40.99148, ""longitude"": -76.739166, ""mile_post"": ""219"", ""municipality"": ""Liberty"", ""state_number"": ""42"", ""highway_route"": ""I-80E"", ""nhs_rest_stop"": ""NHS Rest Stop or Truck Facility 14"", ""number_of_spots"": 28}",2019-01-01 00:00:00+00,ntad_parking,44,unknown,59,50,0,{}
1327,public_rest_area,NHS Rest Stop or Truck Facility 15,PA,28,POINT(-76.2520010001061 41.0083959998761),ntad_parking,18,2026-07-22 08:31:07.98657+00,2019-01-01 00:00:00+00,68,95,17,100,50,{},"{""state"": ""PA"", ""county"": ""Columbia"", ""OBJECTID"": 1327, ""latitude"": 41.008396, ""longitude"": -76.252001, ""mile_post"": ""246"", ""municipality"": ""Mifflin"", ""state_number"": ""42"", ""highway_route"": ""I-80E"", ""nhs_rest_stop"": ""NHS Rest Stop or Truck Facility 15"", ""number_of_spots"": 28}",2019-01-01 00:00:00+00,ntad_parking,44,unknown,59,50,0,{}
1328,public_rest_area,NHS Rest Stop or Truck Facility 22,PA,44,POINT(-76.2485830002816 41.0100379998664),ntad_parking,18,2026-07-22 08:31:07.98657+00,2019-01-01 00:00:00+00,68,95,17,100,50,{},"{""state"": ""PA"", ""county"": ""Columbia"", ""OBJECTID"": 1328, ""latitude"": 41.010038, ""longitude"": -76.248583, ""mile_post"": ""246"", ""municipality"": ""Mifflin"", ""state_number"": ""42"", ""highway_route"": ""I-80W"", ""nhs_rest_stop"": ""NHS Rest Stop or Truck Facility 22"", ""number_of_spots"": 44}",2019-01-01 00:00:00+00,ntad_parking,44,unknown,59,50,0,{}
1329,public_rest_area,NHS Rest Stop or Truck Facility 12,PA,20,POINT(-77.9561969998193 41.0148729998127),ntad_parking,18,2026-07-22 08:31:07.98657+00,2019-01-01 00:00:00+00,68,95,17,100,50,{},"{""state"": ""PA"", ""county"": ""Centre"", ""OBJECTID"": 1329, ""latitude"": 41.014873, ""longitude"": -77.956197, ""mile_post"": ""146"", ""municipality"": ""Snow Shoe"", ""state_number"": ""42"", ""highway_route"": ""I-80E"", ""nhs_rest_stop"": ""NHS Rest Stop or Truck Facility 12"", ""number_of_spots"": 20}",2019-01-01 00:00:00+00,ntad_parking,44,unknown,59,50,0,{}
133,public_rest_area,Irvine Lodge,CA,9,POINT(-123.444899999761 39.5831699997059),ntad_parking,18,2026-07-22 08:31:07.98657+00,2019-01-01 00:00:00+00,68,95,17,100,50,{},"{""state"": ""CA"", ""county"": ""Mendocino"", ""OBJECTID"": 133, ""latitude"": 39.58317, ""longitude"": -123.4449, ""mile_post"": ""PM 61.5"", ""municipality"": ""Laytonville"", ""state_number"": ""06"", ""highway_route"": ""US101"", ""nhs_rest_stop"": ""Irvine Lodge"", ""number_of_spots"": 9}",2019-01-01 00:00:00+00,ntad_parking,44,unknown,59,50,0,{}
1330,public_rest_area,NHS Rest Stop or Truck Facility 19,PA,19,POINT(-77.9534479996413 41.0197839997813),ntad_parking,18,2026-07-22 08:31:07.98657+00,2019-01-01 00:00:00+00,68,95,17,100,50,{},"{""state"": ""PA"", ""county"": ""Centre"", ""OBJECTID"": 1330, ""latitude"": 41.019784, ""longitude"": -77.953448, ""mile_post"": ""146"", ""municipality"": ""Snow Shoe"", ""state_number"": ""42"", ""highway_route"": ""I-80W"", ""nhs_rest_stop"": ""NHS Rest Stop or Truck Facility 19"", ""number_of_spots"": 19}",2019-01-01 00:00:00+00,ntad_parking,44,unknown,59,50,0,{}
1331,public_rest_area,NHS Rest Stop or Truck Facility 13,PA,10,POINT(-77.1524470000447 41.0496570000952),ntad_parking,18,2026-07-22 08:31:07.98657+00,2019-01-01 00:00:00+00,68,95,17,100,50,{},"{""state"": ""PA"", ""county"": ""Clinton"", ""OBJECTID"": 1331, ""latitude"": 41.049657, ""longitude"": -77.152447, ""mile_post"": ""194"", ""municipality"": ""Greene"", ""state_number"": ""42"", ""highway_route"": ""I-80E"", ""nhs_rest_stop"": ""NHS Rest Stop or Truck Facility 13"", ""number_of_spots"": 10}",2019-01-01 00:00:00+00,ntad_parking,44,unknown,59,50,0,{}
1332,public_rest_area,NHS Rest Stop or Truck Facility 20,PA,20,POINT(-77.1587630000101 41.052689000271),ntad_parking,18,2026-07-22 08:31:07.98657+00,2019-01-01 00:00:00+00,68,95,17,100,50,{},"{""state"": ""PA"", ""county"": ""Clinton"", ""OBJECTID"": 1332, ""latitude"": 41.052689, ""longitude"": -77.158763, ""mile_post"": ""194"", ""municipality"": ""Greene"", ""state_number"": ""42"", ""highway_route"": ""I-80W"", ""nhs_rest_stop"": ""NHS Rest Stop or Truck Facility 20"", ""number_of_spots"": 20}",2019-01-01 00:00:00+00,ntad_parking,44,unknown,59,50,0,{}
1333,public_rest_area,NHS Rest Stop or Truck Facility 16,PA,6,POINT(-75.8224879996488 41.0560380000957),ntad_parking,18,2026-07-22 08:31:07.98657+00,2019-01-01 00:00:00+00,68,95,17,100,50,{},"{""state"": ""PA"", ""county"": ""Luzerne"", ""OBJECTID"": 1333, ""latitude"": 41.056038, ""longitude"": -75.822488, ""mile_post"": ""270"", ""municipality"": ""Foster"", ""state_number"": ""42"", ""highway_route"": ""I-80E"", ""nhs_rest_stop"": ""NHS Rest Stop or Truck Facility 16"", ""number_of_spots"": 6}",2019-01-01 00:00:00+00,ntad_parking,44,unknown,59,50,0,{}
1334,public_rest_area,NHS Rest Stop or Truck Facility 17,PA,18,POINT(-75.3604289996169 41.0646689998829),ntad_parking,18,2026-07-22 08:31:07.98657+00,2019-01-01 00:00:00+00,68,95,17,100,50,{},"{""state"": ""PA"", ""county"": ""Monroe"", ""OBJECTID"": 1334, ""latitude"": 41.064669, ""longitude"": -75.360429, ""mile_post"": ""295"", ""municipality"": ""Pocono"", ""state_number"": ""42"", ""highway_route"": ""I-80E"", ""nhs_rest_stop"": ""NHS Rest Stop or Truck Facility 17"", ""number_of_spots"": 18}",2019-01-01 00:00:00+00,ntad_parking,44,unknown,59,50,0,{}
1335,public_rest_area,NHS Rest Stop or Truck Facility 4,PA,18,POINT(-80.1243050003149 41.0704879999782),ntad_parking,18,2026-07-22 08:31:07.98657+00,2019-01-01 00:00:00+00,68,95,17,100,50,{},"{""state"": ""PA"", ""county"": ""Lawrence"", ""OBJECTID"": 1335, ""latitude"": 41.070488, ""longitude"": -80.124305, ""mile_post"": ""107"", ""municipality"": ""Plain Grove"", ""state_number"": ""42"", ""highway_route"": ""I-79N"", ""nhs_rest_stop"": ""NHS Rest Stop or Truck Facility 4"", ""number_of_spots"": 18}",2019-01-01 00:00:00+00,ntad_parking,44,unknown,59,50,0,{}
1336,public_rest_area,NHS Rest Stop or Truck Facility 8,PA,19,POINT(-80.1438609997584 41.1016879996913),ntad_parking,18,2026-07-22 08:31:07.98657+00,2019-01-01 00:00:00+00,68,95,17,100,50,{},"{""state"": ""PA"", ""county"": ""Lawrence"", ""OBJECTID"": 1336, ""latitude"": 41.101688, ""longitude"": -80.143861, ""mile_post"": ""110"", ""municipality"": ""Plain Grove"", ""state_number"": ""42"", ""highway_route"": ""I-79S"", ""nhs_rest_stop"": ""NHS Rest Stop or Truck Facility 8"", ""number_of_spots"": 19}",2019-01-01 00:00:00+00,ntad_parking,44,unknown,59,50,0,{}
1337,public_rest_area,NHS Rest Stop or Truck Facility 25,PA,15,POINT(-75.9608909997902 41.1021700002442),ntad_parking,18,2026-07-22 08:31:07.98657+00,2019-01-01 00:00:00+00,68,95,17,100,50,{},"{""state"": ""PA"", ""county"": ""Luzerne"", ""OBJECTID"": 1337, ""latitude"": 41.10217, ""longitude"": -75.960891, ""mile_post"": ""156"", ""municipality"": ""Dorrance"", ""state_number"": ""42"", ""highway_route"": ""I-81N"", ""nhs_rest_stop"": ""NHS Rest Stop or Truck Facility 25"", ""number_of_spots"": 15}",2019-01-01 00:00:00+00,ntad_parking,44,unknown,59,50,0,{}
1338,public_rest_area,NHS Rest Stop or Truck Facility 29,PA,15,POINT(-75.9637739998624 41.1308069998256),ntad_parking,18,2026-07-22 08:31:07.98657+00,2019-01-01 00:00:00+00,68,95,17,100,50,{},"{""state"": ""PA"", ""county"": ""Luzerne"", ""OBJECTID"": 1338, ""latitude"": 41.130807, ""longitude"": -75.963774, ""mile_post"": ""157"", ""municipality"": ""Rice"", ""state_number"": ""42"", ""highway_route"": ""I-81S"", ""nhs_rest_stop"": ""NHS Rest Stop or Truck Facility 29"", ""number_of_spots"": 15}",2019-01-01 00:00:00+00,ntad_parking,44,unknown,59,50,0,{}
1339,public_rest_area,NHS Rest Stop or Truck Facility 11,PA,20,POINT(-78.9553170003459 41.1404950002643),ntad_parking,18,2026-07-22 08:31:07.98657+00,2019-01-01 00:00:00+00,68,95,17,100,50,{},"{""state"": ""PA"", ""county"": ""Jefferson"", ""OBJECTID"": 1339, ""latitude"": 41.140495, ""longitude"": -78.955317, ""mile_post"": ""87"", ""municipality"": ""Pine Creek"", ""state_number"": ""42"", ""highway_route"": ""I-80E"", ""nhs_rest_stop"": ""NHS Rest Stop or Truck Facility 11"", ""number_of_spots"": 20}",2019-01-01 00:00:00+00,ntad_parking,44,unknown,59,50,0,{}
134,public_rest_area,Willows Northbound,CA,17,POINT(-122.209170000282 39.5925500000929),ntad_parking,18,2026-07-22 08:31:07.98657+00,2019-01-01 00:00:00+00,68,95,17,100,50,{},"{""state"": ""CA"", ""county"": ""Glenn"", ""OBJECTID"": 134, ""latitude"": 39.59255, ""longitude"": -122.20917, ""mile_post"": ""PM 14.6"", ""municipality"": ""Artois"", ""state_number"": ""06"", ""highway_route"": ""I-5 N"", ""nhs_rest_stop"": ""Willows Northbound"", ""number_of_spots"": 17}",2019-01-01 00:00:00+00,ntad_parking,44,unknown,59,50,0,{}
1340,public_rest_area,NHS Rest Stop or Truck Facility 18,PA,19,POINT(-78.9417449997085 41.1493580002732),ntad_parking,18,2026-07-22 08:31:07.98657+00,2019-01-01 00:00:00+00,68,95,17,100,50,{},"{""state"": ""PA"", ""county"": ""Jefferson"", ""OBJECTID"": 1340, ""latitude"": 41.149358, ""longitude"": -78.941745, ""mile_post"": ""88"", ""municipality"": ""Washington"", ""state_number"": ""42"", ""highway_route"": ""I-80W"", ""nhs_rest_stop"": ""NHS Rest Stop or Truck Facility 18"", ""number_of_spots"": 19}",2019-01-01 00:00:00+00,ntad_parking,44,unknown,59,50,0,{}
1341,public_rest_area,NHS Rest Stop or Truck Facility 10,PA,10,POINT(-80.5021040002951 41.181180999669),ntad_parking,18,2026-07-22 08:31:07.98657+00,2019-01-01 00:00:00+00,68,95,17,100,50,{},"{""state"": ""PA"", ""county"": ""Mercer"", ""OBJECTID"": 1341, ""latitude"": 41.181181, ""longitude"": -80.502104, ""mile_post"": ""1"", ""municipality"": ""Shenango"", ""state_number"": ""42"", ""highway_route"": ""I-80E"", ""nhs_rest_stop"": ""NHS Rest Stop or Truck Facility 10"", ""number_of_spots"": 10}",2019-01-01 00:00:00+00,ntad_parking,44,unknown,59,50,0,{}
1342,public_rest_area,NHS PSP Weight Enforcement Station S6,PA,8,POINT(-79.5000699997341 41.1975700001229),ntad_parking,18,2026-07-22 08:31:07.98657+00,2019-01-01 00:00:00+00,68,95,17,100,50,{},"{""state"": ""PA"", ""county"": ""Clarion"", ""OBJECTID"": 1342, ""latitude"": 41.19757, ""longitude"": -79.50007, ""mile_post"": ""NA"", ""municipality"": ""Beaver Twp"", ""state_number"": ""42"", ""highway_route"": ""I-80 W"", ""nhs_rest_stop"": ""NHS PSP Weight Enforcement Station S6"", ""number_of_spots"": 8}",2019-01-01 00:00:00+00,ntad_parking,44,unknown,59,50,0,{}
1343,public_rest_area,NHS Rest Stop or Truck Facility 37,PA,19,POINT(-79.9562999998723 41.2019500000758),ntad_parking,18,2026-07-22 08:31:07.98657+00,2019-01-01 00:00:00+00,68,95,17,100,50,{},"{""state"": ""PA"", ""county"": ""Venango"", ""OBJECTID"": 1343, ""latitude"": 41.20195, ""longitude"": -79.9563, ""mile_post"": ""30"", ""municipality"": ""Irwin"", ""state_number"": ""42"", ""highway_route"": ""I-80W"", ""nhs_rest_stop"": ""NHS Rest Stop or Truck Facility 37"", ""number_of_spots"": 19}",2019-01-01 00:00:00+00,ntad_parking,44,unknown,59,50,0,{}
1344,public_rest_area,NHS Rest Stop or Truck Facility 38,PA,19,POINT(-79.9456170000532 41.2026169998612),ntad_parking,18,2026-07-22 08:31:07.98657+00,2019-01-01 00:00:00+00,68,95,17,100,50,{},"{""state"": ""PA"", ""county"": ""Venango"", ""OBJECTID"": 1344, ""latitude"": 41.202617, ""longitude"": -79.945617, ""mile_post"": ""30"", ""municipality"": ""Irwin"", ""state_number"": ""42"", ""highway_route"": ""I-80E"", ""nhs_rest_stop"": ""NHS Rest Stop or Truck Facility 38"", ""number_of_spots"": 19}",2019-01-01 00:00:00+00,ntad_parking,44,unknown,59,50,0,{}
1345,public_rest_area,NHS Rest Stop or Truck Facility 36,PA,12,POINT(-75.2213629996767 41.3562970002291),ntad_parking,18,2026-07-22 08:31:07.98657+00,2019-01-01 00:00:00+00,68,95,17,100,50,{},"{""state"": ""PA"", ""county"": ""Pike"", ""OBJECTID"": 1345, ""latitude"": 41.356297, ""longitude"": -75.221363, ""mile_post"": ""26"", ""municipality"": ""Palmyra"", ""state_number"": ""42"", ""highway_route"": ""I-84E"", ""nhs_rest_stop"": ""NHS Rest Stop or Truck Facility 36"", ""number_of_spots"": 12}",2019-01-01 00:00:00+00,ntad_parking,44,unknown,59,50,0,{}
1346,public_rest_area,NHS Rest Stop or Truck Facility 32,PA,12,POINT(-74.7104200004348 41.3587799998226),ntad_parking,18,2026-07-22 08:31:07.98657+00,2019-01-01 00:00:00+00,68,95,17,100,50,{},"{""state"": ""PA"", ""county"": ""Pike"", ""OBJECTID"": 1346, ""latitude"": 41.35878, ""longitude"": -74.71042, ""mile_post"": ""1"", ""municipality"": ""Westfall Townsinhp"", ""state_number"": ""42"", ""highway_route"": ""US 6/209E&W"", ""nhs_rest_stop"": ""NHS Rest Stop or Truck Facility 32"", ""number_of_spots"": 12}",2019-01-01 00:00:00+00,ntad_parking,44,unknown,59,50,0,{}
1347,public_rest_area,NHS Rest Stop or Truck Facility 30,PA,12,POINT(-75.2203950002794 41.3592469997555),ntad_parking,18,2026-07-22 08:31:07.98657+00,2019-01-01 00:00:00+00,68,95,17,100,50,{},"{""state"": ""PA"", ""county"": ""Pike"", ""OBJECTID"": 1347, ""latitude"": 41.359247, ""longitude"": -75.220395, ""mile_post"": ""26"", ""municipality"": ""Palmyra"", ""state_number"": ""42"", ""highway_route"": ""I-84W"", ""nhs_rest_stop"": ""NHS Rest Stop or Truck Facility 30"", ""number_of_spots"": 12}",2019-01-01 00:00:00+00,ntad_parking,44,unknown,59,50,0,{}
1348,public_rest_area,NHS Rest Stop or Truck Facility 5,PA,20,POINT(-80.1627099999204 41.4553730001966),ntad_parking,18,2026-07-22 08:31:07.98657+00,2019-01-01 00:00:00+00,68,95,17,100,50,{},"{""state"": ""PA"", ""county"": ""Mercer"", ""OBJECTID"": 1348, ""latitude"": 41.455373, ""longitude"": -80.16271, ""mile_post"": ""135"", ""municipality"": ""Deer Creek"", ""state_number"": ""42"", ""highway_route"": ""I-79N"", ""nhs_rest_stop"": ""NHS Rest Stop or Truck Facility 5"", ""number_of_spots"": 20}",2019-01-01 00:00:00+00,ntad_parking,44,unknown,59,50,0,{}
1349,public_rest_area,NHS Rest Stop or Truck Facility 9,PA,20,POINT(-80.1680919999254 41.4678949998778),ntad_parking,18,2026-07-22 08:31:07.98657+00,2019-01-01 00:00:00+00,68,95,17,100,50,{},"{""state"": ""PA"", ""county"": ""Mercer"", ""OBJECTID"": 1349, ""latitude"": 41.467895, ""longitude"": -80.168092, ""mile_post"": ""135"", ""municipality"": ""Deer Creek"", ""state_number"": ""42"", ""highway_route"": ""I-79S"", ""nhs_rest_stop"": ""NHS Rest Stop or Truck Facility 9"", ""number_of_spots"": 20}",2019-01-01 00:00:00+00,ntad_parking,44,unknown,59,50,0,{}
135,public_rest_area,Willows Southbound,CA,17,POINT(-122.209170000282 39.5925500000929),ntad_parking,18,2026-07-22 08:31:07.98657+00,2019-01-01 00:00:00+00,68,95,17,100,50,{},"{""state"": ""CA"", ""county"": ""Glenn"", ""OBJECTID"": 135, ""latitude"": 39.59255, ""longitude"": -122.20917, ""mile_post"": ""PM 14.6"", ""municipality"": ""Artois"", ""state_number"": ""06"", ""highway_route"": ""I-5 S"", ""nhs_rest_stop"": ""Willows Southbound"", ""number_of_spots"": 17}",2019-01-01 00:00:00+00,ntad_parking,44,unknown,59,50,0,{}
1350,public_rest_area,NHS Rest Stop or Truck Facility 26,PA,6,POINT(-75.6472130000871 41.6037430003137),ntad_parking,18,2026-07-22 08:31:07.98657+00,2019-01-01 00:00:00+00,68,95,17,100,50,{},"{""state"": ""PA"", ""county"": ""Lackawanna"", ""OBJECTID"": 1350, ""latitude"": 41.603743, ""longitude"": -75.647213, ""mile_post"": ""203"", ""municipality"": ""Greenfield"", ""state_number"": ""42"", ""highway_route"": ""I-81N"", ""nhs_rest_stop"": ""NHS Rest Stop or Truck Facility 26"", ""number_of_spots"": 6}",2019-01-01 00:00:00+00,ntad_parking,44,unknown,59,50,0,{}
1351,public_rest_area,NHS Rest Stop or Truck Facility 43,PA,6,POINT(-75.6822180003097 41.6739919999833),ntad_parking,18,2026-07-22 08:31:07.98657+00,2019-01-01 00:00:00+00,68,95,17,100,50,{},"{""state"": ""PA"", ""county"": ""Susquehanna"", ""OBJECTID"": 1351, ""latitude"": 41.673992, ""longitude"": -75.682218, ""mile_post"": ""208"", ""municipality"": ""Lenox"", ""state_number"": ""42"", ""highway_route"": ""I-81S"", ""nhs_rest_stop"": ""NHS Rest Stop or Truck Facility 43"", ""number_of_spots"": 6}",2019-01-01 00:00:00+00,ntad_parking,44,unknown,59,50,0,{}
1352,public_rest_area,NHS Rest Stop or Truck Facility 6,PA,22,POINT(-80.1748229999925 41.842349000257),ntad_parking,18,2026-07-22 08:31:07.98657+00,2019-01-01 00:00:00+00,68,95,17,100,50,{},"{""state"": ""PA"", ""county"": ""Crawford"", ""OBJECTID"": 1352, ""latitude"": 41.842349, ""longitude"": -80.174823, ""mile_post"": ""163"", ""municipality"": ""Cussewago"", ""state_number"": ""42"", ""highway_route"": ""I-79N"", ""nhs_rest_stop"": ""NHS Rest Stop or Truck Facility 6"", ""number_of_spots"": 22}",2019-01-01 00:00:00+00,ntad_parking,44,unknown,59,50,0,{}
1353,public_rest_area,NHS Rest Stop or Truck Facility 33,PA,24,POINT(-80.1771999997264 41.8466329999678),ntad_parking,18,2026-07-22 08:31:07.98657+00,2019-01-01 00:00:00+00,68,95,17,100,50,{},"{""state"": ""PA"", ""county"": ""Crawford"", ""OBJECTID"": 1353, ""latitude"": 41.846633, ""longitude"": -80.1772, ""mile_post"": ""163"", ""municipality"": ""Cussewago"", ""state_number"": ""42"", ""highway_route"": ""I-79S"", ""nhs_rest_stop"": ""NHS Rest Stop or Truck Facility 33"", ""number_of_spots"": 24}",2019-01-01 00:00:00+00,ntad_parking,44,unknown,59,50,0,{}
1354,public_rest_area,NHS Rest Stop or Truck Facility 46,PA,21,POINT(-77.1255999997691 41.9004999996825),ntad_parking,18,2026-07-22 08:31:07.98657+00,2019-01-01 00:00:00+00,68,95,17,100,50,{},"{""state"": ""PA"", ""county"": ""Tioga"", ""OBJECTID"": 1354, ""latitude"": 41.9005, ""longitude"": -77.1256, ""mile_post"": ""7"", ""municipality"": ""Tioga"", ""state_number"": ""42"", ""highway_route"": ""US 15S"", ""nhs_rest_stop"": ""NHS Rest Stop or Truck Facility 46"", ""number_of_spots"": 21}",2019-01-01 00:00:00+00,ntad_parking,44,unknown,59,50,0,{}
1355,public_rest_area,NHS Rest Stop or Truck Facility 40,PA,18,POINT(-80.4729759996467 41.9418329997167),ntad_parking,18,2026-07-22 08:31:07.98657+00,2019-01-01 00:00:00+00,68,95,17,100,50,{},"{""state"": ""PA"", ""county"": ""Erie"", ""OBJECTID"": 1355, ""latitude"": 41.941833, ""longitude"": -80.472976, ""mile_post"": ""1"", ""municipality"": ""Springfield"", ""state_number"": ""42"", ""highway_route"": ""I-90E"", ""nhs_rest_stop"": ""NHS Rest Stop or Truck Facility 40"", ""number_of_spots"": 18}",2019-01-01 00:00:00+00,ntad_parking,44,unknown,59,50,0,{}
1356,public_rest_area,NHS Rest Stop or Truck Facility 44,PA,16,POINT(-75.7484970000376 41.9837349998323),ntad_parking,18,2026-07-22 08:31:07.98657+00,2019-01-01 00:00:00+00,68,95,17,100,50,{},"{""state"": ""PA"", ""county"": ""Susquehanna"", ""OBJECTID"": 1356, ""latitude"": 41.983735, ""longitude"": -75.748497, ""mile_post"": ""232"", ""municipality"": ""Great Bend"", ""state_number"": ""42"", ""highway_route"": ""I-81S"", ""nhs_rest_stop"": ""NHS Rest Stop or Truck Facility 44"", ""number_of_spots"": 16}",2019-01-01 00:00:00+00,ntad_parking,44,unknown,59,50,0,{}
1357,public_rest_area,NHS Rest Stop or Truck Facility 39,PA,14,POINT(-79.7679189998285 42.2485240001393),ntad_parking,18,2026-07-22 08:31:07.98657+00,2019-01-01 00:00:00+00,68,95,17,100,50,{},"{""state"": ""PA"", ""county"": ""Erie"", ""OBJECTID"": 1357, ""latitude"": 42.248524, ""longitude"": -79.767919, ""mile_post"": ""46"", ""municipality"": ""North East"", ""state_number"": ""42"", ""highway_route"": ""I-90W"", ""nhs_rest_stop"": ""NHS Rest Stop or Truck Facility 39"", ""number_of_spots"": 14}",2019-01-01 00:00:00+00,ntad_parking,44,unknown,59,50,0,{}
1358,public_rest_area,Rhode Island Visitor Center,RI,16,POINT(-71.7026999999743 41.502400000311),ntad_parking,18,2026-07-22 08:31:07.98657+00,2019-01-01 00:00:00+00,68,95,17,100,50,{},"{""state"": ""RI"", ""county"": ""NA"", ""OBJECTID"": 1358, ""latitude"": 41.5024, ""longitude"": -71.7027, ""mile_post"": ""MP 6.3"", ""municipality"": ""Richmond"", ""state_number"": ""44"", ""highway_route"": ""I-95 N"", ""nhs_rest_stop"": ""Rhode Island Visitor Center"", ""number_of_spots"": 16}",2019-01-01 00:00:00+00,ntad_parking,44,unknown,59,50,0,{}
1359,public_rest_area,Weigh Station Not In Operation  Parking Avalible,RI,8,POINT(-71.667099999725 41.558500000275),ntad_parking,18,2026-07-22 08:31:07.98657+00,2019-01-01 00:00:00+00,68,95,17,100,50,{},"{""state"": ""RI"", ""county"": ""NA"", ""OBJECTID"": 1359, ""latitude"": 41.5585, ""longitude"": -71.6671, ""mile_post"": ""MP 10.7"", ""municipality"": ""Richmond"", ""state_number"": ""44"", ""highway_route"": ""I-95 N"", ""nhs_rest_stop"": ""Weigh Station Not In Operation  Parking Avalible"", ""number_of_spots"": 8}",2019-01-01 00:00:00+00,ntad_parking,44,unknown,59,50,0,{}
136,public_rest_area,L. T. Davis,CA,8,POINT(-120.414800000235 39.8243200002197),ntad_parking,18,2026-07-22 08:31:07.98657+00,2019-01-01 00:00:00+00,68,95,17,100,50,{},"{""state"": ""CA"", ""county"": ""Plumas"", ""OBJECTID"": 136, ""latitude"": 39.82432, ""longitude"": -120.4148, ""mile_post"": ""PM R79.1"", ""municipality"": ""Portola"", ""state_number"": ""06"", ""highway_route"": ""Hwy 70"", ""nhs_rest_stop"": ""L. T. Davis"", ""number_of_spots"": 8}",2019-01-01 00:00:00+00,ntad_parking,44,unknown,59,50,0,{}
1360,public_rest_area,Route 24 Truck Pull-Off,RI,12,POINT(-71.2373999996699 41.6339999999602),ntad_parking,18,2026-07-22 08:31:07.98657+00,2019-01-01 00:00:00+00,68,95,17,100,50,{},"{""state"": ""RI"", ""county"": ""NA"", ""OBJECTID"": 1360, ""latitude"": 41.634, ""longitude"": -71.2374, ""mile_post"": ""MP 2.8"", ""municipality"": ""Portsmouth"", ""state_number"": ""44"", ""highway_route"": ""RI-24 S"", ""nhs_rest_stop"": ""Route 24 Truck Pull-Off"", ""number_of_spots"": 12}",2019-01-01 00:00:00+00,ntad_parking,44,unknown,59,50,0,{}
1361,public_rest_area,Route 24 Truck Pull-Off,RI,24,POINT(-71.1931000000485 41.6420999999948),ntad_parking,18,2026-07-22 08:31:07.98657+00,2019-01-01 00:00:00+00,68,95,17,100,50,{},"{""state"": ""RI"", ""county"": ""NA"", ""OBJECTID"": 1361, ""latitude"": 41.6421, ""longitude"": -71.1931, ""mile_post"": ""MP 5.0"", ""municipality"": ""Tiverton"", ""state_number"": ""44"", ""highway_route"": ""RI-24 N"", ""nhs_rest_stop"": ""Route 24 Truck Pull-Off"", ""number_of_spots"": 24}",2019-01-01 00:00:00+00,ntad_parking,44,unknown,59,50,0,{}
1362,public_rest_area,BlackStone River Visitors Center,RI,13,POINT(-71.4459000002951 41.9400999998953),ntad_parking,18,2026-07-22 08:31:07.98657+00,2019-01-01 00:00:00+00,68,95,17,100,50,{},"{""state"": ""RI"", ""county"": ""NA"", ""OBJECTID"": 1362, ""latitude"": 41.9401, ""longitude"": -71.4459, ""mile_post"": ""MP 19.7"", ""municipality"": ""Lincoln"", ""state_number"": ""44"", ""highway_route"": ""I-295 N"", ""nhs_rest_stop"": ""BlackStone River Visitors Center"", ""number_of_spots"": 13}",2019-01-01 00:00:00+00,ntad_parking,44,unknown,59,50,0,{}
1363,public_rest_area,Route  146 Truck Pull-Off,RI,12,POINT(-71.5166000003034 41.9719000002038),ntad_parking,18,2026-07-22 08:31:07.98657+00,2019-01-01 00:00:00+00,68,95,17,100,50,{},"{""state"": ""RI"", ""county"": ""NA"", ""OBJECTID"": 1363, ""latitude"": 41.9719, ""longitude"": -71.5166, ""mile_post"": ""MP 11.4"", ""municipality"": ""North Smithfield"", ""state_number"": ""44"", ""highway_route"": ""RI-146 S"", ""nhs_rest_stop"": ""Route  146 Truck Pull-Off"", ""number_of_spots"": 12}",2019-01-01 00:00:00+00,ntad_parking,44,unknown,59,50,0,{}
1364,public_rest_area,Route 146 Truck Pull-Off,RI,12,POINT(-71.5667999999636 42.0065000002612),ntad_parking,18,2026-07-22 08:31:07.98657+00,2019-01-01 00:00:00+00,68,95,17,100,50,{},"{""state"": ""RI"", ""county"": ""NA"", ""OBJECTID"": 1364, ""latitude"": 42.0065, ""longitude"": -71.5668, ""mile_post"": ""MP 14.8"", ""municipality"": ""North Smithfield"", ""state_number"": ""44"", ""highway_route"": ""RI-146 N"", ""nhs_rest_stop"": ""Route 146 Truck Pull-Off"", ""number_of_spots"": 12}",2019-01-01 00:00:00+00,ntad_parking,44,unknown,59,50,0,{}
1365,public_rest_area,Hardeeville Welcome Center,SC,36,POINT(-81.086826799835 32.2665247996783),ntad_parking,18,2026-07-22 08:31:07.98657+00,2019-01-01 00:00:00+00,68,95,17,100,50,{},"{""state"": ""SC"", ""county"": ""JASPER"", ""OBJECTID"": 1365, ""latitude"": 32.2665248, ""longitude"": -81.0868268, ""mile_post"": ""4.3"", ""municipality"": ""Hardeeville"", ""state_number"": ""45"", ""highway_route"": ""I-95N"", ""nhs_rest_stop"": ""Hardeeville Welcome Center"", ""number_of_spots"": 36}",2019-01-01 00:00:00+00,ntad_parking,44,unknown,59,50,0,{}
1366,public_rest_area,JASPER TRUCK PARKING AREA,SC,28,POINT(-81.0025760003284 32.429892899696),ntad_parking,18,2026-07-22 08:31:07.98657+00,2019-01-01 00:00:00+00,68,95,17,100,50,{},"{""state"": ""SC"", ""county"": ""JASPER"", ""OBJECTID"": 1366, ""latitude"": 32.4298929, ""longitude"": -81.002576, ""mile_post"": ""18"", ""municipality"": ""RIDGEVILLE"", ""state_number"": ""45"", ""highway_route"": ""I-95N"", ""nhs_rest_stop"": ""JASPER TRUCK PARKING AREA"", ""number_of_spots"": 28}",2019-01-01 00:00:00+00,ntad_parking,44,unknown,59,50,0,{}
1367,public_rest_area,JASPER TRUCK PARKING AREA,SC,28,POINT(-81.0023726001885 32.4307237996648),ntad_parking,18,2026-07-22 08:31:07.98657+00,2019-01-01 00:00:00+00,68,95,17,100,50,{},"{""state"": ""SC"", ""county"": ""JASPER"", ""OBJECTID"": 1367, ""latitude"": 32.4307238, ""longitude"": -81.0023726, ""mile_post"": ""18"", ""municipality"": ""RIDGEVILLE"", ""state_number"": ""45"", ""highway_route"": ""I-95S"", ""nhs_rest_stop"": ""JASPER TRUCK PARKING AREA"", ""number_of_spots"": 28}",2019-01-01 00:00:00+00,ntad_parking,44,unknown,59,50,0,{}
1368,public_rest_area,COLLETON REST AREA,SC,57,POINT(-80.7738252998128 32.7997398003384),ntad_parking,18,2026-07-22 08:31:07.98657+00,2019-01-01 00:00:00+00,68,95,17,100,50,{},"{""state"": ""SC"", ""county"": ""COLLETON"", ""OBJECTID"": 1368, ""latitude"": 32.7997398, ""longitude"": -80.7738253, ""mile_post"": ""47"", ""municipality"": ""Hendersonville"", ""state_number"": ""45"", ""highway_route"": ""I-95S"", ""nhs_rest_stop"": ""COLLETON REST AREA"", ""number_of_spots"": 57}",2019-01-01 00:00:00+00,ntad_parking,44,unknown,59,50,0,{}
1369,public_rest_area,COLLETON REST AREA,SC,57,POINT(-80.7708768996929 32.8011675999699),ntad_parking,18,2026-07-22 08:31:07.98657+00,2019-01-01 00:00:00+00,68,95,17,100,50,{},"{""state"": ""SC"", ""county"": ""COLLETON"", ""OBJECTID"": 1369, ""latitude"": 32.8011676, ""longitude"": -80.7708769, ""mile_post"": ""47"", ""municipality"": ""Hendersonville"", ""state_number"": ""45"", ""highway_route"": ""I-95N"", ""nhs_rest_stop"": ""COLLETON REST AREA"", ""number_of_spots"": 57}",2019-01-01 00:00:00+00,ntad_parking,44,unknown,59,50,0,{}
137,public_rest_area,Empire Camp,CA,5,POINT(-123.595780000023 39.8266699998088),ntad_parking,18,2026-07-22 08:31:07.98657+00,2019-01-01 00:00:00+00,68,95,17,100,50,{},"{""state"": ""CA"", ""county"": ""Mendocino"", ""OBJECTID"": 137, ""latitude"": 39.82667, ""longitude"": -123.59578, ""mile_post"": ""PM 82.5"", ""municipality"": ""Cummings"", ""state_number"": ""06"", ""highway_route"": ""US101"", ""nhs_rest_stop"": ""Empire Camp"", ""number_of_spots"": 5}",2019-01-01 00:00:00+00,ntad_parking,44,unknown,59,50,0,{}
1370,public_rest_area,CHARLESTON REST AREA,SC,17,POINT(-80.0857726995522 32.9894305997078),ntad_parking,18,2026-07-22 08:31:07.98657+00,2019-01-01 00:00:00+00,68,95,17,100,50,{},"{""state"": ""SC"", ""county"": ""CHARLESTON"", ""OBJECTID"": 1370, ""latitude"": 32.9894306, ""longitude"": -80.0857727, ""mile_post"": ""204"", ""municipality"": ""Ladson"", ""state_number"": ""45"", ""highway_route"": ""I-26E"", ""nhs_rest_stop"": ""CHARLESTON REST AREA"", ""number_of_spots"": 17}",2019-01-01 00:00:00+00,ntad_parking,44,unknown,59,50,0,{}
1371,public_rest_area,DORCHESTER TRUCK PARKING AREA,SC,25,POINT(-80.6222762001917 33.1600568999883),ntad_parking,18,2026-07-22 08:31:07.98657+00,2019-01-01 00:00:00+00,68,95,17,100,50,{},"{""state"": ""SC"", ""county"": ""DORCHESTER"", ""OBJECTID"": 1371, ""latitude"": 33.1600569, ""longitude"": -80.6222762, ""mile_post"": ""73"", ""municipality"": ""ST GEORGE"", ""state_number"": ""45"", ""highway_route"": ""I-95S"", ""nhs_rest_stop"": ""DORCHESTER TRUCK PARKING AREA"", ""number_of_spots"": 25}",2019-01-01 00:00:00+00,ntad_parking,44,unknown,59,50,0,{}
1372,public_rest_area,ORANGEBURG REST AREA,SC,46,POINT(-80.7562540004288 33.4808169996419),ntad_parking,18,2026-07-22 08:31:07.98657+00,2019-01-01 00:00:00+00,68,95,17,100,50,{},"{""state"": ""SC"", ""county"": ""ORANGEBURG"", ""OBJECTID"": 1372, ""latitude"": 33.480817, ""longitude"": -80.756254, ""mile_post"": ""152"", ""municipality"": ""Fersners"", ""state_number"": ""45"", ""highway_route"": ""I-26W"", ""nhs_rest_stop"": ""ORANGEBURG REST AREA"", ""number_of_spots"": 46}",2019-01-01 00:00:00+00,ntad_parking,44,unknown,59,50,0,{}
1373,public_rest_area,ORANGEBURG REST AREA,SC,18,POINT(-80.4636529000475 33.4961813998061),ntad_parking,18,2026-07-22 08:31:07.98657+00,2019-01-01 00:00:00+00,68,95,17,100,50,{},"{""state"": ""SC"", ""county"": ""ORANGEBURG"", ""OBJECTID"": 1373, ""latitude"": 33.4961814, ""longitude"": -80.4636529, ""mile_post"": ""99"", ""municipality"": ""Santee"", ""state_number"": ""45"", ""highway_route"": ""I-95N"", ""nhs_rest_stop"": ""ORANGEBURG REST AREA"", ""number_of_spots"": 18}",2019-01-01 00:00:00+00,ntad_parking,44,unknown,59,50,0,{}
1374,public_rest_area,SANTEE WELCOME CENTER,SC,18,POINT(-80.4640600003646 33.4962430003677),ntad_parking,18,2026-07-22 08:31:07.98657+00,2019-01-01 00:00:00+00,68,95,17,100,50,{},"{""state"": ""SC"", ""county"": ""ORANGEBURG"", ""OBJECTID"": 1374, ""latitude"": 33.496243, ""longitude"": -80.46406, ""mile_post"": ""99"", ""municipality"": ""Santee"", ""state_number"": ""45"", ""highway_route"": ""I-95S"", ""nhs_rest_stop"": ""SANTEE WELCOME CENTER"", ""number_of_spots"": 18}",2019-01-01 00:00:00+00,ntad_parking,44,unknown,59,50,0,{}
1375,public_rest_area,ORANGEBURG REST AREA,SC,20,POINT(-80.7709359998555 33.5013539997613),ntad_parking,18,2026-07-22 08:31:07.98657+00,2019-01-01 00:00:00+00,68,95,17,100,50,{},"{""state"": ""SC"", ""county"": ""ORANGEBURG"", ""OBJECTID"": 1375, ""latitude"": 33.501354, ""longitude"": -80.770936, ""mile_post"": ""150"", ""municipality"": ""Orangeburg"", ""state_number"": ""45"", ""highway_route"": ""I-26E"", ""nhs_rest_stop"": ""ORANGEBURG REST AREA"", ""number_of_spots"": 20}",2019-01-01 00:00:00+00,ntad_parking,44,unknown,59,50,0,{}
1376,public_rest_area,North Augusta Welcome Center,SC,22,POINT(-82.0039007998372 33.5354995999405),ntad_parking,18,2026-07-22 08:31:07.98657+00,2019-01-01 00:00:00+00,68,95,17,100,50,{},"{""state"": ""SC"", ""county"": ""AIKEN"", ""OBJECTID"": 1376, ""latitude"": 33.5354996, ""longitude"": -82.0039008, ""mile_post"": ""0.05"", ""municipality"": ""North Augusta"", ""state_number"": ""45"", ""highway_route"": ""I-20E"", ""nhs_rest_stop"": ""North Augusta Welcome Center"", ""number_of_spots"": 22}",2019-01-01 00:00:00+00,ntad_parking,44,unknown,59,50,0,{}
1377,public_rest_area,AIKEN TRUCK PARKING AREA,SC,7,POINT(-81.7120662004468 33.6517289998352),ntad_parking,18,2026-07-22 08:31:07.98657+00,2019-01-01 00:00:00+00,68,95,17,100,50,{},"{""state"": ""SC"", ""county"": ""AIKEN"", ""OBJECTID"": 1377, ""latitude"": 33.651729, ""longitude"": -81.7120662, ""mile_post"": ""21"", ""municipality"": ""AIKEN"", ""state_number"": ""45"", ""highway_route"": ""I-20W"", ""nhs_rest_stop"": ""AIKEN TRUCK PARKING AREA"", ""number_of_spots"": 7}",2019-01-01 00:00:00+00,ntad_parking,44,unknown,59,50,0,{}
1378,public_rest_area,AIKEN TRUCK PARKING AREA,SC,7,POINT(-81.7095050999785 33.6519551003091),ntad_parking,18,2026-07-22 08:31:07.98657+00,2019-01-01 00:00:00+00,68,95,17,100,50,{},"{""state"": ""SC"", ""county"": ""AIKEN"", ""OBJECTID"": 1378, ""latitude"": 33.6519551, ""longitude"": -81.7095051, ""mile_post"": ""21"", ""municipality"": ""AIKEN"", ""state_number"": ""45"", ""highway_route"": ""I-20E"", ""nhs_rest_stop"": ""AIKEN TRUCK PARKING AREA"", ""number_of_spots"": 7}",2019-01-01 00:00:00+00,ntad_parking,44,unknown,59,50,0,{}
1379,public_rest_area,CALHOUN REST AREA,SC,5,POINT(-81.0229440004319 33.839155000228),ntad_parking,18,2026-07-22 08:31:07.98657+00,2019-01-01 00:00:00+00,68,95,17,100,50,{},"{""state"": ""SC"", ""county"": ""CALHOUN"", ""OBJECTID"": 1379, ""latitude"": 33.839155, ""longitude"": -81.022944, ""mile_post"": ""123"", ""municipality"": ""Sandy Run"", ""state_number"": ""45"", ""highway_route"": ""I-26W"", ""nhs_rest_stop"": ""CALHOUN REST AREA"", ""number_of_spots"": 5}",2019-01-01 00:00:00+00,ntad_parking,44,unknown,59,50,0,{}
138,public_rest_area,Lt. John Helmick Northbound,CA,13,POINT(-122.200429999829 39.9502300002951),ntad_parking,18,2026-07-22 08:31:07.98657+00,2019-01-01 00:00:00+00,68,95,17,100,50,{},"{""state"": ""CA"", ""county"": ""Tehama"", ""OBJECTID"": 138, ""latitude"": 39.95023, ""longitude"": -122.20043, ""mile_post"": ""PM 10.5"", ""municipality"": ""Corning"", ""state_number"": ""06"", ""highway_route"": ""I-5 N"", ""nhs_rest_stop"": ""Lt. John Helmick Northbound"", ""number_of_spots"": 13}",2019-01-01 00:00:00+00,ntad_parking,44,unknown,59,50,0,{}
1380,public_rest_area,CALHOUN REST AREA,SC,5,POINT(-81.0241868995776 33.8392429997034),ntad_parking,18,2026-07-22 08:31:07.98657+00,2019-01-01 00:00:00+00,68,95,17,100,50,{},"{""state"": ""SC"", ""county"": ""CALHOUN"", ""OBJECTID"": 1380, ""latitude"": 33.839243, ""longitude"": -81.0241869, ""mile_post"": ""123"", ""municipality"": ""Gaston"", ""state_number"": ""45"", ""highway_route"": ""I-26E"", ""nhs_rest_stop"": ""CALHOUN REST AREA"", ""number_of_spots"": 5}",2019-01-01 00:00:00+00,ntad_parking,44,unknown,59,50,0,{}
1381,public_rest_area,Little River Welcome Center,SC,7,POINT(-78.5996868998317 33.8846895996824),ntad_parking,18,2026-07-22 08:31:07.98657+00,2019-01-01 00:00:00+00,68,95,17,100,50,{},"{""state"": ""SC"", ""county"": ""HORRY"", ""OBJECTID"": 1381, ""latitude"": 33.8846896, ""longitude"": -78.5996869, ""mile_post"": ""35"", ""municipality"": ""Little River"", ""state_number"": ""45"", ""highway_route"": ""US-17S"", ""nhs_rest_stop"": ""Little River Welcome Center"", ""number_of_spots"": 7}",2019-01-01 00:00:00+00,ntad_parking,44,unknown,59,50,0,{}
1382,public_rest_area,SUMTER REST AREA,SC,13,POINT(-80.0566953001055 33.9474786001316),ntad_parking,18,2026-07-22 08:31:07.98657+00,2019-01-01 00:00:00+00,68,95,17,100,50,{},"{""state"": ""SC"", ""county"": ""Sumter"", ""OBJECTID"": 1382, ""latitude"": 33.9474786, ""longitude"": -80.0566953, ""mile_post"": ""139"", ""municipality"": ""South Lynchburg"", ""state_number"": ""45"", ""highway_route"": ""I-95N"", ""nhs_rest_stop"": ""SUMTER REST AREA"", ""number_of_spots"": 13}",2019-01-01 00:00:00+00,ntad_parking,44,unknown,59,50,0,{}
1383,public_rest_area,SUMTER REST AREA,SC,13,POINT(-80.0582777004448 33.9485679001925),ntad_parking,18,2026-07-22 08:31:07.98657+00,2019-01-01 00:00:00+00,68,95,17,100,50,{},"{""state"": ""SC"", ""county"": ""Sumter"", ""OBJECTID"": 1383, ""latitude"": 33.9485679, ""longitude"": -80.0582777, ""mile_post"": ""139"", ""municipality"": ""Lynchburg"", ""state_number"": ""45"", ""highway_route"": ""I-95S"", ""nhs_rest_stop"": ""SUMTER REST AREA"", ""number_of_spots"": 13}",2019-01-01 00:00:00+00,ntad_parking,44,unknown,59,50,0,{}
1384,public_rest_area,KERSHAW REST AREA,SC,42,POINT(-80.6665166999003 34.1993113000743),ntad_parking,18,2026-07-22 08:31:07.98657+00,2019-01-01 00:00:00+00,68,95,17,100,50,{},"{""state"": ""SC"", ""county"": ""KERSHAW"", ""OBJECTID"": 1384, ""latitude"": 34.1993113, ""longitude"": -80.6665167, ""mile_post"": ""93"", ""municipality"": ""Lugoff"", ""state_number"": ""45"", ""highway_route"": ""I-20E"", ""nhs_rest_stop"": ""KERSHAW REST AREA"", ""number_of_spots"": 42}",2019-01-01 00:00:00+00,ntad_parking,44,unknown,59,50,0,{}
1385,public_rest_area,KERSHAW REST AREA,SC,25,POINT(-80.6665166999003 34.1993113000743),ntad_parking,18,2026-07-22 08:31:07.98657+00,2019-01-01 00:00:00+00,68,95,17,100,50,{},"{""state"": ""SC"", ""county"": ""KERSHAW"", ""OBJECTID"": 1385, ""latitude"": 34.1993113, ""longitude"": -80.6665167, ""mile_post"": ""93"", ""municipality"": ""Lugoff"", ""state_number"": ""45"", ""highway_route"": ""I-20W"", ""nhs_rest_stop"": ""KERSHAW REST AREA"", ""number_of_spots"": 25}",2019-01-01 00:00:00+00,ntad_parking,44,unknown,59,50,0,{}
1386,public_rest_area,DARLINGTON TRUCK PARKING AREA,SC,11,POINT(-80.0558514002697 34.2030744999693),ntad_parking,18,2026-07-22 08:31:07.98657+00,2019-01-01 00:00:00+00,68,95,17,100,50,{},"{""state"": ""SC"", ""county"": ""DARLINGTON"", ""OBJECTID"": 1386, ""latitude"": 34.2030745, ""longitude"": -80.0558514, ""mile_post"": ""129"", ""municipality"": ""Lamar"", ""state_number"": ""45"", ""highway_route"": ""I-20E"", ""nhs_rest_stop"": ""DARLINGTON TRUCK PARKING AREA"", ""number_of_spots"": 11}",2019-01-01 00:00:00+00,ntad_parking,44,unknown,59,50,0,{}
1387,public_rest_area,DARLINGTON TRUCK PARKING AREA,SC,11,POINT(-80.0557275001341 34.2042000001374),ntad_parking,18,2026-07-22 08:31:07.98657+00,2019-01-01 00:00:00+00,68,95,17,100,50,{},"{""state"": ""SC"", ""county"": ""DARLINGTON"", ""OBJECTID"": 1387, ""latitude"": 34.2042, ""longitude"": -80.0557275, ""mile_post"": ""129"", ""municipality"": ""Lamar"", ""state_number"": ""45"", ""highway_route"": ""I-20W"", ""nhs_rest_stop"": ""DARLINGTON TRUCK PARKING AREA"", ""number_of_spots"": 11}",2019-01-01 00:00:00+00,ntad_parking,44,unknown,59,50,0,{}
1388,public_rest_area,NEWBERRY REST AREA,SC,45,POINT(-81.7067550002627 34.4132500002909),ntad_parking,18,2026-07-22 08:31:07.98657+00,2019-01-01 00:00:00+00,68,95,17,100,50,{},"{""state"": ""SC"", ""county"": ""NEWBERRY"", ""OBJECTID"": 1388, ""latitude"": 34.41325, ""longitude"": -81.706755, ""mile_post"": ""63"", ""municipality"": ""Kinards"", ""state_number"": ""45"", ""highway_route"": ""I-26E"", ""nhs_rest_stop"": ""NEWBERRY REST AREA"", ""number_of_spots"": 45}",2019-01-01 00:00:00+00,ntad_parking,44,unknown,59,50,0,{}
1389,public_rest_area,NEWBERRY REST AREA,SC,47,POINT(-81.7056329999812 34.4136360000464),ntad_parking,18,2026-07-22 08:31:07.98657+00,2019-01-01 00:00:00+00,68,95,17,100,50,{},"{""state"": ""SC"", ""county"": ""NEWBERRY"", ""OBJECTID"": 1389, ""latitude"": 34.413636, ""longitude"": -81.705633, ""mile_post"": ""63"", ""municipality"": ""Kinards"", ""state_number"": ""45"", ""highway_route"": ""I-26W"", ""nhs_rest_stop"": ""NEWBERRY REST AREA"", ""number_of_spots"": 47}",2019-01-01 00:00:00+00,ntad_parking,44,unknown,59,50,0,{}
139,public_rest_area,Lt. John Helmick Southbound,CA,14,POINT(-122.200429999829 39.9502300002951),ntad_parking,18,2026-07-22 08:31:07.98657+00,2019-01-01 00:00:00+00,68,95,17,100,50,{},"{""state"": ""CA"", ""county"": ""Tehama"", ""OBJECTID"": 139, ""latitude"": 39.95023, ""longitude"": -122.20043, ""mile_post"": ""PM 10.5"", ""municipality"": ""Corning"", ""state_number"": ""06"", ""highway_route"": ""I-5 S"", ""nhs_rest_stop"": ""Lt. John Helmick Southbound"", ""number_of_spots"": 14}",2019-01-01 00:00:00+00,ntad_parking,44,unknown,59,50,0,{}
1390,public_rest_area,DILLON WELCOME CENTER,SC,33,POINT(-79.3504827003192 34.4661379002),ntad_parking,18,2026-07-22 08:31:07.98657+00,2019-01-01 00:00:00+00,68,95,17,100,50,{},"{""state"": ""SC"", ""county"": ""DILLON"", ""OBJECTID"": 1390, ""latitude"": 34.4661379, ""longitude"": -79.3504827, ""mile_post"": ""195"", ""municipality"": ""Hamner"", ""state_number"": ""45"", ""highway_route"": ""I-95S"", ""nhs_rest_stop"": ""DILLON WELCOME CENTER"", ""number_of_spots"": 33}",2019-01-01 00:00:00+00,ntad_parking,44,unknown,59,50,0,{}
1391,public_rest_area,OCONEE WELCOME CENTER,SC,38,POINT(-83.0239069002142 34.4874948998084),ntad_parking,18,2026-07-22 08:31:07.98657+00,2019-01-01 00:00:00+00,68,95,17,100,50,{},"{""state"": ""SC"", ""county"": ""OCONEE"", ""OBJECTID"": 1391, ""latitude"": 34.4874949, ""longitude"": -83.0239069, ""mile_post"": ""0"", ""municipality"": ""FAIR PLAY"", ""state_number"": ""45"", ""highway_route"": ""I-85N"", ""nhs_rest_stop"": ""OCONEE WELCOME CENTER"", ""number_of_spots"": 38}",2019-01-01 00:00:00+00,ntad_parking,44,unknown,59,50,0,{}
1392,public_rest_area,LAURENS REST AREA,SC,20,POINT(-81.9686940002726 34.542983999818),ntad_parking,18,2026-07-22 08:31:07.98657+00,2019-01-01 00:00:00+00,68,95,17,100,50,{},"{""state"": ""SC"", ""county"": ""LAURENS"", ""OBJECTID"": 1392, ""latitude"": 34.542984, ""longitude"": -81.968694, ""mile_post"": ""6"", ""municipality"": ""Laurens"", ""state_number"": ""45"", ""highway_route"": ""I-385N&S"", ""nhs_rest_stop"": ""LAURENS REST AREA"", ""number_of_spots"": 20}",2019-01-01 00:00:00+00,ntad_parking,44,unknown,59,50,0,{}
1393,public_rest_area,ANDERSON REST AREA,SC,23,POINT(-82.7410769997571 34.5662459999061),ntad_parking,18,2026-07-22 08:31:07.98657+00,2019-01-01 00:00:00+00,68,95,17,100,50,{},"{""state"": ""SC"", ""county"": ""ANDERSON"", ""OBJECTID"": 1393, ""latitude"": 34.566246, ""longitude"": -82.741077, ""mile_post"": ""18"", ""municipality"": ""Anderson"", ""state_number"": ""45"", ""highway_route"": ""I-85N"", ""nhs_rest_stop"": ""ANDERSON REST AREA"", ""number_of_spots"": 23}",2019-01-01 00:00:00+00,ntad_parking,44,unknown,59,50,0,{}
1394,public_rest_area,ANDERSON REST AREA,SC,28,POINT(-82.6554286004332 34.6003945003398),ntad_parking,18,2026-07-22 08:31:07.98657+00,2019-01-01 00:00:00+00,68,95,17,100,50,{},"{""state"": ""SC"", ""county"": ""ANDERSON"", ""OBJECTID"": 1394, ""latitude"": 34.6003945, ""longitude"": -82.6554286, ""mile_post"": ""22"", ""municipality"": ""Anderson"", ""state_number"": ""45"", ""highway_route"": ""I-85S"", ""nhs_rest_stop"": ""ANDERSON REST AREA"", ""number_of_spots"": 28}",2019-01-01 00:00:00+00,ntad_parking,44,unknown,59,50,0,{}
1395,public_rest_area,CHESTER REST AREA,SC,14,POINT(-81.0352690002161 34.7634979997023),ntad_parking,18,2026-07-22 08:31:07.98657+00,2019-01-01 00:00:00+00,68,95,17,100,50,{},"{""state"": ""SC"", ""county"": ""CHESTER"", ""OBJECTID"": 1395, ""latitude"": 34.763498, ""longitude"": -81.035269, ""mile_post"": ""66"", ""municipality"": ""Richburg"", ""state_number"": ""45"", ""highway_route"": ""I-77N"", ""nhs_rest_stop"": ""CHESTER REST AREA"", ""number_of_spots"": 14}",2019-01-01 00:00:00+00,ntad_parking,44,unknown,59,50,0,{}
1396,public_rest_area,CHESTER REST AREA,SC,14,POINT(-81.0352690002161 34.7634979997023),ntad_parking,18,2026-07-22 08:31:07.98657+00,2019-01-01 00:00:00+00,68,95,17,100,50,{},"{""state"": ""SC"", ""county"": ""CHESTER"", ""OBJECTID"": 1396, ""latitude"": 34.763498, ""longitude"": -81.035269, ""mile_post"": ""66"", ""municipality"": ""Richburg"", ""state_number"": ""45"", ""highway_route"": ""I-77S"", ""nhs_rest_stop"": ""CHESTER REST AREA"", ""number_of_spots"": 14}",2019-01-01 00:00:00+00,ntad_parking,44,unknown,59,50,0,{}
1397,public_rest_area,Fort Mill Welcome Center,SC,16,POINT(-80.9434477995695 35.0805589997063),ntad_parking,18,2026-07-22 08:31:07.98657+00,2019-01-01 00:00:00+00,68,95,17,100,50,{},"{""state"": ""SC"", ""county"": ""YORK"", ""OBJECTID"": 1397, ""latitude"": 35.080559, ""longitude"": -80.9434478, ""mile_post"": ""89"", ""municipality"": ""Fort Mill"", ""state_number"": ""45"", ""highway_route"": ""I-77S"", ""nhs_rest_stop"": ""Fort Mill Welcome Center"", ""number_of_spots"": 16}",2019-01-01 00:00:00+00,ntad_parking,44,unknown,59,50,0,{}
1398,public_rest_area,BLACKSBURG WELCOME CENTER,SC,24,POINT(-81.496352499918 35.1490079003067),ntad_parking,18,2026-07-22 08:31:07.98657+00,2019-01-01 00:00:00+00,68,95,17,100,50,{},"{""state"": ""SC"", ""county"": ""CHEROKEE"", ""OBJECTID"": 1398, ""latitude"": 35.1490079, ""longitude"": -81.4963525, ""mile_post"": ""103.3"", ""municipality"": ""Blacksburg"", ""state_number"": ""45"", ""highway_route"": ""I-85S"", ""nhs_rest_stop"": ""BLACKSBURG WELCOME CENTER"", ""number_of_spots"": 24}",2019-01-01 00:00:00+00,ntad_parking,44,unknown,59,50,0,{}
1399,public_rest_area,Landrum Welcome Center,SC,22,POINT(-82.1328168997738 35.1656285998906),ntad_parking,18,2026-07-22 08:31:07.98657+00,2019-01-01 00:00:00+00,68,95,17,100,50,{},"{""state"": ""SC"", ""county"": ""SPARTANBURG"", ""OBJECTID"": 1399, ""latitude"": 35.1656286, ""longitude"": -82.1328169, ""mile_post"": ""3"", ""municipality"": ""LANDRUM"", ""state_number"": ""45"", ""highway_route"": ""I-26E"", ""nhs_rest_stop"": ""Landrum Welcome Center"", ""number_of_spots"": 22}",2019-01-01 00:00:00+00,ntad_parking,44,unknown,59,50,0,{}
14,public_rest_area,Chilton County Rest Area/Maplesville Rest Area,AL,4,POINT(-86.8871290002742 32.7786470001422),ntad_parking,18,2026-07-22 08:31:07.98657+00,2019-01-01 00:00:00+00,68,95,17,100,50,{},"{""state"": ""AL"", ""county"": ""Chilton"", ""OBJECTID"": 14, ""latitude"": 32.778647, ""longitude"": -86.887129, ""mile_post"": ""105.331"", ""municipality"": ""Maplesville"", ""state_number"": ""01"", ""highway_route"": ""US-82 WB/ EB"", ""nhs_rest_stop"": ""Chilton County Rest Area/Maplesville Rest Area"", ""number_of_spots"": 4}",2019-01-01 00:00:00+00,ntad_parking,44,unknown,59,50,0,{}
140,public_rest_area,Honey Lake,CA,13,POINT(-120.464521000219 40.2566250001859),ntad_parking,18,2026-07-22 08:31:07.98657+00,2019-01-01 00:00:00+00,68,95,17,100,50,{},"{""state"": ""CA"", ""county"": ""Lassen"", ""OBJECTID"": 140, ""latitude"": 40.256625, ""longitude"": -120.464521, ""mile_post"": ""PM 49.6"", ""municipality"": ""Buntingville"", ""state_number"": ""06"", ""highway_route"": ""US 395 S"", ""nhs_rest_stop"": ""Honey Lake"", ""number_of_spots"": 13}",2019-01-01 00:00:00+00,ntad_parking,44,unknown,59,50,0,{}
1400,public_rest_area,NHS Rest Stop or Truck Facility 15,SD,21,POINT(-96.4625180000271 43.6073759997245),ntad_parking,18,2026-07-22 08:31:07.98657+00,2019-01-01 00:00:00+00,68,95,17,100,50,{},"{""state"": ""SD"", ""county"": ""Minnehaha"", ""OBJECTID"": 1400, ""latitude"": 43.607376, ""longitude"": -96.462518, ""mile_post"": ""412"", ""municipality"": ""Valley Springs"", ""state_number"": ""46"", ""highway_route"": ""I-90E"", ""nhs_rest_stop"": ""NHS Rest Stop or Truck Facility 15"", ""number_of_spots"": 21}",2019-01-01 00:00:00+00,ntad_parking,44,unknown,59,50,0,{}
1401,public_rest_area,Beavercreek Travel Information Center,MN,22,POINT(-96.4620860002069 43.6074639997028),ntad_parking,18,2026-07-22 08:31:07.98657+00,2019-01-01 00:00:00+00,68,95,17,100,50,{},"{""state"": ""MN"", ""county"": ""Minnehaha"", ""OBJECTID"": 1401, ""latitude"": 43.607464, ""longitude"": -96.462086, ""mile_post"": ""412"", ""municipality"": ""Valley Springs, SD"", ""state_number"": ""27"", ""highway_route"": ""I-90E"", ""nhs_rest_stop"": ""Beavercreek Travel Information Center"", ""number_of_spots"": 22}",2019-01-01 00:00:00+00,ntad_parking,44,unknown,59,50,0,{}
1402,public_rest_area,NHS Rest Stop or Truck Facility 14,SD,16,POINT(-97.4220039996383 43.6658689999252),ntad_parking,18,2026-07-22 08:31:07.98657+00,2019-01-01 00:00:00+00,68,95,17,100,50,{},"{""state"": ""SD"", ""county"": ""McCook"", ""OBJECTID"": 1402, ""latitude"": 43.665869, ""longitude"": -97.422004, ""mile_post"": ""362"", ""municipality"": ""Salem"", ""state_number"": ""46"", ""highway_route"": ""I-90E"", ""nhs_rest_stop"": ""NHS Rest Stop or Truck Facility 14"", ""number_of_spots"": 16}",2019-01-01 00:00:00+00,ntad_parking,44,unknown,59,50,0,{}
1403,public_rest_area,NHS Rest Stop or Truck Facility 22,SD,16,POINT(-97.4152409997842 43.6671100003149),ntad_parking,18,2026-07-22 08:31:07.98657+00,2019-01-01 00:00:00+00,68,95,17,100,50,{},"{""state"": ""SD"", ""county"": ""McCook"", ""OBJECTID"": 1403, ""latitude"": 43.66711, ""longitude"": -97.415241, ""mile_post"": ""362"", ""municipality"": ""Salem"", ""state_number"": ""46"", ""highway_route"": ""I-90W"", ""nhs_rest_stop"": ""NHS Rest Stop or Truck Facility 22"", ""number_of_spots"": 16}",2019-01-01 00:00:00+00,ntad_parking,44,unknown,59,50,0,{}
1404,public_rest_area,NHS Rest Stop or Truck Facility 13,SD,9,POINT(-98.6263440001596 43.70813499998),ntad_parking,18,2026-07-22 08:31:07.98657+00,2019-01-01 00:00:00+00,68,95,17,100,50,{},"{""state"": ""SD"", ""county"": ""Aurora"", ""OBJECTID"": 1404, ""latitude"": 43.708135, ""longitude"": -98.626344, ""mile_post"": ""300"", ""municipality"": ""White Lake"", ""state_number"": ""46"", ""highway_route"": ""I-90E"", ""nhs_rest_stop"": ""NHS Rest Stop or Truck Facility 13"", ""number_of_spots"": 9}",2019-01-01 00:00:00+00,ntad_parking,44,unknown,59,50,0,{}
1405,public_rest_area,NHS Rest Stop or Truck Facility 21,SD,9,POINT(-98.616303000223 43.7087949998431),ntad_parking,18,2026-07-22 08:31:07.98657+00,2019-01-01 00:00:00+00,68,95,17,100,50,{},"{""state"": ""SD"", ""county"": ""Aurora"", ""OBJECTID"": 1405, ""latitude"": 43.708795, ""longitude"": -98.616303, ""mile_post"": ""301"", ""municipality"": ""White Lake"", ""state_number"": ""46"", ""highway_route"": ""I-90W"", ""nhs_rest_stop"": ""NHS Rest Stop or Truck Facility 21"", ""number_of_spots"": 9}",2019-01-01 00:00:00+00,ntad_parking,44,unknown,59,50,0,{}
1406,public_rest_area,NHS Rest Stop or Truck Facility 12,SD,16,POINT(-99.3392790004408 43.7860670002939),ntad_parking,18,2026-07-22 08:31:07.98657+00,2019-01-01 00:00:00+00,68,95,17,100,50,{},"{""state"": ""SD"", ""county"": ""Brule"", ""OBJECTID"": 1406, ""latitude"": 43.786067, ""longitude"": -99.339279, ""mile_post"": ""264"", ""municipality"": ""Chamberlain"", ""state_number"": ""46"", ""highway_route"": ""I-90E"", ""nhs_rest_stop"": ""NHS Rest Stop or Truck Facility 12"", ""number_of_spots"": 16}",2019-01-01 00:00:00+00,ntad_parking,44,unknown,59,50,0,{}
1407,public_rest_area,NHS Rest Stop or Truck Facility 10,SD,12,POINT(-101.231945999711 43.8425530001156),ntad_parking,18,2026-07-22 08:31:07.98657+00,2019-01-01 00:00:00+00,68,95,17,100,50,{},"{""state"": ""SD"", ""county"": ""Jackson"", ""OBJECTID"": 1407, ""latitude"": 43.842553, ""longitude"": -101.231946, ""mile_post"": ""165"", ""municipality"": ""Belvidere"", ""state_number"": ""46"", ""highway_route"": ""I-90E"", ""nhs_rest_stop"": ""NHS Rest Stop or Truck Facility 10"", ""number_of_spots"": 12}",2019-01-01 00:00:00+00,ntad_parking,44,unknown,59,50,0,{}
1408,public_rest_area,NHS Rest Stop or Truck Facility 19,SD,12,POINT(-101.204326999857 43.8537630003128),ntad_parking,18,2026-07-22 08:31:07.98657+00,2019-01-01 00:00:00+00,68,95,17,100,50,{},"{""state"": ""SD"", ""county"": ""Jackson"", ""OBJECTID"": 1408, ""latitude"": 43.853763, ""longitude"": -101.204327, ""mile_post"": ""166"", ""municipality"": ""Belvidere"", ""state_number"": ""46"", ""highway_route"": ""I-90W"", ""nhs_rest_stop"": ""NHS Rest Stop or Truck Facility 19"", ""number_of_spots"": 12}",2019-01-01 00:00:00+00,ntad_parking,44,unknown,59,50,0,{}
1409,public_rest_area,NHS Rest Stop or Truck Facility 20,SD,13,POINT(-100.147708000238 43.8991520003018),ntad_parking,18,2026-07-22 08:31:07.98657+00,2019-01-01 00:00:00+00,68,95,17,100,50,{},"{""state"": ""SD"", ""county"": ""Lyman"", ""OBJECTID"": 1409, ""latitude"": 43.899152, ""longitude"": -100.147708, ""mile_post"": ""221"", ""municipality"": ""Presho"", ""state_number"": ""46"", ""highway_route"": ""I-90W"", ""nhs_rest_stop"": ""NHS Rest Stop or Truck Facility 20"", ""number_of_spots"": 13}",2019-01-01 00:00:00+00,ntad_parking,44,unknown,59,50,0,{}
141,public_rest_area,Herbert S. Miles Southbound,CA,25,POINT(-122.270513999894 40.2699400000527),ntad_parking,18,2026-07-22 08:31:07.98657+00,2019-01-01 00:00:00+00,68,95,17,100,50,{},"{""state"": ""CA"", ""county"": ""Tehama"", ""OBJECTID"": 141, ""latitude"": 40.26994, ""longitude"": -122.270514, ""mile_post"": ""PM 34.7"", ""municipality"": ""Red Bluff"", ""state_number"": ""06"", ""highway_route"": ""I-5S"", ""nhs_rest_stop"": ""Herbert S. Miles Southbound"", ""number_of_spots"": 25}",2019-01-01 00:00:00+00,ntad_parking,44,unknown,59,50,0,{}
1410,public_rest_area,NHS Rest Stop or Truck Facility 11,SD,16,POINT(-100.200215000211 43.9116049997777),ntad_parking,18,2026-07-22 08:31:07.98657+00,2019-01-01 00:00:00+00,68,95,17,100,50,{},"{""state"": ""SD"", ""county"": ""Lyman"", ""OBJECTID"": 1410, ""latitude"": 43.911605, ""longitude"": -100.200215, ""mile_post"": ""218"", ""municipality"": ""Presho"", ""state_number"": ""46"", ""highway_route"": ""I-90E"", ""nhs_rest_stop"": ""NHS Rest Stop or Truck Facility 11"", ""number_of_spots"": 16}",2019-01-01 00:00:00+00,ntad_parking,44,unknown,59,50,0,{}
1411,public_rest_area,NHS Rest Stop or Truck Facility 9,SD,7,POINT(-102.440247000205 44.0627160002583),ntad_parking,18,2026-07-22 08:31:07.98657+00,2019-01-01 00:00:00+00,68,95,17,100,50,{},"{""state"": ""SD"", ""county"": ""Pennington"", ""OBJECTID"": 1411, ""latitude"": 44.062716, ""longitude"": -102.440247, ""mile_post"": ""98"", ""municipality"": ""Wasta"", ""state_number"": ""46"", ""highway_route"": ""I-90E"", ""nhs_rest_stop"": ""NHS Rest Stop or Truck Facility 9"", ""number_of_spots"": 7}",2019-01-01 00:00:00+00,ntad_parking,44,unknown,59,50,0,{}
1412,public_rest_area,NHS Rest Stop or Truck Facility 17,SD,7,POINT(-102.434842999561 44.0644530002682),ntad_parking,18,2026-07-22 08:31:07.98657+00,2019-01-01 00:00:00+00,68,95,17,100,50,{},"{""state"": ""SD"", ""county"": ""Pennington"", ""OBJECTID"": 1412, ""latitude"": 44.064453, ""longitude"": -102.434843, ""mile_post"": ""99"", ""municipality"": ""Wasta"", ""state_number"": ""46"", ""highway_route"": ""I-90W"", ""nhs_rest_stop"": ""NHS Rest Stop or Truck Facility 17"", ""number_of_spots"": 7}",2019-01-01 00:00:00+00,ntad_parking,44,unknown,59,50,0,{}
1413,public_rest_area,NHS Rest Stop or Truck Facility 4,SD,16,POINT(-96.7563020001779 44.1550150001209),ntad_parking,18,2026-07-22 08:31:07.98657+00,2019-01-01 00:00:00+00,68,95,17,100,50,{},"{""state"": ""SD"", ""county"": ""Moody"", ""OBJECTID"": 1413, ""latitude"": 44.155015, ""longitude"": -96.756302, ""mile_post"": ""121"", ""municipality"": ""Ward"", ""state_number"": ""46"", ""highway_route"": ""I-29N"", ""nhs_rest_stop"": ""NHS Rest Stop or Truck Facility 4"", ""number_of_spots"": 16}",2019-01-01 00:00:00+00,ntad_parking,44,unknown,59,50,0,{}
1414,public_rest_area,NHS Rest Stop or Truck Facility 16,SD,9,POINT(-103.42317099959 44.2824320001453),ntad_parking,18,2026-07-22 08:31:07.98657+00,2019-01-01 00:00:00+00,68,95,17,100,50,{},"{""state"": ""SD"", ""county"": ""Meade"", ""OBJECTID"": 1414, ""latitude"": 44.282432, ""longitude"": -103.423171, ""mile_post"": ""41"", ""municipality"": ""Tilford"", ""state_number"": ""46"", ""highway_route"": ""I-90W"", ""nhs_rest_stop"": ""NHS Rest Stop or Truck Facility 16"", ""number_of_spots"": 9}",2019-01-01 00:00:00+00,ntad_parking,44,unknown,59,50,0,{}
1415,public_rest_area,NHS Rest Stop or Truck Facility 8,SD,9,POINT(-103.426000999959 44.28376599978),ntad_parking,18,2026-07-22 08:31:07.98657+00,2019-01-01 00:00:00+00,68,95,17,100,50,{},"{""state"": ""SD"", ""county"": ""Meade"", ""OBJECTID"": 1415, ""latitude"": 44.283766, ""longitude"": -103.426001, ""mile_post"": ""41"", ""municipality"": ""Tilford"", ""state_number"": ""46"", ""highway_route"": ""I-90E"", ""nhs_rest_stop"": ""NHS Rest Stop or Truck Facility 8"", ""number_of_spots"": 9}",2019-01-01 00:00:00+00,ntad_parking,44,unknown,59,50,0,{}
1416,public_rest_area,NHS Rest Stop or Truck Facility 7,SD,25,POINT(-104.034211999825 44.5454939999082),ntad_parking,18,2026-07-22 08:31:07.98657+00,2019-01-01 00:00:00+00,68,95,17,100,50,{},"{""state"": ""SD"", ""county"": ""Lawerence"", ""OBJECTID"": 1416, ""latitude"": 44.545494, ""longitude"": -104.034212, ""mile_post"": ""1"", ""municipality"": ""Spearfish"", ""state_number"": ""46"", ""highway_route"": ""I-90E"", ""nhs_rest_stop"": ""NHS Rest Stop or Truck Facility 7"", ""number_of_spots"": 25}",2019-01-01 00:00:00+00,ntad_parking,44,unknown,59,50,0,{}
1417,public_rest_area,NHS Rest Stop or Truck Facility 6,SD,10,POINT(-96.8635539999393 45.9078020001947),ntad_parking,18,2026-07-22 08:31:07.98657+00,2019-01-01 00:00:00+00,68,95,17,100,50,{},"{""state"": ""SD"", ""county"": ""Roberts"", ""OBJECTID"": 1417, ""latitude"": 45.907802, ""longitude"": -96.863554, ""mile_post"": ""250"", ""municipality"": ""Glacial Lakes"", ""state_number"": ""46"", ""highway_route"": ""I-29S"", ""nhs_rest_stop"": ""NHS Rest Stop or Truck Facility 6"", ""number_of_spots"": 10}",2019-01-01 00:00:00+00,ntad_parking,44,unknown,59,50,0,{}
1418,public_rest_area,"NHS Welcome Center, I-24",TN,16,POINT(-85.3992160003164 34.9932490002056),ntad_parking,18,2026-07-22 08:31:07.98657+00,2019-01-01 00:00:00+00,68,95,17,100,50,{},"{""state"": ""TN"", ""county"": ""Hamilton"", ""OBJECTID"": 1418, ""latitude"": 34.993249, ""longitude"": -85.399216, ""mile_post"": ""171"", ""municipality"": ""NA"", ""state_number"": ""47"", ""highway_route"": ""I-24 EB"", ""nhs_rest_stop"": ""NHS Welcome Center, I-24"", ""number_of_spots"": 16}",2019-01-01 00:00:00+00,ntad_parking,44,unknown,59,50,0,{}
1419,public_rest_area,"NHS Welcome Center, I-75, Chattannoga",TN,13,POINT(-85.206749999553 34.996151999782),ntad_parking,18,2026-07-22 08:31:07.98657+00,2019-01-01 00:00:00+00,68,95,17,100,50,{},"{""state"": ""TN"", ""county"": ""Hamilton"", ""OBJECTID"": 1419, ""latitude"": 34.996152, ""longitude"": -85.20675, ""mile_post"": ""0.7"", ""municipality"": ""Chattanooga"", ""state_number"": ""47"", ""highway_route"": ""I-75N"", ""nhs_rest_stop"": ""NHS Welcome Center, I-75, Chattannoga"", ""number_of_spots"": 13}",2019-01-01 00:00:00+00,ntad_parking,44,unknown,59,50,0,{}
142,public_rest_area,Herbert S. Miles Northbound,CA,12,POINT(-122.270780000033 40.2743600001503),ntad_parking,18,2026-07-22 08:31:07.98657+00,2019-01-01 00:00:00+00,68,95,17,100,50,{},"{""state"": ""CA"", ""county"": ""Tehama"", ""OBJECTID"": 142, ""latitude"": 40.27436, ""longitude"": -122.27078, ""mile_post"": ""PM 35.0"", ""municipality"": ""Red Bluff"", ""state_number"": ""06"", ""highway_route"": ""I-5 N"", ""nhs_rest_stop"": ""Herbert S. Miles Northbound"", ""number_of_spots"": 12}",2019-01-01 00:00:00+00,ntad_parking,44,unknown,59,50,0,{}
1420,public_rest_area,"NHS Welcome Center, I-24",TN,14,POINT(-85.5574900004438 35.0268399998676),ntad_parking,18,2026-07-22 08:31:07.98657+00,2019-01-01 00:00:00+00,68,95,17,100,50,{},"{""state"": ""TN"", ""county"": ""Marion"", ""OBJECTID"": 1420, ""latitude"": 35.02684, ""longitude"": -85.55749, ""mile_post"": ""160"", ""municipality"": ""NA"", ""state_number"": ""47"", ""highway_route"": ""I-24W"", ""nhs_rest_stop"": ""NHS Welcome Center, I-24"", ""number_of_spots"": 14}",2019-01-01 00:00:00+00,ntad_parking,44,unknown,59,50,0,{}
1421,public_rest_area,"NHS Welcome Center, I-65",TN,15,POINT(-86.8781129996364 35.0353710000928),ntad_parking,18,2026-07-22 08:31:07.98657+00,2019-01-01 00:00:00+00,68,95,17,100,50,{},"{""state"": ""TN"", ""county"": ""Giles"", ""OBJECTID"": 1421, ""latitude"": 35.035371, ""longitude"": -86.878113, ""mile_post"": ""3"", ""municipality"": ""NA"", ""state_number"": ""47"", ""highway_route"": ""I-65N"", ""nhs_rest_stop"": ""NHS Welcome Center, I-65"", ""number_of_spots"": 15}",2019-01-01 00:00:00+00,ntad_parking,44,unknown,59,50,0,{}
1422,public_rest_area,"NHS Welcome Center, I-55",TN,14,POINT(-90.0041019995881 35.0417340002661),ntad_parking,18,2026-07-22 08:31:07.98657+00,2019-01-01 00:00:00+00,68,95,17,100,50,{},"{""state"": ""TN"", ""county"": ""Shelby"", ""OBJECTID"": 1422, ""latitude"": 35.041734, ""longitude"": -90.004102, ""mile_post"": ""3.1"", ""municipality"": ""NA"", ""state_number"": ""47"", ""highway_route"": ""I-55N"", ""nhs_rest_stop"": ""NHS Welcome Center, I-55"", ""number_of_spots"": 14}",2019-01-01 00:00:00+00,ntad_parking,44,unknown,59,50,0,{}
1423,public_rest_area,"Weigh Scale Complex, No Facilities",TN,38,POINT(-86.8806860000872 35.0655830002815),ntad_parking,18,2026-07-22 08:31:07.98657+00,2019-01-01 00:00:00+00,68,95,17,100,50,{},"{""state"": ""TN"", ""county"": ""GILES"", ""OBJECTID"": 1423, ""latitude"": 35.065583, ""longitude"": -86.880686, ""mile_post"": ""5"", ""municipality"": ""NA"", ""state_number"": ""47"", ""highway_route"": ""I65 NB"", ""nhs_rest_stop"": ""Weigh Scale Complex, No Facilities"", ""number_of_spots"": 38}",2019-01-01 00:00:00+00,ntad_parking,44,unknown,59,50,0,{}
1424,public_rest_area,"NHS Parking Area, No Facilities",TN,5,POINT(-85.0547679999998 35.0999619999447),ntad_parking,18,2026-07-22 08:31:07.98657+00,2019-01-01 00:00:00+00,68,95,17,100,50,{},"{""state"": ""TN"", ""county"": ""Hamilton/Bradley"", ""OBJECTID"": 1424, ""latitude"": 35.099962, ""longitude"": -85.054768, ""mile_post"": ""12.5"", ""municipality"": ""NA"", ""state_number"": ""47"", ""highway_route"": ""I-75S"", ""nhs_rest_stop"": ""NHS Parking Area, No Facilities"", ""number_of_spots"": 5}",2019-01-01 00:00:00+00,ntad_parking,44,unknown,59,50,0,{}
1425,public_rest_area,"NHS Parking Area, No Facilities",TN,25,POINT(-84.9080350003822 35.1828979996611),ntad_parking,18,2026-07-22 08:31:07.98657+00,2019-01-01 00:00:00+00,68,95,17,100,50,{},"{""state"": ""TN"", ""county"": ""Bradley"", ""OBJECTID"": 1425, ""latitude"": 35.182898, ""longitude"": -84.908035, ""mile_post"": ""23.5"", ""municipality"": ""NA"", ""state_number"": ""47"", ""highway_route"": ""I-75N"", ""nhs_rest_stop"": ""NHS Parking Area, No Facilities"", ""number_of_spots"": 25}",2019-01-01 00:00:00+00,ntad_parking,44,unknown,59,50,0,{}
1426,public_rest_area,"NHS Parking Area, No Facilities",TN,36,POINT(-85.8209719997863 35.2188229997832),ntad_parking,18,2026-07-22 08:31:07.98657+00,2019-01-01 00:00:00+00,68,95,17,100,50,{},"{""state"": ""TN"", ""county"": ""Marion"", ""OBJECTID"": 1426, ""latitude"": 35.218823, ""longitude"": -85.820972, ""mile_post"": ""136.2"", ""municipality"": ""NA"", ""state_number"": ""47"", ""highway_route"": ""I24 EB"", ""nhs_rest_stop"": ""NHS Parking Area, No Facilities"", ""number_of_spots"": 36}",2019-01-01 00:00:00+00,ntad_parking,44,unknown,59,50,0,{}
1427,public_rest_area,NHS Rest Stop or Truck Facility 1,TN,20,POINT(-85.858384999705 35.242965000209),ntad_parking,18,2026-07-22 08:31:07.98657+00,2019-01-01 00:00:00+00,68,95,17,100,50,{},"{""state"": ""TN"", ""county"": ""Grundy"", ""OBJECTID"": 1427, ""latitude"": 35.242965, ""longitude"": -85.858385, ""mile_post"": ""133"", ""municipality"": ""Monteagle"", ""state_number"": ""47"", ""highway_route"": ""I-24E"", ""nhs_rest_stop"": ""NHS Rest Stop or Truck Facility 1"", ""number_of_spots"": 20}",2019-01-01 00:00:00+00,ntad_parking,44,unknown,59,50,0,{}
1428,public_rest_area,NHS Rest Stop or Truck Facility 2,TN,16,POINT(-85.858384999705 35.242965000209),ntad_parking,18,2026-07-22 08:31:07.98657+00,2019-01-01 00:00:00+00,68,95,17,100,50,{},"{""state"": ""TN"", ""county"": ""Grundy"", ""OBJECTID"": 1428, ""latitude"": 35.242965, ""longitude"": -85.858385, ""mile_post"": ""133"", ""municipality"": ""Monteagle"", ""state_number"": ""47"", ""highway_route"": ""I-24W"", ""nhs_rest_stop"": ""NHS Rest Stop or Truck Facility 2"", ""number_of_spots"": 16}",2019-01-01 00:00:00+00,ntad_parking,44,unknown,59,50,0,{}
1429,public_rest_area,"NHS Parking Area, No Facilities",TN,12,POINT(-86.8808829997307 35.3292689996638),ntad_parking,18,2026-07-22 08:31:07.98657+00,2019-01-01 00:00:00+00,68,95,17,100,50,{},"{""state"": ""TN"", ""county"": ""Marshall"", ""OBJECTID"": 1429, ""latitude"": 35.329269, ""longitude"": -86.880883, ""mile_post"": ""23"", ""municipality"": ""NA"", ""state_number"": ""47"", ""highway_route"": ""I-65N"", ""nhs_rest_stop"": ""NHS Parking Area, No Facilities"", ""number_of_spots"": 12}",2019-01-01 00:00:00+00,ntad_parking,44,unknown,59,50,0,{}
143,public_rest_area,Lake Almanor,CA,5,POINT(-121.162739000015 40.3028080003113),ntad_parking,18,2026-07-22 08:31:07.98657+00,2019-01-01 00:00:00+00,68,95,17,100,50,{},"{""state"": ""CA"", ""county"": ""Plumas"", ""OBJECTID"": 143, ""latitude"": 40.302808, ""longitude"": -121.162739, ""mile_post"": ""PM 12.8"", ""municipality"": ""Chester"", ""state_number"": ""06"", ""highway_route"": ""Hwy 36"", ""nhs_rest_stop"": ""Lake Almanor"", ""number_of_spots"": 5}",2019-01-01 00:00:00+00,ntad_parking,44,unknown,59,50,0,{}
1430,public_rest_area,"NHS Parking Area, No Facilities",TN,12,POINT(-86.8790559998177 35.3431330000284),ntad_parking,18,2026-07-22 08:31:07.98657+00,2019-01-01 00:00:00+00,68,95,17,100,50,{},"{""state"": ""TN"", ""county"": ""Marshall"", ""OBJECTID"": 1430, ""latitude"": 35.343133, ""longitude"": -86.879056, ""mile_post"": ""24"", ""municipality"": ""NA"", ""state_number"": ""47"", ""highway_route"": ""I-65S"", ""nhs_rest_stop"": ""NHS Parking Area, No Facilities"", ""number_of_spots"": 12}",2019-01-01 00:00:00+00,ntad_parking,44,unknown,59,50,0,{}
1431,public_rest_area,"NHS Parking Area, No Facilities",TN,20,POINT(-85.9902779997122 35.3924999998261),ntad_parking,18,2026-07-22 08:31:07.98657+00,2019-01-01 00:00:00+00,68,95,17,100,50,{},"{""state"": ""TN"", ""county"": ""Coffee"", ""OBJECTID"": 1431, ""latitude"": 35.3925, ""longitude"": -85.990278, ""mile_post"": ""119"", ""municipality"": ""NA"", ""state_number"": ""47"", ""highway_route"": ""I-24E"", ""nhs_rest_stop"": ""NHS Parking Area, No Facilities"", ""number_of_spots"": 20}",2019-01-01 00:00:00+00,ntad_parking,44,unknown,59,50,0,{}
1432,public_rest_area,"NHS Parking Area, No Facilities",TN,20,POINT(-85.990832999556 35.3927629996987),ntad_parking,18,2026-07-22 08:31:07.98657+00,2019-01-01 00:00:00+00,68,95,17,100,50,{},"{""state"": ""TN"", ""county"": ""Coffee"", ""OBJECTID"": 1432, ""latitude"": 35.392763, ""longitude"": -85.990833, ""mile_post"": ""119"", ""municipality"": ""NA"", ""state_number"": ""47"", ""highway_route"": ""I-24W"", ""nhs_rest_stop"": ""NHS Parking Area, No Facilities"", ""number_of_spots"": 20}",2019-01-01 00:00:00+00,ntad_parking,44,unknown,59,50,0,{}
1433,public_rest_area,"NHS Welcome Center, I-40",TN,16,POINT(-89.3890929997074 35.4092760000711),ntad_parking,18,2026-07-22 08:31:07.98657+00,2019-01-01 00:00:00+00,68,95,17,100,50,{},"{""state"": ""TN"", ""county"": ""Haywood"", ""OBJECTID"": 1433, ""latitude"": 35.409276, ""longitude"": -89.389093, ""mile_post"": ""43"", ""municipality"": ""NA"", ""state_number"": ""47"", ""highway_route"": ""I-40W"", ""nhs_rest_stop"": ""NHS Welcome Center, I-40"", ""number_of_spots"": 16}",2019-01-01 00:00:00+00,ntad_parking,44,unknown,59,50,0,{}
1434,public_rest_area,NHS Rest Stop or Truck Facility 18,TN,44,POINT(-84.6872869999657 35.4273560001462),ntad_parking,18,2026-07-22 08:31:07.98657+00,2019-01-01 00:00:00+00,68,95,17,100,50,{},"{""state"": ""TN"", ""county"": ""McMinn"", ""OBJECTID"": 1434, ""latitude"": 35.427356, ""longitude"": -84.687287, ""mile_post"": ""45"", ""municipality"": ""Athens"", ""state_number"": ""47"", ""highway_route"": ""I-75N"", ""nhs_rest_stop"": ""NHS Rest Stop or Truck Facility 18"", ""number_of_spots"": 44}",2019-01-01 00:00:00+00,ntad_parking,44,unknown,59,50,0,{}
1435,public_rest_area,NHS Rest Stop or Truck Facility 17,TN,41,POINT(-84.6887680002724 35.4294540000718),ntad_parking,18,2026-07-22 08:31:07.98657+00,2019-01-01 00:00:00+00,68,95,17,100,50,{},"{""state"": ""TN"", ""county"": ""McMinn"", ""OBJECTID"": 1435, ""latitude"": 35.429454, ""longitude"": -84.688768, ""mile_post"": ""45"", ""municipality"": ""Athens"", ""state_number"": ""47"", ""highway_route"": ""I-75S"", ""nhs_rest_stop"": ""NHS Rest Stop or Truck Facility 17"", ""number_of_spots"": 41}",2019-01-01 00:00:00+00,ntad_parking,44,unknown,59,50,0,{}
1436,public_rest_area,"NHS Parking Area, No Facilities",TN,13,POINT(-86.0312909999287 35.4330610000703),ntad_parking,18,2026-07-22 08:31:07.98657+00,2019-01-01 00:00:00+00,68,95,17,100,50,{},"{""state"": ""TN"", ""county"": ""COFFEE"", ""OBJECTID"": 1436, ""latitude"": 35.433061, ""longitude"": -86.031291, ""mile_post"": ""115"", ""municipality"": ""NA"", ""state_number"": ""47"", ""highway_route"": ""I24 WB"", ""nhs_rest_stop"": ""NHS Parking Area, No Facilities"", ""number_of_spots"": 13}",2019-01-01 00:00:00+00,ntad_parking,44,unknown,59,50,0,{}
1437,public_rest_area,"Weigh Scale Complex, No Facilities",TN,17,POINT(-89.3089099999794 35.4558129999378),ntad_parking,18,2026-07-22 08:31:07.98657+00,2019-01-01 00:00:00+00,68,95,17,100,50,{},"{""state"": ""TN"", ""county"": ""HAYWOOD"", ""OBJECTID"": 1437, ""latitude"": 35.455813, ""longitude"": -89.30891, ""mile_post"": ""50"", ""municipality"": ""NA"", ""state_number"": ""47"", ""highway_route"": ""I40 EB"", ""nhs_rest_stop"": ""Weigh Scale Complex, No Facilities"", ""number_of_spots"": 17}",2019-01-01 00:00:00+00,ntad_parking,44,unknown,59,50,0,{}
1438,public_rest_area,"Weigh Scale Complex, No Facilities",TN,19,POINT(-89.3026810000526 35.4612460000272),ntad_parking,18,2026-07-22 08:31:07.98657+00,2019-01-01 00:00:00+00,68,95,17,100,50,{},"{""state"": ""TN"", ""county"": ""HAYWOOD"", ""OBJECTID"": 1438, ""latitude"": 35.461246, ""longitude"": -89.302681, ""mile_post"": ""50"", ""municipality"": ""NA"", ""state_number"": ""47"", ""highway_route"": ""I40 WB"", ""nhs_rest_stop"": ""Weigh Scale Complex, No Facilities"", ""number_of_spots"": 19}",2019-01-01 00:00:00+00,ntad_parking,44,unknown,59,50,0,{}
1439,public_rest_area,NHS Rest Stop or Truck Facility 3,TN,11,POINT(-88.9767010001316 35.6237949998484),ntad_parking,18,2026-07-22 08:31:07.98657+00,2019-01-01 00:00:00+00,68,95,17,100,50,{},"{""state"": ""TN"", ""county"": ""Madison"", ""OBJECTID"": 1439, ""latitude"": 35.623795, ""longitude"": -88.976701, ""mile_post"": ""73"", ""municipality"": ""Huntersville"", ""state_number"": ""47"", ""highway_route"": ""I-40E"", ""nhs_rest_stop"": ""NHS Rest Stop or Truck Facility 3"", ""number_of_spots"": 11}",2019-01-01 00:00:00+00,ntad_parking,44,unknown,59,50,0,{}
144,public_rest_area,Shingletown,CA,1,POINT(-121.832963000038 40.5060170000248),ntad_parking,18,2026-07-22 08:31:07.98657+00,2019-01-01 00:00:00+00,68,95,17,100,50,{},"{""state"": ""CA"", ""county"": ""Shasta"", ""OBJECTID"": 144, ""latitude"": 40.506017, ""longitude"": -121.832963, ""mile_post"": ""PM 34.7"", ""municipality"": ""Viola"", ""state_number"": ""06"", ""highway_route"": ""HWY 44"", ""nhs_rest_stop"": ""Shingletown"", ""number_of_spots"": 1}",2019-01-01 00:00:00+00,ntad_parking,44,unknown,59,50,0,{}
1440,public_rest_area,NHS Rest Stop or Truck Facility 8,TN,11,POINT(-88.9684629998185 35.6283609998282),ntad_parking,18,2026-07-22 08:31:07.98657+00,2019-01-01 00:00:00+00,68,95,17,100,50,{},"{""state"": ""TN"", ""county"": ""Madison"", ""OBJECTID"": 1440, ""latitude"": 35.628361, ""longitude"": -88.968463, ""mile_post"": ""73"", ""municipality"": ""Huntersville"", ""state_number"": ""47"", ""highway_route"": ""I-40W"", ""nhs_rest_stop"": ""NHS Rest Stop or Truck Facility 8"", ""number_of_spots"": 11}",2019-01-01 00:00:00+00,ntad_parking,44,unknown,59,50,0,{}
1441,public_rest_area,NHS Rest Stop or Truck Facility 16,TN,14,POINT(-89.5959720002839 35.6536719996615),ntad_parking,18,2026-07-22 08:31:07.98657+00,2019-01-01 00:00:00+00,68,95,17,100,50,{},"{""state"": ""TN"", ""county"": ""Lauderdale"", ""OBJECTID"": 1441, ""latitude"": 35.653672, ""longitude"": -89.595972, ""mile_post"": ""NA"", ""municipality"": ""Henning"", ""state_number"": ""47"", ""highway_route"": ""US-51"", ""nhs_rest_stop"": ""NHS Rest Stop or Truck Facility 16"", ""number_of_spots"": 14}",2019-01-01 00:00:00+00,ntad_parking,44,unknown,59,50,0,{}
1442,public_rest_area,"NHS Parking Area, No Facilities",TN,12,POINT(-86.8880170002039 35.6792229996779),ntad_parking,18,2026-07-22 08:31:07.98657+00,2019-01-01 00:00:00+00,68,95,17,100,50,{},"{""state"": ""TN"", ""county"": ""Maury"", ""OBJECTID"": 1442, ""latitude"": 35.679223, ""longitude"": -86.888017, ""mile_post"": ""51"", ""municipality"": ""NA"", ""state_number"": ""47"", ""highway_route"": ""I-65N"", ""nhs_rest_stop"": ""NHS Parking Area, No Facilities"", ""number_of_spots"": 12}",2019-01-01 00:00:00+00,ntad_parking,44,unknown,59,50,0,{}
1443,public_rest_area,"NHS Parking Area, No Facilities",TN,20,POINT(-88.4724799998376 35.7639799999587),ntad_parking,18,2026-07-22 08:31:07.98657+00,2019-01-01 00:00:00+00,68,95,17,100,50,{},"{""state"": ""TN"", ""county"": ""Henderson"", ""OBJECTID"": 1443, ""latitude"": 35.76398, ""longitude"": -88.47248, ""mile_post"": ""103"", ""municipality"": ""NA"", ""state_number"": ""47"", ""highway_route"": ""I-40E"", ""nhs_rest_stop"": ""NHS Parking Area, No Facilities"", ""number_of_spots"": 20}",2019-01-01 00:00:00+00,ntad_parking,44,unknown,59,50,0,{}
1444,public_rest_area,"NHS Parking Area, No Facilities",TN,20,POINT(-88.4724799998376 35.7639799999587),ntad_parking,18,2026-07-22 08:31:07.98657+00,2019-01-01 00:00:00+00,68,95,17,100,50,{},"{""state"": ""TN"", ""county"": ""Henderson"", ""OBJECTID"": 1444, ""latitude"": 35.76398, ""longitude"": -88.47248, ""mile_post"": ""103"", ""municipality"": ""NA"", ""state_number"": ""47"", ""highway_route"": ""I-40W"", ""nhs_rest_stop"": ""NHS Parking Area, No Facilities"", ""number_of_spots"": 20}",2019-01-01 00:00:00+00,ntad_parking,44,unknown,59,50,0,{}
1445,public_rest_area,"NHS Welcome Center, I-40",TN,10,POINT(-83.159181999774 35.8191889997008),ntad_parking,18,2026-07-22 08:31:07.98657+00,2019-01-01 00:00:00+00,68,95,17,100,50,{},"{""state"": ""TN"", ""county"": ""Cocke"", ""OBJECTID"": 1445, ""latitude"": 35.819189, ""longitude"": -83.159182, ""mile_post"": ""446"", ""municipality"": ""NA"", ""state_number"": ""47"", ""highway_route"": ""I-40W"", ""nhs_rest_stop"": ""NHS Welcome Center, I-40"", ""number_of_spots"": 10}",2019-01-01 00:00:00+00,ntad_parking,44,unknown,59,50,0,{}
1446,public_rest_area,NHS Rest Stop or Truck Facility 9,TN,9,POINT(-88.0040689998553 35.870259000009),ntad_parking,18,2026-07-22 08:31:07.98657+00,2019-01-01 00:00:00+00,68,95,17,100,50,{},"{""state"": ""TN"", ""county"": ""Benton"", ""OBJECTID"": 1446, ""latitude"": 35.870259, ""longitude"": -88.004069, ""mile_post"": ""130"", ""municipality"": ""Sugar Tree"", ""state_number"": ""47"", ""highway_route"": ""I-40W"", ""nhs_rest_stop"": ""NHS Rest Stop or Truck Facility 9"", ""number_of_spots"": 9}",2019-01-01 00:00:00+00,ntad_parking,44,unknown,59,50,0,{}
1447,public_rest_area,NHS Rest Stop or Truck Facility 4,TN,10,POINT(-88.0216760000853 35.8703410001843),ntad_parking,18,2026-07-22 08:31:07.98657+00,2019-01-01 00:00:00+00,68,95,17,100,50,{},"{""state"": ""TN"", ""county"": ""Benton"", ""OBJECTID"": 1447, ""latitude"": 35.870341, ""longitude"": -88.021676, ""mile_post"": ""130"", ""municipality"": ""Sugar Tree"", ""state_number"": ""47"", ""highway_route"": ""I-40E"", ""nhs_rest_stop"": ""NHS Rest Stop or Truck Facility 4"", ""number_of_spots"": 10}",2019-01-01 00:00:00+00,ntad_parking,44,unknown,59,50,0,{}
1448,public_rest_area,"Weigh Scale Complex, No Facilities",TN,16,POINT(-84.1965329998288 35.893089999643),ntad_parking,18,2026-07-22 08:31:07.98657+00,2019-01-01 00:00:00+00,68,95,17,100,50,{},"{""state"": ""TN"", ""county"": ""KNOX"", ""OBJECTID"": 1448, ""latitude"": 35.89309, ""longitude"": -84.196533, ""mile_post"": ""372"", ""municipality"": ""NA"", ""state_number"": ""47"", ""highway_route"": ""I40 EB"", ""nhs_rest_stop"": ""Weigh Scale Complex, No Facilities"", ""number_of_spots"": 16}",2019-01-01 00:00:00+00,ntad_parking,44,unknown,59,50,0,{}
1449,public_rest_area,"Weigh Scale Complex, No Facilities",TN,16,POINT(-84.1965329998288 35.893089999643),ntad_parking,18,2026-07-22 08:31:07.98657+00,2019-01-01 00:00:00+00,68,95,17,100,50,{},"{""state"": ""TN"", ""county"": ""KNOX"", ""OBJECTID"": 1449, ""latitude"": 35.89309, ""longitude"": -84.196533, ""mile_post"": ""372"", ""municipality"": ""NA"", ""state_number"": ""47"", ""highway_route"": ""I40 EB"", ""nhs_rest_stop"": ""Weigh Scale Complex, No Facilities"", ""number_of_spots"": 16}",2019-01-01 00:00:00+00,ntad_parking,44,unknown,59,50,0,{}
145,public_rest_area,Bogard,CA,9,POINT(-121.091022000206 40.586457999737),ntad_parking,18,2026-07-22 08:31:07.98657+00,2019-01-01 00:00:00+00,68,95,17,100,50,{},"{""state"": ""CA"", ""county"": ""Lassen"", ""OBJECTID"": 145, ""latitude"": 40.586458, ""longitude"": -121.091022, ""mile_post"": ""PM 14.5"", ""municipality"": ""Susanville"", ""state_number"": ""06"", ""highway_route"": ""Hwy 44"", ""nhs_rest_stop"": ""Bogard"", ""number_of_spots"": 9}",2019-01-01 00:00:00+00,ntad_parking,44,unknown,59,50,0,{}
1450,public_rest_area,"NHS Parking Area, No Facilities",TN,24,POINT(-84.7807200001158 35.9002109997638),ntad_parking,18,2026-07-22 08:31:07.98657+00,2019-01-01 00:00:00+00,68,95,17,100,50,{},"{""state"": ""TN"", ""county"": ""Cumberland"", ""OBJECTID"": 1450, ""latitude"": 35.900211, ""longitude"": -84.78072, ""mile_post"": ""335"", ""municipality"": ""NA"", ""state_number"": ""47"", ""highway_route"": ""I-40E"", ""nhs_rest_stop"": ""NHS Parking Area, No Facilities"", ""number_of_spots"": 24}",2019-01-01 00:00:00+00,ntad_parking,44,unknown,59,50,0,{}
1451,public_rest_area,NHS Rest Stop or Truck Facility 11,TN,14,POINT(-84.9142729996315 35.9281390001234),ntad_parking,18,2026-07-22 08:31:07.98657+00,2019-01-01 00:00:00+00,68,95,17,100,50,{},"{""state"": ""TN"", ""county"": ""Cumberland"", ""OBJECTID"": 1451, ""latitude"": 35.928139, ""longitude"": -84.914273, ""mile_post"": ""327"", ""municipality"": ""Dorton"", ""state_number"": ""47"", ""highway_route"": ""I-40W"", ""nhs_rest_stop"": ""NHS Rest Stop or Truck Facility 11"", ""number_of_spots"": 14}",2019-01-01 00:00:00+00,ntad_parking,44,unknown,59,50,0,{}
1452,public_rest_area,NHS Rest Stop or Truck Facility 6,TN,13,POINT(-84.9447150001819 35.9466570003024),ntad_parking,18,2026-07-22 08:31:07.98657+00,2019-01-01 00:00:00+00,68,95,17,100,50,{},"{""state"": ""TN"", ""county"": ""Cumberland"", ""OBJECTID"": 1452, ""latitude"": 35.946657, ""longitude"": -84.944715, ""mile_post"": ""324"", ""municipality"": ""Dorton"", ""state_number"": ""47"", ""highway_route"": ""I-40E"", ""nhs_rest_stop"": ""NHS Rest Stop or Truck Facility 6"", ""number_of_spots"": 13}",2019-01-01 00:00:00+00,ntad_parking,44,unknown,59,50,0,{}
1453,public_rest_area,"Weigh Scale Complex, No Facilities",TN,10,POINT(-82.5593439999398 35.9554880003625),ntad_parking,18,2026-07-22 08:31:07.98657+00,2019-01-01 00:00:00+00,68,95,17,100,50,{},"{""state"": ""TN"", ""county"": ""UNICOI"", ""OBJECTID"": 1453, ""latitude"": 35.955488, ""longitude"": -82.559344, ""mile_post"": ""54.3"", ""municipality"": ""NA"", ""state_number"": ""47"", ""highway_route"": ""I26 WB"", ""nhs_rest_stop"": ""Weigh Scale Complex, No Facilities"", ""number_of_spots"": 10}",2019-01-01 00:00:00+00,ntad_parking,44,unknown,59,50,0,{}
1454,public_rest_area,NHS Rest Stop or Truck Facility 5,TN,14,POINT(-87.3788399999378 36.0108590000769),ntad_parking,18,2026-07-22 08:31:07.98657+00,2019-01-01 00:00:00+00,68,95,17,100,50,{},"{""state"": ""TN"", ""county"": ""Dickson"", ""OBJECTID"": 1454, ""latitude"": 36.010859, ""longitude"": -87.37884, ""mile_post"": ""170"", ""municipality"": ""Tidwell"", ""state_number"": ""47"", ""highway_route"": ""I-40E"", ""nhs_rest_stop"": ""NHS Rest Stop or Truck Facility 5"", ""number_of_spots"": 14}",2019-01-01 00:00:00+00,ntad_parking,44,unknown,59,50,0,{}
1455,public_rest_area,NHS Rest Stop or Truck Facility 10,TN,13,POINT(-87.3788399999378 36.0108590000769),ntad_parking,18,2026-07-22 08:31:07.98657+00,2019-01-01 00:00:00+00,68,95,17,100,50,{},"{""state"": ""TN"", ""county"": ""Dickson"", ""OBJECTID"": 1455, ""latitude"": 36.010859, ""longitude"": -87.37884, ""mile_post"": ""170"", ""municipality"": ""Tidwell"", ""state_number"": ""47"", ""highway_route"": ""I-40W"", ""nhs_rest_stop"": ""NHS Rest Stop or Truck Facility 10"", ""number_of_spots"": 13}",2019-01-01 00:00:00+00,ntad_parking,44,unknown,59,50,0,{}
1456,public_rest_area,NHS Rest Stop or Truck Facility 14,TN,21,POINT(-83.322155999841 36.0344759999234),ntad_parking,18,2026-07-22 08:31:07.98657+00,2019-01-01 00:00:00+00,68,95,17,100,50,{},"{""state"": ""TN"", ""county"": ""Jefferson"", ""OBJECTID"": 1456, ""latitude"": 36.034476, ""longitude"": -83.322156, ""mile_post"": ""425"", ""municipality"": ""Dandridge"", ""state_number"": ""47"", ""highway_route"": ""I-40W"", ""nhs_rest_stop"": ""NHS Rest Stop or Truck Facility 14"", ""number_of_spots"": 21}",2019-01-01 00:00:00+00,ntad_parking,44,unknown,59,50,0,{}
1457,public_rest_area,NHS Rest Stop or Truck Facility 7,TN,34,POINT(-83.4108990000973 36.0517459996412),ntad_parking,18,2026-07-22 08:31:07.98657+00,2019-01-01 00:00:00+00,68,95,17,100,50,{},"{""state"": ""TN"", ""county"": ""Jefferson"", ""OBJECTID"": 1457, ""latitude"": 36.051746, ""longitude"": -83.410899, ""mile_post"": ""420"", ""municipality"": ""Lake View Park"", ""state_number"": ""47"", ""highway_route"": ""I-40E"", ""nhs_rest_stop"": ""NHS Rest Stop or Truck Facility 7"", ""number_of_spots"": 34}",2019-01-01 00:00:00+00,ntad_parking,44,unknown,59,50,0,{}
1458,public_rest_area,"NHS Welcome Center, I-26",TN,30,POINT(-82.5099910002014 36.052606999948),ntad_parking,18,2026-07-22 08:31:07.98657+00,2019-01-01 00:00:00+00,68,95,17,100,50,{},"{""state"": ""TN"", ""county"": ""Unicoi"", ""OBJECTID"": 1458, ""latitude"": 36.052607, ""longitude"": -82.509991, ""mile_post"": ""46"", ""municipality"": ""NA"", ""state_number"": ""47"", ""highway_route"": ""I-26"", ""nhs_rest_stop"": ""NHS Welcome Center, I-26"", ""number_of_spots"": 30}",2019-01-01 00:00:00+00,ntad_parking,44,unknown,59,50,0,{}
1459,public_rest_area,"NHS Welcome Center, I-155",TN,9,POINT(-89.4711109997444 36.0705560001101),ntad_parking,18,2026-07-22 08:31:07.98657+00,2019-01-01 00:00:00+00,68,95,17,100,50,{},"{""state"": ""TN"", ""county"": ""Dyer"", ""OBJECTID"": 1459, ""latitude"": 36.070556, ""longitude"": -89.471111, ""mile_post"": ""8"", ""municipality"": ""NA"", ""state_number"": ""47"", ""highway_route"": ""I-155"", ""nhs_rest_stop"": ""NHS Welcome Center, I-155"", ""number_of_spots"": 9}",2019-01-01 00:00:00+00,ntad_parking,44,unknown,59,50,0,{}
146,public_rest_area,Moon Lim Lee,CA,7,POINT(-122.943889999603 40.6680200000566),ntad_parking,18,2026-07-22 08:31:07.98657+00,2019-01-01 00:00:00+00,68,95,17,100,50,{},"{""state"": ""CA"", ""county"": ""Trinity"", ""OBJECTID"": 146, ""latitude"": 40.66802, ""longitude"": -122.94389, ""mile_post"": ""PM 56.8"", ""municipality"": ""Weaverville"", ""state_number"": ""06"", ""highway_route"": ""Hwy 299"", ""nhs_rest_stop"": ""Moon Lim Lee"", ""number_of_spots"": 7}",2019-01-01 00:00:00+00,ntad_parking,44,unknown,59,50,0,{}
1460,public_rest_area,"NHS Parking Area, No Facilities",TN,30,POINT(-85.2091790000638 36.0812179996647),ntad_parking,18,2026-07-22 08:31:07.98657+00,2019-01-01 00:00:00+00,68,95,17,100,50,{},"{""state"": ""TN"", ""county"": ""Cumberland"", ""OBJECTID"": 1460, ""latitude"": 36.081218, ""longitude"": -85.209179, ""mile_post"": ""306"", ""municipality"": ""NA"", ""state_number"": ""47"", ""highway_route"": ""I-40W"", ""nhs_rest_stop"": ""NHS Parking Area, No Facilities"", ""number_of_spots"": 30}",2019-01-01 00:00:00+00,ntad_parking,44,unknown,59,50,0,{}
1461,public_rest_area,NHS Rest Stop or Truck Facility 15,TN,30,POINT(-83.3544860004038 36.0925909996908),ntad_parking,18,2026-07-22 08:31:07.98657+00,2019-01-01 00:00:00+00,68,95,17,100,50,{},"{""state"": ""TN"", ""county"": ""Jefferson"", ""OBJECTID"": 1461, ""latitude"": 36.092591, ""longitude"": -83.354486, ""mile_post"": ""2"", ""municipality"": ""Dandridge"", ""state_number"": ""47"", ""highway_route"": ""I-81S"", ""nhs_rest_stop"": ""NHS Rest Stop or Truck Facility 15"", ""number_of_spots"": 30}",2019-01-01 00:00:00+00,ntad_parking,44,unknown,59,50,0,{}
1462,public_rest_area,"NHS Welcome Center, I-40",TN,30,POINT(-85.8062219996893 36.1400470003106),ntad_parking,18,2026-07-22 08:31:07.98657+00,2019-01-01 00:00:00+00,68,95,17,100,50,{},"{""state"": ""TN"", ""county"": ""Smith"", ""OBJECTID"": 1462, ""latitude"": 36.140047, ""longitude"": -85.806222, ""mile_post"": ""267"", ""municipality"": ""NA"", ""state_number"": ""47"", ""highway_route"": ""I-40"", ""nhs_rest_stop"": ""NHS Welcome Center, I-40"", ""number_of_spots"": 30}",2019-01-01 00:00:00+00,ntad_parking,44,unknown,59,50,0,{}
1463,public_rest_area,"NHS Parking Area, No Facilities",TN,15,POINT(-86.0548130002661 36.1682720001074),ntad_parking,18,2026-07-22 08:31:07.98657+00,2019-01-01 00:00:00+00,68,95,17,100,50,{},"{""state"": ""TN"", ""county"": ""Smith"", ""OBJECTID"": 1463, ""latitude"": 36.168272, ""longitude"": -86.054813, ""mile_post"": ""253"", ""municipality"": ""NA"", ""state_number"": ""47"", ""highway_route"": ""I-40E"", ""nhs_rest_stop"": ""NHS Parking Area, No Facilities"", ""number_of_spots"": 15}",2019-01-01 00:00:00+00,ntad_parking,44,unknown,59,50,0,{}
1464,public_rest_area,"NHS Parking Area, No Facilities",TN,15,POINT(-86.0494539998274 36.16986099972),ntad_parking,18,2026-07-22 08:31:07.98657+00,2019-01-01 00:00:00+00,68,95,17,100,50,{},"{""state"": ""TN"", ""county"": ""Smith"", ""OBJECTID"": 1464, ""latitude"": 36.169861, ""longitude"": -86.049454, ""mile_post"": ""253"", ""municipality"": ""NA"", ""state_number"": ""47"", ""highway_route"": ""I-40W"", ""nhs_rest_stop"": ""NHS Parking Area, No Facilities"", ""number_of_spots"": 15}",2019-01-01 00:00:00+00,ntad_parking,44,unknown,59,50,0,{}
1465,public_rest_area,"NHS Parking Area, No Facilities",TN,20,POINT(-86.4765870001777 36.1765149998098),ntad_parking,18,2026-07-22 08:31:07.98657+00,2019-01-01 00:00:00+00,68,95,17,100,50,{},"{""state"": ""TN"", ""county"": ""Wilson"", ""OBJECTID"": 1465, ""latitude"": 36.176515, ""longitude"": -86.476587, ""mile_post"": ""228"", ""municipality"": ""NA"", ""state_number"": ""47"", ""highway_route"": ""I40 WB"", ""nhs_rest_stop"": ""NHS Parking Area, No Facilities"", ""number_of_spots"": 20}",2019-01-01 00:00:00+00,ntad_parking,44,unknown,59,50,0,{}
1466,public_rest_area,"Weigh Scale Complex, No Facilities",TN,32,POINT(-83.0719209996492 36.2146219998496),ntad_parking,18,2026-07-22 08:31:07.98657+00,2019-01-01 00:00:00+00,68,95,17,100,50,{},"{""state"": ""TN"", ""county"": ""GREENE"", ""OBJECTID"": 1466, ""latitude"": 36.214622, ""longitude"": -83.071921, ""mile_post"": ""21"", ""municipality"": ""NA"", ""state_number"": ""47"", ""highway_route"": ""I81 SB"", ""nhs_rest_stop"": ""Weigh Scale Complex, No Facilities"", ""number_of_spots"": 32}",2019-01-01 00:00:00+00,ntad_parking,44,unknown,59,50,0,{}
1467,public_rest_area,NHS Rest Stop or Truck Facility 12,TN,27,POINT(-82.8056640001895 36.3373440000458),ntad_parking,18,2026-07-22 08:31:07.98657+00,2019-01-01 00:00:00+00,68,95,17,100,50,{},"{""state"": ""TN"", ""county"": ""Greene"", ""OBJECTID"": 1467, ""latitude"": 36.337344, ""longitude"": -82.805664, ""mile_post"": ""38"", ""municipality"": ""Pine Grove"", ""state_number"": ""47"", ""highway_route"": ""I-81N"", ""nhs_rest_stop"": ""NHS Rest Stop or Truck Facility 12"", ""number_of_spots"": 27}",2019-01-01 00:00:00+00,ntad_parking,44,unknown,59,50,0,{}
1468,public_rest_area,NHS Rest Stop or Truck Facility 13,TN,24,POINT(-82.769343000415 36.351157999794),ntad_parking,18,2026-07-22 08:31:07.98657+00,2019-01-01 00:00:00+00,68,95,17,100,50,{},"{""state"": ""TN"", ""county"": ""Greene"", ""OBJECTID"": 1468, ""latitude"": 36.351158, ""longitude"": -82.769343, ""mile_post"": ""41"", ""municipality"": ""Pine Grove"", ""state_number"": ""47"", ""highway_route"": ""I-81S"", ""nhs_rest_stop"": ""NHS Rest Stop or Truck Facility 13"", ""number_of_spots"": 24}",2019-01-01 00:00:00+00,ntad_parking,44,unknown,59,50,0,{}
1469,public_rest_area,"NHS Welcome Center, I-26",TN,17,POINT(-82.5496970001884 36.483796000072),ntad_parking,18,2026-07-22 08:31:07.98657+00,2019-01-01 00:00:00+00,68,95,17,100,50,{},"{""state"": ""TN"", ""county"": ""Sullivan"", ""OBJECTID"": 1469, ""latitude"": 36.483796, ""longitude"": -82.549697, ""mile_post"": ""6"", ""municipality"": ""NA"", ""state_number"": ""47"", ""highway_route"": ""I-26"", ""nhs_rest_stop"": ""NHS Welcome Center, I-26"", ""number_of_spots"": 17}",2019-01-01 00:00:00+00,ntad_parking,44,unknown,59,50,0,{}
147,public_rest_area,O'brien Rest Area,CA,5,POINT(-122.317791000197 40.7933039997265),ntad_parking,18,2026-07-22 08:31:07.98657+00,2019-01-01 00:00:00+00,68,95,17,100,50,{},"{""state"": ""CA"", ""county"": ""Shasta"", ""OBJECTID"": 147, ""latitude"": 40.793304, ""longitude"": -122.317791, ""mile_post"": ""PM R31.1"", ""municipality"": ""Obrien"", ""state_number"": ""06"", ""highway_route"": ""I-5N"", ""nhs_rest_stop"": ""O'brien Rest Area"", ""number_of_spots"": 5}",2019-01-01 00:00:00+00,ntad_parking,44,unknown,59,50,0,{}
1470,public_rest_area,"NHS Welcome Center, I-75",TN,12,POINT(-84.105878000169 36.5885600003386),ntad_parking,18,2026-07-22 08:31:07.98657+00,2019-01-01 00:00:00+00,68,95,17,100,50,{},"{""state"": ""TN"", ""county"": ""Campbell"", ""OBJECTID"": 1470, ""latitude"": 36.58856, ""longitude"": -84.105878, ""mile_post"": ""161"", ""municipality"": ""NA"", ""state_number"": ""47"", ""highway_route"": ""I-75S"", ""nhs_rest_stop"": ""NHS Welcome Center, I-75"", ""number_of_spots"": 12}",2019-01-01 00:00:00+00,ntad_parking,44,unknown,59,50,0,{}
1471,public_rest_area,"NHS Welcome Center, I-81",TN,22,POINT(-82.2478320000834 36.5948309997402),ntad_parking,18,2026-07-22 08:31:07.98657+00,2019-01-01 00:00:00+00,68,95,17,100,50,{},"{""state"": ""TN"", ""county"": ""Sullivan"", ""OBJECTID"": 1471, ""latitude"": 36.594831, ""longitude"": -82.247832, ""mile_post"": ""75"", ""municipality"": ""NA"", ""state_number"": ""47"", ""highway_route"": ""I-81"", ""nhs_rest_stop"": ""NHS Welcome Center, I-81"", ""number_of_spots"": 22}",2019-01-01 00:00:00+00,ntad_parking,44,unknown,59,50,0,{}
1472,public_rest_area,"Weigh Scale Complex, No Facilities",TN,11,POINT(-86.5804989999323 36.6094279996933),ntad_parking,18,2026-07-22 08:31:07.98657+00,2019-01-01 00:00:00+00,68,95,17,100,50,{},"{""state"": ""TN"", ""county"": ""ROBERTSON"", ""OBJECTID"": 1472, ""latitude"": 36.609428, ""longitude"": -86.580499, ""mile_post"": ""119"", ""municipality"": ""NA"", ""state_number"": ""47"", ""highway_route"": ""I65 NB"", ""nhs_rest_stop"": ""Weigh Scale Complex, No Facilities"", ""number_of_spots"": 11}",2019-01-01 00:00:00+00,ntad_parking,44,unknown,59,50,0,{}
1473,public_rest_area,"Weigh Scale Complex, No Facilities",TN,11,POINT(-86.5822160002405 36.6095050003493),ntad_parking,18,2026-07-22 08:31:07.98657+00,2019-01-01 00:00:00+00,68,95,17,100,50,{},"{""state"": ""TN"", ""county"": ""ROBERTSON"", ""OBJECTID"": 1473, ""latitude"": 36.609505, ""longitude"": -86.582216, ""mile_post"": ""119"", ""municipality"": ""NA"", ""state_number"": ""47"", ""highway_route"": ""I65 SB"", ""nhs_rest_stop"": ""Weigh Scale Complex, No Facilities"", ""number_of_spots"": 11}",2019-01-01 00:00:00+00,ntad_parking,44,unknown,59,50,0,{}
1474,public_rest_area,"NHS Welcome Center, I-65",TN,17,POINT(-86.5729669999742 36.636094999914),ntad_parking,18,2026-07-22 08:31:07.98657+00,2019-01-01 00:00:00+00,68,95,17,100,50,{},"{""state"": ""TN"", ""county"": ""Robertson"", ""OBJECTID"": 1474, ""latitude"": 36.636095, ""longitude"": -86.572967, ""mile_post"": ""121"", ""municipality"": ""NA"", ""state_number"": ""47"", ""highway_route"": ""I-65S"", ""nhs_rest_stop"": ""NHS Welcome Center, I-65"", ""number_of_spots"": 17}",2019-01-01 00:00:00+00,ntad_parking,44,unknown,59,50,0,{}
1475,public_rest_area,"NHS Welcome Center, I-24",TN,14,POINT(-87.3342470004134 36.636228999958),ntad_parking,18,2026-07-22 08:31:07.98657+00,2019-01-01 00:00:00+00,68,95,17,100,50,{},"{""state"": ""TN"", ""county"": ""Montgomery"", ""OBJECTID"": 1475, ""latitude"": 36.636229, ""longitude"": -87.334247, ""mile_post"": ""0.4"", ""municipality"": ""Clarksville"", ""state_number"": ""47"", ""highway_route"": ""I-24E"", ""nhs_rest_stop"": ""NHS Welcome Center, I-24"", ""number_of_spots"": 14}",2019-01-01 00:00:00+00,ntad_parking,44,unknown,59,50,0,{}
1476,public_rest_area,NHS Rest Stop or Truck Facility 83,TX,20,POINT(-97.7931200001303 27.1335809996761),ntad_parking,18,2026-07-22 08:31:07.98657+00,2019-01-01 00:00:00+00,68,95,17,100,50,{},"{""state"": ""TX"", ""county"": ""Kenedy"", ""OBJECTID"": 1476, ""latitude"": 27.133581, ""longitude"": -97.79312, ""mile_post"": ""NB"", ""municipality"": ""Sarita"", ""state_number"": ""48"", ""highway_route"": ""US77N"", ""nhs_rest_stop"": ""NHS Rest Stop or Truck Facility 83"", ""number_of_spots"": 20}",2019-01-01 00:00:00+00,ntad_parking,44,unknown,59,50,0,{}
1477,public_rest_area,NHS Rest Stop or Truck Facility 60,TX,9,POINT(-98.2211609996035 28.6051140003777),ntad_parking,18,2026-07-22 08:31:07.98657+00,2019-01-01 00:00:00+00,68,95,17,100,50,{},"{""state"": ""TX"", ""county"": ""Live Oak"", ""OBJECTID"": 1477, ""latitude"": 28.605114, ""longitude"": -98.221161, ""mile_post"": ""78"", ""municipality"": ""Whitsett"", ""state_number"": ""48"", ""highway_route"": ""I-37N"", ""nhs_rest_stop"": ""NHS Rest Stop or Truck Facility 60"", ""number_of_spots"": 9}",2019-01-01 00:00:00+00,ntad_parking,44,unknown,59,50,0,{}
1478,public_rest_area,NHS Rest Stop or Truck Facility 61,TX,9,POINT(-98.2211609996035 28.6051140003777),ntad_parking,18,2026-07-22 08:31:07.98657+00,2019-01-01 00:00:00+00,68,95,17,100,50,{},"{""state"": ""TX"", ""county"": ""Live Oak"", ""OBJECTID"": 1478, ""latitude"": 28.605114, ""longitude"": -98.221161, ""mile_post"": ""83"", ""municipality"": ""Whitsett"", ""state_number"": ""48"", ""highway_route"": ""I-37S"", ""nhs_rest_stop"": ""NHS Rest Stop or Truck Facility 61"", ""number_of_spots"": 9}",2019-01-01 00:00:00+00,ntad_parking,44,unknown,59,50,0,{}
1479,public_rest_area,NHS Rest Stop or Truck Facility 78,TX,15,POINT(-96.8253869999852 28.8877069996987),ntad_parking,18,2026-07-22 08:31:07.98657+00,2019-01-01 00:00:00+00,68,95,17,100,50,{},"{""state"": ""TX"", ""county"": ""Victoria"", ""OBJECTID"": 1479, ""latitude"": 28.887707, ""longitude"": -96.825387, ""mile_post"": ""NA"", ""municipality"": ""Inez"", ""state_number"": ""48"", ""highway_route"": ""US59N"", ""nhs_rest_stop"": ""NHS Rest Stop or Truck Facility 78"", ""number_of_spots"": 15}",2019-01-01 00:00:00+00,ntad_parking,44,unknown,59,50,0,{}
148,public_rest_area,Hillcrest,CA,4,POINT(-121.891729999899 40.8648799999652),ntad_parking,18,2026-07-22 08:31:07.98657+00,2019-01-01 00:00:00+00,68,95,17,100,50,{},"{""state"": ""CA"", ""county"": ""Shasta"", ""OBJECTID"": 148, ""latitude"": 40.86488, ""longitude"": -121.89173, ""mile_post"": ""PM 60.6"", ""municipality"": ""Montgomery Creek"", ""state_number"": ""06"", ""highway_route"": ""Hwy 299"", ""nhs_rest_stop"": ""Hillcrest"", ""number_of_spots"": 4}",2019-01-01 00:00:00+00,ntad_parking,44,unknown,59,50,0,{}
1480,public_rest_area,NHS Rest Stop or Truck Facility 80,TX,16,POINT(-96.8255560000396 28.8892650000007),ntad_parking,18,2026-07-22 08:31:07.98657+00,2019-01-01 00:00:00+00,68,95,17,100,50,{},"{""state"": ""TX"", ""county"": ""Victoria"", ""OBJECTID"": 1480, ""latitude"": 28.889265, ""longitude"": -96.825556, ""mile_post"": ""NA"", ""municipality"": ""Inez"", ""state_number"": ""48"", ""highway_route"": ""US59S"", ""nhs_rest_stop"": ""NHS Rest Stop or Truck Facility 80"", ""number_of_spots"": 16}",2019-01-01 00:00:00+00,ntad_parking,44,unknown,59,50,0,{}
1481,public_rest_area,NHS Rest Stop or Truck Facility 52,TX,12,POINT(-98.8261310000957 29.197285000346),ntad_parking,18,2026-07-22 08:31:07.98657+00,2019-01-01 00:00:00+00,68,95,17,100,50,{},"{""state"": ""TX"", ""county"": ""Medina"", ""OBJECTID"": 1481, ""latitude"": 29.197285, ""longitude"": -98.826131, ""mile_post"": ""129"", ""municipality"": ""Natalia"", ""state_number"": ""48"", ""highway_route"": ""I-35N"", ""nhs_rest_stop"": ""NHS Rest Stop or Truck Facility 52"", ""number_of_spots"": 12}",2019-01-01 00:00:00+00,ntad_parking,44,unknown,59,50,0,{}
1482,public_rest_area,NHS Rest Stop or Truck Facility 55,TX,12,POINT(-98.8246859997741 29.1989859997141),ntad_parking,18,2026-07-22 08:31:07.98657+00,2019-01-01 00:00:00+00,68,95,17,100,50,{},"{""state"": ""TX"", ""county"": ""Medina"", ""OBJECTID"": 1482, ""latitude"": 29.198986, ""longitude"": -98.824686, ""mile_post"": ""129"", ""municipality"": ""Coal Mine"", ""state_number"": ""48"", ""highway_route"": ""I-35S"", ""nhs_rest_stop"": ""NHS Rest Stop or Truck Facility 55"", ""number_of_spots"": 12}",2019-01-01 00:00:00+00,ntad_parking,44,unknown,59,50,0,{}
1483,public_rest_area,NHS Rest Stop or Truck Facility 93,TX,28,POINT(-99.3855819997023 29.3145089997214),ntad_parking,18,2026-07-22 08:31:07.98657+00,2019-01-01 00:00:00+00,68,95,17,100,50,{},"{""state"": ""TX"", ""county"": ""Medina"", ""OBJECTID"": 1483, ""latitude"": 29.314509, ""longitude"": -99.385582, ""mile_post"": ""EB"", ""municipality"": ""Sabinal"", ""state_number"": ""48"", ""highway_route"": ""US90E"", ""nhs_rest_stop"": ""NHS Rest Stop or Truck Facility 93"", ""number_of_spots"": 28}",2019-01-01 00:00:00+00,ntad_parking,44,unknown,59,50,0,{}
1484,public_rest_area,NHS Rest Stop or Truck Facility 11,TX,28,POINT(-97.7998610002431 29.6156919998291),ntad_parking,18,2026-07-22 08:31:07.98657+00,2019-01-01 00:00:00+00,68,95,17,100,50,{},"{""state"": ""TX"", ""county"": ""Guadalupe"", ""OBJECTID"": 1484, ""latitude"": 29.615692, ""longitude"": -97.799861, ""mile_post"": ""619"", ""municipality"": ""Kingsbury"", ""state_number"": ""48"", ""highway_route"": ""I-10E"", ""nhs_rest_stop"": ""NHS Rest Stop or Truck Facility 11"", ""number_of_spots"": 28}",2019-01-01 00:00:00+00,ntad_parking,44,unknown,59,50,0,{}
1485,public_rest_area,NHS Rest Stop or Truck Facility 24,TX,28,POINT(-97.8062359997598 29.6162120000591),ntad_parking,18,2026-07-22 08:31:07.98657+00,2019-01-01 00:00:00+00,68,95,17,100,50,{},"{""state"": ""TX"", ""county"": ""Guadalupe"", ""OBJECTID"": 1485, ""latitude"": 29.616212, ""longitude"": -97.806236, ""mile_post"": ""619"", ""municipality"": ""Kingsbury"", ""state_number"": ""48"", ""highway_route"": ""I-10W"", ""nhs_rest_stop"": ""NHS Rest Stop or Truck Facility 24"", ""number_of_spots"": 28}",2019-01-01 00:00:00+00,ntad_parking,44,unknown,59,50,0,{}
1486,public_rest_area,NHS Rest Stop or Truck Facility 13,TX,23,POINT(-96.6099829999388 29.6932730003194),ntad_parking,18,2026-07-22 08:31:07.98657+00,2019-01-01 00:00:00+00,68,95,17,100,50,{},"{""state"": ""TX"", ""county"": ""Colorado"", ""OBJECTID"": 1486, ""latitude"": 29.693273, ""longitude"": -96.609983, ""mile_post"": ""692"", ""municipality"": ""Glidden"", ""state_number"": ""48"", ""highway_route"": ""I-10E"", ""nhs_rest_stop"": ""NHS Rest Stop or Truck Facility 13"", ""number_of_spots"": 23}",2019-01-01 00:00:00+00,ntad_parking,44,unknown,59,50,0,{}
1487,public_rest_area,NHS Rest Stop or Truck Facility 26,TX,23,POINT(-96.6104430002463 29.6942599998626),ntad_parking,18,2026-07-22 08:31:07.98657+00,2019-01-01 00:00:00+00,68,95,17,100,50,{},"{""state"": ""TX"", ""county"": ""Colorado"", ""OBJECTID"": 1487, ""latitude"": 29.69426, ""longitude"": -96.610443, ""mile_post"": ""692"", ""municipality"": ""Glidden"", ""state_number"": ""48"", ""highway_route"": ""I-10W"", ""nhs_rest_stop"": ""NHS Rest Stop or Truck Facility 26"", ""number_of_spots"": 23}",2019-01-01 00:00:00+00,ntad_parking,44,unknown,59,50,0,{}
1488,public_rest_area,NHS Rest Stop or Truck Facility 9,TX,7,POINT(-99.0274190004299 30.052640999632),ntad_parking,18,2026-07-22 08:31:07.98657+00,2019-01-01 00:00:00+00,68,95,17,100,50,{},"{""state"": ""TX"", ""county"": ""Kerr"", ""OBJECTID"": 1488, ""latitude"": 30.052641, ""longitude"": -99.027419, ""mile_post"": ""514"", ""municipality"": ""Legion"", ""state_number"": ""48"", ""highway_route"": ""I-10E"", ""nhs_rest_stop"": ""NHS Rest Stop or Truck Facility 9"", ""number_of_spots"": 7}",2019-01-01 00:00:00+00,ntad_parking,44,unknown,59,50,0,{}
1489,public_rest_area,NHS Rest Stop or Truck Facility 21,TX,8,POINT(-99.0263170002399 30.0543010000452),ntad_parking,18,2026-07-22 08:31:07.98657+00,2019-01-01 00:00:00+00,68,95,17,100,50,{},"{""state"": ""TX"", ""county"": ""Kerr"", ""OBJECTID"": 1489, ""latitude"": 30.054301, ""longitude"": -99.026317, ""mile_post"": ""514"", ""municipality"": ""Legion"", ""state_number"": ""48"", ""highway_route"": ""I-10W"", ""nhs_rest_stop"": ""NHS Rest Stop or Truck Facility 21"", ""number_of_spots"": 8}",2019-01-01 00:00:00+00,ntad_parking,44,unknown,59,50,0,{}
149,public_rest_area,Francis B. Mathews,CA,5,POINT(-123.5476519996 40.8833250001398),ntad_parking,18,2026-07-22 08:31:07.98657+00,2019-01-01 00:00:00+00,68,95,17,100,50,{},"{""state"": ""CA"", ""county"": ""Trinity"", ""OBJECTID"": 149, ""latitude"": 40.883325, ""longitude"": -123.547652, ""mile_post"": ""PM 3.8"", ""municipality"": ""Salyer"", ""state_number"": ""06"", ""highway_route"": ""Hwy 299"", ""nhs_rest_stop"": ""Francis B. Mathews"", ""number_of_spots"": 5}",2019-01-01 00:00:00+00,ntad_parking,44,unknown,59,50,0,{}
1490,public_rest_area,NHS Rest Stop or Truck Facility 7,TX,6,POINT(-100.746398999677 30.6154100002322),ntad_parking,18,2026-07-22 08:31:07.98657+00,2019-01-01 00:00:00+00,68,95,17,100,50,{},"{""state"": ""TX"", ""county"": ""Sutton"", ""OBJECTID"": 1490, ""latitude"": 30.61541, ""longitude"": -100.746399, ""mile_post"": ""394"", ""municipality"": ""Sonora"", ""state_number"": ""48"", ""highway_route"": ""I-10E"", ""nhs_rest_stop"": ""NHS Rest Stop or Truck Facility 7"", ""number_of_spots"": 6}",2019-01-01 00:00:00+00,ntad_parking,44,unknown,59,50,0,{}
1491,public_rest_area,NHS Rest Stop or Truck Facility 8,TX,6,POINT(-100.745309000081 30.6156820000788),ntad_parking,18,2026-07-22 08:31:07.98657+00,2019-01-01 00:00:00+00,68,95,17,100,50,{},"{""state"": ""TX"", ""county"": ""Sutton"", ""OBJECTID"": 1491, ""latitude"": 30.615682, ""longitude"": -100.745309, ""mile_post"": ""394"", ""municipality"": ""Sonora"", ""state_number"": ""48"", ""highway_route"": ""I-10E"", ""nhs_rest_stop"": ""NHS Rest Stop or Truck Facility 8"", ""number_of_spots"": 6}",2019-01-01 00:00:00+00,ntad_parking,44,unknown,59,50,0,{}
1492,public_rest_area,NHS Rest Stop or Truck Facility 79,TX,21,POINT(-94.8602160003599 30.8382780000697),ntad_parking,18,2026-07-22 08:31:07.98657+00,2019-01-01 00:00:00+00,68,95,17,100,50,{},"{""state"": ""TX"", ""county"": ""Polk"", ""OBJECTID"": 1492, ""latitude"": 30.838278, ""longitude"": -94.860216, ""mile_post"": ""NA"", ""municipality"": ""Leggett"", ""state_number"": ""48"", ""highway_route"": ""US59N"", ""nhs_rest_stop"": ""NHS Rest Stop or Truck Facility 79"", ""number_of_spots"": 21}",2019-01-01 00:00:00+00,ntad_parking,44,unknown,59,50,0,{}
1493,public_rest_area,NHS Rest Stop or Truck Facility 81,TX,30,POINT(-94.8624900001616 30.8390510000841),ntad_parking,18,2026-07-22 08:31:07.98657+00,2019-01-01 00:00:00+00,68,95,17,100,50,{},"{""state"": ""TX"", ""county"": ""Polk"", ""OBJECTID"": 1493, ""latitude"": 30.839051, ""longitude"": -94.86249, ""mile_post"": ""NA"", ""municipality"": ""Leggett"", ""state_number"": ""48"", ""highway_route"": ""US59S"", ""nhs_rest_stop"": ""NHS Rest Stop or Truck Facility 81"", ""number_of_spots"": 30}",2019-01-01 00:00:00+00,ntad_parking,44,unknown,59,50,0,{}
1494,public_rest_area,NHS Rest Stop or Truck Facility 6,TX,10,POINT(-102.070247000147 30.8555790002431),ntad_parking,18,2026-07-22 08:31:07.98657+00,2019-01-01 00:00:00+00,68,95,17,100,50,{},"{""state"": ""TX"", ""county"": ""Pecos"", ""OBJECTID"": 1494, ""latitude"": 30.855579, ""longitude"": -102.070247, ""mile_post"": ""308"", ""municipality"": ""Sher"", ""state_number"": ""48"", ""highway_route"": ""I-10W"", ""nhs_rest_stop"": ""NHS Rest Stop or Truck Facility 6"", ""number_of_spots"": 10}",2019-01-01 00:00:00+00,ntad_parking,44,unknown,59,50,0,{}
1495,public_rest_area,NHS Rest Stop or Truck Facility 5,TX,12,POINT(-102.08283800007 30.8619540003322),ntad_parking,18,2026-07-22 08:31:07.98657+00,2019-01-01 00:00:00+00,68,95,17,100,50,{},"{""state"": ""TX"", ""county"": ""Pecos"", ""OBJECTID"": 1495, ""latitude"": 30.861954, ""longitude"": -102.082838, ""mile_post"": ""308"", ""municipality"": ""Sher"", ""state_number"": ""48"", ""highway_route"": ""I-10E"", ""nhs_rest_stop"": ""NHS Rest Stop or Truck Facility 5"", ""number_of_spots"": 12}",2019-01-01 00:00:00+00,ntad_parking,44,unknown,59,50,0,{}
1496,public_rest_area,NHS Rest Stop or Truck Facility 54,TX,28,POINT(-97.5588560000512 30.9028860003193),ntad_parking,18,2026-07-22 08:31:07.98657+00,2019-01-01 00:00:00+00,68,95,17,100,50,{},"{""state"": ""TX"", ""county"": ""Bell"", ""OBJECTID"": 1496, ""latitude"": 30.902886, ""longitude"": -97.558856, ""mile_post"": ""281"", ""municipality"": ""Salado"", ""state_number"": ""48"", ""highway_route"": ""I-35N"", ""nhs_rest_stop"": ""NHS Rest Stop or Truck Facility 54"", ""number_of_spots"": 28}",2019-01-01 00:00:00+00,ntad_parking,44,unknown,59,50,0,{}
1497,public_rest_area,NHS Rest Stop or Truck Facility 57,TX,28,POINT(-97.5521169995882 30.9121100001935),ntad_parking,18,2026-07-22 08:31:07.98657+00,2019-01-01 00:00:00+00,68,95,17,100,50,{},"{""state"": ""TX"", ""county"": ""Bell"", ""OBJECTID"": 1497, ""latitude"": 30.91211, ""longitude"": -97.552117, ""mile_post"": ""282"", ""municipality"": ""Salado"", ""state_number"": ""48"", ""highway_route"": ""I-35S"", ""nhs_rest_stop"": ""NHS Rest Stop or Truck Facility 57"", ""number_of_spots"": 28}",2019-01-01 00:00:00+00,ntad_parking,44,unknown,59,50,0,{}
1498,public_rest_area,NHS Rest Stop or Truck Facility 4,TX,33,POINT(-103.310782999871 30.938383000335),ntad_parking,18,2026-07-22 08:31:07.98657+00,2019-01-01 00:00:00+00,68,95,17,100,50,{},"{""state"": ""TX"", ""county"": ""Pecos"", ""OBJECTID"": 1498, ""latitude"": 30.938383, ""longitude"": -103.310783, ""mile_post"": ""233"", ""municipality"": ""Belding"", ""state_number"": ""48"", ""highway_route"": ""I-10E"", ""nhs_rest_stop"": ""NHS Rest Stop or Truck Facility 4"", ""number_of_spots"": 33}",2019-01-01 00:00:00+00,ntad_parking,44,unknown,59,50,0,{}
1499,public_rest_area,NHS Rest Stop or Truck Facility 17,TX,34,POINT(-103.308745000071 30.938774000064),ntad_parking,18,2026-07-22 08:31:07.98657+00,2019-01-01 00:00:00+00,68,95,17,100,50,{},"{""state"": ""TX"", ""county"": ""Pecos"", ""OBJECTID"": 1499, ""latitude"": 30.938774, ""longitude"": -103.308745, ""mile_post"": ""233"", ""municipality"": ""Belding"", ""state_number"": ""48"", ""highway_route"": ""I-10W"", ""nhs_rest_stop"": ""NHS Rest Stop or Truck Facility 17"", ""number_of_spots"": 34}",2019-01-01 00:00:00+00,ntad_parking,44,unknown,59,50,0,{}
15,public_rest_area,Greene County Rest Area (NB),AL,38,POINT(-87.9594329997748 32.8412490003654),ntad_parking,18,2026-07-22 08:31:07.98657+00,2019-01-01 00:00:00+00,68,95,17,100,50,{},"{""state"": ""AL"", ""county"": ""Greene"", ""OBJECTID"": 15, ""latitude"": 32.841249, ""longitude"": -87.959433, ""mile_post"": ""37.979"", ""municipality"": ""Eutaw"", ""state_number"": ""01"", ""highway_route"": ""I-59 NB"", ""nhs_rest_stop"": ""Greene County Rest Area (NB)"", ""number_of_spots"": 38}",2019-01-01 00:00:00+00,ntad_parking,44,unknown,59,50,0,{}
150,public_rest_area,Lakehead Rest Area,CA,18,POINT(-122.398353000042 40.9174950003164),ntad_parking,18,2026-07-22 08:31:07.98657+00,2019-01-01 00:00:00+00,68,95,17,100,50,{},"{""state"": ""CA"", ""county"": ""Shasta"", ""OBJECTID"": 150, ""latitude"": 40.917495, ""longitude"": -122.398353, ""mile_post"": ""PM R43.2"", ""municipality"": ""Lakehead"", ""state_number"": ""06"", ""highway_route"": ""I-5S"", ""nhs_rest_stop"": ""Lakehead Rest Area"", ""number_of_spots"": 18}",2019-01-01 00:00:00+00,ntad_parking,44,unknown,59,50,0,{}
1500,public_rest_area,NHS Rest Stop or Truck Facility 3,TX,16,POINT(-104.754033999809 31.0428500000036),ntad_parking,18,2026-07-22 08:31:07.98657+00,2019-01-01 00:00:00+00,68,95,17,100,50,{},"{""state"": ""TX"", ""county"": ""Culberson"", ""OBJECTID"": 1500, ""latitude"": 31.04285, ""longitude"": -104.754034, ""mile_post"": ""144"", ""municipality"": ""Lobo"", ""state_number"": ""48"", ""highway_route"": ""I-10E"", ""nhs_rest_stop"": ""NHS Rest Stop or Truck Facility 3"", ""number_of_spots"": 16}",2019-01-01 00:00:00+00,ntad_parking,44,unknown,59,50,0,{}
1501,public_rest_area,NHS Rest Stop or Truck Facility 16,TX,18,POINT(-104.753092000351 31.0436070001866),ntad_parking,18,2026-07-22 08:31:07.98657+00,2019-01-01 00:00:00+00,68,95,17,100,50,{},"{""state"": ""TX"", ""county"": ""Culberson"", ""OBJECTID"": 1501, ""latitude"": 31.043607, ""longitude"": -104.753092, ""mile_post"": ""144"", ""municipality"": ""Lobo"", ""state_number"": ""48"", ""highway_route"": ""I-10W"", ""nhs_rest_stop"": ""NHS Rest Stop or Truck Facility 16"", ""number_of_spots"": 18}",2019-01-01 00:00:00+00,ntad_parking,44,unknown,59,50,0,{}
1502,public_rest_area,NHS Rest Stop or Truck Facility 91,TX,5,POINT(-99.9620799996723 31.2180840000758),ntad_parking,18,2026-07-22 08:31:07.98657+00,2019-01-01 00:00:00+00,68,95,17,100,50,{},"{""state"": ""TX"", ""county"": ""Concho"", ""OBJECTID"": 1502, ""latitude"": 31.218084, ""longitude"": -99.96208, ""mile_post"": ""NA"", ""municipality"": ""Eden"", ""state_number"": ""48"", ""highway_route"": ""US87N"", ""nhs_rest_stop"": ""NHS Rest Stop or Truck Facility 91"", ""number_of_spots"": 5}",2019-01-01 00:00:00+00,ntad_parking,44,unknown,59,50,0,{}
1503,public_rest_area,NHS Rest Stop or Truck Facility 15,TX,7,POINT(-106.116958999904 31.503963999784),ntad_parking,18,2026-07-22 08:31:07.98657+00,2019-01-01 00:00:00+00,68,95,17,100,50,{},"{""state"": ""TX"", ""county"": ""El Paso"", ""OBJECTID"": 1503, ""latitude"": 31.503964, ""longitude"": -106.116959, ""mile_post"": ""51"", ""municipality"": ""Fabens"", ""state_number"": ""48"", ""highway_route"": ""I-10W"", ""nhs_rest_stop"": ""NHS Rest Stop or Truck Facility 15"", ""number_of_spots"": 7}",2019-01-01 00:00:00+00,ntad_parking,44,unknown,59,50,0,{}
1504,public_rest_area,NHS Rest Stop or Truck Facility 2,TX,5,POINT(-106.121611000163 31.5070279996838),ntad_parking,18,2026-07-22 08:31:07.98657+00,2019-01-01 00:00:00+00,68,95,17,100,50,{},"{""state"": ""TX"", ""county"": ""El Paso"", ""OBJECTID"": 1504, ""latitude"": 31.507028, ""longitude"": -106.121611, ""mile_post"": ""51"", ""municipality"": ""Fabens"", ""state_number"": ""48"", ""highway_route"": ""I-10E"", ""nhs_rest_stop"": ""NHS Rest Stop or Truck Facility 2"", ""number_of_spots"": 5}",2019-01-01 00:00:00+00,ntad_parking,44,unknown,59,50,0,{}
1505,public_rest_area,UNKNOWN,TX,26,POINT(-103.071686999608 31.538086000125),ntad_parking,18,2026-07-22 08:31:07.98657+00,2019-01-01 00:00:00+00,68,95,17,100,50,{},"{""state"": ""TX"", ""county"": ""Ward"", ""OBJECTID"": 1505, ""latitude"": 31.538086, ""longitude"": -103.071687, ""mile_post"": ""69"", ""municipality"": ""Monahans"", ""state_number"": ""48"", ""highway_route"": ""I-20E"", ""nhs_rest_stop"": ""UNKNOWN"", ""number_of_spots"": 26}",2019-01-01 00:00:00+00,ntad_parking,44,unknown,59,50,0,{}
1506,public_rest_area,NHS Rest Stop or Truck Facility 28,TX,25,POINT(-103.067797999605 31.5391329998419),ntad_parking,18,2026-07-22 08:31:07.98657+00,2019-01-01 00:00:00+00,68,95,17,100,50,{},"{""state"": ""TX"", ""county"": ""Ward"", ""OBJECTID"": 1506, ""latitude"": 31.539133, ""longitude"": -103.067798, ""mile_post"": ""69"", ""municipality"": ""Pyote"", ""state_number"": ""48"", ""highway_route"": ""I-20E"", ""nhs_rest_stop"": ""NHS Rest Stop or Truck Facility 28"", ""number_of_spots"": 25}",2019-01-01 00:00:00+00,ntad_parking,44,unknown,59,50,0,{}
1507,public_rest_area,NHS Rest Stop or Truck Facility 35,TX,25,POINT(-103.067922000352 31.5397399997001),ntad_parking,18,2026-07-22 08:31:07.98657+00,2019-01-01 00:00:00+00,68,95,17,100,50,{},"{""state"": ""TX"", ""county"": ""Ward"", ""OBJECTID"": 1507, ""latitude"": 31.53974, ""longitude"": -103.067922, ""mile_post"": ""69"", ""municipality"": ""Pyote"", ""state_number"": ""48"", ""highway_route"": ""I-20W"", ""nhs_rest_stop"": ""NHS Rest Stop or Truck Facility 35"", ""number_of_spots"": 25}",2019-01-01 00:00:00+00,ntad_parking,44,unknown,59,50,0,{}
1508,public_rest_area,UNKNOWN,TX,26,POINT(-103.063923999671 31.5407709996192),ntad_parking,18,2026-07-22 08:31:07.98657+00,2019-01-01 00:00:00+00,68,95,17,100,50,{},"{""state"": ""TX"", ""county"": ""Ward"", ""OBJECTID"": 1508, ""latitude"": 31.540771, ""longitude"": -103.063924, ""mile_post"": ""69"", ""municipality"": ""Monahans"", ""state_number"": ""48"", ""highway_route"": ""I-20W"", ""nhs_rest_stop"": ""UNKNOWN"", ""number_of_spots"": 26}",2019-01-01 00:00:00+00,ntad_parking,44,unknown,59,50,0,{}
1509,public_rest_area,NHS Rest Stop or Truck Facility 89,TX,5,POINT(-100.781489000288 31.7030369998948),ntad_parking,18,2026-07-22 08:31:07.98657+00,2019-01-01 00:00:00+00,68,95,17,100,50,{},"{""state"": ""TX"", ""county"": ""Coke"", ""OBJECTID"": 1509, ""latitude"": 31.703037, ""longitude"": -100.781489, ""mile_post"": ""NA"", ""municipality"": ""Water Valley"", ""state_number"": ""48"", ""highway_route"": ""US87"", ""nhs_rest_stop"": ""NHS Rest Stop or Truck Facility 89"", ""number_of_spots"": 5}",2019-01-01 00:00:00+00,ntad_parking,44,unknown,59,50,0,{}
151,public_rest_area,Trinidad Southbound,CA,8,POINT(-124.150180000061 41.0921500003222),ntad_parking,18,2026-07-22 08:31:07.98657+00,2019-01-01 00:00:00+00,68,95,17,100,50,{},"{""state"": ""CA"", ""county"": ""Humboldt"", ""OBJECTID"": 151, ""latitude"": 41.09215, ""longitude"": -124.15018, ""mile_post"": ""PM 105.2"", ""municipality"": ""Miranda"", ""state_number"": ""06"", ""highway_route"": ""US101S"", ""nhs_rest_stop"": ""Trinidad Southbound"", ""number_of_spots"": 8}",2019-01-01 00:00:00+00,ntad_parking,44,unknown,59,50,0,{}
1510,public_rest_area,NHS Rest Stop or Truck Facility 65,TX,28,POINT(-96.3953580000421 31.9117220001818),ntad_parking,18,2026-07-22 08:31:07.98657+00,2019-01-01 00:00:00+00,68,95,17,100,50,{},"{""state"": ""TX"", ""county"": ""Navarro"", ""OBJECTID"": 1510, ""latitude"": 31.911722, ""longitude"": -96.395358, ""mile_post"": ""216"", ""municipality"": ""Richland"", ""state_number"": ""48"", ""highway_route"": ""I-45S"", ""nhs_rest_stop"": ""NHS Rest Stop or Truck Facility 65"", ""number_of_spots"": 28}",2019-01-01 00:00:00+00,ntad_parking,44,unknown,59,50,0,{}
1511,public_rest_area,UNKNOWN,TX,60,POINT(-97.095124000092 31.9118169997766),ntad_parking,18,2026-07-22 08:31:07.98657+00,2019-01-01 00:00:00+00,68,95,17,100,50,{},"{""state"": ""TX"", ""county"": ""Hill"", ""OBJECTID"": 1511, ""latitude"": 31.911817, ""longitude"": -97.095124, ""mile_post"": ""362A"", ""municipality"": ""Abbott"", ""state_number"": ""48"", ""highway_route"": ""I-35N"", ""nhs_rest_stop"": ""UNKNOWN"", ""number_of_spots"": 60}",2019-01-01 00:00:00+00,ntad_parking,44,unknown,59,50,0,{}
1512,public_rest_area,NHS Rest Stop or Truck Facility 64,TX,28,POINT(-96.3940309997213 31.9119620001329),ntad_parking,18,2026-07-22 08:31:07.98657+00,2019-01-01 00:00:00+00,68,95,17,100,50,{},"{""state"": ""TX"", ""county"": ""Navarro"", ""OBJECTID"": 1512, ""latitude"": 31.911962, ""longitude"": -96.394031, ""mile_post"": ""216"", ""municipality"": ""Richland"", ""state_number"": ""48"", ""highway_route"": ""I-45N"", ""nhs_rest_stop"": ""NHS Rest Stop or Truck Facility 64"", ""number_of_spots"": 28}",2019-01-01 00:00:00+00,ntad_parking,44,unknown,59,50,0,{}
1513,public_rest_area,UNKNOWN,TX,60,POINT(-97.1039160004239 31.9302209998978),ntad_parking,18,2026-07-22 08:31:07.98657+00,2019-01-01 00:00:00+00,68,95,17,100,50,{},"{""state"": ""TX"", ""county"": ""Hill"", ""OBJECTID"": 1513, ""latitude"": 31.930221, ""longitude"": -97.103916, ""mile_post"": ""362A"", ""municipality"": ""Abbott"", ""state_number"": ""48"", ""highway_route"": ""I-35S"", ""nhs_rest_stop"": ""UNKNOWN"", ""number_of_spots"": 60}",2019-01-01 00:00:00+00,ntad_parking,44,unknown,59,50,0,{}
1514,public_rest_area,NHS Rest Stop or Truck Facility 29,TX,9,POINT(-101.260137000026 32.3006349997666),ntad_parking,18,2026-07-22 08:31:07.98657+00,2019-01-01 00:00:00+00,68,95,17,100,50,{},"{""state"": ""TX"", ""county"": ""Howard"", ""OBJECTID"": 1514, ""latitude"": 32.300635, ""longitude"": -101.260137, ""mile_post"": ""191"", ""municipality"": ""Coahoma"", ""state_number"": ""48"", ""highway_route"": ""I-20E"", ""nhs_rest_stop"": ""NHS Rest Stop or Truck Facility 29"", ""number_of_spots"": 9}",2019-01-01 00:00:00+00,ntad_parking,44,unknown,59,50,0,{}
1515,public_rest_area,NHS Rest Stop or Truck Facility 36,TX,10,POINT(-101.06307099978 32.3432489996307),ntad_parking,18,2026-07-22 08:31:07.98657+00,2019-01-01 00:00:00+00,68,95,17,100,50,{},"{""state"": ""TX"", ""county"": ""Mitchell"", ""OBJECTID"": 1515, ""latitude"": 32.343249, ""longitude"": -101.063071, ""mile_post"": ""204"", ""municipality"": ""Westbrook"", ""state_number"": ""48"", ""highway_route"": ""I-20W"", ""nhs_rest_stop"": ""NHS Rest Stop or Truck Facility 36"", ""number_of_spots"": 10}",2019-01-01 00:00:00+00,ntad_parking,44,unknown,59,50,0,{}
1516,public_rest_area,NHS Rest Stop or Truck Facility 39,TX,8,POINT(-99.5735610000632 32.4274869998652),ntad_parking,18,2026-07-22 08:31:07.98657+00,2019-01-01 00:00:00+00,68,95,17,100,50,{},"{""state"": ""TX"", ""county"": ""Callahan"", ""OBJECTID"": 1516, ""latitude"": 32.427487, ""longitude"": -99.573561, ""mile_post"": ""297"", ""municipality"": ""Clyde"", ""state_number"": ""48"", ""highway_route"": ""I-20W"", ""nhs_rest_stop"": ""NHS Rest Stop or Truck Facility 39"", ""number_of_spots"": 8}",2019-01-01 00:00:00+00,ntad_parking,44,unknown,59,50,0,{}
1517,public_rest_area,NHS Rest Stop or Truck Facility 31,TX,10,POINT(-99.5814770001609 32.4277459996847),ntad_parking,18,2026-07-22 08:31:07.98657+00,2019-01-01 00:00:00+00,68,95,17,100,50,{},"{""state"": ""TX"", ""county"": ""Callahan"", ""OBJECTID"": 1517, ""latitude"": 32.427746, ""longitude"": -99.581477, ""mile_post"": ""296"", ""municipality"": ""Clyde"", ""state_number"": ""48"", ""highway_route"": ""I-20E"", ""nhs_rest_stop"": ""NHS Rest Stop or Truck Facility 31"", ""number_of_spots"": 10}",2019-01-01 00:00:00+00,ntad_parking,44,unknown,59,50,0,{}
1518,public_rest_area,UNKNOWN,TX,28,POINT(-98.6482999998016 32.4569000000382),ntad_parking,18,2026-07-22 08:31:07.98657+00,2019-01-01 00:00:00+00,68,95,17,100,50,{},"{""state"": ""TX"", ""county"": ""Eastland"", ""OBJECTID"": 1518, ""latitude"": 32.4569, ""longitude"": -98.6483, ""mile_post"": ""353"", ""municipality"": ""Ranger"", ""state_number"": ""48"", ""highway_route"": ""IH20E"", ""nhs_rest_stop"": ""UNKNOWN"", ""number_of_spots"": 28}",2019-01-01 00:00:00+00,ntad_parking,44,unknown,59,50,0,{}
1519,public_rest_area,NHS Rest Stop or Truck Facility 30,TX,8,POINT(-100.209537000272 32.4869590001397),ntad_parking,18,2026-07-22 08:31:07.98657+00,2019-01-01 00:00:00+00,68,95,17,100,50,{},"{""state"": ""TX"", ""county"": ""Nolan"", ""OBJECTID"": 1519, ""latitude"": 32.486959, ""longitude"": -100.209537, ""mile_post"": ""256"", ""municipality"": ""Trent"", ""state_number"": ""48"", ""highway_route"": ""I-20E"", ""nhs_rest_stop"": ""NHS Rest Stop or Truck Facility 30"", ""number_of_spots"": 8}",2019-01-01 00:00:00+00,ntad_parking,44,unknown,59,50,0,{}
152,public_rest_area,Trinidad Northbound,CA,7,POINT(-124.150810000247 41.1251499998165),ntad_parking,18,2026-07-22 08:31:07.98657+00,2019-01-01 00:00:00+00,68,95,17,100,50,{},"{""state"": ""CA"", ""county"": ""Humboldt"", ""OBJECTID"": 152, ""latitude"": 41.12515, ""longitude"": -124.15081, ""mile_post"": ""PM 105.9"", ""municipality"": ""Miranda"", ""state_number"": ""06"", ""highway_route"": ""US101N"", ""nhs_rest_stop"": ""Trinidad Northbound"", ""number_of_spots"": 7}",2019-01-01 00:00:00+00,ntad_parking,44,unknown,59,50,0,{}
1520,public_rest_area,NHS Rest Stop or Truck Facility 38,TX,5,POINT(-100.208615999832 32.4874290000558),ntad_parking,18,2026-07-22 08:31:07.98657+00,2019-01-01 00:00:00+00,68,95,17,100,50,{},"{""state"": ""TX"", ""county"": ""Nolan"", ""OBJECTID"": 1520, ""latitude"": 32.487429, ""longitude"": -100.208616, ""mile_post"": ""257"", ""municipality"": ""Trent"", ""state_number"": ""48"", ""highway_route"": ""I-20W"", ""nhs_rest_stop"": ""NHS Rest Stop or Truck Facility 38"", ""number_of_spots"": 5}",2019-01-01 00:00:00+00,ntad_parking,44,unknown,59,50,0,{}
1521,public_rest_area,NHS Rest Stop or Truck Facility 41,TX,5,POINT(-100.208615999832 32.4874290000558),ntad_parking,18,2026-07-22 08:31:07.98657+00,2019-01-01 00:00:00+00,68,95,17,100,50,{},"{""state"": ""TX"", ""county"": ""Nolan"", ""OBJECTID"": 1521, ""latitude"": 32.487429, ""longitude"": -100.208616, ""mile_post"": ""538"", ""municipality"": ""Trent"", ""state_number"": ""48"", ""highway_route"": ""I-20W"", ""nhs_rest_stop"": ""NHS Rest Stop or Truck Facility 41"", ""number_of_spots"": 5}",2019-01-01 00:00:00+00,ntad_parking,44,unknown,59,50,0,{}
1522,public_rest_area,UNKNOWN,TX,28,POINT(-98.5492000001395 32.4905999997925),ntad_parking,18,2026-07-22 08:31:07.98657+00,2019-01-01 00:00:00+00,68,95,17,100,50,{},"{""state"": ""TX"", ""county"": ""Eastland"", ""OBJECTID"": 1522, ""latitude"": 32.4906, ""longitude"": -98.5492, ""mile_post"": ""359"", ""municipality"": ""Ranger"", ""state_number"": ""48"", ""highway_route"": ""IH20W"", ""nhs_rest_stop"": ""UNKNOWN"", ""number_of_spots"": 28}",2019-01-01 00:00:00+00,ntad_parking,44,unknown,59,50,0,{}
1523,public_rest_area,NHS Rest Stop or Truck Facility 34,TX,15,POINT(-95.6863260000074 32.5140279999642),ntad_parking,18,2026-07-22 08:31:07.98657+00,2019-01-01 00:00:00+00,68,95,17,100,50,{},"{""state"": ""TX"", ""county"": ""Van Zandt"", ""OBJECTID"": 1523, ""latitude"": 32.514028, ""longitude"": -95.686326, ""mile_post"": ""NA"", ""municipality"": ""Van"", ""state_number"": ""48"", ""highway_route"": ""I-20E"", ""nhs_rest_stop"": ""NHS Rest Stop or Truck Facility 34"", ""number_of_spots"": 15}",2019-01-01 00:00:00+00,ntad_parking,44,unknown,59,50,0,{}
1524,public_rest_area,NHS Rest Stop or Truck Facility 42,TX,15,POINT(-95.6869970002022 32.5152659998564),ntad_parking,18,2026-07-22 08:31:07.98657+00,2019-01-01 00:00:00+00,68,95,17,100,50,{},"{""state"": ""TX"", ""county"": ""Van Zandt"", ""OBJECTID"": 1524, ""latitude"": 32.515266, ""longitude"": -95.686997, ""mile_post"": ""538"", ""municipality"": ""Van"", ""state_number"": ""48"", ""highway_route"": ""I-20W"", ""nhs_rest_stop"": ""NHS Rest Stop or Truck Facility 42"", ""number_of_spots"": 15}",2019-01-01 00:00:00+00,ntad_parking,44,unknown,59,50,0,{}
1525,public_rest_area,NHS Rest Stop or Truck Facility 77,TX,6,POINT(-102.612479999686 32.5201260003433),ntad_parking,18,2026-07-22 08:31:07.98657+00,2019-01-01 00:00:00+00,68,95,17,100,50,{},"{""state"": ""TX"", ""county"": ""Andrews"", ""OBJECTID"": 1525, ""latitude"": 32.520126, ""longitude"": -102.61248, ""mile_post"": ""NA"", ""municipality"": ""Andrews"", ""state_number"": ""48"", ""highway_route"": ""US385N"", ""nhs_rest_stop"": ""NHS Rest Stop or Truck Facility 77"", ""number_of_spots"": 6}",2019-01-01 00:00:00+00,ntad_parking,44,unknown,59,50,0,{}
1526,public_rest_area,NHS Rest Stop or Truck Facility 66,TX,5,POINT(-99.7801619999071 33.0253709999922),ntad_parking,18,2026-07-22 08:31:07.98657+00,2019-01-01 00:00:00+00,68,95,17,100,50,{},"{""state"": ""TX"", ""county"": ""Haskell"", ""OBJECTID"": 1526, ""latitude"": 33.025371, ""longitude"": -99.780162, ""mile_post"": ""257"", ""municipality"": ""Stamford"", ""state_number"": ""48"", ""highway_route"": ""US277S"", ""nhs_rest_stop"": ""NHS Rest Stop or Truck Facility 66"", ""number_of_spots"": 5}",2019-01-01 00:00:00+00,ntad_parking,44,unknown,59,50,0,{}
1527,public_rest_area,UNKNOWN,TX,26,POINT(-95.817799999715 33.1307999999651),ntad_parking,18,2026-07-22 08:31:07.98657+00,2019-01-01 00:00:00+00,68,95,17,100,50,{},"{""state"": ""TX"", ""county"": ""Hopkins"", ""OBJECTID"": 1527, ""latitude"": 33.1308, ""longitude"": -95.8178, ""mile_post"": ""110"", ""municipality"": ""Cumby"", ""state_number"": ""48"", ""highway_route"": ""IH30E"", ""nhs_rest_stop"": ""UNKNOWN"", ""number_of_spots"": 26}",2019-01-01 00:00:00+00,ntad_parking,44,unknown,59,50,0,{}
1528,public_rest_area,UNKNOWN,TX,26,POINT(-95.8185999997812 33.1311999999742),ntad_parking,18,2026-07-22 08:31:07.98657+00,2019-01-01 00:00:00+00,68,95,17,100,50,{},"{""state"": ""TX"", ""county"": ""Hopkins"", ""OBJECTID"": 1528, ""latitude"": 33.1312, ""longitude"": -95.8186, ""mile_post"": ""112"", ""municipality"": ""Cumby"", ""state_number"": ""48"", ""highway_route"": ""IH30W"", ""nhs_rest_stop"": ""UNKNOWN"", ""number_of_spots"": 26}",2019-01-01 00:00:00+00,ntad_parking,44,unknown,59,50,0,{}
1529,public_rest_area,NHS Rest Stop or Truck Facility 68,TX,8,POINT(-97.6333949998334 33.2860770001377),ntad_parking,18,2026-07-22 08:31:07.98657+00,2019-01-01 00:00:00+00,68,95,17,100,50,{},"{""state"": ""TX"", ""county"": ""Wise"", ""OBJECTID"": 1529, ""latitude"": 33.286077, ""longitude"": -97.633395, ""mile_post"": ""NA"", ""municipality"": ""Decatur"", ""state_number"": ""48"", ""highway_route"": ""US287"", ""nhs_rest_stop"": ""NHS Rest Stop or Truck Facility 68"", ""number_of_spots"": 8}",2019-01-01 00:00:00+00,ntad_parking,44,unknown,59,50,0,{}
153,public_rest_area,Weed Airport Southbound,CA,18,POINT(-122.456538000295 41.4778940001177),ntad_parking,18,2026-07-22 08:31:07.98657+00,2019-01-01 00:00:00+00,68,95,17,100,50,{},"{""state"": ""CA"", ""county"": ""Siskiyou"", ""OBJECTID"": 153, ""latitude"": 41.477894, ""longitude"": -122.456538, ""mile_post"": ""PM 25.6"", ""municipality"": ""Weed"", ""state_number"": ""06"", ""highway_route"": ""I-5S MM"", ""nhs_rest_stop"": ""Weed Airport Southbound"", ""number_of_spots"": 18}",2019-01-01 00:00:00+00,ntad_parking,44,unknown,59,50,0,{}
1530,public_rest_area,NHS Rest Stop or Truck Facility 86,TX,3,POINT(-101.157589000402 33.6666479996356),ntad_parking,18,2026-07-22 08:31:07.98657+00,2019-01-01 00:00:00+00,68,95,17,100,50,{},"{""state"": ""TX"", ""county"": ""Crosby"", ""OBJECTID"": 1530, ""latitude"": 33.666648, ""longitude"": -101.157589, ""mile_post"": ""NA"", ""municipality"": ""Crosbyton"", ""state_number"": ""48"", ""highway_route"": ""US82E"", ""nhs_rest_stop"": ""NHS Rest Stop or Truck Facility 86"", ""number_of_spots"": 3}",2019-01-01 00:00:00+00,ntad_parking,44,unknown,59,50,0,{}
1531,public_rest_area,NHS Rest Stop or Truck Facility 45,TX,10,POINT(-101.855514000295 33.9340850003253),ntad_parking,18,2026-07-22 08:31:07.98657+00,2019-01-01 00:00:00+00,68,95,17,100,50,{},"{""state"": ""TX"", ""county"": ""Hale"", ""OBJECTID"": 1531, ""latitude"": 33.934085, ""longitude"": -101.855514, ""mile_post"": ""28"", ""municipality"": ""Abernathy"", ""state_number"": ""48"", ""highway_route"": ""I-27S"", ""nhs_rest_stop"": ""NHS Rest Stop or Truck Facility 45"", ""number_of_spots"": 10}",2019-01-01 00:00:00+00,ntad_parking,44,unknown,59,50,0,{}
1532,public_rest_area,NHS Rest Stop or Truck Facility 44,TX,20,POINT(-101.853181999869 33.9354179998328),ntad_parking,18,2026-07-22 08:31:07.98657+00,2019-01-01 00:00:00+00,68,95,17,100,50,{},"{""state"": ""TX"", ""county"": ""Hale"", ""OBJECTID"": 1532, ""latitude"": 33.935418, ""longitude"": -101.853182, ""mile_post"": ""28"", ""municipality"": ""Abernathy"", ""state_number"": ""48"", ""highway_route"": ""I-27N"", ""nhs_rest_stop"": ""NHS Rest Stop or Truck Facility 44"", ""number_of_spots"": 20}",2019-01-01 00:00:00+00,ntad_parking,44,unknown,59,50,0,{}
1533,public_rest_area,NHS Rest Stop or Truck Facility 74,TX,6,POINT(-98.7178030000836 33.9654359999593),ntad_parking,18,2026-07-22 08:31:07.98657+00,2019-01-01 00:00:00+00,68,95,17,100,50,{},"{""state"": ""TX"", ""county"": ""Wichita"", ""OBJECTID"": 1533, ""latitude"": 33.965436, ""longitude"": -98.717803, ""mile_post"": ""NA"", ""municipality"": ""Iowa Park"", ""state_number"": ""48"", ""highway_route"": ""US287S"", ""nhs_rest_stop"": ""NHS Rest Stop or Truck Facility 74"", ""number_of_spots"": 6}",2019-01-01 00:00:00+00,ntad_parking,44,unknown,59,50,0,{}
1534,public_rest_area,NHS Rest Stop or Truck Facility 71,TX,10,POINT(-98.7106770000063 33.9669510000184),ntad_parking,18,2026-07-22 08:31:07.98657+00,2019-01-01 00:00:00+00,68,95,17,100,50,{},"{""state"": ""TX"", ""county"": ""Wichita"", ""OBJECTID"": 1534, ""latitude"": 33.966951, ""longitude"": -98.710677, ""mile_post"": ""NA"", ""municipality"": ""Iowa Park"", ""state_number"": ""48"", ""highway_route"": ""US287N"", ""nhs_rest_stop"": ""NHS Rest Stop or Truck Facility 71"", ""number_of_spots"": 10}",2019-01-01 00:00:00+00,ntad_parking,44,unknown,59,50,0,{}
1535,public_rest_area,NHS Rest Stop or Truck Facility 75,TX,20,POINT(-99.6309920002811 34.2674420002474),ntad_parking,18,2026-07-22 08:31:07.98657+00,2019-01-01 00:00:00+00,68,95,17,100,50,{},"{""state"": ""TX"", ""county"": ""Hardeman"", ""OBJECTID"": 1535, ""latitude"": 34.267442, ""longitude"": -99.630992, ""mile_post"": ""NA"", ""municipality"": ""Medicine Mound"", ""state_number"": ""48"", ""highway_route"": ""US287S"", ""nhs_rest_stop"": ""NHS Rest Stop or Truck Facility 75"", ""number_of_spots"": 20}",2019-01-01 00:00:00+00,ntad_parking,44,unknown,59,50,0,{}
1536,public_rest_area,NHS Rest Stop or Truck Facility 72,TX,20,POINT(-99.6333959997792 34.2705159999099),ntad_parking,18,2026-07-22 08:31:07.98657+00,2019-01-01 00:00:00+00,68,95,17,100,50,{},"{""state"": ""TX"", ""county"": ""Hardeman"", ""OBJECTID"": 1536, ""latitude"": 34.270516, ""longitude"": -99.633396, ""mile_post"": ""NA"", ""municipality"": ""Medicine Mound"", ""state_number"": ""48"", ""highway_route"": ""US287N"", ""nhs_rest_stop"": ""NHS Rest Stop or Truck Facility 72"", ""number_of_spots"": 20}",2019-01-01 00:00:00+00,ntad_parking,44,unknown,59,50,0,{}
1537,public_rest_area,NHS Rest Stop or Truck Facility 70,TX,26,POINT(-100.61182900036 34.829625000267),ntad_parking,18,2026-07-22 08:31:07.98657+00,2019-01-01 00:00:00+00,68,95,17,100,50,{},"{""state"": ""TX"", ""county"": ""Donley"", ""OBJECTID"": 1537, ""latitude"": 34.829625, ""longitude"": -100.611829, ""mile_post"": ""NA"", ""municipality"": ""Hedley"", ""state_number"": ""48"", ""highway_route"": ""US287N"", ""nhs_rest_stop"": ""NHS Rest Stop or Truck Facility 70"", ""number_of_spots"": 26}",2019-01-01 00:00:00+00,ntad_parking,44,unknown,59,50,0,{}
1538,public_rest_area,NHS Rest Stop or Truck Facility 73,TX,25,POINT(-100.618263000326 34.8296960001562),ntad_parking,18,2026-07-22 08:31:07.98657+00,2019-01-01 00:00:00+00,68,95,17,100,50,{},"{""state"": ""TX"", ""county"": ""Donley"", ""OBJECTID"": 1538, ""latitude"": 34.829696, ""longitude"": -100.618263, ""mile_post"": ""NA"", ""municipality"": ""Hedley"", ""state_number"": ""48"", ""highway_route"": ""US287S"", ""nhs_rest_stop"": ""NHS Rest Stop or Truck Facility 73"", ""number_of_spots"": 25}",2019-01-01 00:00:00+00,ntad_parking,44,unknown,59,50,0,{}
1539,public_rest_area,NHS Rest Stop or Truck Facility 88,TX,6,POINT(-100.222595000175 34.9586540000564),ntad_parking,18,2026-07-22 08:31:07.98657+00,2019-01-01 00:00:00+00,68,95,17,100,50,{},"{""state"": ""TX"", ""county"": ""Collingsworth"", ""OBJECTID"": 1539, ""latitude"": 34.958654, ""longitude"": -100.222595, ""mile_post"": ""NA"", ""municipality"": ""Lutie"", ""state_number"": ""48"", ""highway_route"": ""US83S"", ""nhs_rest_stop"": ""NHS Rest Stop or Truck Facility 88"", ""number_of_spots"": 6}",2019-01-01 00:00:00+00,ntad_parking,44,unknown,59,50,0,{}
154,public_rest_area,Weed Airport Northbound,CA,15,POINT(-122.462979999759 41.492049999787),ntad_parking,18,2026-07-22 08:31:07.98657+00,2019-01-01 00:00:00+00,68,95,17,100,50,{},"{""state"": ""CA"", ""county"": ""Siskiyou"", ""OBJECTID"": 154, ""latitude"": 41.49205, ""longitude"": -122.46298, ""mile_post"": ""PM R25.6"", ""municipality"": ""Weed"", ""state_number"": ""06"", ""highway_route"": ""I-5 N"", ""nhs_rest_stop"": ""Weed Airport Northbound"", ""number_of_spots"": 15}",2019-01-01 00:00:00+00,ntad_parking,44,unknown,59,50,0,{}
1540,public_rest_area,NHS Rest Stop or Truck Facility 62,TX,52,POINT(-100.830289999658 35.1794649997825),ntad_parking,18,2026-07-22 08:31:07.98657+00,2019-01-01 00:00:00+00,68,95,17,100,50,{},"{""state"": ""TX"", ""county"": ""Donley"", ""OBJECTID"": 1540, ""latitude"": 35.179465, ""longitude"": -100.83029, ""mile_post"": ""129"", ""municipality"": ""Alanreed"", ""state_number"": ""48"", ""highway_route"": ""I-40E"", ""nhs_rest_stop"": ""NHS Rest Stop or Truck Facility 62"", ""number_of_spots"": 52}",2019-01-01 00:00:00+00,ntad_parking,44,unknown,59,50,0,{}
1541,public_rest_area,NHS Rest Stop or Truck Facility 63,TX,47,POINT(-100.802382000098 35.1968600003574),ntad_parking,18,2026-07-22 08:31:07.98657+00,2019-01-01 00:00:00+00,68,95,17,100,50,{},"{""state"": ""TX"", ""county"": ""Gray"", ""OBJECTID"": 1541, ""latitude"": 35.19686, ""longitude"": -100.802382, ""mile_post"": ""131"", ""municipality"": ""Alanreed"", ""state_number"": ""48"", ""highway_route"": ""I-40W"", ""nhs_rest_stop"": ""NHS Rest Stop or Truck Facility 63"", ""number_of_spots"": 47}",2019-01-01 00:00:00+00,ntad_parking,44,unknown,59,50,0,{}
1542,public_rest_area,St. George (NB),UT,54,POINT(-113.613588000388 37.0120859999636),ntad_parking,18,2026-07-22 08:31:07.98657+00,2019-01-01 00:00:00+00,68,95,17,100,50,{},"{""state"": ""UT"", ""county"": ""NA"", ""OBJECTID"": 1542, ""latitude"": 37.012086, ""longitude"": -113.613588, ""mile_post"": ""1"", ""municipality"": ""St. George"", ""state_number"": ""49"", ""highway_route"": ""I-15"", ""nhs_rest_stop"": ""St. George (NB)"", ""number_of_spots"": 54}",2019-01-01 00:00:00+00,ntad_parking,44,unknown,59,50,0,{}
1543,public_rest_area,St. George (SB),UT,54,POINT(-113.616001000107 37.0132970001993),ntad_parking,18,2026-07-22 08:31:07.98657+00,2019-01-01 00:00:00+00,68,95,17,100,50,{},"{""state"": ""UT"", ""county"": ""NA"", ""OBJECTID"": 1543, ""latitude"": 37.013297, ""longitude"": -113.616001, ""mile_post"": ""1"", ""municipality"": ""St. George"", ""state_number"": ""49"", ""highway_route"": ""I-15"", ""nhs_rest_stop"": ""St. George (SB)"", ""number_of_spots"": 54}",2019-01-01 00:00:00+00,ntad_parking,44,unknown,59,50,0,{}
1544,public_rest_area,Kanarraville (NB),UT,14,POINT(-113.211552000393 37.5132219996579),ntad_parking,18,2026-07-22 08:31:07.98657+00,2019-01-01 00:00:00+00,68,95,17,100,50,{},"{""state"": ""UT"", ""county"": ""NA"", ""OBJECTID"": 1544, ""latitude"": 37.513222, ""longitude"": -113.211552, ""mile_post"": ""44"", ""municipality"": ""Kanarraville"", ""state_number"": ""49"", ""highway_route"": ""I-15"", ""nhs_rest_stop"": ""Kanarraville (NB)"", ""number_of_spots"": 14}",2019-01-01 00:00:00+00,ntad_parking,44,unknown,59,50,0,{}
1545,public_rest_area,Kanarraville (SB),UT,13,POINT(-113.212638999616 37.5165489997091),ntad_parking,18,2026-07-22 08:31:07.98657+00,2019-01-01 00:00:00+00,68,95,17,100,50,{},"{""state"": ""UT"", ""county"": ""NA"", ""OBJECTID"": 1545, ""latitude"": 37.516549, ""longitude"": -113.212639, ""mile_post"": ""44"", ""municipality"": ""Kanarraville"", ""state_number"": ""49"", ""highway_route"": ""I-15"", ""nhs_rest_stop"": ""Kanarraville (SB)"", ""number_of_spots"": 13}",2019-01-01 00:00:00+00,ntad_parking,44,unknown,59,50,0,{}
1546,public_rest_area,Lunt Park (NB),UT,20,POINT(-112.736612999835 37.9802270002136),ntad_parking,18,2026-07-22 08:31:07.98657+00,2019-01-01 00:00:00+00,68,95,17,100,50,{},"{""state"": ""UT"", ""county"": ""NA"", ""OBJECTID"": 1546, ""latitude"": 37.980227, ""longitude"": -112.736613, ""mile_post"": ""87"", ""municipality"": ""Paragonah"", ""state_number"": ""49"", ""highway_route"": ""I-15"", ""nhs_rest_stop"": ""Lunt Park (NB)"", ""number_of_spots"": 20}",2019-01-01 00:00:00+00,ntad_parking,44,unknown,59,50,0,{}
1547,public_rest_area,Lunt Park (SB),UT,20,POINT(-112.738527999612 37.9824880001305),ntad_parking,18,2026-07-22 08:31:07.98657+00,2019-01-01 00:00:00+00,68,95,17,100,50,{},"{""state"": ""UT"", ""county"": ""NA"", ""OBJECTID"": 1547, ""latitude"": 37.982488, ""longitude"": -112.738528, ""mile_post"": ""87"", ""municipality"": ""Paragonah"", ""state_number"": ""49"", ""highway_route"": ""I-15"", ""nhs_rest_stop"": ""Lunt Park (SB)"", ""number_of_spots"": 20}",2019-01-01 00:00:00+00,ntad_parking,44,unknown,59,50,0,{}
1548,public_rest_area,Ivie Creek (EB & WB),UT,10,POINT(-111.418271999942 38.7550739998958),ntad_parking,18,2026-07-22 08:31:07.98657+00,2019-01-01 00:00:00+00,68,95,17,100,50,{},"{""state"": ""UT"", ""county"": ""NA"", ""OBJECTID"": 1548, ""latitude"": 38.755074, ""longitude"": -111.418272, ""mile_post"": ""86"", ""municipality"": ""Freemont Jct"", ""state_number"": ""49"", ""highway_route"": ""I-70"", ""nhs_rest_stop"": ""Ivie Creek (EB & WB)"", ""number_of_spots"": 10}",2019-01-01 00:00:00+00,ntad_parking,44,unknown,59,50,0,{}
1549,public_rest_area,Salt Wash (EB),UT,10,POINT(-111.117923000304 38.8292350002164),ntad_parking,18,2026-07-22 08:31:07.98657+00,2019-01-01 00:00:00+00,68,95,17,100,50,{},"{""state"": ""UT"", ""county"": ""NA"", ""OBJECTID"": 1549, ""latitude"": 38.829235, ""longitude"": -111.117923, ""mile_post"": ""104"", ""municipality"": ""N/A"", ""state_number"": ""49"", ""highway_route"": ""I-70"", ""nhs_rest_stop"": ""Salt Wash (EB)"", ""number_of_spots"": 10}",2019-01-01 00:00:00+00,ntad_parking,44,unknown,59,50,0,{}
155,public_rest_area,Grass Lake,CA,11,POINT(-122.166900000065 41.6426769996684),ntad_parking,18,2026-07-22 08:31:07.98657+00,2019-01-01 00:00:00+00,68,95,17,100,50,{},"{""state"": ""CA"", ""county"": ""Siskiyou"", ""OBJECTID"": 155, ""latitude"": 41.642677, ""longitude"": -122.1669, ""mile_post"": ""PM 21.8"", ""municipality"": ""Montague"", ""state_number"": ""06"", ""highway_route"": ""US 97"", ""nhs_rest_stop"": ""Grass Lake"", ""number_of_spots"": 11}",2019-01-01 00:00:00+00,ntad_parking,44,unknown,59,50,0,{}
1550,public_rest_area,Salt Wash (WB),UT,6,POINT(-111.111235999719 38.8329459999674),ntad_parking,18,2026-07-22 08:31:07.98657+00,2019-01-01 00:00:00+00,68,95,17,100,50,{},"{""state"": ""UT"", ""county"": ""NA"", ""OBJECTID"": 1550, ""latitude"": 38.832946, ""longitude"": -111.111236, ""mile_post"": ""104"", ""municipality"": ""N/A"", ""state_number"": ""49"", ""highway_route"": ""I-70"", ""nhs_rest_stop"": ""Salt Wash (WB)"", ""number_of_spots"": 6}",2019-01-01 00:00:00+00,ntad_parking,44,unknown,59,50,0,{}
1551,public_rest_area,Devils Canyon (EB),UT,5,POINT(-110.925799999672 38.8490900002974),ntad_parking,18,2026-07-22 08:31:07.98657+00,2019-01-01 00:00:00+00,68,95,17,100,50,{},"{""state"": ""UT"", ""county"": ""NA"", ""OBJECTID"": 1551, ""latitude"": 38.84909, ""longitude"": -110.9258, ""mile_post"": ""115"", ""municipality"": ""N/A"", ""state_number"": ""49"", ""highway_route"": ""I-70"", ""nhs_rest_stop"": ""Devils Canyon (EB)"", ""number_of_spots"": 5}",2019-01-01 00:00:00+00,ntad_parking,44,unknown,59,50,0,{}
1552,public_rest_area,Eagle Canyon (EB & WB),UT,5,POINT(-110.908285000402 38.8553400002398),ntad_parking,18,2026-07-22 08:31:07.98657+00,2019-01-01 00:00:00+00,68,95,17,100,50,{},"{""state"": ""UT"", ""county"": ""NA"", ""OBJECTID"": 1552, ""latitude"": 38.85534, ""longitude"": -110.908285, ""mile_post"": ""116"", ""municipality"": ""N/A"", ""state_number"": ""49"", ""highway_route"": ""I-70"", ""nhs_rest_stop"": ""Eagle Canyon (EB & WB)"", ""number_of_spots"": 5}",2019-01-01 00:00:00+00,ntad_parking,44,unknown,59,50,0,{}
1553,public_rest_area,Ghost Rock (EB),UT,12,POINT(-110.812432999787 38.862398999689),ntad_parking,18,2026-07-22 08:31:07.98657+00,2019-01-01 00:00:00+00,68,95,17,100,50,{},"{""state"": ""UT"", ""county"": ""NA"", ""OBJECTID"": 1553, ""latitude"": 38.862399, ""longitude"": -110.812433, ""mile_post"": ""122"", ""municipality"": ""N/A"", ""state_number"": ""49"", ""highway_route"": ""I-70"", ""nhs_rest_stop"": ""Ghost Rock (EB)"", ""number_of_spots"": 12}",2019-01-01 00:00:00+00,ntad_parking,44,unknown,59,50,0,{}
1554,public_rest_area,Ghost Rock (WB),UT,8,POINT(-110.81368399994 38.8637530001852),ntad_parking,18,2026-07-22 08:31:07.98657+00,2019-01-01 00:00:00+00,68,95,17,100,50,{},"{""state"": ""UT"", ""county"": ""NA"", ""OBJECTID"": 1554, ""latitude"": 38.863753, ""longitude"": -110.813684, ""mile_post"": ""122"", ""municipality"": ""N/A"", ""state_number"": ""49"", ""highway_route"": ""I-70"", ""nhs_rest_stop"": ""Ghost Rock (WB)"", ""number_of_spots"": 8}",2019-01-01 00:00:00+00,ntad_parking,44,unknown,59,50,0,{}
1555,public_rest_area,Reef (WB),UT,10,POINT(-110.430959000064 38.9208860003395),ntad_parking,18,2026-07-22 08:31:07.98657+00,2019-01-01 00:00:00+00,68,95,17,100,50,{},"{""state"": ""UT"", ""county"": ""NA"", ""OBJECTID"": 1555, ""latitude"": 38.920886, ""longitude"": -110.430959, ""mile_post"": ""146"", ""municipality"": ""N/A"", ""state_number"": ""49"", ""highway_route"": ""I-70"", ""nhs_rest_stop"": ""Reef (WB)"", ""number_of_spots"": 10}",2019-01-01 00:00:00+00,ntad_parking,44,unknown,59,50,0,{}
1556,public_rest_area,Spotted Wolf (EB),UT,4,POINT(-110.477290999638 38.9355080001225),ntad_parking,18,2026-07-22 08:31:07.98657+00,2019-01-01 00:00:00+00,68,95,17,100,50,{},"{""state"": ""UT"", ""county"": ""NA"", ""OBJECTID"": 1556, ""latitude"": 38.935508, ""longitude"": -110.477291, ""mile_post"": ""142"", ""municipality"": ""N/A"", ""state_number"": ""49"", ""highway_route"": ""I-70"", ""nhs_rest_stop"": ""Spotted Wolf (EB)"", ""number_of_spots"": 4}",2019-01-01 00:00:00+00,ntad_parking,44,unknown,59,50,0,{}
1557,public_rest_area,Crescent Jct (EB),UT,10,POINT(-109.833000000021 38.9368909998846),ntad_parking,18,2026-07-22 08:31:07.98657+00,2019-01-01 00:00:00+00,68,95,17,100,50,{},"{""state"": ""UT"", ""county"": ""NA"", ""OBJECTID"": 1557, ""latitude"": 38.936891, ""longitude"": -109.833, ""mile_post"": ""181"", ""municipality"": ""Crescent Jct"", ""state_number"": ""49"", ""highway_route"": ""I-70"", ""nhs_rest_stop"": ""Crescent Jct (EB)"", ""number_of_spots"": 10}",2019-01-01 00:00:00+00,ntad_parking,44,unknown,59,50,0,{}
1558,public_rest_area,Black Dragon (WB),UT,2,POINT(-110.480880000065 38.9385999996846),ntad_parking,18,2026-07-22 08:31:07.98657+00,2019-01-01 00:00:00+00,68,95,17,100,50,{},"{""state"": ""UT"", ""county"": ""NA"", ""OBJECTID"": 1558, ""latitude"": 38.9386, ""longitude"": -110.48088, ""mile_post"": ""142"", ""municipality"": ""N/A"", ""state_number"": ""49"", ""highway_route"": ""I-70"", ""nhs_rest_stop"": ""Black Dragon (WB)"", ""number_of_spots"": 2}",2019-01-01 00:00:00+00,ntad_parking,44,unknown,59,50,0,{}
1559,public_rest_area,Thompson (WB),UT,9,POINT(-109.683943000373 38.9514050003328),ntad_parking,18,2026-07-22 08:31:07.98657+00,2019-01-01 00:00:00+00,68,95,17,100,50,{},"{""state"": ""UT"", ""county"": ""NA"", ""OBJECTID"": 1559, ""latitude"": 38.951405, ""longitude"": -109.683943, ""mile_post"": ""189"", ""municipality"": ""Thompson"", ""state_number"": ""49"", ""highway_route"": ""I-70"", ""nhs_rest_stop"": ""Thompson (WB)"", ""number_of_spots"": 9}",2019-01-01 00:00:00+00,ntad_parking,44,unknown,59,50,0,{}
156,public_rest_area,Randolph C. Collier,CA,39,POINT(-122.570902999715 41.8529450003105),ntad_parking,18,2026-07-22 08:31:07.98657+00,2019-01-01 00:00:00+00,68,95,17,100,50,{},"{""state"": ""CA"", ""county"": ""Siskiyou"", ""OBJECTID"": 156, ""latitude"": 41.852945, ""longitude"": -122.570903, ""mile_post"": ""PM 58.4"", ""municipality"": ""Henley"", ""state_number"": ""06"", ""highway_route"": ""I-5"", ""nhs_rest_stop"": ""Randolph C. Collier"", ""number_of_spots"": 39}",2019-01-01 00:00:00+00,ntad_parking,44,unknown,59,50,0,{}
1560,public_rest_area,Harely Dome (WB),UT,7,POINT(-109.117000999918 39.1885789997306),ntad_parking,18,2026-07-22 08:31:07.98657+00,2019-01-01 00:00:00+00,68,95,17,100,50,{},"{""state"": ""UT"", ""county"": ""NA"", ""OBJECTID"": 1560, ""latitude"": 39.188579, ""longitude"": -109.117001, ""mile_post"": ""229"", ""municipality"": ""N/A"", ""state_number"": ""49"", ""highway_route"": ""I-70"", ""nhs_rest_stop"": ""Harely Dome (WB)"", ""number_of_spots"": 7}",2019-01-01 00:00:00+00,ntad_parking,44,unknown,59,50,0,{}
1561,public_rest_area,Jeremy Ranch (WB),UT,10,POINT(-111.513864000266 40.7247140002125),ntad_parking,18,2026-07-22 08:31:07.98657+00,2019-01-01 00:00:00+00,68,95,17,100,50,{},"{""state"": ""UT"", ""county"": ""NA"", ""OBJECTID"": 1561, ""latitude"": 40.724714, ""longitude"": -111.513864, ""mile_post"": ""146"", ""municipality"": ""N/A"", ""state_number"": ""49"", ""highway_route"": ""I-80"", ""nhs_rest_stop"": ""Jeremy Ranch (WB)"", ""number_of_spots"": 10}",2019-01-01 00:00:00+00,ntad_parking,44,unknown,59,50,0,{}
1562,public_rest_area,Salt Flats (EB),UT,12,POINT(-113.856993999705 40.7378750000661),ntad_parking,18,2026-07-22 08:31:07.98657+00,2019-01-01 00:00:00+00,68,95,17,100,50,{},"{""state"": ""UT"", ""county"": ""NA"", ""OBJECTID"": 1562, ""latitude"": 40.737875, ""longitude"": -113.856994, ""mile_post"": ""10"", ""municipality"": ""N/A"", ""state_number"": ""49"", ""highway_route"": ""I-80"", ""nhs_rest_stop"": ""Salt Flats (EB)"", ""number_of_spots"": 12}",2019-01-01 00:00:00+00,ntad_parking,44,unknown,59,50,0,{}
1563,public_rest_area,Jeremy Ranch (EB),UT,10,POINT(-111.559375999682 40.7400899997793),ntad_parking,18,2026-07-22 08:31:07.98657+00,2019-01-01 00:00:00+00,68,95,17,100,50,{},"{""state"": ""UT"", ""county"": ""NA"", ""OBJECTID"": 1563, ""latitude"": 40.74009, ""longitude"": -111.559376, ""mile_post"": ""144"", ""municipality"": ""N/A"", ""state_number"": ""49"", ""highway_route"": ""I-80"", ""nhs_rest_stop"": ""Jeremy Ranch (EB)"", ""number_of_spots"": 10}",2019-01-01 00:00:00+00,ntad_parking,44,unknown,59,50,0,{}
1564,public_rest_area,Salt Flats (WB),UT,8,POINT(-113.852009000259 40.7402460001406),ntad_parking,18,2026-07-22 08:31:07.98657+00,2019-01-01 00:00:00+00,68,95,17,100,50,{},"{""state"": ""UT"", ""county"": ""NA"", ""OBJECTID"": 1564, ""latitude"": 40.740246, ""longitude"": -113.852009, ""mile_post"": ""10"", ""municipality"": ""N/A"", ""state_number"": ""49"", ""highway_route"": ""I-80"", ""nhs_rest_stop"": ""Salt Flats (WB)"", ""number_of_spots"": 8}",2019-01-01 00:00:00+00,ntad_parking,44,unknown,59,50,0,{}
1565,public_rest_area,Wendover (EB),UT,6,POINT(-113.990373999867 40.7445870002914),ntad_parking,18,2026-07-22 08:31:07.98657+00,2019-01-01 00:00:00+00,68,95,17,100,50,{},"{""state"": ""UT"", ""county"": ""NA"", ""OBJECTID"": 1565, ""latitude"": 40.744587, ""longitude"": -113.990374, ""mile_post"": ""3"", ""municipality"": ""Wendover"", ""state_number"": ""49"", ""highway_route"": ""I-80"", ""nhs_rest_stop"": ""Wendover (EB)"", ""number_of_spots"": 6}",2019-01-01 00:00:00+00,ntad_parking,44,unknown,59,50,0,{}
1566,public_rest_area,Wendover (WB),UT,6,POINT(-113.99001700039 40.7455570000134),ntad_parking,18,2026-07-22 08:31:07.98657+00,2019-01-01 00:00:00+00,68,95,17,100,50,{},"{""state"": ""UT"", ""county"": ""NA"", ""OBJECTID"": 1566, ""latitude"": 40.745557, ""longitude"": -113.990017, ""mile_post"": ""3"", ""municipality"": ""Wendover"", ""state_number"": ""49"", ""highway_route"": ""I-80"", ""nhs_rest_stop"": ""Wendover (WB)"", ""number_of_spots"": 6}",2019-01-01 00:00:00+00,ntad_parking,44,unknown,59,50,0,{}
1567,public_rest_area,Grassy Mountain (EB),UT,15,POINT(-113.018307000378 40.7553429997834),ntad_parking,18,2026-07-22 08:31:07.98657+00,2019-01-01 00:00:00+00,68,95,17,100,50,{},"{""state"": ""UT"", ""county"": ""NA"", ""OBJECTID"": 1567, ""latitude"": 40.755343, ""longitude"": -113.018307, ""mile_post"": ""54"", ""municipality"": ""N/A"", ""state_number"": ""49"", ""highway_route"": ""I-80"", ""nhs_rest_stop"": ""Grassy Mountain (EB)"", ""number_of_spots"": 15}",2019-01-01 00:00:00+00,ntad_parking,44,unknown,59,50,0,{}
1568,public_rest_area,Grassy Mountain (WB),UT,17,POINT(-113.010375000387 40.7623570001797),ntad_parking,18,2026-07-22 08:31:07.98657+00,2019-01-01 00:00:00+00,68,95,17,100,50,{},"{""state"": ""UT"", ""county"": ""NA"", ""OBJECTID"": 1568, ""latitude"": 40.762357, ""longitude"": -113.010375, ""mile_post"": ""55"", ""municipality"": ""N/A"", ""state_number"": ""49"", ""highway_route"": ""I-80"", ""nhs_rest_stop"": ""Grassy Mountain (WB)"", ""number_of_spots"": 17}",2019-01-01 00:00:00+00,ntad_parking,44,unknown,59,50,0,{}
1569,public_rest_area,Echo Reservoir(WB),UT,4,POINT(-111.405879000386 40.9893349998059),ntad_parking,18,2026-07-22 08:31:07.98657+00,2019-01-01 00:00:00+00,68,95,17,100,50,{},"{""state"": ""UT"", ""county"": ""NA"", ""OBJECTID"": 1569, ""latitude"": 40.989335, ""longitude"": -111.405879, ""mile_post"": ""166"", ""municipality"": ""N/A"", ""state_number"": ""49"", ""highway_route"": ""I-80"", ""nhs_rest_stop"": ""Echo Reservoir(WB)"", ""number_of_spots"": 4}",2019-01-01 00:00:00+00,ntad_parking,44,unknown,59,50,0,{}
157,public_rest_area,Collier Tunnel,CA,4,POINT(-123.747190000014 41.966700000051),ntad_parking,18,2026-07-22 08:31:07.98657+00,2019-01-01 00:00:00+00,68,95,17,100,50,{},"{""state"": ""CA"", ""county"": ""Del Norte"", ""OBJECTID"": 157, ""latitude"": 41.9667, ""longitude"": -123.74719, ""mile_post"": ""PM 33.3"", ""municipality"": ""Patrick Creek"", ""state_number"": ""06"", ""highway_route"": ""US199"", ""nhs_rest_stop"": ""Collier Tunnel"", ""number_of_spots"": 4}",2019-01-01 00:00:00+00,ntad_parking,44,unknown,59,50,0,{}
1570,public_rest_area,Echo Canyon (WB),UT,22,POINT(-111.405879000386 40.9893349998059),ntad_parking,18,2026-07-22 08:31:07.98657+00,2019-01-01 00:00:00+00,68,95,17,100,50,{},"{""state"": ""UT"", ""county"": ""NA"", ""OBJECTID"": 1570, ""latitude"": 40.989335, ""longitude"": -111.405879, ""mile_post"": ""169"", ""municipality"": ""Echo"", ""state_number"": ""49"", ""highway_route"": ""I-80"", ""nhs_rest_stop"": ""Echo Canyon (WB)"", ""number_of_spots"": 22}",2019-01-01 00:00:00+00,ntad_parking,44,unknown,59,50,0,{}
1571,public_rest_area,Echo Reservoir (EB),UT,3,POINT(-111.402777999855 40.989672999902),ntad_parking,18,2026-07-22 08:31:07.98657+00,2019-01-01 00:00:00+00,68,95,17,100,50,{},"{""state"": ""UT"", ""county"": ""NA"", ""OBJECTID"": 1571, ""latitude"": 40.989673, ""longitude"": -111.402778, ""mile_post"": ""165"", ""municipality"": ""N/A"", ""state_number"": ""49"", ""highway_route"": ""I-80"", ""nhs_rest_stop"": ""Echo Reservoir (EB)"", ""number_of_spots"": 3}",2019-01-01 00:00:00+00,ntad_parking,44,unknown,59,50,0,{}
1572,public_rest_area,Echo Canyon (EB),UT,5,POINT(-111.402792999924 40.9897109998005),ntad_parking,18,2026-07-22 08:31:07.98657+00,2019-01-01 00:00:00+00,68,95,17,100,50,{},"{""state"": ""UT"", ""county"": ""NA"", ""OBJECTID"": 1572, ""latitude"": 40.989711, ""longitude"": -111.402793, ""mile_post"": ""169"", ""municipality"": ""Echo"", ""state_number"": ""49"", ""highway_route"": ""I-80"", ""nhs_rest_stop"": ""Echo Canyon (EB)"", ""number_of_spots"": 5}",2019-01-01 00:00:00+00,ntad_parking,44,unknown,59,50,0,{}
1573,public_rest_area,Kaysville (SB),UT,10,POINT(-111.935367000016 41.0081520003042),ntad_parking,18,2026-07-22 08:31:07.98657+00,2019-01-01 00:00:00+00,68,95,17,100,50,{},"{""state"": ""UT"", ""county"": ""NA"", ""OBJECTID"": 1573, ""latitude"": 41.008152, ""longitude"": -111.935367, ""mile_post"": ""326"", ""municipality"": ""Kaysville"", ""state_number"": ""49"", ""highway_route"": ""I-15"", ""nhs_rest_stop"": ""Kaysville (SB)"", ""number_of_spots"": 10}",2019-01-01 00:00:00+00,ntad_parking,44,unknown,59,50,0,{}
1574,public_rest_area,Kaysville (NB),UT,10,POINT(-111.933560000195 41.0088640003271),ntad_parking,18,2026-07-22 08:31:07.98657+00,2019-01-01 00:00:00+00,68,95,17,100,50,{},"{""state"": ""UT"", ""county"": ""NA"", ""OBJECTID"": 1574, ""latitude"": 41.008864, ""longitude"": -111.93356, ""mile_post"": ""326"", ""municipality"": ""Kaysville"", ""state_number"": ""49"", ""highway_route"": ""I-15"", ""nhs_rest_stop"": ""Kaysville (NB)"", ""number_of_spots"": 10}",2019-01-01 00:00:00+00,ntad_parking,44,unknown,59,50,0,{}
1575,public_rest_area,Mountain Green (WB),UT,8,POINT(-111.796890000255 41.1379049999724),ntad_parking,18,2026-07-22 08:31:07.98657+00,2019-01-01 00:00:00+00,68,95,17,100,50,{},"{""state"": ""UT"", ""county"": ""NA"", ""OBJECTID"": 1575, ""latitude"": 41.137905, ""longitude"": -111.79689, ""mile_post"": ""94"", ""municipality"": ""Mountain Green"", ""state_number"": ""49"", ""highway_route"": ""I-84"", ""nhs_rest_stop"": ""Mountain Green (WB)"", ""number_of_spots"": 8}",2019-01-01 00:00:00+00,ntad_parking,44,unknown,59,50,0,{}
1576,public_rest_area,Weber Canyon (EB),UT,8,POINT(-111.847806000316 41.1391479999848),ntad_parking,18,2026-07-22 08:31:07.98657+00,2019-01-01 00:00:00+00,68,95,17,100,50,{},"{""state"": ""UT"", ""county"": ""NA"", ""OBJECTID"": 1576, ""latitude"": 41.139148, ""longitude"": -111.847806, ""mile_post"": ""91"", ""municipality"": ""Mountain Green"", ""state_number"": ""49"", ""highway_route"": ""I-84"", ""nhs_rest_stop"": ""Weber Canyon (EB)"", ""number_of_spots"": 8}",2019-01-01 00:00:00+00,ntad_parking,44,unknown,59,50,0,{}
1577,public_rest_area,Perry (NB),UT,13,POINT(-112.056049000125 41.4397170002901),ntad_parking,18,2026-07-22 08:31:07.98657+00,2019-01-01 00:00:00+00,68,95,17,100,50,{},"{""state"": ""UT"", ""county"": ""NA"", ""OBJECTID"": 1577, ""latitude"": 41.439717, ""longitude"": -112.056049, ""mile_post"": ""359"", ""municipality"": ""Perry"", ""state_number"": ""49"", ""highway_route"": ""I-15"", ""nhs_rest_stop"": ""Perry (NB)"", ""number_of_spots"": 13}",2019-01-01 00:00:00+00,ntad_parking,44,unknown,59,50,0,{}
1578,public_rest_area,Perry (SB),UT,10,POINT(-112.05755800002 41.4402159996982),ntad_parking,18,2026-07-22 08:31:07.98657+00,2019-01-01 00:00:00+00,68,95,17,100,50,{},"{""state"": ""UT"", ""county"": ""NA"", ""OBJECTID"": 1578, ""latitude"": 41.440216, ""longitude"": -112.057558, ""mile_post"": ""359"", ""municipality"": ""Perry"", ""state_number"": ""49"", ""highway_route"": ""I-15"", ""nhs_rest_stop"": ""Perry (SB)"", ""number_of_spots"": 10}",2019-01-01 00:00:00+00,ntad_parking,44,unknown,59,50,0,{}
1579,public_rest_area,Perry (NB),UT,10,POINT(-112.053678000239 41.4670930001096),ntad_parking,18,2026-07-22 08:31:07.98657+00,2019-01-01 00:00:00+00,68,95,17,100,50,{},"{""state"": ""UT"", ""county"": ""NA"", ""OBJECTID"": 1579, ""latitude"": 41.467093, ""longitude"": -112.053678, ""mile_post"": ""361"", ""municipality"": ""Perry"", ""state_number"": ""49"", ""highway_route"": ""I-15"", ""nhs_rest_stop"": ""Perry (NB)"", ""number_of_spots"": 10}",2019-01-01 00:00:00+00,ntad_parking,44,unknown,59,50,0,{}
158,public_rest_area,El Moro Rest Area,CO,20,POINT(-104.494953999582 37.2257129996585),ntad_parking,18,2026-07-22 08:31:07.98657+00,2019-01-01 00:00:00+00,68,95,17,100,50,{},"{""state"": ""CO"", ""county"": ""Las Animas"", ""OBJECTID"": 158, ""latitude"": 37.225713, ""longitude"": -104.494954, ""mile_post"": ""18"", ""municipality"": ""Trinidad"", ""state_number"": ""08"", ""highway_route"": ""I-25"", ""nhs_rest_stop"": ""El Moro Rest Area"", ""number_of_spots"": 20}",2019-01-01 00:00:00+00,ntad_parking,44,unknown,59,50,0,{}
1580,public_rest_area,Brigham (SB),UT,12,POINT(-112.069868999561 41.5523430000662),ntad_parking,18,2026-07-22 08:31:07.98657+00,2019-01-01 00:00:00+00,68,95,17,100,50,{},"{""state"": ""UT"", ""county"": ""NA"", ""OBJECTID"": 1580, ""latitude"": 41.552343, ""longitude"": -112.069869, ""mile_post"": ""367"", ""municipality"": ""Brigham City"", ""state_number"": ""49"", ""highway_route"": ""I-15"", ""nhs_rest_stop"": ""Brigham (SB)"", ""number_of_spots"": 12}",2019-01-01 00:00:00+00,ntad_parking,44,unknown,59,50,0,{}
1581,public_rest_area,Bracey Safety Rest Area/Welcome Center,VA,22,POINT(-78.1790580003791 36.5544769998546),ntad_parking,18,2026-07-22 08:31:07.98657+00,2019-01-01 00:00:00+00,68,95,17,100,50,{},"{""state"": ""VA"", ""county"": ""Mecklenberg"", ""OBJECTID"": 1581, ""latitude"": 36.554477, ""longitude"": -78.179058, ""mile_post"": ""0.5"", ""municipality"": ""Bracey"", ""state_number"": ""51"", ""highway_route"": ""I-85N"", ""nhs_rest_stop"": ""Bracey Safety Rest Area/Welcome Center"", ""number_of_spots"": 22}",2019-01-01 00:00:00+00,ntad_parking,44,unknown,59,50,0,{}
1582,public_rest_area,Lambsburg Safety Rest Area/Welcome Center,VA,13,POINT(-80.7434469996975 36.5640230001623),ntad_parking,18,2026-07-22 08:31:07.98657+00,2019-01-01 00:00:00+00,68,95,17,100,50,{},"{""state"": ""VA"", ""county"": ""Carroll"", ""OBJECTID"": 1582, ""latitude"": 36.564023, ""longitude"": -80.743447, ""mile_post"": ""1"", ""municipality"": ""Lamsburg"", ""state_number"": ""51"", ""highway_route"": ""I-77N"", ""nhs_rest_stop"": ""Lambsburg Safety Rest Area/Welcome Center"", ""number_of_spots"": 13}",2019-01-01 00:00:00+00,ntad_parking,44,unknown,59,50,0,{}
1583,public_rest_area,Abingdon Truck-Only Safety Rest Area North,VA,48,POINT(-82.0295580003836 36.6840619999978),ntad_parking,18,2026-07-22 08:31:07.98657+00,2019-01-01 00:00:00+00,68,95,17,100,50,{},"{""state"": ""VA"", ""county"": ""Washington"", ""OBJECTID"": 1583, ""latitude"": 36.684062, ""longitude"": -82.029558, ""mile_post"": ""13"", ""municipality"": ""Abingdon"", ""state_number"": ""51"", ""highway_route"": ""I-81N"", ""nhs_rest_stop"": ""Abingdon Truck-Only Safety Rest Area North"", ""number_of_spots"": 48}",2019-01-01 00:00:00+00,ntad_parking,44,unknown,59,50,0,{}
1584,public_rest_area,Alberta Safety Rest Area North,VA,13,POINT(-77.8383130002924 36.8631419998859),ntad_parking,18,2026-07-22 08:31:07.98657+00,2019-01-01 00:00:00+00,68,95,17,100,50,{},"{""state"": ""VA"", ""county"": ""Brunswick"", ""OBJECTID"": 1584, ""latitude"": 36.863142, ""longitude"": -77.838313, ""mile_post"": ""32"", ""municipality"": ""Alberta"", ""state_number"": ""51"", ""highway_route"": ""I-85N"", ""nhs_rest_stop"": ""Alberta Safety Rest Area North"", ""number_of_spots"": 13}",2019-01-01 00:00:00+00,ntad_parking,44,unknown,59,50,0,{}
1585,public_rest_area,Alberta Safety Rest Area South,VA,13,POINT(-77.8372289996458 36.8665030002809),ntad_parking,18,2026-07-22 08:31:07.98657+00,2019-01-01 00:00:00+00,68,95,17,100,50,{},"{""state"": ""VA"", ""county"": ""Brunswick"", ""OBJECTID"": 1585, ""latitude"": 36.866503, ""longitude"": -77.837229, ""mile_post"": ""32"", ""municipality"": ""Alberta"", ""state_number"": ""51"", ""highway_route"": ""I-85S"", ""nhs_rest_stop"": ""Alberta Safety Rest Area South"", ""number_of_spots"": 13}",2019-01-01 00:00:00+00,ntad_parking,44,unknown,59,50,0,{}
1586,public_rest_area,Smyth Safety Rest Area South,VA,6,POINT(-81.3859239998198 36.8839110002052),ntad_parking,18,2026-07-22 08:31:07.98657+00,2019-01-01 00:00:00+00,68,95,17,100,50,{},"{""state"": ""VA"", ""county"": ""NA"", ""OBJECTID"": 1586, ""latitude"": 36.883911, ""longitude"": -81.385924, ""mile_post"": ""53"", ""municipality"": ""Smyth"", ""state_number"": ""51"", ""highway_route"": ""I-81S"", ""nhs_rest_stop"": ""Smyth Safety Rest Area South"", ""number_of_spots"": 6}",2019-01-01 00:00:00+00,ntad_parking,44,unknown,59,50,0,{}
1587,public_rest_area,Carson Safety Rest Area North,VA,35,POINT(-77.3899480001983 37.015497999991),ntad_parking,18,2026-07-22 08:31:07.98657+00,2019-01-01 00:00:00+00,68,95,17,100,50,{},"{""state"": ""VA"", ""county"": ""Prince George"", ""OBJECTID"": 1587, ""latitude"": 37.015498, ""longitude"": -77.389948, ""mile_post"": ""37"", ""municipality"": ""Carson"", ""state_number"": ""51"", ""highway_route"": ""I-95N"", ""nhs_rest_stop"": ""Carson Safety Rest Area North"", ""number_of_spots"": 35}",2019-01-01 00:00:00+00,ntad_parking,44,unknown,59,50,0,{}
1588,public_rest_area,Radford Safety Rest Area North,VA,14,POINT(-80.5236130000483 37.0985200001334),ntad_parking,18,2026-07-22 08:31:07.98657+00,2019-01-01 00:00:00+00,68,95,17,100,50,{},"{""state"": ""VA"", ""county"": ""Montgomery"", ""OBJECTID"": 1588, ""latitude"": 37.09852, ""longitude"": -80.523613, ""mile_post"": ""108"", ""municipality"": ""Radford"", ""state_number"": ""51"", ""highway_route"": ""I-81N"", ""nhs_rest_stop"": ""Radford Safety Rest Area North"", ""number_of_spots"": 14}",2019-01-01 00:00:00+00,ntad_parking,44,unknown,59,50,0,{}
1589,public_rest_area,Radford Safety Rest Area South,VA,14,POINT(-80.5211400000549 37.0989360000529),ntad_parking,18,2026-07-22 08:31:07.98657+00,2019-01-01 00:00:00+00,68,95,17,100,50,{},"{""state"": ""VA"", ""county"": ""Montgomery"", ""OBJECTID"": 1589, ""latitude"": 37.098936, ""longitude"": -80.52114, ""mile_post"": ""108"", ""municipality"": ""Radford"", ""state_number"": ""51"", ""highway_route"": ""I-81S"", ""nhs_rest_stop"": ""Radford Safety Rest Area South"", ""number_of_spots"": 14}",2019-01-01 00:00:00+00,ntad_parking,44,unknown,59,50,0,{}
159,public_rest_area,Gobbler's Knob Rest Area,CO,13,POINT(-102.605706999786 37.7636619996541),ntad_parking,18,2026-07-22 08:31:07.98657+00,2019-01-01 00:00:00+00,68,95,17,100,50,{},"{""state"": ""CO"", ""county"": ""Prowers"", ""OBJECTID"": 159, ""latitude"": 37.763662, ""longitude"": -102.605707, ""mile_post"": ""55"", ""municipality"": ""Lamar"", ""state_number"": ""08"", ""highway_route"": ""US287"", ""nhs_rest_stop"": ""Gobbler's Knob Rest Area"", ""number_of_spots"": 13}",2019-01-01 00:00:00+00,ntad_parking,44,unknown,59,50,0,{}
1590,public_rest_area,Dinwiddie Safety Rest Area North,VA,13,POINT(-77.5442050002765 37.1010679998811),ntad_parking,18,2026-07-22 08:31:07.98657+00,2019-01-01 00:00:00+00,68,95,17,100,50,{},"{""state"": ""VA"", ""county"": ""Dinwiddie"", ""OBJECTID"": 1590, ""latitude"": 37.101068, ""longitude"": -77.544205, ""mile_post"": ""55"", ""municipality"": ""Dinwiddie"", ""state_number"": ""51"", ""highway_route"": ""I-85N"", ""nhs_rest_stop"": ""Dinwiddie Safety Rest Area North"", ""number_of_spots"": 13}",2019-01-01 00:00:00+00,ntad_parking,44,unknown,59,50,0,{}
1591,public_rest_area,Dinwiddie Safety Rest Area South,VA,20,POINT(-77.5441860000099 37.1032159996865),ntad_parking,18,2026-07-22 08:31:07.98657+00,2019-01-01 00:00:00+00,68,95,17,100,50,{},"{""state"": ""VA"", ""county"": ""Dinwiddie"", ""OBJECTID"": 1591, ""latitude"": 37.103216, ""longitude"": -77.544186, ""mile_post"": ""55"", ""municipality"": ""Dinwiddie"", ""state_number"": ""51"", ""highway_route"": ""I-85S"", ""nhs_rest_stop"": ""Dinwiddie Safety Rest Area South"", ""number_of_spots"": 20}",2019-01-01 00:00:00+00,ntad_parking,44,unknown,59,50,0,{}
1592,public_rest_area,Rocky Gap Safety Rest Area North,VA,26,POINT(-81.1293440002486 37.1853810001493),ntad_parking,18,2026-07-22 08:31:07.98657+00,2019-01-01 00:00:00+00,68,95,17,100,50,{},"{""state"": ""VA"", ""county"": ""Bland"", ""OBJECTID"": 1592, ""latitude"": 37.185381, ""longitude"": -81.129344, ""mile_post"": ""59"", ""municipality"": ""Rocky Gap"", ""state_number"": ""51"", ""highway_route"": ""I-77N"", ""nhs_rest_stop"": ""Rocky Gap Safety Rest Area North"", ""number_of_spots"": 26}",2019-01-01 00:00:00+00,ntad_parking,44,unknown,59,50,0,{}
1593,public_rest_area,Rocky Gap Safety Rest Area/Welcome Center,VA,24,POINT(-81.1044860002678 37.2064779996672),ntad_parking,18,2026-07-22 08:31:07.98657+00,2019-01-01 00:00:00+00,68,95,17,100,50,{},"{""state"": ""VA"", ""county"": ""Bland"", ""OBJECTID"": 1593, ""latitude"": 37.206478, ""longitude"": -81.104486, ""mile_post"": ""61"", ""municipality"": ""Rocky Gap"", ""state_number"": ""51"", ""highway_route"": ""I-77S"", ""nhs_rest_stop"": ""Rocky Gap Safety Rest Area/Welcome Center"", ""number_of_spots"": 24}",2019-01-01 00:00:00+00,ntad_parking,44,unknown,59,50,0,{}
1594,public_rest_area,Ironto Safety Rest Area North,VA,22,POINT(-80.2250250002008 37.2397159999333),ntad_parking,18,2026-07-22 08:31:07.98657+00,2019-01-01 00:00:00+00,68,95,17,100,50,{},"{""state"": ""VA"", ""county"": ""Montgomery"", ""OBJECTID"": 1594, ""latitude"": 37.239716, ""longitude"": -80.225025, ""mile_post"": ""129"", ""municipality"": ""Ironto"", ""state_number"": ""51"", ""highway_route"": ""I-81N"", ""nhs_rest_stop"": ""Ironto Safety Rest Area North"", ""number_of_spots"": 22}",2019-01-01 00:00:00+00,ntad_parking,44,unknown,59,50,0,{}
1595,public_rest_area,Troutville Safety Rest Area South,VA,7,POINT(-79.8118150001172 37.468652000132),ntad_parking,18,2026-07-22 08:31:07.98657+00,2019-01-01 00:00:00+00,68,95,17,100,50,{},"{""state"": ""VA"", ""county"": ""Botetourt"", ""OBJECTID"": 1595, ""latitude"": 37.468652, ""longitude"": -79.811815, ""mile_post"": ""158"", ""municipality"": ""Troutville"", ""state_number"": ""51"", ""highway_route"": ""I-81S"", ""nhs_rest_stop"": ""Troutville Safety Rest Area South"", ""number_of_spots"": 7}",2019-01-01 00:00:00+00,ntad_parking,44,unknown,59,50,0,{}
1596,public_rest_area,New Kent Safety Rest Area East/Welcome Center,VA,70,POINT(-77.0437650000302 37.4969260000574),ntad_parking,18,2026-07-22 08:31:07.98657+00,2019-01-01 00:00:00+00,68,95,17,100,50,{},"{""state"": ""VA"", ""county"": ""New Kent"", ""OBJECTID"": 1596, ""latitude"": 37.496926, ""longitude"": -77.043765, ""mile_post"": ""213"", ""municipality"": ""New Kent"", ""state_number"": ""51"", ""highway_route"": ""I-64E"", ""nhs_rest_stop"": ""New Kent Safety Rest Area East/Welcome Center"", ""number_of_spots"": 70}",2019-01-01 00:00:00+00,ntad_parking,44,unknown,59,50,0,{}
1597,public_rest_area,New Kent Safety Rest Area West,VA,29,POINT(-77.044103999964 37.4993499998013),ntad_parking,18,2026-07-22 08:31:07.98657+00,2019-01-01 00:00:00+00,68,95,17,100,50,{},"{""state"": ""VA"", ""county"": ""New Kent"", ""OBJECTID"": 1597, ""latitude"": 37.49935, ""longitude"": -77.044104, ""mile_post"": ""213"", ""municipality"": ""New Kent"", ""state_number"": ""51"", ""highway_route"": ""I-64W"", ""nhs_rest_stop"": ""New Kent Safety Rest Area West"", ""number_of_spots"": 29}",2019-01-01 00:00:00+00,ntad_parking,44,unknown,59,50,0,{}
1598,public_rest_area,Goochland Safety Rest Area East,VA,9,POINT(-77.7491130001016 37.700482999936),ntad_parking,18,2026-07-22 08:31:07.98657+00,2019-01-01 00:00:00+00,68,95,17,100,50,{},"{""state"": ""VA"", ""county"": ""Goochland"", ""OBJECTID"": 1598, ""latitude"": 37.700483, ""longitude"": -77.749113, ""mile_post"": ""169"", ""municipality"": ""Goochland"", ""state_number"": ""51"", ""highway_route"": ""I-64E"", ""nhs_rest_stop"": ""Goochland Safety Rest Area East"", ""number_of_spots"": 9}",2019-01-01 00:00:00+00,ntad_parking,44,unknown,59,50,0,{}
1599,public_rest_area,Goochland Safety Rest Area West,VA,9,POINT(-77.7635860001892 37.7052139996979),ntad_parking,18,2026-07-22 08:31:07.98657+00,2019-01-01 00:00:00+00,68,95,17,100,50,{},"{""state"": ""VA"", ""county"": ""Goochland"", ""OBJECTID"": 1599, ""latitude"": 37.705214, ""longitude"": -77.763586, ""mile_post"": ""168"", ""municipality"": ""Goochland"", ""state_number"": ""51"", ""highway_route"": ""I-64W"", ""nhs_rest_stop"": ""Goochland Safety Rest Area West"", ""number_of_spots"": 9}",2019-01-01 00:00:00+00,ntad_parking,44,unknown,59,50,0,{}
16,public_rest_area,Lanett Welcome Center,AL,13,POINT(-85.1925750002895 32.841780999961),ntad_parking,18,2026-07-22 08:31:07.98657+00,2019-01-01 00:00:00+00,68,95,17,100,50,{},"{""state"": ""AL"", ""county"": ""Chambers"", ""OBJECTID"": 16, ""latitude"": 32.841781, ""longitude"": -85.192575, ""mile_post"": ""78.78"", ""municipality"": ""Lanett"", ""state_number"": ""01"", ""highway_route"": ""I-85 SB"", ""nhs_rest_stop"": ""Lanett Welcome Center"", ""number_of_spots"": 13}",2019-01-01 00:00:00+00,ntad_parking,44,unknown,59,50,0,{}
160,public_rest_area,Cuerno Verde-Colorado City,CO,10,POINT(-104.797093000222 37.9626770001361),ntad_parking,18,2026-07-22 08:31:07.98657+00,2019-01-01 00:00:00+00,68,95,17,100,50,{},"{""state"": ""CO"", ""county"": ""Pueblo"", ""OBJECTID"": 160, ""latitude"": 37.962677, ""longitude"": -104.797093, ""mile_post"": ""74"", ""municipality"": ""Colorado City"", ""state_number"": ""08"", ""highway_route"": ""I-25N"", ""nhs_rest_stop"": ""Cuerno Verde-Colorado City"", ""number_of_spots"": 10}",2019-01-01 00:00:00+00,ntad_parking,44,unknown,59,50,0,{}
1600,public_rest_area,Fairfield Safety Rest Area South,VA,6,POINT(-79.3090590002363 37.8752099999004),ntad_parking,18,2026-07-22 08:31:07.98657+00,2019-01-01 00:00:00+00,68,95,17,100,50,{},"{""state"": ""VA"", ""county"": ""Rockbridge"", ""OBJECTID"": 1600, ""latitude"": 37.87521, ""longitude"": -79.309059, ""mile_post"": ""199"", ""municipality"": ""Fairfield"", ""state_number"": ""51"", ""highway_route"": ""I-81S/I-64"", ""nhs_rest_stop"": ""Fairfield Safety Rest Area South"", ""number_of_spots"": 6}",2019-01-01 00:00:00+00,ntad_parking,44,unknown,59,50,0,{}
1601,public_rest_area,Ladysmith Safety Rest Area North,VA,39,POINT(-77.4925600002946 37.9812590000396),ntad_parking,18,2026-07-22 08:31:07.98657+00,2019-01-01 00:00:00+00,68,95,17,100,50,{},"{""state"": ""VA"", ""county"": ""Caroline"", ""OBJECTID"": 1601, ""latitude"": 37.981259, ""longitude"": -77.49256, ""mile_post"": ""107"", ""municipality"": ""Ladysmith"", ""state_number"": ""51"", ""highway_route"": ""I-95N"", ""nhs_rest_stop"": ""Ladysmith Safety Rest Area North"", ""number_of_spots"": 39}",2019-01-01 00:00:00+00,ntad_parking,44,unknown,59,50,0,{}
1602,public_rest_area,Ladysmith Safety Rest Area South,VA,20,POINT(-77.4937820001352 37.9820580001403),ntad_parking,18,2026-07-22 08:31:07.98657+00,2019-01-01 00:00:00+00,68,95,17,100,50,{},"{""state"": ""VA"", ""county"": ""Caroline"", ""OBJECTID"": 1602, ""latitude"": 37.982058, ""longitude"": -77.493782, ""mile_post"": ""107"", ""municipality"": ""Ladysmith"", ""state_number"": ""51"", ""highway_route"": ""I-95S"", ""nhs_rest_stop"": ""Ladysmith Safety Rest Area South"", ""number_of_spots"": 20}",2019-01-01 00:00:00+00,ntad_parking,44,unknown,59,50,0,{}
1603,public_rest_area,Charlottesville Safety Rest Area West,VA,14,POINT(-78.6289139999272 38.0350530001921),ntad_parking,18,2026-07-22 08:31:07.98657+00,2019-01-01 00:00:00+00,68,95,17,100,50,{},"{""state"": ""VA"", ""county"": ""Albemarle"", ""OBJECTID"": 1603, ""latitude"": 38.035053, ""longitude"": -78.628914, ""mile_post"": ""113"", ""municipality"": ""Charlottesville"", ""state_number"": ""51"", ""highway_route"": ""I-64W"", ""nhs_rest_stop"": ""Charlottesville Safety Rest Area West"", ""number_of_spots"": 14}",2019-01-01 00:00:00+00,ntad_parking,44,unknown,59,50,0,{}
1604,public_rest_area,Charlottesville Safety Rest Area East,VA,13,POINT(-78.7646859998914 38.0454479998169),ntad_parking,18,2026-07-22 08:31:07.98657+00,2019-01-01 00:00:00+00,68,95,17,100,50,{},"{""state"": ""VA"", ""county"": ""Albemarle"", ""OBJECTID"": 1604, ""latitude"": 38.045448, ""longitude"": -78.764686, ""mile_post"": ""105"", ""municipality"": ""Charlottesville"", ""state_number"": ""51"", ""highway_route"": ""I-64E"", ""nhs_rest_stop"": ""Charlottesville Safety Rest Area East"", ""number_of_spots"": 13}",2019-01-01 00:00:00+00,ntad_parking,44,unknown,59,50,0,{}
1605,public_rest_area,Mount Sydney Safety Rest Area North,VA,12,POINT(-78.9543180000881 38.2499799997958),ntad_parking,18,2026-07-22 08:31:07.98657+00,2019-01-01 00:00:00+00,68,95,17,100,50,{},"{""state"": ""VA"", ""county"": ""Augusta"", ""OBJECTID"": 1605, ""latitude"": 38.24998, ""longitude"": -78.954318, ""mile_post"": ""232"", ""municipality"": ""Mount Sidney"", ""state_number"": ""51"", ""highway_route"": ""I-81N"", ""nhs_rest_stop"": ""Mount Sydney Safety Rest Area North"", ""number_of_spots"": 12}",2019-01-01 00:00:00+00,ntad_parking,44,unknown,59,50,0,{}
1606,public_rest_area,Mount Sydney Safety Rest Area South,VA,9,POINT(-78.955272999965 38.2516209996766),ntad_parking,18,2026-07-22 08:31:07.98657+00,2019-01-01 00:00:00+00,68,95,17,100,50,{},"{""state"": ""VA"", ""county"": ""Augusta"", ""OBJECTID"": 1606, ""latitude"": 38.251621, ""longitude"": -78.955273, ""mile_post"": ""232"", ""municipality"": ""Mount Sidney"", ""state_number"": ""51"", ""highway_route"": ""I-81S"", ""nhs_rest_stop"": ""Mount Sydney Safety Rest Area South"", ""number_of_spots"": 9}",2019-01-01 00:00:00+00,ntad_parking,44,unknown,59,50,0,{}
1607,public_rest_area,Fredericksburg Safety Rest Area/Welcome Center,VA,21,POINT(-77.5051470000196 38.3163760003081),ntad_parking,18,2026-07-22 08:31:07.98657+00,2019-01-01 00:00:00+00,68,95,17,100,50,{},"{""state"": ""VA"", ""county"": ""Spotsylvania"", ""OBJECTID"": 1607, ""latitude"": 38.316376, ""longitude"": -77.505147, ""mile_post"": ""131"", ""municipality"": ""Fredericksburg"", ""state_number"": ""51"", ""highway_route"": ""I-95S"", ""nhs_rest_stop"": ""Fredericksburg Safety Rest Area/Welcome Center"", ""number_of_spots"": 21}",2019-01-01 00:00:00+00,ntad_parking,44,unknown,59,50,0,{}
1608,public_rest_area,Dale City Truck-Only Safety Rest Area North,VA,59,POINT(-77.3148160000392 38.5963370000736),ntad_parking,18,2026-07-22 08:31:07.98657+00,2019-01-01 00:00:00+00,68,95,17,100,50,{},"{""state"": ""VA"", ""county"": ""Prince William"", ""OBJECTID"": 1608, ""latitude"": 38.596337, ""longitude"": -77.314816, ""mile_post"": ""154"", ""municipality"": ""Dale City"", ""state_number"": ""51"", ""highway_route"": ""I-95N"", ""nhs_rest_stop"": ""Dale City Truck-Only Safety Rest Area North"", ""number_of_spots"": 59}",2019-01-01 00:00:00+00,ntad_parking,44,unknown,59,50,0,{}
1609,public_rest_area,Dale City Truck-Only Safety Rest Area South,VA,62,POINT(-77.315482000211 38.59639500021),ntad_parking,18,2026-07-22 08:31:07.98657+00,2019-01-01 00:00:00+00,68,95,17,100,50,{},"{""state"": ""VA"", ""county"": ""Prince William"", ""OBJECTID"": 1609, ""latitude"": 38.596395, ""longitude"": -77.315482, ""mile_post"": ""154"", ""municipality"": ""Dale City"", ""state_number"": ""51"", ""highway_route"": ""I-95S"", ""nhs_rest_stop"": ""Dale City Truck-Only Safety Rest Area South"", ""number_of_spots"": 62}",2019-01-01 00:00:00+00,ntad_parking,44,unknown,59,50,0,{}
161,public_rest_area,Holly Rest Area,CO,6,POINT(-102.051339000434 38.0492859999299),ntad_parking,18,2026-07-22 08:31:07.98657+00,2019-01-01 00:00:00+00,68,95,17,100,50,{},"{""state"": ""CO"", ""county"": ""Prowers"", ""OBJECTID"": 161, ""latitude"": 38.049286, ""longitude"": -102.051339, ""mile_post"": ""467"", ""municipality"": ""Holly"", ""state_number"": ""08"", ""highway_route"": ""US40"", ""nhs_rest_stop"": ""Holly Rest Area"", ""number_of_spots"": 6}",2019-01-01 00:00:00+00,ntad_parking,44,unknown,59,50,0,{}
1610,public_rest_area,New Market Safety Rest Area North,VA,15,POINT(-78.705893000091 38.61400199988),ntad_parking,18,2026-07-22 08:31:07.98657+00,2019-01-01 00:00:00+00,68,95,17,100,50,{},"{""state"": ""VA"", ""county"": ""Rockingham"", ""OBJECTID"": 1610, ""latitude"": 38.614002, ""longitude"": -78.705893, ""mile_post"": ""262"", ""municipality"": ""New Market"", ""state_number"": ""51"", ""highway_route"": ""I-81N"", ""nhs_rest_stop"": ""New Market Safety Rest Area North"", ""number_of_spots"": 15}",2019-01-01 00:00:00+00,ntad_parking,44,unknown,59,50,0,{}
1611,public_rest_area,New Market Safety Rest Area South,VA,7,POINT(-78.705736999557 38.6168140000695),ntad_parking,18,2026-07-22 08:31:07.98657+00,2019-01-01 00:00:00+00,68,95,17,100,50,{},"{""state"": ""VA"", ""county"": ""Rockingham"", ""OBJECTID"": 1611, ""latitude"": 38.616814, ""longitude"": -78.705737, ""mile_post"": ""262"", ""municipality"": ""New Market"", ""state_number"": ""51"", ""highway_route"": ""I-81S"", ""nhs_rest_stop"": ""New Market Safety Rest Area South"", ""number_of_spots"": 7}",2019-01-01 00:00:00+00,ntad_parking,44,unknown,59,50,0,{}
1612,public_rest_area,Manassas Safety Rest Area East,VA,9,POINT(-77.493976000304 38.8079720001804),ntad_parking,18,2026-07-22 08:31:07.98657+00,2019-01-01 00:00:00+00,68,95,17,100,50,{},"{""state"": ""VA"", ""county"": ""Prince William"", ""OBJECTID"": 1612, ""latitude"": 38.807972, ""longitude"": -77.493976, ""mile_post"": ""48"", ""municipality"": ""Manassas"", ""state_number"": ""51"", ""highway_route"": ""I-66E"", ""nhs_rest_stop"": ""Manassas Safety Rest Area East"", ""number_of_spots"": 9}",2019-01-01 00:00:00+00,ntad_parking,44,unknown,59,50,0,{}
1613,public_rest_area,Manassas Safety Rest Area/Welcome Center,VA,9,POINT(-77.4943000001691 38.8091500001154),ntad_parking,18,2026-07-22 08:31:07.98657+00,2019-01-01 00:00:00+00,68,95,17,100,50,{},"{""state"": ""VA"", ""county"": ""Prince William"", ""OBJECTID"": 1613, ""latitude"": 38.80915, ""longitude"": -77.4943, ""mile_post"": ""48"", ""municipality"": ""Manassas"", ""state_number"": ""51"", ""highway_route"": ""I-66W"", ""nhs_rest_stop"": ""Manassas Safety Rest Area/Welcome Center"", ""number_of_spots"": 9}",2019-01-01 00:00:00+00,ntad_parking,44,unknown,59,50,0,{}
1614,public_rest_area,Front Royal Truck Rest Area East,VA,12,POINT(-78.2336740002967 38.9828899997047),ntad_parking,18,2026-07-22 08:31:07.98657+00,2019-01-01 00:00:00+00,68,95,17,100,50,{},"{""state"": ""VA"", ""county"": ""Warren"", ""OBJECTID"": 1614, ""latitude"": 38.98289, ""longitude"": -78.233674, ""mile_post"": ""4"", ""municipality"": ""Front Royal"", ""state_number"": ""51"", ""highway_route"": ""I-66E"", ""nhs_rest_stop"": ""Front Royal Truck Rest Area East"", ""number_of_spots"": 12}",2019-01-01 00:00:00+00,ntad_parking,44,unknown,59,50,0,{}
1615,public_rest_area,Winchester Safety Rest Area/Welcome Center,VA,13,POINT(-78.1158760000854 39.2428689999237),ntad_parking,18,2026-07-22 08:31:07.98657+00,2019-01-01 00:00:00+00,68,95,17,100,50,{},"{""state"": ""VA"", ""county"": ""Frederick"", ""OBJECTID"": 1615, ""latitude"": 39.242869, ""longitude"": -78.115876, ""mile_post"": ""320"", ""municipality"": ""Wincester"", ""state_number"": ""51"", ""highway_route"": ""I-81S"", ""nhs_rest_stop"": ""Winchester Safety Rest Area/Welcome Center"", ""number_of_spots"": 13}",2019-01-01 00:00:00+00,ntad_parking,44,unknown,59,50,0,{}
1616,public_rest_area,Guilford North Parking Area,VT,8,POINT(-72.5659062302152 42.7482829498234),ntad_parking,18,2026-07-22 08:31:07.98657+00,2019-01-01 00:00:00+00,68,95,17,100,50,{},"{""state"": ""VT"", ""county"": ""Windham"", ""OBJECTID"": 1616, ""latitude"": 42.74828295, ""longitude"": -72.56590623, ""mile_post"": ""1"", ""municipality"": ""Guilford"", ""state_number"": ""50"", ""highway_route"": ""I-91N"", ""nhs_rest_stop"": ""Guilford North Parking Area"", ""number_of_spots"": 8}",2019-01-01 00:00:00+00,ntad_parking,44,unknown,59,50,0,{}
1617,public_rest_area,Vernon Rest Area,VT,4,POINT(-72.5617092598853 42.7747342900904),ntad_parking,18,2026-07-22 08:31:07.98657+00,2019-01-01 00:00:00+00,68,95,17,100,50,{},"{""state"": ""VT"", ""county"": ""Windham"", ""OBJECTID"": 1617, ""latitude"": 42.77473429, ""longitude"": -72.56170926, ""mile_post"": ""3"", ""municipality"": ""Vernon"", ""state_number"": ""50"", ""highway_route"": ""I-91S"", ""nhs_rest_stop"": ""Vernon Rest Area"", ""number_of_spots"": 4}",2019-01-01 00:00:00+00,ntad_parking,44,unknown,59,50,0,{}
1618,public_rest_area,Guilford Welcome Center,VT,19,POINT(-72.5662001499931 42.8120170198412),ntad_parking,18,2026-07-22 08:31:07.98657+00,2019-01-01 00:00:00+00,68,95,17,100,50,{},"{""state"": ""VT"", ""county"": ""Windham"", ""OBJECTID"": 1618, ""latitude"": 42.81201702, ""longitude"": -72.56620015, ""mile_post"": ""5"", ""municipality"": ""Guilford"", ""state_number"": ""50"", ""highway_route"": ""I-91N"", ""nhs_rest_stop"": ""Guilford Welcome Center"", ""number_of_spots"": 19}",2019-01-01 00:00:00+00,ntad_parking,44,unknown,59,50,0,{}
1619,public_rest_area,Wilmington Chain-Up/Down Site,VT,5,POINT(-72.9065490002259 42.8694430003119),ntad_parking,18,2026-07-22 08:31:07.98657+00,2019-01-01 00:00:00+00,68,95,17,100,50,{},"{""state"": ""VT"", ""county"": ""Windham"", ""OBJECTID"": 1619, ""latitude"": 42.869443, ""longitude"": -72.906549, ""mile_post"": ""1"", ""municipality"": ""Wilmington"", ""state_number"": ""50"", ""highway_route"": ""VT9"", ""nhs_rest_stop"": ""Wilmington Chain-Up/Down Site"", ""number_of_spots"": 5}",2019-01-01 00:00:00+00,ntad_parking,44,unknown,59,50,0,{}
162,public_rest_area,Pinon Rest Area Souhtbound,CO,20,POINT(-104.6072810001 38.4521199996742),ntad_parking,18,2026-07-22 08:31:07.98657+00,2019-01-01 00:00:00+00,68,95,17,100,50,{},"{""state"": ""CO"", ""county"": ""Pueblo"", ""OBJECTID"": 162, ""latitude"": 38.45212, ""longitude"": -104.607281, ""mile_post"": ""111"", ""municipality"": ""Pueblo"", ""state_number"": ""08"", ""highway_route"": ""I-25S"", ""nhs_rest_stop"": ""Pinon Rest Area Souhtbound"", ""number_of_spots"": 20}",2019-01-01 00:00:00+00,ntad_parking,44,unknown,59,50,0,{}
1620,public_rest_area,Bennington Chain-Up/Down Site,VT,7,POINT(-73.1605439996507 42.8832500000888),ntad_parking,18,2026-07-22 08:31:07.98657+00,2019-01-01 00:00:00+00,68,95,17,100,50,{},"{""state"": ""VT"", ""county"": ""Bennington"", ""OBJECTID"": 1620, ""latitude"": 42.88325, ""longitude"": -73.160544, ""mile_post"": ""6"", ""municipality"": ""Bennington"", ""state_number"": ""50"", ""highway_route"": ""VT9"", ""nhs_rest_stop"": ""Bennington Chain-Up/Down Site"", ""number_of_spots"": 7}",2019-01-01 00:00:00+00,ntad_parking,44,unknown,59,50,0,{}
1621,public_rest_area,Bennington Welcome Center,VT,12,POINT(-73.2039941301313 42.9042319499293),ntad_parking,18,2026-07-22 08:31:07.98657+00,2019-01-01 00:00:00+00,68,95,17,100,50,{},"{""state"": ""VT"", ""county"": ""Bennington"", ""OBJECTID"": 1621, ""latitude"": 42.90423195, ""longitude"": -73.20399413, ""mile_post"": ""3"", ""municipality"": ""Bennington"", ""state_number"": ""50"", ""highway_route"": ""VT279"", ""nhs_rest_stop"": ""Bennington Welcome Center"", ""number_of_spots"": 12}",2019-01-01 00:00:00+00,ntad_parking,44,unknown,59,50,0,{}
1622,public_rest_area,Putney North Weight Station,VT,7,POINT(-72.4821734999128 42.978520720247),ntad_parking,18,2026-07-22 08:31:07.98657+00,2019-01-01 00:00:00+00,68,95,17,100,50,{},"{""state"": ""VT"", ""county"": ""Windham"", ""OBJECTID"": 1622, ""latitude"": 42.97852072, ""longitude"": -72.4821735, ""mile_post"": ""20"", ""municipality"": ""Putney"", ""state_number"": ""50"", ""highway_route"": ""I-91N"", ""nhs_rest_stop"": ""Putney North Weight Station"", ""number_of_spots"": 7}",2019-01-01 00:00:00+00,ntad_parking,44,unknown,59,50,0,{}
1623,public_rest_area,Putney South Weight Station,VT,7,POINT(-72.4708996296224 42.9983463398774),ntad_parking,18,2026-07-22 08:31:07.98657+00,2019-01-01 00:00:00+00,68,95,17,100,50,{},"{""state"": ""VT"", ""county"": ""Windham"", ""OBJECTID"": 1623, ""latitude"": 42.99834634, ""longitude"": -72.47089963, ""mile_post"": ""21"", ""municipality"": ""Putney"", ""state_number"": ""50"", ""highway_route"": ""I-91S"", ""nhs_rest_stop"": ""Putney South Weight Station"", ""number_of_spots"": 7}",2019-01-01 00:00:00+00,ntad_parking,44,unknown,59,50,0,{}
1624,public_rest_area,Putney North Parking Area,VT,3,POINT(-72.472278319903 43.0155437602658),ntad_parking,18,2026-07-22 08:31:07.98657+00,2019-01-01 00:00:00+00,68,95,17,100,50,{},"{""state"": ""VT"", ""county"": ""Windham"", ""OBJECTID"": 1624, ""latitude"": 43.01554376, ""longitude"": -72.47227832, ""mile_post"": ""23"", ""municipality"": ""Putney"", ""state_number"": ""50"", ""highway_route"": ""I-91N"", ""nhs_rest_stop"": ""Putney North Parking Area"", ""number_of_spots"": 3}",2019-01-01 00:00:00+00,ntad_parking,44,unknown,59,50,0,{}
1625,public_rest_area,Westminster South Parking Area,VT,4,POINT(-72.4724777396078 43.0240062900293),ntad_parking,18,2026-07-22 08:31:07.98657+00,2019-01-01 00:00:00+00,68,95,17,100,50,{},"{""state"": ""VT"", ""county"": ""Windham"", ""OBJECTID"": 1625, ""latitude"": 43.02400629, ""longitude"": -72.47247774, ""mile_post"": ""23"", ""municipality"": ""Westminster"", ""state_number"": ""50"", ""highway_route"": ""I-91S"", ""nhs_rest_stop"": ""Westminster South Parking Area"", ""number_of_spots"": 4}",2019-01-01 00:00:00+00,ntad_parking,44,unknown,59,50,0,{}
1626,public_rest_area,Springfield North Parking Area,VT,8,POINT(-72.4473830802621 43.2332432299997),ntad_parking,18,2026-07-22 08:31:07.98657+00,2019-01-01 00:00:00+00,68,95,17,100,50,{},"{""state"": ""VT"", ""county"": ""Windsor"", ""OBJECTID"": 1626, ""latitude"": 43.23324323, ""longitude"": -72.44738308, ""mile_post"": ""39"", ""municipality"": ""Springfield"", ""state_number"": ""50"", ""highway_route"": ""I-91N"", ""nhs_rest_stop"": ""Springfield North Parking Area"", ""number_of_spots"": 8}",2019-01-01 00:00:00+00,ntad_parking,44,unknown,59,50,0,{}
1627,public_rest_area,Springfield South Parking Area,VT,8,POINT(-72.4482539897435 43.2349804703109),ntad_parking,18,2026-07-22 08:31:07.98657+00,2019-01-01 00:00:00+00,68,95,17,100,50,{},"{""state"": ""VT"", ""county"": ""Windsor"", ""OBJECTID"": 1627, ""latitude"": 43.23498047, ""longitude"": -72.44825399, ""mile_post"": ""39"", ""municipality"": ""Springfield"", ""state_number"": ""50"", ""highway_route"": ""I-91S"", ""nhs_rest_stop"": ""Springfield South Parking Area"", ""number_of_spots"": 8}",2019-01-01 00:00:00+00,ntad_parking,44,unknown,59,50,0,{}
1628,public_rest_area,Clarendon North Parking Area,VT,3,POINT(-72.9608548298423 43.5290323600132),ntad_parking,18,2026-07-22 08:31:07.98657+00,2019-01-01 00:00:00+00,68,95,17,100,50,{},"{""state"": ""VT"", ""county"": ""Rutland"", ""OBJECTID"": 1628, ""latitude"": 43.52903236, ""longitude"": -72.96085483, ""mile_post"": ""2"", ""municipality"": ""Clarendon"", ""state_number"": ""50"", ""highway_route"": ""US7S"", ""nhs_rest_stop"": ""Clarendon North Parking Area"", ""number_of_spots"": 3}",2019-01-01 00:00:00+00,ntad_parking,44,unknown,59,50,0,{}
1629,public_rest_area,Clarendon South Parking Area,VT,3,POINT(-72.9614793799503 43.5299480699048),ntad_parking,18,2026-07-22 08:31:07.98657+00,2019-01-01 00:00:00+00,68,95,17,100,50,{},"{""state"": ""VT"", ""county"": ""Rutland"", ""OBJECTID"": 1629, ""latitude"": 43.52994807, ""longitude"": -72.96147938, ""mile_post"": ""2"", ""municipality"": ""Clarendon"", ""state_number"": ""50"", ""highway_route"": ""U007-S"", ""nhs_rest_stop"": ""Clarendon South Parking Area"", ""number_of_spots"": 3}",2019-01-01 00:00:00+00,ntad_parking,44,unknown,59,50,0,{}
163,public_rest_area,Pinon Rest Area Northbound,CO,20,POINT(-104.625743999574 38.4999890001356),ntad_parking,18,2026-07-22 08:31:07.98657+00,2019-01-01 00:00:00+00,68,95,17,100,50,{},"{""state"": ""CO"", ""county"": ""Pueblo"", ""OBJECTID"": 163, ""latitude"": 38.499989, ""longitude"": -104.625744, ""mile_post"": ""115"", ""municipality"": ""Pueblo"", ""state_number"": ""08"", ""highway_route"": ""I-25"", ""nhs_rest_stop"": ""Pinon Rest Area Northbound"", ""number_of_spots"": 20}",2019-01-01 00:00:00+00,ntad_parking,44,unknown,59,50,0,{}
1630,public_rest_area,Fair Haven Welcome Center,VT,2,POINT(-73.292151729758 43.5861710100204),ntad_parking,18,2026-07-22 08:31:07.98657+00,2019-01-01 00:00:00+00,68,95,17,100,50,{},"{""state"": ""VT"", ""county"": ""Rutland"", ""OBJECTID"": 1630, ""latitude"": 43.58617101, ""longitude"": -73.29215173, ""mile_post"": ""0"", ""municipality"": ""Fair Haven"", ""state_number"": ""50"", ""highway_route"": ""US4"", ""nhs_rest_stop"": ""Fair Haven Welcome Center"", ""number_of_spots"": 2}",2019-01-01 00:00:00+00,ntad_parking,44,unknown,59,50,0,{}
1631,public_rest_area,Ira Parking Area,VT,2,POINT(-73.0986525604166 43.6138728398311),ntad_parking,18,2026-07-22 08:31:07.98657+00,2019-01-01 00:00:00+00,68,95,17,100,50,{},"{""state"": ""VT"", ""county"": ""Rutland"", ""OBJECTID"": 1631, ""latitude"": 43.61387284, ""longitude"": -73.09865256, ""mile_post"": ""11"", ""municipality"": ""Ira"", ""state_number"": ""50"", ""highway_route"": ""US4W"", ""nhs_rest_stop"": ""Ira Parking Area"", ""number_of_spots"": 2}",2019-01-01 00:00:00+00,ntad_parking,44,unknown,59,50,0,{}
1632,public_rest_area,Hartford South Rest Area,VT,10,POINT(-72.3486800398358 43.6215365301767),ntad_parking,18,2026-07-22 08:31:07.98657+00,2019-01-01 00:00:00+00,68,95,17,100,50,{},"{""state"": ""VT"", ""county"": ""Windsor"", ""OBJECTID"": 1632, ""latitude"": 43.62153653, ""longitude"": -72.34868004, ""mile_post"": ""68"", ""municipality"": ""Hartford"", ""state_number"": ""50"", ""highway_route"": ""I-91S"", ""nhs_rest_stop"": ""Hartford South Rest Area"", ""number_of_spots"": 10}",2019-01-01 00:00:00+00,ntad_parking,44,unknown,59,50,0,{}
1633,public_rest_area,Sharon Rest Area,VT,7,POINT(-72.4257883003824 43.7272576302346),ntad_parking,18,2026-07-22 08:31:07.98657+00,2019-01-01 00:00:00+00,68,95,17,100,50,{},"{""state"": ""VT"", ""county"": ""Windsor"", ""OBJECTID"": 1633, ""latitude"": 43.72725763, ""longitude"": -72.4257883, ""mile_post"": ""8"", ""municipality"": ""Sharon"", ""state_number"": ""50"", ""highway_route"": ""I-89N"", ""nhs_rest_stop"": ""Sharon Rest Area"", ""number_of_spots"": 7}",2019-01-01 00:00:00+00,ntad_parking,44,unknown,59,50,0,{}
1634,public_rest_area,Randolph South Parking Area,VT,12,POINT(-72.6178198300603 43.926753610279),ntad_parking,18,2026-07-22 08:31:07.98657+00,2019-01-01 00:00:00+00,68,95,17,100,50,{},"{""state"": ""VT"", ""county"": ""Orange"", ""OBJECTID"": 1634, ""latitude"": 43.92675361, ""longitude"": -72.61781983, ""mile_post"": ""29"", ""municipality"": ""Randolph"", ""state_number"": ""50"", ""highway_route"": ""I-89S"", ""nhs_rest_stop"": ""Randolph South Parking Area"", ""number_of_spots"": 12}",2019-01-01 00:00:00+00,ntad_parking,44,unknown,59,50,0,{}
1635,public_rest_area,Randolph South Rest Area,VT,5,POINT(-72.6291568600001 43.983068230091),ntad_parking,18,2026-07-22 08:31:07.98657+00,2019-01-01 00:00:00+00,68,95,17,100,50,{},"{""state"": ""VT"", ""county"": ""Orange"", ""OBJECTID"": 1635, ""latitude"": 43.98306823, ""longitude"": -72.62915686, ""mile_post"": ""33"", ""municipality"": ""Randolph"", ""state_number"": ""50"", ""highway_route"": ""I-89S"", ""nhs_rest_stop"": ""Randolph South Rest Area"", ""number_of_spots"": 5}",2019-01-01 00:00:00+00,ntad_parking,44,unknown,59,50,0,{}
1636,public_rest_area,Bradford North Rest Area,VT,4,POINT(-72.1200784902001 44.0157706701901),ntad_parking,18,2026-07-22 08:31:07.98657+00,2019-01-01 00:00:00+00,68,95,17,100,50,{},"{""state"": ""VT"", ""county"": ""Orange"", ""OBJECTID"": 1636, ""latitude"": 44.01577067, ""longitude"": -72.12007849, ""mile_post"": ""100"", ""municipality"": ""Bradford"", ""state_number"": ""50"", ""highway_route"": ""I-91N"", ""nhs_rest_stop"": ""Bradford North Rest Area"", ""number_of_spots"": 4}",2019-01-01 00:00:00+00,ntad_parking,44,unknown,59,50,0,{}
1637,public_rest_area,Bradford South Parking Area,VT,4,POINT(-72.1207129702853 44.0180385302184),ntad_parking,18,2026-07-22 08:31:07.98657+00,2019-01-01 00:00:00+00,68,95,17,100,50,{},"{""state"": ""VT"", ""county"": ""Orange"", ""OBJECTID"": 1637, ""latitude"": 44.01803853, ""longitude"": -72.12071297, ""mile_post"": ""100"", ""municipality"": ""Bradford"", ""state_number"": ""50"", ""highway_route"": ""I-91S"", ""nhs_rest_stop"": ""Bradford South Parking Area"", ""number_of_spots"": 4}",2019-01-01 00:00:00+00,ntad_parking,44,unknown,59,50,0,{}
1638,public_rest_area,Ryegate North Parking Area,VT,4,POINT(-72.0691554500424 44.2015659100186),ntad_parking,18,2026-07-22 08:31:07.98657+00,2019-01-01 00:00:00+00,68,95,17,100,50,{},"{""state"": ""VT"", ""county"": ""Caledonia"", ""OBJECTID"": 1638, ""latitude"": 44.20156591, ""longitude"": -72.06915545, ""mile_post"": ""113"", ""municipality"": ""Ryegate"", ""state_number"": ""50"", ""highway_route"": ""I-91N"", ""nhs_rest_stop"": ""Ryegate North Parking Area"", ""number_of_spots"": 4}",2019-01-01 00:00:00+00,ntad_parking,44,unknown,59,50,0,{}
1639,public_rest_area,Ryegate South Parking Area,VT,8,POINT(-72.0702330097684 44.2304870902117),ntad_parking,18,2026-07-22 08:31:07.98657+00,2019-01-01 00:00:00+00,68,95,17,100,50,{},"{""state"": ""VT"", ""county"": ""Caledonia"", ""OBJECTID"": 1639, ""latitude"": 44.23048709, ""longitude"": -72.07023301, ""mile_post"": ""115"", ""municipality"": ""Ryegate"", ""state_number"": ""50"", ""highway_route"": ""I-91S"", ""nhs_rest_stop"": ""Ryegate South Parking Area"", ""number_of_spots"": 8}",2019-01-01 00:00:00+00,ntad_parking,44,unknown,59,50,0,{}
164,public_rest_area,Fruita Welcome Center,CO,7,POINT(-108.736369999919 39.1533520000611),ntad_parking,18,2026-07-22 08:31:07.98657+00,2019-01-01 00:00:00+00,68,95,17,100,50,{},"{""state"": ""CO"", ""county"": ""Mesa"", ""OBJECTID"": 164, ""latitude"": 39.153352, ""longitude"": -108.73637, ""mile_post"": ""19"", ""municipality"": ""Fruita"", ""state_number"": ""08"", ""highway_route"": ""I-70"", ""nhs_rest_stop"": ""Fruita Welcome Center"", ""number_of_spots"": 7}",2019-01-01 00:00:00+00,ntad_parking,44,unknown,59,50,0,{}
1640,public_rest_area,Waterbury North Parking Area,VT,3,POINT(-72.7869581396755 44.3555137202081),ntad_parking,18,2026-07-22 08:31:07.98657+00,2019-01-01 00:00:00+00,68,95,17,100,50,{},"{""state"": ""VT"", ""county"": ""Washington"", ""OBJECTID"": 1640, ""latitude"": 44.35551372, ""longitude"": -72.78695814, ""mile_post"": ""65"", ""municipality"": ""Waterbury"", ""state_number"": ""50"", ""highway_route"": ""I-89N"", ""nhs_rest_stop"": ""Waterbury North Parking Area"", ""number_of_spots"": 3}",2019-01-01 00:00:00+00,ntad_parking,44,unknown,59,50,0,{}
1641,public_rest_area,Waterford North Rest Area,VT,4,POINT(-71.8977773197253 44.3610435703084),ntad_parking,18,2026-07-22 08:31:07.98657+00,2019-01-01 00:00:00+00,68,95,17,100,50,{},"{""state"": ""VT"", ""county"": ""Caledonia"", ""OBJECTID"": 1641, ""latitude"": 44.36104357, ""longitude"": -71.89777732, ""mile_post"": ""1"", ""municipality"": ""Waterford"", ""state_number"": ""50"", ""highway_route"": ""I-93N"", ""nhs_rest_stop"": ""Waterford North Rest Area"", ""number_of_spots"": 4}",2019-01-01 00:00:00+00,ntad_parking,44,unknown,59,50,0,{}
1642,public_rest_area,Waterbury South Parking Area,VT,3,POINT(-72.8091675702288 44.3610692602596),ntad_parking,18,2026-07-22 08:31:07.98657+00,2019-01-01 00:00:00+00,68,95,17,100,50,{},"{""state"": ""VT"", ""county"": ""Washington"", ""OBJECTID"": 1642, ""latitude"": 44.36106926, ""longitude"": -72.80916757, ""mile_post"": ""66"", ""municipality"": ""Waterbury"", ""state_number"": ""50"", ""highway_route"": ""I-89S"", ""nhs_rest_stop"": ""Waterbury South Parking Area"", ""number_of_spots"": 3}",2019-01-01 00:00:00+00,ntad_parking,44,unknown,59,50,0,{}
1643,public_rest_area,Williston South Rest Area,VT,11,POINT(-73.0787176003823 44.4347097201629),ntad_parking,18,2026-07-22 08:31:07.98657+00,2019-01-01 00:00:00+00,68,95,17,100,50,{},"{""state"": ""VT"", ""county"": ""Chittenden"", ""OBJECTID"": 1643, ""latitude"": 44.43470972, ""longitude"": -73.0787176, ""mile_post"": ""82"", ""municipality"": ""Williston"", ""state_number"": ""50"", ""highway_route"": ""I-89S"", ""nhs_rest_stop"": ""Williston South Rest Area"", ""number_of_spots"": 11}",2019-01-01 00:00:00+00,ntad_parking,44,unknown,59,50,0,{}
1644,public_rest_area,Williston North Rest Area,VT,11,POINT(-73.078664529712 44.4361516402472),ntad_parking,18,2026-07-22 08:31:07.98657+00,2019-01-01 00:00:00+00,68,95,17,100,50,{},"{""state"": ""VT"", ""county"": ""Chittenden"", ""OBJECTID"": 1644, ""latitude"": 44.43615164, ""longitude"": -73.07866453, ""mile_post"": ""82"", ""municipality"": ""Williston"", ""state_number"": ""50"", ""highway_route"": ""I-89N"", ""nhs_rest_stop"": ""Williston North Rest Area"", ""number_of_spots"": 11}",2019-01-01 00:00:00+00,ntad_parking,44,unknown,59,50,0,{}
1645,public_rest_area,Colchester North Weight Station,VT,12,POINT(-73.1823217196413 44.5570878098707),ntad_parking,18,2026-07-22 08:31:07.98657+00,2019-01-01 00:00:00+00,68,95,17,100,50,{},"{""state"": ""VT"", ""county"": ""Chittenden"", ""OBJECTID"": 1645, ""latitude"": 44.55708781, ""longitude"": -73.18232172, ""mile_post"": ""95"", ""municipality"": ""Colchester"", ""state_number"": ""50"", ""highway_route"": ""I-89N"", ""nhs_rest_stop"": ""Colchester North Weight Station"", ""number_of_spots"": 12}",2019-01-01 00:00:00+00,ntad_parking,44,unknown,59,50,0,{}
1646,public_rest_area,Lyndon South Rest Area,VT,4,POINT(-72.034088260351 44.5653379799217),ntad_parking,18,2026-07-22 08:31:07.98657+00,2019-01-01 00:00:00+00,68,95,17,100,50,{},"{""state"": ""VT"", ""county"": ""Caledonia"", ""OBJECTID"": 1646, ""latitude"": 44.56533798, ""longitude"": -72.03408826, ""mile_post"": ""140"", ""municipality"": ""Lyndon"", ""state_number"": ""50"", ""highway_route"": ""I-91S"", ""nhs_rest_stop"": ""Lyndon South Rest Area"", ""number_of_spots"": 4}",2019-01-01 00:00:00+00,ntad_parking,44,unknown,59,50,0,{}
1647,public_rest_area,Barton North Scenic Turnout,VT,4,POINT(-72.1674840502004 44.7119616400541),ntad_parking,18,2026-07-22 08:31:07.98657+00,2019-01-01 00:00:00+00,68,95,17,100,50,{},"{""state"": ""VT"", ""county"": ""Orleans"", ""OBJECTID"": 1647, ""latitude"": 44.71196164, ""longitude"": -72.16748405, ""mile_post"": ""153"", ""municipality"": ""Barton"", ""state_number"": ""50"", ""highway_route"": ""I-91N"", ""nhs_rest_stop"": ""Barton North Scenic Turnout"", ""number_of_spots"": 4}",2019-01-01 00:00:00+00,ntad_parking,44,unknown,59,50,0,{}
1648,public_rest_area,Georgia North Rest Area,VT,7,POINT(-73.0777548201968 44.7465405403111),ntad_parking,18,2026-07-22 08:31:07.98657+00,2019-01-01 00:00:00+00,68,95,17,100,50,{},"{""state"": ""VT"", ""county"": ""Chittenden"", ""OBJECTID"": 1648, ""latitude"": 44.74654054, ""longitude"": -73.07775482, ""mile_post"": ""110"", ""municipality"": ""Georgia"", ""state_number"": ""50"", ""highway_route"": ""I-89N"", ""nhs_rest_stop"": ""Georgia North Rest Area"", ""number_of_spots"": 7}",2019-01-01 00:00:00+00,ntad_parking,44,unknown,59,50,0,{}
1649,public_rest_area,Georgia South Rest Area,VT,8,POINT(-73.0785170200541 44.7553840302854),ntad_parking,18,2026-07-22 08:31:07.98657+00,2019-01-01 00:00:00+00,68,95,17,100,50,{},"{""state"": ""VT"", ""county"": ""Chittenden"", ""OBJECTID"": 1649, ""latitude"": 44.75538403, ""longitude"": -73.07851702, ""mile_post"": ""110"", ""municipality"": ""Georgia"", ""state_number"": ""50"", ""highway_route"": ""I-89S"", ""nhs_rest_stop"": ""Georgia South Rest Area"", ""number_of_spots"": 8}",2019-01-01 00:00:00+00,ntad_parking,44,unknown,59,50,0,{}
165,public_rest_area,Larkspur Chain Station,CO,25,POINT(-104.877917999832 39.2302459997749),ntad_parking,18,2026-07-22 08:31:07.98657+00,2019-01-01 00:00:00+00,68,95,17,100,50,{},"{""state"": ""CO"", ""county"": ""Douglas"", ""OBJECTID"": 165, ""latitude"": 39.230246, ""longitude"": -104.877918, ""mile_post"": ""170"", ""municipality"": ""Larkspur"", ""state_number"": ""08"", ""highway_route"": ""I-25S"", ""nhs_rest_stop"": ""Larkspur Chain Station"", ""number_of_spots"": 25}",2019-01-01 00:00:00+00,ntad_parking,44,unknown,59,50,0,{}
1650,public_rest_area,Coventry North Parking Area,VT,4,POINT(-72.1729638902145 44.8754767799),ntad_parking,18,2026-07-22 08:31:07.98657+00,2019-01-01 00:00:00+00,68,95,17,100,50,{},"{""state"": ""VT"", ""county"": ""Orleans"", ""OBJECTID"": 1650, ""latitude"": 44.87547678, ""longitude"": -72.17296389, ""mile_post"": ""166"", ""municipality"": ""Coventry"", ""state_number"": ""50"", ""highway_route"": ""I-91N"", ""nhs_rest_stop"": ""Coventry North Parking Area"", ""number_of_spots"": 4}",2019-01-01 00:00:00+00,ntad_parking,44,unknown,59,50,0,{}
1651,public_rest_area,Coventry South Parking Area,VT,4,POINT(-72.1747968603309 44.8775332399931),ntad_parking,18,2026-07-22 08:31:07.98657+00,2019-01-01 00:00:00+00,68,95,17,100,50,{},"{""state"": ""VT"", ""county"": ""Orleans"", ""OBJECTID"": 1651, ""latitude"": 44.87753324, ""longitude"": -72.17479686, ""mile_post"": ""166"", ""municipality"": ""Coventry"", ""state_number"": ""50"", ""highway_route"": ""I-91S"", ""nhs_rest_stop"": ""Coventry South Parking Area"", ""number_of_spots"": 4}",2019-01-01 00:00:00+00,ntad_parking,44,unknown,59,50,0,{}
1652,public_rest_area,Alburgh Welcome Center,VT,1,POINT(-73.2955494698779 44.9862242999058),ntad_parking,18,2026-07-22 08:31:07.98657+00,2019-01-01 00:00:00+00,68,95,17,100,50,{},"{""state"": ""VT"", ""county"": ""Grand Isle"", ""OBJECTID"": 1652, ""latitude"": 44.9862243, ""longitude"": -73.29554947, ""mile_post"": ""0"", ""municipality"": ""Alburgh"", ""state_number"": ""50"", ""highway_route"": ""US2N"", ""nhs_rest_stop"": ""Alburgh Welcome Center"", ""number_of_spots"": 1}",2019-01-01 00:00:00+00,ntad_parking,44,unknown,59,50,0,{}
1653,public_rest_area,Derby South Welcome Center,VT,4,POINT(-72.1031587703328 44.9953440999676),ntad_parking,18,2026-07-22 08:31:07.98657+00,2019-01-01 00:00:00+00,68,95,17,100,50,{},"{""state"": ""VT"", ""county"": ""Orleans"", ""OBJECTID"": 1653, ""latitude"": 44.9953441, ""longitude"": -72.10315877, ""mile_post"": ""176"", ""municipality"": ""Derby"", ""state_number"": ""50"", ""highway_route"": ""I-91S"", ""nhs_rest_stop"": ""Derby South Welcome Center"", ""number_of_spots"": 4}",2019-01-01 00:00:00+00,ntad_parking,44,unknown,59,50,0,{}
1654,public_rest_area,Chamberlain Lake MD,WA,6,POINT(-121.324640000205 45.7058200002895),ntad_parking,18,2026-07-22 08:31:07.98657+00,2019-01-01 00:00:00+00,68,95,17,100,50,{},"{""state"": ""WA"", ""county"": ""Klickitat"", ""OBJECTID"": 1654, ""latitude"": 45.70582, ""longitude"": -121.32464, ""mile_post"": ""74"", ""municipality"": ""NA"", ""state_number"": ""53"", ""highway_route"": ""SR 14"", ""nhs_rest_stop"": ""Chamberlain Lake MD"", ""number_of_spots"": 6}",2019-01-01 00:00:00+00,ntad_parking,44,unknown,59,50,0,{}
1655,public_rest_area,Gee Creek NB,WA,22,POINT(-122.669539999595 45.7770799997422),ntad_parking,18,2026-07-22 08:31:07.98657+00,2019-01-01 00:00:00+00,68,95,17,100,50,{},"{""state"": ""WA"", ""county"": ""Clark"", ""OBJECTID"": 1655, ""latitude"": 45.77708, ""longitude"": -122.66954, ""mile_post"": ""11"", ""municipality"": ""NA"", ""state_number"": ""53"", ""highway_route"": ""I-5"", ""nhs_rest_stop"": ""Gee Creek NB"", ""number_of_spots"": 22}",2019-01-01 00:00:00+00,ntad_parking,44,unknown,59,50,0,{}
1656,public_rest_area,Gee Creek SB,WA,11,POINT(-122.680609999926 45.7991499999295),ntad_parking,18,2026-07-22 08:31:07.98657+00,2019-01-01 00:00:00+00,68,95,17,100,50,{},"{""state"": ""WA"", ""county"": ""Clark"", ""OBJECTID"": 1656, ""latitude"": 45.79915, ""longitude"": -122.68061, ""mile_post"": ""13"", ""municipality"": ""NA"", ""state_number"": ""53"", ""highway_route"": ""I-5"", ""nhs_rest_stop"": ""Gee Creek SB"", ""number_of_spots"": 11}",2019-01-01 00:00:00+00,ntad_parking,44,unknown,59,50,0,{}
1657,public_rest_area,Ridgefield (POE) Weigh Station,WA,32,POINT(-122.693210999895 45.8333940001823),ntad_parking,18,2026-07-22 08:31:07.98657+00,2019-01-01 00:00:00+00,68,95,17,100,50,{},"{""state"": ""WA"", ""county"": ""Clark"", ""OBJECTID"": 1657, ""latitude"": 45.833394, ""longitude"": -122.693211, ""mile_post"": ""15"", ""municipality"": ""Ridgefield"", ""state_number"": ""53"", ""highway_route"": ""I-5"", ""nhs_rest_stop"": ""Ridgefield (POE) Weigh Station"", ""number_of_spots"": 32}",2019-01-01 00:00:00+00,ntad_parking,44,unknown,59,50,0,{}
1658,public_rest_area,Plymouth (POE) Weigh Station,WA,10,POINT(-119.341187999781 45.9593050000284),ntad_parking,18,2026-07-22 08:31:07.98657+00,2019-01-01 00:00:00+00,68,95,17,100,50,{},"{""state"": ""WA"", ""county"": ""Benton"", ""OBJECTID"": 1658, ""latitude"": 45.959305, ""longitude"": -119.341188, ""mile_post"": ""131"", ""municipality"": ""Plymouth"", ""state_number"": ""53"", ""highway_route"": ""I-82"", ""nhs_rest_stop"": ""Plymouth (POE) Weigh Station"", ""number_of_spots"": 10}",2019-01-01 00:00:00+00,ntad_parking,44,unknown,59,50,0,{}
1659,public_rest_area,Prosser MD,WA,7,POINT(-119.789950000434 46.2209800001488),ntad_parking,18,2026-07-22 08:31:07.98657+00,2019-01-01 00:00:00+00,68,95,17,100,50,{},"{""state"": ""WA"", ""county"": ""Benton"", ""OBJECTID"": 1659, ""latitude"": 46.22098, ""longitude"": -119.78995, ""mile_post"": ""80"", ""municipality"": ""NA"", ""state_number"": ""53"", ""highway_route"": ""I-82"", ""nhs_rest_stop"": ""Prosser MD"", ""number_of_spots"": 7}",2026-08-11 21:11:13+00,chain_sites,94,open,100,80,100,{chain_confirmed:Love's}
166,public_rest_area,Arriba Rest Area,CO,9,POINT(-103.270788000179 39.2822409996789),ntad_parking,18,2026-07-22 08:31:07.98657+00,2019-01-01 00:00:00+00,68,95,17,100,50,{},"{""state"": ""CO"", ""county"": ""Lincoln"", ""OBJECTID"": 166, ""latitude"": 39.282241, ""longitude"": -103.270788, ""mile_post"": ""383"", ""municipality"": ""Arriba"", ""state_number"": ""08"", ""highway_route"": ""I-70"", ""nhs_rest_stop"": ""Arriba Rest Area"", ""number_of_spots"": 9}",2019-01-01 00:00:00+00,ntad_parking,44,unknown,59,50,0,{}
1660,public_rest_area,Grandview Weigh Station,WA,12,POINT(-119.85795330018 46.2472455602194),ntad_parking,18,2026-07-22 08:31:07.98657+00,2019-01-01 00:00:00+00,68,95,17,100,50,{},"{""state"": ""WA"", ""county"": ""Benton"", ""OBJECTID"": 1660, ""latitude"": 46.24724556, ""longitude"": -119.8579533, ""mile_post"": ""76"", ""municipality"": ""Grandview"", ""state_number"": ""53"", ""highway_route"": ""I-82"", ""nhs_rest_stop"": ""Grandview Weigh Station"", ""number_of_spots"": 12}",2019-01-01 00:00:00+00,ntad_parking,44,unknown,59,50,0,{}
1661,public_rest_area,Dismal Nitch MD,WA,6,POINT(-123.858800000306 46.2497899999147),ntad_parking,18,2026-07-22 08:31:07.98657+00,2019-01-01 00:00:00+00,68,95,17,100,50,{},"{""state"": ""WA"", ""county"": ""Pacific"", ""OBJECTID"": 1661, ""latitude"": 46.24979, ""longitude"": -123.8588, ""mile_post"": ""1"", ""municipality"": ""NA"", ""state_number"": ""53"", ""highway_route"": ""SR 401"", ""nhs_rest_stop"": ""Dismal Nitch MD"", ""number_of_spots"": 6}",2019-01-01 00:00:00+00,ntad_parking,44,unknown,59,50,0,{}
1662,public_rest_area,Forest Learning Ctr. MD,WA,7,POINT(-122.395730000261 46.3087500000334),ntad_parking,18,2026-07-22 08:31:07.98657+00,2019-01-01 00:00:00+00,68,95,17,100,50,{},"{""state"": ""WA"", ""county"": ""Cowlitz"", ""OBJECTID"": 1662, ""latitude"": 46.30875, ""longitude"": -122.39573, ""mile_post"": ""33"", ""municipality"": ""NA"", ""state_number"": ""53"", ""highway_route"": ""SR 504"", ""nhs_rest_stop"": ""Forest Learning Ctr. MD"", ""number_of_spots"": 7}",2019-01-01 00:00:00+00,ntad_parking,44,unknown,59,50,0,{}
1663,public_rest_area,Toutle River NB,WA,26,POINT(-122.904320000058 46.3509100000318),ntad_parking,18,2026-07-22 08:31:07.98657+00,2019-01-01 00:00:00+00,68,95,17,100,50,{},"{""state"": ""WA"", ""county"": ""Cowlitz"", ""OBJECTID"": 1663, ""latitude"": 46.35091, ""longitude"": -122.90432, ""mile_post"": ""54"", ""municipality"": ""NA"", ""state_number"": ""53"", ""highway_route"": ""I-5"", ""nhs_rest_stop"": ""Toutle River NB"", ""number_of_spots"": 26}",2019-01-01 00:00:00+00,ntad_parking,44,unknown,59,50,0,{}
1664,public_rest_area,Toutle River SB,WA,25,POINT(-122.907979999732 46.3523300001095),ntad_parking,18,2026-07-22 08:31:07.98657+00,2019-01-01 00:00:00+00,68,95,17,100,50,{},"{""state"": ""WA"", ""county"": ""Cowlitz"", ""OBJECTID"": 1664, ""latitude"": 46.35233, ""longitude"": -122.90798, ""mile_post"": ""55"", ""municipality"": ""NA"", ""state_number"": ""53"", ""highway_route"": ""I-5"", ""nhs_rest_stop"": ""Toutle River SB"", ""number_of_spots"": 25}",2019-01-01 00:00:00+00,ntad_parking,44,unknown,59,50,0,{}
1665,public_rest_area,Alpowa Summit EB,WA,4,POINT(-117.424144999681 46.4356209997273),ntad_parking,18,2026-07-22 08:31:07.98657+00,2019-01-01 00:00:00+00,68,95,17,100,50,{},"{""state"": ""WA"", ""county"": ""Garfield"", ""OBJECTID"": 1665, ""latitude"": 46.435621, ""longitude"": -117.424145, ""mile_post"": ""413"", ""municipality"": ""NA"", ""state_number"": ""53"", ""highway_route"": ""US 12"", ""nhs_rest_stop"": ""Alpowa Summit EB"", ""number_of_spots"": 4}",2019-01-01 00:00:00+00,ntad_parking,44,unknown,59,50,0,{}
1666,public_rest_area,Alpowa Summit WB,WA,4,POINT(-117.424693999677 46.43627899995),ntad_parking,18,2026-07-22 08:31:07.98657+00,2019-01-01 00:00:00+00,68,95,17,100,50,{},"{""state"": ""WA"", ""county"": ""Garfield"", ""OBJECTID"": 1666, ""latitude"": 46.436279, ""longitude"": -117.424694, ""mile_post"": ""413"", ""municipality"": ""NA"", ""state_number"": ""53"", ""highway_route"": ""US 12"", ""nhs_rest_stop"": ""Alpowa Summit WB"", ""number_of_spots"": 4}",2019-01-01 00:00:00+00,ntad_parking,44,unknown,59,50,0,{}
1667,public_rest_area,Bevin Lake MD,WA,5,POINT(-121.736423000408 46.5528530000144),ntad_parking,18,2026-07-22 08:31:07.98657+00,2019-01-01 00:00:00+00,68,95,17,100,50,{},"{""state"": ""WA"", ""county"": ""Lewis"", ""OBJECTID"": 1667, ""latitude"": 46.552853, ""longitude"": -121.736423, ""mile_post"": ""126"", ""municipality"": ""NA"", ""state_number"": ""53"", ""highway_route"": ""US 12"", ""nhs_rest_stop"": ""Bevin Lake MD"", ""number_of_spots"": 5}",2019-01-01 00:00:00+00,ntad_parking,44,unknown,59,50,0,{}
1668,public_rest_area,Vernita MD,WA,6,POINT(-119.731530000004 46.638050000038),ntad_parking,18,2026-07-22 08:31:07.98657+00,2019-01-01 00:00:00+00,68,95,17,100,50,{},"{""state"": ""WA"", ""county"": ""Benton"", ""OBJECTID"": 1668, ""latitude"": 46.63805, ""longitude"": -119.73153, ""mile_post"": ""43"", ""municipality"": ""NA"", ""state_number"": ""53"", ""highway_route"": ""SR 24"", ""nhs_rest_stop"": ""Vernita MD"", ""number_of_spots"": 6}",2019-01-01 00:00:00+00,ntad_parking,44,unknown,59,50,0,{}
1669,public_rest_area,Selah Creek WB,WA,11,POINT(-120.443369999768 46.6976999999437),ntad_parking,18,2026-07-22 08:31:07.98657+00,2019-01-01 00:00:00+00,68,95,17,100,50,{},"{""state"": ""WA"", ""county"": ""Yakima"", ""OBJECTID"": 1669, ""latitude"": 46.6977, ""longitude"": -120.44337, ""mile_post"": ""24"", ""municipality"": ""NA"", ""state_number"": ""53"", ""highway_route"": ""I-82"", ""nhs_rest_stop"": ""Selah Creek WB"", ""number_of_spots"": 11}",2019-01-01 00:00:00+00,ntad_parking,44,unknown,59,50,0,{}
167,public_rest_area,Burlington Rest Area,CO,12,POINT(-102.266116999593 39.2965790003304),ntad_parking,18,2026-07-22 08:31:07.98657+00,2019-01-01 00:00:00+00,68,95,17,100,50,{},"{""state"": ""CO"", ""county"": ""Kit Carson"", ""OBJECTID"": 167, ""latitude"": 39.296579, ""longitude"": -102.266117, ""mile_post"": ""437"", ""municipality"": ""Burlington"", ""state_number"": ""08"", ""highway_route"": ""I-70W"", ""nhs_rest_stop"": ""Burlington Rest Area"", ""number_of_spots"": 12}",2019-01-01 00:00:00+00,ntad_parking,44,unknown,59,50,0,{}
1670,public_rest_area,Selah Creek EB,WA,12,POINT(-120.415930000014 46.7113799999443),ntad_parking,18,2026-07-22 08:31:07.98657+00,2019-01-01 00:00:00+00,68,95,17,100,50,{},"{""state"": ""WA"", ""county"": ""Yakima"", ""OBJECTID"": 1670, ""latitude"": 46.71138, ""longitude"": -120.41593, ""mile_post"": ""22"", ""municipality"": ""NA"", ""state_number"": ""53"", ""highway_route"": ""I-82"", ""nhs_rest_stop"": ""Selah Creek EB"", ""number_of_spots"": 12}",2019-01-01 00:00:00+00,ntad_parking,44,unknown,59,50,0,{}
1671,public_rest_area,Hatton Coulee,WA,9,POINT(-118.743099999867 46.7940399998163),ntad_parking,18,2026-07-22 08:31:07.98657+00,2019-01-01 00:00:00+00,68,95,17,100,50,{},"{""state"": ""WA"", ""county"": ""Adams"", ""OBJECTID"": 1671, ""latitude"": 46.79404, ""longitude"": -118.7431, ""mile_post"": ""67"", ""municipality"": ""NA"", ""state_number"": ""53"", ""highway_route"": ""SR 26"", ""nhs_rest_stop"": ""Hatton Coulee"", ""number_of_spots"": 9}",2019-01-01 00:00:00+00,ntad_parking,44,unknown,59,50,0,{}
1672,public_rest_area,Scatter Creek NB,WA,37,POINT(-122.985250000149 46.8353500002604),ntad_parking,18,2026-07-22 08:31:07.98657+00,2019-01-01 00:00:00+00,68,95,17,100,50,{},"{""state"": ""WA"", ""county"": ""Thurston"", ""OBJECTID"": 1672, ""latitude"": 46.83535, ""longitude"": -122.98525, ""mile_post"": ""91"", ""municipality"": ""NA"", ""state_number"": ""53"", ""highway_route"": ""I-5"", ""nhs_rest_stop"": ""Scatter Creek NB"", ""number_of_spots"": 37}",2019-01-01 00:00:00+00,ntad_parking,44,unknown,59,50,0,{}
1673,public_rest_area,Maytown SB,WA,13,POINT(-122.97036000031 46.871099999911),ntad_parking,18,2026-07-22 08:31:07.98657+00,2019-01-01 00:00:00+00,68,95,17,100,50,{},"{""state"": ""WA"", ""county"": ""Thurston"", ""OBJECTID"": 1673, ""latitude"": 46.8711, ""longitude"": -122.97036, ""mile_post"": ""93"", ""municipality"": ""NA"", ""state_number"": ""53"", ""highway_route"": ""I-5"", ""nhs_rest_stop"": ""Maytown SB"", ""number_of_spots"": 13}",2019-01-01 00:00:00+00,ntad_parking,44,unknown,59,50,0,{}
1674,public_rest_area,Ryegrass EB,WA,12,POINT(-120.20349000023 46.9415099997734),ntad_parking,18,2026-07-22 08:31:07.98657+00,2019-01-01 00:00:00+00,68,95,17,100,50,{},"{""state"": ""WA"", ""county"": ""Kittitas"", ""OBJECTID"": 1674, ""latitude"": 46.94151, ""longitude"": -120.20349, ""mile_post"": ""126"", ""municipality"": ""NA"", ""state_number"": ""53"", ""highway_route"": ""I-90"", ""nhs_rest_stop"": ""Ryegrass EB"", ""number_of_spots"": 12}",2019-01-01 00:00:00+00,ntad_parking,44,unknown,59,50,0,{}
1675,public_rest_area,Ryegrass WB,WA,12,POINT(-120.208630000386 46.9472500002581),ntad_parking,18,2026-07-22 08:31:07.98657+00,2019-01-01 00:00:00+00,68,95,17,100,50,{},"{""state"": ""WA"", ""county"": ""Kittitas"", ""OBJECTID"": 1675, ""latitude"": 46.94725, ""longitude"": -120.20863, ""mile_post"": ""126"", ""municipality"": ""NA"", ""state_number"": ""53"", ""highway_route"": ""I-90"", ""nhs_rest_stop"": ""Ryegrass WB"", ""number_of_spots"": 12}",2019-01-01 00:00:00+00,ntad_parking,44,unknown,59,50,0,{}
1676,public_rest_area,Elma EB,WA,37,POINT(-123.353302999745 47.0164309997024),ntad_parking,18,2026-07-22 08:31:07.98657+00,2019-01-01 00:00:00+00,68,95,17,100,50,{},"{""state"": ""WA"", ""county"": ""Grays Harbor"", ""OBJECTID"": 1676, ""latitude"": 47.016431, ""longitude"": -123.353303, ""mile_post"": ""2"", ""municipality"": ""NA"", ""state_number"": ""53"", ""highway_route"": ""SR 8"", ""nhs_rest_stop"": ""Elma EB"", ""number_of_spots"": 37}",2019-01-01 00:00:00+00,ntad_parking,44,unknown,59,50,0,{}
1677,public_rest_area,Schrag EB,WA,19,POINT(-118.844740000368 47.0850900002234),ntad_parking,18,2026-07-22 08:31:07.98657+00,2019-01-01 00:00:00+00,68,95,17,100,50,{},"{""state"": ""WA"", ""county"": ""Adams"", ""OBJECTID"": 1677, ""latitude"": 47.08509, ""longitude"": -118.84474, ""mile_post"": ""199"", ""municipality"": ""NA"", ""state_number"": ""53"", ""highway_route"": ""I-90"", ""nhs_rest_stop"": ""Schrag EB"", ""number_of_spots"": 19}",2019-01-01 00:00:00+00,ntad_parking,44,unknown,59,50,0,{}
1678,public_rest_area,Ft. Lewis Weigh Station,WA,12,POINT(-122.653828999773 47.0854279999662),ntad_parking,18,2026-07-22 08:31:07.98657+00,2019-01-01 00:00:00+00,68,95,17,100,50,{},"{""state"": ""WA"", ""county"": ""Pierce"", ""OBJECTID"": 1678, ""latitude"": 47.085428, ""longitude"": -122.653829, ""mile_post"": ""117"", ""municipality"": ""Ft. Lewis"", ""state_number"": ""53"", ""highway_route"": ""I-5"", ""nhs_rest_stop"": ""Ft. Lewis Weigh Station"", ""number_of_spots"": 12}",2019-01-01 00:00:00+00,ntad_parking,44,unknown,59,50,0,{}
1679,public_rest_area,Schrag WB,WA,19,POINT(-118.845270000098 47.0871099997704),ntad_parking,18,2026-07-22 08:31:07.98657+00,2019-01-01 00:00:00+00,68,95,17,100,50,{},"{""state"": ""WA"", ""county"": ""Adams"", ""OBJECTID"": 1679, ""latitude"": 47.08711, ""longitude"": -118.84527, ""mile_post"": ""199"", ""municipality"": ""NA"", ""state_number"": ""53"", ""highway_route"": ""I-90"", ""nhs_rest_stop"": ""Schrag WB"", ""number_of_spots"": 19}",2019-01-01 00:00:00+00,ntad_parking,44,unknown,59,50,0,{}
168,public_rest_area,Rifle Rest Area,CO,7,POINT(-107.786392999967 39.5252459996684),ntad_parking,18,2026-07-22 08:31:07.98657+00,2019-01-01 00:00:00+00,68,95,17,100,50,{},"{""state"": ""CO"", ""county"": ""Garfield"", ""OBJECTID"": 168, ""latitude"": 39.525246, ""longitude"": -107.786393, ""mile_post"": ""90"", ""municipality"": ""Rifle"", ""state_number"": ""08"", ""highway_route"": ""I-70"", ""nhs_rest_stop"": ""Rifle Rest Area"", ""number_of_spots"": 7}",2019-01-01 00:00:00+00,ntad_parking,44,unknown,59,50,0,{}
1680,public_rest_area,Winchester EB,WA,12,POINT(-119.627229999912 47.1032500001533),ntad_parking,18,2026-07-22 08:31:07.98657+00,2019-01-01 00:00:00+00,68,95,17,100,50,{},"{""state"": ""WA"", ""county"": ""Grant"", ""OBJECTID"": 1680, ""latitude"": 47.10325, ""longitude"": -119.62723, ""mile_post"": ""161"", ""municipality"": ""NA"", ""state_number"": ""53"", ""highway_route"": ""I-90"", ""nhs_rest_stop"": ""Winchester EB"", ""number_of_spots"": 12}",2019-01-01 00:00:00+00,ntad_parking,44,unknown,59,50,0,{}
1681,public_rest_area,Winchester WB,WA,12,POINT(-119.614924000394 47.1045519997214),ntad_parking,18,2026-07-22 08:31:07.98657+00,2019-01-01 00:00:00+00,68,95,17,100,50,{},"{""state"": ""WA"", ""county"": ""Grant"", ""OBJECTID"": 1681, ""latitude"": 47.104552, ""longitude"": -119.614924, ""mile_post"": ""162"", ""municipality"": ""NA"", ""state_number"": ""53"", ""highway_route"": ""I-90"", ""nhs_rest_stop"": ""Winchester WB"", ""number_of_spots"": 12}",2019-01-01 00:00:00+00,ntad_parking,44,unknown,59,50,0,{}
1682,public_rest_area,Indian John Hill EB,WA,30,POINT(-120.849360000063 47.161079999923),ntad_parking,18,2026-07-22 08:31:07.98657+00,2019-01-01 00:00:00+00,68,95,17,100,50,{},"{""state"": ""WA"", ""county"": ""Kittitas"", ""OBJECTID"": 1682, ""latitude"": 47.16108, ""longitude"": -120.84936, ""mile_post"": ""89"", ""municipality"": ""NA"", ""state_number"": ""53"", ""highway_route"": ""I-90"", ""nhs_rest_stop"": ""Indian John Hill EB"", ""number_of_spots"": 30}",2019-01-01 00:00:00+00,ntad_parking,44,unknown,59,50,0,{}
1683,public_rest_area,Indian John Hill WB,WA,20,POINT(-120.842520000216 47.1612999998894),ntad_parking,18,2026-07-22 08:31:07.98657+00,2019-01-01 00:00:00+00,68,95,17,100,50,{},"{""state"": ""WA"", ""county"": ""Kittitas"", ""OBJECTID"": 1683, ""latitude"": 47.1613, ""longitude"": -120.84252, ""mile_post"": ""89"", ""municipality"": ""NA"", ""state_number"": ""53"", ""highway_route"": ""I-90"", ""nhs_rest_stop"": ""Indian John Hill WB"", ""number_of_spots"": 20}",2019-01-01 00:00:00+00,ntad_parking,44,unknown,59,50,0,{}
1684,public_rest_area,Horn School,WA,5,POINT(-117.376910000109 47.1824600001983),ntad_parking,18,2026-07-22 08:31:07.98657+00,2019-01-01 00:00:00+00,68,95,17,100,50,{},"{""state"": ""WA"", ""county"": ""Whitman"", ""OBJECTID"": 1684, ""latitude"": 47.18246, ""longitude"": -117.37691, ""mile_post"": ""61"", ""municipality"": ""NA"", ""state_number"": ""53"", ""highway_route"": ""US 195"", ""nhs_rest_stop"": ""Horn School"", ""number_of_spots"": 5}",2019-01-01 00:00:00+00,ntad_parking,44,unknown,59,50,0,{}
1685,public_rest_area,Cle Elum (POE) Weigh Station,WA,7,POINT(-121.028029999883 47.183154999939),ntad_parking,18,2026-07-22 08:31:07.98657+00,2019-01-01 00:00:00+00,68,95,17,100,50,{},"{""state"": ""WA"", ""county"": ""Kittitas"", ""OBJECTID"": 1685, ""latitude"": 47.183155, ""longitude"": -121.02803, ""mile_post"": ""80"", ""municipality"": ""Cle Elum"", ""state_number"": ""53"", ""highway_route"": ""I-90"", ""nhs_rest_stop"": ""Cle Elum (POE) Weigh Station"", ""number_of_spots"": 7}",2019-01-01 00:00:00+00,ntad_parking,44,unknown,59,50,0,{}
1686,public_rest_area,Qunicy Valley MD,WA,12,POINT(-119.955610000031 47.2326800000267),ntad_parking,18,2026-07-22 08:31:07.98657+00,2019-01-01 00:00:00+00,68,95,17,100,50,{},"{""state"": ""WA"", ""county"": ""Grant"", ""OBJECTID"": 1686, ""latitude"": 47.23268, ""longitude"": -119.95561, ""mile_post"": ""28"", ""municipality"": ""NA"", ""state_number"": ""53"", ""highway_route"": ""SR 28"", ""nhs_rest_stop"": ""Qunicy Valley MD"", ""number_of_spots"": 12}",2019-01-01 00:00:00+00,ntad_parking,44,unknown,59,50,0,{}
1687,public_rest_area,Sea Tac Weigh Station,WA,22,POINT(-122.315825000367 47.2706119999893),ntad_parking,18,2026-07-22 08:31:07.98657+00,2019-01-01 00:00:00+00,68,95,17,100,50,{},"{""state"": ""WA"", ""county"": ""King"", ""OBJECTID"": 1687, ""latitude"": 47.270612, ""longitude"": -122.315825, ""mile_post"": ""141"", ""municipality"": ""Sea Tac"", ""state_number"": ""53"", ""highway_route"": ""I-5"", ""nhs_rest_stop"": ""Sea Tac Weigh Station"", ""number_of_spots"": 22}",2019-01-01 00:00:00+00,ntad_parking,44,unknown,59,50,0,{}
1688,public_rest_area,Sprague Lake EB,WA,20,POINT(-118.034319999728 47.2895500000127),ntad_parking,18,2026-07-22 08:31:07.98657+00,2019-01-01 00:00:00+00,68,95,17,100,50,{},"{""state"": ""WA"", ""county"": ""Lincoln"", ""OBJECTID"": 1688, ""latitude"": 47.28955, ""longitude"": -118.03432, ""mile_post"": ""242"", ""municipality"": ""NA"", ""state_number"": ""53"", ""highway_route"": ""I-90"", ""nhs_rest_stop"": ""Sprague Lake EB"", ""number_of_spots"": 20}",2019-01-01 00:00:00+00,ntad_parking,44,unknown,59,50,0,{}
1689,public_rest_area,Sprague Lake WB,WA,13,POINT(-118.032559999762 47.2956999999424),ntad_parking,18,2026-07-22 08:31:07.98657+00,2019-01-01 00:00:00+00,68,95,17,100,50,{},"{""state"": ""WA"", ""county"": ""Lincoln"", ""OBJECTID"": 1689, ""latitude"": 47.2957, ""longitude"": -118.03256, ""mile_post"": ""243"", ""municipality"": ""NA"", ""state_number"": ""53"", ""highway_route"": ""I-90"", ""nhs_rest_stop"": ""Sprague Lake WB"", ""number_of_spots"": 13}",2019-01-01 00:00:00+00,ntad_parking,44,unknown,59,50,0,{}
169,public_rest_area,Vail Pass Rest Area,CO,6,POINT(-106.217673999767 39.5271229997499),ntad_parking,18,2026-07-22 08:31:07.98657+00,2019-01-01 00:00:00+00,68,95,17,100,50,{},"{""state"": ""CO"", ""county"": ""Summit"", ""OBJECTID"": 169, ""latitude"": 39.527123, ""longitude"": -106.217674, ""mile_post"": ""190"", ""municipality"": ""Summit County"", ""state_number"": ""08"", ""highway_route"": ""I-70"", ""nhs_rest_stop"": ""Vail Pass Rest Area"", ""number_of_spots"": 6}",2019-01-01 00:00:00+00,ntad_parking,44,unknown,59,50,0,{}
1690,public_rest_area,Rock Island Weigh Station,WA,11,POINT(-120.07280499982 47.319536000278),ntad_parking,18,2026-07-22 08:31:07.98657+00,2019-01-01 00:00:00+00,68,95,17,100,50,{},"{""state"": ""WA"", ""county"": ""Douglas"", ""OBJECTID"": 1690, ""latitude"": 47.319536, ""longitude"": -120.072805, ""mile_post"": ""13"", ""municipality"": ""Rock Island"", ""state_number"": ""53"", ""highway_route"": ""SR 28"", ""nhs_rest_stop"": ""Rock Island Weigh Station"", ""number_of_spots"": 11}",2019-01-01 00:00:00+00,ntad_parking,44,unknown,59,50,0,{}
1691,public_rest_area,Spokane (POE) Weigh Station,WA,21,POINT(-117.071057000267 47.6879100000506),ntad_parking,18,2026-07-22 08:31:07.98657+00,2019-01-01 00:00:00+00,68,95,17,100,50,{},"{""state"": ""WA"", ""county"": ""Spokane"", ""OBJECTID"": 1691, ""latitude"": 47.68791, ""longitude"": -117.071057, ""mile_post"": ""299"", ""municipality"": ""Spokane"", ""state_number"": ""53"", ""highway_route"": ""I-90"", ""nhs_rest_stop"": ""Spokane (POE) Weigh Station"", ""number_of_spots"": 21}",2019-01-01 00:00:00+00,ntad_parking,44,unknown,59,50,0,{}
1692,public_rest_area,Telford,WA,9,POINT(-118.397770000367 47.694749999821),ntad_parking,18,2026-07-22 08:31:07.98657+00,2019-01-01 00:00:00+00,68,95,17,100,50,{},"{""state"": ""WA"", ""county"": ""Lincoln"", ""OBJECTID"": 1692, ""latitude"": 47.69475, ""longitude"": -118.39777, ""mile_post"": ""238"", ""municipality"": ""NA"", ""state_number"": ""53"", ""highway_route"": ""US 2"", ""nhs_rest_stop"": ""Telford"", ""number_of_spots"": 9}",2019-01-01 00:00:00+00,ntad_parking,44,unknown,59,50,0,{}
1693,public_rest_area,Nason Creek MD,WA,18,POINT(-120.793139999815 47.766439999758),ntad_parking,18,2026-07-22 08:31:07.98657+00,2019-01-01 00:00:00+00,68,95,17,100,50,{},"{""state"": ""WA"", ""county"": ""Chelan"", ""OBJECTID"": 1693, ""latitude"": 47.76644, ""longitude"": -120.79314, ""mile_post"": ""82"", ""municipality"": ""NA"", ""state_number"": ""53"", ""highway_route"": ""US 2"", ""nhs_rest_stop"": ""Nason Creek MD"", ""number_of_spots"": 18}",2019-01-01 00:00:00+00,ntad_parking,44,unknown,59,50,0,{}
1694,public_rest_area,Everett Weigh Station,WA,14,POINT(-122.214754999778 47.9015070000158),ntad_parking,18,2026-07-22 08:31:07.98657+00,2019-01-01 00:00:00+00,68,95,17,100,50,{},"{""state"": ""WA"", ""county"": ""Snohomish"", ""OBJECTID"": 1694, ""latitude"": 47.901507, ""longitude"": -122.214755, ""mile_post"": ""188"", ""municipality"": ""Everett"", ""state_number"": ""53"", ""highway_route"": ""I-5"", ""nhs_rest_stop"": ""Everett Weigh Station"", ""number_of_spots"": 14}",2019-01-01 00:00:00+00,ntad_parking,44,unknown,59,50,0,{}
1695,public_rest_area,Lake Stevens Weigh Station,WA,2,POINT(-122.109842999941 48.0233229999774),ntad_parking,18,2026-07-22 08:31:07.98657+00,2019-01-01 00:00:00+00,68,95,17,100,50,{},"{""state"": ""WA"", ""county"": ""Snohomish"", ""OBJECTID"": 1695, ""latitude"": 48.023323, ""longitude"": -122.109843, ""mile_post"": ""17"", ""municipality"": ""Lake Stevens"", ""state_number"": ""53"", ""highway_route"": ""SR 9"", ""nhs_rest_stop"": ""Lake Stevens Weigh Station"", ""number_of_spots"": 2}",2019-01-01 00:00:00+00,ntad_parking,44,unknown,59,50,0,{}
1696,public_rest_area,Brewster Weigh Station,WA,4,POINT(-119.685566999603 48.1032850002577),ntad_parking,18,2026-07-22 08:31:07.98657+00,2019-01-01 00:00:00+00,68,95,17,100,50,{},"{""state"": ""WA"", ""county"": ""Okanogan"", ""OBJECTID"": 1696, ""latitude"": 48.103285, ""longitude"": -119.685567, ""mile_post"": ""265"", ""municipality"": ""Brewster"", ""state_number"": ""53"", ""highway_route"": ""US 97"", ""nhs_rest_stop"": ""Brewster Weigh Station"", ""number_of_spots"": 4}",2019-01-01 00:00:00+00,ntad_parking,44,unknown,59,50,0,{}
1697,public_rest_area,Smokey Point NB,WA,11,POINT(-122.188869999951 48.1688500002037),ntad_parking,18,2026-07-22 08:31:07.98657+00,2019-01-01 00:00:00+00,68,95,17,100,50,{},"{""state"": ""WA"", ""county"": ""Snohomish"", ""OBJECTID"": 1697, ""latitude"": 48.16885, ""longitude"": -122.18887, ""mile_post"": ""207"", ""municipality"": ""NA"", ""state_number"": ""53"", ""highway_route"": ""I-5"", ""nhs_rest_stop"": ""Smokey Point NB"", ""number_of_spots"": 11}",2019-01-01 00:00:00+00,ntad_parking,44,unknown,59,50,0,{}
1698,public_rest_area,Smokey Point SB,WA,12,POINT(-122.194277999895 48.1691079999268),ntad_parking,18,2026-07-22 08:31:07.98657+00,2019-01-01 00:00:00+00,68,95,17,100,50,{},"{""state"": ""WA"", ""county"": ""Snohomish"", ""OBJECTID"": 1698, ""latitude"": 48.169108, ""longitude"": -122.194278, ""mile_post"": ""207"", ""municipality"": ""NA"", ""state_number"": ""53"", ""highway_route"": ""I-5"", ""nhs_rest_stop"": ""Smokey Point SB"", ""number_of_spots"": 12}",2019-01-01 00:00:00+00,ntad_parking,44,unknown,59,50,0,{}
1699,public_rest_area,Stanwood/Bryant Weigh Station,WA,13,POINT(-122.256511999984 48.2570080002491),ntad_parking,18,2026-07-22 08:31:07.98657+00,2019-01-01 00:00:00+00,68,95,17,100,50,{},"{""state"": ""WA"", ""county"": ""Skagit"", ""OBJECTID"": 1699, ""latitude"": 48.257008, ""longitude"": -122.256512, ""mile_post"": ""214"", ""municipality"": ""Stanwood/Bryant"", ""state_number"": ""53"", ""highway_route"": ""I-5"", ""nhs_rest_stop"": ""Stanwood/Bryant Weigh Station"", ""number_of_spots"": 13}",2019-01-01 00:00:00+00,ntad_parking,44,unknown,59,50,0,{}
17,public_rest_area,Greene County Rest Area (SB),AL,31,POINT(-87.937319999774 32.8595099996981),ntad_parking,18,2026-07-22 08:31:07.98657+00,2019-01-01 00:00:00+00,68,95,17,100,50,{},"{""state"": ""AL"", ""county"": ""Greene"", ""OBJECTID"": 17, ""latitude"": 32.85951, ""longitude"": -87.93732, ""mile_post"": ""39.776"", ""municipality"": ""Eutaw"", ""state_number"": ""01"", ""highway_route"": ""I-59 SB"", ""nhs_rest_stop"": ""Greene County Rest Area (SB)"", ""number_of_spots"": 31}",2019-01-01 00:00:00+00,ntad_parking,44,unknown,59,50,0,{}
170,public_rest_area,No Name Rest Area,CO,3,POINT(-107.291626999804 39.5601350000706),ntad_parking,18,2026-07-22 08:31:07.98657+00,2019-01-01 00:00:00+00,68,95,17,100,50,{},"{""state"": ""CO"", ""county"": ""Garfield"", ""OBJECTID"": 170, ""latitude"": 39.560135, ""longitude"": -107.291627, ""mile_post"": ""119"", ""municipality"": ""Glenwood Springs"", ""state_number"": ""08"", ""highway_route"": ""I-70 E"", ""nhs_rest_stop"": ""No Name Rest Area"", ""number_of_spots"": 3}",2019-01-01 00:00:00+00,ntad_parking,44,unknown,59,50,0,{}
1700,public_rest_area,Bow Hill (POE) Weigh Station,WA,20,POINT(-122.354421999593 48.5388089997387),ntad_parking,18,2026-07-22 08:31:07.98657+00,2019-01-01 00:00:00+00,68,95,17,100,50,{},"{""state"": ""WA"", ""county"": ""Skagit"", ""OBJECTID"": 1700, ""latitude"": 48.538809, ""longitude"": -122.354422, ""mile_post"": ""235"", ""municipality"": ""Bow Hill"", ""state_number"": ""53"", ""highway_route"": ""I-5"", ""nhs_rest_stop"": ""Bow Hill (POE) Weigh Station"", ""number_of_spots"": 20}",2019-01-01 00:00:00+00,ntad_parking,44,unknown,59,50,0,{}
1701,public_rest_area,Bow Hill NB,WA,12,POINT(-122.34431000041 48.5823299997106),ntad_parking,18,2026-07-22 08:31:07.98657+00,2019-01-01 00:00:00+00,68,95,17,100,50,{},"{""state"": ""WA"", ""county"": ""Skagit"", ""OBJECTID"": 1701, ""latitude"": 48.58233, ""longitude"": -122.34431, ""mile_post"": ""235"", ""municipality"": ""NA"", ""state_number"": ""53"", ""highway_route"": ""I-5"", ""nhs_rest_stop"": ""Bow Hill NB"", ""number_of_spots"": 12}",2019-01-01 00:00:00+00,ntad_parking,44,unknown,59,50,0,{}
1702,public_rest_area,Bow Hill SB,WA,11,POINT(-122.346529999785 48.584669999995),ntad_parking,18,2026-07-22 08:31:07.98657+00,2019-01-01 00:00:00+00,68,95,17,100,50,{},"{""state"": ""WA"", ""county"": ""Skagit"", ""OBJECTID"": 1702, ""latitude"": 48.58467, ""longitude"": -122.34653, ""mile_post"": ""235"", ""municipality"": ""NA"", ""state_number"": ""53"", ""highway_route"": ""I-5"", ""nhs_rest_stop"": ""Bow Hill SB"", ""number_of_spots"": 11}",2019-01-01 00:00:00+00,ntad_parking,44,unknown,59,50,0,{}
1703,public_rest_area,Custer NB,WA,18,POINT(-122.622029999663 48.9091300002599),ntad_parking,18,2026-07-22 08:31:07.98657+00,2019-01-01 00:00:00+00,68,95,17,100,50,{},"{""state"": ""WA"", ""county"": ""Whatcom"", ""OBJECTID"": 1703, ""latitude"": 48.90913, ""longitude"": -122.62203, ""mile_post"": ""268"", ""municipality"": ""NA"", ""state_number"": ""53"", ""highway_route"": ""I-5"", ""nhs_rest_stop"": ""Custer NB"", ""number_of_spots"": 18}",2019-01-01 00:00:00+00,ntad_parking,44,unknown,59,50,0,{}
1704,public_rest_area,Custer SB,WA,11,POINT(-122.646179999639 48.9266700001489),ntad_parking,18,2026-07-22 08:31:07.98657+00,2019-01-01 00:00:00+00,68,95,17,100,50,{},"{""state"": ""WA"", ""county"": ""Whatcom"", ""OBJECTID"": 1704, ""latitude"": 48.92667, ""longitude"": -122.64618, ""mile_post"": ""269"", ""municipality"": ""NA"", ""state_number"": ""53"", ""highway_route"": ""I-5"", ""nhs_rest_stop"": ""Custer SB"", ""number_of_spots"": 11}",2019-01-01 00:00:00+00,ntad_parking,44,unknown,59,50,0,{}
1705,public_rest_area,Safety & Weight Enforcment Facility #21,WI,26,POINT(-87.9507300000297 42.5003700001632),ntad_parking,18,2026-07-22 08:31:07.98657+00,2019-01-01 00:00:00+00,68,95,17,100,50,{},"{""state"": ""WI"", ""county"": ""Kenosha"", ""OBJECTID"": 1705, ""latitude"": 42.50037, ""longitude"": -87.95073, ""mile_post"": ""1"", ""municipality"": ""Kenosha"", ""state_number"": ""55"", ""highway_route"": ""I-94W"", ""nhs_rest_stop"": ""Safety & Weight Enforcment Facility #21"", ""number_of_spots"": 26}",2019-01-01 00:00:00+00,ntad_parking,44,unknown,59,50,0,{}
1706,public_rest_area,Rest Area #22,WI,30,POINT(-88.9894999995687 42.5024999997539),ntad_parking,18,2026-07-22 08:31:07.98657+00,2019-01-01 00:00:00+00,68,95,17,100,50,{},"{""state"": ""WI"", ""county"": ""Rock"", ""OBJECTID"": 1706, ""latitude"": 42.5025, ""longitude"": -88.9895, ""mile_post"": ""187"", ""municipality"": ""Beloit"", ""state_number"": ""55"", ""highway_route"": ""I-39N/I-90W"", ""nhs_rest_stop"": ""Rest Area #22"", ""number_of_spots"": 30}",2019-01-01 00:00:00+00,ntad_parking,44,unknown,59,50,0,{}
1707,public_rest_area,Rest Area #26,WI,27,POINT(-87.9516000004161 42.5187000001945),ntad_parking,18,2026-07-22 08:31:07.98657+00,2019-01-01 00:00:00+00,68,95,17,100,50,{},"{""state"": ""WI"", ""county"": ""Kenosha"", ""OBJECTID"": 1707, ""latitude"": 42.5187, ""longitude"": -87.9516, ""mile_post"": ""347"", ""municipality"": ""Kenosha"", ""state_number"": ""55"", ""highway_route"": ""I-94W"", ""nhs_rest_stop"": ""Rest Area #26"", ""number_of_spots"": 27}",2019-01-01 00:00:00+00,ntad_parking,44,unknown,59,50,0,{}
1708,public_rest_area,Safety & Weight Enforcement Facility #11,WI,10,POINT(-90.6074329995899 42.5202500002378),ntad_parking,18,2026-07-22 08:31:07.98657+00,2019-01-01 00:00:00+00,68,95,17,100,50,{},"{""state"": ""WI"", ""county"": ""Grant"", ""OBJECTID"": 1708, ""latitude"": 42.52025, ""longitude"": -90.607433, ""mile_post"": ""1"", ""municipality"": ""Dickeyville"", ""state_number"": ""55"", ""highway_route"": ""US61/151 NB"", ""nhs_rest_stop"": ""Safety & Weight Enforcement Facility #11"", ""number_of_spots"": 10}",2019-01-01 00:00:00+00,ntad_parking,44,unknown,59,50,0,{}
1709,public_rest_area,Rest Area #106,WI,18,POINT(-90.6171499996614 42.5210199996805),ntad_parking,18,2026-07-22 08:31:07.98657+00,2019-01-01 00:00:00+00,68,95,17,100,50,{},"{""state"": ""WI"", ""county"": ""Grant"", ""OBJECTID"": 1709, ""latitude"": 42.52102, ""longitude"": -90.61715, ""mile_post"": ""1"", ""municipality"": ""Kieler"", ""state_number"": ""55"", ""highway_route"": ""US51/161"", ""nhs_rest_stop"": ""Rest Area #106"", ""number_of_spots"": 18}",2019-01-01 00:00:00+00,ntad_parking,44,unknown,59,50,0,{}
171,public_rest_area,Grizzly Creek Rest Area,CO,7,POINT(-107.252400000391 39.5607999998218),ntad_parking,18,2026-07-22 08:31:07.98657+00,2019-01-01 00:00:00+00,68,95,17,100,50,{},"{""state"": ""CO"", ""county"": ""Garfield"", ""OBJECTID"": 171, ""latitude"": 39.5608, ""longitude"": -107.2524, ""mile_post"": ""121"", ""municipality"": ""Glenwood Springs"", ""state_number"": ""08"", ""highway_route"": ""I-70"", ""nhs_rest_stop"": ""Grizzly Creek Rest Area"", ""number_of_spots"": 7}",2019-01-01 00:00:00+00,ntad_parking,44,unknown,59,50,0,{}
1710,public_rest_area,Safety & Weight Enforcment Facility #19,WI,16,POINT(-88.9811900001839 42.5987299996793),ntad_parking,18,2026-07-22 08:31:07.98657+00,2019-01-01 00:00:00+00,68,95,17,100,50,{},"{""state"": ""WI"", ""county"": ""Rock"", ""OBJECTID"": 1710, ""latitude"": 42.59873, ""longitude"": -88.98119, ""mile_post"": ""180"", ""municipality"": ""Beloit"", ""state_number"": ""55"", ""highway_route"": ""I-39N/I-90W"", ""nhs_rest_stop"": ""Safety & Weight Enforcment Facility #19"", ""number_of_spots"": 16}",2019-01-01 00:00:00+00,ntad_parking,44,unknown,59,50,0,{}
1711,public_rest_area,Rest Area #35,WI,15,POINT(-88.4628580002006 42.7223070001662),ntad_parking,18,2026-07-22 08:31:07.98657+00,2019-01-01 00:00:00+00,68,95,17,100,50,{},"{""state"": ""WI"", ""county"": ""Walworth"", ""OBJECTID"": 1711, ""latitude"": 42.722307, ""longitude"": -88.462858, ""mile_post"": ""32"", ""municipality"": ""Elkhorn"", ""state_number"": ""55"", ""highway_route"": ""I-43N"", ""nhs_rest_stop"": ""Rest Area #35"", ""number_of_spots"": 15}",2019-01-01 00:00:00+00,ntad_parking,44,unknown,59,50,0,{}
1712,public_rest_area,Rest Area #36,WI,14,POINT(-88.4611300000218 42.7335220001908),ntad_parking,18,2026-07-22 08:31:07.98657+00,2019-01-01 00:00:00+00,68,95,17,100,50,{},"{""state"": ""WI"", ""county"": ""Walworth"", ""OBJECTID"": 1712, ""latitude"": 42.733522, ""longitude"": -88.46113, ""mile_post"": ""32"", ""municipality"": ""East Troy"", ""state_number"": ""55"", ""highway_route"": ""I-43S"", ""nhs_rest_stop"": ""Rest Area #36"", ""number_of_spots"": 14}",2019-01-01 00:00:00+00,ntad_parking,44,unknown,59,50,0,{}
1713,public_rest_area,Rest Area #17,WI,44,POINT(-89.0068959999114 42.7687930003017),ntad_parking,18,2026-07-22 08:31:07.98657+00,2019-01-01 00:00:00+00,68,95,17,100,50,{},"{""state"": ""WI"", ""county"": ""Rock"", ""OBJECTID"": 1713, ""latitude"": 42.768793, ""longitude"": -89.006896, ""mile_post"": ""168"", ""municipality"": ""Janesville"", ""state_number"": ""55"", ""highway_route"": ""I-39S/I-90E"", ""nhs_rest_stop"": ""Rest Area #17"", ""number_of_spots"": 44}",2019-01-01 00:00:00+00,ntad_parking,44,unknown,59,50,0,{}
1714,public_rest_area,Safety & Weight Enforcement Facility #22,WI,8,POINT(-87.9539329997691 42.794949999676),ntad_parking,18,2026-07-22 08:31:07.98657+00,2019-01-01 00:00:00+00,68,95,17,100,50,{},"{""state"": ""WI"", ""county"": ""Racine"", ""OBJECTID"": 1714, ""latitude"": 42.79495, ""longitude"": -87.953933, ""mile_post"": ""327.3"", ""municipality"": ""Racine"", ""state_number"": ""55"", ""highway_route"": ""I41/94EB"", ""nhs_rest_stop"": ""Safety & Weight Enforcement Facility #22"", ""number_of_spots"": 8}",2019-01-01 00:00:00+00,ntad_parking,44,unknown,59,50,0,{}
1715,public_rest_area,Safety & Weight Enforcment Facility #16,WI,17,POINT(-89.2237300002109 43.008639999848),ntad_parking,18,2026-07-22 08:31:07.98657+00,2019-01-01 00:00:00+00,68,95,17,100,50,{},"{""state"": ""WI"", ""county"": ""Dane"", ""OBJECTID"": 1715, ""latitude"": 43.00864, ""longitude"": -89.22373, ""mile_post"": ""145"", ""municipality"": ""Madison"", ""state_number"": ""55"", ""highway_route"": ""I-39S/I-90E"", ""nhs_rest_stop"": ""Safety & Weight Enforcment Facility #16"", ""number_of_spots"": 17}",2019-01-01 00:00:00+00,ntad_parking,44,unknown,59,50,0,{}
1716,public_rest_area,Rest Area #13,WI,28,POINT(-88.8749309999342 43.086284999835),ntad_parking,18,2026-07-22 08:31:07.98657+00,2019-01-01 00:00:00+00,68,95,17,100,50,{},"{""state"": ""WI"", ""county"": ""Jefferson"", ""OBJECTID"": 1716, ""latitude"": 43.086285, ""longitude"": -88.874931, ""mile_post"": ""261"", ""municipality"": ""Lake Mills"", ""state_number"": ""55"", ""highway_route"": ""I-94E"", ""nhs_rest_stop"": ""Rest Area #13"", ""number_of_spots"": 28}",2019-01-01 00:00:00+00,ntad_parking,44,unknown,59,50,0,{}
1717,public_rest_area,Rest Area #14,WI,30,POINT(-88.8234330002654 43.0864970002701),ntad_parking,18,2026-07-22 08:31:07.98657+00,2019-01-01 00:00:00+00,68,95,17,100,50,{},"{""state"": ""WI"", ""county"": ""Jefferson"", ""OBJECTID"": 1717, ""latitude"": 43.086497, ""longitude"": -88.823433, ""mile_post"": ""263"", ""municipality"": ""Johnson Creek"", ""state_number"": ""55"", ""highway_route"": ""I-94W"", ""nhs_rest_stop"": ""Rest Area #14"", ""number_of_spots"": 30}",2019-01-01 00:00:00+00,ntad_parking,44,unknown,59,50,0,{}
1718,public_rest_area,Rest Area #12,WI,63,POINT(-89.4778629997279 43.4256789999926),ntad_parking,18,2026-07-22 08:31:07.98657+00,2019-01-01 00:00:00+00,68,95,17,100,50,{},"{""state"": ""WI"", ""county"": ""Columbia"", ""OBJECTID"": 1718, ""latitude"": 43.425679, ""longitude"": -89.477863, ""mile_post"": ""113"", ""municipality"": ""Poynette"", ""state_number"": ""55"", ""highway_route"": ""I-39N"", ""nhs_rest_stop"": ""Rest Area #12"", ""number_of_spots"": 63}",2019-01-01 00:00:00+00,ntad_parking,44,unknown,59,50,0,{}
1719,public_rest_area,Rest Area #11,WI,68,POINT(-89.4820260002653 43.4292149996793),ntad_parking,18,2026-07-22 08:31:07.98657+00,2019-01-01 00:00:00+00,68,95,17,100,50,{},"{""state"": ""WI"", ""county"": ""Columbia"", ""OBJECTID"": 1719, ""latitude"": 43.429215, ""longitude"": -89.482026, ""mile_post"": ""113"", ""municipality"": ""Portage"", ""state_number"": ""55"", ""highway_route"": ""I-39S/I-90/I-94"", ""nhs_rest_stop"": ""Rest Area #11"", ""number_of_spots"": 68}",2019-01-01 00:00:00+00,ntad_parking,44,unknown,59,50,0,{}
172,public_rest_area,New Castle Parking Area,CO,6,POINT(-107.475926000399 39.5724529997873),ntad_parking,18,2026-07-22 08:31:07.98657+00,2019-01-01 00:00:00+00,68,95,17,100,50,{},"{""state"": ""CO"", ""county"": ""Garfield"", ""OBJECTID"": 172, ""latitude"": 39.572453, ""longitude"": -107.475926, ""mile_post"": ""108"", ""municipality"": ""New Castle"", ""state_number"": ""08"", ""highway_route"": ""I-70"", ""nhs_rest_stop"": ""New Castle Parking Area"", ""number_of_spots"": 6}",2019-01-01 00:00:00+00,ntad_parking,44,unknown,59,50,0,{}
1720,public_rest_area,Rest Area #64,WI,12,POINT(-88.4273240000735 43.5575599998997),ntad_parking,18,2026-07-22 08:31:07.98657+00,2019-01-01 00:00:00+00,68,95,17,100,50,{},"{""state"": ""WI"", ""county"": ""Dodge"", ""OBJECTID"": 1720, ""latitude"": 43.55756, ""longitude"": -88.427324, ""mile_post"": ""82"", ""municipality"": ""Theresa"", ""state_number"": ""55"", ""highway_route"": ""US41N"", ""nhs_rest_stop"": ""Rest Area #64"", ""number_of_spots"": 12}",2019-01-01 00:00:00+00,ntad_parking,44,unknown,59,50,0,{}
1721,public_rest_area,Rest Area #63,WI,22,POINT(-88.4317119998435 43.5614080002369),ntad_parking,18,2026-07-22 08:31:07.98657+00,2019-01-01 00:00:00+00,68,95,17,100,50,{},"{""state"": ""WI"", ""county"": ""Dodge"", ""OBJECTID"": 1721, ""latitude"": 43.561408, ""longitude"": -88.431712, ""mile_post"": ""83"", ""municipality"": ""Lomira"", ""state_number"": ""55"", ""highway_route"": ""US41S"", ""nhs_rest_stop"": ""Rest Area #63"", ""number_of_spots"": 22}",2019-01-01 00:00:00+00,ntad_parking,44,unknown,59,50,0,{}
1722,public_rest_area,Rest Area #10,WI,25,POINT(-89.9489409998724 43.7510319998873),ntad_parking,18,2026-07-22 08:31:07.98657+00,2019-01-01 00:00:00+00,68,95,17,100,50,{},"{""state"": ""WI"", ""county"": ""Juneau"", ""OBJECTID"": 1722, ""latitude"": 43.751032, ""longitude"": -89.948941, ""mile_post"": ""75"", ""municipality"": ""Mauston"", ""state_number"": ""55"", ""highway_route"": ""I-90W/I-94"", ""nhs_rest_stop"": ""Rest Area #10"", ""number_of_spots"": 25}",2019-01-01 00:00:00+00,ntad_parking,44,unknown,59,50,0,{}
1723,public_rest_area,Rest Area #9,WI,23,POINT(-89.9740199997861 43.7615300000492),ntad_parking,18,2026-07-22 08:31:07.98657+00,2019-01-01 00:00:00+00,68,95,17,100,50,{},"{""state"": ""WI"", ""county"": ""Juneau"", ""OBJECTID"": 1723, ""latitude"": 43.76153, ""longitude"": -89.97402, ""mile_post"": ""74"", ""municipality"": ""Lyndon Station"", ""state_number"": ""55"", ""highway_route"": ""I-90/I-94E"", ""nhs_rest_stop"": ""Rest Area #9"", ""number_of_spots"": 23}",2019-01-01 00:00:00+00,ntad_parking,44,unknown,59,50,0,{}
1724,public_rest_area,Rest Area #31,WI,19,POINT(-91.2781500004308 43.8594799999918),ntad_parking,18,2026-07-22 08:31:07.98657+00,2019-01-01 00:00:00+00,68,95,17,100,50,{},"{""state"": ""WI"", ""county"": ""La Crosse"", ""OBJECTID"": 1724, ""latitude"": 43.85948, ""longitude"": -91.27815, ""mile_post"": ""1"", ""municipality"": ""La Crosse"", ""state_number"": ""55"", ""highway_route"": ""I-90E"", ""nhs_rest_stop"": ""Rest Area #31"", ""number_of_spots"": 19}",2019-01-01 00:00:00+00,ntad_parking,44,unknown,59,50,0,{}
1725,public_rest_area,Safety & Weight Enforcement Facility #54,WI,20,POINT(-91.1065349996447 43.8861370002592),ntad_parking,18,2026-07-22 08:31:07.98657+00,2019-01-01 00:00:00+00,68,95,17,100,50,{},"{""state"": ""WI"", ""county"": ""Dunn"", ""OBJECTID"": 1725, ""latitude"": 43.886137, ""longitude"": -91.106535, ""mile_post"": ""16"", ""municipality"": ""Sparta"", ""state_number"": ""55"", ""highway_route"": ""I90/EB"", ""nhs_rest_stop"": ""Safety & Weight Enforcement Facility #54"", ""number_of_spots"": 20}",2019-01-01 00:00:00+00,ntad_parking,44,unknown,59,50,0,{}
1726,public_rest_area,Rest Area #15,WI,16,POINT(-90.9197000002049 43.8987800001849),ntad_parking,18,2026-07-22 08:31:07.98657+00,2019-01-01 00:00:00+00,68,95,17,100,50,{},"{""state"": ""WI"", ""county"": ""Monroe"", ""OBJECTID"": 1726, ""latitude"": 43.89878, ""longitude"": -90.9197, ""mile_post"": ""20"", ""municipality"": ""Bangor"", ""state_number"": ""55"", ""highway_route"": ""I-90E"", ""nhs_rest_stop"": ""Rest Area #15"", ""number_of_spots"": 16}",2019-01-01 00:00:00+00,ntad_parking,44,unknown,59,50,0,{}
1727,public_rest_area,Rest Area #16,WI,16,POINT(-90.8725300000316 43.9106999997331),ntad_parking,18,2026-07-22 08:31:07.98657+00,2019-01-01 00:00:00+00,68,95,17,100,50,{},"{""state"": ""WI"", ""county"": ""Monroe"", ""OBJECTID"": 1727, ""latitude"": 43.9107, ""longitude"": -90.87253, ""mile_post"": ""21"", ""municipality"": ""Sparta"", ""state_number"": ""55"", ""highway_route"": ""I-90W"", ""nhs_rest_stop"": ""Rest Area #16"", ""number_of_spots"": 16}",2019-01-01 00:00:00+00,ntad_parking,44,unknown,59,50,0,{}
1728,public_rest_area,Rest Area #82,WI,30,POINT(-89.4842499998384 43.9443699998361),ntad_parking,18,2026-07-22 08:31:07.98657+00,2019-01-01 00:00:00+00,68,95,17,100,50,{},"{""state"": ""WI"", ""county"": ""Marquette"", ""OBJECTID"": 1728, ""latitude"": 43.94437, ""longitude"": -89.48425, ""mile_post"": ""117"", ""municipality"": ""Westfield"", ""state_number"": ""55"", ""highway_route"": ""I-39N"", ""nhs_rest_stop"": ""Rest Area #82"", ""number_of_spots"": 30}",2019-01-01 00:00:00+00,ntad_parking,44,unknown,59,50,0,{}
1729,public_rest_area,Safety & Weight Enforcement Facility #35,WI,10,POINT(-87.7363500003555 43.9706500002087),ntad_parking,18,2026-07-22 08:31:07.98657+00,2019-01-01 00:00:00+00,68,95,17,100,50,{},"{""state"": ""WI"", ""county"": ""Manitowoc"", ""OBJECTID"": 1729, ""latitude"": 43.97065, ""longitude"": -87.73635, ""mile_post"": ""141"", ""municipality"": ""Newton"", ""state_number"": ""55"", ""highway_route"": ""I43/SB"", ""nhs_rest_stop"": ""Safety & Weight Enforcement Facility #35"", ""number_of_spots"": 10}",2019-01-01 00:00:00+00,ntad_parking,44,unknown,59,50,0,{}
173,public_rest_area,Bair Ranch Rest Area,CO,6,POINT(-107.13960099987 39.6142710000476),ntad_parking,18,2026-07-22 08:31:07.98657+00,2019-01-01 00:00:00+00,68,95,17,100,50,{},"{""state"": ""CO"", ""county"": ""Garfield"", ""OBJECTID"": 173, ""latitude"": 39.614271, ""longitude"": -107.139601, ""mile_post"": ""128"", ""municipality"": ""Glenwood Springs"", ""state_number"": ""08"", ""highway_route"": ""I-70"", ""nhs_rest_stop"": ""Bair Ranch Rest Area"", ""number_of_spots"": 6}",2019-01-01 00:00:00+00,ntad_parking,44,unknown,59,50,0,{}
1730,public_rest_area,Rest Area #81,WI,20,POINT(-89.4977300004143 43.9820999998335),ntad_parking,18,2026-07-22 08:31:07.98657+00,2019-01-01 00:00:00+00,68,95,17,100,50,{},"{""state"": ""WI"", ""county"": ""Marquette"", ""OBJECTID"": 1730, ""latitude"": 43.9821, ""longitude"": -89.49773, ""mile_post"": ""120"", ""municipality"": ""Coloma"", ""state_number"": ""55"", ""highway_route"": ""I-39S"", ""nhs_rest_stop"": ""Rest Area #81"", ""number_of_spots"": 20}",2019-01-01 00:00:00+00,ntad_parking,44,unknown,59,50,0,{}
1731,public_rest_area,Safety & Weight Enforcement Facility #44,WI,12,POINT(-89.5354930001374 44.0773060002895),ntad_parking,18,2026-07-22 08:31:07.98657+00,2019-01-01 00:00:00+00,68,95,17,100,50,{},"{""state"": ""WI"", ""county"": ""Washara"", ""OBJECTID"": 1731, ""latitude"": 44.077306, ""longitude"": -89.535493, ""mile_post"": ""127"", ""municipality"": ""Coloma"", ""state_number"": ""55"", ""highway_route"": ""I39/NB/SB"", ""nhs_rest_stop"": ""Safety & Weight Enforcement Facility #44"", ""number_of_spots"": 12}",2019-01-01 00:00:00+00,ntad_parking,44,unknown,59,50,0,{}
1732,public_rest_area,Rest Area #53,WI,41,POINT(-90.7066360000825 44.2274909998561),ntad_parking,18,2026-07-22 08:31:07.98657+00,2019-01-01 00:00:00+00,68,95,17,100,50,{},"{""state"": ""WI"", ""county"": ""Jackson"", ""OBJECTID"": 1732, ""latitude"": 44.227491, ""longitude"": -90.706636, ""mile_post"": ""124"", ""municipality"": ""Millston"", ""state_number"": ""55"", ""highway_route"": ""I-94E"", ""nhs_rest_stop"": ""Rest Area #53"", ""number_of_spots"": 41}",2019-01-01 00:00:00+00,ntad_parking,44,unknown,59,50,0,{}
1733,public_rest_area,Rest Area #54,WI,43,POINT(-90.7322000004181 44.243900000092),ntad_parking,18,2026-07-22 08:31:07.98657+00,2019-01-01 00:00:00+00,68,95,17,100,50,{},"{""state"": ""WI"", ""county"": ""Black River Falls"", ""OBJECTID"": 1733, ""latitude"": 44.2439, ""longitude"": -90.7322, ""mile_post"": ""121"", ""municipality"": ""Jackson"", ""state_number"": ""55"", ""highway_route"": ""I-94W"", ""nhs_rest_stop"": ""Rest Area #54"", ""number_of_spots"": 43}",2019-01-01 00:00:00+00,ntad_parking,44,unknown,59,50,0,{}
1734,public_rest_area,Rest Area #51,WI,20,POINT(-87.8153189997406 44.3182440002442),ntad_parking,18,2026-07-22 08:31:07.98657+00,2019-01-01 00:00:00+00,68,95,17,100,50,{},"{""state"": ""WI"", ""county"": ""Manitowoc"", ""OBJECTID"": 1734, ""latitude"": 44.318244, ""longitude"": -87.815319, ""mile_post"": ""168"", ""municipality"": ""Maribel"", ""state_number"": ""55"", ""highway_route"": ""I-43S"", ""nhs_rest_stop"": ""Rest Area #51"", ""number_of_spots"": 20}",2019-01-01 00:00:00+00,ntad_parking,44,unknown,59,50,0,{}
1735,public_rest_area,Rest Area #52,WI,20,POINT(-87.8073299998479 44.3186999997627),ntad_parking,18,2026-07-22 08:31:07.98657+00,2019-01-01 00:00:00+00,68,95,17,100,50,{},"{""state"": ""WI"", ""county"": ""Manitowoc"", ""OBJECTID"": 1735, ""latitude"": 44.3187, ""longitude"": -87.80733, ""mile_post"": ""168"", ""municipality"": ""Denmark"", ""state_number"": ""55"", ""highway_route"": ""I-43N"", ""nhs_rest_stop"": ""Rest Area #52"", ""number_of_spots"": 20}",2019-01-01 00:00:00+00,ntad_parking,44,unknown,59,50,0,{}
1736,public_rest_area,Safety & Weight Enforcement Facility #34,WI,8,POINT(-88.2003669998217 44.3408829997091),ntad_parking,18,2026-07-22 08:31:07.98657+00,2019-01-01 00:00:00+00,68,95,17,100,50,{},"{""state"": ""WI"", ""county"": ""Outagamie"", ""OBJECTID"": 1736, ""latitude"": 44.340883, ""longitude"": -88.200367, ""mile_post"": ""153"", ""municipality"": ""Wrightstown"", ""state_number"": ""55"", ""highway_route"": ""I41/NB"", ""nhs_rest_stop"": ""Safety & Weight Enforcement Facility #34"", ""number_of_spots"": 8}",2019-01-01 00:00:00+00,ntad_parking,44,unknown,59,50,0,{}
1737,public_rest_area,Safety & Weight Enforcement Facility #41,WI,20,POINT(-88.0518270003825 44.7422290003076),ntad_parking,18,2026-07-22 08:31:07.98657+00,2019-01-01 00:00:00+00,68,95,17,100,50,{},"{""state"": ""WI"", ""county"": ""Oconto"", ""OBJECTID"": 1737, ""latitude"": 44.742229, ""longitude"": -88.051827, ""mile_post"": ""183"", ""municipality"": ""Abrams"", ""state_number"": ""55"", ""highway_route"": ""US41NB/SB"", ""nhs_rest_stop"": ""Safety & Weight Enforcement Facility #41"", ""number_of_spots"": 20}",2019-01-01 00:00:00+00,ntad_parking,44,unknown,59,50,0,{}
1738,public_rest_area,Safety & Weight Enforcement Facility #63,WI,10,POINT(-91.7994459997789 44.9045479998464),ntad_parking,18,2026-07-22 08:31:07.98657+00,2019-01-01 00:00:00+00,68,95,17,100,50,{},"{""state"": ""WI"", ""county"": ""Dunn"", ""OBJECTID"": 1738, ""latitude"": 44.904548, ""longitude"": -91.799446, ""mile_post"": ""48"", ""municipality"": ""Menominie"", ""state_number"": ""55"", ""highway_route"": ""I94/WB"", ""nhs_rest_stop"": ""Safety & Weight Enforcement Facility #63"", ""number_of_spots"": 10}",2019-01-01 00:00:00+00,ntad_parking,44,unknown,59,50,0,{}
1739,public_rest_area,Rest Area #61,WI,25,POINT(-91.9067179996318 44.9072419998983),ntad_parking,18,2026-07-22 08:31:07.98657+00,2019-01-01 00:00:00+00,68,95,17,100,50,{},"{""state"": ""WI"", ""county"": ""Dunn"", ""OBJECTID"": 1739, ""latitude"": 44.907242, ""longitude"": -91.906718, ""mile_post"": ""43"", ""municipality"": ""Menomonie EB"", ""state_number"": ""55"", ""highway_route"": ""I-94E"", ""nhs_rest_stop"": ""Rest Area #61"", ""number_of_spots"": 25}",2019-01-01 00:00:00+00,ntad_parking,44,unknown,59,50,0,{}
174,public_rest_area,Edwards Rest Area,CO,11,POINT(-106.590636000439 39.6451399998489),ntad_parking,18,2026-07-22 08:31:07.98657+00,2019-01-01 00:00:00+00,68,95,17,100,50,{},"{""state"": ""CO"", ""county"": ""Eagle"", ""OBJECTID"": 174, ""latitude"": 39.64514, ""longitude"": -106.590636, ""mile_post"": ""163"", ""municipality"": ""Avon"", ""state_number"": ""08"", ""highway_route"": ""I-70W"", ""nhs_rest_stop"": ""Edwards Rest Area"", ""number_of_spots"": 11}",2019-01-01 00:00:00+00,ntad_parking,44,unknown,59,50,0,{}
1740,public_rest_area,Rest Area #62,WI,25,POINT(-91.9089279998595 44.9086489997039),ntad_parking,18,2026-07-22 08:31:07.98657+00,2019-01-01 00:00:00+00,68,95,17,100,50,{},"{""state"": ""WI"", ""county"": ""Dunn"", ""OBJECTID"": 1740, ""latitude"": 44.908649, ""longitude"": -91.908928, ""mile_post"": ""43"", ""municipality"": ""Menomonie WB"", ""state_number"": ""55"", ""highway_route"": ""I-94W"", ""nhs_rest_stop"": ""Rest Area #62"", ""number_of_spots"": 25}",2019-01-01 00:00:00+00,ntad_parking,44,unknown,59,50,0,{}
1741,public_rest_area,Safety & Weight Enforcement Facility #61,WI,18,POINT(-92.6108799998476 44.9599400002264),ntad_parking,18,2026-07-22 08:31:07.98657+00,2019-01-01 00:00:00+00,68,95,17,100,50,{},"{""state"": ""WI"", ""county"": ""St.Croix"", ""OBJECTID"": 1741, ""latitude"": 44.95994, ""longitude"": -92.61088, ""mile_post"": ""8"", ""municipality"": ""Hudson"", ""state_number"": ""55"", ""highway_route"": ""I-94EB"", ""nhs_rest_stop"": ""Safety & Weight Enforcement Facility #61"", ""number_of_spots"": 18}",2019-01-01 00:00:00+00,ntad_parking,44,unknown,59,50,0,{}
1742,public_rest_area,Rest Area #33,WI,14,POINT(-91.5930209996621 45.2381649999689),ntad_parking,18,2026-07-22 08:31:07.98657+00,2019-01-01 00:00:00+00,68,95,17,100,50,{},"{""state"": ""WI"", ""county"": ""Barron"", ""OBJECTID"": 1742, ""latitude"": 45.238165, ""longitude"": -91.593021, ""mile_post"": ""122"", ""municipality"": ""New Auburn"", ""state_number"": ""55"", ""highway_route"": ""US53S"", ""nhs_rest_stop"": ""Rest Area #33"", ""number_of_spots"": 14}",2019-01-01 00:00:00+00,ntad_parking,44,unknown,59,50,0,{}
1743,public_rest_area,Rest Area #34,WI,12,POINT(-91.6370269995557 45.2840810002447),ntad_parking,18,2026-07-22 08:31:07.98657+00,2019-01-01 00:00:00+00,68,95,17,100,50,{},"{""state"": ""WI"", ""county"": ""Barron"", ""OBJECTID"": 1743, ""latitude"": 45.284081, ""longitude"": -91.637027, ""mile_post"": ""125"", ""municipality"": ""Chetek"", ""state_number"": ""55"", ""highway_route"": ""US53N"", ""nhs_rest_stop"": ""Rest Area #34"", ""number_of_spots"": 12}",2019-01-01 00:00:00+00,ntad_parking,44,unknown,59,50,0,{}
1744,public_rest_area,Rest Area #103,WI,8,POINT(-90.1950700003264 46.4625500000384),ntad_parking,18,2026-07-22 08:31:07.98657+00,2019-01-01 00:00:00+00,68,95,17,100,50,{},"{""state"": ""WI"", ""county"": ""Iron"", ""OBJECTID"": 1744, ""latitude"": 46.46255, ""longitude"": -90.19507, ""mile_post"": ""NA"", ""municipality"": ""Hurley"", ""state_number"": ""55"", ""highway_route"": ""US51"", ""nhs_rest_stop"": ""Rest Area #103"", ""number_of_spots"": 8}",2019-01-01 00:00:00+00,ntad_parking,44,unknown,59,50,0,{}
1745,public_rest_area,Safety & Weight Enforcement Facility #72,WI,14,POINT(-91.9336159999609 46.6141439998794),ntad_parking,18,2026-07-22 08:31:07.98657+00,2019-01-01 00:00:00+00,68,95,17,100,50,{},"{""state"": ""WI"", ""county"": ""Douglas"", ""OBJECTID"": 1745, ""latitude"": 46.614144, ""longitude"": -91.933616, ""mile_post"": ""225"", ""municipality"": ""Superior"", ""state_number"": ""55"", ""highway_route"": ""US2/53-"", ""nhs_rest_stop"": ""Safety & Weight Enforcement Facility #72"", ""number_of_spots"": 14}",2019-01-01 00:00:00+00,ntad_parking,44,unknown,59,50,0,{}
1746,public_rest_area,Rest Area #23,WI,21,POINT(-92.0016699997234 46.6701999999559),ntad_parking,18,2026-07-22 08:31:07.98657+00,2019-01-01 00:00:00+00,68,95,17,100,50,{},"{""state"": ""WI"", ""county"": ""Douglas"", ""OBJECTID"": 1746, ""latitude"": 46.6702, ""longitude"": -92.00167, ""mile_post"": ""229"", ""municipality"": ""Superior"", ""state_number"": ""55"", ""highway_route"": ""US2E/53S"", ""nhs_rest_stop"": ""Rest Area #23"", ""number_of_spots"": 21}",2019-01-01 00:00:00+00,ntad_parking,44,unknown,59,50,0,{}
1747,public_rest_area,WV Tourist Information Center,WV,7,POINT(-81.0452709997946 37.3629360002962),ntad_parking,18,2026-07-22 08:31:07.98657+00,2019-01-01 00:00:00+00,68,95,17,100,50,{},"{""state"": ""WV"", ""county"": ""Mercer"", ""OBJECTID"": 1747, ""latitude"": 37.362936, ""longitude"": -81.045271, ""mile_post"": ""9"", ""municipality"": ""Princeton"", ""state_number"": ""54"", ""highway_route"": ""177S"", ""nhs_rest_stop"": ""WV Tourist Information Center"", ""number_of_spots"": 7}",2019-01-01 00:00:00+00,ntad_parking,44,unknown,59,50,0,{}
1748,truck_stop,Morton Travel Plaza,WV,104,POINT(-81.0675829999871 37.4746749998377),ntad_parking,18,2026-07-22 08:31:07.98657+00,2019-01-01 00:00:00+00,68,95,17,100,50,{},"{""state"": ""WV"", ""county"": ""Nicholas"", ""OBJECTID"": 1748, ""latitude"": 37.474675, ""longitude"": -81.067583, ""mile_post"": ""18"", ""municipality"": ""Summersville"", ""state_number"": ""54"", ""highway_route"": ""I-77"", ""nhs_rest_stop"": ""Morton Travel Plaza"", ""number_of_spots"": 104}",2019-01-01 00:00:00+00,ntad_parking,32,unknown,35,50,0,{}
1749,public_rest_area,White Sulpher Springs Welcome Center WB,WV,8,POINT(-80.300626999815 37.7862319996706),ntad_parking,18,2026-07-22 08:31:07.98657+00,2019-01-01 00:00:00+00,68,95,17,100,50,{},"{""state"": ""WV"", ""county"": ""Greenbrier"", ""OBJECTID"": 1749, ""latitude"": 37.786232, ""longitude"": -80.300627, ""mile_post"": ""179"", ""municipality"": ""Dickson"", ""state_number"": ""54"", ""highway_route"": ""I-64W"", ""nhs_rest_stop"": ""White Sulpher Springs Welcome Center WB"", ""number_of_spots"": 8}",2019-01-01 00:00:00+00,ntad_parking,44,unknown,59,50,0,{}
175,public_rest_area,Dotsero Truck Parking,CO,48,POINT(-107.070393000039 39.646791999806),ntad_parking,18,2026-07-22 08:31:07.98657+00,2019-01-01 00:00:00+00,68,95,17,100,50,{},"{""state"": ""CO"", ""county"": ""Eagle"", ""OBJECTID"": 175, ""latitude"": 39.646792, ""longitude"": -107.070393, ""mile_post"": ""133"", ""municipality"": ""Dotsero"", ""state_number"": ""08"", ""highway_route"": ""I-70"", ""nhs_rest_stop"": ""Dotsero Truck Parking"", ""number_of_spots"": 48}",2019-01-01 00:00:00+00,ntad_parking,44,unknown,59,50,0,{}
1750,public_rest_area,Tamarack,WV,142,POINT(-81.2143270003736 37.8017939996463),ntad_parking,18,2026-07-22 08:31:07.98657+00,2019-01-01 00:00:00+00,68,95,17,100,50,{},"{""state"": ""WV"", ""county"": ""Raleigh"", ""OBJECTID"": 1750, ""latitude"": 37.801794, ""longitude"": -81.214327, ""mile_post"": ""45"", ""municipality"": ""Beckley"", ""state_number"": ""54"", ""highway_route"": ""I77"", ""nhs_rest_stop"": ""Tamarack"", ""number_of_spots"": 142}",2019-01-01 00:00:00+00,ntad_parking,44,unknown,59,50,0,{}
1751,public_rest_area,Elkridge Rest Stop SB,WV,18,POINT(-81.3809600002896 38.0684870000673),ntad_parking,18,2026-07-22 08:31:07.98657+00,2019-01-01 00:00:00+00,68,95,17,100,50,{},"{""state"": ""WV"", ""county"": ""Fayette"", ""OBJECTID"": 1751, ""latitude"": 38.068487, ""longitude"": -81.38096, ""mile_post"": ""69"", ""municipality"": ""Elkridge"", ""state_number"": ""54"", ""highway_route"": ""I-64"", ""nhs_rest_stop"": ""Elkridge Rest Stop SB"", ""number_of_spots"": 18}",2019-01-01 00:00:00+00,ntad_parking,44,unknown,59,50,0,{}
1752,truck_stop,Bluestone Travel Plaza,WV,30,POINT(-81.3836180002309 38.1021069997464),ntad_parking,18,2026-07-22 08:31:07.98657+00,2019-01-01 00:00:00+00,68,95,17,100,50,{},"{""state"": ""WV"", ""county"": ""Kanawha"", ""OBJECTID"": 1752, ""latitude"": 38.102107, ""longitude"": -81.383618, ""mile_post"": ""72"", ""municipality"": ""Morton"", ""state_number"": ""54"", ""highway_route"": ""I-77"", ""nhs_rest_stop"": ""Bluestone Travel Plaza"", ""number_of_spots"": 30}",2019-01-01 00:00:00+00,ntad_parking,32,unknown,35,50,0,{}
1753,public_rest_area,Huntington Welcome Center EB,WV,20,POINT(-82.4221969999741 38.3920320003361),ntad_parking,18,2026-07-22 08:31:07.98657+00,2019-01-01 00:00:00+00,68,95,17,100,50,{},"{""state"": ""WV"", ""county"": ""Cabell"", ""OBJECTID"": 1753, ""latitude"": 38.392032, ""longitude"": -82.422197, ""mile_post"": ""10"", ""municipality"": ""Huntington"", ""state_number"": ""54"", ""highway_route"": ""I-64E"", ""nhs_rest_stop"": ""Huntington Welcome Center EB"", ""number_of_spots"": 20}",2019-01-01 00:00:00+00,ntad_parking,44,unknown,59,50,0,{}
1754,public_rest_area,Teays Valley Rest Area WB,WV,14,POINT(-82.0015129996586 38.4494380003056),ntad_parking,18,2026-07-22 08:31:07.98657+00,2019-01-01 00:00:00+00,68,95,17,100,50,{},"{""state"": ""WV"", ""county"": ""Putnam"", ""OBJECTID"": 1754, ""latitude"": 38.449438, ""longitude"": -82.001513, ""mile_post"": ""35"", ""municipality"": ""Teays Valley"", ""state_number"": ""54"", ""highway_route"": ""I-64W"", ""nhs_rest_stop"": ""Teays Valley Rest Area WB"", ""number_of_spots"": 14}",2019-01-01 00:00:00+00,ntad_parking,44,unknown,59,50,0,{}
1755,public_rest_area,Teays Valley Rest Area EB,WV,18,POINT(-81.9982680000864 38.4495240002013),ntad_parking,18,2026-07-22 08:31:07.98657+00,2019-01-01 00:00:00+00,68,95,17,100,50,{},"{""state"": ""WV"", ""county"": ""Putnam"", ""OBJECTID"": 1755, ""latitude"": 38.449524, ""longitude"": -81.998268, ""mile_post"": ""35"", ""municipality"": ""Teays Valley"", ""state_number"": ""54"", ""highway_route"": ""I-64E"", ""nhs_rest_stop"": ""Teays Valley Rest Area EB"", ""number_of_spots"": 18}",2019-01-01 00:00:00+00,ntad_parking,44,unknown,59,50,0,{}
1756,public_rest_area,Servia Rest Area NB,WV,15,POINT(-80.9003070003638 38.6191640002369),ntad_parking,18,2026-07-22 08:31:07.98657+00,2019-01-01 00:00:00+00,68,95,17,100,50,{},"{""state"": ""WV"", ""county"": ""Braxton"", ""OBJECTID"": 1756, ""latitude"": 38.619164, ""longitude"": -80.900307, ""mile_post"": ""49"", ""municipality"": ""Servia"", ""state_number"": ""54"", ""highway_route"": ""I-79N"", ""nhs_rest_stop"": ""Servia Rest Area NB"", ""number_of_spots"": 15}",2019-01-01 00:00:00+00,ntad_parking,44,unknown,59,50,0,{}
1757,public_rest_area,Servia Rest Area SB,WV,15,POINT(-80.900081000408 38.6201749998485),ntad_parking,18,2026-07-22 08:31:07.98657+00,2019-01-01 00:00:00+00,68,95,17,100,50,{},"{""state"": ""WV"", ""county"": ""Braxton"", ""OBJECTID"": 1757, ""latitude"": 38.620175, ""longitude"": -80.900081, ""mile_post"": ""49"", ""municipality"": ""Servia"", ""state_number"": ""54"", ""highway_route"": ""I-79S"", ""nhs_rest_stop"": ""Servia Rest Area SB"", ""number_of_spots"": 15}",2019-01-01 00:00:00+00,ntad_parking,44,unknown,59,50,0,{}
1758,public_rest_area,Burnsville Rest Area SB,WV,30,POINT(-80.5923339998075 38.911930999726),ntad_parking,18,2026-07-22 08:31:07.98657+00,2019-01-01 00:00:00+00,68,95,17,100,50,{},"{""state"": ""WV"", ""county"": ""Lewis"", ""OBJECTID"": 1758, ""latitude"": 38.911931, ""longitude"": -80.592334, ""mile_post"": ""85"", ""municipality"": ""Orlando"", ""state_number"": ""54"", ""highway_route"": ""I-79S"", ""nhs_rest_stop"": ""Burnsville Rest Area SB"", ""number_of_spots"": 30}",2019-01-01 00:00:00+00,ntad_parking,44,unknown,59,50,0,{}
1759,public_rest_area,Burnsville Rest Area NB,WV,12,POINT(-80.5958959995721 38.9134499996872),ntad_parking,18,2026-07-22 08:31:07.98657+00,2019-01-01 00:00:00+00,68,95,17,100,50,{},"{""state"": ""WV"", ""county"": ""Lewis"", ""OBJECTID"": 1759, ""latitude"": 38.91345, ""longitude"": -80.595896, ""mile_post"": ""85"", ""municipality"": ""Orlando"", ""state_number"": ""54"", ""highway_route"": ""I-79N"", ""nhs_rest_stop"": ""Burnsville Rest Area NB"", ""number_of_spots"": 12}",2019-01-01 00:00:00+00,ntad_parking,44,unknown,59,50,0,{}
176,public_rest_area,Wolford Reservoir Rest Area,CO,6,POINT(-106.41531099975 40.1671789998118),ntad_parking,18,2026-07-22 08:31:07.98657+00,2019-01-01 00:00:00+00,68,95,17,100,50,{},"{""state"": ""CO"", ""county"": ""Grand"", ""OBJECTID"": 176, ""latitude"": 40.167179, ""longitude"": -106.415311, ""mile_post"": ""176"", ""municipality"": ""Grand County"", ""state_number"": ""08"", ""highway_route"": ""US40"", ""nhs_rest_stop"": ""Wolford Reservoir Rest Area"", ""number_of_spots"": 6}",2019-01-01 00:00:00+00,ntad_parking,44,unknown,59,50,0,{}
1760,public_rest_area,Mineral Wells Rest Area NB,WV,10,POINT(-81.5471999998451 39.1314000000565),ntad_parking,18,2026-07-22 08:31:07.98657+00,2019-01-01 00:00:00+00,68,95,17,100,50,{},"{""state"": ""WV"", ""county"": ""Wood"", ""OBJECTID"": 1760, ""latitude"": 39.1314, ""longitude"": -81.5472, ""mile_post"": ""166"", ""municipality"": ""Chesterville"", ""state_number"": ""54"", ""highway_route"": ""I-77N"", ""nhs_rest_stop"": ""Mineral Wells Rest Area NB"", ""number_of_spots"": 10}",2019-01-01 00:00:00+00,ntad_parking,44,unknown,59,50,0,{}
1761,public_rest_area,Mineral Wells Rest Area SB,WV,10,POINT(-81.549625000158 39.1321490000848),ntad_parking,18,2026-07-22 08:31:07.98657+00,2019-01-01 00:00:00+00,68,95,17,100,50,{},"{""state"": ""WV"", ""county"": ""Wood"", ""OBJECTID"": 1761, ""latitude"": 39.132149, ""longitude"": -81.549625, ""mile_post"": ""166"", ""municipality"": ""Chesterville"", ""state_number"": ""54"", ""highway_route"": ""I-77N"", ""nhs_rest_stop"": ""Mineral Wells Rest Area SB"", ""number_of_spots"": 10}",2019-01-01 00:00:00+00,ntad_parking,44,unknown,59,50,0,{}
1762,public_rest_area,Maple Lake Rest Area SB,WV,18,POINT(-80.2503159998267 39.3139319997089),ntad_parking,18,2026-07-22 08:31:07.98657+00,2019-01-01 00:00:00+00,68,95,17,100,50,{},"{""state"": ""WV"", ""county"": ""Harrison"", ""OBJECTID"": 1762, ""latitude"": 39.313932, ""longitude"": -80.250316, ""mile_post"": ""123"", ""municipality"": ""Maple Lake"", ""state_number"": ""54"", ""highway_route"": ""I-79S"", ""nhs_rest_stop"": ""Maple Lake Rest Area SB"", ""number_of_spots"": 18}",2019-01-01 00:00:00+00,ntad_parking,44,unknown,59,50,0,{}
1763,public_rest_area,Maple Lake Rest Area NB,WV,17,POINT(-80.2501860001303 39.3139640002365),ntad_parking,18,2026-07-22 08:31:07.98657+00,2019-01-01 00:00:00+00,68,95,17,100,50,{},"{""state"": ""WV"", ""county"": ""Harrison"", ""OBJECTID"": 1763, ""latitude"": 39.313964, ""longitude"": -80.250186, ""mile_post"": ""123"", ""municipality"": ""Maple Lake"", ""state_number"": ""54"", ""highway_route"": ""I-79N"", ""nhs_rest_stop"": ""Maple Lake Rest Area NB"", ""number_of_spots"": 17}",2019-01-01 00:00:00+00,ntad_parking,44,unknown,59,50,0,{}
1764,public_rest_area,Inwood Welcome Center NB,WV,19,POINT(-78.0706719997423 39.3208360001593),ntad_parking,18,2026-07-22 08:31:07.98657+00,2019-01-01 00:00:00+00,68,95,17,100,50,{},"{""state"": ""WV"", ""county"": ""Berkeley"", ""OBJECTID"": 1764, ""latitude"": 39.320836, ""longitude"": -78.070672, ""mile_post"": ""2"", ""municipality"": ""Ridgeway"", ""state_number"": ""54"", ""highway_route"": ""I-81N"", ""nhs_rest_stop"": ""Inwood Welcome Center NB"", ""number_of_spots"": 19}",2019-01-01 00:00:00+00,ntad_parking,44,unknown,59,50,0,{}
1765,public_rest_area,Williamstown Welcome Center,WV,23,POINT(-81.4426599995534 39.3898329999233),ntad_parking,18,2026-07-22 08:31:07.98657+00,2019-01-01 00:00:00+00,68,95,17,100,50,{},"{""state"": ""WV"", ""county"": ""Wood"", ""OBJECTID"": 1765, ""latitude"": 39.389833, ""longitude"": -81.44266, ""mile_post"": ""185"", ""municipality"": ""Williamstown"", ""state_number"": ""54"", ""highway_route"": ""I77"", ""nhs_rest_stop"": ""Williamstown Welcome Center"", ""number_of_spots"": 23}",2019-01-01 00:00:00+00,ntad_parking,44,unknown,59,50,0,{}
1766,public_rest_area,Falling Waters Welcome Center SB,WV,18,POINT(-77.8480689998237 39.5870200001062),ntad_parking,18,2026-07-22 08:31:07.98657+00,2019-01-01 00:00:00+00,68,95,17,100,50,{},"{""state"": ""WV"", ""county"": ""Berkeley"", ""OBJECTID"": 1766, ""latitude"": 39.58702, ""longitude"": -77.848069, ""mile_post"": ""25"", ""municipality"": ""Marlowe"", ""state_number"": ""54"", ""highway_route"": ""I-81S"", ""nhs_rest_stop"": ""Falling Waters Welcome Center SB"", ""number_of_spots"": 18}",2019-01-01 00:00:00+00,ntad_parking,44,unknown,59,50,0,{}
1767,public_rest_area,Cheat Lake Weigh Station WB,WV,9,POINT(-79.776425999755 39.6572510003169),ntad_parking,18,2026-07-22 08:31:07.98657+00,2019-01-01 00:00:00+00,68,95,17,100,50,{},"{""state"": ""WV"", ""county"": ""Monongalia"", ""OBJECTID"": 1767, ""latitude"": 39.657251, ""longitude"": -79.776426, ""mile_post"": ""15"", ""municipality"": ""Cheat Lake"", ""state_number"": ""54"", ""highway_route"": ""I-68W"", ""nhs_rest_stop"": ""Cheat Lake Weigh Station WB"", ""number_of_spots"": 9}",2019-01-01 00:00:00+00,ntad_parking,44,unknown,59,50,0,{}
1768,public_rest_area,Hazelton Welcome Center WB,WV,46,POINT(-79.4951449996636 39.6639560000579),ntad_parking,18,2026-07-22 08:31:07.98657+00,2019-01-01 00:00:00+00,68,95,17,100,50,{},"{""state"": ""WV"", ""county"": ""Preston"", ""OBJECTID"": 1768, ""latitude"": 39.663956, ""longitude"": -79.495145, ""mile_post"": ""31"", ""municipality"": ""Hazelton"", ""state_number"": ""54"", ""highway_route"": ""I-68W"", ""nhs_rest_stop"": ""Hazelton Welcome Center WB"", ""number_of_spots"": 46}",2019-01-01 00:00:00+00,ntad_parking,44,unknown,59,50,0,{}
1769,public_rest_area,Morgantown Welcome Center SB,WV,19,POINT(-80.0471269999596 39.6974050001259),ntad_parking,18,2026-07-22 08:31:07.98657+00,2019-01-01 00:00:00+00,68,95,17,100,50,{},"{""state"": ""WV"", ""county"": ""Monongalia"", ""OBJECTID"": 1769, ""latitude"": 39.697405, ""longitude"": -80.047127, ""mile_post"": ""159"", ""municipality"": ""Morgantown"", ""state_number"": ""54"", ""highway_route"": ""I-79S"", ""nhs_rest_stop"": ""Morgantown Welcome Center SB"", ""number_of_spots"": 19}",2019-01-01 00:00:00+00,ntad_parking,44,unknown,59,50,0,{}
177,public_rest_area,Wiggins Rest Area,CO,30,POINT(-104.054237999622 40.2453049997171),ntad_parking,18,2026-07-22 08:31:07.98657+00,2019-01-01 00:00:00+00,68,95,17,100,50,{},"{""state"": ""CO"", ""county"": ""Morgan"", ""OBJECTID"": 177, ""latitude"": 40.245305, ""longitude"": -104.054238, ""mile_post"": ""66"", ""municipality"": ""Wiggins"", ""state_number"": ""08"", ""highway_route"": ""I-76"", ""nhs_rest_stop"": ""Wiggins Rest Area"", ""number_of_spots"": 30}",2019-01-01 00:00:00+00,ntad_parking,44,unknown,59,50,0,{}
1770,public_rest_area,Wheeling Welcome Center WB,WV,19,POINT(-80.5360819997725 40.0919680003268),ntad_parking,18,2026-07-22 08:31:07.98657+00,2019-01-01 00:00:00+00,68,95,17,100,50,{},"{""state"": ""WV"", ""county"": ""Ohio"", ""OBJECTID"": 1770, ""latitude"": 40.091968, ""longitude"": -80.536082, ""mile_post"": ""13"", ""municipality"": ""Valley Grove"", ""state_number"": ""54"", ""highway_route"": ""I-70W"", ""nhs_rest_stop"": ""Wheeling Welcome Center WB"", ""number_of_spots"": 19}",2019-01-01 00:00:00+00,ntad_parking,44,unknown,59,50,0,{}
1771,public_rest_area,High Plains Road SE Wyoming Info Center and Rest Area,WY,20,POINT(-104.879352000283 41.0582540001312),ntad_parking,18,2026-07-22 08:31:07.98657+00,2019-01-01 00:00:00+00,68,95,17,100,50,{},"{""state"": ""WY"", ""county"": ""Laramie"", ""OBJECTID"": 1771, ""latitude"": 41.058254, ""longitude"": -104.879352, ""mile_post"": ""Exit 4"", ""municipality"": ""NA"", ""state_number"": ""56"", ""highway_route"": ""I-25"", ""nhs_rest_stop"": ""High Plains Road SE Wyoming Info Center and Rest Area"", ""number_of_spots"": 20}",2019-01-01 00:00:00+00,ntad_parking,44,unknown,59,50,0,{}
1772,public_rest_area,Truck parking area,WY,41,POINT(-105.115556000253 41.0988889999277),ntad_parking,18,2026-07-22 08:31:07.98657+00,2019-01-01 00:00:00+00,68,95,17,100,50,{},"{""state"": ""WY"", ""county"": ""Laramie"", ""OBJECTID"": 1772, ""latitude"": 41.098889, ""longitude"": -105.115556, ""mile_post"": ""MM 345"", ""municipality"": ""NA"", ""state_number"": ""56"", ""highway_route"": ""I-80"", ""nhs_rest_stop"": ""Truck parking area"", ""number_of_spots"": 41}",2019-01-01 00:00:00+00,ntad_parking,44,unknown,59,50,0,{}
1773,public_rest_area,Pine Bluffs Rest Area,WY,8,POINT(-104.075555999579 41.175000000124),ntad_parking,18,2026-07-22 08:31:07.98657+00,2019-01-01 00:00:00+00,68,95,17,100,50,{},"{""state"": ""WY"", ""county"": ""Laramie"", ""OBJECTID"": 1773, ""latitude"": 41.175, ""longitude"": -104.075556, ""mile_post"": ""Exit 401"", ""municipality"": ""NA"", ""state_number"": ""56"", ""highway_route"": ""I-80"", ""nhs_rest_stop"": ""Pine Bluffs Rest Area"", ""number_of_spots"": 8}",2019-01-01 00:00:00+00,ntad_parking,44,unknown,59,50,0,{}
1774,public_rest_area,Summit Rest Area,WY,18,POINT(-105.435799000342 41.2370939999699),ntad_parking,18,2026-07-22 08:31:07.98657+00,2019-01-01 00:00:00+00,68,95,17,100,50,{},"{""state"": ""WY"", ""county"": ""Laramie"", ""OBJECTID"": 1774, ""latitude"": 41.237094, ""longitude"": -105.435799, ""mile_post"": ""Exit 323"", ""municipality"": ""NA"", ""state_number"": ""56"", ""highway_route"": ""I-80"", ""nhs_rest_stop"": ""Summit Rest Area"", ""number_of_spots"": 18}",2019-01-01 00:00:00+00,ntad_parking,44,unknown,59,50,0,{}
1775,public_rest_area,Turnout eastbound,WY,56,POINT(-110.91421499968 41.2648900000973),ntad_parking,18,2026-07-22 08:31:07.98657+00,2019-01-01 00:00:00+00,68,95,17,100,50,{},"{""state"": ""WY"", ""county"": ""Uinta"", ""OBJECTID"": 1775, ""latitude"": 41.26489, ""longitude"": -110.914215, ""mile_post"": ""MM 8"", ""municipality"": ""NA"", ""state_number"": ""56"", ""highway_route"": ""I-80"", ""nhs_rest_stop"": ""Turnout eastbound"", ""number_of_spots"": 56}",2019-01-01 00:00:00+00,ntad_parking,44,unknown,59,50,0,{}
1776,public_rest_area,Turnout westbound,WY,12,POINT(-110.91421499968 41.2648900000973),ntad_parking,18,2026-07-22 08:31:07.98657+00,2019-01-01 00:00:00+00,68,95,17,100,50,{},"{""state"": ""WY"", ""county"": ""Uinta"", ""OBJECTID"": 1776, ""latitude"": 41.26489, ""longitude"": -110.914215, ""mile_post"": ""MM 8"", ""municipality"": ""NA"", ""state_number"": ""56"", ""highway_route"": ""I-80"", ""nhs_rest_stop"": ""Turnout westbound"", ""number_of_spots"": 12}",2019-01-01 00:00:00+00,ntad_parking,44,unknown,59,50,0,{}
1777,public_rest_area,Turnout westbound,WY,12,POINT(-110.53777800018 41.3027779999229),ntad_parking,18,2026-07-22 08:31:07.98657+00,2019-01-01 00:00:00+00,68,95,17,100,50,{},"{""state"": ""WY"", ""county"": ""Uinta"", ""OBJECTID"": 1777, ""latitude"": 41.302778, ""longitude"": -110.537778, ""mile_post"": ""MM 28"", ""municipality"": ""NA"", ""state_number"": ""56"", ""highway_route"": ""I-80"", ""nhs_rest_stop"": ""Turnout westbound"", ""number_of_spots"": 12}",2019-01-01 00:00:00+00,ntad_parking,44,unknown,59,50,0,{}
1778,public_rest_area,Turnout eastbound,WY,15,POINT(-110.444166999755 41.3291670000302),ntad_parking,18,2026-07-22 08:31:07.98657+00,2019-01-01 00:00:00+00,68,95,17,100,50,{},"{""state"": ""WY"", ""county"": ""Uinta"", ""OBJECTID"": 1778, ""latitude"": 41.329167, ""longitude"": -110.444167, ""mile_post"": ""MM 33"", ""municipality"": ""NA"", ""state_number"": ""56"", ""highway_route"": ""I-80"", ""nhs_rest_stop"": ""Turnout eastbound"", ""number_of_spots"": 15}",2019-01-01 00:00:00+00,ntad_parking,44,unknown,59,50,0,{}
1779,public_rest_area,Fort Bridger Truck parking area,WY,93,POINT(-110.430555999658 41.3322219999448),ntad_parking,18,2026-07-22 08:31:07.98657+00,2019-01-01 00:00:00+00,68,95,17,100,50,{},"{""state"": ""WY"", ""county"": ""Uinta"", ""OBJECTID"": 1779, ""latitude"": 41.332222, ""longitude"": -110.430556, ""mile_post"": ""MM 34"", ""municipality"": ""NA"", ""state_number"": ""56"", ""highway_route"": ""I-80"", ""nhs_rest_stop"": ""Fort Bridger Truck parking area"", ""number_of_spots"": 93}",2019-01-01 00:00:00+00,ntad_parking,44,unknown,59,50,0,{}
178,public_rest_area,Elk Springs Rest Area,CO,4,POINT(-108.445283999893 40.3564390003049),ntad_parking,18,2026-07-22 08:31:07.98657+00,2019-01-01 00:00:00+00,68,95,17,100,50,{},"{""state"": ""CO"", ""county"": ""Moffat"", ""OBJECTID"": 178, ""latitude"": 40.356439, ""longitude"": -108.445284, ""mile_post"": ""37"", ""municipality"": ""Elk Springs"", ""state_number"": ""08"", ""highway_route"": ""US40"", ""nhs_rest_stop"": ""Elk Springs Rest Area"", ""number_of_spots"": 4}",2019-01-01 00:00:00+00,ntad_parking,44,unknown,59,50,0,{}
1780,public_rest_area,Turnout eastbound,WY,10,POINT(-105.663888999847 41.3505560000876),ntad_parking,18,2026-07-22 08:31:07.98657+00,2019-01-01 00:00:00+00,68,95,17,100,50,{},"{""state"": ""WY"", ""county"": ""Laramie"", ""OBJECTID"": 1780, ""latitude"": 41.350556, ""longitude"": -105.663889, ""mile_post"": ""MM 307"", ""municipality"": ""NA"", ""state_number"": ""56"", ""highway_route"": ""I-80"", ""nhs_rest_stop"": ""Turnout eastbound"", ""number_of_spots"": 10}",2019-01-01 00:00:00+00,ntad_parking,44,unknown,59,50,0,{}
1781,public_rest_area,Turnout westbound,WY,12,POINT(-105.663888999847 41.3505560000876),ntad_parking,18,2026-07-22 08:31:07.98657+00,2019-01-01 00:00:00+00,68,95,17,100,50,{},"{""state"": ""WY"", ""county"": ""Laramie"", ""OBJECTID"": 1781, ""latitude"": 41.350556, ""longitude"": -105.663889, ""mile_post"": ""MM 307"", ""municipality"": ""NA"", ""state_number"": ""56"", ""highway_route"": ""I-80"", ""nhs_rest_stop"": ""Turnout westbound"", ""number_of_spots"": 12}",2019-01-01 00:00:00+00,ntad_parking,44,unknown,59,50,0,{}
1782,public_rest_area,North Lyman Rest area,WY,8,POINT(-110.297508999582 41.3652379999182),ntad_parking,18,2026-07-22 08:31:07.98657+00,2019-01-01 00:00:00+00,68,95,17,100,50,{},"{""state"": ""WY"", ""county"": ""Uinta"", ""OBJECTID"": 1782, ""latitude"": 41.365238, ""longitude"": -110.297509, ""mile_post"": ""Exit 41"", ""municipality"": ""NA"", ""state_number"": ""56"", ""highway_route"": ""I-80"", ""nhs_rest_stop"": ""North Lyman Rest area"", ""number_of_spots"": 8}",2019-01-01 00:00:00+00,ntad_parking,44,unknown,59,50,0,{}
1783,public_rest_area,Turnout westbound,WY,14,POINT(-110.173889000048 41.3980559996995),ntad_parking,18,2026-07-22 08:31:07.98657+00,2019-01-01 00:00:00+00,68,95,17,100,50,{},"{""state"": ""WY"", ""county"": ""Uinta"", ""OBJECTID"": 1783, ""latitude"": 41.398056, ""longitude"": -110.173889, ""mile_post"": ""MM 48"", ""municipality"": ""NA"", ""state_number"": ""56"", ""highway_route"": ""I-80"", ""nhs_rest_stop"": ""Turnout westbound"", ""number_of_spots"": 14}",2019-01-01 00:00:00+00,ntad_parking,44,unknown,59,50,0,{}
1784,public_rest_area,Turnout eastbound,WY,18,POINT(-110.014721999968 41.4925000001484),ntad_parking,18,2026-07-22 08:31:07.98657+00,2019-01-01 00:00:00+00,68,95,17,100,50,{},"{""state"": ""WY"", ""county"": ""Uinta"", ""OBJECTID"": 1784, ""latitude"": 41.4925, ""longitude"": -110.014722, ""mile_post"": ""MM 60"", ""municipality"": ""NA"", ""state_number"": ""56"", ""highway_route"": ""I-80"", ""nhs_rest_stop"": ""Turnout eastbound"", ""number_of_spots"": 18}",2019-01-01 00:00:00+00,ntad_parking,44,unknown,59,50,0,{}
1785,public_rest_area,Turnout westbound,WY,12,POINT(-110.014721999968 41.4925000001484),ntad_parking,18,2026-07-22 08:31:07.98657+00,2019-01-01 00:00:00+00,68,95,17,100,50,{},"{""state"": ""WY"", ""county"": ""Uinta"", ""OBJECTID"": 1785, ""latitude"": 41.4925, ""longitude"": -110.014722, ""mile_post"": ""MM 60"", ""municipality"": ""NA"", ""state_number"": ""56"", ""highway_route"": ""I-80"", ""nhs_rest_stop"": ""Turnout westbound"", ""number_of_spots"": 12}",2019-01-01 00:00:00+00,ntad_parking,44,unknown,59,50,0,{}
1786,public_rest_area,Turnout westbound,WY,12,POINT(-109.826667000338 41.5427780001366),ntad_parking,18,2026-07-22 08:31:07.98657+00,2019-01-01 00:00:00+00,68,95,17,100,50,{},"{""state"": ""WY"", ""county"": ""Sweetwater"", ""OBJECTID"": 1786, ""latitude"": 41.542778, ""longitude"": -109.826667, ""mile_post"": ""MM 69"", ""municipality"": ""NA"", ""state_number"": ""56"", ""highway_route"": ""I-80"", ""nhs_rest_stop"": ""Turnout westbound"", ""number_of_spots"": 12}",2019-01-01 00:00:00+00,ntad_parking,44,unknown,59,50,0,{}
1787,public_rest_area,Turnout eastbound,WY,12,POINT(-109.826667000338 41.5427780001366),ntad_parking,18,2026-07-22 08:31:07.98657+00,2019-01-01 00:00:00+00,68,95,17,100,50,{},"{""state"": ""WY"", ""county"": ""Sweetwater"", ""OBJECTID"": 1787, ""latitude"": 41.542778, ""longitude"": -109.826667, ""mile_post"": ""MM 70"", ""municipality"": ""NA"", ""state_number"": ""56"", ""highway_route"": ""I-80"", ""nhs_rest_stop"": ""Turnout eastbound"", ""number_of_spots"": 12}",2019-01-01 00:00:00+00,ntad_parking,44,unknown,59,50,0,{}
1788,public_rest_area,Wagonhound rest area,WY,25,POINT(-106.286720999939 41.6303689996823),ntad_parking,18,2026-07-22 08:31:07.98657+00,2019-01-01 00:00:00+00,68,95,17,100,50,{},"{""state"": ""WY"", ""county"": ""Carbon"", ""OBJECTID"": 1788, ""latitude"": 41.630369, ""longitude"": -106.286721, ""mile_post"": ""Exit 267"", ""municipality"": ""NA"", ""state_number"": ""56"", ""highway_route"": ""I-80"", ""nhs_rest_stop"": ""Wagonhound rest area"", ""number_of_spots"": 25}",2019-01-01 00:00:00+00,ntad_parking,44,unknown,59,50,0,{}
1789,public_rest_area,Bitter Creek eastbound rest area,WY,14,POINT(-108.531924999876 41.6426199997119),ntad_parking,18,2026-07-22 08:31:07.98657+00,2019-01-01 00:00:00+00,68,95,17,100,50,{},"{""state"": ""WY"", ""county"": ""Sweetwater"", ""OBJECTID"": 1789, ""latitude"": 41.64262, ""longitude"": -108.531925, ""mile_post"": ""Exit 144"", ""municipality"": ""NA"", ""state_number"": ""56"", ""highway_route"": ""I-80"", ""nhs_rest_stop"": ""Bitter Creek eastbound rest area"", ""number_of_spots"": 14}",2019-01-01 00:00:00+00,ntad_parking,44,unknown,59,50,0,{}
179,public_rest_area,Hayden Rest Area,CO,6,POINT(-107.37515700011 40.4993090000684),ntad_parking,18,2026-07-22 08:31:07.98657+00,2019-01-01 00:00:00+00,68,95,17,100,50,{},"{""state"": ""CO"", ""county"": ""Routt"", ""OBJECTID"": 179, ""latitude"": 40.499309, ""longitude"": -107.375157, ""mile_post"": ""101"", ""municipality"": ""Hayden"", ""state_number"": ""08"", ""highway_route"": ""US40W"", ""nhs_rest_stop"": ""Hayden Rest Area"", ""number_of_spots"": 6}",2019-01-01 00:00:00+00,ntad_parking,44,unknown,59,50,0,{}
1790,public_rest_area,turnout eastbound,WY,11,POINT(-108.568197000145 41.6446039999177),ntad_parking,18,2026-07-22 08:31:07.98657+00,2019-01-01 00:00:00+00,68,95,17,100,50,{},"{""state"": ""WY"", ""county"": ""Sweetwater"", ""OBJECTID"": 1790, ""latitude"": 41.644604, ""longitude"": -108.568197, ""mile_post"": ""MM 142"", ""municipality"": ""NA"", ""state_number"": ""56"", ""highway_route"": ""I-80"", ""nhs_rest_stop"": ""turnout eastbound"", ""number_of_spots"": 11}",2019-01-01 00:00:00+00,ntad_parking,44,unknown,59,50,0,{}
1791,public_rest_area,Turnout westbound,WY,10,POINT(-108.568572999889 41.6446520001023),ntad_parking,18,2026-07-22 08:31:07.98657+00,2019-01-01 00:00:00+00,68,95,17,100,50,{},"{""state"": ""WY"", ""county"": ""Sweetwater"", ""OBJECTID"": 1791, ""latitude"": 41.644652, ""longitude"": -108.568573, ""mile_post"": ""MM 142"", ""municipality"": ""NA"", ""state_number"": ""56"", ""highway_route"": ""I-80"", ""nhs_rest_stop"": ""Turnout westbound"", ""number_of_spots"": 10}",2019-01-01 00:00:00+00,ntad_parking,44,unknown,59,50,0,{}
1792,public_rest_area,bitter creak westbound rest area,WY,20,POINT(-108.5478719997 41.6448319998051),ntad_parking,18,2026-07-22 08:31:07.98657+00,2019-01-01 00:00:00+00,68,95,17,100,50,{},"{""state"": ""WY"", ""county"": ""Sweetwater"", ""OBJECTID"": 1792, ""latitude"": 41.644832, ""longitude"": -108.547872, ""mile_post"": ""Exit 144"", ""municipality"": ""NA"", ""state_number"": ""56"", ""highway_route"": ""I-80"", ""nhs_rest_stop"": ""bitter creak westbound rest area"", ""number_of_spots"": 20}",2019-01-01 00:00:00+00,ntad_parking,44,unknown,59,50,0,{}
1793,public_rest_area,Turnout Westbound,WY,20,POINT(-108.732512999704 41.6699199998899),ntad_parking,18,2026-07-22 08:31:07.98657+00,2019-01-01 00:00:00+00,68,95,17,100,50,{},"{""state"": ""WY"", ""county"": ""Sweetwater"", ""OBJECTID"": 1793, ""latitude"": 41.66992, ""longitude"": -108.732513, ""mile_post"": ""MM 133"", ""municipality"": ""NA"", ""state_number"": ""56"", ""highway_route"": ""I-80"", ""nhs_rest_stop"": ""Turnout Westbound"", ""number_of_spots"": 20}",2019-01-01 00:00:00+00,ntad_parking,44,unknown,59,50,0,{}
1794,public_rest_area,Turnout eastbound,WY,15,POINT(-108.736621999814 41.6715829997578),ntad_parking,18,2026-07-22 08:31:07.98657+00,2019-01-01 00:00:00+00,68,95,17,100,50,{},"{""state"": ""WY"", ""county"": ""Sweetwater"", ""OBJECTID"": 1794, ""latitude"": 41.671583, ""longitude"": -108.736622, ""mile_post"": ""MM 133"", ""municipality"": ""NA"", ""state_number"": ""56"", ""highway_route"": ""I-80"", ""nhs_rest_stop"": ""Turnout eastbound"", ""number_of_spots"": 15}",2019-01-01 00:00:00+00,ntad_parking,44,unknown,59,50,0,{}
1795,public_rest_area,Turnout eastbound,WY,25,POINT(-107.699399999631 41.7345000000388),ntad_parking,18,2026-07-22 08:31:07.98657+00,2019-01-01 00:00:00+00,68,95,17,100,50,{},"{""state"": ""WY"", ""county"": ""Sweetwater"", ""OBJECTID"": 1795, ""latitude"": 41.7345, ""longitude"": -107.6994, ""mile_post"": ""MM 188"", ""municipality"": ""NA"", ""state_number"": ""56"", ""highway_route"": ""I-80"", ""nhs_rest_stop"": ""Turnout eastbound"", ""number_of_spots"": 25}",2019-01-01 00:00:00+00,ntad_parking,44,unknown,59,50,0,{}
1796,public_rest_area,Turnout westbound,WY,16,POINT(-107.682778000313 41.7391670001754),ntad_parking,18,2026-07-22 08:31:07.98657+00,2019-01-01 00:00:00+00,68,95,17,100,50,{},"{""state"": ""WY"", ""county"": ""Sweetwater"", ""OBJECTID"": 1796, ""latitude"": 41.739167, ""longitude"": -107.682778, ""mile_post"": ""MM 190"", ""municipality"": ""NA"", ""state_number"": ""56"", ""highway_route"": ""I-80"", ""nhs_rest_stop"": ""Turnout westbound"", ""number_of_spots"": 16}",2019-01-01 00:00:00+00,ntad_parking,44,unknown,59,50,0,{}
1797,public_rest_area,Ft. Steele Rest Area,WY,25,POINT(-106.950336999919 41.7539129999807),ntad_parking,18,2026-07-22 08:31:07.98657+00,2019-01-01 00:00:00+00,68,95,17,100,50,{},"{""state"": ""WY"", ""county"": ""Carbon"", ""OBJECTID"": 1797, ""latitude"": 41.753913, ""longitude"": -106.950337, ""mile_post"": ""Exit 228"", ""municipality"": ""NA"", ""state_number"": ""56"", ""highway_route"": ""I-80"", ""nhs_rest_stop"": ""Ft. Steele Rest Area"", ""number_of_spots"": 25}",2019-01-01 00:00:00+00,ntad_parking,44,unknown,59,50,0,{}
1798,public_rest_area,Chugwater Rest Area,WY,5,POINT(-104.82865600033 41.7574350003141),ntad_parking,18,2026-07-22 08:31:07.98657+00,2019-01-01 00:00:00+00,68,95,17,100,50,{},"{""state"": ""WY"", ""county"": ""Platte"", ""OBJECTID"": 1798, ""latitude"": 41.757435, ""longitude"": -104.828656, ""mile_post"": ""Exit 54"", ""municipality"": ""NA"", ""state_number"": ""56"", ""highway_route"": ""I-25"", ""nhs_rest_stop"": ""Chugwater Rest Area"", ""number_of_spots"": 5}",2019-01-01 00:00:00+00,ntad_parking,44,unknown,59,50,0,{}
1799,public_rest_area,I-25 MM 65 Turnout westbound,WY,5,POINT(-104.877222000421 41.8755560002465),ntad_parking,18,2026-07-22 08:31:07.98657+00,2019-01-01 00:00:00+00,68,95,17,100,50,{},"{""state"": ""WY"", ""county"": ""Platte"", ""OBJECTID"": 1799, ""latitude"": 41.875556, ""longitude"": -104.877222, ""mile_post"": ""MM 64"", ""municipality"": ""NA"", ""state_number"": ""56"", ""highway_route"": ""I-25"", ""nhs_rest_stop"": ""I-25 MM 65 Turnout westbound"", ""number_of_spots"": 5}",2019-01-01 00:00:00+00,ntad_parking,44,unknown,59,50,0,{}
18,public_rest_area,Chilton County Rest Area (NB),AL,22,POINT(-86.6327189998495 32.9013679996825),ntad_parking,18,2026-07-22 08:31:07.98657+00,2019-01-01 00:00:00+00,68,95,17,100,50,{},"{""state"": ""AL"", ""county"": ""Chilton"", ""OBJECTID"": 18, ""latitude"": 32.901368, ""longitude"": -86.632719, ""mile_post"": ""212.915"", ""municipality"": ""Clanton"", ""state_number"": ""01"", ""highway_route"": ""I-65 NB"", ""nhs_rest_stop"": ""Chilton County Rest Area (NB)"", ""number_of_spots"": 22}",2019-01-01 00:00:00+00,ntad_parking,44,unknown,59,50,0,{}
180,public_rest_area,Poudre Rest Area,CO,25,POINT(-105.007600999612 40.5641890001864),ntad_parking,18,2026-07-22 08:31:07.98657+00,2019-01-01 00:00:00+00,68,95,17,100,50,{},"{""state"": ""CO"", ""county"": ""Larimer"", ""OBJECTID"": 180, ""latitude"": 40.564189, ""longitude"": -105.007601, ""mile_post"": ""268"", ""municipality"": ""Fort Collins"", ""state_number"": ""08"", ""highway_route"": ""I-25S"", ""nhs_rest_stop"": ""Poudre Rest Area"", ""number_of_spots"": 25}",2019-01-01 00:00:00+00,ntad_parking,44,unknown,59,50,0,{}
1800,public_rest_area,I-25 MM 65 Turnout eastbound,WY,5,POINT(-104.877222000421 41.8755560002465),ntad_parking,18,2026-07-22 08:31:07.98657+00,2019-01-01 00:00:00+00,68,95,17,100,50,{},"{""state"": ""WY"", ""county"": ""Platte"", ""OBJECTID"": 1800, ""latitude"": 41.875556, ""longitude"": -104.877222, ""mile_post"": ""MM 65"", ""municipality"": ""NA"", ""state_number"": ""56"", ""highway_route"": ""I-25"", ""nhs_rest_stop"": ""I-25 MM 65 Turnout eastbound"", ""number_of_spots"": 5}",2019-01-01 00:00:00+00,ntad_parking,44,unknown,59,50,0,{}
1801,public_rest_area,Dwyer Junction Rest Area,WY,20,POINT(-105.019491000101 42.2342049999449),ntad_parking,18,2026-07-22 08:31:07.98657+00,2019-01-01 00:00:00+00,68,95,17,100,50,{},"{""state"": ""WY"", ""county"": ""Platte"", ""OBJECTID"": 1801, ""latitude"": 42.234205, ""longitude"": -105.019491, ""mile_post"": ""Exit 92"", ""municipality"": ""NA"", ""state_number"": ""56"", ""highway_route"": ""I-25"", ""nhs_rest_stop"": ""Dwyer Junction Rest Area"", ""number_of_spots"": 20}",2019-01-01 00:00:00+00,ntad_parking,44,unknown,59,50,0,{}
1802,public_rest_area,I-25 MM 129 Turnout Northbound,WY,10,POINT(-105.235277999564 42.6861109997788),ntad_parking,18,2026-07-22 08:31:07.98657+00,2019-01-01 00:00:00+00,68,95,17,100,50,{},"{""state"": ""WY"", ""county"": ""Converse"", ""OBJECTID"": 1802, ""latitude"": 42.686111, ""longitude"": -105.235278, ""mile_post"": ""MM 129"", ""municipality"": ""NA"", ""state_number"": ""56"", ""highway_route"": ""I-25"", ""nhs_rest_stop"": ""I-25 MM 129 Turnout Northbound"", ""number_of_spots"": 10}",2019-01-01 00:00:00+00,ntad_parking,44,unknown,59,50,0,{}
1803,public_rest_area,I-25 MM 129 Turnout Southbound,WY,12,POINT(-105.235277999564 42.6861109997788),ntad_parking,18,2026-07-22 08:31:07.98657+00,2019-01-01 00:00:00+00,68,95,17,100,50,{},"{""state"": ""WY"", ""county"": ""Converse"", ""OBJECTID"": 1803, ""latitude"": 42.686111, ""longitude"": -105.235278, ""mile_post"": ""MM 129"", ""municipality"": ""NA"", ""state_number"": ""56"", ""highway_route"": ""I-25"", ""nhs_rest_stop"": ""I-25 MM 129 Turnout Southbound"", ""number_of_spots"": 12}",2019-01-01 00:00:00+00,ntad_parking,44,unknown,59,50,0,{}
1804,public_rest_area,I-25 MM 152 Turnout Northbound,WY,10,POINT(-105.634166999896 42.7980560003028),ntad_parking,18,2026-07-22 08:31:07.98657+00,2019-01-01 00:00:00+00,68,95,17,100,50,{},"{""state"": ""WY"", ""county"": ""Converse"", ""OBJECTID"": 1804, ""latitude"": 42.798056, ""longitude"": -105.634167, ""mile_post"": ""MM 152"", ""municipality"": ""NA"", ""state_number"": ""56"", ""highway_route"": ""I-25"", ""nhs_rest_stop"": ""I-25 MM 152 Turnout Northbound"", ""number_of_spots"": 10}",2019-01-01 00:00:00+00,ntad_parking,44,unknown,59,50,0,{}
1805,public_rest_area,I-25 MM 152Turnout Southbound,WY,12,POINT(-105.634166999896 42.7980560003028),ntad_parking,18,2026-07-22 08:31:07.98657+00,2019-01-01 00:00:00+00,68,95,17,100,50,{},"{""state"": ""WY"", ""county"": ""Converse"", ""OBJECTID"": 1805, ""latitude"": 42.798056, ""longitude"": -105.634167, ""mile_post"": ""MM 152"", ""municipality"": ""NA"", ""state_number"": ""56"", ""highway_route"": ""I-25"", ""nhs_rest_stop"": ""I-25 MM 152Turnout Southbound"", ""number_of_spots"": 12}",2019-01-01 00:00:00+00,ntad_parking,44,unknown,59,50,0,{}
1806,public_rest_area,I-25 MM 171 Turnout Northbound,WY,10,POINT(-105.997500000359 42.8358329996779),ntad_parking,18,2026-07-22 08:31:07.98657+00,2019-01-01 00:00:00+00,68,95,17,100,50,{},"{""state"": ""WY"", ""county"": ""Converse"", ""OBJECTID"": 1806, ""latitude"": 42.835833, ""longitude"": -105.9975, ""mile_post"": ""MM 171"", ""municipality"": ""NA"", ""state_number"": ""56"", ""highway_route"": ""I-25"", ""nhs_rest_stop"": ""I-25 MM 171 Turnout Northbound"", ""number_of_spots"": 10}",2019-01-01 00:00:00+00,ntad_parking,44,unknown,59,50,0,{}
1807,public_rest_area,I-25 MM 171 Turnout Southbound,WY,12,POINT(-105.997500000359 42.8358329996779),ntad_parking,18,2026-07-22 08:31:07.98657+00,2019-01-01 00:00:00+00,68,95,17,100,50,{},"{""state"": ""WY"", ""county"": ""Converse"", ""OBJECTID"": 1807, ""latitude"": 42.835833, ""longitude"": -105.9975, ""mile_post"": ""MM 171"", ""municipality"": ""NA"", ""state_number"": ""56"", ""highway_route"": ""I-25"", ""nhs_rest_stop"": ""I-25 MM 171 Turnout Southbound"", ""number_of_spots"": 12}",2019-01-01 00:00:00+00,ntad_parking,44,unknown,59,50,0,{}
1808,public_rest_area,I-25 MM 218 Turnout eastbound,WY,15,POINT(-106.391111000443 43.2755560001292),ntad_parking,18,2026-07-22 08:31:07.98657+00,2019-01-01 00:00:00+00,68,95,17,100,50,{},"{""state"": ""WY"", ""county"": ""Natrona"", ""OBJECTID"": 1808, ""latitude"": 43.275556, ""longitude"": -106.391111, ""mile_post"": ""MM 217"", ""municipality"": ""NA"", ""state_number"": ""56"", ""highway_route"": ""I-24"", ""nhs_rest_stop"": ""I-25 MM 218 Turnout eastbound"", ""number_of_spots"": 15}",2019-01-01 00:00:00+00,ntad_parking,44,unknown,59,50,0,{}
1809,public_rest_area,I-25 MM 218 Turnout westbound,WY,15,POINT(-106.391111000443 43.2755560001292),ntad_parking,18,2026-07-22 08:31:07.98657+00,2019-01-01 00:00:00+00,68,95,17,100,50,{},"{""state"": ""WY"", ""county"": ""Natrona"", ""OBJECTID"": 1809, ""latitude"": 43.275556, ""longitude"": -106.391111, ""mile_post"": ""MM 218"", ""municipality"": ""NA"", ""state_number"": ""56"", ""highway_route"": ""I-25"", ""nhs_rest_stop"": ""I-25 MM 218 Turnout westbound"", ""number_of_spots"": 15}",2019-01-01 00:00:00+00,ntad_parking,44,unknown,59,50,0,{}
181,public_rest_area,Sterling Rest Area,CO,25,POINT(-103.179895999794 40.6205310001461),ntad_parking,18,2026-07-22 08:31:07.98657+00,2019-01-01 00:00:00+00,68,95,17,100,50,{},"{""state"": ""CO"", ""county"": ""Logan"", ""OBJECTID"": 181, ""latitude"": 40.620531, ""longitude"": -103.179896, ""mile_post"": ""125"", ""municipality"": ""Sterling"", ""state_number"": ""08"", ""highway_route"": ""I-76"", ""nhs_rest_stop"": ""Sterling Rest Area"", ""number_of_spots"": 25}",2019-01-01 00:00:00+00,ntad_parking,44,unknown,59,50,0,{}
1810,public_rest_area,I25 MM 274 Turnout eastbound,WY,10,POINT(-106.645833000139 43.9952779998456),ntad_parking,18,2026-07-22 08:31:07.98657+00,2019-01-01 00:00:00+00,68,95,17,100,50,{},"{""state"": ""WY"", ""county"": ""Johnson"", ""OBJECTID"": 1810, ""latitude"": 43.995278, ""longitude"": -106.645833, ""mile_post"": ""MM 274"", ""municipality"": ""NA"", ""state_number"": ""56"", ""highway_route"": ""I-25"", ""nhs_rest_stop"": ""I25 MM 274 Turnout eastbound"", ""number_of_spots"": 10}",2019-01-01 00:00:00+00,ntad_parking,44,unknown,59,50,0,{}
1811,public_rest_area,I25 MM 274 Turnout westbound,WY,10,POINT(-106.645833000139 43.9952779998456),ntad_parking,18,2026-07-22 08:31:07.98657+00,2019-01-01 00:00:00+00,68,95,17,100,50,{},"{""state"": ""WY"", ""county"": ""Johnson"", ""OBJECTID"": 1811, ""latitude"": 43.995278, ""longitude"": -106.645833, ""mile_post"": ""MM 274"", ""municipality"": ""NA"", ""state_number"": ""56"", ""highway_route"": ""I-25"", ""nhs_rest_stop"": ""I25 MM 274 Turnout westbound"", ""number_of_spots"": 10}",2019-01-01 00:00:00+00,ntad_parking,44,unknown,59,50,0,{}
1812,public_rest_area,Powder River Rest Area,WY,6,POINT(-106.157706999807 44.2143430000894),ntad_parking,18,2026-07-22 08:31:07.98657+00,2019-01-01 00:00:00+00,68,95,17,100,50,{},"{""state"": ""WY"", ""county"": ""Johnson"", ""OBJECTID"": 1812, ""latitude"": 44.214343, ""longitude"": -106.157707, ""mile_post"": ""Exit 88"", ""municipality"": ""NA"", ""state_number"": ""56"", ""highway_route"": ""I-90"", ""nhs_rest_stop"": ""Powder River Rest Area"", ""number_of_spots"": 6}",2019-01-01 00:00:00+00,ntad_parking,44,unknown,59,50,0,{}
1813,public_rest_area,I-90 MM 68 Turnout Westbound,WY,5,POINT(-106.517039000114 44.271461000006),ntad_parking,18,2026-07-22 08:31:07.98657+00,2019-01-01 00:00:00+00,68,95,17,100,50,{},"{""state"": ""WY"", ""county"": ""Johnson"", ""OBJECTID"": 1813, ""latitude"": 44.271461, ""longitude"": -106.517039, ""mile_post"": ""MM 68"", ""municipality"": ""NA"", ""state_number"": ""56"", ""highway_route"": ""I-90"", ""nhs_rest_stop"": ""I-90 MM 68 Turnout Westbound"", ""number_of_spots"": 5}",2019-01-01 00:00:00+00,ntad_parking,44,unknown,59,50,0,{}
1814,public_rest_area,I-90 MM 163 Turnout eastbound,WY,4,POINT(-104.773976999765 44.2784149999396),ntad_parking,18,2026-07-22 08:31:07.98657+00,2019-01-01 00:00:00+00,68,95,17,100,50,{},"{""state"": ""WY"", ""county"": ""Crook"", ""OBJECTID"": 1814, ""latitude"": 44.278415, ""longitude"": -104.773977, ""mile_post"": ""MM 162"", ""municipality"": ""NA"", ""state_number"": ""56"", ""highway_route"": ""I-90"", ""nhs_rest_stop"": ""I-90 MM 163 Turnout eastbound"", ""number_of_spots"": 4}",2019-01-01 00:00:00+00,ntad_parking,44,unknown,59,50,0,{}
1815,public_rest_area,I-90 MM 163 Turnout westbound,WY,4,POINT(-104.773976999765 44.2784149999396),ntad_parking,18,2026-07-22 08:31:07.98657+00,2019-01-01 00:00:00+00,68,95,17,100,50,{},"{""state"": ""WY"", ""county"": ""Crook"", ""OBJECTID"": 1815, ""latitude"": 44.278415, ""longitude"": -104.773977, ""mile_post"": ""MM 163"", ""municipality"": ""NA"", ""state_number"": ""56"", ""highway_route"": ""I-90"", ""nhs_rest_stop"": ""I-90 MM 163 Turnout westbound"", ""number_of_spots"": 4}",2019-01-01 00:00:00+00,ntad_parking,44,unknown,59,50,0,{}
1816,public_rest_area,I-90 MM 138 Turnout eastbound,WY,10,POINT(-105.269203000236 44.2969759998176),ntad_parking,18,2026-07-22 08:31:07.98657+00,2019-01-01 00:00:00+00,68,95,17,100,50,{},"{""state"": ""WY"", ""county"": ""Campbell"", ""OBJECTID"": 1816, ""latitude"": 44.296976, ""longitude"": -105.269203, ""mile_post"": ""MM 138"", ""municipality"": ""NA"", ""state_number"": ""56"", ""highway_route"": ""I-90"", ""nhs_rest_stop"": ""I-90 MM 138 Turnout eastbound"", ""number_of_spots"": 10}",2019-01-01 00:00:00+00,ntad_parking,44,unknown,59,50,0,{}
1817,public_rest_area,I-90 MM 138 Turnoutwestbound,WY,10,POINT(-105.269203000236 44.2969759998176),ntad_parking,18,2026-07-22 08:31:07.98657+00,2019-01-01 00:00:00+00,68,95,17,100,50,{},"{""state"": ""WY"", ""county"": ""Campbell"", ""OBJECTID"": 1817, ""latitude"": 44.296976, ""longitude"": -105.269203, ""mile_post"": ""MM 138"", ""municipality"": ""NA"", ""state_number"": ""56"", ""highway_route"": ""I-90"", ""nhs_rest_stop"": ""I-90 MM 138 Turnoutwestbound"", ""number_of_spots"": 10}",2019-01-01 00:00:00+00,ntad_parking,44,unknown,59,50,0,{}
1818,public_rest_area,I-90 MM 171 Turnout eastbound,WY,4,POINT(-104.624022000141 44.3002869997426),ntad_parking,18,2026-07-22 08:31:07.98657+00,2019-01-01 00:00:00+00,68,95,17,100,50,{},"{""state"": ""WY"", ""county"": ""Crook"", ""OBJECTID"": 1818, ""latitude"": 44.300287, ""longitude"": -104.624022, ""mile_post"": ""MM 171"", ""municipality"": ""NA"", ""state_number"": ""56"", ""highway_route"": ""I-90"", ""nhs_rest_stop"": ""I-90 MM 171 Turnout eastbound"", ""number_of_spots"": 4}",2019-01-01 00:00:00+00,ntad_parking,44,unknown,59,50,0,{}
1819,public_rest_area,I-90 MM 171 Turnout westbound,WY,4,POINT(-104.624022000141 44.3002869997426),ntad_parking,18,2026-07-22 08:31:07.98657+00,2019-01-01 00:00:00+00,68,95,17,100,50,{},"{""state"": ""WY"", ""county"": ""Crook"", ""OBJECTID"": 1819, ""latitude"": 44.300287, ""longitude"": -104.624022, ""mile_post"": ""MM 171"", ""municipality"": ""NA"", ""state_number"": ""56"", ""highway_route"": ""I-90"", ""nhs_rest_stop"": ""I-90 MM 171 Turnout westbound"", ""number_of_spots"": 4}",2019-01-01 00:00:00+00,ntad_parking,44,unknown,59,50,0,{}
182,public_rest_area,CT Service Plaza- Darien SB,CT,70,POINT(-73.5043419996889 41.0680569997208),ntad_parking,18,2026-07-22 08:31:07.98657+00,2019-01-01 00:00:00+00,68,95,17,100,50,{},"{""state"": ""CT"", ""county"": ""Fairfield"", ""OBJECTID"": 182, ""latitude"": 41.068057, ""longitude"": -73.504342, ""mile_post"": ""10"", ""municipality"": ""Darien"", ""state_number"": ""09"", ""highway_route"": ""I-95S"", ""nhs_rest_stop"": ""CT Service Plaza- Darien SB"", ""number_of_spots"": 70}",2019-01-01 00:00:00+00,ntad_parking,44,unknown,59,50,0,{}
1820,public_rest_area,I-90 MM 175 Turnout eastbound,WY,5,POINT(-104.519671999821 44.3197210001242),ntad_parking,18,2026-07-22 08:31:07.98657+00,2019-01-01 00:00:00+00,68,95,17,100,50,{},"{""state"": ""WY"", ""county"": ""Crook"", ""OBJECTID"": 1820, ""latitude"": 44.319721, ""longitude"": -104.519672, ""mile_post"": ""MM 175"", ""municipality"": ""NA"", ""state_number"": ""56"", ""highway_route"": ""I-90"", ""nhs_rest_stop"": ""I-90 MM 175 Turnout eastbound"", ""number_of_spots"": 5}",2019-01-01 00:00:00+00,ntad_parking,44,unknown,59,50,0,{}
1821,public_rest_area,I-90 MM 175 Turnout westbound,WY,5,POINT(-104.519671999821 44.3197210001242),ntad_parking,18,2026-07-22 08:31:07.98657+00,2019-01-01 00:00:00+00,68,95,17,100,50,{},"{""state"": ""WY"", ""county"": ""Crook"", ""OBJECTID"": 1821, ""latitude"": 44.319721, ""longitude"": -104.519672, ""mile_post"": ""MM 175"", ""municipality"": ""NA"", ""state_number"": ""56"", ""highway_route"": ""I-90"", ""nhs_rest_stop"": ""I-90 MM 175 Turnout westbound"", ""number_of_spots"": 5}",2019-01-01 00:00:00+00,ntad_parking,44,unknown,59,50,0,{}
1822,public_rest_area,I-90 MM 60 Turnout eastbound,WY,5,POINT(-106.631005000225 44.3391750001281),ntad_parking,18,2026-07-22 08:31:07.98657+00,2019-01-01 00:00:00+00,68,95,17,100,50,{},"{""state"": ""WY"", ""county"": ""Johnson"", ""OBJECTID"": 1822, ""latitude"": 44.339175, ""longitude"": -106.631005, ""mile_post"": ""MM 60"", ""municipality"": ""NA"", ""state_number"": ""56"", ""highway_route"": ""I-90"", ""nhs_rest_stop"": ""I-90 MM 60 Turnout eastbound"", ""number_of_spots"": 5}",2019-01-01 00:00:00+00,ntad_parking,44,unknown,59,50,0,{}
1823,public_rest_area,I-90 MM 60 Turnout westbound,WY,5,POINT(-106.631005000225 44.3391750001281),ntad_parking,18,2026-07-22 08:31:07.98657+00,2019-01-01 00:00:00+00,68,95,17,100,50,{},"{""state"": ""WY"", ""county"": ""Johnson"", ""OBJECTID"": 1823, ""latitude"": 44.339175, ""longitude"": -106.631005, ""mile_post"": ""MM 60"", ""municipality"": ""NA"", ""state_number"": ""56"", ""highway_route"": ""I-90"", ""nhs_rest_stop"": ""I-90 MM 60 Turnout westbound"", ""number_of_spots"": 5}",2019-01-01 00:00:00+00,ntad_parking,44,unknown,59,50,0,{}
1824,public_rest_area,East Sundance Rest Area,WY,6,POINT(-104.340801000159 44.4140659998054),ntad_parking,18,2026-07-22 08:31:07.98657+00,2019-01-01 00:00:00+00,68,95,17,100,50,{},"{""state"": ""WY"", ""county"": ""Crook"", ""OBJECTID"": 1824, ""latitude"": 44.414066, ""longitude"": -104.340801, ""mile_post"": ""Exit 189"", ""municipality"": ""NA"", ""state_number"": ""56"", ""highway_route"": ""I-90"", ""nhs_rest_stop"": ""East Sundance Rest Area"", ""number_of_spots"": 6}",2019-01-01 00:00:00+00,ntad_parking,44,unknown,59,50,0,{}
1825,public_rest_area,Aladdin NE Wyoming Info Center and Rest Area,WY,12,POINT(-104.205751000443 44.5279199999618),ntad_parking,18,2026-07-22 08:31:07.98657+00,2019-01-01 00:00:00+00,68,95,17,100,50,{},"{""state"": ""WY"", ""county"": ""Crook"", ""OBJECTID"": 1825, ""latitude"": 44.52792, ""longitude"": -104.205751, ""mile_post"": ""Exit 199"", ""municipality"": ""NA"", ""state_number"": ""56"", ""highway_route"": ""I-90"", ""nhs_rest_stop"": ""Aladdin NE Wyoming Info Center and Rest Area"", ""number_of_spots"": 12}",2019-01-01 00:00:00+00,ntad_parking,44,unknown,59,50,0,{}
1826,public_rest_area,I-90 MM 39 Turnout Westbound,WY,5,POINT(-106.840722999594 44.5970890000895),ntad_parking,18,2026-07-22 08:31:07.98657+00,2019-01-01 00:00:00+00,68,95,17,100,50,{},"{""state"": ""WY"", ""county"": ""Sheridan"", ""OBJECTID"": 1826, ""latitude"": 44.597089, ""longitude"": -106.840723, ""mile_post"": ""MM 39"", ""municipality"": ""NA"", ""state_number"": ""56"", ""highway_route"": ""I-90"", ""nhs_rest_stop"": ""I-90 MM 39 Turnout Westbound"", ""number_of_spots"": 5}",2019-01-01 00:00:00+00,ntad_parking,44,unknown,59,50,0,{}
1827,public_rest_area,I-90 MM 30 Turnout Eastbound,WY,5,POINT(-106.908855999898 44.701300999848),ntad_parking,18,2026-07-22 08:31:07.98657+00,2019-01-01 00:00:00+00,68,95,17,100,50,{},"{""state"": ""WY"", ""county"": ""Sheridan"", ""OBJECTID"": 1827, ""latitude"": 44.701301, ""longitude"": -106.908856, ""mile_post"": ""MM 30"", ""municipality"": ""NA"", ""state_number"": ""56"", ""highway_route"": ""I-90"", ""nhs_rest_stop"": ""I-90 MM 30 Turnout Eastbound"", ""number_of_spots"": 5}",2019-01-01 00:00:00+00,ntad_parking,44,unknown,59,50,0,{}
1828,public_rest_area,Fifth Street Rest Area,WY,15,POINT(-106.932323999808 44.8054969998286),ntad_parking,18,2026-07-22 08:31:07.98657+00,2019-01-01 00:00:00+00,68,95,17,100,50,{},"{""state"": ""WY"", ""county"": ""Sheridan"", ""OBJECTID"": 1828, ""latitude"": 44.805497, ""longitude"": -106.932324, ""mile_post"": ""Exit 23"", ""municipality"": ""NA"", ""state_number"": ""56"", ""highway_route"": ""I-90"", ""nhs_rest_stop"": ""Fifth Street Rest Area"", ""number_of_spots"": 15}",2019-01-01 00:00:00+00,ntad_parking,44,unknown,59,50,0,{}
1829,public_rest_area,I-90 MM 0 Turnout Eastbound,WY,5,POINT(-107.298610999591 44.9986109998708),ntad_parking,18,2026-07-22 08:31:07.98657+00,2019-01-01 00:00:00+00,68,95,17,100,50,{},"{""state"": ""WY"", ""county"": ""Sheridan"", ""OBJECTID"": 1829, ""latitude"": 44.998611, ""longitude"": -107.298611, ""mile_post"": ""MM 0"", ""municipality"": ""NA"", ""state_number"": ""56"", ""highway_route"": ""I-90"", ""nhs_rest_stop"": ""I-90 MM 0 Turnout Eastbound"", ""number_of_spots"": 5}",2019-01-01 00:00:00+00,ntad_parking,44,unknown,59,50,0,{}
183,public_rest_area,CT Service Plaza-Darien NB,CT,20,POINT(-73.4612370001438 41.0804649999278),ntad_parking,18,2026-07-22 08:31:07.98657+00,2019-01-01 00:00:00+00,68,95,17,100,50,{},"{""state"": ""CT"", ""county"": ""Fairfield"", ""OBJECTID"": 183, ""latitude"": 41.080465, ""longitude"": -73.461237, ""mile_post"": ""12"", ""municipality"": ""Darien"", ""state_number"": ""09"", ""highway_route"": ""I-95N"", ""nhs_rest_stop"": ""CT Service Plaza-Darien NB"", ""number_of_spots"": 20}",2019-01-01 00:00:00+00,ntad_parking,44,unknown,59,50,0,{}
1830,public_rest_area,NHS Rest Stop or Truck Facility 74,MI,6,POINT(-87.3627049997936 46.5042933297807),ntad_parking,18,2026-07-22 08:31:07.98657+00,2019-01-01 00:00:00+00,68,95,17,100,50,{},"{""state"": ""MI"", ""county"": ""NA"", ""OBJECTID"": 1830, ""latitude"": 46.50429333, ""longitude"": -87.362705, ""mile_post"": ""NA"", ""municipality"": ""NA"", ""state_number"": ""26"", ""highway_route"": ""US41"", ""nhs_rest_stop"": ""NHS Rest Stop or Truck Facility 74"", ""number_of_spots"": 6}",2019-01-01 00:00:00+00,ntad_parking,44,unknown,59,50,0,{}
1831,public_rest_area,Rest Area,WV,13,POINT(-81.0808869999375 37.4864579998671),ntad_parking,18,2026-07-22 08:31:07.98657+00,2019-01-01 00:00:00+00,68,95,17,100,50,{},"{""state"": ""WV"", ""county"": "" "", ""OBJECTID"": 1831, ""latitude"": 37.486458, ""longitude"": -81.080887, ""mile_post"": "" "", ""municipality"": "" "", ""state_number"": ""54"", ""highway_route"": ""I-77S"", ""nhs_rest_stop"": ""Rest Area"", ""number_of_spots"": 13}",2019-01-01 00:00:00+00,ntad_parking,44,unknown,59,50,0,{}
1832,public_rest_area,Welcome Center WB,OK,15,POINT(-94.8450999996666 36.8762999998877),ntad_parking,18,2026-07-22 08:31:07.98657+00,2019-01-01 00:00:00+00,68,95,17,100,50,{},"{""state"": ""OK"", ""county"": "" "", ""OBJECTID"": 1832, ""latitude"": 36.8763, ""longitude"": -94.8451, ""mile_post"": "" "", ""municipality"": "" "", ""state_number"": ""40"", ""highway_route"": ""I-44W"", ""nhs_rest_stop"": ""Welcome Center WB"", ""number_of_spots"": 15}",2019-01-01 00:00:00+00,ntad_parking,44,unknown,59,50,0,{}
1833,public_rest_area,Kum & Go 891,OK,15,POINT(-95.1475000004222 36.6227000002523),ntad_parking,18,2026-07-22 08:31:07.98657+00,2019-01-01 00:00:00+00,68,95,17,100,50,{},"{""state"": ""OK"", ""county"": "" "", ""OBJECTID"": 1833, ""latitude"": 36.6227, ""longitude"": -95.1475, ""mile_post"": "" "", ""municipality"": "" "", ""state_number"": ""40"", ""highway_route"": ""I-44W"", ""nhs_rest_stop"": ""Kum & Go 891"", ""number_of_spots"": 15}",2019-01-01 00:00:00+00,ntad_parking,44,unknown,59,50,0,{}
1834,public_rest_area,WB KUM & GO,OK,15,POINT(-95.147899999557 36.6242000003326),ntad_parking,18,2026-07-22 08:31:07.98657+00,2019-01-01 00:00:00+00,68,95,17,100,50,{},"{""state"": ""OK"", ""county"": "" "", ""OBJECTID"": 1834, ""latitude"": 36.6242, ""longitude"": -95.1479, ""mile_post"": "" "", ""municipality"": "" "", ""state_number"": ""40"", ""highway_route"": ""I-44W"", ""nhs_rest_stop"": ""WB KUM & GO"", ""number_of_spots"": 15}",2019-01-01 00:00:00+00,ntad_parking,44,unknown,59,50,0,{}
1835,public_rest_area,EZ Go WB EB,OK,95,POINT(-96.6887999998862 35.7519999999658),ntad_parking,18,2026-07-22 08:31:07.98657+00,2019-01-01 00:00:00+00,68,95,17,100,50,{},"{""state"": ""OK"", ""county"": "" "", ""OBJECTID"": 1835, ""latitude"": 35.752, ""longitude"": -96.6888, ""mile_post"": "" "", ""municipality"": "" "", ""state_number"": ""40"", ""highway_route"": ""I-44 EB WB"", ""nhs_rest_stop"": ""EZ Go WB EB"", ""number_of_spots"": 95}",2026-08-11 21:11:13+00,chain_sites,94,open,100,80,100,{chain_confirmed:Love's}
1836,public_rest_area,E-Z Go,OK,18,POINT(-96.8803999995629 35.7193999999368),ntad_parking,18,2026-07-22 08:31:07.98657+00,2019-01-01 00:00:00+00,68,95,17,100,50,{},"{""state"": ""OK"", ""county"": "" "", ""OBJECTID"": 1836, ""latitude"": 35.7194, ""longitude"": -96.8804, ""mile_post"": "" "", ""municipality"": "" "", ""state_number"": ""40"", ""highway_route"": ""I-44E"", ""nhs_rest_stop"": ""E-Z Go"", ""number_of_spots"": 18}",2019-01-01 00:00:00+00,ntad_parking,44,unknown,59,50,0,{}
1837,public_rest_area,EZ Go Foods #43,OK,30,POINT(-97.8898000004007 35.0813999999113),ntad_parking,18,2026-07-22 08:31:07.98657+00,2019-01-01 00:00:00+00,68,95,17,100,50,{},"{""state"": ""OK"", ""county"": "" "", ""OBJECTID"": 1837, ""latitude"": 35.0814, ""longitude"": -97.8898, ""mile_post"": "" "", ""municipality"": "" "", ""state_number"": ""40"", ""highway_route"": ""I-44 EB WB"", ""nhs_rest_stop"": ""EZ Go Foods #43"", ""number_of_spots"": 30}",2026-08-11 21:11:13+00,chain_sites,94,open,100,80,100,{chain_confirmed:Love's}
1838,public_rest_area,EZ Go NB SB,OK,8,POINT(-98.4096000002719 34.3700000003676),ntad_parking,18,2026-07-22 08:31:07.98657+00,2019-01-01 00:00:00+00,68,95,17,100,50,{},"{""state"": ""OK"", ""county"": "" "", ""OBJECTID"": 1838, ""latitude"": 34.37, ""longitude"": -98.4096, ""mile_post"": "" "", ""municipality"": "" "", ""state_number"": ""40"", ""highway_route"": ""I-44 EB WB"", ""nhs_rest_stop"": ""EZ Go NB SB"", ""number_of_spots"": 8}",2026-08-11 21:11:13+00,chain_sites,94,open,100,80,100,{chain_confirmed:Love's}
1839,public_rest_area,Ohio Turnpike Mahoning Valley Service Plaza,OH,101,POINT(-80.5860999998579 40.9405999996806),ntad_parking,18,2026-07-22 08:31:07.98657+00,2019-01-01 00:00:00+00,68,95,17,100,50,{},"{""state"": ""OH"", ""county"": "" "", ""OBJECTID"": 1839, ""latitude"": 40.9406, ""longitude"": -80.5861, ""mile_post"": "" "", ""municipality"": "" "", ""state_number"": ""39"", ""highway_route"": ""I-76W"", ""nhs_rest_stop"": ""Ohio Turnpike Mahoning Valley Service Plaza"", ""number_of_spots"": 101}",2019-01-01 00:00:00+00,ntad_parking,44,unknown,59,50,0,{}
184,public_rest_area,CT Service Plaza- Fairfield NB,CT,29,POINT(-73.2594580004383 41.1458659998317),ntad_parking,18,2026-07-22 08:31:07.98657+00,2019-01-01 00:00:00+00,68,95,17,100,50,{},"{""state"": ""CT"", ""county"": ""Fairfield"", ""OBJECTID"": 184, ""latitude"": 41.145866, ""longitude"": -73.259458, ""mile_post"": ""21"", ""municipality"": ""Fairfield"", ""state_number"": ""09"", ""highway_route"": ""I-95N"", ""nhs_rest_stop"": ""CT Service Plaza- Fairfield NB"", ""number_of_spots"": 29}",2019-01-01 00:00:00+00,ntad_parking,44,unknown,59,50,0,{}
1840,public_rest_area,Ohio Turnpike Glacier Hills Service Plaza,OH,108,POINT(-80.5870999999406 40.9385999998289),ntad_parking,18,2026-07-22 08:31:07.98657+00,2019-01-01 00:00:00+00,68,95,17,100,50,{},"{""state"": ""OH"", ""county"": "" "", ""OBJECTID"": 1840, ""latitude"": 40.9386, ""longitude"": -80.5871, ""mile_post"": "" "", ""municipality"": "" "", ""state_number"": ""39"", ""highway_route"": ""I-76E"", ""nhs_rest_stop"": ""Ohio Turnpike Glacier Hills Service Plaza"", ""number_of_spots"": 108}",2019-01-01 00:00:00+00,ntad_parking,44,unknown,59,50,0,{}
1841,truck_stop,Clarence Travel Plaza,NY,51,POINT(-78.6007000000462 42.9527999997376),ntad_parking,18,2026-07-22 08:31:07.98657+00,2019-01-01 00:00:00+00,68,95,17,100,50,{},"{""state"": ""NY"", ""county"": "" "", ""OBJECTID"": 1841, ""latitude"": 42.9528, ""longitude"": -78.6007, ""mile_post"": "" "", ""municipality"": "" "", ""state_number"": ""36"", ""highway_route"": ""I-90W"", ""nhs_rest_stop"": ""Clarence Travel Plaza"", ""number_of_spots"": 51}",2019-01-01 00:00:00+00,ntad_parking,32,unknown,35,50,0,{}
1842,public_rest_area,Rest Area EB,NY,20,POINT(-78.332399999865 43.0120999999125),ntad_parking,18,2026-07-22 08:31:07.98657+00,2019-01-01 00:00:00+00,68,95,17,100,50,{},"{""state"": ""NY"", ""county"": "" "", ""OBJECTID"": 1842, ""latitude"": 43.0121, ""longitude"": -78.3324, ""mile_post"": "" "", ""municipality"": "" "", ""state_number"": ""36"", ""highway_route"": ""I-90E"", ""nhs_rest_stop"": ""Rest Area EB"", ""number_of_spots"": 20}",2019-01-01 00:00:00+00,ntad_parking,44,unknown,59,50,0,{}
1843,truck_stop,Angola Travel Plaza EB,NY,40,POINT(-78.9915000000281 42.6336000001359),ntad_parking,18,2026-07-22 08:31:07.98657+00,2019-01-01 00:00:00+00,68,95,17,100,50,{},"{""state"": ""NY"", ""county"": "" "", ""OBJECTID"": 1843, ""latitude"": 42.6336, ""longitude"": -78.9915, ""mile_post"": "" "", ""municipality"": "" "", ""state_number"": ""36"", ""highway_route"": ""I-90E"", ""nhs_rest_stop"": ""Angola Travel Plaza EB"", ""number_of_spots"": 40}",2019-01-01 00:00:00+00,ntad_parking,32,unknown,35,50,0,{}
1844,truck_stop,Angola Travel Plaza WB,NY,26,POINT(-78.9868999996477 42.6379000001911),ntad_parking,18,2026-07-22 08:31:07.98657+00,2019-01-01 00:00:00+00,68,95,17,100,50,{},"{""state"": ""NY"", ""county"": "" "", ""OBJECTID"": 1844, ""latitude"": 42.6379, ""longitude"": -78.9869, ""mile_post"": "" "", ""municipality"": "" "", ""state_number"": ""36"", ""highway_route"": ""I-90W"", ""nhs_rest_stop"": ""Angola Travel Plaza WB"", ""number_of_spots"": 26}",2019-01-01 00:00:00+00,ntad_parking,32,unknown,35,50,0,{}
1845,truck_stop,Clarence Travel Plaza,NY,39,POINT(-78.6007000000462 42.9527999997376),ntad_parking,18,2026-07-22 08:31:07.98657+00,2019-01-01 00:00:00+00,68,95,17,100,50,{},"{""state"": ""NY"", ""county"": "" "", ""OBJECTID"": 1845, ""latitude"": 42.9528, ""longitude"": -78.6007, ""mile_post"": "" "", ""municipality"": "" "", ""state_number"": ""36"", ""highway_route"": ""I-90W"", ""nhs_rest_stop"": ""Clarence Travel Plaza"", ""number_of_spots"": 39}",2019-01-01 00:00:00+00,ntad_parking,32,unknown,35,50,0,{}
1846,truck_stop,Pembroke Travel Plaza,NY,48,POINT(-78.3290299997211 43.0118699997556),ntad_parking,18,2026-07-22 08:31:07.98657+00,2019-01-01 00:00:00+00,68,95,17,100,50,{},"{""state"": ""NY"", ""county"": "" "", ""OBJECTID"": 1846, ""latitude"": 43.01187, ""longitude"": -78.32903, ""mile_post"": "" "", ""municipality"": "" "", ""state_number"": ""36"", ""highway_route"": ""I-90E"", ""nhs_rest_stop"": ""Pembroke Travel Plaza"", ""number_of_spots"": 48}",2019-01-01 00:00:00+00,ntad_parking,32,unknown,35,50,0,{}
1847,truck_stop,Ontario Travel Plaza,NY,31,POINT(-77.9066499999121 43.0308699998899),ntad_parking,18,2026-07-22 08:31:07.98657+00,2019-01-01 00:00:00+00,68,95,17,100,50,{},"{""state"": ""NY"", ""county"": "" "", ""OBJECTID"": 1847, ""latitude"": 43.03087, ""longitude"": -77.90665, ""mile_post"": "" "", ""municipality"": "" "", ""state_number"": ""36"", ""highway_route"": ""I-90W"", ""nhs_rest_stop"": ""Ontario Travel Plaza"", ""number_of_spots"": 31}",2019-01-01 00:00:00+00,ntad_parking,32,unknown,35,50,0,{}
1848,truck_stop,Scottsville Travel Plaza EB,NY,35,POINT(-77.7170999997312 43.0412000002779),ntad_parking,18,2026-07-22 08:31:07.98657+00,2019-01-01 00:00:00+00,68,95,17,100,50,{},"{""state"": ""NY"", ""county"": "" "", ""OBJECTID"": 1848, ""latitude"": 43.0412, ""longitude"": -77.7171, ""mile_post"": "" "", ""municipality"": "" "", ""state_number"": ""36"", ""highway_route"": ""I-90E"", ""nhs_rest_stop"": ""Scottsville Travel Plaza EB"", ""number_of_spots"": 35}",2019-01-01 00:00:00+00,ntad_parking,32,unknown,35,50,0,{}
1849,public_rest_area,Parking/Rest Area,NY,5,POINT(-78.9377999996293 42.6879999999129),ntad_parking,18,2026-07-22 08:31:07.98657+00,2019-01-01 00:00:00+00,68,95,17,100,50,{},"{""state"": ""NY"", ""county"": "" "", ""OBJECTID"": 1849, ""latitude"": 42.688, ""longitude"": -78.9378, ""mile_post"": "" "", ""municipality"": "" "", ""state_number"": ""36"", ""highway_route"": ""I-90W"", ""nhs_rest_stop"": ""Parking/Rest Area"", ""number_of_spots"": 5}",2019-01-01 00:00:00+00,ntad_parking,44,unknown,59,50,0,{}
185,public_rest_area,CT Service Plaza- Fairfield SB,CT,33,POINT(-73.2594580004383 41.1458659998317),ntad_parking,18,2026-07-22 08:31:07.98657+00,2019-01-01 00:00:00+00,68,95,17,100,50,{},"{""state"": ""CT"", ""county"": ""Fairfield"", ""OBJECTID"": 185, ""latitude"": 41.145866, ""longitude"": -73.259458, ""mile_post"": ""22"", ""municipality"": ""Fairfield"", ""state_number"": ""09"", ""highway_route"": ""I-95S"", ""nhs_rest_stop"": ""CT Service Plaza- Fairfield SB"", ""number_of_spots"": 33}",2019-01-01 00:00:00+00,ntad_parking,44,unknown,59,50,0,{}
1850,public_rest_area,Parking/Rest Area,NY,5,POINT(-78.9364000004118 42.6877000000299),ntad_parking,18,2026-07-22 08:31:07.98657+00,2019-01-01 00:00:00+00,68,95,17,100,50,{},"{""state"": ""NY"", ""county"": "" "", ""OBJECTID"": 1850, ""latitude"": 42.6877, ""longitude"": -78.9364, ""mile_post"": "" "", ""municipality"": "" "", ""state_number"": ""36"", ""highway_route"": ""I-90E"", ""nhs_rest_stop"": ""Parking/Rest Area"", ""number_of_spots"": 5}",2019-01-01 00:00:00+00,ntad_parking,44,unknown,59,50,0,{}
1851,public_rest_area,Parking/Rest Area,NY,5,POINT(-77.4800000003338 43.0147999997477),ntad_parking,18,2026-07-22 08:31:07.98657+00,2019-01-01 00:00:00+00,68,95,17,100,50,{},"{""state"": ""NY"", ""county"": "" "", ""OBJECTID"": 1851, ""latitude"": 43.0148, ""longitude"": -77.48, ""mile_post"": "" "", ""municipality"": "" "", ""state_number"": ""36"", ""highway_route"": ""I-90E"", ""nhs_rest_stop"": ""Parking/Rest Area"", ""number_of_spots"": 5}",2019-01-01 00:00:00+00,ntad_parking,44,unknown,59,50,0,{}
1852,public_rest_area,Parking/Rest Area,NY,5,POINT(-76.8103999997515 42.9743999999135),ntad_parking,18,2026-07-22 08:31:07.98657+00,2019-01-01 00:00:00+00,68,95,17,100,50,{},"{""state"": ""NY"", ""county"": "" "", ""OBJECTID"": 1852, ""latitude"": 42.9744, ""longitude"": -76.8104, ""mile_post"": "" "", ""municipality"": "" "", ""state_number"": ""36"", ""highway_route"": ""I-90W"", ""nhs_rest_stop"": ""Parking/Rest Area"", ""number_of_spots"": 5}",2019-01-01 00:00:00+00,ntad_parking,44,unknown,59,50,0,{}
1853,public_rest_area,Parking/Rest Area,NY,5,POINT(-75.6444999998942 43.1167999999492),ntad_parking,18,2026-07-22 08:31:07.98657+00,2019-01-01 00:00:00+00,68,95,17,100,50,{},"{""state"": ""NY"", ""county"": "" "", ""OBJECTID"": 1853, ""latitude"": 43.1168, ""longitude"": -75.6445, ""mile_post"": "" "", ""municipality"": "" "", ""state_number"": ""36"", ""highway_route"": ""I-90W"", ""nhs_rest_stop"": ""Parking/Rest Area"", ""number_of_spots"": 5}",2019-01-01 00:00:00+00,ntad_parking,44,unknown,59,50,0,{}
1854,public_rest_area,Seneca,NY,40,POINT(-77.4133900001698 42.9989700002831),ntad_parking,18,2026-07-22 08:31:07.98657+00,2019-01-01 00:00:00+00,68,95,17,100,50,{},"{""state"": ""NY"", ""county"": "" "", ""OBJECTID"": 1854, ""latitude"": 42.99897, ""longitude"": -77.41339, ""mile_post"": "" "", ""municipality"": "" "", ""state_number"": ""36"", ""highway_route"": ""I-90W"", ""nhs_rest_stop"": ""Seneca"", ""number_of_spots"": 40}",2019-01-01 00:00:00+00,ntad_parking,44,unknown,59,50,0,{}
1855,public_rest_area,Clifton Springs,NY,27,POINT(-76.9181600003994 42.9589699998418),ntad_parking,18,2026-07-22 08:31:07.98657+00,2019-01-01 00:00:00+00,68,95,17,100,50,{},"{""state"": ""NY"", ""county"": "" "", ""OBJECTID"": 1855, ""latitude"": 42.95897, ""longitude"": -76.91816, ""mile_post"": "" "", ""municipality"": "" "", ""state_number"": ""36"", ""highway_route"": ""I-90E"", ""nhs_rest_stop"": ""Clifton Springs"", ""number_of_spots"": 27}",2019-01-01 00:00:00+00,ntad_parking,44,unknown,59,50,0,{}
1856,truck_stop,Junius Ponds Travel Plaza WB,NY,43,POINT(-76.9160999999595 42.958800000082),ntad_parking,18,2026-07-22 08:31:07.98657+00,2019-01-01 00:00:00+00,68,95,17,100,50,{},"{""state"": ""NY"", ""county"": "" "", ""OBJECTID"": 1856, ""latitude"": 42.9588, ""longitude"": -76.9161, ""mile_post"": "" "", ""municipality"": "" "", ""state_number"": ""36"", ""highway_route"": ""I-90W"", ""nhs_rest_stop"": ""Junius Ponds Travel Plaza WB"", ""number_of_spots"": 43}",2019-01-01 00:00:00+00,ntad_parking,32,unknown,35,50,0,{}
1857,public_rest_area,Port Byron,NY,24,POINT(-76.6710099999462 43.0238299999476),ntad_parking,18,2026-07-22 08:31:07.98657+00,2019-01-01 00:00:00+00,68,95,17,100,50,{},"{""state"": ""NY"", ""county"": "" "", ""OBJECTID"": 1857, ""latitude"": 43.02383, ""longitude"": -76.67101, ""mile_post"": "" "", ""municipality"": "" "", ""state_number"": ""36"", ""highway_route"": ""I-90E"", ""nhs_rest_stop"": ""Port Byron"", ""number_of_spots"": 24}",2019-01-01 00:00:00+00,ntad_parking,44,unknown,59,50,0,{}
1858,public_rest_area,EB Parking Area,NY,10,POINT(-75.5318999995647 43.1297999999481),ntad_parking,18,2026-07-22 08:31:07.98657+00,2019-01-01 00:00:00+00,68,95,17,100,50,{},"{""state"": ""NY"", ""county"": "" "", ""OBJECTID"": 1858, ""latitude"": 43.1298, ""longitude"": -75.5319, ""mile_post"": "" "", ""municipality"": "" "", ""state_number"": ""36"", ""highway_route"": ""I-90E"", ""nhs_rest_stop"": ""EB Parking Area"", ""number_of_spots"": 10}",2019-01-01 00:00:00+00,ntad_parking,44,unknown,59,50,0,{}
1859,truck_stop,Warners Travel Plaza,NY,35,POINT(-76.3182000003664 43.0923999999921),ntad_parking,18,2026-07-22 08:31:07.98657+00,2019-01-01 00:00:00+00,68,95,17,100,50,{},"{""state"": ""NY"", ""county"": "" "", ""OBJECTID"": 1859, ""latitude"": 43.0924, ""longitude"": -76.3182, ""mile_post"": "" "", ""municipality"": "" "", ""state_number"": ""36"", ""highway_route"": ""I-90W"", ""nhs_rest_stop"": ""Warners Travel Plaza"", ""number_of_spots"": 35}",2019-01-01 00:00:00+00,ntad_parking,32,unknown,35,50,0,{}
186,public_rest_area,CT Service Plaza- Milford NB,CT,45,POINT(-73.0084690002111 41.2457970001277),ntad_parking,18,2026-07-22 08:31:07.98657+00,2019-01-01 00:00:00+00,68,95,17,100,50,{},"{""state"": ""CT"", ""county"": ""New Haven"", ""OBJECTID"": 186, ""latitude"": 41.245797, ""longitude"": -73.008469, ""mile_post"": ""40"", ""municipality"": ""Milford"", ""state_number"": ""09"", ""highway_route"": ""I-95N"", ""nhs_rest_stop"": ""CT Service Plaza- Milford NB"", ""number_of_spots"": 45}",2019-01-01 00:00:00+00,ntad_parking,44,unknown,59,50,0,{}
1860,truck_stop,Dewitt Travel Plaza,NY,25,POINT(-76.1008799998202 43.0910299998158),ntad_parking,18,2026-07-22 08:31:07.98657+00,2019-01-01 00:00:00+00,68,95,17,100,50,{},"{""state"": ""NY"", ""county"": "" "", ""OBJECTID"": 1860, ""latitude"": 43.09103, ""longitude"": -76.10088, ""mile_post"": "" "", ""municipality"": "" "", ""state_number"": ""36"", ""highway_route"": ""I-90E"", ""nhs_rest_stop"": ""Dewitt Travel Plaza"", ""number_of_spots"": 25}",2019-01-01 00:00:00+00,ntad_parking,32,unknown,35,50,0,{}
1861,truck_stop,Chittenango Travel Plaza,NY,30,POINT(-76.1008799998202 43.0910299998158),ntad_parking,18,2026-07-22 08:31:07.98657+00,2019-01-01 00:00:00+00,68,95,17,100,50,{},"{""state"": ""NY"", ""county"": "" "", ""OBJECTID"": 1861, ""latitude"": 43.09103, ""longitude"": -76.10088, ""mile_post"": "" "", ""municipality"": "" "", ""state_number"": ""36"", ""highway_route"": ""I-90E"", ""nhs_rest_stop"": ""Chittenango Travel Plaza"", ""number_of_spots"": 30}",2019-01-01 00:00:00+00,ntad_parking,32,unknown,35,50,0,{}
1862,truck_stop,Onieda Travel Plaza,NY,32,POINT(-75.4148999997696 43.1250299998894),ntad_parking,18,2026-07-22 08:31:07.98657+00,2019-01-01 00:00:00+00,68,95,17,100,50,{},"{""state"": ""NY"", ""county"": "" "", ""OBJECTID"": 1862, ""latitude"": 43.12503, ""longitude"": -75.4149, ""mile_post"": "" "", ""municipality"": "" "", ""state_number"": ""36"", ""highway_route"": ""I-90E"", ""nhs_rest_stop"": ""Onieda Travel Plaza"", ""number_of_spots"": 32}",2019-01-01 00:00:00+00,ntad_parking,32,unknown,35,50,0,{}
1863,truck_stop,Schuyler Travel Plaza WB,NY,23,POINT(-75.1016000003583 43.0749999998711),ntad_parking,18,2026-07-22 08:31:07.98657+00,2019-01-01 00:00:00+00,68,95,17,100,50,{},"{""state"": ""NY"", ""county"": "" "", ""OBJECTID"": 1863, ""latitude"": 43.075, ""longitude"": -75.1016, ""mile_post"": "" "", ""municipality"": "" "", ""state_number"": ""36"", ""highway_route"": ""I-90W"", ""nhs_rest_stop"": ""Schuyler Travel Plaza WB"", ""number_of_spots"": 23}",2019-01-01 00:00:00+00,ntad_parking,32,unknown,35,50,0,{}
1864,truck_stop,Iroquois Travel Plaza WB,NY,35,POINT(-74.800799999735 43.0161000001954),ntad_parking,18,2026-07-22 08:31:07.98657+00,2019-01-01 00:00:00+00,68,95,17,100,50,{},"{""state"": ""NY"", ""county"": "" "", ""OBJECTID"": 1864, ""latitude"": 43.0161, ""longitude"": -74.8008, ""mile_post"": "" "", ""municipality"": "" "", ""state_number"": ""36"", ""highway_route"": ""I-90W"", ""nhs_rest_stop"": ""Iroquois Travel Plaza WB"", ""number_of_spots"": 35}",2019-01-01 00:00:00+00,ntad_parking,32,unknown,35,50,0,{}
1865,truck_stop,Indian Castle Travel Plaza EB,NY,35,POINT(-74.8070999998069 43.0168999997261),ntad_parking,18,2026-07-22 08:31:07.98657+00,2019-01-01 00:00:00+00,68,95,17,100,50,{},"{""state"": ""NY"", ""county"": "" "", ""OBJECTID"": 1865, ""latitude"": 43.0169, ""longitude"": -74.8071, ""mile_post"": "" "", ""municipality"": "" "", ""state_number"": ""36"", ""highway_route"": ""I-90E"", ""nhs_rest_stop"": ""Indian Castle Travel Plaza EB"", ""number_of_spots"": 35}",2019-01-01 00:00:00+00,ntad_parking,32,unknown,35,50,0,{}
1866,public_rest_area,Parking/Rest Area,NY,5,POINT(-74.3946000002761 42.9435000001174),ntad_parking,18,2026-07-22 08:31:07.98657+00,2019-01-01 00:00:00+00,68,95,17,100,50,{},"{""state"": ""NY"", ""county"": "" "", ""OBJECTID"": 1866, ""latitude"": 42.9435, ""longitude"": -74.3946, ""mile_post"": "" "", ""municipality"": "" "", ""state_number"": ""36"", ""highway_route"": ""I-90W"", ""nhs_rest_stop"": ""Parking/Rest Area"", ""number_of_spots"": 5}",2019-01-01 00:00:00+00,ntad_parking,44,unknown,59,50,0,{}
1867,public_rest_area,Parking/Rest Area,NY,5,POINT(-74.3977999996424 42.9430000001659),ntad_parking,18,2026-07-22 08:31:07.98657+00,2019-01-01 00:00:00+00,68,95,17,100,50,{},"{""state"": ""NY"", ""county"": "" "", ""OBJECTID"": 1867, ""latitude"": 42.943, ""longitude"": -74.3978, ""mile_post"": "" "", ""municipality"": "" "", ""state_number"": ""36"", ""highway_route"": ""I-90E"", ""nhs_rest_stop"": ""Parking/Rest Area"", ""number_of_spots"": 5}",2019-01-01 00:00:00+00,ntad_parking,44,unknown,59,50,0,{}
1868,truck_stop,Mohawk Travel Plaza,NY,20,POINT(-74.1624099999822 42.9146899996916),ntad_parking,18,2026-07-22 08:31:07.98657+00,2019-01-01 00:00:00+00,68,95,17,100,50,{},"{""state"": ""NY"", ""county"": "" "", ""OBJECTID"": 1868, ""latitude"": 42.91469, ""longitude"": -74.16241, ""mile_post"": "" "", ""municipality"": "" "", ""state_number"": ""36"", ""highway_route"": ""I-90E"", ""nhs_rest_stop"": ""Mohawk Travel Plaza"", ""number_of_spots"": 20}",2019-01-01 00:00:00+00,ntad_parking,32,unknown,35,50,0,{}
1869,truck_stop,Pattersonville Travel Plaza,NY,54,POINT(-74.097599999967 42.8967699997979),ntad_parking,18,2026-07-22 08:31:07.98657+00,2019-01-01 00:00:00+00,68,95,17,100,50,{},"{""state"": ""NY"", ""county"": "" "", ""OBJECTID"": 1869, ""latitude"": 42.89677, ""longitude"": -74.0976, ""mile_post"": "" "", ""municipality"": "" "", ""state_number"": ""36"", ""highway_route"": ""I-90W"", ""nhs_rest_stop"": ""Pattersonville Travel Plaza"", ""number_of_spots"": 54}",2019-01-01 00:00:00+00,ntad_parking,32,unknown,35,50,0,{}
187,public_rest_area,CT Service Plaza- Milford SB,CT,22,POINT(-73.0099920003506 41.2471800000089),ntad_parking,18,2026-07-22 08:31:07.98657+00,2019-01-01 00:00:00+00,68,95,17,100,50,{},"{""state"": ""CT"", ""county"": ""New Haven"", ""OBJECTID"": 187, ""latitude"": 41.24718, ""longitude"": -73.009992, ""mile_post"": ""41"", ""municipality"": ""Milford"", ""state_number"": ""09"", ""highway_route"": ""I-95S"", ""nhs_rest_stop"": ""CT Service Plaza- Milford SB"", ""number_of_spots"": 22}",2019-01-01 00:00:00+00,ntad_parking,44,unknown,59,50,0,{}
1870,truck_stop,Guilderland Travel Plaza,NY,65,POINT(-73.9185500002054 42.7438399999912),ntad_parking,18,2026-07-22 08:31:07.98657+00,2019-01-01 00:00:00+00,68,95,17,100,50,{},"{""state"": ""NY"", ""county"": "" "", ""OBJECTID"": 1870, ""latitude"": 42.74384, ""longitude"": -73.91855, ""mile_post"": "" "", ""municipality"": "" "", ""state_number"": ""36"", ""highway_route"": ""I-90E"", ""nhs_rest_stop"": ""Guilderland Travel Plaza"", ""number_of_spots"": 65}",2019-01-01 00:00:00+00,ntad_parking,32,unknown,35,50,0,{}
1871,public_rest_area,Parking/Rest Area,NY,5,POINT(-75.5322999995978 43.1297999999481),ntad_parking,18,2026-07-22 08:31:07.98657+00,2019-01-01 00:00:00+00,68,95,17,100,50,{},"{""state"": ""NY"", ""county"": "" "", ""OBJECTID"": 1871, ""latitude"": 43.1298, ""longitude"": -75.5323, ""mile_post"": "" "", ""municipality"": "" "", ""state_number"": ""36"", ""highway_route"": ""I-90E"", ""nhs_rest_stop"": ""Parking/Rest Area"", ""number_of_spots"": 5}",2019-01-01 00:00:00+00,ntad_parking,44,unknown,59,50,0,{}
1872,public_rest_area,Parking/Rest Area,NY,5,POINT(-73.7862999998228 42.5934999999379),ntad_parking,18,2026-07-22 08:31:07.98657+00,2019-01-01 00:00:00+00,68,95,17,100,50,{},"{""state"": ""NY"", ""county"": "" "", ""OBJECTID"": 1872, ""latitude"": 42.5935, ""longitude"": -73.7863, ""mile_post"": "" "", ""municipality"": "" "", ""state_number"": ""36"", ""highway_route"": ""I-87S"", ""nhs_rest_stop"": ""Parking/Rest Area"", ""number_of_spots"": 5}",2019-01-01 00:00:00+00,ntad_parking,44,unknown,59,50,0,{}
1873,truck_stop,New Baltimore Travel Plaza,NY,45,POINT(-73.8074000002205 42.4289999999756),ntad_parking,18,2026-07-22 08:31:07.98657+00,2019-01-01 00:00:00+00,68,95,17,100,50,{},"{""state"": ""NY"", ""county"": "" "", ""OBJECTID"": 1873, ""latitude"": 42.429, ""longitude"": -73.8074, ""mile_post"": "" "", ""municipality"": "" "", ""state_number"": ""36"", ""highway_route"": ""I-87N & S"", ""nhs_rest_stop"": ""New Baltimore Travel Plaza"", ""number_of_spots"": 45}",2019-01-01 00:00:00+00,ntad_parking,32,unknown,35,50,0,{}
1874,truck_stop,Malden Travel Plaza,NY,48,POINT(-73.9557999999175 42.110000000292),ntad_parking,18,2026-07-22 08:31:07.98657+00,2019-01-01 00:00:00+00,68,95,17,100,50,{},"{""state"": ""NY"", ""county"": "" "", ""OBJECTID"": 1874, ""latitude"": 42.11, ""longitude"": -73.9558, ""mile_post"": "" "", ""municipality"": "" "", ""state_number"": ""36"", ""highway_route"": ""I-87N"", ""nhs_rest_stop"": ""Malden Travel Plaza"", ""number_of_spots"": 48}",2019-01-01 00:00:00+00,ntad_parking,32,unknown,35,50,0,{}
1875,public_rest_area,Parking/Rest Area,NY,10,POINT(-73.9592999997578 42.1069000000615),ntad_parking,18,2026-07-22 08:31:07.98657+00,2019-01-01 00:00:00+00,68,95,17,100,50,{},"{""state"": ""NY"", ""county"": "" "", ""OBJECTID"": 1875, ""latitude"": 42.1069, ""longitude"": -73.9593, ""mile_post"": "" "", ""municipality"": "" "", ""state_number"": ""36"", ""highway_route"": ""I-87S"", ""nhs_rest_stop"": ""Parking/Rest Area"", ""number_of_spots"": 10}",2019-01-01 00:00:00+00,ntad_parking,44,unknown,59,50,0,{}
1876,public_rest_area,Parking/Rest Area,NY,8,POINT(-73.9830999999296 42.0549999999441),ntad_parking,18,2026-07-22 08:31:07.98657+00,2019-01-01 00:00:00+00,68,95,17,100,50,{},"{""state"": ""NY"", ""county"": "" "", ""OBJECTID"": 1876, ""latitude"": 42.055, ""longitude"": -73.9831, ""mile_post"": "" "", ""municipality"": "" "", ""state_number"": ""36"", ""highway_route"": ""I-87N"", ""nhs_rest_stop"": ""Parking/Rest Area"", ""number_of_spots"": 8}",2019-01-01 00:00:00+00,ntad_parking,44,unknown,59,50,0,{}
1877,truck_stop,Ulster Travel Plaza,NY,41,POINT(-74.0006000000295 42.0147000002445),ntad_parking,18,2026-07-22 08:31:07.98657+00,2019-01-01 00:00:00+00,68,95,17,100,50,{},"{""state"": ""NY"", ""county"": "" "", ""OBJECTID"": 1877, ""latitude"": 42.0147, ""longitude"": -74.0006, ""mile_post"": "" "", ""municipality"": "" "", ""state_number"": ""36"", ""highway_route"": ""I-87S"", ""nhs_rest_stop"": ""Ulster Travel Plaza"", ""number_of_spots"": 41}",2019-01-01 00:00:00+00,ntad_parking,32,unknown,35,50,0,{}
1878,truck_stop,Modena Travel Plaza,NY,22,POINT(-74.0874999995809 41.5940000000431),ntad_parking,18,2026-07-22 08:31:07.98657+00,2019-01-01 00:00:00+00,68,95,17,100,50,{},"{""state"": ""NY"", ""county"": "" "", ""OBJECTID"": 1878, ""latitude"": 41.594, ""longitude"": -74.0875, ""mile_post"": "" "", ""municipality"": "" "", ""state_number"": ""36"", ""highway_route"": ""I-87S"", ""nhs_rest_stop"": ""Modena Travel Plaza"", ""number_of_spots"": 22}",2019-01-01 00:00:00+00,ntad_parking,32,unknown,35,50,0,{}
1879,truck_stop,Plattekill Travel Plaza NB,NY,21,POINT(-74.0851000002807 41.5763000000305),ntad_parking,18,2026-07-22 08:31:07.98657+00,2019-01-01 00:00:00+00,68,95,17,100,50,{},"{""state"": ""NY"", ""county"": "" "", ""OBJECTID"": 1879, ""latitude"": 41.5763, ""longitude"": -74.0851, ""mile_post"": "" "", ""municipality"": "" "", ""state_number"": ""36"", ""highway_route"": ""I-87N"", ""nhs_rest_stop"": ""Plattekill Travel Plaza NB"", ""number_of_spots"": 21}",2019-01-01 00:00:00+00,ntad_parking,32,unknown,35,50,0,{}
188,public_rest_area,CT Service Plaza- Branford NB,CT,16,POINT(-72.8340199997565 41.2852979997259),ntad_parking,18,2026-07-22 08:31:07.98657+00,2019-01-01 00:00:00+00,68,95,17,100,50,{},"{""state"": ""CT"", ""county"": ""New Haven"", ""OBJECTID"": 188, ""latitude"": 41.285298, ""longitude"": -72.83402, ""mile_post"": ""53"", ""municipality"": ""Branford"", ""state_number"": ""09"", ""highway_route"": ""I-95N"", ""nhs_rest_stop"": ""CT Service Plaza- Branford NB"", ""number_of_spots"": 16}",2019-01-01 00:00:00+00,ntad_parking,44,unknown,59,50,0,{}
1880,public_rest_area,Sloatsburg,NY,28,POINT(-74.1881700001364 41.1512799998406),ntad_parking,18,2026-07-22 08:31:07.98657+00,2019-01-01 00:00:00+00,68,95,17,100,50,{},"{""state"": ""NY"", ""county"": "" "", ""OBJECTID"": 1880, ""latitude"": 41.15128, ""longitude"": -74.18817, ""mile_post"": "" "", ""municipality"": "" "", ""state_number"": ""36"", ""highway_route"": ""I-87N"", ""nhs_rest_stop"": ""Sloatsburg"", ""number_of_spots"": 28}",2019-01-01 00:00:00+00,ntad_parking,44,unknown,59,50,0,{}
1881,public_rest_area,Ramapo,NY,20,POINT(-74.1896999999485 41.153099999681),ntad_parking,18,2026-07-22 08:31:07.98657+00,2019-01-01 00:00:00+00,68,95,17,100,50,{},"{""state"": ""NY"", ""county"": "" "", ""OBJECTID"": 1881, ""latitude"": 41.1531, ""longitude"": -74.1897, ""mile_post"": "" "", ""municipality"": "" "", ""state_number"": ""36"", ""highway_route"": ""I-87S"", ""nhs_rest_stop"": ""Ramapo"", ""number_of_spots"": 20}",2019-01-01 00:00:00+00,ntad_parking,44,unknown,59,50,0,{}
1882,truck_stop,Ardsley Travel Plaza,NY,14,POINT(-73.853999999583 40.9824000002598),ntad_parking,18,2026-07-22 08:31:07.98657+00,2019-01-01 00:00:00+00,68,95,17,100,50,{},"{""state"": ""NY"", ""county"": "" "", ""OBJECTID"": 1882, ""latitude"": 40.9824, ""longitude"": -73.854, ""mile_post"": "" "", ""municipality"": "" "", ""state_number"": ""36"", ""highway_route"": ""I-87N"", ""nhs_rest_stop"": ""Ardsley Travel Plaza"", ""number_of_spots"": 14}",2019-01-01 00:00:00+00,ntad_parking,32,unknown,35,50,0,{}
1883,public_rest_area,EZ GO NB and SB,KS,55,POINT(-97.3224999997452 37.3658999998683),ntad_parking,18,2026-07-22 08:31:07.98657+00,2019-01-01 00:00:00+00,68,95,17,100,50,{},"{""state"": ""KS"", ""county"": "" "", ""OBJECTID"": 1883, ""latitude"": 37.3659, ""longitude"": -97.3225, ""mile_post"": "" "", ""municipality"": "" "", ""state_number"": ""20"", ""highway_route"": ""I-35 NB & SB"", ""nhs_rest_stop"": ""EZ GO NB and SB"", ""number_of_spots"": 55}",2026-08-11 21:11:13+00,chain_sites,94,open,100,80,100,{chain_confirmed:Love's}
1884,public_rest_area,Towanda Service Area EB WB,KS,65,POINT(-96.9815000002887 37.7662000003201),ntad_parking,18,2026-07-22 08:31:07.98657+00,2019-01-01 00:00:00+00,68,95,17,100,50,{},"{""state"": ""KS"", ""county"": "" "", ""OBJECTID"": 1884, ""latitude"": 37.7662, ""longitude"": -96.9815, ""mile_post"": "" "", ""municipality"": "" "", ""state_number"": ""20"", ""highway_route"": ""I-35 NB & SB"", ""nhs_rest_stop"": ""Towanda Service Area EB WB"", ""number_of_spots"": 65}",2026-08-11 21:11:13+00,chain_sites,94,open,100,80,100,{chain_confirmed:Love's}
1885,public_rest_area,Emporia Service Area,KS,17,POINT(-96.1848570003249 38.4710090002678),ntad_parking,18,2026-07-22 08:31:07.98657+00,2019-01-01 00:00:00+00,68,95,17,100,50,{},"{""state"": ""KS"", ""county"": "" "", ""OBJECTID"": 1885, ""latitude"": 38.471009, ""longitude"": -96.184857, ""mile_post"": "" "", ""municipality"": "" "", ""state_number"": ""20"", ""highway_route"": ""I-35 NB & SB"", ""nhs_rest_stop"": ""Emporia Service Area"", ""number_of_spots"": 17}",2019-01-01 00:00:00+00,ntad_parking,44,unknown,59,50,0,{}
1886,public_rest_area,Topeka Service Area,KS,61,POINT(-95.5090639998008 39.0195349998115),ntad_parking,18,2026-07-22 08:31:07.98657+00,2019-01-01 00:00:00+00,68,95,17,100,50,{},"{""state"": ""KS"", ""county"": "" "", ""OBJECTID"": 1886, ""latitude"": 39.019535, ""longitude"": -95.509064, ""mile_post"": "" "", ""municipality"": "" "", ""state_number"": ""20"", ""highway_route"": ""I-70 EB & WB"", ""nhs_rest_stop"": ""Topeka Service Area"", ""number_of_spots"": 61}",2026-08-11 21:11:13+00,chain_sites,94,open,100,80,100,{chain_confirmed:Love's}
1887,public_rest_area,Lawrence Service Area,KS,80,POINT(-95.136081999936 39.0196590001045),ntad_parking,18,2026-07-22 08:31:07.98657+00,2019-01-01 00:00:00+00,68,95,17,100,50,{},"{""state"": ""KS"", ""county"": "" "", ""OBJECTID"": 1887, ""latitude"": 39.019659, ""longitude"": -95.136082, ""mile_post"": "" "", ""municipality"": "" "", ""state_number"": ""20"", ""highway_route"": ""I-70 EB & WB"", ""nhs_rest_stop"": ""Lawrence Service Area"", ""number_of_spots"": 80}",2026-08-11 21:11:13+00,chain_sites,94,open,100,80,100,{chain_confirmed:Love's}
1888,public_rest_area,Truck parking Rest Area,IN,119,POINT(-86.9249489998987 41.5874720000644),ntad_parking,18,2026-07-22 08:31:07.98657+00,2019-01-01 00:00:00+00,68,95,17,100,50,{},"{""state"": ""IN"", ""county"": "" "", ""OBJECTID"": 1888, ""latitude"": 41.587472, ""longitude"": -86.924949, ""mile_post"": "" "", ""municipality"": "" "", ""state_number"": ""18"", ""highway_route"": ""I-90WB"", ""nhs_rest_stop"": ""Truck parking Rest Area"", ""number_of_spots"": 119}",2019-01-01 00:00:00+00,ntad_parking,44,unknown,59,50,0,{}
1889,public_rest_area,Truck parking Rest Area,IN,174,POINT(-86.9259199996691 41.585402000299),ntad_parking,18,2026-07-22 08:31:07.98657+00,2019-01-01 00:00:00+00,68,95,17,100,50,{},"{""state"": ""IN"", ""county"": "" "", ""OBJECTID"": 1889, ""latitude"": 41.585402, ""longitude"": -86.92592, ""mile_post"": "" "", ""municipality"": "" "", ""state_number"": ""18"", ""highway_route"": ""I-90EB"", ""nhs_rest_stop"": ""Truck parking Rest Area"", ""number_of_spots"": 174}",2019-01-01 00:00:00+00,ntad_parking,44,unknown,59,50,0,{}
189,public_rest_area,CT Service Plaza- Branford SB,CT,10,POINT(-72.8336630002795 41.286716000158),ntad_parking,18,2026-07-22 08:31:07.98657+00,2019-01-01 00:00:00+00,68,95,17,100,50,{},"{""state"": ""CT"", ""county"": ""New Haven"", ""OBJECTID"": 189, ""latitude"": 41.286716, ""longitude"": -72.833663, ""mile_post"": ""54"", ""municipality"": ""Branford"", ""state_number"": ""09"", ""highway_route"": ""I-95S"", ""nhs_rest_stop"": ""CT Service Plaza- Branford SB"", ""number_of_spots"": 10}",2019-01-01 00:00:00+00,ntad_parking,44,unknown,59,50,0,{}
1890,public_rest_area,Truck parking Rest Area,IN,128,POINT(-85.6657809997477 41.747700000152),ntad_parking,18,2026-07-22 08:31:07.98657+00,2019-01-01 00:00:00+00,68,95,17,100,50,{},"{""state"": ""IN"", ""county"": "" "", ""OBJECTID"": 1890, ""latitude"": 41.7477, ""longitude"": -85.665781, ""mile_post"": "" "", ""municipality"": "" "", ""state_number"": ""18"", ""highway_route"": ""I-90EB"", ""nhs_rest_stop"": ""Truck parking Rest Area"", ""number_of_spots"": 128}",2019-01-01 00:00:00+00,ntad_parking,44,unknown,59,50,0,{}
1891,public_rest_area,Truck parking Rest Area,IN,104,POINT(-85.6667139998832 41.7497969999593),ntad_parking,18,2026-07-22 08:31:07.98657+00,2019-01-01 00:00:00+00,68,95,17,100,50,{},"{""state"": ""IN"", ""county"": "" "", ""OBJECTID"": 1891, ""latitude"": 41.749797, ""longitude"": -85.666714, ""mile_post"": "" "", ""municipality"": "" "", ""state_number"": ""18"", ""highway_route"": ""I-90WB"", ""nhs_rest_stop"": ""Truck parking Rest Area"", ""number_of_spots"": 104}",2019-01-01 00:00:00+00,ntad_parking,44,unknown,59,50,0,{}
1892,truck_stop,Ernie Pyle Travel Plaza,IN,45,POINT(-85.3284540003839 41.7467689999021),ntad_parking,18,2026-07-22 08:31:07.98657+00,2019-01-01 00:00:00+00,68,95,17,100,50,{},"{""state"": ""IN"", ""county"": "" "", ""OBJECTID"": 1892, ""latitude"": 41.746769, ""longitude"": -85.328454, ""mile_post"": "" "", ""municipality"": "" "", ""state_number"": ""18"", ""highway_route"": ""I-90WB"", ""nhs_rest_stop"": ""Ernie Pyle Travel Plaza"", ""number_of_spots"": 45}",2019-01-01 00:00:00+00,ntad_parking,32,unknown,35,50,0,{}
1893,public_rest_area,WS I-55 SB Williamsville,IL,9,POINT(-89.5723999997178 39.9296800000611),ntad_parking,18,2026-07-22 08:31:07.98657+00,2019-01-01 00:00:00+00,68,95,17,100,50,{},"{""state"": ""IL"", ""county"": ""NA"", ""OBJECTID"": 1893, ""latitude"": 39.92968, ""longitude"": -89.5724, ""mile_post"": ""NA"", ""municipality"": ""Williamsville"", ""state_number"": ""17"", ""highway_route"": ""I-55"", ""nhs_rest_stop"": ""WS I-55 SB Williamsville"", ""number_of_spots"": 9}",2019-01-01 00:00:00+00,ntad_parking,44,unknown,59,50,0,{}
1894,public_rest_area,WS I-57 NB Marion,IL,12,POINT(-88.9786000000146 37.6382099998812),ntad_parking,18,2026-07-22 08:31:07.98657+00,2019-01-01 00:00:00+00,68,95,17,100,50,{},"{""state"": ""IL"", ""county"": ""NA"", ""OBJECTID"": 1894, ""latitude"": 37.63821, ""longitude"": -88.9786, ""mile_post"": ""NA"", ""municipality"": ""Marion"", ""state_number"": ""17"", ""highway_route"": ""I-57"", ""nhs_rest_stop"": ""WS I-57 NB Marion"", ""number_of_spots"": 12}",2019-01-01 00:00:00+00,ntad_parking,44,unknown,59,50,0,{}
1895,public_rest_area,WS I-57 NB Peotone,IL,9,POINT(-87.8033000002781 41.3613499999653),ntad_parking,18,2026-07-22 08:31:07.98657+00,2019-01-01 00:00:00+00,68,95,17,100,50,{},"{""state"": ""IL"", ""county"": ""NA"", ""OBJECTID"": 1895, ""latitude"": 41.36135, ""longitude"": -87.8033, ""mile_post"": ""NA"", ""municipality"": ""Peotone"", ""state_number"": ""17"", ""highway_route"": ""I-57"", ""nhs_rest_stop"": ""WS I-57 NB Peotone"", ""number_of_spots"": 9}",2019-01-01 00:00:00+00,ntad_parking,44,unknown,59,50,0,{}
1896,public_rest_area,WS I-57 SB Peotone,IL,7,POINT(-87.799899999997 41.3657400000072),ntad_parking,18,2026-07-22 08:31:07.98657+00,2019-01-01 00:00:00+00,68,95,17,100,50,{},"{""state"": ""IL"", ""county"": ""NA"", ""OBJECTID"": 1896, ""latitude"": 41.36574, ""longitude"": -87.7999, ""mile_post"": ""NA"", ""municipality"": ""Peotone"", ""state_number"": ""17"", ""highway_route"": ""I-57"", ""nhs_rest_stop"": ""WS I-57 SB Peotone"", ""number_of_spots"": 7}",2019-01-01 00:00:00+00,ntad_parking,44,unknown,59,50,0,{}
1897,public_rest_area,WS I-57 South Marion,IL,12,POINT(-88.9786999995737 37.6418400001525),ntad_parking,18,2026-07-22 08:31:07.98657+00,2019-01-01 00:00:00+00,68,95,17,100,50,{},"{""state"": ""IL"", ""county"": ""NA"", ""OBJECTID"": 1897, ""latitude"": 37.64184, ""longitude"": -88.9787, ""mile_post"": ""NA"", ""municipality"": ""Marion"", ""state_number"": ""17"", ""highway_route"": ""I-57"", ""nhs_rest_stop"": ""WS I-57 South Marion"", ""number_of_spots"": 12}",2019-01-01 00:00:00+00,ntad_parking,44,unknown,59,50,0,{}
1898,public_rest_area,WS I-64 EB O'Fallon,IL,9,POINT(-89.8999000003035 38.5747600003192),ntad_parking,18,2026-07-22 08:31:07.98657+00,2019-01-01 00:00:00+00,68,95,17,100,50,{},"{""state"": ""IL"", ""county"": ""NA"", ""OBJECTID"": 1898, ""latitude"": 38.57476, ""longitude"": -89.8999, ""mile_post"": ""NA"", ""municipality"": ""O'Fallon"", ""state_number"": ""17"", ""highway_route"": ""I-64"", ""nhs_rest_stop"": ""WS I-64 EB O'Fallon"", ""number_of_spots"": 9}",2019-01-01 00:00:00+00,ntad_parking,44,unknown,59,50,0,{}
1899,public_rest_area,WS I-70 EB Brownstown,IL,10,POINT(-88.9358999996272 38.9883600001577),ntad_parking,18,2026-07-22 08:31:07.98657+00,2019-01-01 00:00:00+00,68,95,17,100,50,{},"{""state"": ""IL"", ""county"": ""NA"", ""OBJECTID"": 1899, ""latitude"": 38.98836, ""longitude"": -88.9359, ""mile_post"": ""NA"", ""municipality"": ""Brownstown"", ""state_number"": ""17"", ""highway_route"": ""I-70"", ""nhs_rest_stop"": ""WS I-70 EB Brownstown"", ""number_of_spots"": 10}",2019-01-01 00:00:00+00,ntad_parking,44,unknown,59,50,0,{}
