place_id,name,brand,category,confidence,datasets,address,city,state,zip,phone,website,email,socials,operating_status,lat,lon,geom
000017f7-93a8-4777-bd5d-cd5e35001025,Phillips 66,Phillips 66 Gas,gas_station,0.7519882321357727,"{meta,Overture,Overture-signals,Overture-signals,Overture-signals}",72922 Baker Blvd,Baker,CA,92309,+17607331048,http://www.phillips66gas.com/,,{https://www.facebook.com/1625283031088077},open,35.277379291406575,-116.0571064164153,POINT(-116.0571064164153 35.277379291406575)
00003033-a8cf-4451-84e0-505e8543ff80,Shell,Shell,gas_station,0.9199122190475464,"{meta,Overture,Overture-signals,Overture-signals,Overture-signals,Overture-signals,Overture-signals,Overture-signals,Overture-signals,Overture-signals,Overture-signals,Overture-signals}",601 Edgemoor Rd,Powell,TN,37849-7146,+18659452333,https://find.shell.com/us/fuel/10015392-601-edgemoor-rd,shellcustomercare@shell.com,{https://www.facebook.com/118184682146286},open,36.03584269,-84.12984859,POINT(-84.12984859 36.03584269)
0000e81c-13af-4877-b025-9f3ce56ff6df,Exxon,,gas_station,0.9199122190475464,"{Foursquare,Overture,Overture-signals,Overture-signals,Overture-signals,Overture-signals,Overture-signals,Overture-signals,Overture-signals,Overture-signals,Overture-signals,Overture-signals}",17 Lane St,Yemassee,SC,29945,(843) 589-2016,http://exxon.com,,,open,32.70693407664301,-80.87196845063445,POINT(-80.87196845063445 32.70693407664301)
00030818-7b9a-458c-9128-dadde2e542c6,BP,,gas_station,0.85,"{Microsoft,Overture}",2170 Dale Earnhardt Blvd,Kannapolis,NC,28083,7049333335,http://mybpstation.com/,,,,35.472497,-80.596528,POINT(-80.596528 35.472497)
0003bb51-477e-438e-9989-247d0402c1cc,Sinclair Gas Station,,gas_station,0.9199122190475464,"{Microsoft,Overture,Overture-signals,Overture-signals,Overture-signals,Overture-signals,Overture-signals,Overture-signals,Overture-signals,Overture-signals,Overture-signals,Overture-signals}",1801 East Avenue West,Wisner,NE,68791,4025293562,https://www.sinclairoil.com/,,,open,41.991619915924254,-96.92313562756061,POINT(-96.92313562756061 41.991619915924254)
0004ad1d-4272-43ba-b620-280d0e4b9a0f,Marathon Gas,,gas_station,0.9199122190475464,"{Microsoft,Overture,Overture-signals,Overture-signals,Overture-signals,Overture-signals,Overture-signals,Overture-signals,Overture-signals,Overture-signals,Overture-signals,Overture-signals}",17503 W Colonial Dr,Oakland,FL,34787,4076549721,http://mymarathonstation.com/StoreHome/128322,,,open,28.5460522,-81.6505769,POINT(-81.6505769 28.5460522)
0006104d-d4b3-4edf-9e49-ae1c7cddd0df,Marathon Gas,,gas_station,0.9199122190475464,"{Microsoft,Overture,Overture-signals,Overture-signals,Overture-signals,Overture-signals,Overture-signals,Overture-signals,Overture-signals,Overture-signals,Overture-signals,Overture-signals}",2119 E Morgan Ave,Evansville,IN,47711,8124379799,http://mymarathonstation.com/StoreHome/119669,,,open,37.9916435,-87.5260674,POINT(-87.5260674 37.9916435)
00066473-3d40-4707-90e3-0d39a93544ce,Exxon,,gas_station,0.85,"{Microsoft,Overture}",402 E. Columbia Ave,Leesville,SC,29070,8035323255,https://www.exxon.com/en/find-station/exxon-leesville-sc-mrb2-200329078?utm_medium=referral&utm_source=yxt-bing&utm_campaign=us_fue_ret_xom_yxt,,,,33.91602327392273,-81.51273018125384,POINT(-81.51273018125384 33.91602327392273)
00066b3d-a7c8-44a9-b804-9a51e1d1c462,CAT Scale,,truck_gas_station,0.85,"{Microsoft,Overture}",12681 Chestnut Blvd,Shakopee,MN,55379,9524452926,http://catscale.com/?utm_medium=yext&utm_source=bing,,,,44.76721529739662,-93.57815146641211,POINT(-93.57815146641211 44.76721529739662)
00069305-0ef0-40dc-8c72-ce5163862029,Shell,Shell,gas_station,0.9199122190475464,"{meta,Overture,Overture-signals,Overture-signals,Overture-signals,Overture-signals,Overture-signals,Overture-signals,Overture-signals,Overture-signals,Overture-signals,Overture-signals}",700 Oriole Dr,Peotone,IL,60468-8988,+17082582370,https://find.shell.com/us/fuel/10011170-700-oriole-drive,,{https://www.facebook.com/1406453329446946},open,41.32415726,-87.81643563,POINT(-87.81643563 41.32415726)
0006cc0b-3078-47f0-9df4-e37cc52c9f5e,Shell,Shell,gas_station,0.9902192950248718,"{meta,Overture,Overture-signals,Overture-signals,Overture-signals,Overture-signals,Overture-signals,Overture-signals,Overture-signals,Overture-signals,Overture-signals,Overture-signals}",5210 Manor Rd,Austin,TX,78723-4610,+15129276113,https://find.shell.com/us/fuel/10001116-5210-manor-rd,shellcustomercare@shell.com,{https://www.facebook.com/1535508143136194},open,30.29984823,-97.6861873,POINT(-97.6861873 30.29984823)
00086278-14f8-40b3-a275-6964dbf9a909,Marathon,,gas_station,0.77,"{Foursquare,Overture}",17 Carlsbad Cavern Highway,Whites City,NM,88268,(505) 884-2040,http://www.marathon.com,,,,32.17505837637556,-104.37638618369009,POINT(-104.37638618369009 32.17505837637556)
0009151d-3c64-4c40-b38b-1e8211057679,Rich Fountain Oil Company,,gas_station,0.902978241443634,"{meta,Overture}",1722 Highway E,Freeburg,MO,65035-2345,+15733552880,,mjw5h7@mst.edu,{https://www.facebook.com/103259391107943},,38.394214,-91.884073,POINT(-91.884073 38.394214)
000953cd-b5f4-496f-8382-12184221ad6c,Texaco,Texaco with Techron,gas_station,0.9807644486427307,"{meta,Overture}",2349 S Kihei Rd,Kihei,HI,96753-7202,+18088796305,https://www.texaco.com/,,{https://www.facebook.com/341214083462530},,20.72155156,-156.4471886,POINT(-156.4471886 20.72155156)
000957f6-9bfa-461d-afa7-c05f18e9eb94,Exxon,,gas_station,0.9902192950248718,"{Microsoft,Overture,Overture-signals,Overture-signals,Overture-signals,Overture-signals,Overture-signals,Overture-signals,Overture-signals,Overture-signals,Overture-signals,Overture-signals}",17830 Clay Rd,Houston,TX,77084,"",https://www.exxon.com/en/find-station/exxon-houston-tx-pineforestmart-200328971?utm_medium=referral&utm_source=yxt-bing&utm_campaign=us_fue_ret_xom_yxt,,,open,29.8311406,-95.6723606,POINT(-95.6723606 29.8311406)
00097e38-c2f8-45a4-ad96-54f9427b409c,Exxon,,gas_station,0.9199122190475464,"{Foursquare,Overture,Overture-signals,Overture-signals,Overture-signals,Overture-signals,Overture-signals,Overture-signals,Overture-signals,Overture-signals,Overture-signals,Overture-signals}",4372 Coal Heritage Rd,Bluefield,WV,24701,(304) 589-6940,http://www.exxon.com,,,open,37.315504887240145,-81.26330692368937,POINT(-81.26330692368937 37.315504887240145)
000b163d-221a-431f-8a8f-bcba7854bd78,Shell,,gas_station,0.9199122190475464,"{Foursquare,Overture,Overture-signals,Overture-signals,Overture-signals,Overture-signals,Overture-signals,Overture-signals,Overture-signals,Overture-signals,Overture-signals,Overture-signals}",6886 Poplar Tent Rd,Concord,NC,28027,(704) 786-1570,http://www.shell.us/ontheroad,,{https://www.twitter.com/Shell_US},open,35.40148640373569,-80.69537270894565,POINT(-80.69537270894565 35.40148640373569)
000b5698-7cd6-48d7-96d8-9b35e4e841ec,Mobil,Exxon & Mobil Stations,gas_station,0.9199122190475464,"{meta,Overture,Overture-signals,Overture-signals,Overture-signals,Overture-signals,Overture-signals,Overture-signals,Overture-signals,Overture-signals,Overture-signals,Overture-signals}",2521 S Huron Rd,Kawkawlin,MI,48631-9413,+19896675772,https://www.exxon.com/en/find-station/200311363,,{https://www.facebook.com/134192090258218},open,43.66710342,-83.95101486,POINT(-83.95101486 43.66710342)
000be5d4-4c4e-48de-a0df-efe4ec5b9046,76,,gas_station,0.9199122190475464,"{Foursquare,Overture,Overture-signals,Overture-signals,Overture-signals,Overture-signals,Overture-signals,Overture-signals,Overture-signals,Overture-signals,Overture-signals,Overture-signals}",171 Carleton Ave,East Islip,NY,11730,(631) 758-3258,http://www.76.com,,"{https://www.twitter.com/76,https://www.facebook.com/267989096666186}",open,40.73889885241326,-73.19168435486311,POINT(-73.19168435486311 40.73889885241326)
000bf628-401e-49c0-9b64-841a08f166e3,Shell,,gas_station,0.9199122190475464,"{Microsoft,Overture,Overture-signals,Overture-signals,Overture-signals,Overture-signals,Overture-signals,Overture-signals,Overture-signals,Overture-signals,Overture-signals,Overture-signals}",650 S Alexander Ave,Port Allen,LA,70767,2253837721,https://find.shell.com/us/fuel/10000995-650-s-alexander-ave,,,open,30.44767452,-91.20977684,POINT(-91.20977684 30.44767452)
000c7712-8fd1-4a21-b88a-34ec65998f08,Conoco,,gas_station,1,"{DAC,Overture}",22693 US 83,Paint Rock,TX,76866,+13257322042,https://www.conoco.com/,,"{https://www.facebook.com/conoco/,https://www.instagram.com/conoco/,https://www.twitter.com/Conoco,https://www.youtube.com/@Phillips66Co}",,31.558724,-99.921134,POINT(-99.921134 31.558724)
000ca88b-b54a-43dd-824e-6844ca011e93,Chevron,,gas_station,0.9199122190475464,"{Foursquare,Overture,Overture-signals,Overture-signals,Overture-signals,Overture-signals,Overture-signals,Overture-signals,Overture-signals,Overture-signals,Overture-signals,Overture-signals}",900 Mansfield Webb Rd,Arlington,TX,76002,(254) 799-8788,http://www.chevron.com/,,"{https://www.twitter.com/chevron,https://www.facebook.com/346080822168744,https://www.instagram.com/chevron}",open,32.622910653424725,-97.09801390575228,POINT(-97.09801390575228 32.622910653424725)
000d3f50-e9a7-49bc-ae96-e438df95a167,Phillips 66,,gas_station,0.9199122190475464,"{Foursquare,Overture,Overture-signals,Overture-signals,Overture-signals,Overture-signals,Overture-signals,Overture-signals,Overture-signals,Overture-signals,Overture-signals,Overture-signals}",2350 Lazelle St,Sturgis,SD,57785,(605) 347-8123,https://www.phillips66gas.com,,,open,44.41861060640756,-103.52890915150704,POINT(-103.52890915150704 44.41861060640756)
000e5b1d-9522-42c4-8592-a52f83e14cdd,Petro Stopping Center,,gas_station,0.9808588624000549,"{meta,Overture,Overture-signals,Overture-signals,Overture-signals,Overture-signals,Overture-signals,Overture-signals,Overture-signals}",3001 TV Rd,Florence,SC,29501-0711,+18436610730,http://www.petrotruckstops.com/,,{https://www.facebook.com/145482222140798},open,34.266555601329,-79.732267698455,POINT(-79.732267698455 34.266555601329)
000ea2d3-339f-41b0-b58a-91767ed1eec2,Sinclair Gas Station,Sinclair Oil,gas_station,0.9199122190475464,"{meta,Overture,Overture-signals,Overture-signals,Overture-signals,Overture-signals,Overture-signals,Overture-signals,Overture-signals,Overture-signals,Overture-signals,Overture-signals}",101 Smelter Ave NE,Great Falls,MT,59404-1925,+14086242912,http://www.gasstationingreatfallsmt.com/,,{https://www.facebook.com/874411825958784},open,47.52468228,-111.31003465,POINT(-111.31003465 47.52468228)
000ec19f-6415-419e-80d0-e9f7031782f8,Mobil,Exxon & Mobil Stations,gas_station,0.9902192950248718,"{meta,Overture,Overture-signals,Overture-signals,Overture-signals,Overture-signals,Overture-signals,Overture-signals,Overture-signals,Overture-signals,Overture-signals,Overture-signals}",5326 Jefferson Davis Hwy,Fredericksburg,VA,22408-2608,+15408914478,https://www.exxon.com/en,,{https://www.facebook.com/2638493263044144},open,38.24413332,-77.4983868,POINT(-77.4983868 38.24413332)
000f255e-89bf-44cd-acb5-74ddf9e97b8c,Speedway,,gas_station,0.9199122190475464,"{Foursquare,Overture,Overture-signals,Overture-signals,Overture-signals,Overture-signals,Overture-signals,Overture-signals,Overture-signals,Overture-signals,Overture-signals,Overture-signals}",5201 W 111th St,Alsip,IL,60803,(708) 422-7403,http://www.speedway.com,,{https://www.twitter.com/speedway},open,41.690535480689505,-87.74991967805917,POINT(-87.74991967805917 41.690535480689505)
0010052e-e9cc-45f7-860b-d754f668afa9,Sunoco Gas Station,,gas_station,0.9199122190475464,"{Microsoft,Overture,Overture-signals,Overture-signals,Overture-signals,Overture-signals,Overture-signals,Overture-signals,Overture-signals,Overture-signals,Overture-signals,Overture-signals}",106 N Mecca St,Cortland,OH,44410,3306377911,https://www.sunoco.com/find-a-station,,,open,41.3302612304688,-80.7310333251953,POINT(-80.7310333251953 41.3302612304688)
001015b9-fa61-478a-8a89-86ec97e8e157,Campbell Food Store,Valero,gas_station,0.9199122190475464,"{AllThePlaces,Overture,Overture-signals,Overture-signals,Overture-signals,Overture-signals,Overture-signals,Overture-signals,Overture-signals,Overture-signals,Overture-signals,Overture-signals}",2501 Elon Rd,Monroe,VA,24574,,https://locations.valero.com/en-us/LocationDetails/Index/2501-ELON-RD/0000029032,,,open,37.5183,-79.1956,POINT(-79.1956 37.5183)
0010aa51-cb25-4bdc-923c-764faff19e34,University Station,,gas_station,0.9199122190475464,"{Foursquare,Overture,Overture-signals,Overture-signals,Overture-signals,Overture-signals,Overture-signals,Overture-signals,Overture-signals,Overture-signals,Overture-signals,Overture-signals}",1300 Ralph Engelstad Arena Dr,Grand Forks,ND,58203,(701) 738-8380,http://www.universitystation.net,pizza@universitystation.net,{https://www.facebook.com/220529154682264},open,47.93195526219477,-97.06984613096833,POINT(-97.06984613096833 47.93195526219477)
00123712-fc03-4c2b-a090-d03144de42c8,7-Eleven,,gas_station,1,"{DAC,Overture}",7100 Little River Tpk,Annandale,VA,22003,+17032563459,https://www.7-eleven.com/,,"{https://www.facebook.com/7Eleven,https://www.instagram.com/7eleven/,https://www.7now.com/,https://www.tiktok.com/@7eleven,https://twitter.com/7eleven,https://www.youtube.com/user/7ElevenInc}",,38.83,-77.1905,POINT(-77.1905 38.83)
0012a556-882b-4c2d-a76c-f222ae2cb127,Phillips 66,,gas_station,0.9199122190475464,"{Foursquare,Overture,Overture-signals,Overture-signals,Overture-signals,Overture-signals,Overture-signals,Overture-signals,Overture-signals,Overture-signals,Overture-signals,Overture-signals}",4 Meade Ct,Fox Lake,IL,60020,(847) 587-0090,https://www.phillips66gas.com,,,open,42.39829175650359,-88.18433020175627,POINT(-88.18433020175627 42.39829175650359)
00146542-ca5e-4555-843e-c139be3b8647,Speedway,,gas_station,0.85,"{Microsoft,Overture}",4640 Chestnut St,Philadelphia,PA,19139,2154763769,https://www.speedway.com/locations/PA/Philadelphia/4640-CHESTNUT-STREET,,,,39.95700322,-75.21444767,POINT(-75.21444767 39.95700322)
0014cbab-8b62-4e19-90fc-c52a3ec4b80a,BP,,gas_station,0.9199122190475464,"{Microsoft,Overture,Overture-signals,Overture-signals,Overture-signals,Overture-signals,Overture-signals,Overture-signals,Overture-signals,Overture-signals,Overture-signals,Overture-signals}",2259 W Tennessee St,Tallahassee,FL,32304,8505752574,http://mybpstation.com/,,,open,30.4457924,-84.3230902,POINT(-84.3230902 30.4457924)
00153945-9b6d-4590-adde-34ff4aadf962,Phillips 66,Phillips 66 Gas,gas_station,0.5456411242485046,"{meta,Overture}",,Ontario,CA,,+19099233111,http://www.phillips66.com/,,{https://www.facebook.com/180382008959718},,34.028636,-117.592498,POINT(-117.592498 34.028636)
0015a494-7828-4cf2-8bbd-744d22ac3dd3,Love's Travel Stops and Country Stores,Love,gas_station,0.9722161889076233,"{meta,Overture,Overture-signals,Overture-signals,Overture-signals,Overture-signals,Overture-signals}",3191 Capac Rd,Mussey Twp,MI,48014-4315,+18103959690,https://www.loves.com/locations/701,store701@loves.com,{https://www.facebook.com/163127387859007},open,42.98959324571797,-82.93047801685897,POINT(-82.93047801685897 42.98959324571797)
0015edd7-33b8-4545-ae67-897cc64a0b66,Shell,,gas_station,0.9199122190475464,"{Microsoft,Overture,Overture-signals,Overture-signals,Overture-signals,Overture-signals,Overture-signals,Overture-signals,Overture-signals,Overture-signals,Overture-signals,Overture-signals}",4050 River Pointe Pl,High Point,NC,27265,3368417679,https://find.shell.com/us/fuel/10066308-4050-river-pointe-pl,,,open,36.03294166,-79.96701078,POINT(-79.96701078 36.03294166)
0016a42a-ea7a-40be-8e62-1c2a80afb5b3,Shell,Shell,gas_station,0.9199122190475464,"{meta,Overture,Overture-signals,Overture-signals,Overture-signals,Overture-signals,Overture-signals,Overture-signals,Overture-signals,Overture-signals,Overture-signals,Overture-signals}",46155 Dillon Rd,Coachella,CA,92236-2029,+17603426200,https://find.shell.com/us/fuel/10083370-46155-dillon-rd,shellcustomercare@shell.com,{https://www.facebook.com/334340803670734},open,33.71363864,-116.17511868,POINT(-116.17511868 33.71363864)
00171c35-e46c-4066-9088-89993202a822,Chevron,Chevron,gas_station,0.9902192950248718,"{meta,Overture,Overture-signals,Overture-signals,Overture-signals,Overture-signals,Overture-signals,Overture-signals,Overture-signals,Overture-signals,Overture-signals,Overture-signals}",15901 SE 82nd Dr,Clackamas,OR,97015-9502,+15036562397,http://www.chevron.com/,,{https://www.facebook.com/161656393863095},open,45.4080177,-122.56912329,POINT(-122.56912329 45.4080177)
001850e6-56b6-4c7b-942c-64914df1e325,BP,,gas_station,0.9931,"{Microsoft,Overture}",2546 Mount Moriah Road,Memphis,TN,38115,9016728242,https://www.bp.com/en_us/bp-us.html,,,,35.07966413,-89.88650318,POINT(-89.88650318 35.07966413)
0018a3d3-1f75-4e09-bd7d-1b7dcff7a93f,Valero,,gas_station,0.9793171882629395,"{meta,Overture}",8500 Interstate Dr E,Amarillo,TX,79118-6964,+18063354899,https://locations.valero.com/en-us/LocationDetails/Index/8507-I-40/0000029133,,{https://www.facebook.com/227354731300433},,35.19204907,-101.74321435,POINT(-101.74321435 35.19204907)
0018ec38-de88-4689-b5a5-b1f03e1f0aac,Filler Up Inc,Fastrac,gas_station,0.7249448895454407,"{meta,Overture}",650 W First St,Belzoni,MS,39038-3306,+16622470036,https://filler-up-inc.hub.biz,,{https://www.facebook.com/126771707378769},,33.18397347,-90.49549763,POINT(-90.49549763 33.18397347)
0019450f-1176-4488-bdfb-6846f13bd0c0,Loaf N Jug,,gas_station,0.77,"{Foursquare,Overture}",1515 S Florida,Lakewood,CO,80226,,http://www.loafnjug.com,,,,39.689976,-105.11787,POINT(-105.11787 39.689976)
0019acf9-29d8-4fea-8013-87d157a87fe4,Marathon Gas,,gas_station,0.9902192950248718,"{Microsoft,Overture,Overture-signals,Overture-signals,Overture-signals,Overture-signals,Overture-signals,Overture-signals,Overture-signals,Overture-signals,Overture-signals,Overture-signals}",2455 Compton Rd,Cincinnati,OH,45231,5132257239,http://mymarathonstation.com/StoreHome/105528,,,open,39.2339094,-84.5694065,POINT(-84.5694065 39.2339094)
0019e23a-19b7-495a-a419-91c3e05299b2,Shell,,gas_station,0.9931,"{Microsoft,Overture}",1316 S Acadian Thruway,Baton Rouge,LA,70806,2259527900,https://find.shell.com/us/fuel/12780033-1316-s-acadian-thruway/en_US,,,,30.43684679,-91.15326437,POINT(-91.15326437 30.43684679)
001a19cf-6716-40d5-9557-1fb51f488811,ARCO,ARCO,gas_station,0.9199122190475464,"{meta,Overture,Overture-signals,Overture-signals,Overture-signals,Overture-signals,Overture-signals,Overture-signals,Overture-signals,Overture-signals,Overture-signals,Overture-signals}",1720 State St,Salem,OR,97301-4341,+15035891750,https://www.arco.com/en-us/northwest/,rrfrazeur@wbcable.net,{https://www.facebook.com/133567176787661},open,44.93494754,-123.01994927,POINT(-123.01994927 44.93494754)
001a9fad-c624-4fdd-9861-3e0d56244208,Conoco,,gas_station,0.9199122190475464,"{DAC,Overture,Overture-signals,Overture-signals,Overture-signals,Overture-signals,Overture-signals,Overture-signals,Overture-signals,Overture-signals,Overture-signals,Overture-signals}",2317 Ralph Ave,Brooklyn,NY,11234,+17182516820,https://www.conoco.com/,,"{https://www.facebook.com/conoco/,https://www.instagram.com/conoco/,https://www.twitter.com/Conoco,https://www.youtube.com/@Phillips66Co}",open,40.621428,-73.917206,POINT(-73.917206 40.621428)
001aa4f0-2ec3-4ea0-8638-a6e90b29b85e,Mobil,,gas_station,0.9199122190475464,"{Microsoft,Overture,Overture-signals,Overture-signals,Overture-signals,Overture-signals,Overture-signals,Overture-signals,Overture-signals,Overture-signals,Overture-signals,Overture-signals}",1275 Route 9,Stoddard,NH,03464,6034467811,https://www.exxon.com/en/find-station/mobil-stoddard-nh-mrmikesmarket317-200304642?utm_medium=referral&utm_source=yxt-bing&utm_campaign=us_fue_ret_xom_yxt,,,open,43.0371778882461,-72.08896973737896,POINT(-72.08896973737896 43.0371778882461)
001b471d-590f-4809-b854-994474ca1083,BP,,gas_station,0.85,"{Microsoft,Overture}",196th St SW 4806,Lynnwood,WA,98036,4253617258,http://www.bp.com/,,,,47.8204956055,-122.2981872559,POINT(-122.2981872559 47.8204956055)
001b9c9d-8840-4ddb-b5ab-b748da71c875,BP,bp,gas_station,0.9199122190475464,"{meta,Overture,Overture-signals,Overture-signals,Overture-signals,Overture-signals,Overture-signals,Overture-signals,Overture-signals,Overture-signals,Overture-signals,Overture-signals}",18403 Convenience Way,Chesterfield,MO,63005-1037,+16365363711,https://map.bp.com/en-US/US/gas-station/chesterfield/bp/59771553054036300500100000000000,bpconsumer@bp.com,{https://www.facebook.com/114258550336759},open,38.67219452,-90.65559313,POINT(-90.65559313 38.67219452)
001c00c0-7fbf-49c3-b689-795a66163841,Sunoco,Sunoco,gas_station,0.9999291707277298,"{meta,Overture}",9308 Gunston Cove Rd,Lorton,VA,22079-2738,+17036431439,http://www.sunoco.com,customerfirst@sunocoinc.com,{https://www.facebook.com/183925655025805},,38.70433547,-77.22236509,POINT(-77.22236509 38.70433547)
001c2f3c-c886-44e4-90a6-d19bdd6f3a42,Fast Way,,gas_station,0.9199122190475464,"{meta,Overture,Overture-signals,Overture-signals,Overture-signals,Overture-signals,Overture-signals,Overture-signals,Overture-signals,Overture-signals,Overture-signals,Overture-signals}",1512 N State Line Ave,Texarkana,AR,71854-4268,+18707735330,http://shell.com,,{https://www.facebook.com/107545625969802},open,33.4380101,-94.04284806,POINT(-94.04284806 33.4380101)
001c3cf1-1700-4f37-a810-9096cf9010b3,Speedway,,gas_station,1,"{DAC,Overture}",201 South Mission Street,Mount Pleasant,MI,48858,+19897728995,https://www.speedway.com,,"{https://www.facebook.com/SpeedwayStores,https://www.instagram.com/speedwaystores/,https://www.speedway.com/products/food,https://www.tiktok.com/@speedwaystores,https://twitter.com/Speedway,https://www.youtube.com/user/SpeedwayCStores}",,43.603,-84.7675,POINT(-84.7675 43.603)
001c8b50-31e3-4a87-9255-4295800e4fc5,Smith's Fuel Center,,gas_station,0.9888202829062939,"{Microsoft,Overture}",7763 South Highland Loop Rd.,West Jordan,UT,84081,8015453474,https://www.smithsfoodanddrug.com/d/fuel-points-program?cid=loc_70600274F_bg,,,,40.60997717910806,-112.02779194579877,POINT(-112.02779194579877 40.60997717910806)
001c9689-b882-41d9-97b0-58fb47c29c4a,ARCO,ARCO,gas_station,0.9199122190475464,"{meta,Overture,Overture-signals,Overture-signals,Overture-signals,Overture-signals,Overture-signals,Overture-signals,Overture-signals,Overture-signals,Overture-signals,Overture-signals}",4700 Madison Ave,Sacramento,CA,95841-2517,+19163314146,https://www.arco.com/en-us/northwest/,solutions@ampminc.com,{https://www.facebook.com/254511384651879},open,38.6607969,-121.35475389,POINT(-121.35475389 38.6607969)
001c9ba9-9b63-437e-8570-51b1081f2829,Pepper Head's,,gas_station,0.9499402642250061,"{meta,Overture,Overture-signals,Overture-signals,Overture-signals,Overture-signals,Overture-signals,Overture-signals,Overture-signals,Overture-signals,Overture-signals,Overture-signals}",3936 S Byron Butler Pkwy,Perry,FL,32348-6701,+18505844900,,wareoil@wareoil.com,{https://www.facebook.com/460419200754837},open,30.06850433,-83.55919945,POINT(-83.55919945 30.06850433)
001d0d07-825d-42e4-9680-dc4e29ef68ba,BP,,gas_station,0.9902192950248718,"{Microsoft,Overture,Overture-signals,Overture-signals,Overture-signals,Overture-signals,Overture-signals,Overture-signals,Overture-signals,Overture-signals,Overture-signals,Overture-signals}",1001 Oak St,Kenova,WV,25530,3044533042,https://map.bp.com/en-US/US/gas-station/kenova/bp/25848840280012553000100000000000,,,open,38.399412,-82.571251,POINT(-82.571251 38.399412)
001d81c0-f379-42b8-ae7a-fc3fbd0090b8,Exxon,,gas_station,0.9655,"{Microsoft,Overture}",5251 N. Beach St,Fort Worth,TX,76137,9722618065,https://www.exxon.com/en/find-station/exxon-fortworth-tx-fuelking-200328309?utm_medium=referral&utm_source=yxt-bing&utm_campaign=us_fue_ret_xom_yxt,,,,32.83875497939482,-97.29102335709202,POINT(-97.29102335709202 32.83875497939482)
001d8cf4-704e-4c9c-8763-75befe4c797d,Shell,Shell,gas_station,0.9902192950248718,"{meta,Overture,Overture-signals,Overture-signals,Overture-signals,Overture-signals,Overture-signals,Overture-signals,Overture-signals,Overture-signals,Overture-signals,Overture-signals}",1707 N Forest Park Ave,Baltimore,MD,21207,+14107449228,https://find.shell.com/us/fuel/10009173-1699-n-forest-park-ave,shellcustomercare@shell.com,{https://www.facebook.com/1716961301932713},open,39.2992788,-76.7116248,POINT(-76.7116248 39.2992788)
001dedee-6d3a-41d1-9ae9-2f432b120265,Kanner Hwy.,RaceTrac,gas_station,0.8,"{AllThePlaces,Overture}",6840 S. Kanner Hwy.,Stuart,FL,34997,,https://www.racetrac.com/locations/florida/stuart/kanner-hwy_,,,,27.12,-80.253636,POINT(-80.253636 27.12)
001dfdda-a46c-4403-9be7-a5035dd538f6,Phillips 66,,gas_station,0.85,"{Microsoft,Overture}",2240 N 3rd St,Saint Charles,MO,63301,6369402653,https://www.phillips66gas.com/station/66-ROCKET-4269-0000908225/?utm_source=Bing&utm_medium=local&utm_campaign=bing-local,,,,38.778607,-90.485419,POINT(-90.485419 38.778607)
001e008a-e8ce-4cca-9ae7-dd7d151eb453,Chevron,Chevron,gas_station,0.9902192950248718,"{meta,Overture,Overture-signals,Overture-signals,Overture-signals,Overture-signals,Overture-signals,Overture-signals,Overture-signals,Overture-signals,Overture-signals,Overture-signals}",1112 Hull Rd,Athens,GA,30601-3902,+17705400141,http://www.chevron.com/,,{https://www.facebook.com/166419060701363},open,33.99792436,-83.32493107,POINT(-83.32493107 33.99792436)
001e4ee8-1d7c-4ef8-a9a0-d2a80f0e3c05,Poci Grocery,,gas_station,0.9199122190475464,"{Foursquare,Overture,Overture-signals,Overture-signals,Overture-signals,Overture-signals,Overture-signals,Overture-signals,Overture-signals,Overture-signals,Overture-signals,Overture-signals}",870 Poca Rd,Danielsville,GA,30633,(706) 789-3410,https://poci-grocery.hub.biz,,{https://www.facebook.com/111787482207897},open,34.19986685666012,-83.28422904520238,POINT(-83.28422904520238 34.19986685666012)
001ec9d0-01fa-4fdb-82cb-c97244021968,CAT Scale,,truck_gas_station,0.9199122190475464,"{Microsoft,Overture,Overture-signals,Overture-signals,Overture-signals,Overture-signals,Overture-signals,Overture-signals,Overture-signals,Overture-signals,Overture-signals,Overture-signals}",23425 State Route 12,Watertown,NY,13601,3152217018,http://catscale.com/?utm_medium=yext&utm_source=bing,,,open,44.00203175623339,-75.92179134266662,POINT(-75.92179134266662 44.00203175623339)
001ed409-ef59-4f36-842c-957d8d01977a,Marathon Gas,,gas_station,0.9199122190475464,"{Microsoft,Overture,Overture-signals,Overture-signals,Overture-signals,Overture-signals,Overture-signals,Overture-signals,Overture-signals,Overture-signals,Overture-signals,Overture-signals}",7060 Cumberland Gap Pkwy,Harrogate,TN,37752,4238694657,http://mymarathonstation.com/StoreHome/81794,,,open,36.583314,-83.6568582,POINT(-83.6568582 36.583314)
001f2e91-155b-4696-a2d9-f7781f650353,Exxon & Mobil Stations,Exxon & Mobil Stations,gas_station,0.9199122190475464,"{meta,Overture,Overture-signals,Overture-signals,Overture-signals,Overture-signals,Overture-signals,Overture-signals,Overture-signals,Overture-signals,Overture-signals,Overture-signals}",1010 NE 219th St,Ridgefield,WA,98642-8159,+13609106345,https://www.exxon.com/en,,{https://www.facebook.com/2374944319496012},open,45.7798817,-122.66087206,POINT(-122.66087206 45.7798817)
001f5090-69de-436a-8ef5-7a92879cc1ae,Chevron,Chevron,gas_station,0.9998284185349942,"{meta,Overture}",823 E Battle St,Talladega,AL,35160-2548,+12563629199,https://www.chevronwithtechron.com/en_us/home/find-a-station.html?/station/823-E-BATTLE-ST-TALLADEGA-AL-35160-id356849,,{https://www.facebook.com/134785240247250},,33.43909794,-86.08318839,POINT(-86.08318839 33.43909794)
001fe24a-1048-4c32-a26b-4b49f272732f,Chevron Products County Terminal,,gas_station,0.9199122190475464,"{meta,Overture,Overture-signals,Overture-signals,Overture-signals,Overture-signals,Overture-signals,Overture-signals,Overture-signals,Overture-signals,Overture-signals,Overture-signals}",525 W Beach Dr,Panama City,FL,32401-2313,+18507857426,http://www.chevron.com/,,{https://www.facebook.com/133597130024124},open,30.15785426,-85.66569043,POINT(-85.66569043 30.15785426)
0020009b-c283-44fd-ab54-3a4d1035759c,Shell,Shell,gas_station,0.9902192950248718,"{meta,Overture,Overture-signals,Overture-signals,Overture-signals,Overture-signals,Overture-signals,Overture-signals,Overture-signals,Overture-signals,Overture-signals,Overture-signals}",11911 San Pedro Ave,San Antonio,TX,78216-3210,+12104947914,https://find.shell.com/us/fuel/10000969-11911-us-hwy-281-north,shellcustomercare@shell.com,{https://www.facebook.com/118065782151861},open,29.54944821,-98.48924178,POINT(-98.48924178 29.54944821)
002012a1-065b-4bc9-bbb5-2784d07b6e88,Shell,Shell,gas_station,0.9902192950248718,"{meta,Overture,Overture-signals,Overture-signals,Overture-signals,Overture-signals,Overture-signals,Overture-signals,Overture-signals,Overture-signals,Overture-signals,Overture-signals}",13870 Wellington Trce,Wellington,FL,33414-8553,+15617956116,https://find.shell.com/us/fuel/10008796-13870-wellington-trce,shellcustomercare@shell.com,{https://www.facebook.com/213934109130707},open,26.66150557,-80.26766896,POINT(-80.26766896 26.66150557)
00209336-ece7-4ccf-bae4-d7b22c4885d0,Heaven Enterprises Inc,,gas_station,0.9199122190475464,"{meta,Overture,Overture-signals,Overture-signals,Overture-signals,Overture-signals,Overture-signals,Overture-signals,Overture-signals,Overture-signals,Overture-signals,Overture-signals}",268 Higbie Ln,West Islip,NY,11795-2828,+16315876292,http://gasstop.com/,,{https://www.facebook.com/116606118426404},open,40.70983894,-73.30680973,POINT(-73.30680973 40.70983894)
0020a9c9-09aa-4326-a87d-9656526fa274,Zoom,ZOOM,gas_station,0.9199122190475464,"{meta,Overture,Overture-signals,Overture-signals,Overture-signals,Overture-signals,Overture-signals,Overture-signals,Overture-signals,Overture-signals,Overture-signals,Overture-signals}",14545 Plymouth Rd,Detroit,MI,48227-2744,+13138361815,http://www.zoomparkcity.com,,{https://www.facebook.com/147135398676506},open,42.37266698,-83.18702003,POINT(-83.18702003 42.37266698)
0020cc5b-72aa-451c-a76d-d2f9607bc206,Chevron Station Vero Beach,,gas_station,0.9199122190475464,"{Microsoft,Overture,Overture-signals,Overture-signals,Overture-signals,Overture-signals,Overture-signals,Overture-signals,Overture-signals,Overture-signals,Overture-signals,Overture-signals}",2602 US Highway 1,Vero Beach,FL,32960,7576402144,"",,,open,27.645915,-80.399158,POINT(-80.399158 27.645915)
002106c5-174b-48e4-930f-9c58ebd3b9a0,Murphy Express,,gas_station,0.9655,"{Microsoft,Overture}","AR-367, 1417, Malcolm",Newport,AR,72112,8705232979,http://www.murphyusa.com/,,,,35.60594831,-91.26204548,POINT(-91.26204548 35.60594831)
00218ee4-ea9b-4750-870e-9cd19c54c394,Shell,,gas_station,0.9199122190475464,"{Microsoft,Overture,Overture-signals,Overture-signals,Overture-signals,Overture-signals,Overture-signals,Overture-signals,Overture-signals,Overture-signals,Overture-signals,Overture-signals}",260 Hamilton Ave,Brooklyn,NY,11231,6175999181,https://find.shell.com/us/fuel/12863577-260-hamilton-ave/en_US,,,open,40.67703,-74.00246,POINT(-74.00246 40.67703)
00219f8d-a181-443b-aabf-a128507d54c7,Sunoco,,gas_station,0.9199122190475464,"{Microsoft,Overture,Overture-signals,Overture-signals,Overture-signals,Overture-signals,Overture-signals,Overture-signals,Overture-signals,Overture-signals,Overture-signals,Overture-signals}",2435 N Hills St,Meridian,MS,39305,6014835541,https://www.sunoco.com/locations/store/2435-n-hills-st-meridian-ms-0546195900,,,open,32.409107208252,-88.7026214599609,POINT(-88.7026214599609 32.409107208252)
00220d93-7e5b-4706-bc3f-ce7f3dcc08ec,Murphy USA,Murphy USA,gas_station,0.9199122190475464,"{meta,Overture,Overture-signals,Overture-signals,Overture-signals,Overture-signals,Overture-signals,Overture-signals,Overture-signals,Overture-signals,Overture-signals,Overture-signals}",2500 Walton Blvd,Warsaw,IN,46582-6522,+15743712177,http://www.murphyusa.com/,customer.care@murphyusa.com,{https://www.facebook.com/252540521436450},open,41.27074238,-85.85391845,POINT(-85.85391845 41.27074238)
0022c3fc-c64b-40a4-93d3-864302f6445e,Shell,,gas_station,0.9199122190475464,"{Foursquare,Overture,Overture-signals,Overture-signals,Overture-signals,Overture-signals,Overture-signals,Overture-signals,Overture-signals,Overture-signals,Overture-signals,Overture-signals}",300 Dows St,Garretson,SD,57030,(605) 594-3998,http://www.shell.us/ontheroad,shellcustomercare@shell.com,{https://www.twitter.com/Shell_US},open,43.71014678178269,-96.50648520701048,POINT(-96.50648520701048 43.71014678178269)
00234b05-7a55-47ab-a374-67ba86c2fe68,Shell,,gas_station,0.9199122190475464,"{Foursquare,Overture,Overture-signals,Overture-signals,Overture-signals,Overture-signals,Overture-signals,Overture-signals,Overture-signals,Overture-signals,Overture-signals,Overture-signals}",201 E Cork St,Winchester,VA,22601,(540) 678-0384,http://www.shell.us/ontheroad,,{https://www.twitter.com/Shell_US},open,39.181628232302415,-78.16290936032411,POINT(-78.16290936032411 39.181628232302415)
0025267b-3f0c-483a-b560-59503843a470,76 Gas Station,,gas_station,0.943946897983551,"{meta,Overture}",1677 S Main St,Goodwater,AL,35072,+12568396086,http://www.76.com/,,{https://www.facebook.com/940861782746180},,33.04092,-86.05487,POINT(-86.05487 33.04092)
00254355-d30c-4d6e-b82d-5e02fc0bd4a1,Mobil,,gas_station,0.9199122190475464,"{Microsoft,Overture,Overture-signals,Overture-signals,Overture-signals,Overture-signals,Overture-signals,Overture-signals,Overture-signals,Overture-signals,Overture-signals,Overture-signals}",46135 Interstate Hwy 10 West,Winnie,TX,77665,4092964944,https://www.exxon.com/en/find-station/mobil-winnie-tx-handistop116-200320182?utm_medium=referral&utm_source=yxt-bing&utm_campaign=us_fue_ret_xom_yxt,,,open,29.83613230674941,-94.38281301165676,POINT(-94.38281301165676 29.83613230674941)
00256556-b854-488f-8936-c2c63a2933e8,Chevron,Chevron,gas_station,0.8,"{AllThePlaces,Overture}",694 W 9000 S,SANDY,UT,84070-2572,,https://www.chevronwithtechron.com/en_us/home/gas-station-near-me.html?/station/694-W-9000-S-SANDY-UT-84070-2572-id389620,,,,40.588154604,-111.909712596,POINT(-111.909712596 40.588154604)
002690b6-f9e0-4724-8ce6-c16a3f3b2aa3,Shell,,gas_station,0.9199122190475464,"{Microsoft,Overture,Overture-signals,Overture-signals,Overture-signals,Overture-signals,Overture-signals,Overture-signals,Overture-signals,Overture-signals,Overture-signals,Overture-signals}",1535 Ottawa Ave,Defiance,OH,43512,4197829930,https://find.shell.com/us/fuel/10012340-1535-ottawa-ave,,,open,41.26673378,-84.34785432,POINT(-84.34785432 41.26673378)
0026a295-a40c-4f00-891f-d7806fa87c5e,BP,bp,gas_station,0.9199122190475464,"{meta,Overture,Overture-signals,Overture-signals,Overture-signals,Overture-signals,Overture-signals,Overture-signals,Overture-signals,Overture-signals,Overture-signals,Overture-signals}",20 N Erie Hwy,Hamilton,OH,45011-4308,+15138636418,https://map.bp.com/en-US/US/gas-station/hamilton/bp/94285838140204501100100000000000,bpconsumer@bp.com,{https://www.facebook.com/105000297987471},open,39.39591874,-84.54801896,POINT(-84.54801896 39.39591874)
0026a868-969f-44db-847c-660c5a2043cf,Shell,Shell,gas_station,0.9902192950248718,"{meta,Overture,Overture-signals,Overture-signals,Overture-signals,Overture-signals,Overture-signals,Overture-signals,Overture-signals,Overture-signals,Overture-signals,Overture-signals}",1698 Clearwater Largo Rd,Clearwater,FL,33756-1107,+17275864484,https://find.shell.com/us/fuel/10013931-1698-clearwater-largo-rd,shellcustomercare@shell.com,{https://www.facebook.com/114411452533569},open,27.93536831,-82.79595164,POINT(-82.79595164 27.93536831)
0027ed09-c5f5-4ec3-b93e-8b3a90a4aeca,Harrington Citgo,,gas_station,0.5879597067832947,"{meta,Overture}",316 Delaware Ave,Harrington,DE,19952-1261,+13023986313,http://www.citgo.com/,,{https://www.facebook.com/118933308158215},,38.932389,-75.566898,POINT(-75.566898 38.932389)
002837bc-9a5e-4fd9-a754-fc4d14a7e2f2,Sinclair Gas Station,Sinclair Oil,gas_station,0.9929828584194184,"{meta,Overture}",21604 NE 399th St,Amboy,WA,98601-3333,+13609214278,https://stations.sinclairoil.com/wa/amboy/21604-ne-399th-st?utm_source=facebook&utm_medium=yext,,{https://www.facebook.com/108991775333079},,45.91020206,-122.45168615,POINT(-122.45168615 45.91020206)
0028468b-27ba-4a84-b700-591a46fc607a,Love's Travel Stops and Country Stores,Love,gas_station,0.9944136738777161,"{meta,Overture,Overture-signals,Overture-signals,Overture-signals,Overture-signals}",8313 W Roosevelt St,Tolleson,AZ,85353-1744,+16239361037,https://www.loves.com/locations/659,,{https://www.facebook.com/1103837366345896},open,33.458306,-112.239858,POINT(-112.239858 33.458306)
00293055-0571-4b73-86f1-b10746f5ac58,Shell,Shell,gas_station,0.9993327289819718,"{meta,Overture,Overture-signals,Overture-signals,Overture-signals}",7550 Watt Ave,North Highlands,CA,95660-2609,+18185778105,http://www.shell.us/,,{https://www.facebook.com/1737498173200345},open,38.70377223,-121.38251061,POINT(-121.38251061 38.70377223)
002a02e7-9d5b-4575-8c20-a5874b0ea609,BP,,gas_station,0.9199122190475464,"{Microsoft,Overture,Overture-signals,Overture-signals,Overture-signals,Overture-signals,Overture-signals,Overture-signals,Overture-signals,Overture-signals,Overture-signals,Overture-signals}",323 Manson-Drewry Rd,Manson,NC,27553,2524562780,https://map.bp.com/en-US/US/gas-station/manson/bp/128895,,,open,36.42959416,-78.29528278,POINT(-78.29528278 36.42959416)
002a20e3-ce09-4296-a7c4-4dcfebffaa3c,Shell,,gas_station,0.77,"{Foursquare,Overture}",Hwy 27 & 40,Sharon Springs,KS,67758,(785) 852-4333,http://www.shell.us/ontheroad,,{https://www.twitter.com/Shell_US},,38.90230209422596,-101.75132434536643,POINT(-101.75132434536643 38.90230209422596)
002a51e5-5445-473c-ac33-c65b380f601b,Phillips 66,,gas_station,1,"{DAC,Overture,Overture-signals,Overture-signals,Overture-signals}",975 Robins Rd,Hiawatha,IA,52233,+13193936310,https://www.phillips66gas.com/,,"{https://www.facebook.com/Phillips66Gas,https://www.instagram.com/phillips66gas/,https://www.twitter.com/Phillips66Gas,https://www.youtube.com/@Phillips66Co}",open,42.047444,-91.672596,POINT(-91.672596 42.047444)
002aab3e-9677-4294-825f-de22b090e0ae,Marathon,,gas_station,0.77,"{Foursquare,Overture}",627 Canal Blvd,Thibodaux,LA,70301,(985) 446-5576,http://www.marathon.com,,,,29.794047248654987,-90.81954287021968,POINT(-90.81954287021968 29.794047248654987)
002b63a0-93c6-4d79-81f0-1936c9dd5599,Pilot Travel Center,Pilot Flying J,gas_station,0.9722161889076233,"{meta,Overture,Overture-signals,Overture-signals,Overture-signals,Overture-signals,Overture-signals}",95 Free Henry Ford Rd,Madisonville,KY,42431-7934,+12702585213,https://locations.pilotflyingj.com/us/ky/madisonville/95-free-henry-ford-rd,travelcenter.156@pilottravelcenters.com,{https://www.facebook.com/326822307451292},open,37.25531194,-87.44882443,POINT(-87.44882443 37.25531194)
002bad92-11f1-4ba2-a14c-069e721ade21,Sunoco Gas Station,,gas_station,0.85,"{Microsoft,Overture}",2315 Dallas Highway SW,Marietta,GA,30064,7704275117,https://www.sunoco.com/find-a-station,,,,33.9456814,-84.6217896,POINT(-84.6217896 33.9456814)
002c5e1f-bfc6-4f72-9855-c84c570d8b15,Lakes Gas,,gas_station,0.9199122190475464,"{Microsoft,Overture,Overture-signals,Overture-signals,Overture-signals,Overture-signals,Overture-signals,Overture-signals,Overture-signals,Overture-signals,Overture-signals,Overture-signals}",14853 E Benton St Ste 3,Waterville,MN,56096,5073624231,https://www.lakesgas.com/locations/waterville-minnesota/,,,open,44.2121974,-93.5601563,POINT(-93.5601563 44.2121974)
002d5ef8-ffec-4643-a9dc-b9cfbf78b0c4,Shell,Shell,gas_station,0.9199122190475464,"{meta,Overture,Overture-signals,Overture-signals,Overture-signals,Overture-signals,Overture-signals,Overture-signals,Overture-signals,Overture-signals,Overture-signals,Overture-signals}",705 Main St,Ashton,ID,83420-7708,+12086527282,https://find.shell.com/us/fuel/10005373-705-north-main-street,shellcustomercare@shell.com,{https://www.facebook.com/1803178189968044},open,44.07162993,-111.4457158,POINT(-111.4457158 44.07162993)
002dbb82-d1ed-4ebd-a239-5cd4c80a801d,BP,bp,gas_station,0.9199122190475464,"{meta,Overture,Overture-signals,Overture-signals,Overture-signals,Overture-signals,Overture-signals,Overture-signals,Overture-signals,Overture-signals,Overture-signals,Overture-signals}",1710 Hilton Rd,Ferndale,MI,48220-1912,+13137017597,https://www.mybpstation.com/,bpconsumer@bp.com,{https://www.facebook.com/170541466332836},open,42.460573,-83.12292594,POINT(-83.12292594 42.460573)
002e90c4-de08-4299-b198-05297ecb2e20,LUKOIL,,gas_station,0.9199122190475464,"{DAC,Overture,Overture-signals,Overture-signals,Overture-signals,Overture-signals,Overture-signals,Overture-signals,Overture-signals,Overture-signals,Overture-signals,Overture-signals}",584 Beverly Rancocas Rd,Mount Holly,NJ,08060,+16092611388,http://www.lukoilamericas.com,pjhelpdesk@lukoilusa.com,"{https://www.facebook.com/Lukoil.en/,https://twitter.com/lukoilengl}",open,40.007982,-74.858893,POINT(-74.858893 40.007982)
002e97c0-692a-4fe7-850a-8b9d4bca17e4,Hub,HUB,gas_station,0.9902192950248718,"{meta,Overture,Overture-signals,Overture-signals,Overture-signals,Overture-signals,Overture-signals,Overture-signals,Overture-signals,Overture-signals,Overture-signals,Overture-signals}",1900 E Williams St,Apex,NC,27539-7709,+19193725168,,hubatapex@gmail.com,{https://www.facebook.com/106120524687945},open,35.69334595,-78.83507136,POINT(-78.83507136 35.69334595)
002ee46f-60a4-43d1-afeb-aa436f80cbd3,Mobil,,gas_station,0.85,"{Microsoft,Overture}",6133 Macon Road,Memphis,TN,38125,9013881833,https://www.exxon.com/en/find-station/mobil-memphis-tn-tn0105-200327767?utm_medium=referral&utm_source=yxt-bing&utm_campaign=us_fue_ret_xom_yxt,,,,35.16258030865731,-89.85890292910068,POINT(-89.85890292910068 35.16258030865731)
002ee56d-2122-4220-ac32-173d9122c521,Marathon Gas,,gas_station,0.85,"{Microsoft,Overture}",450 N Grundy Quarles Hwy,Gainesboro,TN,38562,9312686860,http://mymarathonstation.com/StoreHome/106039,,,,36.3653963,-85.6516896,POINT(-85.6516896 36.3653963)
002f0348-7b7f-4abc-94c1-4eaebb908159,Gulf Gas Station,,gas_station,0.5544402599334717,"{meta,Overture}",1324 Sea Girt Ave,Sea Girt,NJ,08750-2310,+17329749129,http://www.gulf.com,,{https://www.facebook.com/1134455466579530},,40.135863,-74.063156,POINT(-74.063156 40.135863)
002f1afb-d51b-4ab8-a90a-c4e93fb4aa37,Marathon,Marathon Food Mart- Upton Ky,gas_station,0.9902192950248718,"{meta,Overture,Overture-signals,Overture-signals,Overture-signals,Overture-signals,Overture-signals,Overture-signals,Overture-signals,Overture-signals,Overture-signals,Overture-signals}",3905 N Main St,Dayton,OH,45405-5108,+19379388849,http://www.marathon.com,,{https://www.facebook.com/1795429084072706},open,39.80121395,-84.21936625,POINT(-84.21936625 39.80121395)
002f491c-117e-4931-a2b6-7711105ab6ba,CAT Scale,,truck_gas_station,0.9199122190475464,"{Microsoft,Overture,Overture-signals,Overture-signals,Overture-signals,Overture-signals,Overture-signals,Overture-signals,Overture-signals,Overture-signals,Overture-signals,Overture-signals}",3191 Capac Rd,Capac,MI,48014,8103959690,http://catscale.com/?utm_medium=yext&utm_source=bing,,,open,42.9895599,-82.9278546,POINT(-82.9278546 42.9895599)
0030207f-efac-4096-bec6-5d0a720b5b08,Pilot Travel Center,Pilot Flying J,gas_station,0.9722161889076233,"{meta,Overture,Overture-signals,Overture-signals,Overture-signals,Overture-signals,Overture-signals}",502 Gordonsville Hwy,Gordonsville,TN,38563-4615,+16156833410,https://locations.pilotflyingj.com/us/tn/gordonsville/502-gordonsville-hwy,travelcenter.4597@pilottravelcenters.com,{https://www.facebook.com/169621196910851},open,36.17723012,-85.94860359,POINT(-85.94860359 36.17723012)
00309413-a98f-4571-9b27-6cac031d10b6,Sunset Oil,,gas_station,0.9902192950248718,"{meta,Overture,Overture-signals,Overture-signals,Overture-signals,Overture-signals,Overture-signals,Overture-signals,Overture-signals,Overture-signals,Overture-signals,Overture-signals}",8906 W Sunset Blvd,West Hollywood,CA,90069-1812,+13102892444,http://www.sunsetoilminimart.com/,sunsetoilminimart@gmail.com,{https://www.facebook.com/319719007899215},open,34.09051528,-118.38586498,POINT(-118.38586498 34.09051528)
00310587-1eaf-4e62-b50b-4ea83f5947e6,Exxon & Mobil Stations,Exxon & Mobil Stations,gas_station,0.9807777065038681,"{meta,Overture}",2800 Brownsville Rd Ext,South Park,PA,15129,+14128515470,https://www.exxon.com/en,,{https://www.facebook.com/783853412008902},,40.287853720920175,-79.99697087076267,POINT(-79.99697087076267 40.287853720920175)
00317352-1d78-4990-b22e-b18fbb20b5eb,Hometown,HomeTown,gas_station,0.9902192950248718,"{meta,Overture,Overture-signals,Overture-signals,Overture-signals,Overture-signals,Overture-signals,Overture-signals,Overture-signals,Overture-signals,Overture-signals,Overture-signals}",3474 N Holton St,Milwaukee,WI,53212-1654,+14142699828,,,{https://www.facebook.com/796569324017343},open,43.08183298,-87.90474246,POINT(-87.90474246 43.08183298)
0031e854-a0f2-4b32-b116-78c6c5545138,Valero,Valero,gas_station,0.9902192950248718,"{meta,Overture,Overture-signals,Overture-signals,Overture-signals,Overture-signals,Overture-signals,Overture-signals,Overture-signals,Overture-signals,Overture-signals,Overture-signals}",504 N Avenida de la Estrella,San Clemente,CA,92672-3931,+19494924680,https://locations.valero.com/en-us/LocationDetails/Index/504-AVENIDA-DE-LA-ESTRELLA/0000003153,webmaster@valero.com,{https://www.facebook.com/1409197912683952},open,33.43065062,-117.61528458,POINT(-117.61528458 33.43065062)
00339114-8ff2-4849-90de-410e4f17aa90,Shell,Shell,gas_station,0.9199122190475464,"{meta,Overture,Overture-signals,Overture-signals,Overture-signals,Overture-signals,Overture-signals,Overture-signals,Overture-signals,Overture-signals,Overture-signals,Overture-signals}",10200 W Roosevelt Rd,Westchester,IL,60154-2519,+17083441842,http://www.shell.us/,shellcustomercare@shell.com,{https://www.facebook.com/1958489817731415},open,41.86360762,-87.87829001,POINT(-87.87829001 41.86360762)
00339faa-0423-4736-b9d5-326425ff08e5,Phillips 66,,gas_station,0.9199122190475464,"{DAC,Overture,Overture-signals,Overture-signals,Overture-signals,Overture-signals,Overture-signals,Overture-signals,Overture-signals,Overture-signals,Overture-signals,Overture-signals}",225 N 14th St,Rich Hill,MO,64779,+14173952800,https://www.phillips66gas.com/,,"{https://www.facebook.com/Phillips66Gas,https://www.instagram.com/phillips66gas/,https://www.twitter.com/Phillips66Gas,https://www.youtube.com/@Phillips66Co}",open,38.097577,-94.351653,POINT(-94.351653 38.097577)
0033a329-210b-4d24-8e95-4b0c4875d2c7,Chevron,,gas_station,0.9302752017974854,"{Microsoft,Overture,Overture-signals,Overture-signals,Overture-signals,Overture-signals,Overture-signals,Overture-signals,Overture-signals,Overture-signals,Overture-signals,Overture-signals}",12220 SE Foster Rd,Portland,OR,97236,5037606030,https://fosterchevron.com/,,,open,45.4765556,-122.5367549,POINT(-122.5367549 45.4765556)
00348ebf-fd26-4bd9-80f2-c4fd83b42221,Phillips 66,,gas_station,1,"{DAC,Overture}",407 Highway 27 Bypass S,Nashville,AR,71852,+13032973835,https://www.phillips66gas.com/,,"{https://www.facebook.com/Phillips66Gas,https://www.instagram.com/phillips66gas/,https://www.twitter.com/Phillips66Gas,https://www.youtube.com/@Phillips66Co}",,33.928492,-93.835623,POINT(-93.835623 33.928492)
00351e69-5cb2-48be-9fe5-9733ec4b2d4c,Shell Gas Station,,gas_station,0.77,"{Foursquare,Overture}",Us 61/Sr A,New London,MO,63334,,http://www.shell.com,,{https://www.twitter.com/Shell_US},,38.16516713020537,-90.38074581340865,POINT(-90.38074581340865 38.16516713020537)
00357717-f0c9-4665-9a43-e4add1b46610,Kwik Stop #9,,gas_station,0.9199122190475464,"{Foursquare,Overture,Overture-signals,Overture-signals,Overture-signals,Overture-signals,Overture-signals,Overture-signals,Overture-signals,Overture-signals,Overture-signals,Overture-signals}",1704 28th St,Central City,NE,68826,(308) 946-3333,https://www.kwikstop.org,,"{https://www.twitter.com/kwik_stop,https://www.facebook.com/180009135369682}",open,41.1044145809822,-98.00240686351421,POINT(-98.00240686351421 41.1044145809822)
0035b50d-98a2-435c-988c-f791cb260626,Shell,,gas_station,0.9931,"{Microsoft,Overture}",1182 Whitney Ave,Hamden,CT,06517,2012327365,https://find.shell.com/us/fuel/13182987-1182-whitney-ave/en_US,,,,41.344198,-72.912316,POINT(-72.912316 41.344198)
00364ce0-5f46-4f06-b768-595afeaba936,Murphy USA,Murphy USA,gas_station,0.9199122190475464,"{meta,Overture,Overture-signals,Overture-signals,Overture-signals,Overture-signals,Overture-signals,Overture-signals,Overture-signals,Overture-signals,Overture-signals,Overture-signals}",508 Bypass 72 NW,Greenwood,SC,29649-1300,+18642236966,http://www.murphyusa.com/,customer.care@murphyusa.com,{https://www.facebook.com/191617737569101},open,34.20624229,-82.19128656,POINT(-82.19128656 34.20624229)
00369452-4ad9-437c-b442-332f10a6d576,Phillips 66,,gas_station,1,"{DAC,Overture}",1413 Highway 65 N,Harrison,AR,72601,+18707412097,https://www.phillips66gas.com/,,"{https://www.facebook.com/Phillips66Gas,https://www.instagram.com/phillips66gas/,https://www.twitter.com/Phillips66Gas,https://www.youtube.com/@Phillips66Co}",,36.265157,-93.137163,POINT(-93.137163 36.265157)
0036f95a-08f2-4f48-9cae-67f403b4f683,Chevron,Chevron,gas_station,0.9199122190475464,"{meta,Overture,Overture-signals,Overture-signals,Overture-signals,Overture-signals,Overture-signals,Overture-signals,Overture-signals,Overture-signals,Overture-signals,Overture-signals}",3733 Main St,Chula Vista,CA,91911-5834,+16196544286,http://www.chevron.com/,,{https://www.facebook.com/193431047359355},open,32.59412178,-117.05308442,POINT(-117.05308442 32.59412178)
00383700-39c2-475b-84d7-8d1ab130cebf,Murphy USA,,gas_station,0.9199122190475464,"{Microsoft,Overture,Overture-signals,Overture-signals,Overture-signals,Overture-signals,Overture-signals,Overture-signals,Overture-signals,Overture-signals,Overture-signals,Overture-signals}",2658 N Central Ave,Humboldt,TN,38343,7317842229,http://www.murphyusa.com/,,,open,35.8414674,-88.9145114,POINT(-88.9145114 35.8414674)
00383d1c-8ae2-4596-b8c3-89b1f9515301,Phillips 66,,gas_station,0.77,"{Foursquare,Overture,Overture-signals,Overture-signals,Overture-signals}","38357 N Sheridan Rd, Beach Park, IL 60087",Beach Park,IL,60087,(847) 249-8478,http://www.phillips66gas.com,beachparkauto@gmail.com,,open,42.41893859490539,-87.82520678664885,POINT(-87.82520678664885 42.41893859490539)
003903ba-7749-4a65-a35f-fe4f07f10a19,Mobil,Exxon & Mobil Stations,gas_station,0.999697482675314,"{meta,Overture}",309 Lowell St,Andover,MA,01810-4501,+19784756733,https://www.exxon.com/en,lvercollone@vercenterprises.com,{https://www.facebook.com/431929797365060},,42.64915816,-71.18273379,POINT(-71.18273379 42.64915816)
003b0390-d4f0-42f2-b8d3-7b7981d77368,Sunoco,Sunoco,gas_station,0.999749045085907,"{meta,Overture}",1845 W Liberty St,Allentown,PA,18104-5048,+16104399407,http://www.sunoco.com,,{https://www.facebook.com/125769234659136},,40.60270671,-75.49949278,POINT(-75.49949278 40.60270671)
003b212b-3fdb-48b2-bd93-b7bcd05bf931,Cobden One Stop Gas Station,,gas_station,0.5341147780418396,"{meta,Overture}",,Mt Vernon,IL,,+16183150816,,neel1p93@gmail.com,{https://www.facebook.com/824292777931562},,38.256259936731,-88.92021,POINT(-88.92021 38.256259936731)
003bf5a2-53b4-4667-8e3b-bea3ca329d17,Marathon,,gas_station,0.9722161889076233,"{meta,Overture,Overture-signals,Overture-signals,Overture-signals,Overture-signals}",15204 Fort Campbell Blvd,Oak Grove,KY,42262-8000,+12704393920,http://www.marathon.com,,{https://www.facebook.com/198791547131261},open,36.660746,-87.441777,POINT(-87.441777 36.660746)
003c37d1-842e-4b58-a026-eb9bfc34f618,Mr. Gas,,gas_station,0.77,"{Foursquare,Overture}",Sunoco,West roxbury,MA,02132,(617) 323-5757,http://sunoco.com,,{https://www.facebook.com/161762853851966},,42.26182433532367,-71.15696935533684,POINT(-71.15696935533684 42.26182433532367)
003d6183-8b50-41a3-adf9-2bdfd1e433a9,BP America,bp America,gas_station,0.9199122190475464,"{meta,Overture,Overture-signals,Overture-signals,Overture-signals,Overture-signals,Overture-signals,Overture-signals,Overture-signals,Overture-signals,Overture-signals,Overture-signals}",125 MAPLE ST,Ashland,WI,54861,+17156852786,https://map.bp.com/en-US/US/gas-station/odanah/bp/20092712921255486100100000000000,bpconsumer@bp.com,{https://www.facebook.com/1938047846417125},open,46.591527,-90.645504,POINT(-90.645504 46.591527)
003e156a-3cc5-43c5-826f-0d2f99d401fc,Casey's,,gas_station,0.9199122190475464,"{DAC,Overture,Overture-signals,Overture-signals,Overture-signals,Overture-signals,Overture-signals,Overture-signals,Overture-signals,Overture-signals,Overture-signals,Overture-signals}",701 Poplar St,Atlantic,IA,50022,+17122506654,https://www.caseys.com,,"{https://www.facebook.com/330265434131190,https://www.caseys.com/c/menu,https://www.tiktok.com/@caseys,https://www.youtube.com/user/CaseysGenStore}",open,41.403801,-95.014747,POINT(-95.014747 41.403801)
003e4b01-1c81-487f-b9c6-c511a52efffb,Conoco,,gas_station,0.9199122190475464,"{DAC,Overture,Overture-signals,Overture-signals,Overture-signals,Overture-signals,Overture-signals,Overture-signals,Overture-signals,Overture-signals,Overture-signals,Overture-signals}",6331 Washington St,Denver,CO,80229,+13032881107,https://www.conoco.com/,,"{https://www.facebook.com/conoco/,https://www.instagram.com/conoco/,https://www.twitter.com/Conoco,https://www.youtube.com/@Phillips66Co}",open,39.812521,-104.978515,POINT(-104.978515 39.812521)
003e6eb2-4cc7-41fa-a3e6-a803c4431818,California Eagle Stop,,gas_station,0.77,"{Foursquare,Overture}",401 E Buchanon St,California,OK,65018,(573) 396-6150,https://eaglestopstores.com/locations,,{https://www.twitter.com/eaglestopstores},,36.82436703494327,-94.7251296043396,POINT(-94.7251296043396 36.82436703494327)
003e72fd-6bda-4bf1-b494-347cbbb4cf49,Mobil,,gas_station,0.9199122190475464,"{Microsoft,Overture,Overture-signals,Overture-signals,Overture-signals,Overture-signals,Overture-signals,Overture-signals,Overture-signals,Overture-signals,Overture-signals,Overture-signals}",1199 Elmhurst Rd,Des Plaines,IL,60016,2243660237,https://www.exxon.com/en/find-station/mobil-desplaines-il-rebel876-200328561?utm_medium=referral&utm_source=yxt-bing&utm_campaign=us_fue_ret_xom_yxt,,,open,42.030411,-87.940522,POINT(-87.940522 42.030411)
003eba90-7b15-4326-898c-6fb68f283341,Texaco Station San Antonio,,gas_station,0.9655,"{Microsoft,Overture}",3822 Colony Dr,San Antonio,TX,78230,2106963511,http://www.texaco.com/stations/default.aspx,,,,29.53001,-98.559841,POINT(-98.559841 29.53001)
003ff8a0-0dd3-43fa-84fd-45554b8f9bf9,CAT Scale,,truck_gas_station,0.9199122190475464,"{Microsoft,Overture,Overture-signals,Overture-signals,Overture-signals,Overture-signals,Overture-signals,Overture-signals,Overture-signals,Overture-signals,Overture-signals,Overture-signals}",1211 Thornton Rd,Lithia Springs,GA,30122,4048296474,http://catscale.com/?utm_medium=yext&utm_source=bing,,,open,33.7712114,-84.602471,POINT(-84.602471 33.7712114)
00405f13-1446-40ee-82c9-bd10074e4e97,Shell,Shell,gas_station,0.9902192950248718,"{meta,Overture,Overture-signals,Overture-signals,Overture-signals,Overture-signals,Overture-signals,Overture-signals,Overture-signals,Overture-signals,Overture-signals,Overture-signals}",1551 Rosecrans St,San Diego,CA,92106-2261,+16192231164,http://www.shell.us/,shellcustomercare@shell.com,{https://www.facebook.com/242761986654018},open,32.7268536,-117.2269946,POINT(-117.2269946 32.7268536)
0040c04e-9131-479a-aa01-8d3b2292f4a7,Murphy USA,Murphy USA,gas_station,0.9199122190475464,"{meta,Overture,Overture-signals,Overture-signals,Overture-signals,Overture-signals,Overture-signals,Overture-signals,Overture-signals,Overture-signals,Overture-signals,Overture-signals}",806 S Highway 287,Decatur,TX,76234-1620,+19406264377,http://www.murphyusa.com/,customercare@murphyoilcorp.com,{https://www.facebook.com/259228720756453},open,33.22850611,-97.59467188,POINT(-97.59467188 33.22850611)
00412594-baae-4038-9197-0e4ec6df1b23,bp,bp,gas_station,0.9987003289163112,"{meta,Overture}",1030 W State Road 42,Brazil,IN,47834-7509,+18124428022,https://map.bp.com/en-US/US/gas-station/brazil/bp/71110944230304783400100000000000,bpconsumer@bp.com,{https://www.facebook.com/105550634596971},,39.44626668,-87.1269604,POINT(-87.1269604 39.44626668)
00412671-daa0-43a6-b04d-057dc7749b60,Amoco,,gas_station,0.9199122190475464,"{Microsoft,Overture,Overture-signals,Overture-signals,Overture-signals,Overture-signals,Overture-signals,Overture-signals,Overture-signals,Overture-signals,Overture-signals,Overture-signals}",11142 N Jacob Smart Blvd,Ridgeland,SC,29936,8436459011,https://map.bp.com/en-US/US/gas-station/ridgeland/amoco/128333,,,open,32.48537397,-80.97774392,POINT(-80.97774392 32.48537397)
0041c309-22e9-4b1c-bdca-cd572a47b1d6,Marathon,,gas_station,0.6721946001052856,"{meta,Overture}",106200 Overseas Hwy,Key Largo,FL,33037-3129,+13054514998,http://www.marathon.com,,{https://www.facebook.com/1242309155795351},,25.1691629,-80.3761881,POINT(-80.3761881 25.1691629)
0041cdd6-006b-4bc0-8c57-a6715f585679,Shell,Shell,gas_station,0.9199122190475464,"{meta,Overture,Overture-signals,Overture-signals,Overture-signals,Overture-signals,Overture-signals,Overture-signals,Overture-signals,Overture-signals,Overture-signals,Overture-signals}",9991 Wadsworth Pkwy,Broomfield,CO,80021-4249,+13034671101,https://find.shell.com/us/fuel/10056286-9991-wadsworth-pkwy,shellcustomercare@shell.com,{https://www.facebook.com/190144748188569},open,39.87756606,-105.09704245,POINT(-105.09704245 39.87756606)
0041d81d-9070-4275-9d52-955a4138f8de,Sunoco,Sunoco,gas_station,0.9199122190475464,"{meta,Overture,Overture-signals,Overture-signals,Overture-signals,Overture-signals,Overture-signals,Overture-signals,Overture-signals,Overture-signals,Overture-signals,Overture-signals}",8870 S Scenic Hwy,Bland,VA,24315-5256,+12766884468,http://www.sunoco.com,,{https://www.facebook.com/153916638316256},open,37.10186201,-81.11674968,POINT(-81.11674968 37.10186201)
00420311-73f1-44b9-a4a5-e5ed4acb3568,Shell,,gas_station,0.9199122190475464,"{Microsoft,Overture,Overture-signals,Overture-signals,Overture-signals,Overture-signals,Overture-signals,Overture-signals,Overture-signals,Overture-signals,Overture-signals,Overture-signals}",1456 Sand Hill Rd,Candler,NC,28715,8286336688,https://find.shell.com/us/fuel/12642085-1456-sand-hill-rd/en_US,,,open,35.540229,-82.656086,POINT(-82.656086 35.540229)
00422dcc-2d23-4fd0-a465-2a3ece404b00,Shell,Shell,gas_station,0.9199122190475464,"{meta,Overture,Overture-signals,Overture-signals,Overture-signals,Overture-signals,Overture-signals,Overture-signals,Overture-signals,Overture-signals,Overture-signals,Overture-signals}",4503 N Harrison St,Shawnee,OK,74804-1417,+14057655000,http://www.shell.us/,shellcustomercare@shell.com,{https://www.facebook.com/2748872998670719},open,35.37686563,-96.9117186,POINT(-96.9117186 35.37686563)
0042a733-7880-4d6c-aa01-667ccee3331e,ExtraMile,,gas_station,0.9924616158008576,"{Microsoft,Overture}",3002 NE Sunset Blvd,Renton,WA,98056,4252265555,https://www.chevronextramile.com/station-finder/3002-ne-sunset-blvd-renton-wa-98056-id379448,,,,47.5026885,-122.1778551,POINT(-122.1778551 47.5026885)
0042c5bb-1d4e-4caa-a096-f66d31f0a765,Valero,Valero Energy,gas_station,0.9902192950248718,"{meta,Overture,Overture-signals,Overture-signals,Overture-signals,Overture-signals,Overture-signals,Overture-signals,Overture-signals,Overture-signals,Overture-signals,Overture-signals}",100 Bien Mur Dr NE,Albuquerque,NM,87113-2154,+15058215400,https://locations.valero.com/en-us/LocationDetails/Index/100-BIEN-MUR-DR-NE/0000002466,,{https://www.facebook.com/325805897457149},open,35.20254994,-106.56908601,POINT(-106.56908601 35.20254994)
0042d04e-7fdc-4545-b906-5290a6ead8ff,Speedway,,gas_station,1,"{DAC,Overture}",4620 Washington Avenue,Racine,WI,53405,+12626324950,https://www.speedway.com,,"{https://www.facebook.com/SpeedwayStores,https://www.instagram.com/speedwaystores/,https://www.speedway.com/products/food,https://www.tiktok.com/@speedwaystores,https://twitter.com/Speedway,https://www.youtube.com/user/SpeedwayCStores}",,42.7189,-87.8354,POINT(-87.8354 42.7189)
0042d87f-44fd-4a90-b2c9-7ab3258d5ae9,Sunoco,Sunoco,gas_station,0.954,"{AllThePlaces,Overture}",201 S 13TH ST,ERWIN,NC,28339,,https://www.sunoco.com/locations/store/201-s-13th-st-erwin-nc-8003309301,,,,35.326728259792,-78.67574322457,POINT(-78.67574322457 35.326728259792)
004431fb-9a3f-436e-a61b-dd106dc4418a,Mobil,,gas_station,0.9655,"{Microsoft,Overture}",W5386 Us 2,Hermansville,MI,49847,9064987745,https://www.exxon.com/en/find-station/mobil-hermansville-mi-wildwoodtruckstop-200317894?utm_medium=referral&utm_source=yxt-bing&utm_campaign=us_fue_ret_xom_yxt,,,,45.714795467922734,-87.60039273938075,POINT(-87.60039273938075 45.714795467922734)
00453411-dd26-42b3-a0b7-4913a6eca070,bp,,gas_station,0.9931,"{Microsoft,Overture}",1666 Marietta Highway,Canton,GA,30114,7702133897,https://map.bp.com/en-US/US/gas-station/canton/bp/128985,,,,34.2235704,-84.50192052,POINT(-84.50192052 34.2235704)
0045469e-b3b4-47ee-819e-cf9ae3fcaa56,Chevron,Chevron,gas_station,0.954,"{AllThePlaces,Overture}",4850 CENTRAL AVENUE,ST.PETERSBURG,FL,33711-1044,,https://www.chevronwithtechron.com/en_us/home/gas-station-near-me.html?/station/4850-CENTRAL-AVENUE-ST-PETERSBURG-FL-33711-1044-id376396,,,,27.7707372,-82.6995413,POINT(-82.6995413 27.7707372)
0045a43e-cdd4-4d3b-8483-495a2f84d78c,Mobil,Exxon & Mobil Stations,gas_station,0.9199122190475464,"{meta,Overture,Overture-signals,Overture-signals,Overture-signals,Overture-signals,Overture-signals,Overture-signals,Overture-signals,Overture-signals,Overture-signals,Overture-signals}",5000 Ramsey St,Fayetteville,NC,28311-0656,+19108221010,https://www.exxon.com/en/find-station/200325249,,{https://www.facebook.com/258127111260961},open,35.12845178,-78.87883721,POINT(-78.87883721 35.12845178)
0045d93b-77cb-4c35-888d-b2cd86f0a42d,Hunt Brothers Pizza,,gas_station,0.9568740725517273,"{Microsoft,Overture,Overture-signals,Overture-signals,Overture-signals,Overture-signals,Overture-signals,Overture-signals,Overture-signals,Overture-signals,Overture-signals,Overture-signals}",4849 Highway 34 W,Newnan,GA,30263,7702533494,http://www.huntbrotherspizza.com/,,,open,33.3389502,-84.9789548,POINT(-84.9789548 33.3389502)
00460b70-e805-4ee3-a30f-25e71cb68db5,Marathon Gas,,gas_station,0.9199122190475464,"{Microsoft,Overture,Overture-signals,Overture-signals,Overture-signals,Overture-signals,Overture-signals,Overture-signals,Overture-signals,Overture-signals,Overture-signals,Overture-signals}",24056 NC Highway 73,Albemarle,NC,28001,7049833463,http://mymarathonstation.com/StoreHome/108464,,,open,35.3808764,-80.3044336,POINT(-80.3044336 35.3808764)
004693c3-3b65-4872-ad5c-3ea61cdd3cbf,Shell,Shell,gas_station,0.9902192950248718,"{meta,Overture,Overture-signals,Overture-signals,Overture-signals,Overture-signals,Overture-signals,Overture-signals,Overture-signals,Overture-signals,Overture-signals,Overture-signals}",3660 W Craig Rd,North Las Vegas,NV,89032-0543,+17026486111,http://www.shell.us/,shellcustomercare@shell.com,{https://www.facebook.com/1072512369546211},open,36.23971357,-115.18917806,POINT(-115.18917806 36.23971357)
00474e7f-fafb-48cb-b29b-23135b418703,Shell,,gas_station,0.9199122190475464,"{Microsoft,Overture,Overture-signals,Overture-signals,Overture-signals,Overture-signals,Overture-signals,Overture-signals,Overture-signals,Overture-signals,Overture-signals,Overture-signals}",3442 NE 82nd Ave,Portland,OR,97220,5039316227,https://find.shell.com/us/fuel/12714458-3442-ne-82nd-ave/en_US,,,open,45.547886,-122.57844,POINT(-122.57844 45.547886)
00478ed3-aa40-47ec-ad84-3f930311d8d4,A-1 Food Mart,,gas_station,0.9902192950248718,"{meta,Overture,Overture-signals,Overture-signals,Overture-signals,Overture-signals,Overture-signals,Overture-signals,Overture-signals,Overture-signals,Overture-signals,Overture-signals}",2836 Joe Frank Harris Pkwy NW,Cartersville,GA,30120-4642,+16787198707,http://www.a-1foodmart.com/,admin@a-1foodmart.com,{https://www.facebook.com/203081010415898},open,34.26523897,-84.86120091,POINT(-84.86120091 34.26523897)
0047b0a5-c503-473b-893e-8b17e0b4664b,Bob & Steves Shop,,gas_station,0.6312584280967712,"{meta,Overture}",1103 County Road A,Hudson,WI,54016-6914,+17153810426,https://www.bobandsteves.com,,{https://www.facebook.com/189853637773030},,45.020923,-92.66641,POINT(-92.66641 45.020923)
00492371-35ca-4cba-a381-dd17b72f0989,Barney's Convenience Mart,,gas_station,0.9005046486854553,"{meta,Overture,Overture-signals,Overture-signals,Overture-signals}",10730 Fremont Pike,Perrysburg,OH,43551-3378,+14198745019,http://bp.com,ir@bp.com,{https://www.facebook.com/124365454579476},open,41.549302,-83.59964,POINT(-83.59964 41.549302)
00495ec5-1b68-4056-b616-2e958c5cf88e,Valero,,gas_station,0.9199122190475464,"{Foursquare,Overture,Overture-signals,Overture-signals,Overture-signals,Overture-signals,Overture-signals,Overture-signals,Overture-signals,Overture-signals,Overture-signals,Overture-signals}",2070 N Arlington Ave,Indianapolis,IN,46218,(317) 357-9660,http://www.valero.com,,,open,39.79627394608314,-86.06453746102599,POINT(-86.06453746102599 39.79627394608314)
00498d8b-ff24-4c43-9d13-e4d183bc245b,Kent Kwik,,gas_station,0.9199122190475464,"{Microsoft,Overture,Overture-signals,Overture-signals,Overture-signals,Overture-signals,Overture-signals,Overture-signals,Overture-signals,Overture-signals,Overture-signals,Overture-signals}",1371 Bryson Rd,Ardmore,TN,38449,9314680601,https://kentkwik.com/,,,open,35.08353721,-86.88268728,POINT(-86.88268728 35.08353721)
004995a5-a94a-4b0e-ae52-9714835316e1,Amoco,Amoco,gas_station,0.8,"{AllThePlaces,Overture}",211 DAVIDSON HIGHWAY,CONCORD,NC,28027,,,,,,35.4300441466,-80.6149898622,POINT(-80.6149898622 35.4300441466)
0049e78e-2fab-4219-9e9c-e31c70047e94,76,,gas_station,0.9199122190475464,"{Foursquare,Overture,Overture-signals,Overture-signals,Overture-signals,Overture-signals,Overture-signals,Overture-signals,Overture-signals,Overture-signals,Overture-signals,Overture-signals}",19124 Vashon Hwy SW,Vashon,WA,98070,(206) 463-5990,https://www.76.com,,,open,47.43329115994999,-122.45970227218245,POINT(-122.45970227218245 47.43329115994999)
004a1fac-8b20-46fb-9080-34080b0d3d0f,76,,gas_station,1,"{DAC,Overture,Overture-signals,Overture-signals,Overture-signals}",331 Highway 546,West Monroe,LA,71291,+13185825183,https://www.76.com/,,"{https://www.facebook.com/76gas/,https://www.instagram.com/76/,https://www.twitter.com/76,https://www.youtube.com/@Phillips66Co}",open,32.51219,-92.24525,POINT(-92.24525 32.51219)
004a5157-08ca-4f24-a73e-0116c3bb085d,1036 SAM&apos;S FOOD STORES,,gas_station,0.9199122190475464,"{Foursquare,Overture,Overture-signals,Overture-signals,Overture-signals,Overture-signals,Overture-signals,Overture-signals,Overture-signals,Overture-signals,Overture-signals,Overture-signals}",106 Sisson Ave,Hartford,CT,06106,(860) 231-0110,http://gas-stations.citgo.com/ct/hartford/6101/106-SISSION-AVE,muhammed@samsfoodstores.com,"{https://www.twitter.com/citgo,https://www.facebook.com/143003189065622}",open,41.76118768029109,-72.70630864755958,POINT(-72.70630864755958 41.76118768029109)
004a8dae-11c2-450d-9890-46470102a946,Mobil,Exxon & Mobil Stations,gas_station,0.9199122190475464,"{meta,Overture,Overture-signals,Overture-signals,Overture-signals,Overture-signals,Overture-signals,Overture-signals,Overture-signals,Overture-signals,Overture-signals,Overture-signals}",2215 Cale Yarborough Hwy,Timmonsville,SC,29161-8228,+18433464917,http://www.mobil.com,,{https://www.facebook.com/307110649979516},open,34.06504288,-79.95096335,POINT(-79.95096335 34.06504288)
004ad779-f9b7-4f8e-9126-00f90517eeb2,Murphy USA,Murphy USA,gas_station,0.9902192950248718,"{meta,Overture,Overture-signals,Overture-signals,Overture-signals,Overture-signals,Overture-signals,Overture-signals,Overture-signals,Overture-signals,Overture-signals,Overture-signals}",170 N I-35E,Lancaster,TX,75146-1844,+19722307755,http://www.murphyusa.com/,customer.care@murphyusa.com,{https://www.facebook.com/257430850951964},open,32.5930181,-96.82160599,POINT(-96.82160599 32.5930181)
004ade02-ad63-438b-92ff-aec263046c0d,Sac N Pac Stores 502,,gas_station,0.77,"{Foursquare,Overture}",1592 W San Antonio St,New Braunfels,TX,78130,(830) 625-9616,http://sacnpac.com,,,,29.690200777506764,-98.1376813996486,POINT(-98.1376813996486 29.690200777506764)
004b2607-ea3d-42fd-9993-82fae1ab367b,TravelCenters of America,,gas_station,0.9199122190475464,"{Foursquare,Overture,Overture-signals,Overture-signals,Overture-signals,Overture-signals,Overture-signals,Overture-signals,Overture-signals,Overture-signals,Overture-signals,Overture-signals}",6701 Highway 90 W,Sealy,TX,77474,(979) 732-2986,https://www.ta-petro.com/location/tx/ta-bernardo,,"{https://www.twitter.com/tatravelcenters,https://www.facebook.com/252336509755}",open,29.7427,-96.3301,POINT(-96.3301 29.7427)
004c4d76-6c0a-49c7-b297-bc3640767ef0,Gulf,,gas_station,0.9902192950248718,"{Foursquare,Overture,Overture-signals,Overture-signals,Overture-signals,Overture-signals,Overture-signals,Overture-signals,Overture-signals,Overture-signals,Overture-signals,Overture-signals}",183 Cambridge Rd,Woburn,MA,01801,(781) 933-1465,http://www.gulfoil.com,,,open,42.46750932828329,-71.17856080962812,POINT(-71.17856080962812 42.46750932828329)
004ebe06-fd24-4470-9af9-5fcfa81f1c49,Payless Gas & Food,,gas_station,0.5568681955337524,"{meta,Overture}",604 6th Ave NE,Decatur,AL,35601-2408,+12563516522,https://payless-gas-food.hub.biz/,,{https://www.facebook.com/104608196280545},,34.607162,-86.979752,POINT(-86.979752 34.607162)
004f32b0-ea6b-40e1-83a1-01c092f20c30,Valero,Valero Energy,gas_station,0.9199122190475464,"{meta,Overture,Overture-signals,Overture-signals,Overture-signals,Overture-signals,Overture-signals,Overture-signals,Overture-signals,Overture-signals,Overture-signals,Overture-signals}",2500 W Broadway,Ardmore,OK,73401-2512,+12103452000,https://locations.valero.com/en-us/LocationDetails/Index/2500-W-BROADWAY/0000003171,,{https://www.facebook.com/1782336221986072},open,34.17249354,-97.16102342,POINT(-97.16102342 34.17249354)
004f9d0f-b87f-41e6-a8ab-e0dbf5a43918,Chevron,Chevron,gas_station,0.954,"{AllThePlaces,Overture}",257 BUCHANAN ROAD,DALLAS,GA,30157,,https://www.chevronwithtechron.com/en_us/home/gas-station-near-me.html?/station/257-BUCHANAN-ROAD-DALLAS-GA-30157-id380925,,,,33.9160276,-84.8566472,POINT(-84.8566472 33.9160276)
004fb231-16e4-4a2d-9ce5-fd0fd8a19a46,Sunoco Gas Station,,gas_station,0.85,"{Microsoft,Overture}",41 Locust Ave,Wallington,NJ,07057,9737780400,https://www.sunoco.com/locations/store/41-locust-ave-wallington-nj-0934090201,,,,40.85112762451172,-74.11346435546875,POINT(-74.11346435546875 40.85112762451172)
004fe891-1492-4553-8784-3b9dee205662,ARCO,ARCO,gas_station,0.5604400038719177,"{meta,Overture}",,San Bernardino,CA,,+19094781074,http://www.arco.com,,{https://www.facebook.com/202412170123192},,34.06585,-117.26112,POINT(-117.26112 34.06585)
005063b2-eb8b-4e83-a4e2-2e409d2ab59b,Port Logistics Group,,gas_station,0.95565724670887,"{Microsoft,Overture}",3711 142nd Ave E,Sumner,WA,98390,2538910555,https://www.portlogisticsgroup.com/gateway/seattle-tacoma/,,,,47.22275,-122.23508,POINT(-122.23508 47.22275)
00509b66-7865-4390-952c-e1868c35437b,Conoco,Conoco,gas_station,0.9199122190475464,"{meta,Overture,Overture-signals,Overture-signals,Overture-signals,Overture-signals,Overture-signals,Overture-signals,Overture-signals,Overture-signals,Overture-signals,Overture-signals}",36 Church Rd,Maple Shade,NJ,08052-3026,+18562349696,https://www.conoco.com/,,{https://www.facebook.com/2123289661333508},open,39.930471,-74.979396,POINT(-74.979396 39.930471)
00526f21-12d4-45ec-9c3d-36853796e412,Mobil,Exxon & Mobil Stations,gas_station,0.9199122190475464,"{meta,Overture,Overture-signals,Overture-signals,Overture-signals,Overture-signals,Overture-signals,Overture-signals,Overture-signals,Overture-signals,Overture-signals,Overture-signals}",2114 E US Highway 377,Granbury,TX,76049-5917,+18175737364,http://www.mobil.com,,{https://www.facebook.com/135215586651961},open,32.44651896,-97.74611336,POINT(-97.74611336 32.44651896)
0052718c-1585-4dd6-912c-ee3500ab209e,76,,gas_station,1,"{DAC,Overture,Overture-signals,Overture-signals,Overture-signals}",6144 Ford-Wellpinit Rd,Wellpinit,WA,99040,+15092584266,https://www.76.com/,,"{https://www.facebook.com/76gas/,https://www.instagram.com/76/,https://www.twitter.com/76,https://www.youtube.com/@Phillips66Co}",open,47.89006,-117.980253,POINT(-117.980253 47.89006)
0052cae4-8fa0-42d2-a428-c2e836972d73,Shell,,gas_station,0.9199122190475464,"{Microsoft,Overture,Overture-signals,Overture-signals,Overture-signals,Overture-signals,Overture-signals,Overture-signals,Overture-signals,Overture-signals,Overture-signals,Overture-signals}",2607 Kingsgate Way,Richland,WA,99354,5095781506,https://find.shell.com/us/fuel/12776450-2607-kingsgate-way/en_US,,,open,46.32672556,-119.3167381,POINT(-119.3167381 46.32672556)
00545e49-3254-4ee1-bf56-fa28568fd57e,Mobil,,gas_station,0.9199122190475464,"{Microsoft,Overture,Overture-signals,Overture-signals,Overture-signals,Overture-signals,Overture-signals,Overture-signals,Overture-signals,Overture-signals,Overture-signals,Overture-signals}",163 E Main St,Omro,WI,54963,9206852011,https://www.exxon.com/en/find-station/mobil-omro-wi-omrostore-200314704?utm_medium=referral&utm_source=yxt-bing&utm_campaign=us_fue_ret_xom_yxt,,,open,44.03959162649201,-88.74314859126395,POINT(-88.74314859126395 44.03959162649201)
00553619-5d37-474b-b036-5d048e91b1b3,Exxon,Exxon & Mobil Stations,gas_station,0.9664633274078369,"{meta,Overture}",1721 Cedar St,Helena,MT,59601-1109,+14064420540,https://www.exxon.com/en,,{https://www.facebook.com/2262541580460230},,46.60657531,-112.01059745,POINT(-112.01059745 46.60657531)
0055909d-2e68-418a-930f-f60458af4c77,Shell,Shell,gas_station,0.9199122190475464,"{meta,Overture,Overture-signals,Overture-signals,Overture-signals,Overture-signals,Overture-signals,Overture-signals,Overture-signals,Overture-signals,Overture-signals,Overture-signals}",1629 Highway 531,Minden,LA,71055-6531,+13183711121,http://www.shell.us/,,{https://www.facebook.com/226418577551197},open,32.58454645,-93.24634558,POINT(-93.24634558 32.58454645)
00559ecc-ce9f-4ecf-a0d2-bccbd1908dba,DOWNTOWN GAS STATION,Marathon,gas_station,0.954,"{AllThePlaces,Overture}",1173 MAIN STREET,TUNICA,MS,38676,,,,,,34.6872683,-90.3836938,POINT(-90.3836938 34.6872683)
00582d84-7ac1-4801-a7de-3f791700ddc9,Mobil,Exxon & Mobil Stations,gas_station,0.9996895327866078,"{meta,Overture}",1090 SE Port St Lucie Blvd,Port St Lucie,FL,34952-5377,+17723354125,https://www.exxon.com/en,,{https://www.facebook.com/860429774333357},,27.27153167,-80.31818311,POINT(-80.31818311 27.27153167)
0058c33d-c235-4282-a9bb-d31685170791,Chevron Station Youngsville,,gas_station,0.9199122190475464,"{Microsoft,Overture,Overture-signals,Overture-signals,Overture-signals,Overture-signals,Overture-signals,Overture-signals,Overture-signals,Overture-signals,Overture-signals,Overture-signals}",1616 Youngsville Hwy,Youngsville,LA,70592,7138449617,"",,,open,30.134476,-91.9908,POINT(-91.9908 30.134476)
0058f848-3025-4089-ae61-61bc6982c8f1,Guy Food Mart,,gas_station,0.9902192950248718,"{meta,Overture,Overture-signals,Overture-signals,Overture-signals,Overture-signals,Overture-signals,Overture-signals,Overture-signals,Overture-signals,Overture-signals,Overture-signals}",18439 Highway 36,Guy,TX,77444-9748,+19797933600,http://shell.com,erinj@countrycrossroads.com,{https://www.facebook.com/143336905701325},open,29.34976674,-95.77753636,POINT(-95.77753636 29.34976674)
005906af-b18a-46f3-b542-fc029d241c3d,Shell,,gas_station,0.9199122190475464,"{Microsoft,Overture,Overture-signals,Overture-signals,Overture-signals,Overture-signals,Overture-signals,Overture-signals,Overture-signals,Overture-signals,Overture-signals,Overture-signals}",779 Beverly Pike,Elkins,WV,26241,3046369090,https://find.shell.com/us/fuel/10071419-779-beverly-pike,,,open,38.89080018,-79.84639722,POINT(-79.84639722 38.89080018)
00591995-c13f-4e17-b220-6bda59579c0d,Marathon Gas,,gas_station,0.9199122190475464,"{Microsoft,Overture,Overture-signals,Overture-signals,Overture-signals,Overture-signals,Overture-signals,Overture-signals,Overture-signals,Overture-signals,Overture-signals,Overture-signals}",1411 Black River Rd,Georgetown,SC,29440,8435461800,http://mymarathonstation.com/StoreHome/182618,,,open,33.3825639,-79.2868931,POINT(-79.2868931 33.3825639)
005a4293-d13c-40dd-9ab2-50d806fe3bab,CITGO,Citgo,gas_station,0.9199122190475464,"{meta,Overture,Overture-signals,Overture-signals,Overture-signals,Overture-signals,Overture-signals,Overture-signals,Overture-signals,Overture-signals,Overture-signals,Overture-signals}",3834 Prince George Dr,Prince George,VA,23875-1527,+18043525474,http://www.citgo.com/,info@citgo.com,{https://www.facebook.com/107803659615644},open,37.26001957,-77.28339963,POINT(-77.28339963 37.26001957)
005a8a7b-4cad-4d2d-8846-5ac13d8c7f2d,BP,,gas_station,0.9199122190475464,"{Microsoft,Overture,Overture-signals,Overture-signals,Overture-signals,Overture-signals,Overture-signals,Overture-signals,Overture-signals,Overture-signals,Overture-signals,Overture-signals}",202 E Broad St,Greensboro,GA,30642,7064534567,http://mybpstation.com/,,,open,33.575788,-83.180957,POINT(-83.180957 33.575788)
005be88b-0a63-4821-8d56-18ad11bc6706,Sinclair Gas Station,,gas_station,0.9199122190475464,"{Microsoft,Overture,Overture-signals,Overture-signals,Overture-signals,Overture-signals,Overture-signals,Overture-signals,Overture-signals,Overture-signals,Overture-signals,Overture-signals}",104 South Roland Road,Roland,OK,74954,9185036531,https://www.sinclairoil.com/,,,open,35.41822332216949,-94.51362830305844,POINT(-94.51362830305844 35.41822332216949)
005c1715-d034-46e9-ae3b-621877b8fd82,Phillips 66,,gas_station,1,"{DAC,Overture,Overture-signals,Overture-signals,Overture-signals}",6026 US Highway 277 S,Abilene,TX,79606,+13256925126,https://www.phillips66gas.com/,,"{https://www.facebook.com/Phillips66Gas,https://www.instagram.com/phillips66gas/,https://www.twitter.com/Phillips66Gas,https://www.youtube.com/@Phillips66Co}",open,32.406931,-99.804616,POINT(-99.804616 32.406931)
005c2628-de86-4603-bdfc-ccdcb9916454,Shell,Shell,gas_station,0.9199122190475464,"{meta,Overture,Overture-signals,Overture-signals,Overture-signals,Overture-signals,Overture-signals,Overture-signals,Overture-signals,Overture-signals,Overture-signals,Overture-signals}",2612 Highway 44 W,Inverness,FL,34453-3726,+13526373367,http://fuelrewards.com/,,{https://www.facebook.com/1893436604242362},open,28.844113,-82.365333,POINT(-82.365333 28.844113)
005cc4ab-a80b-4dc3-911f-e711990013a2,Phillips 66,,gas_station,1,"{DAC,Overture,Overture-signals,Overture-signals,Overture-signals}",1101 Main St,Roscoe,TX,79545,+13257663777,https://www.phillips66gas.com/,,"{https://www.facebook.com/Phillips66Gas,https://www.instagram.com/phillips66gas/,https://www.twitter.com/Phillips66Gas,https://www.youtube.com/@Phillips66Co}",open,32.435287,-100.534504,POINT(-100.534504 32.435287)
005d0a81-9fb8-4cfd-bfc4-f0f860192d94,Chevron,Chevron,gas_station,0.9902192950248718,"{meta,Overture,Overture-signals,Overture-signals,Overture-signals,Overture-signals,Overture-signals,Overture-signals,Overture-signals,Overture-signals,Overture-signals,Overture-signals}",2760 Dublin Blvd,Dublin,CA,94568-4273,+19252482098,https://www.chevronwithtechron.com/en_us/home/find-a-station.html?/station/2760-DUBLIN-BLVD-DUBLIN-CA-94568-4273-id373623,,{https://www.facebook.com/112651425822385},open,37.70602679,-121.85250059,POINT(-121.85250059 37.70602679)
005e531c-03b3-47a3-aa67-62df1ab568c7,Love's Travel Stops and Country Stores,,gas_station,0.9981965988874435,"{meta,Overture,Overture-signals,Overture-signals,Overture-signals,Overture-signals}",314 Kelly St,Wamsutter,WY,82336,+13073240087,https://www.loves.com/locations/310,,{https://www.facebook.com/154502984599525},open,41.67709449638577,-107.98023888482733,POINT(-107.98023888482733 41.67709449638577)
005e6d41-1ac2-4cd0-82ad-c4f2d025772a,Speedway,,gas_station,1,"{DAC,Overture}",4340 Cane Run Road,Louisville,KY,40216,+15024484025,https://www.speedway.com,,"{https://www.facebook.com/SpeedwayStores,https://www.instagram.com/speedwaystores/,https://www.speedway.com/products/food,https://www.tiktok.com/@speedwaystores,https://twitter.com/Speedway,https://www.youtube.com/user/SpeedwayCStores}",,38.1987,-85.8384,POINT(-85.8384 38.1987)
005f1150-dc40-47b4-9799-ff4319a762b4,Westshore Citgo,Citgo,gas_station,0.9952753889560699,"{meta,Overture,Overture-signals,Overture-signals,Overture-signals}",301 N West Shore Blvd,Tampa,FL,33609-1919,+18132861524,http://www.citgo.com/,,{https://www.facebook.com/237409140204469},open,27.94701764,-82.52390855,POINT(-82.52390855 27.94701764)
0060c336-5823-4080-aafa-62e97be7bd6a,76,,gas_station,1,"{DAC,Overture,Overture-signals,Overture-signals,Overture-signals}",1398 East Ave,Chico,CA,95926,+15308918732,http://www.76.com/,,"{https://www.facebook.com/76gas/,https://www.instagram.com/76/,https://www.twitter.com/76,https://www.youtube.com/@Phillips66Co}",open,39.76156,-121.820474,POINT(-121.820474 39.76156)
00616a90-a02c-44fb-a14e-a7589ce70c85,Westborough Service Plaza,,gas_station,0.9722161889076233,"{meta,Overture,Overture-signals,Overture-signals,Overture-signals,Overture-signals,Overture-signals}",Massachusetts Tpke,Hopkinton,MA,01748,+15083661089,www.massdot.state.ma.us/highway/TrafficTravelResources/Travel...,,{https://www.facebook.com/156727181035574},open,42.24527439,-71.59186699,POINT(-71.59186699 42.24527439)
00617fe7-8c1c-444b-89dd-81278b56b488,Sunoco,GoSunoco,gas_station,0.9996823248326778,"{meta,Overture,Overture-signals,Overture-signals}",1825 W Oregon Ave,Philadelphia,PA,19145-3710,+12154683118,http://www.sunoco.com,,{https://www.facebook.com/389151484558571},open,39.91799117,-75.17900242,POINT(-75.17900242 39.91799117)
00619de0-db69-4b9a-971d-38eedb675d7f,Phillips 66,,gas_station,0.9199122190475464,"{DAC,Overture,Overture-signals,Overture-signals,Overture-signals,Overture-signals,Overture-signals,Overture-signals,Overture-signals,Overture-signals,Overture-signals,Overture-signals}",2424 N Loop 289,Lubbock,TX,79413,+17188611709,https://www.phillips66gas.com/,,"{https://www.facebook.com/Phillips66Gas,https://www.instagram.com/phillips66gas/,https://www.twitter.com/Phillips66Gas,https://www.youtube.com/@Phillips66Co}",open,33.622298,-101.869729,POINT(-101.869729 33.622298)
00623977-0550-45fa-b807-c1bd2991594d,CITGO,Citgo,gas_station,0.9902192950248718,"{meta,Overture,Overture-signals,Overture-signals,Overture-signals,Overture-signals,Overture-signals,Overture-signals,Overture-signals,Overture-signals,Overture-signals,Overture-signals}",3403 S Chicago Ave,South Milwaukee,WI,53172-3625,+14142157107,http://www.citgo.com/,,{https://www.facebook.com/165765856783028},open,42.89787576,-87.86469311,POINT(-87.86469311 42.89787576)
00626d8b-5169-4c42-9039-f79d2edf2d3f,BP,,gas_station,0.9199122190475464,"{Microsoft,Overture,Overture-signals,Overture-signals,Overture-signals,Overture-signals,Overture-signals,Overture-signals,Overture-signals,Overture-signals,Overture-signals,Overture-signals}",W15224 US Highway 8,Goodman,WI,54125,7153362308,https://map.bp.com/en-US/US/gas-station/goodman/bp/10190380152245412500100000000000,,,open,45.637774,-88.362002,POINT(-88.362002 45.637774)
0062a0f6-0a34-4fe1-b865-efd3111c5efb,Shell,,gas_station,0.9199122190475464,"{Microsoft,Overture,Overture-signals,Overture-signals,Overture-signals,Overture-signals,Overture-signals,Overture-signals,Overture-signals,Overture-signals,Overture-signals,Overture-signals}",724 State Ave NE,Olympia,WA,98506,3607544737,https://find.shell.com/us/fuel/10014963-724-state-ave-ne,,,open,47.04652219,-122.89336468,POINT(-122.89336468 47.04652219)
00640b3d-1b5a-4fcf-8fd3-ad49a6b1d92c,Stop & Shop,,gas_station,0.77,"{Foursquare,Overture,Overture-signals,Overture-signals,Overture-signals}",97 Main St,North Reading,MA,01864,(978) 664-0192,http://www.stopandshop.com,,,open,42.5755112435081,-71.10806201757916,POINT(-71.10806201757916 42.5755112435081)
00641469-61ba-412a-bb06-74fedc897d1b,ARCO,ARCO,gas_station,0.9902192950248718,"{meta,Overture,Overture-signals,Overture-signals,Overture-signals,Overture-signals,Overture-signals,Overture-signals,Overture-signals,Overture-signals,Overture-signals,Overture-signals}",736 Mission St,South Pasadena,CA,91030-3040,+16267998913,https://www.arco.com/en-us/southwest/find-a-station/,smiley.sima@arco-inc.com,{https://www.facebook.com/332281980200191},open,34.11602259,-118.16083924,POINT(-118.16083924 34.11602259)
0064417a-268b-4742-b1d1-af07cbecf4e4,Mobil,Exxon & Mobil Stations,gas_station,0.9995867456197739,"{meta,Overture}",144 Thompson Rd,Webster,MA,01570-2036,+15086719936,https://www.exxon.com/en,,{https://www.facebook.com/346535279393110},,42.04526799,-71.86312114,POINT(-71.86312114 42.04526799)
006488f4-adcb-44b3-b3d6-d0df4b906e93,Shell,Shell,gas_station,0.9902192950248718,"{meta,Overture,Overture-signals,Overture-signals,Overture-signals,Overture-signals,Overture-signals,Overture-signals,Overture-signals,Overture-signals,Overture-signals,Overture-signals}",1520 S Santa Fe Ave,Los Angeles,CA,90021-2517,+12136233413,https://find.shell.com/us/fuel/10008007-1520-s-santa-fe-ave,shellcustomercare@shell.com,{https://www.facebook.com/154485858455242},open,34.02582217,-118.22962406,POINT(-118.22962406 34.02582217)
00656454-e905-406e-93f0-7a9639cb1cca,Sunoco,,gas_station,0.9199122190475464,"{Microsoft,Overture,Overture-signals,Overture-signals,Overture-signals,Overture-signals,Overture-signals,Overture-signals,Overture-signals,Overture-signals,Overture-signals,Overture-signals}",268 Watertown Road,Thomaston,CT,06787,8602839777,https://www.sunoco.com/,,,open,41.65751647223588,-73.0881094817069,POINT(-73.0881094817069 41.65751647223588)
0065a472-e76b-4e9e-b4fc-dbaea67dad65,Chevron,,gas_station,0.77,"{Foursquare,Overture}",,Pasadena,TX,77505,(281) 998-0414,http://www.chevron.com,,,,29.650075859904423,-95.1709381205187,POINT(-95.1709381205187 29.650075859904423)
006611ac-2cb2-4814-b4d6-6d5a18b4e6bb,Workman Oil & Gas,,gas_station,0.80350661277771,"{meta,Overture}",Simpson Highway 149,Mendenhall,MS,39114,+16016757174,,,{https://www.facebook.com/157851744546379},,31.962896,-89.878428,POINT(-89.878428 31.962896)
0066611d-8f03-4ccb-98c1-b747c4f01176,Exxon,,gas_station,0.9655,"{Microsoft,Overture}",804 Thomas Drive,Panama City Beach,FL,32408,8502340159,https://www.exxon.com/en/find-station/exxon-panamacitybeach-fl-fl0002-200327804?utm_medium=referral&utm_source=yxt-bing&utm_campaign=us_fue_ret_xom_yxt,,,,30.178375178875683,-85.76070253028932,POINT(-85.76070253028932 30.178375178875683)
00668ea8-2e31-4953-8a87-fd56e967dbfb,76,,gas_station,0.9902192950248718,"{DAC,Overture,Overture-signals,Overture-signals,Overture-signals,Overture-signals,Overture-signals,Overture-signals,Overture-signals,Overture-signals,Overture-signals,Overture-signals}",393 E 17th St,Costa Mesa,CA,92627,+19495157676,https://www.76.com/,,"{https://www.facebook.com/76gas/,https://www.instagram.com/76/,https://www.twitter.com/76,https://www.youtube.com/@Phillips66Co}",open,33.630748,-117.912447,POINT(-117.912447 33.630748)
0066a08a-c879-4d8a-8a19-2d9cfdcec6eb,Cenex,,gas_station,0.9199122190475464,"{Microsoft,Overture,Overture-signals,Overture-signals,Overture-signals,Overture-signals,Overture-signals,Overture-signals,Overture-signals,Overture-signals,Overture-signals,Overture-signals}",111 N Scott Ave,Belton,MO,64012,8162774749,https://www.cenex.com/,,,open,38.81601,-94.53432,POINT(-94.53432 38.81601)
0066f1eb-672b-4c10-96ce-98d370ce867d,Ba'ja Chevron,,gas_station,0.5783116221427917,"{meta,Overture}",11080 N Fort McDowell Rd,Fort McDowell,AZ,85264,,,,{https://www.facebook.com/1023474964362742},,33.58809,-111.68016,POINT(-111.68016 33.58809)
0067fbad-c0fe-4439-98c2-0ba1764699c3,Chevron,Chevron,gas_station,0.9199122190475464,"{meta,Overture,Overture-signals,Overture-signals,Overture-signals,Overture-signals,Overture-signals,Overture-signals,Overture-signals,Overture-signals,Overture-signals,Overture-signals}",500 SE Chkalov Dr,Vancouver,WA,98683-5232,+13602569196,http://www.chevron.com/,lwainwright@chevron.com,{https://www.facebook.com/146962871994038},open,45.6178023,-122.55522611,POINT(-122.55522611 45.6178023)
00685718-e510-4d6b-bedb-028f3b097f7e,Chevron,Chevron,gas_station,0.9199122190475464,"{meta,Overture,Overture-signals,Overture-signals,Overture-signals,Overture-signals,Overture-signals,Overture-signals,Overture-signals,Overture-signals,Overture-signals,Overture-signals}",610 Hwy 1,Arroyo Grande,CA,93420-6501,+18054897900,http://www.chevron.com/,,{https://www.facebook.com/214823198900123},open,35.08055458,-120.58718717,POINT(-120.58718717 35.08055458)
00686267-e03d-4a01-870d-7401588e48b3,Yarmouth Route 1 Irving,,gas_station,0.77,"{Foursquare,Overture}",255 U.S 1,Yarmouth,ME,04096,(207) 846-3316,http://www.theirving.com,,,,43.790401652786805,-70.18893843191961,POINT(-70.18893843191961 43.790401652786805)
00692346-2f66-4f05-99f0-bceb691e1fc5,BP,,gas_station,0.9199122190475464,"{Microsoft,Overture,Overture-signals,Overture-signals,Overture-signals,Overture-signals,Overture-signals,Overture-signals,Overture-signals,Overture-signals,Overture-signals,Overture-signals}",9581 Highway 78,Ladson,SC,29456,8435538666,https://www.bp.com/en_us/bp-us.html,,,open,32.98758768,-80.0982006,POINT(-80.0982006 32.98758768)
00697a38-3bf2-47d2-bf24-4b848805cdcf,Diamond Shamrock,,gas_station,0.9199122190475464,"{meta,Overture,Overture-signals,Overture-signals,Overture-signals,Overture-signals,Overture-signals,Overture-signals,Overture-signals,Overture-signals,Overture-signals,Overture-signals}",300 S Downing St,Denver,CO,80209-2435,+13036981834,,,{https://www.facebook.com/207794213354573},open,39.71096248,-104.97311482,POINT(-104.97311482 39.71096248)
00697be0-0624-47c4-95cb-26aae554ad82,Exxon,,gas_station,0.9199122190475464,"{Foursquare,Overture,Overture-signals,Overture-signals,Overture-signals,Overture-signals,Overture-signals,Overture-signals,Overture-signals,Overture-signals,Overture-signals,Overture-signals}",22921 W Lincoln Hwy,Plainfield,IL,60586,(815) 254-2002,http://www.exxonmobilstations.com,,,open,41.58560696600483,-88.17459013653125,POINT(-88.17459013653125 41.58560696600483)
00699b14-5b14-42b1-a69e-4e8a7c237a7f,BP,bp,gas_station,0.9199122190475464,"{meta,Overture,Overture-signals,Overture-signals,Overture-signals,Overture-signals,Overture-signals,Overture-signals,Overture-signals,Overture-signals,Overture-signals,Overture-signals}",20 Devils Hollow Rd,Frankfort,KY,40601-8346,+15022270879,https://map.bp.com/en-US/US/gas-station/frankfort/bp/75109994600204060100100000000000,bpconsumer@bp.com,{https://www.facebook.com/845082075654343},open,38.19651762,-84.89554797,POINT(-84.89554797 38.19651762)
0069a382-c8df-4ae2-a400-ebe709e79c30,Exxon,,gas_station,0.9655,"{Microsoft,Overture}",927 Gloucester Rd.,Saluda,VA,23149,8047584046,https://locations.exxon.com/va/saluda/927-gloucester-rd.?utm_medium=referral&utm_source=yxt-bing&utm_campaign=us_fue_ret_xom_yxt,,,,37.60601880769192,-76.59561847142854,POINT(-76.59561847142854 37.60601880769192)
0069ffd9-a2a0-4ac5-b49e-e94f585fcd50,Conoco,,gas_station,1,"{DAC,Overture,Overture-signals,Overture-signals,Overture-signals}",700 4th Ave,Fort Garland,CO,81133,+17194872173,https://www.conoco.com/,,"{https://www.facebook.com/conoco/,https://www.instagram.com/conoco/,https://www.twitter.com/Conoco,https://www.youtube.com/@Phillips66Co}",open,37.427167,-105.431925,POINT(-105.431925 37.427167)
006a3ca5-5609-4a98-8f99-3d0179db7c67,Home Oil Co,,gas_station,0.9199122190475464,"{meta,Overture,Overture-signals,Overture-signals,Overture-signals,Overture-signals,Overture-signals,Overture-signals,Overture-signals,Overture-signals,Overture-signals,Overture-signals}",611 Main St,Almena,KS,67622-9645,+17856692421,,almlum@ruraltel.net,{https://www.facebook.com/1162716860252609},open,39.89165355,-99.70621879,POINT(-99.70621879 39.89165355)
006b399b-b0d3-46b9-b612-b0fc4c2d5c01,Texaco Station Raymond,,gas_station,0.85,"{Microsoft,Overture}",9140 Highway 18,Raymond,MS,39154,6013734566,http://www.texaco.com/stations/default.aspx,,,,32.2657005,-90.3396909,POINT(-90.3396909 32.2657005)
006c23b8-d60f-4c1f-aae1-d68d2675fad2,BP,,gas_station,0.85,"{Microsoft,Overture}",626 E Main St,Abingdon,VA,24210,2766283532,http://mybpstation.com/,,,,36.717028,-81.9555545,POINT(-81.9555545 36.717028)
006d4472-3b84-451a-8697-d7031db44a3c,Sam's Mart,,gas_station,0.9902192950248718,"{meta,Overture,Overture-signals,Overture-signals,Overture-signals,Overture-signals,Overture-signals,Overture-signals,Overture-signals,Overture-signals,Overture-signals,Overture-signals}",1219 N Brazosport Blvd,Freeport,TX,77541-3505,+19792334011,https://www.phillips66gas.com,,{https://www.facebook.com/142772725762000},open,28.97111472,-95.37125903,POINT(-95.37125903 28.97111472)
006e0a36-5605-4ef0-b631-8059fd0fd328,Shell,Shell,gas_station,0.9199122190475464,"{meta,Overture,Overture-signals,Overture-signals,Overture-signals,Overture-signals,Overture-signals,Overture-signals,Overture-signals,Overture-signals,Overture-signals,Overture-signals}",1945 Lake Whatcom Blvd,Bellingham,WA,98229-2768,+13607347031,https://find.shell.com/us/fuel/10007413-1945-lake-whatcom-blvd,shellcustomercare@shell.com,{https://www.facebook.com/125666348045491},open,48.71107714,-122.33062137,POINT(-122.33062137 48.71107714)
006e1f4b-a5a3-427f-8d72-24620161f858,Motion Fuels,,gas_station,0.9199122190475464,"{meta,Overture,Overture-signals,Overture-signals,Overture-signals,Overture-signals,Overture-signals,Overture-signals,Overture-signals,Overture-signals,Overture-signals,Overture-signals}",1100 E Main St,Clarksville,AR,72830-8901,+14797542840,http://www.motionfuels.com/,motionfuelsoffice@gmail.com,{https://www.facebook.com/470430076348487},open,35.47020653,-93.44051656,POINT(-93.44051656 35.47020653)
006e5c90-5aeb-451e-a221-72c1acb73274,Amoco,,gas_station,0.9902192950248718,"{Microsoft,Overture,Overture-signals,Overture-signals,Overture-signals,Overture-signals,Overture-signals,Overture-signals,Overture-signals,Overture-signals,Overture-signals,Overture-signals}",971 Virginia Beach Blvd,Virginia Beach,VA,23451,7574250686,https://map.bp.com/en-US/US/gas-station/virginia-beach/amoco/05658752029712345100100000244848,,,open,36.8420716,-75.99143853,POINT(-75.99143853 36.8420716)
006e9ab0-1550-40a4-b615-5167892f5a1c,Hilton Gas Mart,,gas_station,0.9199122190475464,"{Foursquare,Overture,Overture-signals,Overture-signals,Overture-signals,Overture-signals,Overture-signals,Overture-signals,Overture-signals,Overture-signals,Overture-signals,Overture-signals}",2701 Hilton Rd,Ferndale,MI,48220,(248) 544-0999,http://ctdi.com,,,open,42.4686410828466,-83.1236701885866,POINT(-83.1236701885866 42.4686410828466)
006f9af9-5304-43f4-b8f6-4adecee0ddc2,Sunoco Gas Station,,gas_station,0.9902192950248718,"{Microsoft,Overture,Overture-signals,Overture-signals,Overture-signals,Overture-signals,Overture-signals,Overture-signals,Overture-signals,Overture-signals,Overture-signals,Overture-signals}",5650 Ridge Ave,Philadelphia,PA,19128,2154831539,https://www.sunoco.com/locations/store/5650-ridge-ave-philadelphia-pa-0427121902,,,open,40.02653884887695,-75.2095947265625,POINT(-75.2095947265625 40.02653884887695)
00703a27-c643-42df-b0b4-dfd0449b0cc0,Trucker's Paradise,,gas_station,0.9199122190475464,"{meta,Overture,Overture-signals,Overture-signals,Overture-signals,Overture-signals,Overture-signals,Overture-signals,Overture-signals,Overture-signals,Overture-signals,Overture-signals}",1745 Highway 531,Minden,LA,71055-6533,+13183711310,https://poidirectory.com/find/Truckers-Paradise-Minden-,,{https://www.facebook.com/162711013752544},open,32.582067135720564,-93.24823997937281,POINT(-93.24823997937281 32.582067135720564)
00713738-cc1e-44ca-a67f-75e7d0561e7b,Shell,Shell,gas_station,0.9199122190475464,"{meta,Overture,Overture-signals,Overture-signals,Overture-signals,Overture-signals,Overture-signals,Overture-signals,Overture-signals,Overture-signals,Overture-signals,Overture-signals}",5200 Rufe Snow Dr,North Richland Hills,TX,76180-6666,+18175819289,https://find.shell.com/us/fuel/10048777-5200-rufe-snow-dr,shellcustomercare@shell.com,{https://www.facebook.com/367654796984901},open,32.84402358,-97.2383558,POINT(-97.2383558 32.84402358)
0071a03f-c6f1-4fbf-86b0-4f0df430e730,Valero Gas Station,Valero Energy,gas_station,0.9902192950248718,"{meta,Overture,Overture-signals,Overture-signals,Overture-signals,Overture-signals,Overture-signals,Overture-signals,Overture-signals,Overture-signals,Overture-signals,Overture-signals}",6007 W Main Blvd,East Allen Twp,PA,18014-9086,+16108377510,http://www.valero.com,,{https://www.facebook.com/264688093703153},open,40.73398306,-75.41755337,POINT(-75.41755337 40.73398306)
00726a73-cd58-4865-a012-354bf6ce8fa6,Chevron,Chevron,gas_station,0.954,"{AllThePlaces,Overture}",14555 EASTEX FREEWAY,HUMBLE,TX,77396,,https://www.chevronwithtechron.com/en_us/home/gas-station-near-me.html?/station/14555-EASTEX-FREEWAY-HUMBLE-TX-77396-id309010,,,,29.9301138,-95.3013467,POINT(-95.3013467 29.9301138)
00732d83-bd08-4212-afa6-bf6d7fa60af9,L & L Food Stores,,gas_station,0.77,"{Foursquare,Overture}",Sunset ave,Rocky Mt,NC,27804,(252) 443-5192,,,{https://www.facebook.com/119014241483662},,35.976843473595686,-77.86866459854693,POINT(-77.86866459854693 35.976843473595686)
0073bf9a-d4c9-419b-93ca-958dbfa8b8c2,CAT Scale,,truck_gas_station,0.9199122190475464,"{Microsoft,Overture,Overture-signals,Overture-signals,Overture-signals,Overture-signals,Overture-signals,Overture-signals,Overture-signals,Overture-signals,Overture-signals,Overture-signals}",3305 W College Dr,Cheyenne,WY,82007,3076327902,http://catscale.com/?utm_medium=yext&utm_source=bing,,,open,41.098146,-104.8488479,POINT(-104.8488479 41.098146)
00746968-8d4b-49ea-8558-b6381719dfed,Mobil,,gas_station,0.9199122190475464,"{Microsoft,Overture,Overture-signals,Overture-signals,Overture-signals,Overture-signals,Overture-signals,Overture-signals,Overture-signals,Overture-signals,Overture-signals,Overture-signals}",1680 Montgomery Rd,Aurora,IL,60504,6302363520,https://www.exxon.com/en/find-station/mobil-aurora-il-7eleven33141-200323025?utm_medium=referral&utm_source=yxt-bing&utm_campaign=us_fue_ret_xom_yxt,,,open,41.735352092558635,-88.27286855804542,POINT(-88.27286855804542 41.735352092558635)
0074a9fc-d147-428b-bad8-f6ce5b3ff07d,Shell,Shell,gas_station,0.9199122190475464,"{meta,Overture,Overture-signals,Overture-signals,Overture-signals,Overture-signals,Overture-signals,Overture-signals,Overture-signals,Overture-signals,Overture-signals,Overture-signals}",1802 Cloverfield Blvd,Santa Monica,CA,90404-4910,+13108282727,https://find.shell.com/us/fuel/10008338-1802-cloverfield-blvd,shellcustomercare@shell.com,{https://www.facebook.com/165431040667932},open,34.0251217,-118.47026827,POINT(-118.47026827 34.0251217)
0074c638-f8a0-460c-8860-ee52c54a059f,Sunoco Gas Station,,gas_station,0.9199122190475464,"{Microsoft,Overture,Overture-signals,Overture-signals,Overture-signals,Overture-signals,Overture-signals,Overture-signals,Overture-signals,Overture-signals,Overture-signals,Overture-signals}",201 W Herrick Ave,Wellington,OH,44090,4406473980,https://www.sunoco.com/find-a-station,,,open,41.1686435,-82.2210207,POINT(-82.2210207 41.1686435)
0075cb4e-3816-4ef4-9558-95074a53658c,Sinclair,Sinclair Oil,gas_station,0.9199122190475464,"{meta,Overture,Overture-signals,Overture-signals,Overture-signals,Overture-signals,Overture-signals,Overture-signals,Overture-signals,Overture-signals,Overture-signals,Overture-signals}",325 W Rio Grande Ave,Wildwood,NJ,08260-1521,,,,{https://www.facebook.com/239847225874445},open,38.9869429,-74.82775681,POINT(-74.82775681 38.9869429)
00765833-7f33-41ad-8eb0-5b456a196f01,BP America,bp America,gas_station,0.9005762338638306,"{meta,Overture,Overture-signals,Overture-signals,Overture-signals}",3910 S 320th St,Auburn,WA,98001-3116,+12538397305,http://www.bp.com/en_us/bp-us.html,,{https://www.facebook.com/1753873387987513},open,47.315474,-122.284231,POINT(-122.284231 47.315474)
0076da70-9bbc-44fa-b71e-c1bbabcaff86,Brooklyn Crown,,gas_station,0.8997182846069336,"{meta,Overture}",5701 Governor Ritchie Hwy,Brooklyn,MD,21225-3640,+14106092505,http://gulfoil.com/,ask_gulf@gulfoil.com,{https://www.facebook.com/109683863822943},,39.2179297,-76.6139717,POINT(-76.6139717 39.2179297)
00775c67-ca25-4b77-ba5d-1f47ed7f28af,United Oil,,gas_station,0.9199122190475464,"{meta,Overture,Overture-signals,Overture-signals,Overture-signals,Overture-signals,Overture-signals,Overture-signals,Overture-signals,Overture-signals,Overture-signals,Overture-signals}",9815 National Blvd,Los Angeles,CA,90034-2712,+14242988337,http://www.unitedoilco.com,,{https://www.facebook.com/148854791804786},open,34.03161225,-118.40001081,POINT(-118.40001081 34.03161225)
0078d1cf-436c-402f-a85f-69671ca2e418,Petroleum Strategies Inc,,gas_station,0.9199122190475464,"{meta,Overture,Overture-signals,Overture-signals,Overture-signals,Overture-signals,Overture-signals,Overture-signals,Overture-signals,Overture-signals,Overture-signals,Overture-signals}",303 W Wall St,Midland,TX,79701-5101,+14326820292,http://www.petroleumstrategies.com,donna@petroleumstrategies.com,{https://www.facebook.com/956973451044384},open,31.99718249,-102.07767022,POINT(-102.07767022 31.99718249)
0079ebab-e480-4087-8e4c-8d7eba73aa0c,Freddie's Shell Service Center,,gas_station,0.9199122190475464,"{Foursquare,Overture,Overture-signals,Overture-signals,Overture-signals,Overture-signals,Overture-signals,Overture-signals,Overture-signals,Overture-signals,Overture-signals,Overture-signals}",5400 Bunkum Rd,East Saint Louis,IL,62204,(618) 874-1700,http://www.shell.com,,,open,38.622694,-90.092293,POINT(-90.092293 38.622694)
007bab17-5ac7-4a5e-9183-705254ea0f75,Chevron Station Westminster,,gas_station,0.9199122190475464,"{Microsoft,Overture,Overture-signals,Overture-signals,Overture-signals,Overture-signals,Overture-signals,Overture-signals,Overture-signals,Overture-signals,Overture-signals,Overture-signals}",13741 Beach Blvd,Westminster,CA,92683,7148919630,"",,,open,33.7626605,-117.9899678,POINT(-117.9899678 33.7626605)
007c132e-b8c9-4981-95b1-8102f9161500,Shell,,gas_station,0.984475,"{Microsoft,Overture}",1090 Kingwood Dr,Kingwood,TX,77339,2813583456,https://find.shell.com/us/fuel/12593285-1090-kingwood-dr/en_US,,,,30.049248,-95.241068,POINT(-95.241068 30.049248)
007ce8c1-f41b-42bb-bf36-e444d6af12d6,Shell Super Stop,Shell,gas_station,0.9199122190475464,"{meta,Overture,Overture-signals,Overture-signals,Overture-signals,Overture-signals,Overture-signals,Overture-signals,Overture-signals,Overture-signals,Overture-signals,Overture-signals}",4369 US 63 Hwy N,Hazen,AR,72064-8129,+18702553519,http://www.shell.us/,,{https://www.facebook.com/158714180810028},open,34.815960608538,-91.566434341717,POINT(-91.566434341717 34.815960608538)
007cf4ad-01e5-4a68-8300-bc7a0db696b3,Conoco,,gas_station,0.9199122190475464,"{DAC,Overture,Overture-signals,Overture-signals,Overture-signals,Overture-signals,Overture-signals,Overture-signals,Overture-signals,Overture-signals,Overture-signals,Overture-signals}",69 21st St SW,Huron,SD,57350,+16053420527,https://www.conoco.com/,,"{https://www.facebook.com/conoco/,https://www.instagram.com/conoco/,https://www.twitter.com/Conoco,https://www.youtube.com/@Phillips66Co}",open,44.341836,-98.214776,POINT(-98.214776 44.341836)
007cf5ae-284d-4c3e-a196-a00c5e13bbc4,Cenex,,gas_station,0.85,"{Microsoft,Overture}",402 N Hoy St,Buffalo,OK,73834,5807352533,https://www.cenex.com/,,,,36.8319176,-99.6303388,POINT(-99.6303388 36.8319176)
007fc920-3bed-4fe1-9866-73471ca05810,Buddy's Food Mart,,gas_station,0.9902192950248718,"{meta,Overture,Overture-signals,Overture-signals,Overture-signals,Overture-signals,Overture-signals,Overture-signals,Overture-signals,Overture-signals,Overture-signals,Overture-signals}",3043 Skyland Blvd E,Tuscaloosa,AL,35405-4427,+12055566531,http://www.shell.us/,,{https://www.facebook.com/121469934568881},open,33.1694003,-87.49755965,POINT(-87.49755965 33.1694003)
00802913-8c48-4f4c-8712-c44aa5989ad6,Exxon,,gas_station,0.9199122190475464,"{meta,Overture,Overture-signals,Overture-signals,Overture-signals,Overture-signals,Overture-signals,Overture-signals,Overture-signals,Overture-signals,Overture-signals,Overture-signals}",100 State Highway 123 S,Stockdale,TX,78160,+18309969600,http://www.exxon.com,,{https://www.facebook.com/333743374177703},open,29.23658854,-97.9595624,POINT(-97.9595624 29.23658854)
00809609-f964-420d-ad35-c03ea0a4562a,Marathon,,gas_station,0.9199122190475464,"{Foursquare,Overture,Overture-signals,Overture-signals,Overture-signals,Overture-signals,Overture-signals,Overture-signals,Overture-signals,Overture-signals,Overture-signals,Overture-signals}",704 N Main St,Wrens,GA,30833,(706) 547-2214,http://www.marathon.com,,,open,33.217625729777424,-82.37808205656627,POINT(-82.37808205656627 33.217625729777424)
0080d0d5-5640-490e-a700-6dad3bde88f6,Shell,,gas_station,0.9199122190475464,"{Foursquare,Overture,Overture-signals,Overture-signals,Overture-signals,Overture-signals,Overture-signals,Overture-signals,Overture-signals,Overture-signals,Overture-signals,Overture-signals}",201 W Frederick St,Riesel,TX,76682,(254) 896-7777,https://find.shell.com/us/fuel/10004984-201-w-frederick-st,,"{https://www.twitter.com/shell,https://www.facebook.com/200969413280005}",open,31.47452264981657,-96.92523299416196,POINT(-96.92523299416196 31.47452264981657)
00812918-8151-4a2f-93ad-7f381622d2f2,Shell,,gas_station,0.9199122190475464,"{Microsoft,Overture,Overture-signals,Overture-signals,Overture-signals,Overture-signals,Overture-signals,Overture-signals,Overture-signals,Overture-signals,Overture-signals,Overture-signals}",2335 N Washington St,Forrest City,AR,72335,8706338260,https://find.shell.com/us/fuel/10002264-2335-n-washington-st,,,open,35.03231563,-90.79007539,POINT(-90.79007539 35.03231563)
00812e35-fa4a-4ef4-b805-d99a63e6fbff,Sunoco,Sunoco,gas_station,0.9902192950248718,"{meta,Overture,Overture-signals,Overture-signals,Overture-signals,Overture-signals,Overture-signals,Overture-signals,Overture-signals,Overture-signals,Overture-signals,Overture-signals}",1905 Joe S Jeffords Hwy SE,Orangeburg,SC,29115-7428,+18035330315,http://www.sunoco.com,,{https://www.facebook.com/191459388153291},open,33.47082298,-80.84725524,POINT(-80.84725524 33.47082298)
0081d817-98aa-4635-9b62-239dc7a1553c,ARCO,ARCO,gas_station,0.9902192950248718,"{meta,Overture,Overture-signals,Overture-signals,Overture-signals,Overture-signals,Overture-signals,Overture-signals,Overture-signals,Overture-signals,Overture-signals,Overture-signals}",5498 Monterey Rd,San Jose,CA,95111-2929,+14082248977,http://www.bp.com/en_us/bp-us.html,,{https://www.facebook.com/127121187915016},open,37.25687931,-121.80376767,POINT(-121.80376767 37.25687931)
00822e86-cdad-4010-aa6b-61e105040a13,Chevron,,gas_station,0.77,"{Foursquare,Overture}",6801 W US Highway 90,San Antonio,TX,78227,(210) 673-6780,http://www.chevron.com,,,,29.40386595156961,-98.62465215289598,POINT(-98.62465215289598 29.40386595156961)
008237bb-78b2-46e9-b0ad-b3a56f873524,Exxon,,gas_station,0.9199122190475464,"{Microsoft,Overture,Overture-signals,Overture-signals,Overture-signals,Overture-signals,Overture-signals,Overture-signals,Overture-signals,Overture-signals,Overture-signals,Overture-signals}",5151 N Tarrant Pkwy,Fort Worth,TX,76244,6822498632,https://www.exxon.com/en/find-station/exxon-fortworth-tx-7eleven41934-200327999?utm_medium=referral&utm_source=yxt-bing&utm_campaign=us_fue_ret_xom_yxt,,,open,32.89506204424005,-97.27331148698865,POINT(-97.27331148698865 32.89506204424005)
00827546-08a0-4467-9603-d7e12c5354b3,Shell,Shell,gas_station,0.9902192950248718,"{meta,Overture,Overture-signals,Overture-signals,Overture-signals,Overture-signals,Overture-signals,Overture-signals,Overture-signals,Overture-signals,Overture-signals,Overture-signals}",441 Piney Grove Rd,Columbia,SC,29210-3837,+18037987818,https://find.shell.com/us/fuel/10012512-441-piney-grove-rd-i,shellcustomercare@shell.com,{https://www.facebook.com/1930809427184510},open,34.06713567,-81.14402456,POINT(-81.14402456 34.06713567)
0082e520-b217-4ebb-b900-6c5fcfa68473,Sinclair Gas Station,Sinclair Oil,gas_station,0.5551720261573792,"{meta,Overture}",,Colorado Springs,CO,,,,,{https://www.facebook.com/1825541794231416},,38.856868743896,-104.87977600098,POINT(-104.87977600098 38.856868743896)
008340d4-4015-4c25-a5f2-b0cb789b859a,Mobil,Exxon & Mobil Stations,gas_station,0.9902192950248718,"{meta,Overture,Overture-signals,Overture-signals,Overture-signals,Overture-signals,Overture-signals,Overture-signals,Overture-signals,Overture-signals,Overture-signals,Overture-signals}",328 S Telegraph Rd,Sylvan Lake,MI,48341-1937,+12486827945,https://www.exxon.com/en/find-station/200316793,,{https://www.facebook.com/112697648860773},open,42.62521841,-83.32549386,POINT(-83.32549386 42.62521841)
0083c20d-f06a-4c5f-bf96-8c30a08893f7,BP,bp,gas_station,0.9999412678837776,"{meta,Overture}",6830 Baltimore Annapolis Blvd,Linthicum Heights,MD,21090-1602,+14107897003,http://www.bp.com/,bpconsumer@bp.com,{https://www.facebook.com/235525167742954},,39.22091548,-76.64271758,POINT(-76.64271758 39.22091548)
00846c37-358e-4055-9eaf-0700e0a83da9,Phillips 66,Phillips 66 Gas,gas_station,0.7245597839355469,"{meta,Overture,Overture-signals,Overture-signals,Overture-signals}",7398 E US-80,Terrell,TX,75161-6502,+19725511378,http://www.phillips66gas.com,,{https://www.facebook.com/141496176195612},open,32.72139487175034,-96.16774197006625,POINT(-96.16774197006625 32.72139487175034)
0084713e-e09f-4b51-9d00-58481bc621ae,Shell,Shell,gas_station,0.9199122190475464,"{meta,Overture,Overture-signals,Overture-signals,Overture-signals,Overture-signals,Overture-signals,Overture-signals,Overture-signals,Overture-signals,Overture-signals,Overture-signals}",5838 Highway 27,Center Point,TX,78010-5467,+18306347711,https://find.shell.com/us/fuel/10056519-5838-highway-27,shellcustomercare@shell.com,{https://www.facebook.com/123373314941412},open,29.95048189,-99.04228237,POINT(-99.04228237 29.95048189)
00847a5a-c486-4db0-b197-217ce3b32d3e,Chevron,Chevron,gas_station,0.9870992457866669,"{meta,Overture}",4000 Troy Hwy,Montgomery,AL,36116-2600,+13342815910,https://www.chevronwithtechron.com/en_us/home/find-a-station.html?/station/4000-TROY-HIGHWAY-MONTGOMERY-AL-36116-id372733,,{https://www.facebook.com/532769280230009},,32.32281123,-86.23796178,POINT(-86.23796178 32.32281123)
00849408-cf29-432c-aafc-f9e98aa9c8dc,Powerfuel Express,,gas_station,0.9199122190475464,"{meta,Overture,Overture-signals,Overture-signals,Overture-signals,Overture-signals,Overture-signals,Overture-signals,Overture-signals,Overture-signals,Overture-signals,Overture-signals}",13611 Ella Blvd,Houston,TX,77014-3312,+12818770786,https://powermart-1.hub.biz/,,{https://www.facebook.com/161558953871833},open,29.96556487,-95.42994851,POINT(-95.42994851 29.96556487)
008554fa-b9bd-452a-81e2-7b856fcd7748,Shell,,gas_station,0.9199122190475464,"{Microsoft,Overture,Overture-signals,Overture-signals,Overture-signals,Overture-signals,Overture-signals,Overture-signals,Overture-signals,Overture-signals,Overture-signals,Overture-signals}",1072 US Highway 202,Ringoes,NJ,08551,7322721305,https://find.shell.com/us/fuel/10001443-1072-us-highway-202,,,open,40.4278551,-74.86319988,POINT(-74.86319988 40.4278551)
00855e70-10ef-496c-a7ea-51028c52d5c9,Mobil,Exxon & Mobil Stations,gas_station,0.9995392889380456,"{meta,Overture}",5151 Park Blvd N,Pinellas Park,FL,33781-3415,+17275471310,https://www.exxon.com/en,,{https://www.facebook.com/819384961794125},,27.83945335,-82.70326992,POINT(-82.70326992 27.83945335)
00856640-35c4-442f-9591-d4413e3db062,Exxon,,gas_station,0.85,"{Microsoft,Overture}",Interstate 10 & Vance Jackson Rd,San Antonio,TX,78201,"",https://www.exxon.com/en/find-station/exxon-sanantonio-tx-7eleven38225-200324913?utm_medium=referral&utm_source=yxt-bing&utm_campaign=us_fue_ret_xom_yxt,,,,29.485128,-98.535001,POINT(-98.535001 29.485128)
00864bac-644d-4f22-915e-0ee677e630f2,BP,,gas_station,0.9199122190475464,"{Microsoft,Overture,Overture-signals,Overture-signals,Overture-signals,Overture-signals,Overture-signals,Overture-signals,Overture-signals,Overture-signals,Overture-signals,Overture-signals}",5 Lane St,Yemassee,SC,29945,8435894010,http://mybpstation.com/,,,open,32.705741,-80.872253,POINT(-80.872253 32.705741)
008681ae-aa38-4370-bf5b-692dc0c6efe6,Chevron,Chevron,gas_station,0.9575430154800415,"{meta,Overture,Overture-signals,Overture-signals,Overture-signals,Overture-signals,Overture-signals,Overture-signals,Overture-signals,Overture-signals,Overture-signals,Overture-signals}",4290 Via Real,Carpinteria,CA,93013-1222,+18055662976,http://www.chevron.com/,comment@chevron.com,{https://www.facebook.com/197976800219199},open,34.40499483,-119.53071401,POINT(-119.53071401 34.40499483)
0086fdfd-7891-49b3-8739-65a3d3dd0f77,Macedonia Food Store,,gas_station,0.6436563730239868,"{meta,Overture}",8727 Cumming Hwy,Canton,GA,30115-9321,+17704794028,,,{https://www.facebook.com/579605015547419},,34.255076,-84.347633,POINT(-84.347633 34.255076)
0087434d-0e1f-44a8-9010-d6e07d0a3e9e,Texaco,,gas_station,0.9199122190475464,"{Foursquare,Overture,Overture-signals,Overture-signals,Overture-signals,Overture-signals,Overture-signals,Overture-signals,Overture-signals,Overture-signals,Overture-signals,Overture-signals}",180 University Ave SW,Atlanta,GA,30315,(404) 622-9288,http://www.texaco.com,,,open,33.72166212612317,-84.39374041612481,POINT(-84.39374041612481 33.72166212612317)
008774c2-9cd2-4735-98b5-53ded6498635,Shell,Shell,gas_station,0.9199122190475464,"{meta,Overture,Overture-signals,Overture-signals,Overture-signals,Overture-signals,Overture-signals,Overture-signals,Overture-signals,Overture-signals,Overture-signals,Overture-signals}",3030 Highway 12,Vidor,TX,77662-3521,+14097830200,http://www.shell.us/,shellcustomercare@shell.com,{https://www.facebook.com/209758553227169},open,30.14889262,-93.97874828,POINT(-93.97874828 30.14889262)
008784b6-2e4c-4b82-9504-c624105ae9fb,Shell,Shell,gas_station,0.9902192950248718,"{meta,Overture,Overture-signals,Overture-signals,Overture-signals,Overture-signals,Overture-signals,Overture-signals,Overture-signals,Overture-signals,Overture-signals,Overture-signals}",3060 State St,Santa Barbara,CA,93105-3304,+18055631001,https://www.fuelrewards.com/,peter.hunt@shell.com,{https://www.facebook.com/925554280886417},open,34.44060539,-119.73066415,POINT(-119.73066415 34.44060539)
0087de92-cc62-423c-8875-dd0eb03f3368,Wesley,RaceTrac,gas_station,0.8,"{AllThePlaces,Overture}",6901 Wesley St,Greenville,TX,75402,,https://www.racetrac.com/locations/texas/greenville/wesley,,,,33.099645,-96.10924,POINT(-96.10924 33.099645)
00880798-b3b2-48d4-bc9b-4f44bbc055b4,Sunoco,,gas_station,0.77,"{Foursquare,Overture}",39269 Highway 621,Gonzales,LA,70737,(225) 644-1915,http://www.sunoco.com,,,,30.268930123441002,-90.94655139204235,POINT(-90.94655139204235 30.268930123441002)
00880c43-db29-468a-b84c-868658536e85,Shell,Shell,gas_station,0.9902192950248718,"{meta,Overture,Overture-signals,Overture-signals,Overture-signals,Overture-signals,Overture-signals,Overture-signals,Overture-signals,Overture-signals,Overture-signals,Overture-signals}",2001 N Center St,Elkins,AR,72727-2901,+14796433277,https://find.shell.com/us/fuel/10010495-2001-n-center-st,shellcustomercare@shell.com,{https://www.facebook.com/241983089644876},open,36.02835888,-94.02345749,POINT(-94.02345749 36.02835888)
0088beca-da1c-4ae3-907b-1b1bdf3f9a9b,Kangaroo Express,,gas_station,0.9199122190475464,"{Microsoft,Overture,Overture-signals,Overture-signals,Overture-signals,Overture-signals,Overture-signals,Overture-signals,Overture-signals,Overture-signals,Overture-signals,Overture-signals}",10409 Mallard Creek Rd,Charlotte,NC,28262,7045489539,http://kangarooexpress.com/storehome/3940,,,open,35.3416328942824,-80.768922238503,POINT(-80.768922238503 35.3416328942824)
0088fc0e-1f79-4afe-9be4-a8d0b5565eb0,Mobil,,gas_station,0.9655,"{Microsoft,Overture}",773 Maple Road,Longmeadow,MA,01106,4135676233,https://www.exxon.com/en/find-station/mobil-longmeadow-ma-mapleroadservicestation-200304581?utm_medium=referral&utm_source=yxt-bing&utm_campaign=us_fue_ret_xom_yxt,,,,42.032395023236234,-72.55389768220901,POINT(-72.55389768220901 42.032395023236234)
0089227d-d62d-4a1a-8075-0faded7fa46a,Shell Gas Station,,gas_station,0.77,"{Foursquare,Overture}",Ne Corner I-20 & Us,Santo,TX,76472,,http://www.shell.com,,{https://www.twitter.com/Shell_US},,32.59954550135638,-98.11279815765349,POINT(-98.11279815765349 32.59954550135638)
008928e8-33a2-48ef-9ebd-3a61b41d63e2,Mobil,Exxon & Mobil Stations,gas_station,0.9994024032056331,"{meta,Overture}",94 Bridge St,Salem,MA,01970-4160,+19787417939,https://www.exxon.com/en,,{https://www.facebook.com/421572501756490},,42.52979664,-70.88977347,POINT(-70.88977347 42.52979664)
00892ac8-080c-4faa-81c9-31633358cf7e,Shell,,gas_station,0.6597527861595154,"{meta,Overture}",2090 E Rio Salado Pkwy,Tempe,AZ,85288,+14803653060,http://www.shell.us/,shellcustomercare@shell.com,{https://www.facebook.com/124385630942309},,33.408032,-111.89251,POINT(-111.89251 33.408032)
00899e4c-9046-4145-b4fe-7796d6192dbb,BP,bp,gas_station,0.9902192950248718,"{meta,Overture,Overture-signals,Overture-signals,Overture-signals,Overture-signals,Overture-signals,Overture-signals,Overture-signals,Overture-signals,Overture-signals,Overture-signals}",994 Tyrone Rd,Tyrone,GA,30290-2138,+17706320230,https://map.bp.com/en-US/US/gas-station/tyrone/bp/91621961829943029000100000000000,bpconsumer@bp.com,{https://www.facebook.com/117795485613453},open,33.47797763,-84.58481232,POINT(-84.58481232 33.47797763)
0089f24a-e74d-4eee-8e67-0a329f7a60cb,Chevron Station Birmingham,,gas_station,0.9902192950248718,"{Microsoft,Overture,Overture-signals,Overture-signals,Overture-signals,Overture-signals,Overture-signals,Overture-signals,Overture-signals,Overture-signals,Overture-signals,Overture-signals}",1496 Montgomery Hwy,Birmingham,AL,35216,2058531533,"",,,open,33.414356,-86.8052529,POINT(-86.8052529 33.414356)
008ad704-5104-4cf3-8d19-8c14c4afd888,Irving Oil,,gas_station,1,"{DAC,Overture}",1239 Roosevelt Trail,Raymond,ME,04071,+12076555001,https://www.irvingoil.com/en-US/location,,,,43.881349,-70.464844,POINT(-70.464844 43.881349)
008b1517-c81f-4bd4-9bf9-198a1564ffde,Wild Willy's,,gas_station,0.9199122190475464,"{meta,Overture,Overture-signals,Overture-signals,Overture-signals,Overture-signals,Overture-signals,Overture-signals,Overture-signals,Overture-signals,Overture-signals,Overture-signals}",1900 N Washington Ave,Emmett,ID,83617-9125,+12083988643,https://b-w-fuels-inc-dba-wild-willys.business.site,,{https://www.facebook.com/160580097469392},open,43.89321529,-116.50229973,POINT(-116.50229973 43.89321529)
008c38c8-d3bc-45fc-8944-6606e7b71bf0,Sinclair Gas Station,Sinclair Oil,gas_station,0.9199122190475464,"{meta,Overture,Overture-signals,Overture-signals,Overture-signals,Overture-signals,Overture-signals,Overture-signals,Overture-signals,Overture-signals,Overture-signals,Overture-signals}",2343 W Gowan Rd,North Las Vegas,NV,89032-6016,+17026467600,https://www.sinclairoil.com/,,{https://www.facebook.com/198182894309509},open,36.22460453,-115.17473698,POINT(-115.17473698 36.22460453)
008c7b02-4086-4e49-8b6a-3c5d27329ab5,Cenex,Cenex,gas_station,0.9199122190475464,"{meta,Overture,Overture-signals,Overture-signals,Overture-signals,Overture-signals,Overture-signals,Overture-signals,Overture-signals,Overture-signals,Overture-signals,Overture-signals}",2924 N Broadway,Council Bluffs,IA,51503-0307,+17123224403,https://www.cenex.com/,,{https://www.facebook.com/244436509371088},open,41.28927962,-95.83476653,POINT(-95.83476653 41.28927962)
008cc6ab-f22b-4a65-92ff-d0a85840fb62,Shell,Shell,gas_station,0.8,"{AllThePlaces,Overture}",19485 HIGHWAY 67,BILOXI,MS,39532-8671,,https://find.shell.com/us/fuel/13233608-19485-highway-67,,,,30.57356,-89.04845,POINT(-89.04845 30.57356)
008d4a01-c2d7-492b-aa2f-d040f479c02f,BP,bp,gas_station,0.9199122190475464,"{meta,Overture,Overture-signals,Overture-signals,Overture-signals,Overture-signals,Overture-signals,Overture-signals,Overture-signals,Overture-signals,Overture-signals,Overture-signals}",101 Man O War Dr,Danville,KY,40422-9238,+18592369111,https://map.bp.com/en-US/US/gas-station/danville/bp/47034282521014042200100000000000,bpconsumer@bp.com,{https://www.facebook.com/341061489667795},open,37.65588046,-84.79953227,POINT(-84.79953227 37.65588046)
008d4f46-33f7-42e7-87b7-6a8a643972fc,Fast Max Sunoco,GoSunoco,gas_station,0.9199122190475464,"{meta,Overture,Overture-signals,Overture-signals,Overture-signals,Overture-signals,Overture-signals,Overture-signals,Overture-signals,Overture-signals,Overture-signals,Overture-signals}",939 E National Ave,Brazil,IN,47834-2705,+18124481251,http://www.sunocoinc.com,,{https://www.facebook.com/262732007074021},open,39.52632729,-87.11351001,POINT(-87.11351001 39.52632729)
008d6ccc-e33d-4335-b7e9-efd273486e3b,Amoco,Amoco,gas_station,0.9995143954634667,"{meta,Overture}",2333 Mt Pleasant Rd,Norvelt,PA,15674-1001,+17243233074,https://map.bp.com/en-US/US/gas-station/norvelt/amoco/28867268844001567400100000000000,bpconsumer@bp.com,{https://www.facebook.com/103304021740942},,40.20292062,-79.49765837,POINT(-79.49765837 40.20292062)
008e2e91-ae4e-4a58-b5b6-885117d32240,Linwood,RaceTrac,gas_station,0.8,"{AllThePlaces,Overture}",403 Bert Kouns Ind. Loop,Shreveport,LA,71106,,https://www.racetrac.com/locations/louisiana/shreveport/linwood,,,,32.397747,-93.763906,POINT(-93.763906 32.397747)
008e5388-cc04-4c98-9614-e74a9c5e6c3b,Speedway,,gas_station,1,"{DAC,Overture}",10001 West Church Street,Franklin,WI,53132,+14144278191,https://www.speedway.com,,"{https://www.facebook.com/SpeedwayStores,https://www.instagram.com/speedwaystores/,https://www.speedway.com/products/food,https://www.tiktok.com/@speedwaystores,https://twitter.com/Speedway,https://www.youtube.com/user/SpeedwayCStores}",,42.90514,-88.03995,POINT(-88.03995 42.90514)
008f0912-33f5-4e08-b7c1-7f47531f0054,TJ's Gas & Grub,,gas_station,0.9199122190475464,"{meta,Overture,Overture-signals,Overture-signals,Overture-signals,Overture-signals,Overture-signals,Overture-signals,Overture-signals,Overture-signals,Overture-signals,Overture-signals}",2000 Highway 130,Bennett,IA,52721,+15638932270,,krandhawaz03@gmail.com,{https://www.facebook.com/277197026028190},open,41.74389774,-90.97531904,POINT(-90.97531904 41.74389774)
008f4c2b-249a-4ab6-a11f-2162a079da18,Chevron,,gas_station,0.9199122190475464,"{Foursquare,Overture,Overture-signals,Overture-signals,Overture-signals,Overture-signals,Overture-signals,Overture-signals,Overture-signals,Overture-signals,Overture-signals,Overture-signals}",335 S Main St,Water Valley,MS,38965,(662) 473-9277,http://www.chevron.com,,,open,34.14481087287773,-89.63498164595414,POINT(-89.63498164595414 34.14481087287773)
008fa044-b009-4715-9c8b-839ff120b347,Tom Thumb,,gas_station,0.85,"{Microsoft,Overture}",1605 Florence Ave,Fort Walton Beach,FL,32547,8506640301,https://www.tomthumbcstores.com/,,,,43.109785,-75.251122,POINT(-75.251122 43.109785)
008fcefd-1541-46c7-8417-7d3ef1cbe8b5,Murphy USA,,gas_station,0.9902192950248718,"{Microsoft,Overture,Overture-signals,Overture-signals,Overture-signals,Overture-signals,Overture-signals,Overture-signals,Overture-signals,Overture-signals,Overture-signals,Overture-signals}",221 Unser Blvd SW,Albuquerque,NM,87121,5052579417,http://www.murphyusa.com/,,,open,35.074989,-106.723015,POINT(-106.723015 35.074989)
00911816-fcca-48f0-ae29-69313fce25df,BP,bp,gas_station,0.9902192950248718,"{meta,Overture,Overture-signals,Overture-signals,Overture-signals,Overture-signals,Overture-signals,Overture-signals,Overture-signals,Overture-signals,Overture-signals,Overture-signals}",5639 Telegraph Rd,St Louis,MO,63129-4242,+13142931004,https://map.bp.com/en-US/US/gas-station/saint-louis/bp/15687918536396312900100000000000,bpconsumer@bp.com,{https://www.facebook.com/127448515492531},open,38.46821016,-90.30607902,POINT(-90.30607902 38.46821016)
00912782-1558-411b-9560-f0d7fead8686,Family Service Station,,gas_station,0.9902192950248718,"{meta,Overture,Overture-signals,Overture-signals,Overture-signals,Overture-signals,Overture-signals,Overture-signals,Overture-signals,Overture-signals,Overture-signals,Overture-signals}",1465 Main St,Weymouth,MA,02190-1338,+17813359262,https://family-service-station.hub.biz/,796002_afm@uhaul.com,{https://www.facebook.com/468773919975496},open,42.15431386,-70.95545643,POINT(-70.95545643 42.15431386)
0091dc55-816a-4c6f-997a-c13daeaca4af,Valero,Valero Energy,gas_station,0.9731389451026916,"{meta,Overture,Overture-signals,Overture-signals,Overture-signals,Overture-signals}",2215 N 1st St,Jacksonville,AR,72076-2830,+12103452000,http://www.valero.com,webmaster@valero.com,{https://www.facebook.com/202161136477249},open,34.88591583,-92.10691994,POINT(-92.10691994 34.88591583)
00926683-9bf7-4cb7-b45f-cd9bebbd1152,Fast Market,,gas_station,0.9199122190475464,"{meta,Overture,Overture-signals,Overture-signals,Overture-signals,Overture-signals,Overture-signals,Overture-signals,Overture-signals,Overture-signals,Overture-signals,Overture-signals}",3171 E Pecos Rd,Gilbert,AZ,85295-1202,+14809884138,https://find.shell.com/us/fuel/12634527-3171-e-pecos-rd/en_US,,{https://www.facebook.com/106634750848742},open,33.2917923,-111.7218045,POINT(-111.7218045 33.2917923)
009267c4-fc33-4f8a-b3d0-f25c177fbae9,Conoco,,gas_station,0.9199122190475464,"{DAC,Overture,Overture-signals,Overture-signals,Overture-signals,Overture-signals,Overture-signals,Overture-signals,Overture-signals,Overture-signals,Overture-signals,Overture-signals}",825 Main St,Fort Morgan,CO,80701,+17206772211,https://www.conoco.com/,,"{https://www.facebook.com/conoco/,https://www.instagram.com/conoco/,https://www.twitter.com/Conoco,https://www.youtube.com/@Phillips66Co}",open,40.25781,-103.801771,POINT(-103.801771 40.25781)
009341e2-6c59-4314-9446-0eeb94046644,Sunoco Gas Station,,gas_station,0.9655,"{Microsoft,Overture}",361 Centennial Ave,Cranford,NJ,07016,9082761717,https://www.sunoco.com/find-a-station/station/69880,,,,40.6480146,-74.2932811,POINT(-74.2932811 40.6480146)
0093893c-ce2b-4a6c-8d47-84399910ed8a,Shell,Shell,gas_station,0.9199122190475464,"{meta,Overture,Overture-signals,Overture-signals,Overture-signals,Overture-signals,Overture-signals,Overture-signals,Overture-signals,Overture-signals,Overture-signals,Overture-signals}",680 Emory Valley Rd,Oak Ridge,TN,37830-7730,+18654827843,https://find.shell.com/us/fuel/10015398-680-emory-valley-rd,shellcustomercare@shell.com,{https://www.facebook.com/792382510923389},open,36.02200265,-84.22557063,POINT(-84.22557063 36.02200265)
0093c3d9-3176-4174-82d4-cd322399d42f,Marathon Gas,,gas_station,0.9902192950248718,"{Microsoft,Overture,Overture-signals,Overture-signals,Overture-signals,Overture-signals,Overture-signals,Overture-signals,Overture-signals,Overture-signals,Overture-signals,Overture-signals}",312 E Lincoln Rd,Alcoa,TN,37701,8659837719,http://mymarathonstation.com/StoreHome/123752,,,open,35.7698436,-83.9675043,POINT(-83.9675043 35.7698436)
00940b40-c3ba-4c0b-9ba2-d95301b8c8ae,Marathon,,gas_station,0.5464196801185608,"{meta,Overture}",US-231,Morgantown,KY,42261,+12705265508,http://www.marathon.com/,,{https://www.facebook.com/241809659337999},,37.22586470000001,-86.6852597,POINT(-86.6852597 37.22586470000001)
00944bf8-f128-4618-ba0e-38e3defc4785,Marathon Gas,,gas_station,0.9655,"{Microsoft,Overture}",5358 Ky Rte 321,Prestonsburg,KY,41653,6068868100,http://mymarathonstation.com/StoreHome/120949,,,,37.7282466,-82.7604611,POINT(-82.7604611 37.7282466)
0094ff3f-7359-4173-8138-0cb64e6a1df4,Phillips 66,,gas_station,0.9199122190475464,"{Foursquare,Overture,Overture-signals,Overture-signals,Overture-signals,Overture-signals,Overture-signals,Overture-signals,Overture-signals,Overture-signals,Overture-signals,Overture-signals}",100 S Grand Ave,Lyons,KS,67554,(620) 257-2820,http://www.phillips66gas.com,,,open,38.34749543837622,-98.20153490438788,POINT(-98.20153490438788 38.34749543837622)
0095437a-96f7-43c9-afc5-2b64ad150682,Exxon,,gas_station,0.9902192950248718,"{Microsoft,Overture,Overture-signals,Overture-signals,Overture-signals,Overture-signals,Overture-signals,Overture-signals,Overture-signals,Overture-signals,Overture-signals,Overture-signals}",30100 Three Notch Road,Charlotte Hall,MD,20622,3014724688,https://www.exxon.com/en/find-station/exxon-charlottehall-md-goldenbeachdashin1353-200312396?utm_medium=referral&utm_source=yxt-bing&utm_campaign=us_fue_ret_xom_yxt,,,open,38.49559695791029,-76.77444335276127,POINT(-76.77444335276127 38.49559695791029)
0095ebd0-8285-4099-90ee-02b7a7a69289,Marathon Gas,Marathon Food Mart- Upton Ky,gas_station,0.9902192950248718,"{meta,Overture,Overture-signals,Overture-signals,Overture-signals,Overture-signals,Overture-signals,Overture-signals,Overture-signals,Overture-signals,Overture-signals,Overture-signals}",13652 W State Road 84,Davie,FL,33325-5303,+19544730514,http://www.marathon.com,,{https://www.facebook.com/1742956522638063},open,26.11746344,-80.33195476,POINT(-80.33195476 26.11746344)
0096bb5b-336a-4576-b8d9-e4bd0ed94c21,Phillips 66,,gas_station,0.77,"{Foursquare,Overture,Overture-signals,Overture-signals,Overture-signals}",19534 US Highway 71,Burlington Junction,MO,64428,(800) 527-5476,https://www.phillips66gas.com,,,open,40.441231,-95.024818,POINT(-95.024818 40.441231)
0096d093-d26c-4a0b-a2b9-8bb561eb979f,Murphy USA,Murphy USA,gas_station,0.9902192950248718,"{meta,Overture,Overture-signals,Overture-signals,Overture-signals,Overture-signals,Overture-signals,Overture-signals,Overture-signals,Overture-signals,Overture-signals,Overture-signals}",985 Central Park Dr,Crystal Lake,IL,60014-8217,+18153567633,http://www.murphyusa.com,customer.care@murphyusa.com,{https://www.facebook.com/337706213234853},open,42.21058757,-88.28483152,POINT(-88.28483152 42.21058757)
0096f27a-0e18-46fb-a203-ac70bce06868,QuikTrip Store #4245 14305 E Alameda Ave,QuikTrip,gas_station,0.8,"{AllThePlaces,Overture}",14305 E Alameda Ave,Aurora,CO,80012,,https://locations.quiktrip.com/co/aurora/14305-e-alameda-ave,,"{https://www.facebook.com/Quiktrip,quiktrip}",,39.711646,-104.821019,POINT(-104.821019 39.711646)
00973e53-eb3d-4b02-92a4-b4961fb60c49,BP,,gas_station,0.9199122190475464,"{Microsoft,Overture,Overture-signals,Overture-signals,Overture-signals,Overture-signals,Overture-signals,Overture-signals,Overture-signals,Overture-signals,Overture-signals,Overture-signals}",1731 Lejeune Blvd,Jacksonville,NC,28546,9105775689,https://www.bp.com/en_us/bp-us.html,,,open,34.743434,-77.37936159,POINT(-77.37936159 34.743434)
00982ac9-98b6-4f45-a917-f1629cff56bc,Sunoco Gas Station,,gas_station,0.9199122190475464,"{Microsoft,Overture,Overture-signals,Overture-signals,Overture-signals,Overture-signals,Overture-signals,Overture-signals,Overture-signals,Overture-signals,Overture-signals,Overture-signals}",469 Main St,Arcade,NY,14009,7165929100,https://www.sunoco.com/locations/store/469-w-main-st-arcade-ny-0694407800,,,open,42.5340188,-78.4326059,POINT(-78.4326059 42.5340188)
00993ac4-5cd8-404a-a29c-1d1468735fcd,Conoco,,gas_station,0.85,"{Microsoft,Overture}",HCR #12 Jct 550 537,Cuba,NM,87013,5752892485,https://www.conoco.com/station/con-apache-nugget-travel-center-0000883756/?utm_source=Bing&utm_medium=local&utm_campaign=bing-local,,,,35.316425,-106.535687,POINT(-106.535687 35.316425)
009968a8-6075-4f71-bbae-6b90af316b36,Empty Station,,gas_station,0.5345515012741089,"{meta,Overture}",2068 Oneonta Cutoff Rd,Albertville,AL,35950-4214,,,,{https://www.facebook.com/304218773725671},,34.25826,-86.284013,POINT(-86.284013 34.25826)
0099af13-fb9a-411f-8439-742436a8990a,Lukoil,,gas_station,0.77,"{Foursquare,Overture}",,Phoenixville,PA,19460,(610) 933-8454,https://lukoilamericas.com/en,,,,40.129926605573054,-75.5471266860964,POINT(-75.5471266860964 40.129926605573054)
009a116f-b4fd-496a-9e89-787187b8486b,Mobil,Exxon & Mobil Stations,gas_station,0.9997629859745503,"{meta,Overture,Overture-signals,Overture-signals,Overture-signals}",15-04 149th St,Whitestone,NY,11357,+17187469521,https://www.exxon.com/en,,{https://www.facebook.com/518031568730765},open,40.78694736,-73.81635728,POINT(-73.81635728 40.78694736)
009a28db-c914-473e-a59a-c562f6d32ff9,Valero,Valero,gas_station,0.9956304848194122,"{meta,Overture}",1724 E Sarah Dewitt Dr,Gonzales,TX,78629-2601,+18306722103,https://locations.valero.com/en-us/LocationDetails/Index/1724-NORTH-SARA-DEWITT/0000025281,,{https://www.facebook.com/180884868977066},,29.52234446,-97.43708188,POINT(-97.43708188 29.52234446)
009a946f-4daf-4e63-a195-ddeccae006da,Wagner's Store,,gas_station,0.9199122190475464,"{meta,Overture,Overture-signals,Overture-signals,Overture-signals,Overture-signals,Overture-signals,Overture-signals,Overture-signals,Overture-signals,Overture-signals,Overture-signals}",3732 Highway 30,Lonedell,MO,63060-1269,+16366290457,http://www.exxonstations.com/home.asp?stationsap=17703,,{https://www.facebook.com/514277991761413},open,38.30779666,-90.8279021,POINT(-90.8279021 38.30779666)
009bc222-c41e-4f6b-a8fe-33fd40691231,Shell,,gas_station,0.9199122190475464,"{Foursquare,Overture,Overture-signals,Overture-signals,Overture-signals,Overture-signals,Overture-signals,Overture-signals,Overture-signals,Overture-signals,Overture-signals,Overture-signals}",64 Frederick Rd,Ellicott City,MD,21043,(410) 465-4515,http://www.shell.us/ontheroad,shellcustomercare@shell.com,{https://www.twitter.com/Shell_US},open,39.265496089034436,-76.79063203272159,POINT(-76.79063203272159 39.265496089034436)
009c7e95-a248-4de3-81ac-ff5e983acee2,BP,bp,gas_station,0.9199122190475464,"{meta,Overture,Overture-signals,Overture-signals,Overture-signals,Overture-signals,Overture-signals,Overture-signals,Overture-signals,Overture-signals,Overture-signals,Overture-signals}",1217 N 5th St,Cannon Falls,MN,55009-1104,+15072634296,https://map.bp.com/en-US/US/gas-station/cannon-falls/bp/44881936602175500900100000000000,bpconsumer@bp.com,{https://www.facebook.com/115539850280745},open,44.51855674,-92.90673318,POINT(-92.90673318 44.51855674)
009cb751-0d8c-41d9-9357-dabcd956fbf8,Chevron,Chevron,gas_station,0.9199122190475464,"{meta,Overture,Overture-signals,Overture-signals,Overture-signals,Overture-signals,Overture-signals,Overture-signals,Overture-signals,Overture-signals,Overture-signals,Overture-signals}",398 S 11th Ave,Hanford,CA,93230-5353,+15595820450,http://www.chevron.com/,,{https://www.facebook.com/1423676564551381},open,36.31990626,-119.65542982,POINT(-119.65542982 36.31990626)
009cc1ee-1b22-4d67-89a3-dc5b1b2e4dc1,Marathon,,gas_station,0.9199122190475464,"{meta,Overture,Overture-signals,Overture-signals,Overture-signals,Overture-signals,Overture-signals,Overture-signals,Overture-signals,Overture-signals,Overture-signals,Overture-signals}",2910 KY-54,Owensboro,KY,42303-2109,+12709260710,http://www.marathon.com,,{https://www.facebook.com/280340009051007},open,37.75589196,-87.06775141,POINT(-87.06775141 37.75589196)
009cdff9-b2ed-4092-9734-38700a118bd9,76,,gas_station,0.9199122190475464,"{DAC,Overture,Overture-signals,Overture-signals,Overture-signals,Overture-signals,Overture-signals,Overture-signals,Overture-signals,Overture-signals,Overture-signals,Overture-signals}",4575 Gage Ave,Bell Gardens,CA,90201,+19496033037,https://www.76.com/,,"{https://www.facebook.com/76gas/,https://www.instagram.com/76/,https://www.twitter.com/76,https://www.youtube.com/@Phillips66Co}",open,33.978053,-118.185043,POINT(-118.185043 33.978053)
009d3819-c094-40be-9ee4-fc62fe017177,Quik-Stop,,gas_station,0.77,"{Foursquare,Overture}","9515 State Ave, Marysville, WA 98270",Marysville,WA,98270,(360) 659-3513,http://www.quikstop.com,,,,48.08229061643338,-122.1729480843843,POINT(-122.1729480843843 48.08229061643338)
009d5308-2949-470a-8a81-b5ccfafb33cd,Sunoco,Sunoco,gas_station,0.9902192950248718,"{meta,Overture,Overture-signals,Overture-signals,Overture-signals,Overture-signals,Overture-signals,Overture-signals,Overture-signals,Overture-signals,Overture-signals,Overture-signals}",8945 University Blvd,North Charleston,SC,29406-9116,+18435538518,http://www.sunoco.com,,{https://www.facebook.com/235435260136527},open,32.97407272,-80.05890975,POINT(-80.05890975 32.97407272)
009e1421-a10c-4840-b14e-61a99c2f1508,CITGO,Citgo,gas_station,0.9902192950248718,"{meta,Overture,Overture-signals,Overture-signals,Overture-signals,Overture-signals,Overture-signals,Overture-signals,Overture-signals,Overture-signals,Overture-signals,Overture-signals}",130 2nd St,Laurel,MD,20707-4312,+14438837410,http://www.citgo.com/,info@citgo.com,{https://www.facebook.com/751636558204242},open,39.10211457,-76.84360415,POINT(-76.84360415 39.10211457)
009f9e32-3fea-46cf-a8a9-038893317706,BP,,gas_station,0.85,"{Microsoft,Overture}",E Clifton St 1030,Tomah,WI,54660,6083723803,http://www.bp.com/,,,,43.972188,-90.499035,POINT(-90.499035 43.972188)
00a08d5f-ca50-4c65-b1d9-0ad23d32aad7,Chevron,Chevron,gas_station,0.9199122190475464,"{AllThePlaces,Overture,Overture-signals,Overture-signals,Overture-signals,Overture-signals,Overture-signals,Overture-signals,Overture-signals,Overture-signals,Overture-signals,Overture-signals}",781 W BEDFORD EULESS RD,HURST,TX,76053-3925,,https://www.chevronwithtechron.com/en_us/home/gas-station-near-me.html?/station/781-W-BEDFORD-EULESS-RD-HURST-TX-76053-3925-id383165,,,open,32.833677,-97.185877,POINT(-97.185877 32.833677)
00a194cc-ea0d-41ff-a88a-a6f371cc0aee,Valero,,gas_station,0.77,"{Foursquare,Overture}",Chestnut St.,Canonsburg,PA,15317,(724) 222-6390,http://www.valero.com,jigspet16@gmail.com,,,40.16459020412013,-80.27330862255542,POINT(-80.27330862255542 40.16459020412013)
00a21979-7734-4e35-91a9-4671c2d1a301,Mobil,,gas_station,0.9655,"{Microsoft,Overture}",1062 Rt 9 W,Fort Montgomery,NY,10922,8454463931,https://locations.exxon.com/ny/fort-montgomery/1062-rt-9-w?utm_medium=referral&utm_source=yxt-bing&utm_campaign=us_fue_ret_xom_yxt,,,,41.33816481654542,-73.97888844992671,POINT(-73.97888844992671 41.33816481654542)
00a236a0-462b-458c-8e7e-39495bc5f3ca,Exxon,Exxon & Mobil Stations,gas_station,0.9995989871323109,"{meta,Overture}",1611 Oak Tree Rd,Iselin,NJ,08830-1538,+17324947780,https://www.exxon.com/en,mediaintl@isb.ecell.com.pk,{https://www.facebook.com/368268813810495},,40.57284679,-74.33559979,POINT(-74.33559979 40.57284679)
00a292d8-f97d-48a2-96a7-85c6f441038a,BP,,gas_station,0.9199122190475464,"{Microsoft,Overture,Overture-signals,Overture-signals,Overture-signals,Overture-signals,Overture-signals,Overture-signals,Overture-signals,Overture-signals,Overture-signals,Overture-signals}",14747 W 159th St,Lockport,IL,60491,7086454949,https://map.bp.com/en-US/US/gas-station/lockport/bp/19830984647476049100100000000000,,,open,41.59857602,-87.97778239,POINT(-87.97778239 41.59857602)
00a304fd-969b-4024-9057-70d617058172,ARCO,,gas_station,0.9199122190475464,"{Microsoft,Overture,Overture-signals,Overture-signals,Overture-signals,Overture-signals,Overture-signals,Overture-signals,Overture-signals,Overture-signals,Overture-signals,Overture-signals}",37620 Coal River Rd,Whitesville,WV,25209,"",https://www.arco.com/en-us/southwest/find-a-station/,,,open,37.98359638,-81.53818866,POINT(-81.53818866 37.98359638)
00a30f47-9818-4cbe-a664-50f64f04a241,Exxon,,gas_station,0.85,"{Microsoft,Overture}",2831 Highway 84 W,Laurel,MS,39443,6014288360,https://www.exxon.com/en/find-station/exxon-laurel-ms-clark49-200310830?utm_medium=referral&utm_source=yxt-bing&utm_campaign=us_fue_ret_xom_yxt,,,,31.69699519,-88.9979423,POINT(-88.9979423 31.69699519)
00a368c4-bfac-478c-93f6-d2eaa00845b4,Shell,,gas_station,0.9931,"{Microsoft,Overture}",10799 Ridgeline Drive,Kennewick,WA,99338,5097274241,https://find.shell.com/us/fuel/12669977-10799-ridgeline-dr,,,,46.1954422,-119.26580061,POINT(-119.26580061 46.1954422)
00a37ed6-68b2-4f02-989e-8b4000cd6073,Bob's Gas,,gas_station,0.9199122190475464,"{meta,Overture,Overture-signals,Overture-signals,Overture-signals,Overture-signals,Overture-signals,Overture-signals,Overture-signals,Overture-signals,Overture-signals,Overture-signals}",1742 S Coast Hwy,Oceanside,CA,92054-5320,+17604336711,https://www.exxon.com/en/find-station/oceanside-ca-bobsgas-200327775,,{https://www.facebook.com/132928400092723},open,33.17541818,-117.36219848,POINT(-117.36219848 33.17541818)
00a3c4d7-1952-4767-b5d1-01890dd2047e,Shell,Shell,gas_station,0.9199122190475464,"{meta,Overture,Overture-signals,Overture-signals,Overture-signals,Overture-signals,Overture-signals,Overture-signals,Overture-signals,Overture-signals,Overture-signals,Overture-signals}",784 Little Coal River Rd,Alum Creek,WV,25003,+13047563986,https://find.shell.com/,littlecoalshell@gmail.com,{https://www.facebook.com/111928008096594},open,38.2673323,-81.80729808,POINT(-81.80729808 38.2673323)
00a4d7f8-8e7f-457b-9563-5b82ada6cd35,Mobil,Exxon & Mobil Stations,gas_station,0.9199122190475464,"{meta,Overture,Overture-signals,Overture-signals,Overture-signals,Overture-signals,Overture-signals,Overture-signals,Overture-signals,Overture-signals,Overture-signals,Overture-signals}",1774 Victory Blvd,Staten Island,NY,10314-3512,+17184429151,https://www.exxon.com/en/find-station/200312526,,{https://www.facebook.com/154717027921910},open,40.61288212,-74.12274516,POINT(-74.12274516 40.61288212)
00a52e9f-b728-4425-9fbe-d42ffbf9f8d3,Murphy USA,,gas_station,0.9199122190475464,"{Microsoft,Overture,Overture-signals,Overture-signals,Overture-signals,Overture-signals,Overture-signals,Overture-signals,Overture-signals,Overture-signals,Overture-signals,Overture-signals}",612 S Garland Rd,Enid,OK,73703,5802342233,http://www.murphyusa.com/,,,open,36.3898077,-97.9443678,POINT(-97.9443678 36.3898077)
00a54b3c-4458-4051-a3ce-bf9ef4a41cf8,76,,gas_station,0.9199122190475464,"{DAC,Overture,Overture-signals,Overture-signals,Overture-signals,Overture-signals,Overture-signals,Overture-signals,Overture-signals,Overture-signals,Overture-signals,Overture-signals}",1901 Mildred St W,Tacoma,WA,98466,+12532921673,https://www.76.com/,,"{https://www.facebook.com/76gas/,https://www.instagram.com/76/,https://www.twitter.com/76,https://www.youtube.com/@Phillips66Co}",open,47.242389,-122.525918,POINT(-122.525918 47.242389)
00a5e3bf-cfe2-49c9-a6f6-3bfeb6b7b522,Kroger Gas,,gas_station,0.77,"{Foursquare,Overture}",530 S Indiana St,Mooresville,IN,46158,(317) 831-9416,https://www.kroger.com,,{https://www.facebook.com/249542975527576},,39.60484177565019,-86.37659032486354,POINT(-86.37659032486354 39.60484177565019)
00a752dc-8d2b-493b-b258-77d4c0c18b16,ALL TOWN CAR WASH,,gas_station,0.9199122190475464,"{Microsoft,Overture,Overture-signals,Overture-signals,Overture-signals,Overture-signals,Overture-signals,Overture-signals,Overture-signals,Overture-signals,Overture-signals,Overture-signals}",36-38 Worcester Rd,Charlton,MA,01507,5082480216,https://alltowncarwash.com/locations/l/charlton/36-38-worcester-road/4564652,,,open,42.14517974,-71.98726291,POINT(-71.98726291 42.14517974)
00a77e98-ea9c-4789-94be-33fecb8c6f5a,Shell,Shell,gas_station,0.9199122190475464,"{meta,Overture,Overture-signals,Overture-signals,Overture-signals,Overture-signals,Overture-signals,Overture-signals,Overture-signals,Overture-signals,Overture-signals,Overture-signals}",6001 Staples Mill Rd,Henrico,VA,23228-4923,+18042641900,https://find.shell.com/us/fuel/10004799-6001-staples-mill-road,shellcustomercare@shell.com,{https://www.facebook.com/1924758374479561},open,37.60779801,-77.4947547,POINT(-77.4947547 37.60779801)
00a79876-6ead-4378-b561-f5f18f476ddf,76,,gas_station,0.9199122190475464,"{DAC,Overture,Overture-signals,Overture-signals,Overture-signals,Overture-signals,Overture-signals,Overture-signals,Overture-signals,Overture-signals,Overture-signals,Overture-signals}",631 Avenue Of Flags,Buellton,CA,93427,+18056881920,https://www.76.com/,,"{https://www.facebook.com/76gas/,https://www.instagram.com/76/,https://www.twitter.com/76,https://www.youtube.com/@Phillips66Co}",open,34.619136,-120.190572,POINT(-120.190572 34.619136)
00a8525f-2334-4ee1-97bd-e3fe8410db55,E30,,gas_station,0.833575427532196,"{meta,Overture}",4217 Frederick Ave,St Joseph,MO,64506-3159,,http://e30works.com/,,{https://www.facebook.com/1696721030443596},,39.777382944539,-94.792368367329,POINT(-94.792368367329 39.777382944539)
00a85800-e2ff-496a-b72c-027dd6fb2a5b,Conoco,Conoco,gas_station,0.9671329855918884,"{meta,Overture}",102 E Main St,Rangely,CO,81648-2736,+19706752090,https://www.conoco.com/station/con-kimball-conoco-0000883620?utm_source=Facebook&utm_medium=local&utm_campaign=facebook-local,bart@rangelyconoco.com,{https://www.facebook.com/570083486769543},,40.08762231,-108.80367811,POINT(-108.80367811 40.08762231)
00aa5293-aad6-4ea3-b9fc-c11064d8d41b,White Star Battle Creek,,gas_station,0.9199122190475464,"{meta,Overture,Overture-signals,Overture-signals,Overture-signals,Overture-signals,Overture-signals,Overture-signals,Overture-signals,Overture-signals,Overture-signals,Overture-signals}",316 W Main St,Battle Creek,NE,68715-4467,+14026755175,,miket@jsmmfarms.com,{https://www.facebook.com/388383534355607},open,41.99987374,-97.60051785,POINT(-97.60051785 41.99987374)
00aa555d-07b0-48dd-bf4c-e5ef27db7b97,BP,bp,gas_station,0.9902192950248718,"{meta,Overture,Overture-signals,Overture-signals,Overture-signals,Overture-signals,Overture-signals,Overture-signals,Overture-signals,Overture-signals,Overture-signals,Overture-signals}",47100 W Pontiac Trl,Commerce Twp,MI,48390-4052,+12489600703,https://map.bp.com/en-US/US/gas-station/commerce-township/bp/08000953031004839000100000000000,bpconsumer@bp.com,{https://www.facebook.com/876117639219384},open,42.52529459,-83.51576806,POINT(-83.51576806 42.52529459)
00aa854a-505c-4eb0-a0ac-8e4deaefa343,Shell,Shell,gas_station,0.9199122190475464,"{meta,Overture,Overture-signals,Overture-signals,Overture-signals,Overture-signals,Overture-signals,Overture-signals,Overture-signals,Overture-signals,Overture-signals,Overture-signals}",705 N Alex Plaisance Blvd,Golden Meadow,LA,70357-2655,+19854755500,http://www.shell.us/,shellcustomercare@shell.com,{https://www.facebook.com/168486940289125},open,29.39300828,-90.27473018,POINT(-90.27473018 29.39300828)
00ab2f37-b6fa-46c8-a8a7-750c19c7afee,Shell,,gas_station,0.9902192950248718,"{Microsoft,Overture,Overture-signals,Overture-signals,Overture-signals,Overture-signals,Overture-signals,Overture-signals,Overture-signals,Overture-signals,Overture-signals,Overture-signals}",4100 E 8 Mile Rd,Detroit,MI,48234,2485493737,https://find.shell.com/us/fuel/12811120-4100-e-8-mile-rd/en_US,,,open,42.44705,-83.063538,POINT(-83.063538 42.44705)
00abadf8-49f7-4683-aed5-12eead89a03f,Pantry,,gas_station,0.77,"{Foursquare,Overture}",1119 SR 100,Florahome,FL,32140,(386) 659-2208,http://kangarooexpress.com,,"{https://www.twitter.com/krooexpress,https://www.facebook.com/102212305177}",,29.732490490967315,-81.88243984691645,POINT(-81.88243984691645 29.732490490967315)
00abd4bc-7550-4bb6-9c97-8febc0a974d9,Hicksgas Propane Sales & Service,,gas_station,0.9199122190475464,"{Microsoft,Overture,Overture-signals,Overture-signals,Overture-signals,Overture-signals,Overture-signals,Overture-signals,Overture-signals,Overture-signals,Overture-signals,Overture-signals}",607 W State St,Charleston,IL,61920,2173453993,https://hicksgas.com/,,,open,39.4993286,-88.1895298,POINT(-88.1895298 39.4993286)
00ac1df5-08a4-44a7-8826-6c54e363f406,Speedway,,gas_station,1,"{DAC,Overture}",15150 S Tamiami Trl,Fort Myers,FL,33908,+12394330300,https://www.speedway.com,,"{https://www.facebook.com/SpeedwayStores,https://www.instagram.com/speedwaystores/,https://www.speedway.com/products/food,https://www.tiktok.com/@speedwaystores,https://twitter.com/Speedway,https://www.youtube.com/user/SpeedwayCStores}",,26.52223,-81.8706,POINT(-81.8706 26.52223)
00ac5b69-2b65-491c-b628-8004a71a3425,Wilco Hess,,gas_station,0.9199122190475464,"{Microsoft,Overture,Overture-signals,Overture-signals,Overture-signals,Overture-signals,Overture-signals,Overture-signals,Overture-signals,Overture-signals,Overture-signals,Overture-signals}",11702 Jefferson Ave,Newport News,VA,23606,7575957140,"",,,open,37.0772027,-76.4767328,POINT(-76.4767328 37.0772027)
00ad1777-91f6-4150-abd0-fd81a50cafc7,BP,bp,gas_station,0.9999564425885678,"{meta,Overture}",1420 US-19 S,Leesburg,GA,31763,+12294961077,https://map.bp.com/en-US/US/gas-station/leesburg/bp/96816419024203176300100000000000,patelb2480@gmail.com,{https://www.facebook.com/1555262514687273},,31.64175992,-84.17566051,POINT(-84.17566051 31.64175992)
00afbc2b-0559-4018-bec1-3621508d9ded,Speedway,,gas_station,1,"{DAC,Overture}",2002 E 53rd Street,Anderson,IN,46013,+17656494542,https://www.speedway.com,,"{https://www.facebook.com/SpeedwayStores,https://www.instagram.com/speedwaystores/,https://www.speedway.com/products/food,https://www.tiktok.com/@speedwaystores,https://twitter.com/Speedway,https://www.youtube.com/user/SpeedwayCStores}",,40.0619,-85.6526,POINT(-85.6526 40.0619)
00b0e59b-88f4-442d-bc01-eabbc15fd94f,Chevron,Chevron,gas_station,0.9902192950248718,"{meta,Overture,Overture-signals,Overture-signals,Overture-signals,Overture-signals,Overture-signals,Overture-signals,Overture-signals,Overture-signals,Overture-signals,Overture-signals}",11520 SW Canyon Rd,Beaverton,OR,97005-2227,+15034690394,https://www.chevronwithtechron.com/en_us/home/find-a-station.html?/station/11520-SW-CANYON-RD-BEAVERTON-OR-97005-id307797,,{https://www.facebook.com/423008447905342},open,45.48963882,-122.79571956,POINT(-122.79571956 45.48963882)
00b2228d-cf44-4e13-a233-e671fddabd30,BP,bp,gas_station,0.9199122190475464,"{meta,Overture,Overture-signals,Overture-signals,Overture-signals,Overture-signals,Overture-signals,Overture-signals,Overture-signals,Overture-signals,Overture-signals,Overture-signals}",315 Deer Head Cove Rd,Rising Fawn,GA,30738-4853,+17064622604,https://map.bp.com/en-US/US/gas-station/rising-fawn/bp/65312397003153073800100000000000,bpconsumer@bp.com,{https://www.facebook.com/1914193272172691},open,34.77172948,-85.54281148,POINT(-85.54281148 34.77172948)
00b24229-87af-4abc-b03a-74f5f296d806,Shell,Shell,gas_station,0.9199122190475464,"{meta,Overture,Overture-signals,Overture-signals,Overture-signals,Overture-signals,Overture-signals,Overture-signals,Overture-signals,Overture-signals,Overture-signals,Overture-signals}",1041 Acoma Blvd S,Lake Havasu City,AZ,86406-8505,+19284532277,https://find.shell.com/us/fuel/10007069-1041-acoma-blvd-s,,{https://www.facebook.com/136285693623751},open,34.45513282,-114.29827614,POINT(-114.29827614 34.45513282)
00b2c055-740e-4ca4-b0d7-d9bef2a74c88,Mobil,Exxon & Mobil Stations,gas_station,0.9575660228729248,"{meta,Overture}",181-05 Horace Harding Expy,Fresh Meadows,NY,11365,+17189616636,https://www.exxon.com/en,,{https://www.facebook.com/578777935984077},,40.73966225,-73.79252517,POINT(-73.79252517 40.73966225)
00b2c898-b547-456d-9568-d0f8a763c3ed,Champlain Sunoco,,gas_station,0.6713892221450806,"{meta,Overture}",1083 US-11,Champlain,NY,12919,+15182985151,http://sunoco.com,,{https://www.facebook.com/520185808140443},,44.980518,-73.461753,POINT(-73.461753 44.980518)
00b308d4-a735-47e4-a3ad-d80c12059002,Matt and Jeff's Gasoline,,gas_station,0.4167131781578064,"{meta,Overture}",125 Vintage Way,Novato,CA,94945-5006,+14159857446,,,{https://www.facebook.com/131305303582307},,38.09173205,-122.55689654,POINT(-122.55689654 38.09173205)
00b33e08-92a6-4c26-8e5b-6207a4775ec5,Irving Oil,,gas_station,1,"{DAC,Overture}",102 Main St,Baileyville,ME,04694,+12074273548,https://www.irvingoil.com/en-US/location,,,,45.154212,-67.404118,POINT(-67.404118 45.154212)
00b47520-ed41-4f92-a48b-cbded51f5830,Sunoco,Sunoco,gas_station,0.9199122190475464,"{meta,Overture,Overture-signals,Overture-signals,Overture-signals,Overture-signals,Overture-signals,Overture-signals,Overture-signals,Overture-signals,Overture-signals,Overture-signals}",527 Carbondale Rd,Scott Twp,PA,18411-7705,+15705862612,http://www.sunoco.com,,{https://www.facebook.com/192972494409113},open,41.53112846,-75.65412788,POINT(-75.65412788 41.53112846)
00b4d910-deeb-467e-af50-e9f7f4a0cc04,Marathon,,gas_station,0.9199122190475464,"{meta,Overture,Overture-signals,Overture-signals,Overture-signals,Overture-signals,Overture-signals,Overture-signals,Overture-signals,Overture-signals,Overture-signals,Overture-signals}",9286 W Lake City Rd,Houghton Lake,MI,48629-8902,+19894226112,http://www.marathon.com,custrelations@marathonpetroleum.com,{https://www.facebook.com/238751306327803},open,44.33607533,-84.79954498,POINT(-84.79954498 44.33607533)
00b4e8c2-a70d-4e7e-864a-1f3434aa73f6,BP,bp,gas_station,0.9999317420005799,"{meta,Overture,Overture-signals,Overture-signals,Overture-signals}",302 Lake St N,Prescott,WI,54021-1724,+17152622169,https://map.bp.com/en-US/US/gas-station/prescott/bp/20988577363025402100100000000000,bpconsumer@bp.com,{https://www.facebook.com/100455551781392},open,44.74995169,-92.8029333,POINT(-92.8029333 44.74995169)
00b4ecc6-905f-4a7f-b1ec-e1757bdc2585,Q Stop Valero,,gas_station,0.9199122190475464,"{meta,Overture,Overture-signals,Overture-signals,Overture-signals,Overture-signals,Overture-signals,Overture-signals,Overture-signals,Overture-signals,Overture-signals,Overture-signals}",2644 N Hollywood St,Memphis,TN,38127-8804,+19013570023,http://www.qmartmarketplace.net,,{https://www.facebook.com/140290249352142},open,35.19775615,-89.97550469,POINT(-89.97550469 35.19775615)
00b5a148-337d-4cfa-9dd7-3f5b688e970d,Petro America,,gas_station,0.982386318296194,"{meta,Overture}",3 NE Pine Island Rd,Cape Coral,FL,33909-2559,+12397721610,https://petro-america-fl.hub.biz/,,{https://www.facebook.com/140739992629713},,26.65292386,-81.97366141,POINT(-81.97366141 26.65292386)
00b5d598-5769-4d74-8886-5742e9b77cb8,Pilot Travel Center,Pilot Flying J,gas_station,0.9722161889076233,"{meta,Overture,Overture-signals,Overture-signals,Overture-signals,Overture-signals,Overture-signals}",58 Glendale Hodgenville Rd W,Glendale,KY,42740-9786,+12703697360,https://locations.pilotflyingj.com/us/ky/glendale/58-glendale-hodgenville-rd-w,travelcenter.048@pilottravelcenters.com,{https://www.facebook.com/185109228324029},open,37.5952925,-85.86499898,POINT(-85.86499898 37.5952925)
00b64049-2be6-4a12-a71a-51435cd6e9fa,Marathon,Marathon,gas_station,0.9199122190475464,"{meta,Overture,Overture-signals,Overture-signals,Overture-signals,Overture-signals,Overture-signals,Overture-signals,Overture-signals,Overture-signals,Overture-signals,Overture-signals}",1334 Atlanta Hwy,Auburn,GA,30011,+17708225201,http://www.marathon.com,custrelations@marathonpetroleum.com,{https://www.facebook.com/442130759225851},open,34.0120666,-83.8257019,POINT(-83.8257019 34.0120666)
00b6a7ea-cea3-4c03-84eb-f46a38b75bda,Shell,Shell,gas_station,0.9199122190475464,"{meta,Overture,Overture-signals,Overture-signals,Overture-signals,Overture-signals,Overture-signals,Overture-signals,Overture-signals,Overture-signals,Overture-signals,Overture-signals}",2526 Main St,East Troy,WI,53120-1345,+12624414080,https://find.shell.com/us/fuel/10014093-2526-main-st,shellcustomercare@shell.com,{https://www.facebook.com/1130957327003746},open,42.79154935,-88.39071089,POINT(-88.39071089 42.79154935)
00b7c66a-2c30-4dd2-9014-41b4dd43a08a,Conoco,,gas_station,1,"{DAC,Overture,Overture-signals,Overture-signals,Overture-signals}",1218 Peoria St,Washington,IL,61571,+18887392730,https://www.conoco.com/,,"{https://www.facebook.com/conoco/,https://www.instagram.com/conoco/,https://www.twitter.com/Conoco,https://www.youtube.com/@Phillips66Co}",open,40.703164,-89.427241,POINT(-89.427241 40.703164)
00b7e5cd-fd2b-4572-9bd9-e25bb15487d5,Speedway,,gas_station,1,"{DAC,Overture}",2930 Coors Blvd NW,Albuquerque,NM,87120,+15058399067,https://www.speedway.com,,"{https://www.facebook.com/SpeedwayStores,https://www.instagram.com/speedwaystores/,https://www.speedway.com/products/food,https://www.tiktok.com/@speedwaystores,https://twitter.com/Speedway,https://www.youtube.com/user/SpeedwayCStores}",,35.11577,-106.70091,POINT(-106.70091 35.11577)
00b86aa6-6abc-4693-9970-47ec3f1524f3,Marathon,Marathon,gas_station,0.9199122190475464,"{meta,Overture,Overture-signals,Overture-signals,Overture-signals,Overture-signals,Overture-signals,Overture-signals,Overture-signals,Overture-signals,Overture-signals,Overture-signals}",12388 Mayfield Rd,Chardon,OH,44024-8449,+14402869256,http://www.marathon.com,,{https://www.facebook.com/194178880930559},open,41.53270352,-81.19365215,POINT(-81.19365215 41.53270352)
00b88947-645f-4b1d-a348-64b883ce2b81,76,,gas_station,0.9199122190475464,"{DAC,Overture,Overture-signals,Overture-signals,Overture-signals,Overture-signals,Overture-signals,Overture-signals,Overture-signals,Overture-signals,Overture-signals,Overture-signals}",15 WA-17,Soap Lake,WA,98851,+15092460511,https://www.76.com/,,"{https://www.facebook.com/76gas/,https://www.instagram.com/76/,https://www.twitter.com/76,https://www.youtube.com/@Phillips66Co}",open,47.38904,-119.483563,POINT(-119.483563 47.38904)
00b8c63e-c69e-4a59-ac1d-f2b8aa8bcb39,Kwik Fuel,,gas_station,0.9199122190475464,"{meta,Overture,Overture-signals,Overture-signals,Overture-signals,Overture-signals,Overture-signals,Overture-signals,Overture-signals,Overture-signals,Overture-signals,Overture-signals}",1401 W Morton St,Denison,TX,75020-1811,+19033370011,http://valero.com,,{https://www.facebook.com/247812838657898},open,33.7606009,-96.55554198,POINT(-96.55554198 33.7606009)
00b91b11-cdac-4267-ac9a-cc4dd3f67237,Valero,,gas_station,0.9199122190475464,"{meta,Overture,Overture-signals,Overture-signals,Overture-signals,Overture-signals,Overture-signals,Overture-signals,Overture-signals,Overture-signals,Overture-signals,Overture-signals}",11206 S IH-35 Svc Rd SB,Austin,TX,78748,+12103452000,http://cornerstore.com/,,{https://www.facebook.com/137530430134493},open,30.13998701,-97.79699107,POINT(-97.79699107 30.13998701)
00b95b37-b422-4643-9237-5542050e4b52,Mobil,,gas_station,0.9655,"{Microsoft,Overture}",435 Wilson Street,Brewer,ME,04412,2079072220,https://www.exxon.com/en/find-station/mobil-brewer-me-brewer2333-200327899?utm_medium=referral&utm_source=yxt-bing&utm_campaign=us_fue_ret_xom_yxt,,,,44.78330873847578,-68.75007285689051,POINT(-68.75007285689051 44.78330873847578)
00b96acf-919f-4ba2-aa38-986784d6b214,Shell,Shell,gas_station,0.9902192950248718,"{meta,Overture,Overture-signals,Overture-signals,Overture-signals,Overture-signals,Overture-signals,Overture-signals,Overture-signals,Overture-signals,Overture-signals,Overture-signals}",226 Greenville St,Newnan,GA,30263-3204,+14704141228,http://www.shell.us/,shellcustomercare@shell.com,{https://www.facebook.com/104094545546897},open,33.36110999,-84.7919785,POINT(-84.7919785 33.36110999)
00b9ae5f-bc5f-40fb-950d-fd774002f524,BP,,gas_station,0.9199122190475464,"{Microsoft,Overture,Overture-signals,Overture-signals,Overture-signals,Overture-signals,Overture-signals,Overture-signals,Overture-signals,Overture-signals,Overture-signals,Overture-signals}",26234 Ridge Rd,Damascus,MD,20872,3012535140,http://mybpstation.com/,,,open,39.287714,-77.20714,POINT(-77.20714 39.287714)
00b9d12a-8f30-4c32-9c57-92887021e7e0,BP,bp,gas_station,0.9902192950248718,"{meta,Overture,Overture-signals,Overture-signals,Overture-signals,Overture-signals,Overture-signals,Overture-signals,Overture-signals,Overture-signals,Overture-signals,Overture-signals}",8400 Reading Rd,Cincinnati,OH,45215-5621,+15138345537,https://map.bp.com/en-US/US/gas-station/cincinnati/bp/93329639634004521500100000000000,bpconsumer@bp.com,{https://www.facebook.com/1081477421986421},open,39.21165043,-84.44726001,POINT(-84.44726001 39.21165043)
00b9e094-1b56-4053-95bf-b8369d9100c0,Mobil,Exxon & Mobil Stations,gas_station,0.9976083636283875,"{meta,Overture}",95 Fairfield Pl,Fairfield,CT,06824-5603,+12032552087,https://www.exxon.com/en,,{https://www.facebook.com/450175619067297},,41.14682617,-73.25625602,POINT(-73.25625602 41.14682617)
00ba3266-c90d-4e38-9bb4-a73a50986351,Shell,,gas_station,0.9199122190475464,"{Microsoft,Overture,Overture-signals,Overture-signals,Overture-signals,Overture-signals,Overture-signals,Overture-signals,Overture-signals,Overture-signals,Overture-signals,Overture-signals}",1474 Whalley Ave,New Haven,CT,06515,2033894030,https://find.shell.com/us/fuel/13068846-1474-whalley-ave/en_US,,,open,41.33526,-72.97704,POINT(-72.97704 41.33526)
00ba7897-867d-4a13-8d68-4067e5056318,Free Port,,gas_station,0.617245078086853,"{meta,Overture,Overture-signals,Overture-signals}",199 E Sunrise Hwy,Freeport,NY,11520-3937,+15168680517,http://freeportny.areaconnect.com,,{https://www.facebook.com/1680711132174861},open,40.657734,-73.574058,POINT(-73.574058 40.657734)
00bac1b4-c3cf-4e9b-950a-d8b22376fb71,CAT Scale,,truck_gas_station,0.9199122190475464,"{Microsoft,Overture,Overture-signals,Overture-signals,Overture-signals,Overture-signals,Overture-signals,Overture-signals,Overture-signals,Overture-signals,Overture-signals,Overture-signals}",433 Old Gate Ln,Milford,CT,06460,2038761266,http://catscale.com/?utm_medium=yext&utm_source=bing,,,open,41.236490386532196,-73.02291223084718,POINT(-73.02291223084718 41.236490386532196)
00bae386-f920-4462-b84d-68265c08561b,Amoco Food Shop,,gas_station,0.3837302625179291,"{meta,Overture}",4035 Medina Rd,Akron,OH,44333-2446,+13306662132,,,{https://www.facebook.com/137604836281167},,41.136208,-81.644484,POINT(-81.644484 41.136208)
00bbb0e2-ac14-4a65-9ad4-5492850cb0ed,Shell,,gas_station,0.97,"{Microsoft,Overture}",150 W Martin Luther King Dr,Maxton,NC,28364,9108445173,https://find.shell.com/us/fuel/13071306-150-west-martin-luther-king-drive/en_US,,,,34.736151,-79.350931,POINT(-79.350931 34.736151)
00bcfbe9-efcf-4b8f-9be0-aa7ec6b96316,BP,,gas_station,0.9199122190475464,"{Microsoft,Overture,Overture-signals,Overture-signals,Overture-signals,Overture-signals,Overture-signals,Overture-signals,Overture-signals,Overture-signals,Overture-signals,Overture-signals}",75 Highway 770,Corbin,KY,40701,6062153322,https://www.bp.com/en_us/bp-us.html,,,open,36.97686495,-84.11388467,POINT(-84.11388467 36.97686495)
00bd760e-d17c-415d-b7f9-7ab4e9d2e85e,Texaco Station Anacoco,,gas_station,0.77,"{Foursquare,Overture}",4556 Main Street,Anacoco,LA,71403,(337) 238-4435,http://www.Texaco.com,,{https://www.facebook.com/122857011231574},,31.2560509225324,-93.34305186531596,POINT(-93.34305186531596 31.2560509225324)
00be7c10-f818-4f27-8fd1-b27baa652686,Kwik Serv,,gas_station,0.9199122190475464,"{meta,Overture,Overture-signals,Overture-signals,Overture-signals,Overture-signals,Overture-signals,Overture-signals,Overture-signals,Overture-signals,Overture-signals,Overture-signals}",1210 R St,Merced,CA,95341-5849,+12093832916,,,{https://www.facebook.com/258765897574195},open,37.29965093,-120.49517755,POINT(-120.49517755 37.29965093)
00be9cbc-5be8-4c8b-81b7-0812595568f7,Shell,Shell,gas_station,0.9902192950248718,"{AllThePlaces,Overture,Overture-signals,Overture-signals,Overture-signals,Overture-signals,Overture-signals,Overture-signals,Overture-signals,Overture-signals,Overture-signals,Overture-signals}",6630 RIDGE RD,PARMA,OH,44129-5599,,https://find.shell.com/us/fuel/10009945-6630-ridge-rd,,,open,41.384208,-81.735116,POINT(-81.735116 41.384208)
00bea2da-0d61-4acf-b61f-5b5c5acc55a6,Cenex,,gas_station,0.9655,"{Microsoft,Overture}",111 Maine St,Saint Martin,MN,56376,3205483245,https://www.cenex.com/,,,,45.50191,-94.66889,POINT(-94.66889 45.50191)
00c00a78-7ee8-4995-8a52-f90732ac78b9,Irving Oil,,gas_station,1,"{DAC,Overture}",249 Route 10 N,Grantham,NH,03753,+16038635471,https://www.irvingoil.com/en-US/location,,,,43.503546,-72.133287,POINT(-72.133287 43.503546)
00c0bad6-4a37-42f3-9e6c-dde7ddaf0fed,Admiral Petroleum Co,Admiral Petroleum,gas_station,0.9199122190475464,"{meta,Overture,Overture-signals,Overture-signals,Overture-signals,Overture-signals,Overture-signals,Overture-signals,Overture-signals,Overture-signals,Overture-signals,Overture-signals}",4001 Page Ave,Leoni Twp,MI,49254-1029,+15177644043,http://www.admiralpetroleum.com,,{https://www.facebook.com/141563685890483},open,42.23798234,-84.34490144,POINT(-84.34490144 42.23798234)
00c17ad0-e7a6-4d42-a385-fd84ad6d64cd,Marathon,Marathon,gas_station,0.9902192950248718,"{meta,Overture,Overture-signals,Overture-signals,Overture-signals,Overture-signals,Overture-signals,Overture-signals,Overture-signals,Overture-signals,Overture-signals,Overture-signals}",9002 Mahan Dr,Tallahassee,FL,32309-1404,+18508771452,http://www.marathon.com,,{https://www.facebook.com/1246270928735262},open,30.49171071,-84.12523795,POINT(-84.12523795 30.49171071)
00c1e334-03e8-426e-92e6-79c83697fe63,Exxon,,gas_station,0.9199122190475464,"{meta,Overture,Overture-signals,Overture-signals,Overture-signals,Overture-signals,Overture-signals,Overture-signals,Overture-signals,Overture-signals,Overture-signals,Overture-signals}",3066 Cosby Hwy,Cosby,TN,37722-3121,+14234873158,http://www.exxon.com,,{https://www.facebook.com/401370223382157},open,35.85416,-83.21753831,POINT(-83.21753831 35.85416)
00c1e674-58fd-417b-9776-69166003d4ab,Exxon,,gas_station,0.9199122190475464,"{Microsoft,Overture,Overture-signals,Overture-signals,Overture-signals,Overture-signals,Overture-signals,Overture-signals,Overture-signals,Overture-signals,Overture-signals,Overture-signals}",2402 Us Hwy 60,Hurricane,WV,25526,3045623204,https://www.exxon.com/en/find-station/exxon-hurricane-wv-lg5100hurricane-200313146?utm_medium=referral&utm_source=yxt-bing&utm_campaign=us_fue_ret_xom_yxt,,,open,38.41891851899759,-82.04085095888928,POINT(-82.04085095888928 38.41891851899759)
00c34a1e-35ed-43bc-bdd3-9169bce73270,Texaco,Texaco,gas_station,0.9902192950248718,"{meta,Overture,Overture-signals,Overture-signals,Overture-signals,Overture-signals,Overture-signals,Overture-signals,Overture-signals,Overture-signals,Overture-signals,Overture-signals}",246 S Pearson Rd,Pearl,MS,39208-5639,+16019321168,https://www.texaco.com/,fueltek@chevron.com,{https://www.facebook.com/396364230988187},open,32.26944044,-90.13488927,POINT(-90.13488927 32.26944044)
00c3e925-fe28-4878-9d47-d83683981b40,Paloma Lake Market,,gas_station,0.9199122190475464,"{meta,Overture,Overture-signals,Overture-signals,Overture-signals,Overture-signals,Overture-signals,Overture-signals,Overture-signals,Overture-signals,Overture-signals,Overture-signals}",7111 County Road 110,Round Rock,TX,78665-7444,+15129681244,http://paloma-lake-market.edan.io,,{https://www.facebook.com/103209562119338},open,30.56163871,-97.60521807,POINT(-97.60521807 30.56163871)
00c3f83f-51d3-40fc-bc12-a7d860a071a0,Shell,Shell,gas_station,0.9199122190475464,"{meta,Overture,Overture-signals,Overture-signals,Overture-signals,Overture-signals,Overture-signals,Overture-signals,Overture-signals,Overture-signals,Overture-signals,Overture-signals}",705 E Palm Valley Blvd,Round Rock,TX,78664-3245,+15122181025,https://find.shell.com/us/fuel/10014643-705-east-palm-valley-blvd,shellcustomercare@shell.com,{https://www.facebook.com/116953798934043},open,30.51803594,-97.67099263,POINT(-97.67099263 30.51803594)
00c4e5cc-d3e9-48a9-ace0-f7724f5a2ca9,Speedway,,gas_station,1,"{DAC,Overture}",4743 West 16th Street,Indianapolis,IN,46222,+13172415713,https://www.speedway.com,,"{https://www.facebook.com/SpeedwayStores,https://www.instagram.com/speedwaystores/,https://www.speedway.com/products/food,https://www.tiktok.com/@speedwaystores,https://twitter.com/Speedway,https://www.youtube.com/user/SpeedwayCStores}",,39.7873,-86.2381,POINT(-86.2381 39.7873)
00c52f13-d564-4d98-aa6e-c1d311fcaa82,Pilot Dealer,Pilot Flying J,gas_station,0.9199122190475464,"{meta,Overture,Overture-signals,Overture-signals,Overture-signals,Overture-signals,Overture-signals,Overture-signals,Overture-signals,Overture-signals,Overture-signals,Overture-signals}",2537 Highway 21 E,Paige,TX,78659-2022,+17373546550,https://locations.pilotflyingj.com/us/tx/paige/2537-tx-21,,{https://www.facebook.com/361849733677019},open,30.213545459351,-97.139643707225,POINT(-97.139643707225 30.213545459351)
00c5b378-e2bd-4527-8454-8427d39e456b,Mobil,Exxon & Mobil Stations,gas_station,0.9199122190475464,"{meta,Overture,Overture-signals,Overture-signals,Overture-signals,Overture-signals,Overture-signals,Overture-signals,Overture-signals,Overture-signals,Overture-signals,Overture-signals}",9925 Spencer Rd,Brighton,MI,48114-7512,+18102278197,https://www.exxon.com/en,,{https://www.facebook.com/1179788958862652},open,42.53408495,-83.75641774,POINT(-83.75641774 42.53408495)
00c5c6b2-d377-4858-b973-452291c51ca8,Shell,Shell,gas_station,0.9902192950248718,"{meta,Overture,Overture-signals,Overture-signals,Overture-signals,Overture-signals,Overture-signals,Overture-signals,Overture-signals,Overture-signals,Overture-signals,Overture-signals}",14760 Wallisville Rd,Houston,TX,77049-4438,+17136377600,https://find.shell.com/us/fuel/12376866-14760-wallisville-rd,shellcustomercare@shell.com,{https://www.facebook.com/1417893714958454},open,29.80587986,-95.1827885,POINT(-95.1827885 29.80587986)
00c5f6b5-c389-4af0-9c5f-2a29ea657f45,Murphy USA,,gas_station,0.9902192950248718,"{Microsoft,Overture,Overture-signals,Overture-signals,Overture-signals,Overture-signals,Overture-signals,Overture-signals,Overture-signals,Overture-signals,Overture-signals,Overture-signals}",398 W 9th St,Hialeah,FL,33010,7868091486,http://www.murphyusa.com/,,,open,25.82949908,-80.28906275,POINT(-80.28906275 25.82949908)
00c60491-d9bc-4f19-9ac0-ba491fe532da,Pit Stop Deiseil,,gas_station,0.5865576863288879,"{meta,Overture}",702 W Broad St,Metter,GA,30439-4229,+19126854367,http://www.pitstopdeiseil.com/,pitstopdeiseil@gmail.com,{https://www.facebook.com/163092573557770},,32.398254,-82.071724,POINT(-82.071724 32.398254)
00c638fa-35d6-417a-b713-bef410903be6,Marathon Gas,,gas_station,0.9199122190475464,"{Microsoft,Overture,Overture-signals,Overture-signals,Overture-signals,Overture-signals,Overture-signals,Overture-signals,Overture-signals,Overture-signals,Overture-signals,Overture-signals}",4121 Fort Henry Dr,Kingsport,TN,37663,4232395871,http://mymarathonstation.com/StoreHome/152843,,,open,36.4842182,-82.5022383,POINT(-82.5022383 36.4842182)
00c6b6d1-370c-4b63-aacb-fc30cf8b997f,CAT Scale,,truck_gas_station,0.9199122190475464,"{Microsoft,Overture,Overture-signals,Overture-signals,Overture-signals,Overture-signals,Overture-signals,Overture-signals,Overture-signals,Overture-signals,Overture-signals,Overture-signals}",3000 Chestnut Ridge Rd,Grantsville,MD,21536,3018954536,http://catscale.com/?utm_medium=yext&utm_source=bing,,,open,39.69182883695233,-79.1009003112289,POINT(-79.1009003112289 39.69182883695233)
00c78bbd-c1e0-4777-a5ff-acef2b0664a4,Texaco,Texaco,gas_station,0.9199122190475464,"{meta,Overture,Overture-signals,Overture-signals,Overture-signals,Overture-signals,Overture-signals,Overture-signals,Overture-signals,Overture-signals,Overture-signals,Overture-signals}",5410 Matt Hwy,Cumming,GA,30028-3104,+17708876363,https://www.texaco.com/,,{https://www.facebook.com/348285262482578},open,34.29915053,-84.15334749,POINT(-84.15334749 34.29915053)
00c7d5a6-ada8-49b5-b177-66ebcbb143fd,Sourdough Fuel,,gas_station,0.9199122190475464,"{Microsoft,Overture,Overture-signals,Overture-signals,Overture-signals,Overture-signals,Overture-signals,Overture-signals,Overture-signals,Overture-signals,Overture-signals,Overture-signals}",1555 Van Horn Rd,Fairbanks,AK,99701,9074567798,http://www.sourdoughfuel.com/,,,open,64.8125613,-147.7420098,POINT(-147.7420098 64.8125613)
00c804cf-a2ab-4891-aff9-db157fbe2cf0,Shell,,gas_station,0.9199122190475464,"{Foursquare,Overture,Overture-signals,Overture-signals,Overture-signals,Overture-signals,Overture-signals,Overture-signals,Overture-signals,Overture-signals,Overture-signals,Overture-signals}",710 Englewood Rd,Madisonville,TN,37354,(423) 442-6563,http://www.shell.us/ontheroad,,{https://www.twitter.com/Shell_US},open,35.5118408203125,-84.37228393554688,POINT(-84.37228393554688 35.5118408203125)
00c8189f-b4b5-4081-9346-2aaac338dbdc,Shell,,gas_station,0.9199122190475464,"{Microsoft,Overture,Overture-signals,Overture-signals,Overture-signals,Overture-signals,Overture-signals,Overture-signals,Overture-signals,Overture-signals,Overture-signals,Overture-signals}",3928 E Silver Springs Blvd,Ocala,FL,34470,3526299009,https://find.shell.com/us/fuel/10014309-3928-w-silver-springs-blvd/en_US,,,open,29.18592,-82.187217,POINT(-82.187217 29.18592)
00c9736f-5f4a-4786-a6c6-0edfe1f80019,BP,,gas_station,0.9902192950248718,"{Microsoft,Overture,Overture-signals,Overture-signals,Overture-signals,Overture-signals,Overture-signals,Overture-signals,Overture-signals,Overture-signals,Overture-signals,Overture-signals}",4300 S Kingshighway Blvd,St. Louis,MO,63109,3148999300,https://map.bp.com/en-US/US/gas-station/st-louis/bp/14242111953006310900100000000000,,,open,38.589823,-90.274094,POINT(-90.274094 38.589823)
00c98e3d-3fd7-4d4f-b7b0-bb1bbf1b76cf,Shell,Shell,gas_station,0.7007527947425842,"{meta,Overture}",3522 Cole Ave,Dallas,TX,75204-1408,+19725733333,https://find.shell.com/us/fuel/10002883-3522-cole-ave,,{https://www.facebook.com/831319530408219},,32.80760314,-96.79877559,POINT(-96.79877559 32.80760314)
00ca8df5-c117-4730-b156-781cd9015be4,Shell,,gas_station,0.9199122190475464,"{Microsoft,Overture,Overture-signals,Overture-signals,Overture-signals,Overture-signals,Overture-signals,Overture-signals,Overture-signals,Overture-signals,Overture-signals,Overture-signals}",1449 N 56th St,Lincoln,NE,68504,4024654099,https://find.shell.com/us/fuel/10048748-1449-n-56th-st,,,open,40.827784,-96.64447178,POINT(-96.64447178 40.827784)
00cb7857-8af5-4557-9a87-32c03ffbca56,BP,,gas_station,0.85,"{Microsoft,Overture}",N Bellflower Blvd 1785,Long Beach,CA,90815,5625971728,http://www.bp.com/,,,,33.788318,-118.124278,POINT(-118.124278 33.788318)
00cd9f51-1030-43b8-a0b5-e12a4ba22c53,Murphy USA,,gas_station,0.9945658151209354,"{Microsoft,Overture}",3514 FM 120,Denison,TX,75020,9034655007,http://www.murphyusa.com/,,,,33.7602053,-96.5889186,POINT(-96.5889186 33.7602053)
00cda4d8-0582-4f09-a8fe-02884b70c5b5,Holiday Station Store,,gas_station,0.9199122190475464,"{Foursquare,Overture,Overture-signals,Overture-signals,Overture-signals,Overture-signals,Overture-signals,Overture-signals,Overture-signals,Overture-signals,Overture-signals,Overture-signals}",2000 US Highway 41 W,Marquette,MI,49855,(906) 228-8765,http://www.holidaystationstores.com/locations/Detail?storeNumber=159,customerservice@holidaystationstores.com,"{https://www.twitter.com/holidaystations,https://www.facebook.com/150825018306274}",open,46.54783020159411,-87.43006825447083,POINT(-87.43006825447083 46.54783020159411)
00ce0aca-4dd0-4f3b-a75d-c5697484d9b0,BP,bp,gas_station,0.9199122190475464,"{meta,Overture,Overture-signals,Overture-signals,Overture-signals,Overture-signals,Overture-signals,Overture-signals,Overture-signals,Overture-signals,Overture-signals,Overture-signals}",517 E Midland Ave,Winder,GA,30680-2585,+16784250748,https://map.bp.com/en-US/US/gas-station/winder/bp/31389775225173068000100000000000,bpconsumer@bp.com,{https://www.facebook.com/735663709975174},open,33.97405212,-83.68946985,POINT(-83.68946985 33.97405212)
00ce9251-0385-4084-8fa9-d7981096b01c,Chevron Station Lilburn,,gas_station,0.85,"{Microsoft,Overture}",4784 Lawrenceville Highway NW,Lilburn,GA,30047,7704478030,"",,,,33.895401,-84.139493,POINT(-84.139493 33.895401)
00d04474-78fb-455d-9f73-4602847750d4,BEST,,gas_station,0.9199122190475464,"{meta,Overture,Overture-signals,Overture-signals,Overture-signals,Overture-signals,Overture-signals,Overture-signals,Overture-signals,Overture-signals,Overture-signals,Overture-signals}",129 Newbury St,Peabody,MA,01960-3810,+19785359870,http://www.peabodytruckstopma.com/,,{https://www.facebook.com/1054994527899601},open,42.53482225,-70.98935883,POINT(-70.98935883 42.53482225)
00d05c2b-f073-49f2-844c-3eac645edf71,ARCO,ARCO,gas_station,0.9902192950248718,"{meta,Overture,Overture-signals,Overture-signals,Overture-signals,Overture-signals,Overture-signals,Overture-signals,Overture-signals,Overture-signals,Overture-signals,Overture-signals}",6300 W Slauson Ave,Culver City,CA,90230-6126,+13103985609,https://www.arco.com/en-us/southwest/find-a-station/,,{https://www.facebook.com/441424352569178},open,33.98837817,-118.39570727,POINT(-118.39570727 33.98837817)
00d06083-70a2-4d49-9483-7771f3c54e36,Shell,Shell,gas_station,0.9199122190475464,"{meta,Overture,Overture-signals,Overture-signals,Overture-signals,Overture-signals,Overture-signals,Overture-signals,Overture-signals,Overture-signals,Overture-signals,Overture-signals}",3300 Tamiami Trl N,Naples,FL,34103-4107,+12392613541,https://find.shell.com/us/fuel/10056661-3300-tamiami-trl-n,shellcustomercare@shell.com,{https://www.facebook.com/1688199594821803},open,26.1863745,-81.79956699,POINT(-81.79956699 26.1863745)
00d098d8-8dfc-442f-9c33-f3d196a5bb2c,BP,bp,gas_station,0.9985072531402112,"{meta,Overture}",22352 Route 68,Clarion,PA,16214-4008,+18142978195,https://map.bp.com/en-US/US/gas-station/clarion/bp/85991020723521621400100000000000,bpconsumer@bp.com,{https://www.facebook.com/121590769509509},,41.18980838,-79.39337673,POINT(-79.39337673 41.18980838)
00d14bc3-6434-4119-9468-140bdc2652ce,Shell,Shell,gas_station,0.9199122190475464,"{meta,Overture,Overture-signals,Overture-signals,Overture-signals,Overture-signals,Overture-signals,Overture-signals,Overture-signals,Overture-signals,Overture-signals,Overture-signals}",2200 Alemany Blvd,San Francisco,CA,94112-3311,+14153378343,https://find.shell.com/us/fuel/10008252-2200-alemany-blvd,shellcustomercare@shell.com,{https://www.facebook.com/229760360878726},open,37.71778582,-122.44276658,POINT(-122.44276658 37.71778582)
00d1a51e-f380-4b0c-9651-d5f943b2e519,Shell,,gas_station,0.9199122190475464,"{Microsoft,Overture,Overture-signals,Overture-signals,Overture-signals,Overture-signals,Overture-signals,Overture-signals,Overture-signals,Overture-signals,Overture-signals,Overture-signals}",1351 Highway 119,Golden,CO,80403,3032790213,https://find.shell.com/us/fuel/10080196-1351-highway-119,,,open,39.75924331,-105.41391543,POINT(-105.41391543 39.75924331)
00d28077-82c0-47be-a08d-1b075cb3a4c1,Sunoco Gas Station,,gas_station,0.9199122190475464,"{Microsoft,Overture,Overture-signals,Overture-signals,Overture-signals,Overture-signals,Overture-signals,Overture-signals,Overture-signals,Overture-signals,Overture-signals,Overture-signals}",814 W Boylston St,Worcester,MA,01606,5088540555,https://www.sunoco.com/find-a-station,,,open,42.3212699890137,-71.7945327758789,POINT(-71.7945327758789 42.3212699890137)
00d39c3c-4455-4b31-88ba-25d1eae7e1e4,Old Town Fuel,,gas_station,0.9814229011535645,"{Foursquare,Overture,Overture-signals,Overture-signals,Overture-signals,Overture-signals,Overture-signals,Overture-signals,Overture-signals,Overture-signals,Overture-signals,Overture-signals}",3860 Old Town Ave,San Diego,CA,92110,(619) 296-9025,https://www.arco.com,,,open,32.748575919733355,-117.1933417906404,POINT(-117.1933417906404 32.748575919733355)
00d40e67-fa3f-48da-805f-d9c06f2d034c,Cenex,,gas_station,0.9199122190475464,"{Microsoft,Overture,Overture-signals,Overture-signals,Overture-signals,Overture-signals,Overture-signals,Overture-signals,Overture-signals,Overture-signals,Overture-signals,Overture-signals}",225 W Collins St,Mendon,IL,62351,2179362744,https://www.cenex.com/,,,open,40.08829,-91.28626,POINT(-91.28626 40.08829)
00d5435d-1b86-4bdd-a126-a47372ef1136,BP,bp,gas_station,0.9999224053025245,"{meta,Overture,Overture-signals,Overture-signals,Overture-signals}",21102 Governors Hwy,Matteson,IL,60443-2061,+17085031123,https://map.bp.com/en-US/US/gas-station/matteson/bp/59327200971026044300100000000000,bpconsumer@bp.com,{https://www.facebook.com/275314379539476},open,41.50575366,-87.71375635,POINT(-87.71375635 41.50575366)
00d653d0-33dd-49f3-905b-3224a8eca637,Rush Stop,,gas_station,0.9199122190475464,"{meta,Overture,Overture-signals,Overture-signals,Overture-signals,Overture-signals,Overture-signals,Overture-signals,Overture-signals,Overture-signals,Overture-signals,Overture-signals}",609 Main St,Charles City,IA,50616-3224,+16412282082,https://rush-stop.hub.biz/,,{https://www.facebook.com/431327770286387},open,43.06101574,-92.68284178,POINT(-92.68284178 43.06101574)
00d697c7-8a9b-4825-9a9a-95520589e0e1,Mangum Oil & Gas,,gas_station,0.9199122190475464,"{Foursquare,Overture,Overture-signals,Overture-signals,Overture-signals,Overture-signals,Overture-signals,Overture-signals,Overture-signals,Overture-signals,Overture-signals,Overture-signals}",5431 S State Highway 65,Lawton,OK,73501,(580) 353-7109,https://themartincompanies.com/search-locations,,,open,34.55419459190508,-98.2125114323281,POINT(-98.2125114323281 34.55419459190508)
00d6a059-1be2-45ae-93a0-bb5d82dd37a3,J & R Gas & Mini-Mart,,gas_station,0.9902192950248718,"{meta,Overture,Overture-signals,Overture-signals,Overture-signals,Overture-signals,Overture-signals,Overture-signals,Overture-signals,Overture-signals,Overture-signals,Overture-signals}",850 Sereno Dr,Vallejo,CA,94589-2411,+17075529888,https://j-r-gas-mini-mart.hub.biz,,{https://www.facebook.com/153453264668743},open,38.12816139,-122.25024421,POINT(-122.25024421 38.12816139)
00d6fb6c-0132-4cfb-9479-653d218d2978,Valero,,gas_station,0.77,"{Foursquare,Overture}",5306 James Madison Pkwy,King George,VA,22485,(540) 663-2413,http://valero.com,,,,38.34078914233758,-77.0747816306329,POINT(-77.0747816306329 38.34078914233758)
00d73311-6a0c-48fc-9b72-f88a2e4c9011,MAPCO,,gas_station,0.77,"{Foursquare,Overture}",3956 Brainerd Rd Ste B,Chattanooga,TN,37411,(423) 698-7201,https://www.mapcorewards.com,mapcomart@gmail.com,{https://www.instagram.com/mapcomart},,35.01919375616246,-85.24042745413212,POINT(-85.24042745413212 35.01919375616246)
00d7adb2-9f06-416b-9093-aa572f3ae4c6,FAST BREAK STARKVILLE,Marathon,gas_station,0.8929482460021972,"{AllThePlaces,Overture,Overture-signals,Overture-signals,Overture-signals,Overture-signals}",7186 MS 182,STARKVILLE,MS,39759,,,,,open,33.4615982,-88.8485068,POINT(-88.8485068 33.4615982)
00d9a1b6-aa8a-40f1-98e3-eb2af86bd48b,Shell,Shell,gas_station,0.9199122190475464,"{meta,Overture,Overture-signals,Overture-signals,Overture-signals,Overture-signals,Overture-signals,Overture-signals,Overture-signals,Overture-signals,Overture-signals,Overture-signals}",4651 E Highway 20,Niceville,FL,32578-9795,+18508978928,https://find.shell.com/us/fuel/10055493-4651-e-highway-20,,{https://www.facebook.com/105347266802911},open,30.47699796,-86.40703534,POINT(-86.40703534 30.47699796)
00d9e2ca-78d1-4bf8-9bc7-fa0628b161ef,Marathon,Marathon,gas_station,0.9902192950248718,"{meta,Overture,Overture-signals,Overture-signals,Overture-signals,Overture-signals,Overture-signals,Overture-signals,Overture-signals,Overture-signals,Overture-signals,Overture-signals}",1455 S Lamar Blvd,Oxford,MS,38655-4740,+16622342230,http://www.marathon.com,,{https://www.facebook.com/151103931922020},open,34.35533168,-89.52094105,POINT(-89.52094105 34.35533168)
00daea12-c60c-4fd4-a41f-a490de6f6901,Exxon,,gas_station,0.9993657938241959,"{meta,Overture}",3001 N Frazier St,Conroe,TX,77303-1525,+19367603475,http://www.exxon.com,,{https://www.facebook.com/821950564619731},,30.34996124,-95.47237975,POINT(-95.47237975 30.34996124)
00db0b7f-2f2c-429c-b996-964be11b6351,Conoco,,gas_station,0.9199122190475464,"{Foursquare,Overture,Overture-signals,Overture-signals,Overture-signals,Overture-signals,Overture-signals,Overture-signals,Overture-signals,Overture-signals,Overture-signals,Overture-signals}",7501 S Platte Canyon Rd,Littleton,CO,80128,(303) 948-1121,https://www.76.com,,,open,39.58012553612858,-105.05263254737838,POINT(-105.05263254737838 39.58012553612858)
00dbbd75-b11b-44ff-ae69-ccb026adb4b1,Murphy USA,,gas_station,0.9902192950248718,"{Microsoft,Overture,Overture-signals,Overture-signals,Overture-signals,Overture-signals,Overture-signals,Overture-signals,Overture-signals,Overture-signals,Overture-signals,Overture-signals}",3905 E 104th Ave,Thornton,CO,80233,7204434995,http://www.murphyusa.com/,,,open,39.8855022,-104.9410238,POINT(-104.9410238 39.8855022)
00dc22c0-fe81-43ee-be81-ccd8751c9e29,Shell On 38th St,,gas_station,0.9199122190475464,"{Foursquare,Overture,Overture-signals,Overture-signals,Overture-signals,Overture-signals,Overture-signals,Overture-signals,Overture-signals,Overture-signals,Overture-signals,Overture-signals}",1301 N 38th St,Kansas City,KS,66102,(913) 371-5837,https://www.shell.com,,,open,39.11972195515641,-94.67309992680293,POINT(-94.67309992680293 39.11972195515641)
00dc6222-c43e-4f02-a997-96549b0535c0,Mr C,,gas_station,0.9199122190475464,"{meta,Overture,Overture-signals,Overture-signals,Overture-signals,Overture-signals,Overture-signals,Overture-signals,Overture-signals,Overture-signals,Overture-signals,Overture-signals}",12407 US Highway 87,Adkins,TX,78101-1903,+12106491432,,,{https://www.facebook.com/145254738828262},open,29.36634412,-98.24085845,POINT(-98.24085845 29.36634412)
00dcd22b-5a68-445d-8fa0-4aed8974e8f0,Valero,,gas_station,0.9199122190475464,"{Foursquare,Overture,Overture-signals,Overture-signals,Overture-signals,Overture-signals,Overture-signals,Overture-signals,Overture-signals,Overture-signals,Overture-signals,Overture-signals}",423 Grand Ave,Las Vegas,NM,87701,(505) 425-2608,https://locations.valero.com/en-us/LocationDetails/Index/423-GRAND-AVE/0000031410,,"{https://www.twitter.com/valeroenergy,https://www.instagram.com/valeroenergy}",open,35.59289074834065,-105.21520346403122,POINT(-105.21520346403122 35.59289074834065)
00dcd9e6-e1b4-4fe2-99a0-c644dd8e5d97,Fastrac,,gas_station,0.85,"{Microsoft,Overture}",2232 Downer St,Baldwinsville,NY,13027,3156357010,https://www.fastraccafe.com/,,,,43.0448253,-70.772527,POINT(-70.772527 43.0448253)
00dcf02d-eaa2-41ff-8164-fa597753744c,BP,,gas_station,0.85,"{Microsoft,Overture}","Mono Way, 14895",Sonora,CA,95370,2095888505,http://www.bp.com/,,,,37.977162,-120.322675,POINT(-120.322675 37.977162)
00dd32d5-e425-4259-9c40-2bffbb0e51d6,Texaco Station Killeen,,gas_station,0.9199122190475464,"{Microsoft,Overture,Overture-signals,Overture-signals,Overture-signals,Overture-signals,Overture-signals,Overture-signals,Overture-signals,Overture-signals,Overture-signals,Overture-signals}",809 E Rancier Ave,Killeen,TX,76541,5123850510,http://www.texaco.com/stations/default.aspx,,,open,31.124982,-97.720908,POINT(-97.720908 31.124982)
00de3262-a095-41c5-8476-7564f1a43bab,Mobil,Exxon & Mobil Stations,gas_station,0.9995324967801571,"{meta,Overture}",W240N1485 Pewaukee Rd,Pewaukee,WI,53188-1102,+12625495099,https://www.exxon.com/en,,{https://www.facebook.com/369565930320823},,43.0507735,-88.22625568,POINT(-88.22625568 43.0507735)
00df0d71-b482-4e69-9743-e63a4f071ab0,Valero,Valero Energy,gas_station,0.9199122190475464,"{meta,Overture,Overture-signals,Overture-signals,Overture-signals,Overture-signals,Overture-signals,Overture-signals,Overture-signals,Overture-signals,Overture-signals,Overture-signals}",401 N Texas Ave,Bryan,TX,77803-5321,+18328720789,https://locations.valero.com/en-us/LocationDetails/Index/401-NORTH-TEXAS-AVENUE/0000025917,,{https://www.facebook.com/942074379212564},open,30.67647326,-96.36949397,POINT(-96.36949397 30.67647326)
00df92e6-d60d-4f5a-a20d-ceb5856c1899,Broadway Gas & Grocery,,gas_station,0.9902192950248718,"{meta,Overture,Overture-signals,Overture-signals,Overture-signals,Overture-signals,Overture-signals,Overture-signals,Overture-signals,Overture-signals,Overture-signals,Overture-signals}",6901 Broadway,Everett,WA,98203-5339,+14253532544,,,{https://www.facebook.com/107385029319946},open,47.93527016,-122.19964526,POINT(-122.19964526 47.93527016)
00e10200-c9a5-417a-9f00-376278e6a26c,BP,,gas_station,0.85,"{Microsoft,Overture}",4950 Old Dixie Hwy,Forest Park,GA,30297,4043611181,http://mybpstation.com/,,,,33.62943,-84.387043,POINT(-84.387043 33.62943)
00e1ba97-79e3-4d98-a733-7f2b99e14626,Shell,Shell,gas_station,0.9902192950248718,"{meta,Overture,Overture-signals,Overture-signals,Overture-signals,Overture-signals,Overture-signals,Overture-signals,Overture-signals,Overture-signals,Overture-signals,Overture-signals}",4750 Roosevelt Rd,Hillside,IL,60162-2036,+17084495830,https://find.shell.com/us/fuel/10055175-4750-roosevelt-rd,shellcustomercare@shell.com,{https://www.facebook.com/154730795086795},open,41.86299091,-87.90173918,POINT(-87.90173918 41.86299091)
00e1eedc-50d0-4a76-8281-2304ff9f3caa,Sunoco Gas Station,GoSunoco,gas_station,0.8923394083976746,"{meta,Overture,Overture-signals,Overture-signals,Overture-signals}",6055 State Route 35,Sayreville,NJ,08879-1047,+17328290353,http://www.sunoco.com/,,{https://www.facebook.com/154153605441418},open,40.48596945,-74.29763773,POINT(-74.29763773 40.48596945)
00e21369-f2cc-4adf-8cb2-10b1ade9a0cd,CAT Scale,,truck_gas_station,0.85,"{Microsoft,Overture}",4750 Interstate 45,Corsicana,TX,75110,9033860125,http://catscale.com/?utm_medium=yext&utm_source=bing,,,,32.04024072518049,-96.4482776749382,POINT(-96.4482776749382 32.04024072518049)
00e2b754-c762-45e8-9339-5a109a65f9e0,Hoffman's Service Center,,gas_station,0.77,"{Foursquare,Overture}",,Dover,PA,17315,(717) 292-3917,http://speedie393.wixsite.com/hoffmans,,{https://www.facebook.com/154302787939229},,39.99922365197091,-76.84816049344575,POINT(-76.84816049344575 39.99922365197091)
00e2c93a-fba9-4603-94e6-c82e23184680,Conoco,,gas_station,0.9199122190475464,"{DAC,Overture,Overture-signals,Overture-signals,Overture-signals,Overture-signals,Overture-signals,Overture-signals,Overture-signals,Overture-signals,Overture-signals,Overture-signals}",9181 S Spruce Mountain Rd,Larkspur,CO,80118,+13036813909,https://www.conoco.com/,,"{https://www.facebook.com/conoco/,https://www.instagram.com/conoco/,https://www.twitter.com/Conoco,https://www.youtube.com/@Phillips66Co}",open,39.228525,-104.88465,POINT(-104.88465 39.228525)
00e3900a-5163-48c9-bd51-58d7648e9216,Decatur Quick Track Express,,gas_station,0.6170746684074402,"{meta,Overture}",1789 N Highway 287,Decatur,TX,76234-6214,,,,{https://www.facebook.com/1422278468029517},,33.253662852518694,-97.60798256486308,POINT(-97.60798256486308 33.253662852518694)
00e39d2a-0543-4a96-bc2e-a6f2001e3488,Sunoco,,gas_station,0.85,"{Microsoft,Overture}",179 Main St,Passaic,NJ,07055,9737736850,https://www.sunoco.com/locations/store/179-main-st-passaic-nj-0467145901,,,,40.8883514404297,-74.1128921508789,POINT(-74.1128921508789 40.8883514404297)
00e3a360-c1e0-431c-bc2f-fac5b9ec9507,Exxon,,gas_station,0.9199122190475464,"{Microsoft,Overture,Overture-signals,Overture-signals,Overture-signals,Overture-signals,Overture-signals,Overture-signals,Overture-signals,Overture-signals,Overture-signals,Overture-signals}",1174 Long Hollow Pike,Gallatin,TN,37066,6154610705,https://www.exxon.com/en/find-station/exxon-gallatin-tn-coachscorner-200329967?utm_medium=referral&utm_source=yxt-bing&utm_campaign=us_fue_ret_xom_yxt,,,open,36.3871964,-86.4984148,POINT(-86.4984148 36.3871964)
00e3a423-0a9d-4ffb-b63e-dd86b300a6c1,MJ Mart,Marathon,gas_station,0.9199122190475464,"{AllThePlaces,Overture,Overture-signals,Overture-signals,Overture-signals,Overture-signals,Overture-signals,Overture-signals,Overture-signals,Overture-signals,Overture-signals,Overture-signals}",2521 Kershaw Camden Hwy,Lancaster,SC,29720,,,,,open,34.6731635,-80.7186835,POINT(-80.7186835 34.6731635)
00e40f52-e03a-4c66-92d2-ef065a9b2ce5,Tiger Stop,,gas_station,0.77,"{Foursquare,Overture}",,Bentonville,AR,72712,(479) 271-6250,http://tigerstop.com,761001_afm@uhaul.com,,,36.38810284693782,-94.22182071037021,POINT(-94.22182071037021 36.38810284693782)
00e427de-bea9-41c1-9a65-57042b948814,Chevron Station Salem,,gas_station,0.9199122190475464,"{Microsoft,Overture,Overture-signals,Overture-signals,Overture-signals,Overture-signals,Overture-signals,Overture-signals,Overture-signals,Overture-signals,Overture-signals,Overture-signals}",1115 Wallace Rd NW,Salem,OR,97304,5032248500,"",,,open,44.950473,-123.0521479,POINT(-123.0521479 44.950473)
00e471b9-17f8-409f-b259-db4671cbe952,76,,gas_station,1,"{DAC,Overture,Overture-signals,Overture-signals,Overture-signals}",1955 Elmwood Rd,Rockford,IL,61103,+17797743957,https://www.76.com/,,"{https://www.facebook.com/76gas/,https://www.instagram.com/76/,https://www.twitter.com/76,https://www.youtube.com/@Phillips66Co}",open,42.332546,-89.076759,POINT(-89.076759 42.332546)
00e506d1-3547-4572-b379-092227ec2b8e,Conoco,,gas_station,1,"{DAC,Overture,Overture-signals,Overture-signals,Overture-signals}",209 E Grand Ave,Saint Louis,MO,63147,+13144210062,https://www.conoco.com/,,"{https://www.facebook.com/conoco/,https://www.instagram.com/conoco/,https://www.twitter.com/Conoco,https://www.youtube.com/@Phillips66Co}",open,38.673746,-90.203279,POINT(-90.203279 38.673746)
00e540a2-1ce9-4123-8f03-391c640961fa,Healthy House Charging Station,,gas_station,0.8948150277137756,"{meta,Overture,Overture-signals,Overture-signals,Overture-signals}",1641 Portland Ave,Louisville,KY,40203-1459,+15027910966,,,{https://www.facebook.com/710621262621117},open,38.26393,-85.776026,POINT(-85.776026 38.26393)
00e602d2-e15b-4885-9f9a-212230c94e20,Loma Vista Market,,gas_station,0.9199122190475464,"{meta,Overture,Overture-signals,Overture-signals,Overture-signals,Overture-signals,Overture-signals,Overture-signals,Overture-signals,Overture-signals,Overture-signals,Overture-signals}",5020 N Academy Ave,Clovis,CA,93619-8897,+15592999262,http://www.chevron.com/,,{https://www.facebook.com/1529926920387419},open,36.80876978,-119.5554682,POINT(-119.5554682 36.80876978)
00e617eb-feac-4244-bcc1-37f953833c50,Denny's Food & Sport Shop,,gas_station,0.9199122190475464,"{Foursquare,Overture,Overture-signals,Overture-signals,Overture-signals,Overture-signals,Overture-signals,Overture-signals,Overture-signals,Overture-signals,Overture-signals,Overture-signals}",500 Inman St,Henning,MN,56551,(218) 583-2534,http://www.conoco.com,,,open,46.320717447479986,-95.44220038249998,POINT(-95.44220038249998 46.320717447479986)
00e66b30-04da-4f9f-996c-5625e87bd55f,Sunoco Gas Station,,gas_station,0.9199122190475464,"{Microsoft,Overture,Overture-signals,Overture-signals,Overture-signals,Overture-signals,Overture-signals,Overture-signals,Overture-signals,Overture-signals,Overture-signals,Overture-signals}",1830 5th Ave,Moline,IL,61265,6309150670,https://www.sunoco.com/find-a-station,,,open,41.5080114,-90.5113343,POINT(-90.5113343 41.5080114)
00e68968-bf56-4e72-8abf-f35400ef5726,CITGO,Citgo,gas_station,0.9199122190475464,"{meta,Overture,Overture-signals,Overture-signals,Overture-signals,Overture-signals,Overture-signals,Overture-signals,Overture-signals,Overture-signals,Overture-signals,Overture-signals}",117 Tioga St W,Tunkhannock,PA,18657-1444,+15708362977,http://www.citgo.com/,info@citgo.com,{https://www.facebook.com/128983364140168},open,41.54087767,-75.95582877,POINT(-75.95582877 41.54087767)
00e6fe5d-bf0d-4b3c-882b-1c9ffb28bb34,Sunoco,,gas_station,0.9902192950248718,"{Microsoft,Overture,Overture-signals,Overture-signals,Overture-signals,Overture-signals,Overture-signals,Overture-signals,Overture-signals,Overture-signals,Overture-signals,Overture-signals}",2295 Huntingdon Pike,Huntingdon Valley,PA,19006,2159479411,https://www.sunoco.com/find-a-station?utm_medium=organic&utm_content=657?utm_source=bing&utm_medium=fbbp&utm_campaign=yext&utm_content=8000063801,,,open,40.11918597374204,-75.06711677253645,POINT(-75.06711677253645 40.11918597374204)
00e709ba-ec91-4114-9257-3c9dd82e64b2,Smittys Gas Llc,,gas_station,0.9220507144927979,"{meta,Overture}",6035 Highway 355,Owenton,KY,40359-9604,+15024842383,http://www.app.sos.ky.gov,,{https://www.facebook.com/523488934331561},,38.47383,-84.95522,POINT(-84.95522 38.47383)
00e76628-c0a4-402a-9e0b-76a1925aaec5,Big Red Store,,gas_station,0.5720170140266418,"{meta,Overture}",1895 US-270,Malvern,AR,72104-20ND,+15013374070,,,{https://www.facebook.com/242131669874413},,34.4505768,-92.8943558,POINT(-92.8943558 34.4505768)
00e857d3-1bf4-4f51-9989-06c76aa651cd,HARFORD CITGO,,gas_station,0.9902192950248718,"{Foursquare,Overture,Overture-signals,Overture-signals,Overture-signals,Overture-signals,Overture-signals,Overture-signals,Overture-signals,Overture-signals,Overture-signals,Overture-signals}",2330 Harford Rd,Baltimore,MD,21218,(410) 366-5250,http://gas-stations.citgo.com/md/baltimore/21218/2330-HARFORD-ROAD,,{https://www.twitter.com/citgo},open,39.31638404416566,-76.596110306811,POINT(-76.596110306811 39.31638404416566)
00e8640c-3a75-4bba-922b-aab9a9878c4b,Marathon Gas,,gas_station,0.85,"{Microsoft,Overture}",1421 Brandenburg Rd,Leitchfield,KY,42754,2702300313,http://mymarathonstation.com/StoreHome/87734,,,,37.499329,-86.2920557,POINT(-86.2920557 37.499329)
00e8f6af-a19b-44d2-a272-268900a6049c,Shell,,gas_station,0.77,"{Foursquare,Overture}",700 US-301,Dillon,SC,29536,(843) 774-4471,https://find.shell.com/us/fuel/10012523-700-highway-301-n,shellcustomercare@shell.com,{https://www.twitter.com/shell},,34.422677980285314,-79.36585366172355,POINT(-79.36585366172355 34.422677980285314)
00e8f732-f4f7-4986-95cd-c8f2c5fcd727,Shell,,gas_station,0.9199122190475464,"{Foursquare,Overture,Overture-signals,Overture-signals,Overture-signals,Overture-signals,Overture-signals,Overture-signals,Overture-signals,Overture-signals,Overture-signals,Overture-signals}",3220 S Jeffers St,North Platte,NE,69101,,http://www.shell.com,,"{https://www.twitter.com/shell,https://www.instagram.com/shell}",open,41.105161718101726,-100.76512519089137,POINT(-100.76512519089137 41.105161718101726)
00e95272-072e-4857-8e6a-453ca97ff002,Shell,,gas_station,0.9199122190475464,"{Foursquare,Overture,Overture-signals,Overture-signals,Overture-signals,Overture-signals,Overture-signals,Overture-signals,Overture-signals,Overture-signals,Overture-signals,Overture-signals}",1411 Duncanville Rd,Duncanville,TX,75116,(469) 877-4850,http://www.shell.us/motorist/shell-station-locator-and-route-planner.html?id=10015924&modeselected=true,,{https://www.twitter.com/Shell_US},open,32.674935355594485,-96.90915166123126,POINT(-96.90915166123126 32.674935355594485)
00e9d1af-4ad1-47d8-b4bc-873ae8fc2b6c,Shell,Shell,gas_station,0.9199122190475464,"{meta,Overture,Overture-signals,Overture-signals,Overture-signals,Overture-signals,Overture-signals,Overture-signals,Overture-signals,Overture-signals,Overture-signals,Overture-signals}",101 County Line Rd,Willis,TX,77378-5601,+19362285211,https://find.shell.com/us/fuel/12480193-101-county-line-rd,shellcustomercare@shell.com,{https://www.facebook.com/455714098138813},open,30.42237908,-95.47179693,POINT(-95.47179693 30.42237908)
00ea7853-2a7a-4b8c-84b0-843c8563d28a,BP,bp,gas_station,0.9902192950248718,"{meta,Overture,Overture-signals,Overture-signals,Overture-signals,Overture-signals,Overture-signals,Overture-signals,Overture-signals,Overture-signals,Overture-signals,Overture-signals}",1201 Silver Lake Rd NW,New Brighton,MN,55112-6323,+16516313701,https://map.bp.com/en-US/US/gas-station/new-brighton/bp/46069997412015511200100000000000,bpconsumer@bp.com,{https://www.facebook.com/100404075118245},open,45.06784807,-93.21815213,POINT(-93.21815213 45.06784807)
00ea8202-5851-4125-b385-78afa5f284de,Phillips 66,,gas_station,0.9199122190475464,"{DAC,Overture,Overture-signals,Overture-signals,Overture-signals,Overture-signals,Overture-signals,Overture-signals,Overture-signals,Overture-signals,Overture-signals,Overture-signals}",1621 Green Bay Rd,Wever,IA,52658,+13193724121,https://www.phillips66gas.com/,,"{https://www.facebook.com/Phillips66Gas,https://www.instagram.com/phillips66gas/,https://www.twitter.com/Phillips66Gas,https://www.youtube.com/@Phillips66Co}",open,40.717029,-91.227293,POINT(-91.227293 40.717029)
00ea889c-b7ac-40d3-83f9-325fa494b8bd,BP,bp,gas_station,0.9902192950248718,"{meta,Overture,Overture-signals,Overture-signals,Overture-signals,Overture-signals,Overture-signals,Overture-signals,Overture-signals,Overture-signals,Overture-signals,Overture-signals}",200 E 55th St,Westmont,IL,60559-2053,+16309604404,https://map.bp.com/en-US/US/gas-station/westmont/bp/58800198582006055900100000000000,bpconsumer@bp.com,{https://www.facebook.com/2041277582766680},open,41.78856043,-87.96986525,POINT(-87.96986525 41.78856043)
00eb0947-c623-4663-8080-0d89be543e19,Marathon,,gas_station,0.77,"{Foursquare,Overture}",513 Park Ave NE,Norton,VA,24273,(276) 679-5647,http://www.marathon.com,custrelations@marathonpetroleum.com,,,36.944916900580345,-82.6178655875175,POINT(-82.6178655875175 36.944916900580345)
00eb62ba-65b0-4cdf-a96a-2d8f835deccb,PORT JEFFERSON GULF,Gulf,gas_station,0.9199122190475464,"{AllThePlaces,Overture,Overture-signals,Overture-signals,Overture-signals,Overture-signals,Overture-signals,Overture-signals,Overture-signals,Overture-signals,Overture-signals,Overture-signals}",315 State Rte 112,Port Jefferson Station,NY,11776,,https://www.gulfinc.com/port-jefferson-gulf,,,open,40.932155,-73.052612,POINT(-73.052612 40.932155)
00eb6ebd-ccb0-4e48-830d-319fba210120,CAT Scale,,truck_gas_station,0.9199122190475464,"{Microsoft,Overture,Overture-signals,Overture-signals,Overture-signals,Overture-signals,Overture-signals,Overture-signals,Overture-signals,Overture-signals,Overture-signals,Overture-signals}",1001 Hwy 40,Oakley,KS,67748,7856724111,http://catscale.com/?utm_medium=yext&utm_source=bing,,,open,39.11860784298365,-100.81182885603826,POINT(-100.81182885603826 39.11860784298365)
00ebe21e-ae3e-4932-be4b-352121cbe1b5,Florida Citrus Center,,gas_station,0.77,"{Foursquare,Overture}",18625 NW County Road 236,High Springs,FL,32643,(386) 462-1501,https://jenningscitrus.com,,,,29.87482544970495,-82.55433869245468,POINT(-82.55433869245468 29.87482544970495)
00ecc2e2-16c6-4679-b539-577e619dfc1d,Speedway,,gas_station,1,"{DAC,Overture}",4740 Cedar Ave S,Minneapolis,MN,55407,+16127243388,https://www.speedway.com,,"{https://www.facebook.com/SpeedwayStores,https://www.instagram.com/speedwaystores/,https://www.speedway.com/products/food,https://www.tiktok.com/@speedwaystores,https://twitter.com/Speedway,https://www.youtube.com/user/SpeedwayCStores}",,44.91648,-93.24771,POINT(-93.24771 44.91648)
00ece413-f8e2-43ae-a6ab-905ba3c6b67e,Mobil,,gas_station,0.9199122190475464,"{Microsoft,Overture,Overture-signals,Overture-signals,Overture-signals,Overture-signals,Overture-signals,Overture-signals,Overture-signals,Overture-signals,Overture-signals,Overture-signals}",1530 W. Lawrence Ave,Chicago,IL,60640,9728287250,https://locations.exxon.com/il/chicago/1530-w.-lawrence-ave?utm_medium=referral&utm_source=yxt-bing&utm_campaign=us_fue_ret_xom_yxt,,,open,41.969149783519924,-87.66909456074727,POINT(-87.66909456074727 41.969149783519924)
00ed19ee-ee92-4323-bb44-a48640874a10,Speedway,,gas_station,0.9647542834281921,"{DAC,Overture,Overture-signals,Overture-signals,Overture-signals,Overture-signals,Overture-signals,Overture-signals,Overture-signals}",3605 Burlingame Ave SW,Wyoming,MI,49509,+16165320285,https://www.speedway.com,,"{https://www.facebook.com/SpeedwayStores,https://www.instagram.com/speedwaystores/,https://www.speedway.com/products/food,https://www.tiktok.com/@speedwaystores,https://twitter.com/Speedway,https://www.youtube.com/user/SpeedwayCStores}",open,42.89843,-85.7053,POINT(-85.7053 42.89843)
00ed525b-0db5-437f-8552-d3c715ebb109,Conoco,,gas_station,0.9199122190475464,"{DAC,Overture,Overture-signals,Overture-signals,Overture-signals,Overture-signals,Overture-signals,Overture-signals,Overture-signals,Overture-signals,Overture-signals,Overture-signals}",504 US-93,Hamilton,MT,59840,+14063750554,https://www.conoco.com/,,"{https://www.facebook.com/conoco/,https://www.instagram.com/conoco/,https://www.twitter.com/Conoco,https://www.youtube.com/@Phillips66Co}",open,46.218279,-114.154783,POINT(-114.154783 46.218279)
00edae7b-8aab-4a9c-a5e1-43d469911465,BP,bp,gas_station,0.9199122190475464,"{meta,Overture,Overture-signals,Overture-signals,Overture-signals,Overture-signals,Overture-signals,Overture-signals,Overture-signals,Overture-signals,Overture-signals,Overture-signals}",1422 S Durant Rd,Covington,VA,24426-2231,+15409625476,https://map.bp.com/en-US/US/gas-station/covington/bp/22066934414222442600100000000000,bpconsumer@bp.com,{https://www.facebook.com/104662484686565},open,37.77656745,-79.99182987,POINT(-79.99182987 37.77656745)
00eef59c-acd0-411c-bb07-164aa601a872,Exxon,Exxon & Mobil Stations,gas_station,0.9998157085835934,"{meta,Overture}",1325 Gross Rd,Mesquite,TX,75149-1322,+19723290491,https://www.exxon.com/en,txaarp@aarp.org,{https://www.facebook.com/2359741927629736},,32.78259834,-96.6267561,POINT(-96.6267561 32.78259834)
00f113f9-d499-4a5e-ace7-0cb91376d471,Exxon,,gas_station,0.9199122190475464,"{meta,Overture,Overture-signals,Overture-signals,Overture-signals,Overture-signals,Overture-signals,Overture-signals,Overture-signals,Overture-signals,Overture-signals,Overture-signals}",30916 Midland Trl,Lookout,WV,25868,+13045743660,http://www.exxon.com/,,{https://www.facebook.com/456417661225505},open,38.05991254,-80.96510905,POINT(-80.96510905 38.05991254)
00f18a1e-c331-4f5c-97db-7dcfe72844e8,Mobil,Exxon & Mobil Stations,gas_station,0.9204162359237671,"{meta,Overture}",8500 Centreville Rd,Manassas Park,VA,20111-2357,+17033927488,https://www.exxon.com/en,,{https://www.facebook.com/332179534135360},,38.77145838,-77.4532818,POINT(-77.4532818 38.77145838)
00f1b327-f528-4c69-b204-3b9d327a607d,Mobil,,gas_station,0.9655,"{Microsoft,Overture}",66 N. Main St,Salisbury,MA,01952,9784620655,https://locations.exxon.com/ma/salisbury/66-n.-main-st?utm_medium=referral&utm_source=yxt-bing&utm_campaign=us_fue_ret_xom_yxt,,,,42.86942879367394,-70.88427691498698,POINT(-70.88427691498698 42.86942879367394)
00f1da8d-bd8c-49c3-8878-146600d4cdbd,CAT Scale,,truck_gas_station,0.9199122190475464,"{Microsoft,Overture,Overture-signals,Overture-signals,Overture-signals,Overture-signals,Overture-signals,Overture-signals,Overture-signals,Overture-signals,Overture-signals,Overture-signals}",7988 160th Ave NE,Drayton,ND,58225,7014543070,http://catscale.com/?utm_medium=yext&utm_source=bing,,,open,48.5697747,-97.190392,POINT(-97.190392 48.5697747)
00f23dbc-c7c9-4a1a-9b05-fcd292126318,bp,bp,gas_station,0.9902192950248718,"{meta,Overture,Overture-signals,Overture-signals,Overture-signals,Overture-signals,Overture-signals,Overture-signals,Overture-signals,Overture-signals,Overture-signals,Overture-signals}",19911 Aircraft Dr,Germantown,MD,20874-1101,+13015400078,https://map.bp.com/en-US/US/gas-station/germantown/bp/88599239049112087400100000000000,bpconsumer@bp.com,{https://www.facebook.com/507279532954842},open,39.18256798,-77.26040055,POINT(-77.26040055 39.18256798)
00f4a585-7b9c-4716-902b-843d66715099,Gas N Go,,gas_station,0.9199122190475464,"{Foursquare,Overture,Overture-signals,Overture-signals,Overture-signals,Overture-signals,Overture-signals,Overture-signals,Overture-signals,Overture-signals,Overture-signals,Overture-signals}",12603 Paramount Blvd,Downey,CA,90242,(562) 923-6367,https://gasngo.com,webmaster@valero.com,{https://www.facebook.com/157986527569267},open,33.923975017914174,-118.15242826938628,POINT(-118.15242826938628 33.923975017914174)
00f51388-a5a3-4d53-925c-9b5f35ccb8ae,Rickers,,gas_station,0.77,"{Foursquare,Overture}",,Indianapolis,IN,46216,,https://rickersrewards.com,,,,39.854711861526674,-86.00535531578856,POINT(-86.00535531578856 39.854711861526674)
00f550fc-34c5-4afd-ab21-7a2428b6cf9b,Shell,Shell,gas_station,0.9902192950248718,"{meta,Overture,Overture-signals,Overture-signals,Overture-signals,Overture-signals,Overture-signals,Overture-signals,Overture-signals,Overture-signals,Overture-signals,Overture-signals}",18010 E Valley Hwy,Kent,WA,98032-2502,+12068413355,https://find.shell.com/us/fuel/10047609-8815-s-180th-st,shellcustomercare@shell.com,{https://www.facebook.com/247292449094896},open,47.44079368,-122.22001549,POINT(-122.22001549 47.44079368)
00f5528c-2009-418a-bc43-64686db18ce3,BP,bp,gas_station,0.9999296823501587,"{meta,Overture}",4 Whiting St,Hingham,MA,02043-3821,+17817498497,https://map.bp.com/en-US/US/gas-station/hingham/bp/82712930740040204300100000000000,bpconsumer@bp.com,{https://www.facebook.com/103872478100389},,42.17471789,-70.88526537,POINT(-70.88526537 42.17471789)
00f5adbd-3dc3-48a4-b765-8953eb81d34b,Kwik Fill,Kwik Fill,gas_station,0.9199122190475464,"{meta,Overture,Overture-signals,Overture-signals,Overture-signals,Overture-signals,Overture-signals,Overture-signals,Overture-signals,Overture-signals,Overture-signals,Overture-signals}",13499 US-422,Manor Twp,PA,16201-3543,+17245459703,https://www.kwikfill.com/,customer_relations@kwikfill.com,{https://www.facebook.com/111863030478709},open,40.80148333,-79.48677481,POINT(-79.48677481 40.80148333)
00f60d34-9743-49cf-87cf-928c52a72737,Murphy USA,Murphy USA,gas_station,0.9199122190475464,"{meta,Overture,Overture-signals,Overture-signals,Overture-signals,Overture-signals,Overture-signals,Overture-signals,Overture-signals,Overture-signals,Overture-signals,Overture-signals}",3010 1st Ave S,Fort Dodge,IA,50501-2988,+15159551866,http://www.murphyusa.com/,customer.care@murphyusa.com,{https://www.facebook.com/205060396216240},open,42.50554914,-94.15529212,POINT(-94.15529212 42.50554914)
00f64505-5007-4e7c-b63c-4bb37060694d,Chevron Station Hurst,,gas_station,0.9655,"{Microsoft,Overture}",100 Booth Calloway,Hurst,TX,76053,2108215900,"",,,,32.810644,-97.211951,POINT(-97.211951 32.810644)
00f717c3-c003-4392-b8ee-b2ad6ab0abb9,Conoco,Conoco,gas_station,0.9199122190475464,"{meta,Overture,Overture-signals,Overture-signals,Overture-signals,Overture-signals,Overture-signals,Overture-signals,Overture-signals,Overture-signals,Overture-signals,Overture-signals}",2450 Cooper Dr,Ardmore,OK,73401-6527,+15802263833,https://www.conoco.com/,,{https://www.facebook.com/866987659991821},open,34.20086551,-97.16783471,POINT(-97.16783471 34.20086551)
00f7d939-f02e-498d-aaf1-1615d096b6f4,Kidd's,,gas_station,0.77,"{Foursquare,Overture}",304 E Jackson Blvd,Jackson,MO,63755,(573) 243-1855,http://www.jacksoncrossroads.com,,,,37.37700367101814,-89.66531817965432,POINT(-89.66531817965432 37.37700367101814)
00f89d80-4ca4-44c1-944b-6e0b47fe182e,Chevron,,gas_station,0.77,"{Foursquare,Overture}",3536 Laura Koppe,Houston,TX,77093,(713) 885-1786,http://www.chevron.com,,,,29.8402827,-95.3342848,POINT(-95.3342848 29.8402827)
00f8a219-9a46-4ba5-b7ae-10adfc18a437,Shell,,gas_station,0.77,"{Foursquare,Overture}",6156 Gulf Breeze Pkwy,Gulf Breeze,FL,32563,(850) 515-1000,https://find.shell.com/us/fuel/13244724-6156-gulf-breeze-pkwy/en_US,,,,30.404283,-86.966269,POINT(-86.966269 30.404283)
00fb79cc-6623-462f-bb7d-bc5edf8f0f62,Chevron Station / Extra Mile Santa Ana,,gas_station,0.9199122190475464,"{Microsoft,Overture,Overture-signals,Overture-signals,Overture-signals,Overture-signals,Overture-signals,Overture-signals,Overture-signals,Overture-signals,Overture-signals,Overture-signals}",2261 N Fairview St,Santa Ana,CA,92706,7149712090,"",,,open,33.7668289,-117.9027096,POINT(-117.9027096 33.7668289)
00fbf727-f505-4366-9306-4e47e5fd5f49,Shell,,gas_station,0.9199122190475464,"{Microsoft,Overture,Overture-signals,Overture-signals,Overture-signals,Overture-signals,Overture-signals,Overture-signals,Overture-signals,Overture-signals,Overture-signals,Overture-signals}",7995 E Ridge Rd,Hobart,IN,46342,2199424564,https://find.shell.com/us/fuel/12814919-7995-e-ridge-rd/en_US,,,open,41.55045799,-87.24134396,POINT(-87.24134396 41.55045799)
00fca39e-af7e-4e77-88c3-196167a28130,BP,bp,gas_station,0.9199122190475464,"{meta,Overture,Overture-signals,Overture-signals,Overture-signals,Overture-signals,Overture-signals,Overture-signals,Overture-signals,Overture-signals,Overture-signals,Overture-signals}",417 Oakwoods Rd,Wilkesboro,NC,28697-2927,+13366679085,https://map.bp.com/en-US/US/gas-station/wilkesboro/bp/99758202444172869700100000000000,bpconsumer@bp.com,{https://www.facebook.com/266268543887174},open,36.13634556,-81.14649846,POINT(-81.14649846 36.13634556)
00fccbb3-4afd-45db-97ac-57772f3f668f,Grab & Go,,gas_station,0.2598475217819214,"{meta,Overture}",325 112th St SW,Everett,WA,98204-4969,,,,{https://www.facebook.com/905086186029206},,47.89667,-122.23871,POINT(-122.23871 47.89667)
00fd348d-1a03-47ca-813b-adeff1a4bd95,CAT Scale,,truck_gas_station,0.9199122190475464,"{Microsoft,Overture,Overture-signals,Overture-signals,Overture-signals,Overture-signals,Overture-signals,Overture-signals,Overture-signals,Overture-signals,Overture-signals,Overture-signals}",1920 Harrison Dr,Evanston,WY,82930,3077899129,http://catscale.com/?utm_medium=yext&utm_source=bing,,,open,41.264920629036126,-110.97875743457716,POINT(-110.97875743457716 41.264920629036126)
00fd5fa6-b461-4ee0-aaf1-390f7d57ee53,Speedway,,gas_station,1,"{DAC,Overture}",4950 Garfield Road,Auburn,MI,48611,+19896622525,https://www.speedway.com,,"{https://www.facebook.com/SpeedwayStores,https://www.instagram.com/speedwaystores/,https://www.speedway.com/products/food,https://www.tiktok.com/@speedwaystores,https://twitter.com/Speedway,https://www.youtube.com/user/SpeedwayCStores}",,43.5986,-84.0897,POINT(-84.0897 43.5986)
00fe35f0-fb51-4c2f-a8eb-fbee83081101,Tarrytown Auto Care,,gas_station,0.9902192950248718,"{meta,Overture,Overture-signals,Overture-signals,Overture-signals,Overture-signals,Overture-signals,Overture-signals,Overture-signals,Overture-signals,Overture-signals,Overture-signals}",179 Old White Plains Rd,Tarrytown,NY,10591,+19143321084,http://www.tarrytownautocare.com/,husamabuhalima@yahoo.com,{https://www.facebook.com/1543372865959052},open,41.06273251,-73.83665416,POINT(-73.83665416 41.06273251)
00fe78ab-214e-42b5-a641-12c0fb8de75e,Sinclair Gas Station,Sinclair Oil,gas_station,0.9902192950248718,"{meta,Overture,Overture-signals,Overture-signals,Overture-signals,Overture-signals,Overture-signals,Overture-signals,Overture-signals,Overture-signals,Overture-signals,Overture-signals}",1405 N Golden State Blvd,Turlock,CA,95380-2341,+12096681065,https://www.sinclairoil.com/?utm_source=facebook&utm_medium=yext,,{https://www.facebook.com/495825827568160},open,37.50568932,-120.85868123,POINT(-120.85868123 37.50568932)
01000083-7ebd-4a89-acda-7d0eeaf8d3dc,Shell,,gas_station,0.9199122190475464,"{Microsoft,Overture,Overture-signals,Overture-signals,Overture-signals,Overture-signals,Overture-signals,Overture-signals,Overture-signals,Overture-signals,Overture-signals,Overture-signals}",2001 Pennsylvania Ave,Wilmington,DE,19806,3026583676,https://www.dashin.com/?utm_source=Yext&utm_medium=yext_directory&utm_campaign=directories,,,open,39.7567222,-75.5684777,POINT(-75.5684777 39.7567222)
01002f91-89ac-47ec-9277-5d84ebee4fcb,Flatwater Food and Automotive,,gas_station,0.8680658936500549,"{meta,Overture}",499 US-30,Overton,NE,68863,+13089872310,http://sinclairoil.com,flatwater2310@yahoo.com,{https://www.facebook.com/652344734811552},,40.73875098,-99.53621099,POINT(-99.53621099 40.73875098)
010041ec-9234-431c-ad79-e1edf2960652,ARCO,ARCO,gas_station,0.9199122190475464,"{meta,Overture,Overture-signals,Overture-signals,Overture-signals,Overture-signals,Overture-signals,Overture-signals,Overture-signals,Overture-signals,Overture-signals,Overture-signals}",420 10th St SE,Jamestown,ND,58401-5557,+17012526341,https://www.arco.com/en-us/upper-midwest/find-a-station/,,{https://www.facebook.com/100634492522080},open,46.89896589,-98.70251956,POINT(-98.70251956 46.89896589)
01008103-a116-4e0f-89ce-8fd8406e3875,Marathon Gas,,gas_station,0.9199122190475464,"{Microsoft,Overture,Overture-signals,Overture-signals,Overture-signals,Overture-signals,Overture-signals,Overture-signals,Overture-signals,Overture-signals,Overture-signals,Overture-signals}",2590 Highway 1 N,Cassatt,SC,29032,8034323940,http://mymarathonstation.com/StoreHome/118620,,,open,34.3647657,-80.4356878,POINT(-80.4356878 34.3647657)
0100dbe5-ffde-4376-900f-b44712936ebb,Raceway,,gas_station,0.9199122190475464,"{Foursquare,Overture,Overture-signals,Overture-signals,Overture-signals,Overture-signals,Overture-signals,Overture-signals,Overture-signals,Overture-signals,Overture-signals,Overture-signals}",1725 E State Highway 356,Irving,TX,75060,(682) 557-0418,https://www.racewaystores.com,atiqferoz@yahoo.com,,open,32.80994381478801,-96.92346257272166,POINT(-96.92346257272166 32.80994381478801)
010198fa-f508-4224-9e5a-2fe80fae5c11,Presto,,gas_station,0.9199122190475464,"{Microsoft,Overture,Overture-signals,Overture-signals,Overture-signals,Overture-signals,Overture-signals,Overture-signals,Overture-signals,Overture-signals,Overture-signals,Overture-signals}",511 E Kansas Ave,Garden City,KS,67846,6202751913,http://kangarooexpress.com/storehome/1601,,,open,37.97527695,-100.8658524,POINT(-100.8658524 37.97527695)
01019cf8-3c31-4a29-8800-9b6b510ce062,Mobil,,gas_station,0.9199122190475464,"{Foursquare,Overture,Overture-signals,Overture-signals,Overture-signals,Overture-signals,Overture-signals,Overture-signals,Overture-signals,Overture-signals,Overture-signals,Overture-signals}",2765 Lee Hwy,Troutville,VA,24175,(540) 992-5062,http://www.mobil.com,,,open,37.386560619162765,-79.9034148724754,POINT(-79.9034148724754 37.386560619162765)
0101e8b1-a5f2-49d1-8297-a2f5f05be5f4,BP America,bp,gas_station,0.9199122190475464,"{meta,Overture,Overture-signals,Overture-signals,Overture-signals,Overture-signals,Overture-signals,Overture-signals,Overture-signals,Overture-signals,Overture-signals,Overture-signals}",9015 Telegraph Rd,Carleton,MI,48117-9321,+17342993666,https://www.bp.com/en_us/united-states/home.html,bpconsumer@bp.com,{https://www.facebook.com/150878695497092},open,42.00779577,-83.35415207,POINT(-83.35415207 42.00779577)
010202f7-6627-446e-824c-a994ac651aa8,Shell,,gas_station,0.9199122190475464,"{Microsoft,Overture,Overture-signals,Overture-signals,Overture-signals,Overture-signals,Overture-signals,Overture-signals,Overture-signals,Overture-signals,Overture-signals,Overture-signals}",5855 Shelbyville Pike,Christiana,TN,37037,3138189395,https://find.shell.com/us/fuel/13170611-5855-shelbyville-pike/en_US,,,open,35.714282,-86.415746,POINT(-86.415746 35.714282)
0102dba5-ac62-4447-bd54-1b79717981f4,Shell,Shell,gas_station,0.9902192950248718,"{meta,Overture,Overture-signals,Overture-signals,Overture-signals,Overture-signals,Overture-signals,Overture-signals,Overture-signals,Overture-signals,Overture-signals,Overture-signals}",84 North St,Danbury,CT,06810-5633,+12037910839,http://www.shell.us/,shellcustomercare@shell.com,{https://www.facebook.com/2175386082774822},open,41.4083548,-73.45542546,POINT(-73.45542546 41.4083548)
01035651-b41e-4412-a1bf-07aef465ccdb,76,,gas_station,0.9199122190475464,"{DAC,Overture,Overture-signals,Overture-signals,Overture-signals,Overture-signals,Overture-signals,Overture-signals,Overture-signals,Overture-signals,Overture-signals,Overture-signals}",1975 E Childs Ave,Merced,CA,95341,+12097227694,https://www.76.com/,,"{https://www.facebook.com/76gas/,https://www.instagram.com/76/,https://www.twitter.com/76,https://www.youtube.com/@Phillips66Co}",open,37.28782,-120.45367,POINT(-120.45367 37.28782)
01042c41-b5b8-46b0-bbb5-6be3fb4b5d7b,The Wright Place,,gas_station,0.9199122190475464,"{meta,Overture,Overture-signals,Overture-signals,Overture-signals,Overture-signals,Overture-signals,Overture-signals,Overture-signals,Overture-signals,Overture-signals,Overture-signals}",5319 State Route 46,Rome,OH,44085-9792,+14402942667,http://napaonline.com,,{https://www.facebook.com/136680853071752},open,41.605027,-80.78053868,POINT(-80.78053868 41.605027)
01043858-66de-4630-9198-1314da1d60a7,BP,bp,gas_station,0.9199122190475464,"{meta,Overture,Overture-signals,Overture-signals,Overture-signals,Overture-signals,Overture-signals,Overture-signals,Overture-signals,Overture-signals,Overture-signals,Overture-signals}",6256 E Corridor Dr,Marion,IN,46953-9801,+17656687411,https://map.bp.com/en-US/US/gas-station/marion/bp/75230053142564695300100000961334,bpconsumer@bp.com,{https://www.facebook.com/455274511523012},open,40.55307264,-85.55483307,POINT(-85.55483307 40.55307264)
010485d7-1bd8-4420-a7bc-9ad107a38f2d,Exxon,,gas_station,0.9199122190475464,"{Microsoft,Overture,Overture-signals,Overture-signals,Overture-signals,Overture-signals,Overture-signals,Overture-signals,Overture-signals,Overture-signals,Overture-signals,Overture-signals}",13768 HWY 90,RAYWOOD,TX,77582,9365874129,https://locations.exxon.com/tx/raywood/13768-hwy-90?utm_medium=referral&utm_source=yxt-bing&utm_campaign=us_fue_ret_xom_yxt,,,open,30.041551956501735,-94.66965811374267,POINT(-94.66965811374267 30.041551956501735)
010516c0-c5dc-49ef-9c6c-ba5b66f997fc,Sunoco,Sunoco,gas_station,0.9902192950248718,"{meta,Overture,Overture-signals,Overture-signals,Overture-signals,Overture-signals,Overture-signals,Overture-signals,Overture-signals,Overture-signals,Overture-signals,Overture-signals}",479 Broadway,Pitcairn,PA,15140-1426,+14123722774,http://www.sunoco.com,customerfirst@sunocoinc.com,{https://www.facebook.com/162633933765669},open,40.40162065,-79.77816688,POINT(-79.77816688 40.40162065)
0105be3b-8cbb-4eb9-9a2a-77957193fd0e,Twin Peaks Petroleum Inc,,gas_station,0.932873547077179,"{meta,Overture}",598 Portola Dr,San Francisco,CA,94131-1617,+14156652250,http://www.sftravel.com/twinpeakssanfrancisco.html,,{https://www.facebook.com/104340019633080},,37.74576722,-122.45182086,POINT(-122.45182086 37.74576722)
0106100d-8f12-4586-b891-757ce7fc3d9c,Phillips 66,,gas_station,0.9199122190475464,"{DAC,Overture,Overture-signals,Overture-signals,Overture-signals,Overture-signals,Overture-signals,Overture-signals,Overture-signals,Overture-signals,Overture-signals,Overture-signals}",755 S Carbon Ave,Price,UT,84501,+14356360369,https://www.phillips66gas.com/,,"{https://www.facebook.com/Phillips66Gas,https://www.instagram.com/phillips66gas/,https://www.twitter.com/Phillips66Gas,https://www.youtube.com/@Phillips66Co}",open,39.586363,-110.812431,POINT(-110.812431 39.586363)
01061275-cc31-4344-91d8-1faf06e9776a,Pilot Flying J,,gas_station,0.77,"{Foursquare,Overture}",6424 W Brick Rd,South Bend,IN,46628,(574) 272-8212,https://locations.pilotflyingj.com/us/in/south-bend/6424-west-brick-road,travelcenter.035@pilottravelcenters.com,"{https://www.twitter.com/pilotflyingj,https://www.facebook.com/481756835250780}",,41.736021,-86.336832,POINT(-86.336832 41.736021)
01067fc0-87cb-4f4f-8ae1-3d2e5d392e7e,Mobil,Exxon & Mobil Stations,gas_station,0.9818592667579651,"{meta,Overture}",238 Main St,Townsend,MA,01469-1032,+19785978858,https://www.exxon.com/en,,{https://www.facebook.com/868170206880512},,42.6659452,-71.70425222,POINT(-71.70425222 42.6659452)
0106a9f2-e16d-477f-9918-aa157701c04f,Sinclair Gas Station,Sinclair Oil,gas_station,0.9902192950248718,"{meta,Overture,Overture-signals,Overture-signals,Overture-signals,Overture-signals,Overture-signals,Overture-signals,Overture-signals,Overture-signals,Overture-signals,Overture-signals}",109 N Adams St,Dixon,CA,95620-2919,+17076785052,https://www.sinclairoil.com/?utm_source=facebook&utm_medium=yext,,{https://www.facebook.com/1657754074302467},open,38.44611026,-121.82650202,POINT(-121.82650202 38.44611026)
0106beb3-4ef3-47de-85e8-96f1c8a0523f,Speedway,,gas_station,0.9795755743980408,"{DAC,Overture}",2875 East Market Street,Logansport,IN,46947,+15747352104,https://www.speedway.com,,"{https://www.facebook.com/SpeedwayStores,https://www.instagram.com/speedwaystores/,https://www.speedway.com/products/food,https://www.tiktok.com/@speedwaystores,https://twitter.com/Speedway,https://www.youtube.com/user/SpeedwayCStores}",,40.7585,-86.3301,POINT(-86.3301 40.7585)
01079f84-4191-4a4f-bdd3-8601cfd5841e,BP,,gas_station,0.9457068413496017,"{Microsoft,Overture}","Highway 178, 11023",Olive Branch,MS,38654,6628957711,http://www.bp.com/,,,,34.931927,-89.7940935,POINT(-89.7940935 34.931927)
0107ab02-b326-43be-b20d-4efc248e8916,Sunoco,,gas_station,0.9199122190475464,"{Microsoft,Overture,Overture-signals,Overture-signals,Overture-signals,Overture-signals,Overture-signals,Overture-signals,Overture-signals,Overture-signals,Overture-signals,Overture-signals}",43370 S Airport Rd,Hammond,LA,70403,9855205003,https://www.sunoco.com/locations/store/43370-s-airport-rd-hammond-la-8002509501,,,open,30.4893737,-90.4149705,POINT(-90.4149705 30.4893737)
0108a8ba-f359-4dcf-9e7d-169aad0f5f91,Shell,,gas_station,0.9199122190475464,"{Foursquare,Overture,Overture-signals,Overture-signals,Overture-signals,Overture-signals,Overture-signals,Overture-signals,Overture-signals,Overture-signals,Overture-signals,Overture-signals}",1687 S State Hwy N,Springfield,MO,65802,(417) 432-4920,http://www.shell.us/ontheroad,shellcustomercare@shell.com,{https://www.twitter.com/Shell_US},open,37.186450294489624,-93.47892330596339,POINT(-93.47892330596339 37.186450294489624)
0108ac04-6050-41fe-a2eb-576941b2a6a4,Marathon Gas,,gas_station,0.9199122190475464,"{Microsoft,Overture,Overture-signals,Overture-signals,Overture-signals,Overture-signals,Overture-signals,Overture-signals,Overture-signals,Overture-signals,Overture-signals,Overture-signals}",130 E Main St,Ney,OH,43549,4196582571,http://mymarathonstation.com/StoreHome/137422,,,open,41.3813799,-84.5232593,POINT(-84.5232593 41.3813799)
0109141e-047d-4f82-9877-8ae921745f44,76,,gas_station,1,"{DAC,Overture}",4687 Pier Enterprises Way,Jurupa Valley,CA,91752,+19516812002,https://www.76.com/,,"{https://www.facebook.com/76gas/,https://www.instagram.com/76/,https://www.twitter.com/76,https://www.youtube.com/@Phillips66Co}",,34.003888,-117.546576,POINT(-117.546576 34.003888)
0109654d-bd2c-4601-b661-bf2572504d39,Exxon,Exxon & Mobil Stations,gas_station,0.9902192950248718,"{meta,Overture,Overture-signals,Overture-signals,Overture-signals,Overture-signals,Overture-signals,Overture-signals,Overture-signals,Overture-signals,Overture-signals,Overture-signals}",1619 Hardy Cash Dr,Hampton,VA,23666-2414,+17572621072,https://www.exxon.com/en,,{https://www.facebook.com/701163143634392},open,37.0564009,-76.40233686,POINT(-76.40233686 37.0564009)
01096a70-9eb4-4675-9992-3cf8d864924e,BP,,gas_station,0.9199122190475464,"{Microsoft,Overture,Overture-signals,Overture-signals,Overture-signals,Overture-signals,Overture-signals,Overture-signals,Overture-signals,Overture-signals,Overture-signals,Overture-signals}",7988 Front St,Clear Lake,MN,55319,3207434638,http://mybpstation.com/,,,open,45.447221,-93.99573,POINT(-93.99573 45.447221)
0109e503-cf23-4c41-b1b8-7d2681e43381,BP,bp,gas_station,0.9895402961969375,"{meta,Overture}",3921 Fayetteville St,Durham,NC,27713-1135,+19842447854,https://map.bp.com/en-US/US/gas-station/durham/bp/14098243149212771300100000000000,bpconsumer@bp.com,{https://www.facebook.com/118909053157787},,35.9502948,-78.90372382,POINT(-78.90372382 35.9502948)
010ad339-bbf2-4a0f-a7ed-5b9a0aeed7e1,BP,bp,gas_station,0.9902192950248718,"{meta,Overture,Overture-signals,Overture-signals,Overture-signals,Overture-signals,Overture-signals,Overture-signals,Overture-signals,Overture-signals,Overture-signals,Overture-signals}",650 W Bankhead Hwy,Villa Rica,GA,30180-1601,+17704590212,https://map.bp.com/en-US/US/gas-station/villa-rica/bp/88251241336503018000100000000000,bpconsumer@bp.com,{https://www.facebook.com/1295795333876374},open,33.73038619,-84.93602853,POINT(-84.93602853 33.73038619)
010ae134-4c1d-4033-8c55-3eedd6ddbf93,Shell,,gas_station,0.9199122190475464,"{Microsoft,Overture,Overture-signals,Overture-signals,Overture-signals,Overture-signals,Overture-signals,Overture-signals,Overture-signals,Overture-signals,Overture-signals,Overture-signals}",1081 Mastic Rd,Mastic,NY,11950,6313992450,https://find.shell.com/us/fuel/12781378-1081-mastic-rd/en_US,,,open,40.765665,-72.85379,POINT(-72.85379 40.765665)
010df92f-f4d3-44e0-90b0-448612ea76f9,Food N Fuel,Food N Fuel,gas_station,0.9902192950248718,"{meta,Overture,Overture-signals,Overture-signals,Overture-signals,Overture-signals,Overture-signals,Overture-signals,Overture-signals,Overture-signals,Overture-signals,Overture-signals}",2401 S Chicago St,Joliet,IL,60436-9515,+18157240066,http://foodnfuel.net/,,{https://www.facebook.com/677260732316892},open,41.480144,-88.081231,POINT(-88.081231 41.480144)
010e3455-23e0-4a93-8f4f-bba2412905e9,Kangaroo Express,,gas_station,0.9199122190475464,"{Foursquare,Overture,Overture-signals,Overture-signals,Overture-signals,Overture-signals,Overture-signals,Overture-signals,Overture-signals,Overture-signals,Overture-signals,Overture-signals}",2910 Howland Blvd,Deltona,FL,32725,(386) 789-0211,http://kangarooexpress.com,,"{https://www.twitter.com/krooexpress,https://www.facebook.com/102212305177}",open,28.94522698399483,-81.22617814682232,POINT(-81.22617814682232 28.94522698399483)
010e5184-f50f-4426-b149-d17446dd9030,Citgo,,gas_station,0.77,"{Foursquare,Overture}",182 Colony St,Meriden,CT,06451,(203) 634-6554,http://www.citgo.com,,,,41.53324621681366,-72.80376925878545,POINT(-72.80376925878545 41.53324621681366)
010eba70-0d2f-49eb-9d3a-3666cc827314,Mobil,,gas_station,0.85,"{Microsoft,Overture}",1109 W Hwy 6,Alvin,TX,77511,8326310956,https://www.exxon.com/en/find-station/mobil-alvin-tx-alvinstorebusinessllc-200325722?utm_medium=referral&utm_source=yxt-bing&utm_campaign=us_fue_ret_xom_yxt,,,,29.43252064249056,-95.25517282878597,POINT(-95.25517282878597 29.43252064249056)
010fd021-b3e7-4de0-9720-3e2f287022f2,Ronald Regan,RaceTrac,gas_station,0.8,"{AllThePlaces,Overture,Overture-signals,Overture-signals,Overture-signals}",510 Peachtree Pkwy,Cumming,GA,30041,,https://www.racetrac.com/locations/georgia/cumming/ronald-regan,,,open,34.150583,-84.174396,POINT(-84.174396 34.150583)
011071a2-caff-422d-8197-6a82adaa1ee6,Chevron Station Grand Prairie,,gas_station,0.9199122190475464,"{Microsoft,Overture,Overture-signals,Overture-signals,Overture-signals,Overture-signals,Overture-signals,Overture-signals,Overture-signals,Overture-signals,Overture-signals,Overture-signals}",1510 N Belt Line Rd,Grand Prairie,TX,75050,2108215900,"",,,open,32.760909,-96.994273,POINT(-96.994273 32.760909)
01110ea0-35ce-4ed4-9059-8d4f079fbe33,Millstone Getty (Conoco),,gas_station,0.9199122190475464,"{Microsoft,Overture,Overture-signals,Overture-signals,Overture-signals,Overture-signals,Overture-signals,Overture-signals,Overture-signals,Overture-signals,Overture-signals,Overture-signals}",1008 Amwell Rd,Hillsborough,NJ,08844,9083591331,"",,,open,40.5028077,-74.588115,POINT(-74.588115 40.5028077)
011149e7-f10c-4ebb-89e3-dd2443027d49,SHAW'S SOLEDAD GULF,Gulf,gas_station,0.8,"{AllThePlaces,Overture,Overture-signals,Overture-signals,Overture-signals}",1200 Front St,Soledad,CA,93960,,https://www.gulfinc.com/shaws-soledad-gulf,,,open,36.418913,-121.322021,POINT(-121.322021 36.418913)
01125eb8-1565-4479-a4ea-c67e819e6b32,Hess Express,,gas_station,0.4427664875984192,"{meta,Overture}",187-07 Hillside Ave,Jamaica,NY,11432,+17182642728,http://www.hessexpress.com,,{https://www.facebook.com/104486656312562},,40.714857,-73.775492,POINT(-73.775492 40.714857)
01127a80-a762-4f12-a01f-c1863dfbc397,Buckys,,gas_station,0.6986908316612244,"{meta,Overture}",1795 W Lake St,Addison,IL,60101-6191,+13313077121,http://buckysexpress.com,,{https://www.facebook.com/274229003302875},,41.949698,-88.031347,POINT(-88.031347 41.949698)
0112e64f-533a-433b-ba38-3ad5c786657c,Shell,Shell,gas_station,0.9199122190475464,"{meta,Overture,Overture-signals,Overture-signals,Overture-signals,Overture-signals,Overture-signals,Overture-signals,Overture-signals,Overture-signals,Overture-signals,Overture-signals}",622 Rushmore Ave,Mamaroneck,NY,10543-4441,+19146982500,https://find.shell.com/us/fuel/10071874-622-rushmore-ave,shellcustomercare@shell.com,{https://www.facebook.com/108596289800168},open,40.94010783,-73.7304753,POINT(-73.7304753 40.94010783)
01149275-8908-4977-a12b-9797ff414814,Shell,Shell,gas_station,0.8091556429862976,"{meta,Overture}",1601 N 43rd Ave,Phoenix,AZ,85009-2051,+16022728584,http://fuelrewards.com/,,{https://www.facebook.com/1396158200473768},,33.465689,-112.151305,POINT(-112.151305 33.465689)
0115887d-17db-42cc-bad4-d7ed2095013e,Marathon,,gas_station,0.9199122190475464,"{Foursquare,Overture,Overture-signals,Overture-signals,Overture-signals,Overture-signals,Overture-signals,Overture-signals,Overture-signals,Overture-signals,Overture-signals,Overture-signals}",1101 S Combee Rd,Lakeland,FL,33801,(863) 665-5985,http://www.marathon.com,,,open,28.029385407297564,-81.90808981939854,POINT(-81.90808981939854 28.029385407297564)
011659a6-4369-4ff5-be0e-4a902665a851,Shell,,gas_station,0.9199122190475464,"{Microsoft,Overture,Overture-signals,Overture-signals,Overture-signals,Overture-signals,Overture-signals,Overture-signals,Overture-signals,Overture-signals,Overture-signals,Overture-signals}",4420 W Silverado Ranch Blvd,Las Vegas,NV,89139,7023897286,https://find.shell.com/us/fuel/12849101-4420-w-silverado-ranch-blvd/en_US,,,open,36.01388028,-115.19915318,POINT(-115.19915318 36.01388028)
01168ae4-5f82-4d95-9f99-b6285f816a70,Valero Gas station,,gas_station,0.77,"{Foursquare,Overture}",Bloomfield ave,Bloomfield,NJ,07003,(973) 743-2727,http://www.valero.com,,,,40.79517902746853,-74.1993523328802,POINT(-74.1993523328802 40.79517902746853)
01169c9d-d7ae-4819-8f5a-cdcbd0db2493,Mid-America Travel Plaza,,gas_station,0.9985861563682557,"{meta,Overture,Overture-signals,Overture-signals,Overture-signals}",16 N 5th Ave,Belle Fourche,SD,57717-1156,+16058922063,http://conoco.com/station-finder,,{https://www.facebook.com/160812063981217},open,44.6807495,-103.85440219,POINT(-103.85440219 44.6807495)
0116ce92-85be-469a-b966-9cb93aac7bec,Shell,Shell,gas_station,0.9999160392224788,"{meta,Overture}",558 Alps Rd,Wayne,NJ,07470-3902,+19736941653,https://www.waynevalero.com/,shellcustomercare@shell.com,{https://www.facebook.com/694997050662467},,40.92657902,-74.24592517,POINT(-74.24592517 40.92657902)
01175847-a46d-4fbc-8eee-14c0aa6633f7,Citgo,,gas_station,0.77,"{Foursquare,Overture}",684 W Main,Carson City,MI,48811,,http://gas-stations.citgo.com/mi/carson-city/48811/684-W-MAIN,,{https://www.twitter.com/citgo},,43.1773604158415,-84.8537528514862,POINT(-84.8537528514862 43.1773604158415)
0117ec4a-06f7-43f2-aef1-d1a2b88a4584,Exxon,,gas_station,0.9199122190475464,"{meta,Overture,Overture-signals,Overture-signals,Overture-signals,Overture-signals,Overture-signals,Overture-signals,Overture-signals,Overture-signals,Overture-signals,Overture-signals}",10116 Emerson Ave,Parkersburg,WV,26104-8500,+13044641046,https://www.exxon.com/en/find-station/200314253,,{https://www.facebook.com/144787242281848},open,39.3137445,-81.47502222,POINT(-81.47502222 39.3137445)
0118127b-92f4-4cbd-b74a-76f26dea5bcb,Sunoco,Sunoco,gas_station,0.9902192950248718,"{meta,Overture,Overture-signals,Overture-signals,Overture-signals,Overture-signals,Overture-signals,Overture-signals,Overture-signals,Overture-signals,Overture-signals,Overture-signals}",1203 Bush River Rd,Columbia,SC,29210,+18037989160,http://www.sunoco.com,,{https://www.facebook.com/140166889354573},open,34.03133393,-81.10678599,POINT(-81.10678599 34.03133393)
0118ba9e-1a93-42cb-8def-168f2dd465fc,Marathon Gas,,gas_station,0.9199122190475464,"{meta,Overture,Overture-signals,Overture-signals,Overture-signals,Overture-signals,Overture-signals,Overture-signals,Overture-signals,Overture-signals,Overture-signals,Overture-signals}","Continental, 1265 N Shoop Ave",Wauseon,OH,43567-1840,+14193375861,http://www.marathon.com,custrelations@marathonpetroleum.com,{https://www.facebook.com/307760532623084},open,41.5666129,-84.13499649,POINT(-84.13499649 41.5666129)
0119683c-8730-4217-be12-62ba02432762,Shell,Shell,gas_station,0.9199122190475464,"{meta,Overture,Overture-signals,Overture-signals,Overture-signals,Overture-signals,Overture-signals,Overture-signals,Overture-signals,Overture-signals,Overture-signals,Overture-signals}",127 E 4th St,La Center,WA,98629-5429,+13602632029,https://find.shell.com/us/fuel/10007431-127-e-4th-st,shellcustomercare@shell.com,{https://www.facebook.com/1593187360700694},open,45.8625553,-122.67024377,POINT(-122.67024377 45.8625553)
01198160-609f-4e1d-8d44-92eefbf0ccff,BP,,gas_station,0.9199122190475464,"{Microsoft,Overture,Overture-signals,Overture-signals,Overture-signals,Overture-signals,Overture-signals,Overture-signals,Overture-signals,Overture-signals,Overture-signals,Overture-signals}",3735 E Vernor Hwy,Detroit,MI,48207,3139210966,http://mybpstation.com/,,,open,42.35485,-83.017885,POINT(-83.017885 42.35485)
0119c5fd-3533-4175-a2f8-fa8f9b480fe7,Exxon,Exxon & Mobil Stations,gas_station,0.9990633464157581,"{meta,Overture}",4 E Loudoun St,Round Hill,VA,20141-2443,+15404417083,https://www.exxon.com/en,,{https://www.facebook.com/2155853597987450},,39.13281216,-77.76821188,POINT(-77.76821188 39.13281216)
011a2db0-f11b-4665-a437-4efee71a8815,Shell,Shell,gas_station,0.9902192950248718,"{meta,Overture,Overture-signals,Overture-signals,Overture-signals,Overture-signals,Overture-signals,Overture-signals,Overture-signals,Overture-signals,Overture-signals,Overture-signals}",2401 E Oakland Ave,Bloomington,IL,61701-5830,+13096640175,https://find.shell.com/us/fuel/10011070-2401-e-oakland-avenue,shellcustomercare@shell.com,{https://www.facebook.com/252860808564177},open,40.47344887,-88.95611869,POINT(-88.95611869 40.47344887)
011a9358-e9fc-41f3-8c4d-8e6b2e1e9607,Shell,,gas_station,0.9199122190475464,"{Microsoft,Overture,Overture-signals,Overture-signals,Overture-signals,Overture-signals,Overture-signals,Overture-signals,Overture-signals,Overture-signals,Overture-signals,Overture-signals}",16958 Highway 4 E,Senatobia,MS,38668,"",https://find.shell.com/us/fuel/13202112-16958-highway-4-e/en_US,,,open,34.611943,-89.9153552,POINT(-89.9153552 34.611943)
011a9597-bb6f-4e51-9e79-54f2c14bab75,Shell,Shell,gas_station,0.9998794989347458,"{meta,Overture}",416 E Veterans Memorial Hwy,Blanchard,OK,73010,+14054859306,http://www.shell.us/,shellcustomercare@shell.com,{https://www.facebook.com/104556940976384},,35.13817943,-97.65378108,POINT(-97.65378108 35.13817943)
011b6216-eb85-49d9-ba33-b45a80448370,Shell,Shell,gas_station,0.9902192950248718,"{meta,Overture,Overture-signals,Overture-signals,Overture-signals,Overture-signals,Overture-signals,Overture-signals,Overture-signals,Overture-signals,Overture-signals,Overture-signals}",2284 RT-4,Fort Lee,NJ,07024-3204,+12014824228,https://find.shell.com/us/fuel/10089659-2284-route-4-west,shellcustomercare@shell.com,{https://www.facebook.com/1739949496019450},open,40.86624818,-73.97371602,POINT(-73.97371602 40.86624818)
011b7c1d-c6da-4075-bd24-5c0f2ad43dc2,Conoco,,gas_station,0.9902192950248718,"{DAC,Overture,Overture-signals,Overture-signals,Overture-signals,Overture-signals,Overture-signals,Overture-signals,Overture-signals,Overture-signals,Overture-signals,Overture-signals}",3405 S Campbell Ave,Springfield,MO,65807,+14178901111,https://www.conoco.com/,,"{https://www.facebook.com/conoco/,https://www.instagram.com/conoco/,https://www.twitter.com/Conoco,https://www.youtube.com/@Phillips66Co}",open,37.152554,-93.295684,POINT(-93.295684 37.152554)
011c0c44-83db-4aa2-93f5-8655f9d1c729,R&M Petroleum,,gas_station,0.9199122190475464,"{meta,Overture,Overture-signals,Overture-signals,Overture-signals,Overture-signals,Overture-signals,Overture-signals,Overture-signals,Overture-signals,Overture-signals,Overture-signals}",10188 Licking Pike,Alexandria,KY,41001-8966,+18596354301,http://marathon.com,,{https://www.facebook.com/525907920891469},open,38.91952431,-84.39582395,POINT(-84.39582395 38.91952431)
011c7400-83ad-4e4f-8090-b711708f3f2b,Shell Gas Station,,gas_station,0.9199122190475464,"{Foursquare,Overture,Overture-signals,Overture-signals,Overture-signals,Overture-signals,Overture-signals,Overture-signals,Overture-signals,Overture-signals,Overture-signals,Overture-signals}",20217 W Kellogg Dr,Goddard,KS,67052,,http://www.shell.com,,{https://www.twitter.com/Shell_US},open,37.66352739120226,-97.57444323442662,POINT(-97.57444323442662 37.66352739120226)
011c987a-1491-416f-ba5b-63b4baf904bb,ALON,,gas_station,0.9655,"{Microsoft,Overture}",524 S Main St,Waurika,OK,73573,5802282560,https://alonfuel.com/stations/alon-gas-station-4864-524-south-main-street-waurika-ok-73573/,,,,34.1586698,-98.0013049,POINT(-98.0013049 34.1586698)
011d0a5e-94a1-4298-a523-71d605815a0e,Texaco,,gas_station,0.9199122190475464,"{Foursquare,Overture,Overture-signals,Overture-signals,Overture-signals,Overture-signals,Overture-signals,Overture-signals,Overture-signals,Overture-signals,Overture-signals,Overture-signals}",5634 Spring Stuebner Rd,Spring,TX,77389,(281) 353-7170,https://www.texaco.com,,,open,30.084027323369313,-95.50637422715039,POINT(-95.50637422715039 30.084027323369313)
011d67a2-bfc2-443f-9f4d-ea44f4aac191,BP,bp,gas_station,0.9199122190475464,"{meta,Overture,Overture-signals,Overture-signals,Overture-signals,Overture-signals,Overture-signals,Overture-signals,Overture-signals,Overture-signals,Overture-signals,Overture-signals}",7600 University Ave NE,Fridley,MN,55432-2616,+17635712831,https://map.bp.com/en-US/US/gas-station/fridley/bp/18250548986005543200100000000000,bpconsumer@bp.com,{https://www.facebook.com/135338686987927},open,45.10677175,-93.26464775,POINT(-93.26464775 45.10677175)
011d8d24-bc91-41be-9d31-8699541d893a,Holly Ridge Truck Stop,,gas_station,0.545856237411499,"{meta,Overture}",1328 US 65 Hwy S,Eudora,AR,71640-2130,+18703554802,,,{https://www.facebook.com/562485673872183},,33.1880093,-91.2605409,POINT(-91.2605409 33.1880093)
011d8fa4-5833-40ed-9d89-46b60b71ce6b,Mobil,,gas_station,0.9199122190475464,"{Microsoft,Overture,Overture-signals,Overture-signals,Overture-signals,Overture-signals,Overture-signals,Overture-signals,Overture-signals,Overture-signals,Overture-signals,Overture-signals}",22977 23 Mile Rd,Macomb,MI,48042,5869492073,https://www.exxon.com/en/find-station/mobil-macomb-mi-23milepetroinc-200308959?utm_medium=referral&utm_source=yxt-bing&utm_campaign=us_fue_ret_xom_yxt,,,open,42.67385130224453,-82.87844352432101,POINT(-82.87844352432101 42.67385130224453)
011dab81-f3dc-42cd-bbce-025e0e50642f,TEXACO,Texaco,gas_station,0.9199122190475464,"{meta,Overture,Overture-signals,Overture-signals,Overture-signals,Overture-signals,Overture-signals,Overture-signals,Overture-signals,Overture-signals,Overture-signals,Overture-signals}",12401 Tillgang Pass,Manor,TX,78653,+15122724730,https://www.texaco.com/,,{https://www.facebook.com/608160216256476},open,30.34863543,-97.5636272,POINT(-97.5636272 30.34863543)
011eb2fa-609e-405a-8b30-554dc6b02599,BP,bp,gas_station,0.9998671151220798,"{meta,Overture}",1000 Ashland Rd,Mansfield,OH,44905-2157,+14195893861,https://map.bp.com/en-US/US/gas-station/mansfield/bp/89952016600004490500100000000000,bpconsumer@bp.com,{https://www.facebook.com/1894443944153266},,40.7750465,-82.47762892,POINT(-82.47762892 40.7750465)
011f7b97-ab8f-477e-ac8c-afb7c0e35787,Best,,gas_station,0.35592901706695557,"{meta,Overture}",41 River St,Carbondale,PA,18407-2305,+15702824310,http://www.laperaoil.com,,{https://www.facebook.com/725868517435740},,41.573248,-75.503532,POINT(-75.503532 41.573248)
011fdb21-d6dd-4a79-8c91-1bd8e809b3d5,Phillips 66,,gas_station,0.9199122190475464,"{DAC,Overture,Overture-signals,Overture-signals,Overture-signals,Overture-signals,Overture-signals,Overture-signals,Overture-signals,Overture-signals,Overture-signals,Overture-signals}",23 W Carriage Ln,Altamont,IL,62411,+16184836990,https://www.phillips66gas.com/,,"{https://www.facebook.com/Phillips66Gas,https://www.instagram.com/phillips66gas/,https://www.twitter.com/Phillips66Gas,https://www.youtube.com/@Phillips66Co}",open,39.046095,-88.748654,POINT(-88.748654 39.046095)
012033fe-92da-4e98-86b2-0f083f1b010e,Cenex,,gas_station,0.9199122190475464,"{Microsoft,Overture,Overture-signals,Overture-signals,Overture-signals,Overture-signals,Overture-signals,Overture-signals,Overture-signals,Overture-signals,Overture-signals,Overture-signals}",4001 Woodland Ave,Duluth,MN,55803,2187286962,https://www.cenex.com/,,,open,46.85029,-92.08223,POINT(-92.08223 46.85029)
01216faa-dae6-4ff8-8c28-d1188c6a9d7b,CAT Scale,,truck_gas_station,0.9199122190475464,"{Microsoft,Overture,Overture-signals,Overture-signals,Overture-signals,Overture-signals,Overture-signals,Overture-signals,Overture-signals,Overture-signals,Overture-signals,Overture-signals}",305 Abrahames Rd,Moriarty,NM,87035,5058324954,http://catscale.com/?utm_medium=yext&utm_source=bing,,,open,35.01121457862791,-106.04504003932277,POINT(-106.04504003932277 35.01121457862791)
012202be-d9d7-4d6a-a8b8-0129c8ab3e18,Mobil,,gas_station,0.9902192950248718,"{Microsoft,Overture,Overture-signals,Overture-signals,Overture-signals,Overture-signals,Overture-signals,Overture-signals,Overture-signals,Overture-signals,Overture-signals,Overture-signals}",1801 Witzel Ave,Oshkosh,WI,54902,"",https://www.exxon.com/en/find-station/mobil-oshkosh-wi-witzelmart-200325316?utm_medium=referral&utm_source=yxt-bing&utm_campaign=us_fue_ret_xom_yxt,,,open,44.01768878322674,-88.57977822446217,POINT(-88.57977822446217 44.01768878322674)
01222f6c-101f-4863-9cb4-cc5312014e65,Marathon Gas,,gas_station,0.9655,"{Microsoft,Overture}",2801 S 50th St,Tampa,FL,33619,8132481060,http://mymarathonstation.com/StoreHome/94953,,,,27.9224556,-82.4019561,POINT(-82.4019561 27.9224556)
0122d3a3-53e0-4eab-9cd8-ae557172351f,Shell,,gas_station,0.9199122190475464,"{Foursquare,Overture,Overture-signals,Overture-signals,Overture-signals,Overture-signals,Overture-signals,Overture-signals,Overture-signals,Overture-signals,Overture-signals,Overture-signals}",7505 Spencer Hwy,Pasadena,TX,77505,(281) 479-8266,http://www.shell.us/ontheroad,mark@themacwork.com,{https://www.twitter.com/Shell_US},open,29.6639783225436,-95.12241205725519,POINT(-95.12241205725519 29.6639783225436)
01231404-d25f-419d-91ce-2b4683431879,Sinclair Gas Station,Sinclair Oil,gas_station,0.9902192950248718,"{meta,Overture,Overture-signals,Overture-signals,Overture-signals,Overture-signals,Overture-signals,Overture-signals,Overture-signals,Overture-signals,Overture-signals,Overture-signals}",561 Kimball Ave,Yonkers,NY,10704-2340,+19142375306,https://www.sinclairoil.com/,,{https://www.facebook.com/1083732865128200},open,40.92068484,-73.85395409,POINT(-73.85395409 40.92068484)
012380c6-622b-43c0-85ee-875a7468e3e4,D&D Oil Company,,gas_station,0.9197216033935547,"{meta,Overture,Overture-signals,Overture-signals,Overture-signals}",120 Bridge Ave,Murfreesboro,TN,37129-3502,+16158962354,http://www.ddoilco.com,mscott1500@aol.com,{https://www.facebook.com/160470670818232},open,35.845578,-86.399025,POINT(-86.399025 35.845578)
0123d9c5-4550-45aa-a974-66f6f318d820,Sunoco Gas Station,,gas_station,0.85,"{Microsoft,Overture}",PO Box,Hico,WV,25854,3046584233,https://www.sunoco.com/find-a-station,,,,38.1306572,-80.99222565,POINT(-80.99222565 38.1306572)
01247f23-85be-413b-a24c-88fbf0e9a527,Walmart Money Center,,gas_station,0.85,"{Microsoft,Overture}",252 Cheney Dr W,Twin Falls,ID,83301,2087342136,https://www.walmart.com/store/3897-twin-falls-id/money-services,,,,42.5906,-114.48288,POINT(-114.48288 42.5906)
01248722-f822-467a-b90d-2043fd603d96,76,,gas_station,0.9199122190475464,"{DAC,Overture,Overture-signals,Overture-signals,Overture-signals,Overture-signals,Overture-signals,Overture-signals,Overture-signals,Overture-signals,Overture-signals,Overture-signals}",1022 W Avenue P,Palmdale,CA,93551,+16612215600,https://www.76.com/,,"{https://www.facebook.com/76gas/,https://www.instagram.com/76/,https://www.twitter.com/76,https://www.youtube.com/@Phillips66Co}",open,34.601434,-118.148271,POINT(-118.148271 34.601434)
012604f4-ef8d-4648-a376-279b3adcb164,Gulf,,gas_station,0.9199122190475464,"{Foursquare,Overture,Overture-signals,Overture-signals,Overture-signals,Overture-signals,Overture-signals,Overture-signals,Overture-signals,Overture-signals,Overture-signals,Overture-signals}",1395 Veterans Hwy,Hauppauge,NY,11749,(631) 348-1834,http://gulfoil.com,,{https://www.facebook.com/351079764939345},open,40.81305065667027,-73.18931667474534,POINT(-73.18931667474534 40.81305065667027)
0126caba-92ca-401d-a4b4-5b09719be16a,Irving Oil,,gas_station,1,"{DAC,Overture}",288 West River Road,Waterville,ME,04901,+12078599994,https://www.irvingoil.com/en-US/location,,,,44.52047,-69.667849,POINT(-69.667849 44.52047)
012887c9-ca45-4595-ad2e-051a4c2a7e75,Shell,Shell,gas_station,0.9199122190475464,"{meta,Overture,Overture-signals,Overture-signals,Overture-signals,Overture-signals,Overture-signals,Overture-signals,Overture-signals,Overture-signals,Overture-signals,Overture-signals}",35184 Merle Haggard Dr,Bakersfield,CA,93308-9227,+16613928500,https://find.shell.com/us/fuel/10015074-35184-merle-haggard-dr,shellcustomercare@shell.com,{https://www.facebook.com/1599113063461910},open,35.44183053,-119.07501272,POINT(-119.07501272 35.44183053)
01289edd-d2c0-43ce-a9d7-68a73aac750c,Carr Gas Co LLC,,gas_station,0.9199122190475464,"{meta,Overture,Overture-signals,Overture-signals,Overture-signals,Overture-signals,Overture-signals,Overture-signals,Overture-signals,Overture-signals,Overture-signals,Overture-signals}",2120 Bradford Hicks Dr,Livingston,TN,38570-2242,+19318239891,,,{https://www.facebook.com/148868541823013},open,36.38612297,-85.33502607,POINT(-85.33502607 36.38612297)
0128a857-70a9-4c09-b64c-1632fe57a532,Chevron,Chevron,gas_station,0.9902192950248718,"{meta,Overture,Overture-signals,Overture-signals,Overture-signals,Overture-signals,Overture-signals,Overture-signals,Overture-signals,Overture-signals,Overture-signals,Overture-signals}",2615 W Grant Line Rd,Tracy,CA,95304-9409,+12098363464,http://www.chevron.com/,westvalleyautoservice@yahoo.com,{https://www.facebook.com/134288306621026},open,37.75457935,-121.46706336,POINT(-121.46706336 37.75457935)
012bd020-c1a9-4bf2-b38c-4d5ded5f9bda,Eagle Gas Station,,gas_station,0.6255837678909302,"{meta,Overture}",116 S 4th St,Baldwyn,MS,38824,+16623652997,,,{https://www.facebook.com/550256998421820},,34.50967,-88.63564,POINT(-88.63564 34.50967)
012be944-4ee5-42ee-8f1c-d35a721d1289,76,,gas_station,0.9199122190475464,"{DAC,Overture,Overture-signals,Overture-signals,Overture-signals,Overture-signals,Overture-signals,Overture-signals,Overture-signals,Overture-signals,Overture-signals,Overture-signals}",865 Highway 1016,Berea,KY,40403,+18599855870,https://www.76.com/,,"{https://www.facebook.com/76gas/,https://www.instagram.com/76/,https://www.twitter.com/76,https://www.youtube.com/@Phillips66Co}",open,37.586258,-84.271255,POINT(-84.271255 37.586258)
012c43ea-3392-4e3b-975a-2be72bc563c0,Valero,,gas_station,0.77,"{Foursquare,Overture}",843 State Route 33 W,Monroe Township,NJ,08831,(609) 259-2332,http://www.valero.com,,,,40.26330978217454,-74.4458473266548,POINT(-74.4458473266548 40.26330978217454)
012c712c-df83-4e9e-8010-bc1440c123ac,Sunoco,,gas_station,0.9199122190475464,"{Microsoft,Overture,Overture-signals,Overture-signals,Overture-signals,Overture-signals,Overture-signals,Overture-signals,Overture-signals,Overture-signals,Overture-signals,Overture-signals}",5316 National Pike,Markleysburg,PA,15459,7243295670,https://www.sunoco.com/find-a-station,,,open,39.7558672,-79.4423911,POINT(-79.4423911 39.7558672)
012ca81b-949a-406c-85a8-59c017e04531,Texaco,Texaco,gas_station,0.9199122190475464,"{meta,Overture,Overture-signals,Overture-signals,Overture-signals,Overture-signals,Overture-signals,Overture-signals,Overture-signals,Overture-signals,Overture-signals,Overture-signals}",124 Main St,Jersey,GA,30018,+17704642314,https://www.texaco.com/,conaffrs@chevron.com,{https://www.facebook.com/589257264933699},open,33.71746358,-83.7995192,POINT(-83.7995192 33.71746358)
012e2e6e-aaa2-4bee-b535-9fe29c2d2886,Cenex,,gas_station,0.9199122190475464,"{Microsoft,Overture,Overture-signals,Overture-signals,Overture-signals,Overture-signals,Overture-signals,Overture-signals,Overture-signals,Overture-signals,Overture-signals,Overture-signals}",800 N RIDGEVIEW Rd,OLATHE,KS,66061,9137645094,https://www.cenex.com/,,,open,38.89321,-94.79673,POINT(-94.79673 38.89321)
012f1cd5-2e82-4b4b-afd7-662fa8470b56,Shell,,gas_station,0.9931,"{Microsoft,Overture}",1365 Montauk Highway,East Patchogue,NY,11772,6318038080,https://find.shell.com/us/fuel/12843969-1365-montauk-hwy/en_US,,,,40.771313,-72.960704,POINT(-72.960704 40.771313)
012f2c21-6ab4-4d35-978a-867faf185f5a,Rotten Robbie,Rotten Robbie Gas Stations,gas_station,0.9902192950248718,"{meta,Overture,Overture-signals,Overture-signals,Overture-signals,Overture-signals,Overture-signals,Overture-signals,Overture-signals,Overture-signals,Overture-signals,Overture-signals}",1061 Lincoln Ave,San Jose,CA,95125-3154,+14082920300,http://www.rottenrobbie.com/,,{https://www.facebook.com/153139388061558},open,37.30992313,-121.90272595,POINT(-121.90272595 37.30992313)
012f3884-2f50-4d89-9964-7f38a60189ef,BP,,gas_station,0.9199122190475464,"{Microsoft,Overture,Overture-signals,Overture-signals,Overture-signals,Overture-signals,Overture-signals,Overture-signals,Overture-signals,Overture-signals,Overture-signals,Overture-signals}",111 E Jackson St,Millersburg,OH,44654,3306741609,http://mybpstation.com/,,,open,40.554149,-81.915997,POINT(-81.915997 40.554149)
0131599c-7eb8-40e3-91bd-4d2abd1efe92,MFA Oil,MFA Oil,gas_station,0.9793187111616135,"{meta,Overture}",470929 E 810 Rd,Stilwell,OK,74960,+19186964634,https://www.mfaoil.com/store/stilwell-ok-mfa-oil/,,{https://www.facebook.com/2131323480297451},,35.84257039,-94.63212042,POINT(-94.63212042 35.84257039)
0131f1d2-b128-4d35-9b31-98e2e5f55c1e,BP,,gas_station,0.9199122190475464,"{Microsoft,Overture,Overture-signals,Overture-signals,Overture-signals,Overture-signals,Overture-signals,Overture-signals,Overture-signals,Overture-signals,Overture-signals,Overture-signals}",1611 W D St,North Wilkesboro,NC,28659,3366675586,https://map.bp.com/en-US/US/gas-station/north-wilkesboro/bp/59214271376112865900100000000000,,,open,36.153105,-81.174148,POINT(-81.174148 36.153105)
01321d1d-9b28-45e7-aa61-518591c9ffea,Marathon,,gas_station,0.77,"{Foursquare,Overture}",10716 S. Cicero Ave,Oak Lawn,IL,60453,(847) 533-4745,http://www.marathon.com,,,,41.69771597523951,-87.74048724528767,POINT(-87.74048724528767 41.69771597523951)
0132497c-6c95-49ad-8251-df0f79bccdbe,West Newport Oil Co,,gas_station,0.9199122190475464,"{meta,Overture,Overture-signals,Overture-signals,Overture-signals,Overture-signals,Overture-signals,Overture-signals,Overture-signals,Overture-signals,Overture-signals,Overture-signals}",1080 W 17th St,Costa Mesa,CA,92627-4503,+19496311100,http://www.armstrongpetroleum.com,,{https://www.facebook.com/150255708674736},open,33.63609236,-117.94154711,POINT(-117.94154711 33.63609236)
01328fd5-80ce-4f0c-abe7-15e565df4b8c,GSK Mini Mart,,gas_station,0.77,"{Foursquare,Overture}",6100 Penny Rd,Raleigh,NC,27606,(919) 839-0875,http://shell.com,,,,35.70897020441024,-78.71094091101605,POINT(-78.71094091101605 35.70897020441024)
01340db3-22cf-407a-aeaa-1f91a840480a,Wilcohess,,gas_station,0.9199122190475464,"{Microsoft,Overture,Overture-signals,Overture-signals,Overture-signals,Overture-signals,Overture-signals,Overture-signals,Overture-signals,Overture-signals,Overture-signals,Overture-signals}",3732 Campbell Ave,Lynchburg,VA,24501,4345284375,"",,,open,37.3811287,-79.1356066,POINT(-79.1356066 37.3811287)
01353441-0fcd-4c6f-8d8e-c1cc201cac32,Marathon,Marathon,gas_station,0.9902192950248718,"{meta,Overture,Overture-signals,Overture-signals,Overture-signals,Overture-signals,Overture-signals,Overture-signals,Overture-signals,Overture-signals,Overture-signals,Overture-signals}",1001 US Highway 27,Moore Haven,FL,33471-8868,+18639461137,http://www.marathon.com,,{https://www.facebook.com/236706070004007},open,26.83420566,-81.10425529,POINT(-81.10425529 26.83420566)
013538bf-0efe-4d3e-aad0-4390528dc3fb,Sunoco,Sunoco,gas_station,0.9199122190475464,"{meta,Overture,Overture-signals,Overture-signals,Overture-signals,Overture-signals,Overture-signals,Overture-signals,Overture-signals,Overture-signals,Overture-signals,Overture-signals}",529 Highway 40 W,Inglis,FL,34449-9300,+14073841168,http://www.sunoco.com,customerfirst@sunocoinc.com,{https://www.facebook.com/1546303075670613},open,29.03633363,-82.68427328,POINT(-82.68427328 29.03633363)
0135539d-671a-4e51-bfc4-309829851fe1,Texaco,,gas_station,0.9199122190475464,"{Foursquare,Overture,Overture-signals,Overture-signals,Overture-signals,Overture-signals,Overture-signals,Overture-signals,Overture-signals,Overture-signals,Overture-signals,Overture-signals}",412 Claxton Ave N,Elba,AL,36323,(334) 897-3338,http://www.Texaco.com,,,open,31.415567669313432,-86.06671568270711,POINT(-86.06671568270711 31.415567669313432)
0135cc3e-1570-4155-b84b-07faee8dad21,Li'L Cricket,,gas_station,0.9199122190475464,"{Foursquare,Overture,Overture-signals,Overture-signals,Overture-signals,Overture-signals,Overture-signals,Overture-signals,Overture-signals,Overture-signals,Overture-signals,Overture-signals}",450 Meeting St,West Columbia,SC,29169,(803) 936-1823,https://locations.valero.com/en-us/LocationDetails/Index/450-MEETING-ST/0000010350,,{https://www.facebook.com/162627460423540},open,33.99434754226923,-81.05824742601835,POINT(-81.05824742601835 33.99434754226923)
0135cf3e-dcd9-4fc1-8d6b-8fd711022acd,Shell,Shell,gas_station,0.9902192950248718,"{meta,Overture,Overture-signals,Overture-signals,Overture-signals,Overture-signals,Overture-signals,Overture-signals,Overture-signals,Overture-signals,Overture-signals,Overture-signals}",8413 Route 29,Fairfax,VA,22031-2205,+17035732759,https://find.shell.com/us/fuel/10000573-8413-lee-hwy,shellcustomercare@shell.com,{https://www.facebook.com/1406356399459162},open,38.87341349,-77.23534011,POINT(-77.23534011 38.87341349)
01363cd4-074d-4b8d-9baf-1e6d089d74a0,R Store Rib Mountain Travel Center,,gas_station,0.77,"{Foursquare,Overture}",,Wausau,WI,54401,(715) 355-5600,http://www.myrstore.com,ir@bp.com,,,44.914737206551266,-89.65134857158596,POINT(-89.65134857158596 44.914737206551266)
0136788a-14a6-4bc8-a87d-db1d3e727efd,Marathon,,gas_station,0.9199122190475464,"{meta,Overture,Overture-signals,Overture-signals,Overture-signals,Overture-signals,Overture-signals,Overture-signals,Overture-signals,Overture-signals,Overture-signals,Overture-signals}",1509 Main St,Munfordville,KY,42765-9498,+12705244527,http://www.marathon.com/,,{https://www.facebook.com/257971437635288},open,37.29444289999999,-85.9061964,POINT(-85.9061964 37.29444289999999)
01368ae5-af01-496b-8720-71ac255167aa,Shell,,gas_station,0.9199122190475464,"{Microsoft,Overture,Overture-signals,Overture-signals,Overture-signals,Overture-signals,Overture-signals,Overture-signals,Overture-signals,Overture-signals,Overture-signals,Overture-signals}",1825 Appling Harlem Rd,Appling,GA,30802,7065419247,https://find.shell.com/us/fuel/10048576-1825-appling-harlem-rd,,,open,33.53310235,-82.31460098,POINT(-82.31460098 33.53310235)
0136b5b5-f84d-4d82-b720-ed08ad046690,Exxon,Exxon & Mobil Stations,gas_station,0.9996505688726902,"{meta,Overture}",2705 E Main St,Madisonville,TX,77864-2229,+19363483767,https://www.exxon.com/en,,{https://www.facebook.com/569545656901936},,30.96492003,-95.88512138,POINT(-95.88512138 30.96492003)
0136f1df-9cb5-4629-920e-236647e8948c,Chevron,Chevron,gas_station,0.9902192950248718,"{meta,Overture,Overture-signals,Overture-signals,Overture-signals,Overture-signals,Overture-signals,Overture-signals,Overture-signals,Overture-signals,Overture-signals,Overture-signals}",780 Gettysburg Ave,Clovis,CA,93612,+15596734901,https://www.chevronwithtechron.com/en_us/home/find-a-station.html?/station/780-GETTYSBURG-AVE-CLOVIS-CA-93612-id379391,,{https://www.facebook.com/659515887862243},open,36.80145901,-119.6997712,POINT(-119.6997712 36.80145901)
0136fb78-8b76-41ad-b7bc-b2c107f71af6,Shell,Shell,gas_station,0.7759315371513367,"{meta,Overture,Overture-signals,Overture-signals,Overture-signals}",4837 Bill Gardner Pkwy,Locust Grove,GA,30248-3733,+17799974865,https://find.shell.com/us/fuel/10010973-4837-bill-gardner-pkwy,,{https://www.facebook.com/1944688415774398},open,33.35398116,-84.12274573,POINT(-84.12274573 33.35398116)
01372e0c-5c92-4e83-834c-155dabcb562e,Murphy USA,,gas_station,0.9902192950248718,"{Microsoft,Overture,Overture-signals,Overture-signals,Overture-signals,Overture-signals,Overture-signals,Overture-signals,Overture-signals,Overture-signals,Overture-signals,Overture-signals}",3702 S Ferdon Blvd,Crestview,FL,32536,8508542053,http://www.murphyusa.com/,,,open,30.72354549,-86.56973315,POINT(-86.56973315 30.72354549)
01378740-3341-4d25-9fe5-b968f30e91cf,Fred Meyer Fuel Center,,gas_station,0.9951809644699097,"{Microsoft,Overture}",17404 MERIDIAN E,Puyallup,WA,98375,2534457884,https://www.fredmeyer.com/d/fuel-points-program?cid=loc_70100424F_bg,,,,47.09961756127728,-122.29531775308904,POINT(-122.29531775308904 47.09961756127728)
0137ac3c-1128-4a71-9d76-00d62867fd8e,Collins Oil Company,,gas_station,0.8812851905822754,"{meta,Overture}",909 S Lee Hwy,Cleveland,TN,37311-5856,+14234728770,http://phillips66.com/,brad@collinsoilco.com,{https://www.facebook.com/213361388732964},,35.15625656,-84.88811133,POINT(-84.88811133 35.15625656)
01383dc3-0e0a-47a9-8c29-4a9fb1ad1c30,Sunoco,,gas_station,0.9931,"{Microsoft,Overture}",14407 Mack Avenue,Detroit,MI,48215,3133983696,https://www.sunoco.com/locations/store/14407-mack-ave-detroit-mi-0253400600,,,,42.3868518718565,-82.952910028934,POINT(-82.952910028934 42.3868518718565)
0138c1e2-12a1-428d-9ca6-5f48971faf67,Friendly Mart,,gas_station,0.77,"{Foursquare,Overture}",5847 Hwy 11 S,Pink Hill,NC,28572,(252) 568-4412,https://www.friendlymartinc.com,mike@friendlymartinc.com,{https://www.facebook.com/146584862033137},,35.07755038590744,-77.73260227883696,POINT(-77.73260227883696 35.07755038590744)
0138d151-2aeb-4f8f-9d7f-2ee8652535cb,Mobil,Exxon & Mobil Stations,gas_station,0.9997786184251308,"{meta,Overture}",4601 County Road 48,Okahumpka,FL,34762-3216,+13523263389,https://www.exxon.com/en,,{https://www.facebook.com/399246987341279},,28.74814455,-81.87754375,POINT(-81.87754375 28.74814455)
0139374c-e97a-4ed7-8eb0-84ab4ffde071,Murphy USA,Murphy USA,gas_station,0.9902192950248718,"{meta,Overture,Overture-signals,Overture-signals,Overture-signals,Overture-signals,Overture-signals,Overture-signals,Overture-signals,Overture-signals,Overture-signals,Overture-signals}",481 N Parker St,Olathe,KS,66061,+19133970538,http://www.murphyusa.com,,{https://www.facebook.com/103009301186279},open,38.88766779,-94.83558516,POINT(-94.83558516 38.88766779)
0139e58d-6b7c-4843-b212-2f11e49d23d9,Exxon,,gas_station,0.9199122190475464,"{Microsoft,Overture,Overture-signals,Overture-signals,Overture-signals,Overture-signals,Overture-signals,Overture-signals,Overture-signals,Overture-signals,Overture-signals,Overture-signals}",25767 Riverside Dr,Grundy,VA,24614,2769354131,https://www.exxon.com/en/find-station/exxon-grundy-va-riversideexxon-200315529?utm_medium=referral&utm_source=yxt-bing&utm_campaign=us_fue_ret_xom_yxt,,,open,37.305600474972074,-82.12747889107193,POINT(-82.12747889107193 37.305600474972074)
013ad06d-5eb0-44d6-88e4-21d608eac215,Shell,Shell,gas_station,0.9902192950248718,"{meta,Overture,Overture-signals,Overture-signals,Overture-signals,Overture-signals,Overture-signals,Overture-signals,Overture-signals,Overture-signals,Overture-signals,Overture-signals}",10505 N FM 620,Austin,TX,78726,+15123351665,https://find.shell.com/us/fuel/12421948-10505-rr-620-n,shellcustomercare@shell.com,{https://www.facebook.com/1951864371724322},open,30.44379552,-97.83250841,POINT(-97.83250841 30.44379552)
013aed8b-966e-4ffc-a8cd-c1704104726f,Shell,Shell,gas_station,0.9902192950248718,"{meta,Overture,Overture-signals,Overture-signals,Overture-signals,Overture-signals,Overture-signals,Overture-signals,Overture-signals,Overture-signals,Overture-signals,Overture-signals}",19300 Montgomery Village Ave,Montgomery Village,MD,20886-3027,+13014179220,https://find.shell.com/us/fuel/10000600-19300-montgomery-village-ave,shellcustomercare@shell.com,{https://www.facebook.com/652690101595881},open,39.17300897,-77.20419675,POINT(-77.20419675 39.17300897)
013c1f0b-444b-4bce-b022-adda7a4534ad,Carlson Corner,,gas_station,0.7649348974227905,"{meta,Overture}",11 Valhalla Rd,Slayton,MN,56172-1039,+15077633757,http://www.shell.com,,{https://www.facebook.com/111925168861547},,44.10899961,-95.74149621,POINT(-95.74149621 44.10899961)
013c8453-d6d8-4df1-92f5-fe354a75a18d,Sunoco Gas Station,,gas_station,0.9199122190475464,"{Microsoft,Overture,Overture-signals,Overture-signals,Overture-signals,Overture-signals,Overture-signals,Overture-signals,Overture-signals,Overture-signals,Overture-signals,Overture-signals}",146 Main St,Haydenville,MA,01039,4132683499,https://www.sunoco.com/find-a-station/station/2677318,,,open,42.3739204406738,-72.7016143798828,POINT(-72.7016143798828 42.3739204406738)
013cee5d-95e4-45a7-9db5-1d127cdc2d1d,BP,,gas_station,0.9199122190475464,"{Microsoft,Overture,Overture-signals,Overture-signals,Overture-signals,Overture-signals,Overture-signals,Overture-signals,Overture-signals,Overture-signals,Overture-signals,Overture-signals}",800 N Ridgeview Rd,Olathe,KS,66061,9137822711,https://map.bp.com/en-US/US/gas-station/olathe/bp/128248,,,open,38.893156,-94.79705,POINT(-94.79705 38.893156)
013d61ae-5158-4d4c-a95c-fe16f7c91ba8,Global Fuel Saver,,gas_station,0.9199122190475464,"{Microsoft,Overture,Overture-signals,Overture-signals,Overture-signals,Overture-signals,Overture-signals,Overture-signals,Overture-signals,Overture-signals,Overture-signals,Overture-signals}",2260 E Lohman Ave Ste 1019,Las Cruces,NM,88001,9157012023,http://www.globalfuelsaver.com/,,,open,32.3110807,-106.7517534,POINT(-106.7517534 32.3110807)
013de185-d9c8-4159-8ba7-e456f66fe508,Shell,,gas_station,0.9199122190475464,"{Foursquare,Overture,Overture-signals,Overture-signals,Overture-signals,Overture-signals,Overture-signals,Overture-signals,Overture-signals,Overture-signals,Overture-signals,Overture-signals}",19483 Knighton Rd,Redding,CA,96002,(530) 221-4760,http://www.shell.us/ontheroad,shellcustomercare@shell.com,{https://www.twitter.com/Shell_US},open,40.50472627443137,-122.33477912568878,POINT(-122.33477912568878 40.50472627443137)
013f7ec5-2c65-49de-a27f-5338ed50bb74,Exxon,,gas_station,0.9902192950248718,"{meta,Overture,Overture-signals,Overture-signals,Overture-signals,Overture-signals,Overture-signals,Overture-signals,Overture-signals,Overture-signals,Overture-signals,Overture-signals}",2501 Columbia Dr,Decatur,GA,30034-1704,+17706932623,http://www.exxon.com,,{https://www.facebook.com/503293433750040},open,33.71494412,-84.25253457,POINT(-84.25253457 33.71494412)
013fa0dd-cbe8-4d30-a603-fcd42e62e21f,Brownsville Market,,gas_station,0.9902192950248718,"{Foursquare,Overture,Overture-signals,Overture-signals,Overture-signals,Overture-signals,Overture-signals,Overture-signals,Overture-signals,Overture-signals,Overture-signals,Overture-signals}",5995 Rockfish Gap Tpke,Crozet,VA,22932,(434) 823-5251,http://www.pulaskishell.com,contact@brownsvillepto.org,"{https://www.twitter.com/Shell_US,https://www.facebook.com/127559563957123}",open,38.0498874415051,-78.70969856429811,POINT(-78.70969856429811 38.0498874415051)
014198f4-51c1-4c9c-9355-dfdb3605b1e0,Shell,Shell,gas_station,0.9199122190475464,"{meta,Overture,Overture-signals,Overture-signals,Overture-signals,Overture-signals,Overture-signals,Overture-signals,Overture-signals,Overture-signals,Overture-signals,Overture-signals}",1020 Dale Evans Dr,Italy,TX,76651-3540,+14692572121,https://find.shell.com/us/fuel/10047781-1020-dale-evans-dr,shellcustomercare@shell.com,{https://www.facebook.com/249264422253556},open,32.19522802,-96.89778686,POINT(-96.89778686 32.19522802)
0141a820-9ba2-4899-b83a-c2e6eb380ed1,Tiger Mart 8,,gas_station,0.9199122190475464,"{meta,Overture,Overture-signals,Overture-signals,Overture-signals,Overture-signals,Overture-signals,Overture-signals,Overture-signals,Overture-signals,Overture-signals,Overture-signals}",102 N Richardson St,Latta,SC,29565-1631,+18437524271,https://www.exxon.com/en/find-station/exxon-latta-sc-tigermart8-200317127,,{https://www.facebook.com/149013781791436},open,34.33731058,-79.43094332,POINT(-79.43094332 34.33731058)
01421dc0-5ce4-44ab-8b84-47570f2ab577,BP,,gas_station,0.85,"{Microsoft,Overture}",E Florence Blvd 2245,Casa Grande,AZ,85122,5204212263,http://www.bp.com/,,,,32.879555,-111.690411,POINT(-111.690411 32.879555)
0142aeec-3ffa-41a7-9a52-1d7ea3ceb245,CAT Scale,,truck_gas_station,0.9655,"{Microsoft,Overture}",3984 U S Highway 49,Hattiesburg,MS,39401,6015447527,http://catscale.com/?utm_medium=yext&utm_source=bing,,,,31.188375455349487,-89.25124009340603,POINT(-89.25124009340603 31.188375455349487)
0142f4d7-d556-4fad-8fd5-7d5a1cc802b9,Shell,Shell,gas_station,0.9999001978456974,"{meta,Overture}",15476 Highway 105 W,Montgomery,TX,77356-6085,+19364473030,https://find.shell.com/us/fuel/10012757-15476-highway-105-west,emp9232@yahoo.com,{https://www.facebook.com/1525634330834029},,30.35944998,-95.59778031,POINT(-95.59778031 30.35944998)
01430e50-2c19-4f88-bdd9-c12f0dcd13c2,Amoco Food Shop,,gas_station,0.531821072101593,"{meta,Overture}",352 Highway 78 W,Jasper,AL,35501-3742,+12053870066,,,{https://www.facebook.com/145351792165860},,33.848725916667,-87.282039583333,POINT(-87.282039583333 33.848725916667)
0143767b-e694-4d02-bdd0-7db741772dd1,Shell,Shell,gas_station,0.9199122190475464,"{meta,Overture,Overture-signals,Overture-signals,Overture-signals,Overture-signals,Overture-signals,Overture-signals,Overture-signals,Overture-signals,Overture-signals,Overture-signals}",26901 Old 99 N,Stanwood,WA,98292-9489,+13606294172,http://www.shell.us/,shellcustomercare@shell.com,{https://www.facebook.com/1149478755212554},open,48.23968337,-122.24372922,POINT(-122.24372922 48.23968337)
0143c40b-aa02-415d-8146-3359027c9257,BP,,gas_station,0.9199122190475464,"{Microsoft,Overture,Overture-signals,Overture-signals,Overture-signals,Overture-signals,Overture-signals,Overture-signals,Overture-signals,Overture-signals,Overture-signals,Overture-signals}",1202 W Andrews Ave,Henderson,NC,27536,2524382520,http://mybpstation.com/,,,open,36.3418702,-78.4111617,POINT(-78.4111617 36.3418702)
014427b9-1c7d-4118-a87f-203538abb5a7,Exxon,,gas_station,0.9902192950248718,"{meta,Overture,Overture-signals,Overture-signals,Overture-signals,Overture-signals,Overture-signals,Overture-signals,Overture-signals,Overture-signals,Overture-signals,Overture-signals}",50 SE 8th Ave,Hialeah,FL,33010-5517,+13058882747,https://www.exxon.com/en/find-station/200320864,,{https://www.facebook.com/633836796756685},open,25.82272197,-80.26537517,POINT(-80.26537517 25.82272197)
0144dc8a-eb50-499b-9837-e723c24f912b,Mobil,Exxon & Mobil Stations,gas_station,0.9199122190475464,"{meta,Overture,Overture-signals,Overture-signals,Overture-signals,Overture-signals,Overture-signals,Overture-signals,Overture-signals,Overture-signals,Overture-signals,Overture-signals}",1103 S Main St,Salem,MO,65560-2451,+15737298216,https://www.exxon.com/en/find-station/200311333,,{https://www.facebook.com/133566666691777},open,37.63543325,-91.53613358,POINT(-91.53613358 37.63543325)
0145655e-1eea-43ba-8d79-9fdeb674d7c1,Murphy USA,,gas_station,0.9199122190475464,"{Microsoft,Overture,Overture-signals,Overture-signals,Overture-signals,Overture-signals,Overture-signals,Overture-signals,Overture-signals,Overture-signals,Overture-signals,Overture-signals}",415 Drive In Ln,Moncks Corner,SC,29461,8437611217,http://www.murphyusa.com/,,,open,33.20846312,-79.98481984,POINT(-79.98481984 33.20846312)
0145ebf0-479f-40bc-97dc-adc2f8b1c20b,JOHNNY PATS,Phillips 66,gas_station,0.9199122190475464,"{AllThePlaces,Overture,Overture-signals,Overture-signals,Overture-signals,Overture-signals,Overture-signals,Overture-signals,Overture-signals,Overture-signals,Overture-signals,Overture-signals}",9412 N HIWASSEE RD,JONES,OK,73049-7422,,,,,open,35.566082,-97.299922,POINT(-97.299922 35.566082)
0146140e-4662-4a7c-993d-da955db37660,Shell,,gas_station,0.9909868476092816,"{Microsoft,Overture,Overture-signals,Overture-signals,Overture-signals,Overture-signals}",1095 Rte 37 W,Toms River,NJ,08755,7323499886,https://find.shell.com/us/fuel/10000445-1095-route-37-w,,,open,39.97625,-74.245319,POINT(-74.245319 39.97625)
014744e7-3c72-451b-bdcb-41bd348187c0,BP,bp,gas_station,0.9199122190475464,"{meta,Overture,Overture-signals,Overture-signals,Overture-signals,Overture-signals,Overture-signals,Overture-signals,Overture-signals,Overture-signals,Overture-signals,Overture-signals}",101 George W Roy Pkwy,Calera,AL,35040,+12056908554,https://map.bp.com/en-US/US/gas-station/calera/bp/89713103281013504000100000000000,bpconsumer@bp.com,{https://www.facebook.com/104636581357016},open,33.14960546,-86.76660733,POINT(-86.76660733 33.14960546)
0147c60d-73ed-4e99-bbb3-4184cce6e086,Marathon Gas,,gas_station,0.9199122190475464,"{meta,Overture,Overture-signals,Overture-signals,Overture-signals,Overture-signals,Overture-signals,Overture-signals,Overture-signals,Overture-signals,Overture-signals,Overture-signals}",605 N State St,Bunnell,FL,32110-6001,+13865867606,http://www.marathon.com,custrelations@marathonpetroleum.com,{https://www.facebook.com/157537854277527},open,29.46905781,-81.26276541,POINT(-81.26276541 29.46905781)
0147cbae-020b-4c87-9629-4e6b7ee4b5e4,Kum & Go,Kum & Go,gas_station,0.993313655257225,"{meta,Overture}",4720 Tower Rd,Denver,CO,80249-6680,+13033734957,http://www.kumandgo.com/stores/0332/,,{https://www.facebook.com/100944888587023},,39.78228533,-104.77144536,POINT(-104.77144536 39.78228533)
0147ea3a-e897-41d6-8d68-9cbfb5621039,ABC Convenience Store,,gas_station,0.9427838921546936,"{meta,Overture}",10692 Highway 411 N,Crandall,GA,30711-5075,+17069714400,,patelakshat49@gmail.com,{https://www.facebook.com/1720794991300391},,34.9270974,-84.74862596,POINT(-84.74862596 34.9270974)
0148c037-3b93-4cb4-87aa-953545f9ef4e,76,,gas_station,0.9199122190475464,"{DAC,Overture,Overture-signals,Overture-signals,Overture-signals,Overture-signals,Overture-signals,Overture-signals,Overture-signals,Overture-signals,Overture-signals,Overture-signals}",461 Hwy 9 S,Pontotoc,MS,38863,+16622002705,https://www.76.com/,,"{https://www.facebook.com/76gas/,https://www.instagram.com/76/,https://www.twitter.com/76,https://www.youtube.com/@Phillips66Co}",open,34.24184,-89.02787,POINT(-89.02787 34.24184)
0149204d-2dc5-4c18-80f3-26d24c98ff39,"Premier Energy, LLC",,gas_station,0.5998250842094421,"{meta,Overture}",5 Albany Tpke,Canton,CT,06019-2525,+18606936481,http://premierenergyct.com/,office@premierenergyct.com,{https://www.facebook.com/1478798592376165},,41.82275,-72.87228,POINT(-72.87228 41.82275)
0149a33b-5642-48ab-bfc1-db6fd347472c,Shell,Shell,gas_station,0.9199122190475464,"{meta,Overture,Overture-signals,Overture-signals,Overture-signals,Overture-signals,Overture-signals,Overture-signals,Overture-signals,Overture-signals,Overture-signals,Overture-signals}",11000 E Davis St,Conroe,TX,77301-3300,+19364413195,https://find.shell.com/us/fuel/10005513-11000-e-davis-st,shellcustomercare@shell.com,{https://www.facebook.com/704232173120625},open,30.32324243,-95.40185998,POINT(-95.40185998 30.32324243)
014a0fa4-f00b-4ab1-8683-fde9049d7233,Shell,Shell,gas_station,0.9199122190475464,"{meta,Overture,Overture-signals,Overture-signals,Overture-signals,Overture-signals,Overture-signals,Overture-signals,Overture-signals,Overture-signals,Overture-signals,Overture-signals}",2701 US-411 S,Maryville,TN,37801-9547,+18659832005,https://find.shell.com/us/fuel/10012659-2701-us-411-s,shellcustomercare@shell.com,{https://www.facebook.com/527221941097903},open,35.71407466,-84.02143053,POINT(-84.02143053 35.71407466)
014a3f31-3dfa-4c3e-b338-203fe516e993,Marathon Gas,,gas_station,0.9655,"{Microsoft,Overture}",500 W Main St,Tazewell,VA,24651,2769884904,http://mymarathonstation.com/StoreHome/101493,,,,37.1144432,-81.5259603,POINT(-81.5259603 37.1144432)
014bf68f-3f12-4f2c-ae4c-59bc1f536081,Shell,Shell,gas_station,0.9199122190475464,"{meta,Overture,Overture-signals,Overture-signals,Overture-signals,Overture-signals,Overture-signals,Overture-signals,Overture-signals,Overture-signals,Overture-signals,Overture-signals}",301 N Whitley Dr,Fruitland,ID,83619-2433,+12084523835,https://find.shell.com/us/fuel/10007547-301-n-whitley-dr,,{https://www.facebook.com/1935834330035907},open,44.01332016,-116.92406999,POINT(-116.92406999 44.01332016)
014c37d0-a471-4bfd-9264-bf2424a713bc,Sunoco,,gas_station,0.77,"{Foursquare,Overture}",9747 Buchanan Hwy,Temple,GA,30179,(770) 456-8110,https://www.sunoco.com/find-a-station,,,,33.788568857958076,-84.98047238419815,POINT(-84.98047238419815 33.788568857958076)
014c73d6-1db4-49dd-a5a5-09730dc305b4,Exxon,,gas_station,0.9655,"{Microsoft,Overture}",2902 Magnolia St,Rayville,LA,71269,3187284956,https://www.exxon.com/en/find-station/exxon-rayville-la-starttravelplaza-200325373?utm_medium=referral&utm_source=yxt-bing&utm_campaign=us_fue_ret_xom_yxt,,,,32.480797971509446,-91.86105685268751,POINT(-91.86105685268751 32.480797971509446)
014d1342-97ed-486c-a564-3085cd1876eb,Marathon,,gas_station,0.77,"{Foursquare,Overture}",819 Highway 90,Gautier,MS,39553,(228) 497-9687,http://www.marathon.com,,,,30.385682915589005,-88.62387819038639,POINT(-88.62387819038639 30.385682915589005)
014d78de-daec-4c7b-8675-217041f760dd,Marathon Gas,,gas_station,0.85,"{Microsoft,Overture}",2377 3rd St,Syracuse,OH,45779,7409926542,http://mymarathonstation.com/StoreHome/78774,,,,38.9995901,-81.9787037,POINT(-81.9787037 38.9995901)
014f46b6-50be-4122-b9c5-9a266071c3a1,Shell,,gas_station,0.9931,"{Microsoft,Overture}",2111 Ventura St,Fresno,CA,93721,5594983685,https://find.shell.com/us/fuel/12882066-2111-ventura-st/en_US,,,,36.731051,-119.784671,POINT(-119.784671 36.731051)
014fcfe0-b05f-43fb-be56-83fbebf37c58,Marathon,,gas_station,0.9199122190475464,"{meta,Overture,Overture-signals,Overture-signals,Overture-signals,Overture-signals,Overture-signals,Overture-signals,Overture-signals,Overture-signals,Overture-signals,Overture-signals}",1631 W Liberty Rd,Sykesville,MD,21784-9345,+14108759533,http://www.marathon.com,,{https://www.facebook.com/331248277520552},open,39.44626939,-77.05535585,POINT(-77.05535585 39.44626939)
0150a781-1a64-4800-9b9c-59b0c6e61241,BP,,gas_station,0.85,"{Microsoft,Overture}",3001 W Germantown Pike,Norristown,PA,19403,6106300366,http://mybpstation.com/,,,,40.161831,-75.379964,POINT(-75.379964 40.161831)
0150aca4-da19-4f38-86e3-6cb912ab03fa,Lodi Citgo,,gas_station,0.9199122190475464,"{Foursquare,Overture,Overture-signals,Overture-signals,Overture-signals,Overture-signals,Overture-signals,Overture-signals,Overture-signals,Overture-signals,Overture-signals,Overture-signals}",366 Essex St,Lodi,NJ,07644,(201) 843-3575,http://citgo.com,,,open,40.887219,-74.065061,POINT(-74.065061 40.887219)
0150d233-2550-446d-87ff-093f27e29d59,Chevron,Chevron,gas_station,0.9199122190475464,"{meta,Overture,Overture-signals,Overture-signals,Overture-signals,Overture-signals,Overture-signals,Overture-signals,Overture-signals,Overture-signals,Overture-signals,Overture-signals}",7001 China Spring Rd,Waco,TX,76708-5640,+12547543401,http://www.chevron.com/,lubetek@chevron.com,{https://www.facebook.com/635165953219476},open,31.60857117,-97.2005533,POINT(-97.2005533 31.60857117)
015133a2-9536-4cb6-9634-6e5280e73bf9,"Pilot Truckstop, Lake Havasu",,gas_station,0.9722161889076233,"{meta,Overture,Overture-signals,Overture-signals,Overture-signals,Overture-signals,Overture-signals}",14750 S Highway 95,Lake Havasu City,AZ,86404,+19284838883,,,{https://www.facebook.com/143200905736808},open,34.728291,-114.315563,POINT(-114.315563 34.728291)
0151b7f8-dbd0-446d-88f1-31c8f8b8c7c3,Mike's Fuel & Food Mart,,gas_station,0.9199122190475464,"{meta,Overture,Overture-signals,Overture-signals,Overture-signals,Overture-signals,Overture-signals,Overture-signals,Overture-signals,Overture-signals,Overture-signals,Overture-signals}",1455 Trapelo Rd,Waltham,MA,02451-2215,+17818903669,http://www.exxonmobil.com/,,{https://www.facebook.com/240076932791734},open,42.41439233,-71.25298847,POINT(-71.25298847 42.41439233)
0152a07a-3bbb-4897-917d-a57d65466361,Phillips 66,,gas_station,0.9199122190475464,"{DAC,Overture,Overture-signals,Overture-signals,Overture-signals,Overture-signals,Overture-signals,Overture-signals,Overture-signals,Overture-signals,Overture-signals,Overture-signals}",121 Garfield St,Canton,OK,73724,+15808863206,https://www.phillips66gas.com/,,"{https://www.facebook.com/Phillips66Gas,https://www.instagram.com/phillips66gas/,https://www.twitter.com/Phillips66Gas,https://www.youtube.com/@Phillips66Co}",open,36.053665,-98.592271,POINT(-98.592271 36.053665)
0152c53e-c1cb-45af-9748-698f98a1371a,Murphy USA,,gas_station,0.9199122190475464,"{Microsoft,Overture,Overture-signals,Overture-signals,Overture-signals,Overture-signals,Overture-signals,Overture-signals,Overture-signals,Overture-signals,Overture-signals,Overture-signals}",500 E Fm 351,Beeville,TX,78102,3613620742,http://www.murphyusa.com/,,,open,28.42348164,-97.75460189,POINT(-97.75460189 28.42348164)
01538f83-31e8-4f3f-a966-ada7ed4d80d9,AmeriGas Propane,,gas_station,0.77,"{Foursquare,Overture}",1659 Us Hwy 45 N,Eagle River,WI,54521,(715) 479-7300,https://www.amerigas.com/locations/propane-offices/wisconsin/eagle-river/1659-us-highway-45-n,customerfirst@amerigas.com,"{https://www.twitter.com/amerigas,https://www.facebook.com/114822501861092}",,45.93274188888884,-89.25803570234629,POINT(-89.25803570234629 45.93274188888884)
015400a7-5aa2-4281-948d-9bd013fa558d,Hancock Union 76,,gas_station,0.9199122190475464,"{Foursquare,Overture,Overture-signals,Overture-signals,Overture-signals,Overture-signals,Overture-signals,Overture-signals,Overture-signals,Overture-signals,Overture-signals,Overture-signals}",13621 N Cleveland Ave,North Fort Myers,FL,33903,(239) 543-2069,http://www.76.com,,,open,26.663830356798137,-81.88748631190678,POINT(-81.88748631190678 26.663830356798137)
015405b3-1fe0-4827-a800-eb6d81f965c8,Superamerica,,gas_station,0.6896334290504456,"{meta,Overture}",1125 W 7th St,St Paul,MN,55102-3915,+16512211021,www.superamerica.com,jschultz@speedway.com,{https://www.facebook.com/1947761122203294},,44.924751,-93.131418,POINT(-93.131418 44.924751)
01550513-bd5c-4d89-9901-73d7511bd003,Shell,Shell,gas_station,0.9902192950248718,"{meta,Overture,Overture-signals,Overture-signals,Overture-signals,Overture-signals,Overture-signals,Overture-signals,Overture-signals,Overture-signals,Overture-signals,Overture-signals}",912 Danbury Rd,Wilton,CT,06897-4907,+12035448727,https://find.shell.com/us/fuel/10016347-912-danbury-rd,shellcustomercare@shell.com,{https://www.facebook.com/320737418379013},open,41.25598699,-73.43472621,POINT(-73.43472621 41.25598699)
01552d25-4dc0-4280-a6f6-ee0117a0e71f,SuperAmerica,,gas_station,0.9199122190475464,"{Foursquare,Overture,Overture-signals,Overture-signals,Overture-signals,Overture-signals,Overture-signals,Overture-signals,Overture-signals,Overture-signals,Overture-signals,Overture-signals}",15050 Galaxie Ave,Apple Valley,MN,55124,(952) 891-2945,http://superamerica.com,,,open,44.7310773934931,-93.20682098248417,POINT(-93.20682098248417 44.7310773934931)
015593e7-5683-48a4-9f37-4cd5e774e25f,Shell,Shell,gas_station,0.9199122190475464,"{meta,Overture,Overture-signals,Overture-signals,Overture-signals,Overture-signals,Overture-signals,Overture-signals,Overture-signals,Overture-signals,Overture-signals,Overture-signals}",704 W Interstate 20,Big Spring,TX,79720-0002,+14322644444,http://www.shell.us/,shellcustomercare@shell.com,{https://www.facebook.com/589048364901116},open,32.26458885,-101.49012859,POINT(-101.49012859 32.26458885)
0155f251-4575-4a68-9b9c-2637ae8c641f,Phillips 66,,gas_station,1,"{DAC,Overture}",24802 Hwy 124,Hamshire,TX,77622,+18005275476,https://www.phillips66gas.com/,,"{https://www.facebook.com/Phillips66Gas,https://www.instagram.com/phillips66gas/,https://www.twitter.com/Phillips66Gas,https://www.youtube.com/@Phillips66Co}",,29.85991,-94.30935,POINT(-94.30935 29.85991)
01565caf-c097-4d26-b611-cb3bf332c684,State Line Store,,gas_station,0.9199122190475464,"{meta,Overture,Overture-signals,Overture-signals,Overture-signals,Overture-signals,Overture-signals,Overture-signals,Overture-signals,Overture-signals,Overture-signals,Overture-signals}",3274 E Main St,Conway,NH,03813-4114,+16034476606,https://gas-stations.citgo.com/nh/center-conway/03813/3274-e-main-st,,{https://www.facebook.com/111687982218572},open,44.00031657,-70.99799656,POINT(-70.99799656 44.00031657)
01568b7a-ca87-4767-96c2-6832f48e439a,BP,,gas_station,0.85,"{Microsoft,Overture}",US Highway 12 215,Camp Douglas,WI,54618,6084273365,http://www.bp.com/,,,,43.923876,-90.273378,POINT(-90.273378 43.923876)
0156ad34-98d5-48a6-907b-b481d0811188,Cenex,,gas_station,0.9199122190475464,"{Microsoft,Overture,Overture-signals,Overture-signals,Overture-signals,Overture-signals,Overture-signals,Overture-signals,Overture-signals,Overture-signals,Overture-signals,Overture-signals}",2612 Mn-73,Hibbing,MN,55746,3208945765,https://www.cenex.com/,,,open,47.30549,-93.02212,POINT(-93.02212 47.30549)
0156ae47-64fc-4242-a4e9-42fbc17cb0cd,Marathon Gas,,gas_station,0.9199122190475464,"{Microsoft,Overture,Overture-signals,Overture-signals,Overture-signals,Overture-signals,Overture-signals,Overture-signals,Overture-signals,Overture-signals,Overture-signals,Overture-signals}",114 N Meridian St,Sunman,IN,47041,8126232297,http://mymarathonstation.com/StoreHome/139212,,,open,39.2373308,-85.0945416,POINT(-85.0945416 39.2373308)
0156eefb-c790-4c19-98a9-4e95b5dfb398,Little General,,gas_station,0.77,"{Foursquare,Overture}",Beckley Road,Princeton,WV,24740,(304) 425-5078,https://www.lgstoreswv.com,,,,37.401668,-81.140458,POINT(-81.140458 37.401668)
01571c27-7a75-4beb-a2c5-32ec12b9ea53,TA EXPRESS TONKAWA,Gulf,gas_station,0.8,"{AllThePlaces,Overture}",,Tonkawa,OK,74653,,https://www.gulfinc.com/ta-express-tonkawa,,,,36.695463,-97.317911,POINT(-97.317911 36.695463)
01575656-c052-4407-a952-236084967c2f,Shell,Shell,gas_station,0.9199122190475464,"{meta,Overture,Overture-signals,Overture-signals,Overture-signals,Overture-signals,Overture-signals,Overture-signals,Overture-signals,Overture-signals,Overture-signals,Overture-signals}",841 W Morton Ave,Jacksonville,IL,62650-3144,+12172437271,https://find.shell.com/us/fuel/10071618-841-w-morton-ave,shellcustomercare@shell.com,{https://www.facebook.com/255018181668195},open,39.7229791,-90.24061697,POINT(-90.24061697 39.7229791)
0157d1f5-37a3-4759-90af-97e6792d6341,Exxon,Exxon & Mobil Stations,gas_station,0.99964603048563,"{meta,Overture}",6350 Georgia Ave NW,Washington,DC,20011-1119,+12027239379,https://www.exxon.com/en,,{https://www.facebook.com/2337323303223685},,38.96700228,-77.02766195,POINT(-77.02766195 38.96700228)
01581e67-a6e4-4803-8e81-8ff8029b61df,Chevron,Chevron,gas_station,0.9199122190475464,"{AllThePlaces,Overture,Overture-signals,Overture-signals,Overture-signals,Overture-signals,Overture-signals,Overture-signals,Overture-signals,Overture-signals,Overture-signals,Overture-signals}",108 ADDISON,TWIN FALLS,ID,83301-5101,,https://www.chevronwithtechron.com/en_us/home/gas-station-near-me.html?/station/108-ADDISON-TWIN-FALLS-ID-83301-5101-id209134,,,open,42.563479,-114.4805663,POINT(-114.4805663 42.563479)
0158eb02-96fe-4f74-9858-5d7fc482a1fd,Mobil,,gas_station,0.85,"{Microsoft,Overture}",264 New Brunswick Avenue,Perth Amboy,NJ,08861,9733661772,https://locations.exxon.com/nj/perth-amboy/264-new-brunswick-avenue?utm_medium=referral&utm_source=yxt-bing&utm_campaign=us_fue_ret_xom_yxt,,,,40.51351728100365,-74.2726099320958,POINT(-74.2726099320958 40.51351728100365)
015a0140-4ce8-45ab-b217-fe866b0b893a,Exxon,,gas_station,0.77,"{Foursquare,Overture}",115 Legacy Park Way,Springville,AL,35146,(205) 467-0208,http://www.exxon.com,,{https://www.facebook.com/588577677941809},,33.77213841963122,-86.47448959297436,POINT(-86.47448959297436 33.77213841963122)
015a4008-0920-409c-91ab-8ddaab4c2fbf,Valero,,gas_station,0.9902192950248718,"{Foursquare,Overture,Overture-signals,Overture-signals,Overture-signals,Overture-signals,Overture-signals,Overture-signals,Overture-signals,Overture-signals,Overture-signals,Overture-signals}",1050 N Lauderdale Ave,North Lauderdale,FL,33068,(954) 718-1119,http://www.valero.com,,,open,26.215404858782378,-80.23613599344186,POINT(-80.23613599344186 26.215404858782378)
015a9431-3723-493e-91c3-4c49c3ae8975,Mobil,Exxon & Mobil Stations,gas_station,0.9199122190475464,"{meta,Overture,Overture-signals,Overture-signals,Overture-signals,Overture-signals,Overture-signals,Overture-signals,Overture-signals,Overture-signals,Overture-signals,Overture-signals}",6444 Olean Rd,South Wales,NY,14139-9701,+17166527233,https://www.exxon.com/en/find-station/200317924,,{https://www.facebook.com/272663656241291},open,42.70900968,-78.57755586,POINT(-78.57755586 42.70900968)
015ab947-ebe4-459f-b5d1-32f0962df0ff,76,,gas_station,0.9199122190475464,"{DAC,Overture,Overture-signals,Overture-signals,Overture-signals,Overture-signals,Overture-signals,Overture-signals,Overture-signals,Overture-signals,Overture-signals,Overture-signals}",1101 California Ln,Arlington,TX,76015,+16822763540,https://www.76.com/,,"{https://www.facebook.com/76gas/,https://www.instagram.com/76/,https://www.twitter.com/76,https://www.youtube.com/@Phillips66Co}",open,32.699553,-97.122913,POINT(-97.122913 32.699553)
015b0f9a-78fd-479a-9e61-598b524afd67,Chevron Station Prairie City,,gas_station,0.9199122190475464,"{Microsoft,Overture,Overture-signals,Overture-signals,Overture-signals,Overture-signals,Overture-signals,Overture-signals,Overture-signals,Overture-signals,Overture-signals,Overture-signals}",114 NE Front St,Prairie City,OR,97869,5412763361,"",,,open,44.4629354,-118.7091104,POINT(-118.7091104 44.4629354)
015b19e7-9080-4424-9bed-654226942a82,Murphy USA,,gas_station,0.9655,"{Microsoft,Overture}",185 Outer Loop,Louisville,KY,40214,5023649150,http://www.murphyusa.com/,,,,38.12756210000001,-85.7788282,POINT(-85.7788282 38.12756210000001)
015c2bbb-b753-46f6-b862-7953a38314b0,Ohio Gas,,gas_station,0.9902192950248718,"{meta,Overture,Overture-signals,Overture-signals,Overture-signals,Overture-signals,Overture-signals,Overture-signals,Overture-signals,Overture-signals,Overture-signals,Overture-signals}",1972 Noble Rd,East Cleveland,OH,44112-1722,+12166810010,,,{https://www.facebook.com/169903866384343},open,41.54035984,-81.56345139,POINT(-81.56345139 41.54035984)
015c64f0-6dc0-45c8-ab2c-6c91fe70f118,Phillips 66,,gas_station,0.9199122190475464,"{DAC,Overture,Overture-signals,Overture-signals,Overture-signals,Overture-signals,Overture-signals,Overture-signals,Overture-signals,Overture-signals,Overture-signals,Overture-signals}",12671 Antioch Rd,Overland Park,KS,66213,+19138143770,https://www.phillips66gas.com/,,"{https://www.facebook.com/Phillips66Gas,https://www.instagram.com/phillips66gas/,https://www.twitter.com/Phillips66Gas,https://www.youtube.com/@Phillips66Co}",open,38.898774,-94.68605,POINT(-94.68605 38.898774)
015eb149-8b13-4e36-ab68-c852024ea76c,RaceTrac,,gas_station,0.77,"{Foursquare,Overture}",4911 South Cooper St.,Arlington,TX,76017,(817) 468-1226,http://www.racetrac.com,,{https://www.twitter.com/racetrac},,32.666721,-97.133334,POINT(-97.133334 32.666721)
015ee160-1172-4e4a-a55d-d664a959425b,Phillips 66,,gas_station,0.9199122190475464,"{DAC,Overture,Overture-signals,Overture-signals,Overture-signals,Overture-signals,Overture-signals,Overture-signals,Overture-signals,Overture-signals,Overture-signals,Overture-signals}",3161 Ashby Rd,Saint Ann,MO,63074,+13144275996,https://www.phillips66gas.com/,,"{https://www.facebook.com/Phillips66Gas,https://www.instagram.com/phillips66gas/,https://www.twitter.com/Phillips66Gas,https://www.youtube.com/@Phillips66Co}",open,38.714812,-90.388862,POINT(-90.388862 38.714812)
015f7fec-f98e-421f-a12a-e26b23cdc05d,Kroger Fuel Center,,gas_station,0.9831017198562622,"{Microsoft,Overture,Overture-signals,Overture-signals,Overture-signals,Overture-signals}",4613 Marburg Ave,Cincinnati,OH,45209,5137825101,https://www.kroger.com/d/fuel-points-program?cid=loc_01400465F_bg,,,open,39.15963019934271,-84.42544430494308,POINT(-84.42544430494308 39.15963019934271)
0161b87b-1124-4c32-93ec-3a7caa9b73f0,CITGO,,gas_station,0.9199122190475464,"{Foursquare,Overture,Overture-signals,Overture-signals,Overture-signals,Overture-signals,Overture-signals,Overture-signals,Overture-signals,Overture-signals,Overture-signals,Overture-signals}",7001 Lott Rd,Semmes,AL,36575,(251) 767-9814,http://www.citgo.com,info@citgo.com,,open,30.837309,-88.2713,POINT(-88.2713 30.837309)
0161dd7a-098d-46e7-973e-227982eb6fa7,Sunoco,Sunoco,gas_station,0.9199122190475464,"{meta,Overture,Overture-signals,Overture-signals,Overture-signals,Overture-signals,Overture-signals,Overture-signals,Overture-signals,Overture-signals,Overture-signals,Overture-signals}",285 Christiana Rd,New Castle,DE,19720-2907,+13023259830,http://www.sunoco.com,customerfirst@sunocoinc.com,{https://www.facebook.com/158767707517069},open,39.66268241,-75.63828334,POINT(-75.63828334 39.66268241)
0161e2f9-658c-4e04-a455-0667b14eed98,Love's Travel Stop,,gas_station,0.77,"{Foursquare,Overture}",2252 E Kartchner St,Pasco,WA,99301,(509) 412-6432,https://www.loves.com,store811@loves.com,,,46.264887202931,-119.09147889396026,POINT(-119.09147889396026 46.264887202931)
01623b12-36e1-493d-8eac-0f7e133030cb,Southwest Propane LLC,,gas_station,0.77,"{Foursquare,Overture}",2502 U.S.Rt.66,Moriarty,NM,87035,(505) 407-2260,https://southwestpropane.org,,,,35.357958702807835,-106.35938823223114,POINT(-106.35938823223114 35.357958702807835)
0163b3e3-c957-4675-814b-3a7bc5a18b77,Citgo,,gas_station,0.77,"{Foursquare,Overture}",22 West,Somerville,NJ,08876,(908) 534-0308,http://www.citgo.com/Home.jsp,,{https://www.facebook.com/138631229513868},,40.6128412125112,-74.72499718739179,POINT(-74.72499718739179 40.6128412125112)
0164023f-6f21-4944-afea-c395034db0a8,Lakes Gas,,gas_station,0.9199122190475464,"{Microsoft,Overture,Overture-signals,Overture-signals,Overture-signals,Overture-signals,Overture-signals,Overture-signals,Overture-signals,Overture-signals,Overture-signals,Overture-signals}",E286 Highway 54,Luxemburg,WI,54217,9208455550,https://www.lakesgas.com/locations/luxemburg-wisconsin/,,,open,44.5453628,-87.755471,POINT(-87.755471 44.5453628)
0164907f-11d9-43e5-a2e5-54ac20deafe5,BP,,gas_station,0.9199122190475464,"{Microsoft,Overture,Overture-signals,Overture-signals,Overture-signals,Overture-signals,Overture-signals,Overture-signals,Overture-signals,Overture-signals,Overture-signals,Overture-signals}",2015 S Mount Zion Rd,Decatur,IL,62521,2178642919,http://mybpstation.com/,,,open,39.817923,-88.878218,POINT(-88.878218 39.817923)
0164b55a-8912-4f41-b2ef-3c3880ff4890,Philly Fuels Inc,,gas_station,0.9199122190475464,"{meta,Overture,Overture-signals,Overture-signals,Overture-signals,Overture-signals,Overture-signals,Overture-signals,Overture-signals,Overture-signals,Overture-signals,Overture-signals}",5 US Route 11,Philadelphia,NY,13673-3201,+13156425562,http://www.phillyfuelsny.com/,office@phillyfuelsinc.com,{https://www.facebook.com/338085098581},open,44.15964636,-75.70490141,POINT(-75.70490141 44.15964636)
01655df2-75d2-40c1-8301-6ae22df0631d,REV Biodiesel,,gas_station,0.33278927206993103,"{meta,Overture}",1980 W Commerce Ave,Gilbert,AZ,85233-4000,+14803984888,http://www.revbiodiesel.com/,,{https://www.facebook.com/137675969627040},,33.35857443927668,-111.83204138510433,POINT(-111.83204138510433 33.35857443927668)
01657aaf-55cf-4d46-baff-a99bb1a9d160,Citgo,,gas_station,0.9902192950248718,"{meta,Overture,Overture-signals,Overture-signals,Overture-signals,Overture-signals,Overture-signals,Overture-signals,Overture-signals,Overture-signals,Overture-signals,Overture-signals}",1885 Jonesboro Rd SE,Atlanta,GA,30315-5336,+14046275486,http://www.citgo.com,,{https://www.facebook.com/166989550638113},open,33.70302268,-84.37678022,POINT(-84.37678022 33.70302268)
0167bda5-f2cc-4c35-9cfb-9019925641b4,Chevron,,gas_station,0.77,"{Foursquare,Overture}",12499 Highway 27,Summerville,GA,30747,(404) 574-8056,http://www.chevron.com/,tlrich43@hotmail.com,"{https://www.twitter.com/chevron,https://www.instagram.com/chevron}",,34.5106095972762,-85.32225200445005,POINT(-85.32225200445005 34.5106095972762)
0169a2c0-937a-486f-86b9-fb582d91d060,Citgo,Citgo,gas_station,0.9920202666521072,"{meta,Overture}",1701 Scott Blvd,Decatur,GA,30033-5610,+14046349942,http://www.citgo.com/,,{https://www.facebook.com/1967313630235260},,33.79728133,-84.28348443,POINT(-84.28348443 33.79728133)
0169e53c-b6bd-4082-acd9-9765046944b8,USA Gasoline,,gas_station,0.668030321598053,"{meta,Overture,Overture-signals,Overture-signals,Overture-signals}",470 Tyee Dr,Point Roberts,WA,98281,+13609451519,,,{https://www.facebook.com/180274418687066},open,48.9849627,-123.06702703,POINT(-123.06702703 48.9849627)
016a26ca-f7a9-4b4e-b0bc-4b5b7a1374ba,Shell,,gas_station,0.9199122190475464,"{Foursquare,Overture,Overture-signals,Overture-signals,Overture-signals,Overture-signals,Overture-signals,Overture-signals,Overture-signals,Overture-signals,Overture-signals,Overture-signals}",15428 Warwick Blvd,Newport News,VA,23608,(757) 877-9701,https://find.shell.com/us/fuel/10013202-15428-warwick-blvd,shellcustomercare@shell.com,"{https://www.twitter.com/Shell_US,https://www.facebook.com/200969413280005}",open,37.15082766237629,-76.55286533216852,POINT(-76.55286533216852 37.15082766237629)
016b2234-24d0-40b6-b763-c343dc938160,Kangaroo Express,,gas_station,0.9655,"{Microsoft,Overture}",3215 S Hickory St,Loxley,AL,36551,2519645600,http://kangarooexpress.com/storehome/1560,,,,30.6180141001627,-87.752693411347,POINT(-87.752693411347 30.6180141001627)
016b58d0-6dec-486a-82d4-3cfcd3f61996,BP,bp,gas_station,0.9999469236969948,"{meta,Overture}",5311 Camden Hwy,Bishopville,SC,29010-7285,+18034286234,https://map.bp.com/en-US/US/gas-station/bishopville/bp/26966868293112901000100000000000,bpconsumer@bp.com,{https://www.facebook.com/127706795477585},,34.21717432,-80.42309805,POINT(-80.42309805 34.21717432)
016ba69c-33ff-4e4f-adbb-c99429716637,Valero,Valero Energy,gas_station,0.9553236681222915,"{meta,Overture}",5130 N TX-1604-LOOP E,San Antonio,TX,78247-5929,+12106504403,https://locations.valero.com/en-us/LocationDetails/Index/5130-N-LOOP-1604-E/0000021052,webmaster@valero.com,{https://www.facebook.com/285726238208229},,29.60147641,-98.38760093,POINT(-98.38760093 29.60147641)
016c98f6-cd3a-49bd-9569-b440476c8583,BP,bp,gas_station,0.9999300508499146,"{meta,Overture}",110 W 5th St,Canton,SD,57013-1744,+16057645780,https://map.bp.com/en-US/US/gas-station/canton/bp/27646182431105701300100000000000,bpconsumer@bp.com,{https://www.facebook.com/525995467751045},,43.30096571,-96.59321842,POINT(-96.59321842 43.30096571)
016cf938-78a6-4f99-a943-f402d3c0a90c,Jim and Judy's,,gas_station,0.9199122190475464,"{meta,Overture,Overture-signals,Overture-signals,Overture-signals,Overture-signals,Overture-signals,Overture-signals,Overture-signals,Overture-signals,Overture-signals,Overture-signals}",12321 MN-29 N,Alexandria,MN,56308-8077,+13208527604,,,{https://www.facebook.com/290099184968704},open,46.02041288,-95.31236132,POINT(-95.31236132 46.02041288)
016d6aae-3562-4a08-8ae7-91afe597b3c6,Shell,Shell,gas_station,0.8,"{AllThePlaces,Overture}",2403 S FEDERAL HWY,BOYNTON BEACH,FL,33435-7719,,https://find.shell.com/us/fuel/13278832-2403-s-federal-hwy,,,,26.50712,-80.05995,POINT(-80.05995 26.50712)
016dd842-f59c-4ed0-90bc-1edd5aea4252,Alon,,gas_station,0.9902192950248718,"{Microsoft,Overture,Overture-signals,Overture-signals,Overture-signals,Overture-signals,Overture-signals,Overture-signals,Overture-signals,Overture-signals,Overture-signals,Overture-signals}",4525 E University Blvd,Odessa,TX,79762,4323689870,http://myalon.com/,,,open,31.8790796,-102.3315512,POINT(-102.3315512 31.8790796)
016eaf87-cee2-457e-afff-ad942d480772,Citgo,,gas_station,0.9199122190475464,"{Foursquare,Overture,Overture-signals,Overture-signals,Overture-signals,Overture-signals,Overture-signals,Overture-signals,Overture-signals,Overture-signals,Overture-signals,Overture-signals}",1305 Paul W Bryant Dr,Tuscaloosa,AL,35401,(205) 556-4943,http://gas-stations.citgo.com,,{https://www.facebook.com/584248151670849},open,33.206236895890214,-87.55469555428971,POINT(-87.55469555428971 33.206236895890214)
016ed2c7-389d-4211-86ca-2014382f794b,Amoco,,gas_station,0.4464118480682373,"{meta,Overture}",2595 Ogden Ave,Aurora,IL,60504-9103,+16308518124,https://www.bp.com/en_us/united-states/home/products-and-services/our-brands/amoco.html,,{https://www.facebook.com/100509613342722},,41.737526,-88.251762,POINT(-88.251762 41.737526)
016fbcba-879b-47c4-964c-5687fb8352f9,Chevron,,gas_station,0.9199122190475464,"{Foursquare,Overture,Overture-signals,Overture-signals,Overture-signals,Overture-signals,Overture-signals,Overture-signals,Overture-signals,Overture-signals,Overture-signals,Overture-signals}",1419 N Jackrabbit Trl,Buckeye,AZ,85396,(623) 853-0187,http://www.Chevron.com,,"{https://www.twitter.com/chevron,https://www.facebook.com/431744650466,https://www.instagram.com/chevron}",open,33.463660315303414,-112.47813590458854,POINT(-112.47813590458854 33.463660315303414)
016fd5fb-cad4-4f2d-b9d1-f650bc69d19f,Mobil,Exxon & Mobil Stations,gas_station,0.9996413378715515,"{meta,Overture}",275 E Route 59,Nanuet,NY,10954-2935,+18456236285,https://www.exxon.com/en,,{https://www.facebook.com/465701247523739},,41.09250148,-74.0003404,POINT(-74.0003404 41.09250148)
0170300c-1f49-4e7c-9817-3c8cba55adc7,California Stop 1,,gas_station,0.9199122190475464,"{meta,Overture,Overture-signals,Overture-signals,Overture-signals,Overture-signals,Overture-signals,Overture-signals,Overture-signals,Overture-signals,Overture-signals,Overture-signals}",1920 W Madison Ave,Bastrop,LA,71220-4147,+13182818958,http://citgo.com,,{https://www.facebook.com/140829222621006},open,32.7748001,-91.9372824,POINT(-91.9372824 32.7748001)
0170e810-2ea0-41bf-96b9-291ad0047c2e,Circle K | Gas Station,,gas_station,1,"{DAC,Overture}",3400 S Jackson Rd McAllen,McAllen,TX,78503,+19564529858,https://www.circlek.com,,,,26.168809,-98.209783,POINT(-98.209783 26.168809)
017386c0-e6f1-49fa-9e1e-39a65aa15a4d,Big Tim's Fuel,,gas_station,0.7309104204177856,"{meta,Overture}",3113 Highway 148,Ruston,LA,71270-8649,+13182452223,,,{https://www.facebook.com/269294669811177},,32.3917007,-92.5948715,POINT(-92.5948715 32.3917007)
0174745f-89c1-4e61-9f4b-c94ad1e0c3f6,Blue Star Gas,,gas_station,0.6496880054473877,"{meta,Overture}",3700 Spring Hill Rd,Mt Shasta,CA,96067-9507,+15309265862,,,{https://www.facebook.com/123384084386480},,41.3531,-122.34944,POINT(-122.34944 41.3531)
01747e64-27b5-4ce0-951b-99227a872c43,Sunoco Gas Station,Sunoco,gas_station,0.9199122190475464,"{meta,Overture,Overture-signals,Overture-signals,Overture-signals,Overture-signals,Overture-signals,Overture-signals,Overture-signals,Overture-signals,Overture-signals,Overture-signals}",408 E Main St,Adamsville,TN,38310-2446,+17316329251,http://www.sunoco.com,,{https://www.facebook.com/108547065370574},open,35.23502369,-88.38187333,POINT(-88.38187333 35.23502369)
0175f502-a479-4571-a522-5b16807db298,Pemex,,gas_station,0.9199122190475464,"{meta,Overture,Overture-signals,Overture-signals,Overture-signals,Overture-signals,Overture-signals,Overture-signals,Overture-signals,Overture-signals,Overture-signals,Overture-signals}",4701 Spencer Hwy,Pasadena,TX,77505-1501,+12814877900,http://www.pemex.com/en,,{https://www.facebook.com/794832583962412},open,29.6656126,-95.1719649,POINT(-95.1719649 29.6656126)
0176314c-8daf-46f4-8701-74ac40fe519d,Shell,,gas_station,0.97,"{Microsoft,Overture}",6635 75,Pinson,AL,35126,2056805184,https://find.shell.com/us/fuel/12793024-6635-highway-75/en_US,,,,33.696553,-86.679796,POINT(-86.679796 33.696553)
017636a7-60f1-4543-ac5d-26db7993eddc,Shell,Shell,gas_station,0.9199122190475464,"{meta,Overture,Overture-signals,Overture-signals,Overture-signals,Overture-signals,Overture-signals,Overture-signals,Overture-signals,Overture-signals,Overture-signals,Overture-signals}",1712 Easley Hwy,Pelzer,SC,29669-9170,+18649479977,http://www.shell.com/,shellcustomercare@shell.com,{https://www.facebook.com/1747558085512250},open,34.67426084,-82.5348462,POINT(-82.5348462 34.67426084)
0176581e-5349-4e88-96d7-af4d6839b4a7,Conoco,,gas_station,1,"{DAC,Overture,Overture-signals,Overture-signals,Overture-signals}",2320 W Willow Rd,Enid,OK,73703,+15807014200,https://www.conoco.com/,,"{https://www.facebook.com/conoco/,https://www.instagram.com/conoco/,https://www.twitter.com/Conoco,https://www.youtube.com/@Phillips66Co}",open,36.420102,-97.90776,POINT(-97.90776 36.420102)
01765ddb-be58-4e6f-859f-2aa012ae8dca,QUICK CONVENIENCE,76,gas_station,0.8,"{AllThePlaces,Overture,Overture-signals,Overture-signals,Overture-signals}",6705 W BELL RD,GLENDALE,AZ,85308,,,,,open,33.637806,-112.203554,POINT(-112.203554 33.637806)
01768900-30b7-4dc2-a2eb-7690f326b921,ARCO,,gas_station,0.85,"{Microsoft,Overture}",3680 San Fernando Rd,Glendale,CA,91204,8182405803,https://www.arco.com/en-us/southwest/find-a-station/,,,,34.123333,-118.25411,POINT(-118.25411 34.123333)
0176ec8c-4494-4cc5-aa59-b2a77c95c155,Gulf,,gas_station,0.9902192950248718,"{Foursquare,Overture,Overture-signals,Overture-signals,Overture-signals,Overture-signals,Overture-signals,Overture-signals,Overture-signals,Overture-signals,Overture-signals,Overture-signals}",360 Seymour Ave,Derby,CT,06418,(203) 308-2357,https://www.gulfoil.com,ask_gulf@gulfoil.com,,open,41.33772129524913,-73.09046958514489,POINT(-73.09046958514489 41.33772129524913)
017736d8-bc7b-49d6-8e12-44ffe2ad8ae5,ALON,Alon,gas_station,0.9199122190475464,"{meta,Overture,Overture-signals,Overture-signals,Overture-signals,Overture-signals,Overture-signals,Overture-signals,Overture-signals,Overture-signals,Overture-signals,Overture-signals}",1725 W Park Row Dr,Arlington,TX,76013-3504,+18179620670,https://alonfuel.com/stations/alon-gas-station-1602-1725-w-park-row-arlington-tx-76013/,,{https://www.facebook.com/175718866471922},open,32.72128854,-97.13437159,POINT(-97.13437159 32.72128854)
01777a7b-8fa6-451f-92e2-0739fbbe8845,Valero,Valero,gas_station,0.569185733795166,"{meta,Overture}",5810 Broadway,Baltimore,MD,,+13032987352,http://www.valero.com/,,{https://www.facebook.com/542286565888217},,39.29208,-76.59399,POINT(-76.59399 39.29208)
01779d02-1873-47c8-9818-f3f7d70d270e,Harris Teeter Fuel Center,,gas_station,0.9902192950248718,"{Microsoft,Overture,Overture-signals,Overture-signals,Overture-signals,Overture-signals,Overture-signals,Overture-signals,Overture-signals,Overture-signals,Overture-signals,Overture-signals}",3535 Bridge Rd,Suffolk,VA,23435,7577745730,https://www.harristeeter.com/d/fuel-points-program?cid=loc_09700463F_bg,,,open,36.8622195,-76.4687925,POINT(-76.4687925 36.8622195)
0178bd58-d19b-4c3e-bf31-082b4b138ee9,Valero,,gas_station,0.9199122190475464,"{Foursquare,Overture,Overture-signals,Overture-signals,Overture-signals,Overture-signals,Overture-signals,Overture-signals,Overture-signals,Overture-signals,Overture-signals,Overture-signals}",38 N Canal St,Oxford,NY,13830,(607) 843-7941,http://www.valero.com,,,open,42.44523738284265,-75.59350513036598,POINT(-75.59350513036598 42.44523738284265)
0178e886-51f9-422e-8a90-a41c8d77faa3,Pilot Licensed Location,,gas_station,0.9912117171287537,"{Microsoft,Overture}",3444 S. 40th St.,Phoenix,AZ,85040,6026014868,https://locations.pilotflyingj.com/us/az/phoenix/3444-s.-40th-st.,,,,33.414853,-111.995815,POINT(-111.995815 33.414853)
017964b0-7b22-433c-ad19-5e081ca8652f,Marathon,,gas_station,0.9199122190475464,"{meta,Overture,Overture-signals,Overture-signals,Overture-signals,Overture-signals,Overture-signals,Overture-signals,Overture-signals,Overture-signals,Overture-signals,Overture-signals}",6811 Gratiot Ave,Detroit,MI,48207-1974,+13139224225,http://www.marathon.com,,{https://www.facebook.com/270280036322797},open,42.37029228,-83.02074268,POINT(-83.02074268 42.37029228)
01799910-4890-4b22-9327-96cf6a805816,Shell,Shell,gas_station,0.9902192950248718,"{meta,Overture,Overture-signals,Overture-signals,Overture-signals,Overture-signals,Overture-signals,Overture-signals,Overture-signals,Overture-signals,Overture-signals,Overture-signals}",2230 W 68th St,Hialeah,FL,33016-1886,+13053621602,https://find.shell.com/us/fuel/10008700-2230-w-68th-st,shellcustomercare@shell.com,{https://www.facebook.com/321090891650709},open,25.8838127,-80.32828117,POINT(-80.32828117 25.8838127)
0179f182-d28a-404d-9b83-d36ea6602983,Chevron,Chevron,gas_station,0.9995986725091934,"{meta,Overture}",101 Main St,Trinidad,CA,95570-9526,+17076770210,https://www.chevronwithtechron.com/en_us/home/find-a-station.html?/station/101-MAIN-ST-TRINIDAD-CA-95570-9526-id91728,comment@chevron.com,{https://www.facebook.com/356990558157297},,41.06180235,-124.14052397,POINT(-124.14052397 41.06180235)
017aa366-f58f-458c-abf3-26864ae887b1,BP,,gas_station,0.9199122190475464,"{Foursquare,Overture,Overture-signals,Overture-signals,Overture-signals,Overture-signals,Overture-signals,Overture-signals,Overture-signals,Overture-signals,Overture-signals,Overture-signals}",31667 N US HIGHWAY 12,VOLO,IL,60073,(815) 363-7732,http://www.bp.com,,"{https://www.twitter.com/bp_america,https://www.instagram.com/bp_plc}",open,42.32345,-88.16452,POINT(-88.16452 42.32345)
017aeb79-66b7-4aa7-bbf0-07b081968933,Marathon Gas,,gas_station,0.9199122190475464,"{meta,Overture,Overture-signals,Overture-signals,Overture-signals,Overture-signals,Overture-signals,Overture-signals,Overture-signals,Overture-signals,Overture-signals,Overture-signals}",65615 State Road 15,Goshen,IN,46526-5455,+15745341189,http://www.marathon.com/,,{https://www.facebook.com/286062691554002},open,41.54285919,-85.82837847,POINT(-85.82837847 41.54285919)
017bcc09-6e54-4d09-ae3e-76bfe8e19b59,Conoco,,gas_station,0.9199122190475464,"{DAC,Overture,Overture-signals,Overture-signals,Overture-signals,Overture-signals,Overture-signals,Overture-signals,Overture-signals,Overture-signals,Overture-signals,Overture-signals}",2067 Palmer Ave,Larchmont,NY,10538,+19148333500,https://www.conoco.com/,,"{https://www.facebook.com/conoco/,https://www.instagram.com/conoco/,https://www.twitter.com/Conoco,https://www.youtube.com/@Phillips66Co}",open,40.929577,-73.763333,POINT(-73.763333 40.929577)
017c29b3-8116-4772-9ee4-1ac77ce5beda,Shell,Shell,gas_station,0.9902192950248718,"{meta,Overture,Overture-signals,Overture-signals,Overture-signals,Overture-signals,Overture-signals,Overture-signals,Overture-signals,Overture-signals,Overture-signals,Overture-signals}",3801 Sepulveda Blvd,Culver City,CA,90230-4605,+13103988758,https://find.shell.com/us/fuel/10007855-3801-sepulveda-blvd,shellcustomercare@shell.com,{https://www.facebook.com/1933243790224435},open,34.01240907,-118.41727134,POINT(-118.41727134 34.01240907)
017cbd46-7db1-43f0-9dc4-4006cd6a17a7,Exxon,,gas_station,0.9199122190475464,"{meta,Overture,Overture-signals,Overture-signals,Overture-signals,Overture-signals,Overture-signals,Overture-signals,Overture-signals,Overture-signals,Overture-signals,Overture-signals}",14044 W Andrew Johnson Hwy,Bulls Gap,TN,37711-2578,+14232350047,https://www.exxon.com/en/find-station/200313503,,{https://www.facebook.com/137458843263675},open,36.22528758,-83.04546831,POINT(-83.04546831 36.22528758)
017ccba1-c9c0-4d45-8c94-88c33ba17f09,Cenex,Cenex,gas_station,0.6656503081321716,"{meta,Overture}",316 S State Highway 13,Stetsonville,WI,54480-9742,+17156782841,http://www.cenex.com/,,{https://www.facebook.com/231544220386370},,45.07441,-90.314706,POINT(-90.314706 45.07441)
017d2f76-6073-4676-8d19-cdc5e9bbfb80,Chevron,Chevron,gas_station,0.954,"{AllThePlaces,Overture}",1251 E FLETCHER AVE,TAMPA,FL,33612-3694,,https://www.chevronwithtechron.com/en_us/home/gas-station-near-me.html?/station/1251-E-FLETCHER-AVE-TAMPA-FL-33612-3694-id384138,,,,28.0689169,-82.4464444,POINT(-82.4464444 28.0689169)
017e0092-2529-4960-a526-1ea9d7288540,Gulf,,gas_station,0.9199122190475464,"{meta,Overture,Overture-signals,Overture-signals,Overture-signals,Overture-signals,Overture-signals,Overture-signals,Overture-signals,Overture-signals,Overture-signals,Overture-signals}",5312 W Broad St,Richmond,VA,23230-2628,+18042889341,http://gulfoil.com,,{https://www.facebook.com/120310864789024},open,37.587189,-77.499683,POINT(-77.499683 37.587189)
017e14a2-dac6-4f43-83ae-39e58f02075c,Shell,,gas_station,0.9199122190475464,"{Microsoft,Overture,Overture-signals,Overture-signals,Overture-signals,Overture-signals,Overture-signals,Overture-signals,Overture-signals,Overture-signals,Overture-signals,Overture-signals}",1404 E Pembroke Ave,Hampton,VA,23663,7573394149,https://find.shell.com/us/fuel/12758749-1404-e-pembroke-ave/en_US,,,open,37.03320244,-76.32147881,POINT(-76.32147881 37.03320244)
017e25fa-263c-453d-a388-e2359f3a052c,Chevron Station Lithonia,,gas_station,0.9902192950248718,"{Microsoft,Overture,Overture-signals,Overture-signals,Overture-signals,Overture-signals,Overture-signals,Overture-signals,Overture-signals,Overture-signals,Overture-signals,Overture-signals}",3316 Snapfinger Rd,Lithonia,GA,30038,6784188828,"",,,open,33.6851202,-84.2002752,POINT(-84.2002752 33.6851202)
017e2dda-aec7-4cab-917f-3515e70df35f,Phillips 66,,gas_station,0.85,"{Microsoft,Overture}",2403 N Columbia St,Plainview,TX,79072,8062931482,https://www.phillips66gas.com/?utm_source=Bing&utm_medium=local&utm_campaign=bing-local,,,,34.201563,-101.707284,POINT(-101.707284 34.201563)
017ebf19-a893-4822-b95d-0395fafeeeff,Shell,Shell,gas_station,0.9902192950248718,"{meta,Overture,Overture-signals,Overture-signals,Overture-signals,Overture-signals,Overture-signals,Overture-signals,Overture-signals,Overture-signals,Overture-signals,Overture-signals}",7100 Colerain Ave,Cincinnati,OH,45239-5302,+15137411100,http://www.colerain.org/department/police/,shellcustomercare@shell.com,{https://www.facebook.com/550726451731118},open,39.21151921,-84.58410731,POINT(-84.58410731 39.21151921)
017ed257-76f6-4119-80a6-8bd0294642f2,Citgo,,gas_station,0.77,"{Foursquare,Overture}",116 7th St,Parsons,WV,26287,(304) 478-3248,http://www.citgo.com,info@citgo.com,,,39.095325257549106,-79.6651076322656,POINT(-79.6651076322656 39.095325257549106)
017f9b56-bf2a-4541-bb1b-d4384c33c8a3,Circle K Gas Station,,gas_station,1,"{DAC,Overture}",1550 1st Avenue No.,Windom,MN,56101,+15078311576,https://www.circlek.com/us/holiday-station,,,,43.872883,-95.113773,POINT(-95.113773 43.872883)
017fb024-5c3e-42b1-95d6-144e733eedea,LAGRANGE CITGO,,gas_station,0.9199122190475464,"{Foursquare,Overture,Overture-signals,Overture-signals,Overture-signals,Overture-signals,Overture-signals,Overture-signals,Overture-signals,Overture-signals,Overture-signals,Overture-signals}",2 N Brainard Ave,La Grange,IL,60525,(708) 352-1399,http://gas-stations.citgo.com/il/la-grange/60525/2-N-Brainard-Avenue,info@citgo.com,{https://www.twitter.com/citgo},open,41.81436989189296,-87.87988880371586,POINT(-87.87988880371586 41.81436989189296)
01809b34-fb2d-4729-83de-ade1ff8247d2,BP,bp,gas_station,0.9199122190475464,"{meta,Overture,Overture-signals,Overture-signals,Overture-signals,Overture-signals,Overture-signals,Overture-signals,Overture-signals,Overture-signals,Overture-signals,Overture-signals}",612 E Vine St,Vienna,IL,62995-1616,+16186582693,https://map.bp.com/en-US/US/gas-station/vienna/bp/61113836576126299500100000000000,bpconsumer@bp.com,{https://www.facebook.com/1620451014643712},open,37.41613715,-88.87569926,POINT(-88.87569926 37.41613715)
0180e649-bf7d-42b7-afcc-84dc331e9beb,MFA Oil Petro-Card 24,,gas_station,0.9199122190475464,"{Microsoft,Overture,Overture-signals,Overture-signals,Overture-signals,Overture-signals,Overture-signals,Overture-signals,Overture-signals,Overture-signals,Overture-signals,Overture-signals}",13472 Highway 24,Lexington,MO,64067,6602593687,https://www.mfaoil.com/store/lexington-mo-mfa-oil-petro-card-24/,,,open,39.178808,-93.852897,POINT(-93.852897 39.178808)
0180f139-5b19-444f-a2ba-e094a7d9b33b,Bassett-Hyland Energy,,gas_station,0.9199122190475464,"{Foursquare,Overture,Overture-signals,Overture-signals,Overture-signals,Overture-signals,Overture-signals,Overture-signals,Overture-signals,Overture-signals,Overture-signals,Overture-signals}",127 NE Garden Valley Blvd,Roseburg,OR,97470,(541) 673-5536,http://chevronlubricants.com,bhecrsbg@uci.net,,open,43.2264815272573,-123.35456161554309,POINT(-123.35456161554309 43.2264815272573)
0181905c-3a27-47a5-bfc4-aae421960728,Shell,Shell,gas_station,0.9199122190475464,"{meta,Overture,Overture-signals,Overture-signals,Overture-signals,Overture-signals,Overture-signals,Overture-signals,Overture-signals,Overture-signals,Overture-signals,Overture-signals}",4932 Boston Harbor Rd NE,Olympia,WA,98506-1852,+13603524014,https://find.shell.com/us/fuel/10013037-4932-boston-harbor-rd-ne,shellcustomercare@shell.com,{https://www.facebook.com/474783006216410},open,47.10278121,-122.88285315,POINT(-122.88285315 47.10278121)
0181ecec-8483-4540-b29f-1fb5096830c3,Sinclair Gas Station,Sinclair Oil,gas_station,0.999865965616703,"{meta,Overture}",4678 W 1150 S,Ogden,UT,84404-8870,+18017316082,https://www.sinclairoil.com/?utm_source=facebook&utm_medium=yext,,{https://www.facebook.com/162996281047321},,41.24626049,-112.09232208,POINT(-112.09232208 41.24626049)
0182c398-f36d-4331-9a8a-d279d1bfd142,Energy Mart 10,,gas_station,0.77,"{Foursquare,Overture}",380 Long Shoals Rd,Asheville,NC,28704,(828) 654-0546,http://shell.com,,,,35.470295,-82.56597,POINT(-82.56597 35.470295)
0182cd90-d7e2-4553-9d00-776a83bbf3e1,Murphy USA,,gas_station,0.9655,"{Microsoft,Overture}","2050 S State Highway 78, Ste #100",Wylie,TX,75098,9725758872,http://www.murphyusa.com/,,,,33.0233551,-96.5118921,POINT(-96.5118921 33.0233551)
0182e6bd-dfbd-436e-b0ca-c76e60b6240d,Marathon,,gas_station,0.9902192950248718,"{meta,Overture,Overture-signals,Overture-signals,Overture-signals,Overture-signals,Overture-signals,Overture-signals,Overture-signals,Overture-signals,Overture-signals,Overture-signals}",811 W 8th St,Cincinnati,OH,45203-1601,+18664627284,http://www.marathon.com,empowered@marathonpetroleum.com,{https://www.facebook.com/189988528018070},open,39.10310032,-84.5289845,POINT(-84.5289845 39.10310032)
0183e3ed-06c0-45ae-a239-5a62b87adc77,Shell,,gas_station,0.77,"{Foursquare,Overture}",1911 US Highway 441 S,Dublin,GA,31021,(478) 274-1877,http://www.shell.us/motorist/shell-station-locator-and-route-planner.html?id=10004091&modeselected=true,,{https://www.twitter.com/Shell_US},,32.51086444553717,-82.92390284184567,POINT(-82.92390284184567 32.51086444553717)
0183e424-044a-41e0-afd7-ae5dc83e9303,Citgo,Citgo,gas_station,0.9199122190475464,"{meta,Overture,Overture-signals,Overture-signals,Overture-signals,Overture-signals,Overture-signals,Overture-signals,Overture-signals,Overture-signals,Overture-signals,Overture-signals}",1430 Wilson Rd,Rossville,GA,30741-2159,+17068612053,http://www.citgo.com/,,{https://www.facebook.com/261587014186906},open,34.96786953,-85.30997071,POINT(-85.30997071 34.96786953)
018407ca-e624-4d2c-a6cd-a6a7a6836335,Sunoco,,gas_station,0.77,"{Foursquare,Overture}",101 Anderson Hwy,Clemson,SC,29631,(864) 653-4574,http://www.sunoco.com,customerfirst@sunocoinc.com,,,34.68823432959957,-82.8258001283652,POINT(-82.8258001283652 34.68823432959957)
01848622-66ac-4fce-ba07-d9f596282bdd,White Spot Convenience Store,,gas_station,0.9704053401947021,"{meta,Overture}",4766 Old Seale Hwy,Seale,AL,36875-3818,+13348550802,http://www.yellowpages.com/seale-al/mip/white-spot-convenience-store-4271475,,{https://www.facebook.com/111684252218011},,32.324559,-85.158732,POINT(-85.158732 32.324559)
01852ace-d8e0-47a4-847f-fee0195b6118,Chevron Station / Extra Mile Santa Cruz,,gas_station,0.9902192950248718,"{Microsoft,Overture,Overture-signals,Overture-signals,Overture-signals,Overture-signals,Overture-signals,Overture-signals,Overture-signals,Overture-signals,Overture-signals,Overture-signals}",404 Soquel Ave,Santa Cruz,CA,95062,8314266094,"",,,open,36.974367,-122.01833,POINT(-122.01833 36.974367)
0185723e-0835-442c-ba1e-ef0187a7088b,Valero,Valero,gas_station,0.572846531867981,"{meta,Overture}",1000 Cedar Lake Rd,Biloxi,MS,39532,+18662976093,http://www.valero.com,,{https://www.facebook.com/154423518256272},,30.44768,-88.93359,POINT(-88.93359 30.44768)
01869d64-49b5-4143-9bdb-64972f5d54e7,Exxon Cherry Hill,,gas_station,0.5689874887466431,"{meta,Overture}",,Cherry Hill,NJ,,+18562168066,http://www.exxonstations.com,,{https://www.facebook.com/102033594594690},,39.920158,-75.036694,POINT(-75.036694 39.920158)
0186bf42-6be3-4613-acdb-f482a52113c3,Blossman Gas,Blossman Gas,gas_station,0.9199122190475464,"{meta,Overture,Overture-signals,Overture-signals,Overture-signals,Overture-signals,Overture-signals,Overture-signals,Overture-signals,Overture-signals,Overture-signals,Overture-signals}",3000 25th Ave,Gulfport,MS,39501-5905,+12288641162,http://www.blossmangas.com,info@blossmangas.com,{https://www.facebook.com/105565618296012},open,30.38697624,-89.09277981,POINT(-89.09277981 30.38697624)
01873a3e-8890-45e5-a797-a37b5690a384,Mobil,Exxon & Mobil Stations,gas_station,0.9199122190475464,"{meta,Overture,Overture-signals,Overture-signals,Overture-signals,Overture-signals,Overture-signals,Overture-signals,Overture-signals,Overture-signals,Overture-signals,Overture-signals}",1502 Balltown Rd,Schenectady,NY,12309-2316,+15183771038,http://www.mobil.com/,,{https://www.facebook.com/265711533554767},open,42.81577044,-73.89249026,POINT(-73.89249026 42.81577044)
01877872-2709-4f3d-8552-ead1bf1026ec,Marathon Gas,,gas_station,0.9199122190475464,"{Microsoft,Overture,Overture-signals,Overture-signals,Overture-signals,Overture-signals,Overture-signals,Overture-signals,Overture-signals,Overture-signals,Overture-signals,Overture-signals}",1304 State Route 183,Atwater,OH,44201,3309471852,http://mymarathonstation.com/StoreHome/156018,,,open,41.0240315,-81.1480573,POINT(-81.1480573 41.0240315)
01879b87-729c-492e-addf-8fc5c107f39a,Marathon,,gas_station,0.6203598976135254,"{meta,Overture}",1507 Watson Blvd,Warner Robins,GA,31093-3433,+14789232696,http://www.marathon.com,,{https://www.facebook.com/118754388707518},,32.617900955139355,-83.6259124549217,POINT(-83.6259124549217 32.617900955139355)
0187c62b-3536-45cb-9391-bc18dd4cd969,ARCO,,gas_station,0.9199122190475464,"{Microsoft,Overture,Overture-signals,Overture-signals,Overture-signals,Overture-signals,Overture-signals,Overture-signals,Overture-signals,Overture-signals,Overture-signals,Overture-signals}",17905 Van Buren Blvd,Riverside,CA,92508,9517760011,"",,,open,33.8849155,-117.3504438,POINT(-117.3504438 33.8849155)
0187c7ea-ba37-4506-9e10-2c512942084e,Marathon Gas,,gas_station,0.9199122190475464,"{Microsoft,Overture,Overture-signals,Overture-signals,Overture-signals,Overture-signals,Overture-signals,Overture-signals,Overture-signals,Overture-signals,Overture-signals,Overture-signals}",4288 N Highway 127,Russell Springs,KY,42642,2708668849,http://mymarathonstation.com/StoreHome/98160,,,open,37.1229212,-85.0442201,POINT(-85.0442201 37.1229212)
01885abe-bf69-472d-9e0c-e1a54abab5b2,Quality Convenience Mart,,gas_station,0.9199122190475464,"{meta,Overture,Overture-signals,Overture-signals,Overture-signals,Overture-signals,Overture-signals,Overture-signals,Overture-signals,Overture-signals,Overture-signals,Overture-signals}",519 Reed Rd NW,Dalton,GA,30720-6224,+17062700110,https://www.convenientfoodmarts.com,,{https://www.facebook.com/112639890528840},open,34.80757921,-84.97451376,POINT(-84.97451376 34.80757921)
018895f4-c881-466b-b661-37c38bcf6253,Exxon,,gas_station,0.9199122190475464,"{Foursquare,Overture,Overture-signals,Overture-signals,Overture-signals,Overture-signals,Overture-signals,Overture-signals,Overture-signals,Overture-signals,Overture-signals,Overture-signals}",1230 Blue Lakes Blvd N,Twin Falls,ID,83301,(208) 733-5989,http://exxon.com,,,open,42.583410999967064,-114.45942684105374,POINT(-114.45942684105374 42.583410999967064)
0188b81f-09c6-4803-80cc-4db065334b70,Shell,Shell,gas_station,0.9199122190475464,"{meta,Overture,Overture-signals,Overture-signals,Overture-signals,Overture-signals,Overture-signals,Overture-signals,Overture-signals,Overture-signals,Overture-signals,Overture-signals}",1910 W Reynolds St,Pontiac,IL,61764-9649,+18158444917,https://find.shell.com/us/fuel/10005089-1910-w-reynolds-st,shellcustomercare@shell.com,{https://www.facebook.com/247015425791772},open,40.87283335,-88.66608483,POINT(-88.66608483 40.87283335)
01891aaa-ae75-49fa-9a05-8244c0d87c7c,Shell,Shell,gas_station,0.9199122190475464,"{meta,Overture,Overture-signals,Overture-signals,Overture-signals,Overture-signals,Overture-signals,Overture-signals,Overture-signals,Overture-signals,Overture-signals,Overture-signals}",2800 SW Sam Jackson Park Rd,Portland,OR,97201-3006,+15032740055,https://find.shell.com/us/fuel/10047061-2800-sw-sam-jackson-park-rd,shellcustomercare@shell.com,{https://www.facebook.com/252082618641327},open,45.50267606,-122.68794663,POINT(-122.68794663 45.50267606)
01892aa8-cc82-472c-b985-8136e2d16542,Fremont Gas and Mart,,gas_station,0.9913178139925003,"{meta,Overture}",43250 Grimmer Blvd,Fremont,CA,94538-5944,+15106680559,https://fremont-gas-mart.hub.biz,,{https://www.facebook.com/146376278740924},,37.51335258,-121.96484538,POINT(-121.96484538 37.51335258)
01898058-b6ca-424f-ad02-e66f85599d79,Eagle One Travel Center,,gas_station,0.6726778745651245,"{meta,Overture}",301 W Marion St,Eatonton,GA,31024-1111,,http://gas-stations.citgo.com/ga/eatonton/31024/100-SARAH-LEE-DRIVE,,{https://www.facebook.com/2487757184582663},,33.325086,-83.391465,POINT(-83.391465 33.325086)
018992f0-41e4-43c1-9b44-ed942982e0c0,Chevron Station Placerville,,gas_station,0.9931,"{Microsoft,Overture}",1312 Broadway,Placerville,CA,95667,5306228212,"",,,,38.731708,-120.782988,POINT(-120.782988 38.731708)
018a6d75-b102-4dec-94a5-dc1794b2c6f3,birdies,,gas_station,0.77,"{Foursquare,Overture}",1919 Airline Highway,Metairie,LA,70001,(504) 833-5800,http://www.birdiesfood-fuel.com,,,,29.974278885701054,-90.14747944435841,POINT(-90.14747944435841 29.974278885701054)
018ab999-bb1b-498c-9357-084e60d6ae09,Bullseye,,gas_station,0.77,"{Foursquare,Overture}",Hwy 160,Theodosia,MO,65761,(417) 273-5502,http://bullseye.com,,,,36.58237407027124,-92.675827455047,POINT(-92.675827455047 36.58237407027124)
018b9e4f-2ec5-403a-9a75-610e94f0776c,Citgo Gas,,gas_station,0.77,"{Foursquare,Overture}",Erie Blvd,Syracuse,NY,13210,(315) 446-2900,http://www.citgo.com/Home.jsp,,,,43.05425570449331,-76.10356369073105,POINT(-76.10356369073105 43.05425570449331)
018bc141-1b17-480d-b7af-35ab9d058521,Mobil,,gas_station,0.8920649275183677,"{Microsoft,Overture}",4503 Gus Thomasson Rd,Mesquite,TX,75150,"",https://www.exxon.com/en/find-station/mobil-mesquite-tx-ck128gusthomasson-200327200?utm_medium=referral&utm_source=yxt-bing&utm_campaign=us_fue_ret_xom_yxt,,,,32.82358651420936,-96.64684573926942,POINT(-96.64684573926942 32.82358651420936)
018bc353-3604-4c67-899b-45708918b510,76,,gas_station,0.9199122190475464,"{Microsoft,Overture,Overture-signals,Overture-signals,Overture-signals,Overture-signals,Overture-signals,Overture-signals,Overture-signals,Overture-signals,Overture-signals,Overture-signals}",3275 E Foothill Blvd,Pasadena,CA,91107,6267922181,https://www.76.com/station/u76-pasadena-76-0000877952/?utm_source=Bing&utm_medium=local&utm_campaign=bing-local,,,open,34.150377,-118.08286,POINT(-118.08286 34.150377)
018be12b-5735-4abc-b5e4-36bb0fa0b70d,Shell,Shell,gas_station,0.9902192950248718,"{meta,Overture,Overture-signals,Overture-signals,Overture-signals,Overture-signals,Overture-signals,Overture-signals,Overture-signals,Overture-signals,Overture-signals,Overture-signals}",4601 Gordon Rd,Wilmington,NC,28411-9041,+19107694486,http://www.shell.us/,shellcustomercare@shell.com,{https://www.facebook.com/1240052636143539},open,34.27737399,-77.86612063,POINT(-77.86612063 34.27737399)
018c55f8-bad7-456f-8a72-bea7c8707694,Mystik,,gas_station,0.39172670245170593,"{meta,Overture}",3767 Nolensville Pike,Nashville,TN,37211-3324,+16153315867,,,{https://www.facebook.com/1231217616915877},,36.091511,-86.735522,POINT(-86.735522 36.091511)
018cdfcc-490f-48d0-8ff0-b1103e4bf427,Mobil,,gas_station,0.9199122190475464,"{Foursquare,Overture,Overture-signals,Overture-signals,Overture-signals,Overture-signals,Overture-signals,Overture-signals,Overture-signals,Overture-signals,Overture-signals,Overture-signals}",4611 W 130th St,Cleveland,OH,44135,(216) 941-5878,http://www.mobil.com,,,open,41.428718351420926,-81.77964160996946,POINT(-81.77964160996946 41.428718351420926)
018d5c79-6032-45b1-addd-4dc27f68e8cc,North Alafaya Trail,RaceTrac,gas_station,0.8,"{AllThePlaces,Overture}",1819 North Alafaya Trail,Orlando,FL,32826,,https://www.racetrac.com/locations/florida/orlando/north-alafaya-trail,,,,28.571058,-81.207214,POINT(-81.207214 28.571058)
018de353-bb92-4bde-a8fd-ec71dd9bbc4e,Gulf,,gas_station,0.77,"{Foursquare,Overture}",3717 US Rt 1,Princeton,NJ,08540,(609) 720-1344,https://www.gulfoilltd.com,ask_gulf@gulfoil.com,,,40.331960949237384,-74.6381572559977,POINT(-74.6381572559977 40.331960949237384)
018e251b-fcf3-49cd-8972-59b9e8897d47,BP,,gas_station,0.85,"{Microsoft,Overture}",E Washington St 2825,West Bend,WI,53095,2623343043,http://www.bp.com/,,,,43.42670133,-88.15195139,POINT(-88.15195139 43.42670133)
018e64f3-724c-4e33-bf02-2bc63d58316c,Marathon Gas,,gas_station,0.9199122190475464,"{Microsoft,Overture,Overture-signals,Overture-signals,Overture-signals,Overture-signals,Overture-signals,Overture-signals,Overture-signals,Overture-signals,Overture-signals,Overture-signals}",11901 Old Petersburg Rd,Evansville,IN,47725,8128672126,http://mymarathonstation.com/StoreHome/145789,,,open,38.0862178,-87.5136291,POINT(-87.5136291 38.0862178)
018e829f-eb48-4d56-9d29-52cfe2868b43,Hess Express,,gas_station,0.85,"{Microsoft,Overture}",5705 NW 167th St,Hialeah,FL,33015,3056244951,"",,,,25.9254139,-80.2937781,POINT(-80.2937781 25.9254139)
018f5ccd-6b65-41c5-868a-62ddd68a1144,Sunoco,Sunoco,gas_station,0.9199122190475464,"{meta,Overture,Overture-signals,Overture-signals,Overture-signals,Overture-signals,Overture-signals,Overture-signals,Overture-signals,Overture-signals,Overture-signals,Overture-signals}",207 Birge Park Rd,Harwinton,CT,06791-1908,+18606059445,http://www.sunoco.com,customerfirst@sunocoinc.com,{https://www.facebook.com/256175787735497},open,41.78330494,-73.07162711,POINT(-73.07162711 41.78330494)
018fa919-ca27-4bf5-9eb0-f8d1b77fa9d4,Shell,Shell,gas_station,0.9199122190475464,"{meta,Overture,Overture-signals,Overture-signals,Overture-signals,Overture-signals,Overture-signals,Overture-signals,Overture-signals,Overture-signals,Overture-signals,Overture-signals}",101 Limestone Dr,Frankfort,KY,40601-4316,+15023522748,https://find.shell.com/us/fuel/10083384-101-limestone-st-s,,{https://www.facebook.com/463930880640322},open,38.17118384,-84.89738736,POINT(-84.89738736 38.17118384)
018fe2ed-0e90-435d-ac6c-76803306190b,Shell,Shell,gas_station,0.9199122190475464,"{meta,Overture,Overture-signals,Overture-signals,Overture-signals,Overture-signals,Overture-signals,Overture-signals,Overture-signals,Overture-signals,Overture-signals,Overture-signals}",12340 W Airport Blvd,Meadows Place,TX,77477-1672,+12815643198,http://www.shell.us/,shellcustomercare@shell.com,{https://www.facebook.com/311146119512488},open,29.64863482,-95.59730191,POINT(-95.59730191 29.64863482)
01902f1d-5d30-4882-9cf1-146748bf1ee9,BP,,gas_station,0.9199122190475464,"{Foursquare,Overture,Overture-signals,Overture-signals,Overture-signals,Overture-signals,Overture-signals,Overture-signals,Overture-signals,Overture-signals,Overture-signals,Overture-signals}",2480 Minton Rd,West Melbourne,FL,32904,(321) 951-1074,http://mybpstation.com,bpconsum@bp.com,{https://www.twitter.com/bp_america},open,28.06924406536099,-80.6714371050258,POINT(-80.6714371050258 28.06924406536099)
0190d194-6917-403d-bd93-e8fda67db28b,Subway,,gas_station,0.9902192950248718,"{Microsoft,Overture,Overture-signals,Overture-signals,Overture-signals,Overture-signals,Overture-signals,Overture-signals,Overture-signals,Overture-signals,Overture-signals,Overture-signals}",135 E Highway 46 S/R 426,Geneva,FL,32732,4073495769,https://restaurants.subway.com/united-states/fl/geneva/135-e-highway-46-s/r-426?utm_source=yxt-bing&utm_medium=local&utm_term=acq&utm_content=15322&utm_campaign=evergreen-2020&y_source=1_MTQ5MDE0NzYtNDgzLWxvY2F0aW9uLndlYnNpdGU%3D,,,open,28.73329192992445,-81.1157253767758,POINT(-81.1157253767758 28.73329192992445)
01913907-231f-42e1-88d6-5b7d03e45e1d,Trillium,,gas_station,0.9199122190475464,"{Microsoft,Overture,Overture-signals,Overture-signals,Overture-signals,Overture-signals,Overture-signals,Overture-signals,Overture-signals,Overture-signals,Overture-signals,Overture-signals}",350 Industrial Way,Woodland,CA,95776,8009201166,https://www.trilliumenergy.com/locations/1356,,,open,38.67947,-121.75338,POINT(-121.75338 38.67947)
0192af6f-fcb7-4428-83b3-854f45909e1e,Northway Stop & Shop,Butterball,gas_station,0.9199122190475464,"{meta,Overture,Overture-signals,Overture-signals,Overture-signals,Overture-signals,Overture-signals,Overture-signals,Overture-signals,Overture-signals,Overture-signals,Overture-signals}",12034 State Route 365,Remsen,NY,13438-3388,+13158315895,http://citgo.com,,{https://www.facebook.com/476134458927416},open,43.33782889,-75.09719841,POINT(-75.09719841 43.33782889)
0192ed89-86d0-40cc-a02d-cdc89d882bf2,Chevron,Chevron,gas_station,0.954,"{AllThePlaces,Overture}",1495 LAKE BOULEVARD,REDDING,CA,96003,,https://www.chevronwithtechron.com/en_us/home/gas-station-near-me.html?/station/1495-LAKE-BOULEVARD-REDDING-CA-96003-id376756,,,,40.6270344760775,-122.404644306152,POINT(-122.404644306152 40.6270344760775)
0193f1d7-0492-4407-964e-48ef58b8442c,Cenex,Cenex,gas_station,0.9959582465589046,"{meta,Overture}",80 Main St,Strasburg,ND,58573-7134,+17013367786,https://www.cenex.com/,,{https://www.facebook.com/152033258291966},,46.1336704,-100.1694051,POINT(-100.1694051 46.1336704)
01949bd5-e2a5-47f8-808d-67556cd21c8c,Exxon,Exxon & Mobil Stations,gas_station,0.9996750272214413,"{meta,Overture}",220 N Main St,Moab,UT,84532-2343,+14352593557,https://www.exxon.com/en,,{https://www.facebook.com/2252860638296924},,38.57670345,-109.55053086,POINT(-109.55053086 38.57670345)
0194bb17-e16c-46f7-8598-4694c2408ba9,Hot Spot,,gas_station,0.9199122190475464,"{meta,Overture,Overture-signals,Overture-signals,Overture-signals,Overture-signals,Overture-signals,Overture-signals,Overture-signals,Overture-signals,Overture-signals,Overture-signals}",548 N Spring Park Blvd,Mt Vernon,MO,65712-7841,+14174662450,http://conocophillips.com/,cwilmoth@wilmothco.com,{https://www.facebook.com/153824707390},open,37.11099402,-93.83010714,POINT(-93.83010714 37.11099402)
01955226-8799-4ca2-bc76-a8a4022846e0,Mobil,Exxon & Mobil Stations,gas_station,0.9883047342300415,"{meta,Overture}",300 Chapman Rd,Newark,DE,19702-5404,+13024531244,https://www.exxon.com/en,,{https://www.facebook.com/364319947533289},,39.6684219,-75.67164386,POINT(-75.67164386 39.6684219)
01956dbd-6276-4ba0-aa3a-a6c3e81b3503,Chevron,Chevron,gas_station,0.999683779501915,"{meta,Overture}",111 S Lobdell Hwy,Port Allen,LA,70767-4139,+18552859595,https://www.chevronwithtechron.com/en_us/home/find-a-station.html?/station/111-LOBDELL-HWY-PORT-ALLEN-LA-70767-4139-id109392,,{https://www.facebook.com/179139425480424},,30.4504809,-91.24459526,POINT(-91.24459526 30.4504809)
0195fb0b-9198-4b13-89e5-b1e3156653cc,Speedway,,gas_station,1,"{DAC,Overture}",8046 South Meridian St,Indianapolis,IN,46217,+13178828094,https://www.speedway.com,,"{https://www.facebook.com/SpeedwayStores,https://www.instagram.com/speedwaystores/,https://www.speedway.com/products/food,https://www.tiktok.com/@speedwaystores,https://twitter.com/Speedway,https://www.youtube.com/user/SpeedwayCStores}",,39.65015,-86.15908,POINT(-86.15908 39.65015)
0196b812-6131-41eb-99bf-4ace9e872997,BP,,gas_station,0.9655,"{Microsoft,Overture}","Wi-33 E, 432",West Bend,WI,53095,2626756649,http://www.bp.com/,,,,43.430172,-88.046779,POINT(-88.046779 43.430172)
0196de74-3d2a-4817-b58a-be1279181b9c,Shell,Shell,gas_station,0.9902192950248718,"{meta,Overture,Overture-signals,Overture-signals,Overture-signals,Overture-signals,Overture-signals,Overture-signals,Overture-signals,Overture-signals,Overture-signals,Overture-signals}",8151 Winton Rd,Cincinnati,OH,45224-1342,+15135215673,https://find.shell.com/us/fuel/10009836-8151-winton-rd,shellcustomercare@shell.com,{https://www.facebook.com/270911133386923},open,39.21554381,-84.51846277,POINT(-84.51846277 39.21554381)
01978286-2590-47e9-84be-beee31bd5eff,Mobil,Exxon & Mobil Stations,gas_station,0.9997140075862407,"{meta,Overture}",113 Grove St,Peterborough,NH,03458,+16039246722,https://www.exxon.com/en,,{https://www.facebook.com/832827967093754},,42.86849174,-71.95356083,POINT(-71.95356083 42.86849174)
01990ef1-1065-496c-a7d6-522b3ef0441a,Marathon,,gas_station,0.77,"{Foursquare,Overture}",100 Main St,Foxhome,MN,56543,(218) 642-5144,http://www.marathon.com,,,,44.29751119835415,-94.72308172747498,POINT(-94.72308172747498 44.29751119835415)
01992d2b-9205-45f6-b40b-0eba7b67ec2d,Mobil,,gas_station,0.9199122190475464,"{Foursquare,Overture,Overture-signals,Overture-signals,Overture-signals,Overture-signals,Overture-signals,Overture-signals,Overture-signals,Overture-signals,Overture-signals,Overture-signals}",105 Miller St,Plattsburgh,NY,12901,(518) 561-4640,http://exxon.com,,,open,44.70552526051162,-73.45301765092482,POINT(-73.45301765092482 44.70552526051162)
01993711-1edd-4d84-8087-e03d19a2f275,FRIENDSHIP GROCERY,,gas_station,0.77,"{Foursquare,Overture}",Friendship road,Buford,GA,30519,(678) 546-6850,http://gas-stations.citgo.com/ga/buford/30519/4307-FRIENDSHIP-ROAD,,{https://www.twitter.com/citgo},,34.13434671133275,-83.93413769996256,POINT(-83.93413769996256 34.13434671133275)
019965f6-2f3c-4cbe-8c29-2a3e50ee7a0f,Cherry Hill Astro,,gas_station,0.9199122190475464,"{Foursquare,Overture,Overture-signals,Overture-signals,Overture-signals,Overture-signals,Overture-signals,Overture-signals,Overture-signals,Overture-signals,Overture-signals,Overture-signals}",1000 Maple Ave,Cherry Hill,NJ,08002,(856) 665-5780,http://www.lukoil.com,,,open,39.952497274084635,-75.02646274736931,POINT(-75.02646274736931 39.952497274084635)
0199a033-35bd-4902-815a-cfb17e0129a4,76,,gas_station,1,"{DAC,Overture,Overture-signals,Overture-signals,Overture-signals}",1668 N Beale Rd,Marysville,CA,95901,+15306713645,https://www.76.com/,,"{https://www.facebook.com/76gas/,https://www.instagram.com/76/,https://www.twitter.com/76,https://www.youtube.com/@Phillips66Co}",open,39.127371,-121.554946,POINT(-121.554946 39.127371)
019a18cf-edcf-4af5-af0d-d87d0397b24f,AMERICAN EAGLE,Marathon,gas_station,0.9199122190475464,"{AllThePlaces,Overture,Overture-signals,Overture-signals,Overture-signals,Overture-signals,Overture-signals,Overture-signals,Overture-signals,Overture-signals,Overture-signals,Overture-signals}",1221 East 280 Bypass,Phenix City,AL,36867,,,,,open,32.471066,-85.0302892,POINT(-85.0302892 32.471066)
019b94c4-5e51-464e-bc11-e26d059db8b8,Love's Travel Stop,,truck_gas_station,0.9199122190475464,"{Microsoft,Overture,Overture-signals,Overture-signals,Overture-signals,Overture-signals,Overture-signals,Overture-signals,Overture-signals,Overture-signals,Overture-signals,Overture-signals}",14414 S Cross L Rd,Mayer,AZ,86333,9282279764,https://www.loves.com/locations/722,,,open,34.33482,-112.11771,POINT(-112.11771 34.33482)
019ca2a5-bb58-40b2-856e-3b984eab9583,Valero,Valero Energy,gas_station,0.9199122190475464,"{meta,Overture,Overture-signals,Overture-signals,Overture-signals,Overture-signals,Overture-signals,Overture-signals,Overture-signals,Overture-signals,Overture-signals,Overture-signals}",2643 Cameron Park Dr,Shingle Springs,CA,95682-8833,+15306773603,http://www.valero.com/,,{https://www.facebook.com/131023067462853},open,38.69870333,-120.9948075,POINT(-120.9948075 38.69870333)
019d4c1d-83d0-4e33-9609-47fc2c17d807,SAMS PLACE,,gas_station,0.9199122190475464,"{meta,Overture,Overture-signals,Overture-signals,Overture-signals,Overture-signals,Overture-signals,Overture-signals,Overture-signals,Overture-signals,Overture-signals,Overture-signals}",21465 MS-4,Senatobia,MS,38668,+16626126006,,samsplace.store@gmail.com,{https://www.facebook.com/1090663690806396},open,34.61260689,-89.83745387,POINT(-89.83745387 34.61260689)
019e2e29-d447-4805-825e-ba089a1c69c3,Sinclair Gas Station,,gas_station,0.97,"{Microsoft,Overture}",136590 U S 97,Crescent,OR,97733,5414332532,https://www.sinclairoil.com/,,,,43.4618926,-121.6964763,POINT(-121.6964763 43.4618926)
019e493b-41cd-4daf-9f8c-d961d18e92cc,Shell,,gas_station,0.9832718968391418,"{Microsoft,Overture}",1456 Sand Hill Rd,Candler,NC,28715,8286336688,https://find.shell.com/us/fuel/12642085-1456-sand-hill-rd,,,,35.5436067,-82.65821323,POINT(-82.65821323 35.5436067)
019fd9af-7de8-489a-81b1-2ff176a1f3c5,BP,bp,gas_station,0.9199122190475464,"{meta,Overture,Overture-signals,Overture-signals,Overture-signals,Overture-signals,Overture-signals,Overture-signals,Overture-signals,Overture-signals,Overture-signals,Overture-signals}",915 N Enochville Ave,China Grove,NC,28023-7560,+17049332335,https://map.bp.com/en-US/US/gas-station/china-grove/bp/41142874029152802300100000000000,bpconsumer@bp.com,{https://www.facebook.com/113942959285666},open,35.53419057,-80.66586778,POINT(-80.66586778 35.53419057)
01a00d04-46cf-457e-b295-0f8cec15300b,Chevron Station Las Vegas,,gas_station,0.9199122190475464,"{Microsoft,Overture,Overture-signals,Overture-signals,Overture-signals,Overture-signals,Overture-signals,Overture-signals,Overture-signals,Overture-signals,Overture-signals,Overture-signals}",9345 S Eastern Ave,Las Vegas,NV,89123,7026149750,"",,,open,36.019298,-115.119265,POINT(-115.119265 36.019298)
01a04631-5f85-4779-8a77-00d4b9d2d5c8,Exxon,,gas_station,0.9902192950248718,"{meta,Overture,Overture-signals,Overture-signals,Overture-signals,Overture-signals,Overture-signals,Overture-signals,Overture-signals,Overture-signals,Overture-signals,Overture-signals}",2311 Pio Nono Ave,Macon,GA,31206-2805,+14782548048,https://www.exxon.com/en/find-station/200321148,,{https://www.facebook.com/133232723900677},open,32.81847782,-83.66314732,POINT(-83.66314732 32.81847782)
01a0dbce-9753-4fc0-9d97-7d3e8e7f1557,Citgo,,gas_station,0.9902192950248718,"{Foursquare,Overture,Overture-signals,Overture-signals,Overture-signals,Overture-signals,Overture-signals,Overture-signals,Overture-signals,Overture-signals,Overture-signals,Overture-signals}",505 Pleasant Hill Rd NW,Lilburn,GA,30047,(770) 923-5025,http://www.citgo.com,,,open,33.910928854786235,-84.11445281647244,POINT(-84.11445281647244 33.910928854786235)
01a0fd8b-3c24-4c48-a113-77ceecfd2528,BP,bp,gas_station,0.9902192950248718,"{meta,Overture,Overture-signals,Overture-signals,Overture-signals,Overture-signals,Overture-signals,Overture-signals,Overture-signals,Overture-signals,Overture-signals,Overture-signals}",89 Stafford Ave,Bristol,CT,06010-4605,+18605845777,https://map.bp.com/en-US/US/gas-station/bristol/bp/10889250940890601000100000000000,bpconsumer@bp.com,{https://www.facebook.com/104680034683420},open,41.67942882,-72.90352301,POINT(-72.90352301 41.67942882)
01a13d04-ca9b-4478-97b9-0db4b14070bb,Conoco,,gas_station,0.9199122190475464,"{DAC,Overture,Overture-signals,Overture-signals,Overture-signals,Overture-signals,Overture-signals,Overture-signals,Overture-signals,Overture-signals,Overture-signals,Overture-signals}",203 Centennial Hwy,Ault,CO,80610,+19708341376,https://www.conoco.com/,,"{https://www.facebook.com/conoco/,https://www.instagram.com/conoco/,https://www.twitter.com/Conoco,https://www.youtube.com/@Phillips66Co}",open,40.581083,-104.73141,POINT(-104.73141 40.581083)
01a1f405-277a-4982-9dd6-d968990bef66,Edgar Springs Eagle Stop,,gas_station,0.77,"{Foursquare,Overture}",26755 US Hwy 63,Edgar Springs,MO,65462,(573) 435-6330,https://www.eaglestopstores.com,,{https://www.twitter.com/eaglestopstores},,37.70606934342362,-91.86929345453902,POINT(-91.86929345453902 37.70606934342362)
01a225f8-a595-49d6-b569-b14d3b5068b4,Marathon,,gas_station,0.77,"{Foursquare,Overture}",2 Manhattanville Rd,Purchase,NY,10577,(914) 251-2300,http://www.marathon.com,,,,41.02357453896411,-73.71799877726401,POINT(-73.71799877726401 41.02357453896411)
01a35306-cde5-4369-a2ad-95f385e876f4,Englefield Oil,,gas_station,0.7855996489524841,"{meta,Overture,Overture-signals,Overture-signals,Overture-signals}",3672 Wadsworth Rd,Norton,OH,44203-5180,+13308257505,http://englefieldoil.com,orders@englefieldoil.com,{https://www.facebook.com/125468837508871},open,41.0482591,-81.66115458,POINT(-81.66115458 41.0482591)
01a3ec77-18fa-45e2-8aca-987bba2c01d3,Shell,Shell,gas_station,0.9999519712388516,"{meta,Overture}",700 N Rolling Rd,Catonsville,MD,21228-4135,+14107885202,https://find.shell.com/us/fuel/10009194-700-n-rolling-rd,shellcustomercare@shell.com,{https://www.facebook.com/313105965804082},,39.28144226,-76.7543839,POINT(-76.7543839 39.28144226)
01a45a30-9ec8-4800-b21c-75998acfb299,Sunoco,Sunoco,gas_station,0.954,"{AllThePlaces,Overture}",664 VALLEY RD,GILLETTE,NJ,07933,,https://www.sunoco.com/locations/store/664-valley-rd-gillette-nj-8003155801,,,,40.67416355996,-74.46654625952,POINT(-74.46654625952 40.67416355996)
01a5162e-c1e7-4f82-b328-59f844a7a65c,Citgo,Citgo,gas_station,0.9902192950248718,"{meta,Overture,Overture-signals,Overture-signals,Overture-signals,Overture-signals,Overture-signals,Overture-signals,Overture-signals,Overture-signals,Overture-signals,Overture-signals}",4407 Habersham St,Savannah,GA,31405-4208,+19123537712,http://www.citgo.com/,info@citgo.com,{https://www.facebook.com/736787696467337},open,32.03713087,-81.10275736,POINT(-81.10275736 32.03713087)
01a67042-66aa-4c06-b8ce-72d5e15f757f,Philadelphia Gas Works,,gas_station,0.6556097269058228,"{meta,Overture}",9811 Redd Rambler Dr,Philadelphia,PA,19115-2915,+12157875100,http://pgworks.com,webfeedback@pgworks.com,{https://www.facebook.com/502260147223800},,40.098372,-75.042838,POINT(-75.042838 40.098372)
01a674b2-dc02-4d31-b6b9-5ecc93b0ff5c,Chevron,Chevron,gas_station,0.954,"{AllThePlaces,Overture}",1471 E 3RD AVENUE,SAN MATEO,CA,94401-2109,,https://www.chevronwithtechron.com/en_us/home/gas-station-near-me.html?/station/1471-E-3RD-AVENUE-SAN-MATEO-CA-94401-2109-id386779,,,,37.5732247099396,-122.311725503165,POINT(-122.311725503165 37.5732247099396)
01a819d6-a060-4768-ade1-0583276c1fca,Shell,Shell,gas_station,0.9902192950248718,"{meta,Overture,Overture-signals,Overture-signals,Overture-signals,Overture-signals,Overture-signals,Overture-signals,Overture-signals,Overture-signals,Overture-signals,Overture-signals}",2136 E 2nd St,Edmond,OK,73034-6351,+14053597333,https://find.shell.com/us/fuel/10015930-2136-e-2nd-st,edmondshell69@gmail.com,{https://www.facebook.com/1405245939558330},open,35.6525002,-97.4519903,POINT(-97.4519903 35.6525002)
01a8dd15-eba3-4bf5-b2ff-c7fafcc3ac47,Exxon,,gas_station,0.9199122190475464,"{Foursquare,Overture,Overture-signals,Overture-signals,Overture-signals,Overture-signals,Overture-signals,Overture-signals,Overture-signals,Overture-signals,Overture-signals,Overture-signals}",395 E Poplar Ave,Collierville,TN,38017,(901) 221-8312,http://exxon.com,,,open,35.044979772067286,-89.6557100298672,POINT(-89.6557100298672 35.044979772067286)
01aa02b3-808e-4647-8a97-62af7c3aac3e,Shell,,gas_station,0.9199122190475464,"{Microsoft,Overture,Overture-signals,Overture-signals,Overture-signals,Overture-signals,Overture-signals,Overture-signals,Overture-signals,Overture-signals,Overture-signals,Overture-signals}",2956 E Park Ave,Tallahassee,FL,32301,8506567002,https://find.shell.com/us/fuel/10048455-2956-e-park-ave,,,open,30.44230912,-84.22706222,POINT(-84.22706222 30.44230912)
01aa8b50-d8b6-4a3b-85bd-710b79326093,Par 4 Gas and Variety,,gas_station,0.9199122190475464,"{meta,Overture,Overture-signals,Overture-signals,Overture-signals,Overture-signals,Overture-signals,Overture-signals,Overture-signals,Overture-signals,Overture-signals,Overture-signals}",6860 McMinnville Hwy,Manchester,TN,37355-3900,+19317231754,http://www.phillips66.com/,,{https://www.facebook.com/188756744505317},open,35.5445858,-85.99687807,POINT(-85.99687807 35.5445858)
01aada8c-336a-4e5c-96c0-91e6ce394aa6,Sunoco,Sunoco,gas_station,0.9199122190475464,"{meta,Overture,Overture-signals,Overture-signals,Overture-signals,Overture-signals,Overture-signals,Overture-signals,Overture-signals,Overture-signals,Overture-signals,Overture-signals}",23192 Troy Hwy,Ramer,AL,36069-5548,+13345847035,http://www.sunoco.com,,{https://www.facebook.com/438688849659138},open,32.051817,-86.04407183,POINT(-86.04407183 32.051817)
01ab63f1-2810-45e1-b129-f785119bf9cb,Exxon,,gas_station,0.7433083057403564,"{meta,Overture}",405 Cobb Pkwy SE,Marietta,GA,30060-9215,+17704219261,http://www.exxonmobilstations.com/21157-exxon-food-mart-marietta,,{https://www.facebook.com/109448769154454},,33.94248448,-84.51543122,POINT(-84.51543122 33.94248448)
01aba1c9-6a83-40ad-b563-583ee9d78c2f,Texaco Station Cullman,,gas_station,0.9199122190475464,"{Microsoft,Overture,Overture-signals,Overture-signals,Overture-signals,Overture-signals,Overture-signals,Overture-signals,Overture-signals,Overture-signals,Overture-signals,Overture-signals}",8482 County Road 1545,Cullman,AL,35058,2567965085,http://www.texaco.com/stations/default.aspx,,,open,34.293726,-86.715197,POINT(-86.715197 34.293726)
01ac3e87-6bb7-4eec-b3c6-3f734c7501b1,Shell,,gas_station,0.9199122190475464,"{Microsoft,Overture,Overture-signals,Overture-signals,Overture-signals,Overture-signals,Overture-signals,Overture-signals,Overture-signals,Overture-signals,Overture-signals,Overture-signals}",16550 Highway 75 S,Bellevue,NE,68123,4022922275,https://find.shell.com/us/fuel/10015218-16550-hwy-75-s,,,open,41.07285775,-95.92886353,POINT(-95.92886353 41.07285775)
01accba1-2c4c-4a40-8958-24c908f56344,Exxon,,gas_station,0.9199122190475464,"{Foursquare,Overture,Overture-signals,Overture-signals,Overture-signals,Overture-signals,Overture-signals,Overture-signals,Overture-signals,Overture-signals,Overture-signals,Overture-signals}",7148 Ogden Ave,Berwyn,IL,60402,(847) 361-7730,http://www.exxon.com,,,open,41.82369191461185,-87.80172634101277,POINT(-87.80172634101277 41.82369191461185)
01acea61-d530-4793-b66c-f23c95728fca,Sunoco,Sunoco,gas_station,0.9199122190475464,"{meta,Overture,Overture-signals,Overture-signals,Overture-signals,Overture-signals,Overture-signals,Overture-signals,Overture-signals,Overture-signals,Overture-signals,Overture-signals}",386 US Highway 1,Edison,NJ,08817-4490,+17329853665,http://www.sunoco.com,info@amstock.com,{https://www.facebook.com/254050144779570},open,40.50259291,-74.40132403,POINT(-74.40132403 40.50259291)
01ad417c-4dda-444a-95f5-9fdb0b7562c3,VP Racing Fuels,,gas_station,0.77,"{Foursquare,Overture}",5380 Lindhurst Ave,Marysville,CA,95901,(530) 749-8096,https://vpracingfuels.com,,{https://www.instagram.com/vpracingfuels},,39.109781991933616,-121.55534416437148,POINT(-121.55534416437148 39.109781991933616)
01ae2407-54ce-4dff-8bb6-fac230300ff6,Marathon Gas,,gas_station,0.9655,"{Microsoft,Overture}",37740 N Sheridan Rd,Beach Park,IL,60087,8476628790,http://mymarathonstation.com/StoreHome/146944,,,,42.4096837,-87.8248864,POINT(-87.8248864 42.4096837)
01af223b-8fe8-4a47-8d0a-c5244be6641a,Country Gas - Edgewood,,gas_station,0.7877928614616394,"{meta,Overture,Overture-signals,Overture-signals,Overture-signals}",1281 State Highway 333,Tijeras,NM,87059-7326,+15052819228,http://www.countrygas-edgewood.com/,office@countrygas-edgewood.com,{https://www.facebook.com/1432706383493371},open,35.09481,-106.272325,POINT(-106.272325 35.09481)
01af8cd4-795d-4e9a-95f0-c45e7e25c512,Gulf,,gas_station,0.77,"{Foursquare,Overture}",77 Main St,Binghamton,NY,13905,(607) 772-8079,http://gulfoil.com,,,,42.09945591918027,-75.92316195940094,POINT(-75.92316195940094 42.09945591918027)
01b0fa50-592e-41ef-bdd3-fe19c845597a,Shell,Shell,gas_station,0.5933275818824768,"{meta,Overture}",1025 Dallas Dr,Denton,TX,76205-5277,+19403870015,http://www.shell.us/ontheroad,,{https://www.facebook.com/187083931670453},,33.19902203082743,-97.12344088564564,POINT(-97.12344088564564 33.19902203082743)
01b1076c-59f9-41bb-9a21-2b77065e0a54,Sunoco Gas Station,,gas_station,0.85,"{Microsoft,Overture}",49-01 Northern Blvd,Long Island City,NY,11101,7185451549,https://www.sunoco.com/find-a-station,,,,40.75265015,-73.9235191,POINT(-73.9235191 40.75265015)
01b11b5a-c546-493e-b43b-22258e59825d,Mobil,Exxon & Mobil Stations,gas_station,0.9997163456678391,"{meta,Overture}",14493 Culver Dr,Irvine,CA,92604-0337,+19497268203,https://www.exxon.com/en,gigi.pondo@exxon.com,{https://www.facebook.com/448305449314183},,33.70530171,-117.78767575,POINT(-117.78767575 33.70530171)
01b200f2-0659-448f-b7a8-77af5be6273e,Rally,,gas_station,0.77,"{Foursquare,Overture}",800 NW Park St,Okeechobee,FL,34972,(863) 623-4346,http://rallystores.com,,,,27.243900092099363,-80.83818445480306,POINT(-80.83818445480306 27.243900092099363)
01b2c2c7-8e9a-46a6-8e1b-033fd2ab4350,ARCO,ARCO,gas_station,0.9199122190475464,"{meta,Overture,Overture-signals,Overture-signals,Overture-signals,Overture-signals,Overture-signals,Overture-signals,Overture-signals,Overture-signals,Overture-signals,Overture-signals}",10715 Trinity Pkwy,Stockton,CA,95219-7229,+12094775530,https://www.arco.com/,,{https://www.facebook.com/763073790703562},open,38.05438654,-121.37594736,POINT(-121.37594736 38.05438654)
01b2ccbe-5213-4258-8891-69a81a12b3c4,Cenex,,gas_station,0.9655,"{Microsoft,Overture}",703 S Rye Ave,Templeton,IA,51463,7126699551,https://www.cenex.com/,,,,41.9131,-94.93676,POINT(-94.93676 41.9131)
01b418eb-bb69-4579-8bd2-eadd5342113f,Speedway,,gas_station,0.9631619453430176,"{DAC,Overture,Overture-signals,Overture-signals,Overture-signals,Overture-signals,Overture-signals,Overture-signals,Overture-signals}",2624 S Rutherford Blvd,Murfreesboro,TN,37127,+16158493832,https://www.speedway.com,,"{https://www.facebook.com/SpeedwayStores,https://www.instagram.com/speedwaystores/,https://www.speedway.com/products/food,https://www.tiktok.com/@speedwaystores,https://twitter.com/Speedway,https://www.youtube.com/user/SpeedwayCStores}",open,35.82617,-86.34942,POINT(-86.34942 35.82617)
01b41c02-5d16-447d-b3b5-2d4985ed7b46,Shell,Shell,gas_station,0.9902192950248718,"{meta,Overture,Overture-signals,Overture-signals,Overture-signals,Overture-signals,Overture-signals,Overture-signals,Overture-signals,Overture-signals,Overture-signals,Overture-signals}",3101 S Carrollton Ave,New Orleans,LA,70118-4305,+15044823280,http://www.shell.us/,shellcustomercare@shell.com,{https://www.facebook.com/1643935405883948},open,29.9610049,-90.11421507,POINT(-90.11421507 29.9610049)
01b43c49-857a-4a2f-be2b-e8db21c01fb9,Phillips 66,,gas_station,1,"{DAC,Overture}",2 Hwy 89,Moran,WY,83013,+13075432562,https://www.phillips66gas.com/,,"{https://www.facebook.com/Phillips66Gas,https://www.instagram.com/phillips66gas/,https://www.twitter.com/Phillips66Gas,https://www.youtube.com/@Phillips66Co}",,44.10593,-110.668147,POINT(-110.668147 44.10593)
01b4a217-e61c-45a8-a0a5-155118046865,Marathon Gas,,gas_station,0.9199122190475464,"{Microsoft,Overture,Overture-signals,Overture-signals,Overture-signals,Overture-signals,Overture-signals,Overture-signals,Overture-signals,Overture-signals,Overture-signals,Overture-signals}",33703 59th St,New Munster,WI,53152,2625372312,http://mymarathonstation.com/StoreHome/84939,,,open,42.5837364,-88.2189346,POINT(-88.2189346 42.5837364)
01b4f873-34b6-4d00-8ef6-209402d133ed,Valero,Valero,gas_station,0.9807190895080566,"{meta,Overture,Overture-signals,Overture-signals}",24457 Boerne Stage Rd,San Antonio,TX,78255-9533,+12106987720,https://locations.valero.com/en-us/LocationDetails/Index/24457-BOERNE-STAGE-RD/0000009701,,{https://www.facebook.com/292986208317050},open,29.6691359,-98.65034499,POINT(-98.65034499 29.6691359)
01b536f8-1127-4222-b8cd-9e9279cfcb58,Shell,,gas_station,0.9199122190475464,"{Foursquare,Overture,Overture-signals,Overture-signals,Overture-signals,Overture-signals,Overture-signals,Overture-signals,Overture-signals,Overture-signals,Overture-signals,Overture-signals}",301 W 9Th,Weleetka,OK,74880,(405) 786-2788,http://www.shell.us/ontheroad,shellcustomercare@shell.com,{https://www.twitter.com/Shell_US},open,35.33544917139878,-96.14084783954974,POINT(-96.14084783954974 35.33544917139878)
01b54090-045d-4ae2-ad36-74fce3ff1e15,Marathon,Marathon,gas_station,0.9199122190475464,"{meta,Overture,Overture-signals,Overture-signals,Overture-signals,Overture-signals,Overture-signals,Overture-signals,Overture-signals,Overture-signals,Overture-signals,Overture-signals}",2198 W M 43 Hwy,Rutland Twp,MI,49058-8368,+13303926620,http://www.marathon.com,,{https://www.facebook.com/100435548202056},open,42.64581053,-85.33114333,POINT(-85.33114333 42.64581053)
01b5b178-30bb-4e46-92ab-03b77dc58f18,Conoco,Conoco,gas_station,0.9199122190475464,"{meta,Overture,Overture-signals,Overture-signals,Overture-signals,Overture-signals,Overture-signals,Overture-signals,Overture-signals,Overture-signals,Overture-signals,Overture-signals}",5 S Main St,Three Forks,MT,59752-9106,+14062853710,http://www.conoco.com/,,{https://www.facebook.com/1493181934272689},open,45.89487884,-111.55207997,POINT(-111.55207997 45.89487884)
01b6792e-2c4d-4be3-b35e-11d37128625b,SandDunes Performance Fueling,,gas_station,0.2992146909236908,"{meta,Overture}",72327 Highway 101,Lakeside,OR,97449-8660,+15417591055,,onejot@yahoo.com,{https://www.facebook.com/921352364389411},,43.59464556,-124.18141858,POINT(-124.18141858 43.59464556)
01b7397c-9029-4b29-93d7-88157094cfb1,Tetco,,gas_station,0.8954926341772079,"{meta,Overture}",13006 W TX-71,Bee Cave,TX,78738-6530,+15122634125,http://www.tetcorewards.com,contact@tetcorewards.com,{https://www.facebook.com/128151357231732},,30.308715,-97.944402,POINT(-97.944402 30.308715)
01b7b770-54ea-4eaf-8c11-a9e5732242c0,Dickson Express,Express,gas_station,0.9199122190475464,"{meta,Overture,Overture-signals,Overture-signals,Overture-signals,Overture-signals,Overture-signals,Overture-signals,Overture-signals,Overture-signals,Overture-signals,Overture-signals}",2323 Highway 46 S,Dickson,TN,37055-9579,+16153268362,,dicksonexpress21@gmail.com,{https://www.facebook.com/105767291583125},open,36.0229536,-87.33971959,POINT(-87.33971959 36.0229536)
01b7e5be-6818-4e47-8fe4-1f8eba17bb96,76,,gas_station,0.9902192950248718,"{DAC,Overture,Overture-signals,Overture-signals,Overture-signals,Overture-signals,Overture-signals,Overture-signals,Overture-signals,Overture-signals,Overture-signals,Overture-signals}",3021 E Wellesley Ave,Spokane,WA,99217,+15097032947,https://www.76.com/,,,open,47.700704,-117.365167,POINT(-117.365167 47.700704)
01b82d66-bdb1-4788-b975-e34b5f944fc6,Chevron,Chevron,gas_station,0.9199122190475464,"{meta,Overture,Overture-signals,Overture-signals,Overture-signals,Overture-signals,Overture-signals,Overture-signals,Overture-signals,Overture-signals,Overture-signals,Overture-signals}",2412 Terrace Heights Dr,Yakima,WA,98901-1403,+15094699828,http://www.chevron.com/,,{https://www.facebook.com/410228202382221},open,46.60628348,-120.46733783,POINT(-120.46733783 46.60628348)
01b95f4a-f877-4033-8591-d96f3d0bf26a,ARCO,ARCO,gas_station,0.6608535647392273,"{meta,Overture}",1590 S Melrose Dr,Vista,CA,92081-7440,+17605997059,http://www.arco.com/,,{https://www.facebook.com/356329787780968},,33.167352,-117.247199,POINT(-117.247199 33.167352)
01b9abc8-9767-4d3a-aa2e-f5896b89e537,Speedway,,gas_station,1,"{DAC,Overture}",461 West Main Street,Louisville,OH,44641,+13308755472,https://www.speedway.com,,"{https://www.facebook.com/SpeedwayStores,https://www.instagram.com/speedwaystores/,https://www.speedway.com/products/food,https://www.tiktok.com/@speedwaystores,https://twitter.com/Speedway,https://www.youtube.com/user/SpeedwayCStores}",,40.83775,-81.26315,POINT(-81.26315 40.83775)
01b9b5de-b446-4bca-8c19-71b620cf07fb,Sunoco,,gas_station,0.9931,"{Microsoft,Overture}",998 West Midland Road,Auburn,MI,48611,9896626365,https://www.sunoco.com/locations/store/998-w-midland-road-auburn-mi-8002259901,,,,43.60380143855661,-84.08920021779099,POINT(-84.08920021779099 43.60380143855661)
01b9e865-3b49-424a-a23e-fb4ab6a9d076,BP,bp,gas_station,0.9999428660869598,"{meta,Overture}",6573 Commonwealth Ave,Jacksonville,FL,32254-2257,+19042400279,https://map.bp.com/en-US/US/gas-station/jacksonville/bp/29519147045733225400100000000000,bpconsumer@bp.com,{https://www.facebook.com/104755921343069},,30.33602308,-81.754539,POINT(-81.754539 30.33602308)
01ba9ddb-d919-4079-a243-9727e820f558,Utz Quality Foods,Utz Snacks,gas_station,0.3673221468925476,"{meta,Overture}",2801 Fortune Cir E,Indianapolis,IN,46241-5550,+13174059005,http://www.utzsnacks.com,,{https://www.facebook.com/488135271375084},,39.724377,-86.254633,POINT(-86.254633 39.724377)
01bb0ab2-90b5-4c9b-9ed2-5e5c9190a200,Shell,,gas_station,0.9199122190475464,"{Microsoft,Overture,Overture-signals,Overture-signals,Overture-signals,Overture-signals,Overture-signals,Overture-signals,Overture-signals,Overture-signals,Overture-signals,Overture-signals}",690 E Main St,Wytheville,VA,24382,2762288321,https://find.shell.com/us/fuel/12599772-690-e-main-st,,,open,36.95383178,-81.078759,POINT(-81.078759 36.95383178)
01bb24de-cc45-4508-a8ac-ce86be585a85,Phillips 66,,gas_station,0.9199122190475464,"{Foursquare,Overture,Overture-signals,Overture-signals,Overture-signals,Overture-signals,Overture-signals,Overture-signals,Overture-signals,Overture-signals,Overture-signals,Overture-signals}",2001 Dekalb Ave,Sycamore,IL,60178,(815) 756-7498,http://www.phillips66gas.com,,,open,41.96573781137472,-88.72003705704333,POINT(-88.72003705704333 41.96573781137472)
01bbf300-d92b-4e62-b7c1-69b064dd0e35,Marathon Gas,,gas_station,0.85,"{Microsoft,Overture}",3778 E Highway 27,Iron Station,NC,28080,7047356511,http://mymarathonstation.com/StoreHome/121970,,,,35.4683522,-81.1756682,POINT(-81.1756682 35.4683522)
01bc9bbd-5ddb-4727-8785-9b66efb13ee5,Chevron,Chevron,gas_station,0.9902192950248718,"{meta,Overture,Overture-signals,Overture-signals,Overture-signals,Overture-signals,Overture-signals,Overture-signals,Overture-signals,Overture-signals,Overture-signals,Overture-signals}",90 Madera Blvd,Corte Madera,CA,94925-1227,+14159459865,http://www.chevron.com/,,{https://www.facebook.com/164806043565284},open,37.92948101,-122.51653333,POINT(-122.51653333 37.92948101)
01bd32fa-a4aa-42fb-b6bc-987f97723f99,Shell,Shell,gas_station,0.9902192950248718,"{meta,Overture,Overture-signals,Overture-signals,Overture-signals,Overture-signals,Overture-signals,Overture-signals,Overture-signals,Overture-signals,Overture-signals,Overture-signals}",2080 Summit Row Blvd,Powell,OH,43065-9273,+16147641847,https://find.shell.com/us/fuel/12419847-2080-summit-row-blvd,shellcustomercare@shell.com,{https://www.facebook.com/559160567291398},open,40.1341107,-83.07149014,POINT(-83.07149014 40.1341107)
01bd3857-86d0-403a-87d0-2da4dbb756a1,Titan,Titan,gas_station,0.9902192950248718,"{meta,Overture,Overture-signals,Overture-signals,Overture-signals,Overture-signals,Overture-signals,Overture-signals,Overture-signals,Overture-signals,Overture-signals,Overture-signals}",43 Main Ave,Passaic,NJ,07055-4418,+19737781234,,titanservicecenter@gmail.com,{https://www.facebook.com/421753711318682},open,40.84188362,-74.13261462,POINT(-74.13261462 40.84188362)
01bd9e58-40b4-40d4-a1b1-d22aec311800,Texaco with Techron,Texaco with Techron,gas_station,0.5538766980171204,"{meta,Overture}",8964 MS-12,Ackerman,MS,39735-9121,+6622859501,https://www.texaco.com/,,{https://www.facebook.com/2384818141609408},,33.320766,-89.176465,POINT(-89.176465 33.320766)
01bf2b6a-8628-4bb4-bce2-11f0efccdd2d,Shell,Shell,gas_station,0.9199122190475464,"{meta,Overture,Overture-signals,Overture-signals,Overture-signals,Overture-signals,Overture-signals,Overture-signals,Overture-signals,Overture-signals,Overture-signals,Overture-signals}",3001 Olympic Hwy N,Shelton,WA,98584-2962,+13604267224,https://find.shell.com/us/fuel/10013237-3001-olympic-hwy-n,,{https://www.facebook.com/102560537071480},open,47.22959921,-123.12668884,POINT(-123.12668884 47.22959921)
01bf60f6-6697-43b2-a582-244ff953c2eb,Sunoco Gas Station,,gas_station,0.9902192950248718,"{Microsoft,Overture,Overture-signals,Overture-signals,Overture-signals,Overture-signals,Overture-signals,Overture-signals,Overture-signals,Overture-signals,Overture-signals,Overture-signals}",3311 Jodeco Rd,Jonesboro,GA,30236,7704772125,https://www.sunoco.com/locations/store/3311-joedeco-rd-jonesboro-ga-0656030400,,,open,33.5086288452148,-84.2830581665039,POINT(-84.2830581665039 33.5086288452148)
01bff094-9915-427b-a1f0-fc16f8489950,Chevron Station Fort Worth,,gas_station,0.9199122190475464,"{Microsoft,Overture,Overture-signals,Overture-signals,Overture-signals,Overture-signals,Overture-signals,Overture-signals,Overture-signals,Overture-signals,Overture-signals,Overture-signals}",1400 Eastchase Pkwy,Fort Worth,TX,76120,2108215900,"",,,open,32.758945,-97.167573,POINT(-97.167573 32.758945)
01c01d4b-faf1-4c0a-afcc-8a99feaba0c2,Sunoco 10 Plant/ Tank Farm,,gas_station,0.5551682710647583,"{meta,Overture}","",Marcus Hook,PA,19061,,,,{https://www.facebook.com/2158900384333895},,39.819608,-75.422331,POINT(-75.422331 39.819608)
01c1085c-318e-46ee-868a-ee2307d5593e,Speedway,,gas_station,1,"{DAC,Overture}",7600 Richmond Highway,Alexandria,VA,22306,+17036606513,https://www.speedway.com,,"{https://www.facebook.com/SpeedwayStores,https://www.instagram.com/speedwaystores/,https://www.speedway.com/products/food,https://www.tiktok.com/@speedwaystores,https://twitter.com/Speedway,https://www.youtube.com/user/SpeedwayCStores}",,38.75192,-77.08387,POINT(-77.08387 38.75192)
01c1c2ba-05f9-4809-b525-7da552b79a95,Shell,Shell,gas_station,0.9199122190475464,"{meta,Overture,Overture-signals,Overture-signals,Overture-signals,Overture-signals,Overture-signals,Overture-signals,Overture-signals,Overture-signals,Overture-signals,Overture-signals}",616 Broadway,Sonoma,CA,95476-7002,+17079964106,https://find.shell.com/us/fuel/10008363-616-broadway,shellcustomercare@shell.com,{https://www.facebook.com/133236920601485},open,38.28975222,-122.45802969,POINT(-122.45802969 38.28975222)
01c1fc3c-dc53-4076-b6a3-3d9808d843d3,Frenchman Valley Coop,,gas_station,0.9199122190475464,"{Foursquare,Overture,Overture-signals,Overture-signals,Overture-signals,Overture-signals,Overture-signals,Overture-signals,Overture-signals,Overture-signals,Overture-signals,Overture-signals}",582 2nd St,Chappell,NE,69129,(308) 874-2600,https://www.cenex.com,,,open,41.092777,-102.473894,POINT(-102.473894 41.092777)
01c20f35-9f10-4bfb-8b1a-93764efa58e5,Shell,,gas_station,0.9199122190475464,"{Foursquare,Overture,Overture-signals,Overture-signals,Overture-signals,Overture-signals,Overture-signals,Overture-signals,Overture-signals,Overture-signals,Overture-signals,Overture-signals}",4061 MS-15,Maben,MS,39750,(662) 268-1221,https://find.shell.com/us/fuel/10012030-4061-highway-15,shellcustomercare@shell.com,"{https://www.twitter.com/shell,https://www.facebook.com/200969413280005}",open,33.55539437389118,-89.08439952854798,POINT(-89.08439952854798 33.55539437389118)
01c25b59-44e4-4052-bd6f-0a07268a27e4,Shell,,gas_station,0.9199122190475464,"{Microsoft,Overture,Overture-signals,Overture-signals,Overture-signals,Overture-signals,Overture-signals,Overture-signals,Overture-signals,Overture-signals,Overture-signals,Overture-signals}",1598 54th Ave N,St Petersburg,FL,33703,7275258252,https://find.shell.com/us/fuel/10048540-1598-54th-ave-n,,,open,27.82088098,-82.65472779,POINT(-82.65472779 27.82088098)
01c34ddc-c8ca-48e3-be11-c9f1513c4f41,Parker's,,gas_station,0.4225425124168396,"{meta,Overture}",227 Jackson St,Newnan,GA,30263-1157,+17702534512,http://parkersav.com/home,,{https://www.facebook.com/111134052282491},,33.392683,-84.800324,POINT(-84.800324 33.392683)
01c40c50-e5c9-40c9-8845-053e7eea7561,Shell,Shell,gas_station,0.9199122190475464,"{meta,Overture,Overture-signals,Overture-signals,Overture-signals,Overture-signals,Overture-signals,Overture-signals,Overture-signals,Overture-signals,Overture-signals,Overture-signals}",806 Highway 51 N,Brookhaven,MS,39601-2341,+16018333681,http://www.shell.us/,shellcustomercare@shell.com,{https://www.facebook.com/326859401106400},open,31.59503431,-90.45386877,POINT(-90.45386877 31.59503431)
01c44db9-8c4b-4cb6-aedd-e6a3f13c0e39,Exxon,,gas_station,0.9655,"{Microsoft,Overture}",6406 White Horse Road,Greenville,SC,29617,8642941032,https://www.exxon.com/en/find-station/exxon-greenville-sc-express-200323604?utm_medium=referral&utm_source=yxt-bing&utm_campaign=us_fue_ret_xom_yxt,,,,34.865359076924655,-82.46311099003114,POINT(-82.46311099003114 34.865359076924655)
01c4893f-7624-4dc9-8803-5d3eb50a266e,Texaco,,gas_station,0.9199122190475464,"{Foursquare,Overture,Overture-signals,Overture-signals,Overture-signals,Overture-signals,Overture-signals,Overture-signals,Overture-signals,Overture-signals,Overture-signals,Overture-signals}",2699 W Oakland Park Blvd,Oakland Park,FL,33311,(954) 484-6525,https://www.texaco.com,fueltek@chevron.com,"{https://www.facebook.com/1162329117157138,https://www.instagram.com/texacowithtechron}",open,26.166152036084757,-80.17842969405291,POINT(-80.17842969405291 26.166152036084757)
01c4fb1b-f065-40c7-8335-8136a8bb14b6,Mobil,Exxon & Mobil Stations,gas_station,0.9199122190475464,"{meta,Overture,Overture-signals,Overture-signals,Overture-signals,Overture-signals,Overture-signals,Overture-signals,Overture-signals,Overture-signals,Overture-signals,Overture-signals}",6335 Dempster St,Morton Grove,IL,60053-2849,+18479660444,https://www.exxon.com/en/find-station/200318670,,{https://www.facebook.com/169936330268772},open,42.04069949,-87.78571652,POINT(-87.78571652 42.04069949)
01c5f146-5745-4b04-8e8d-c4b50344f691,Exxon,,gas_station,0.9199122190475464,"{meta,Overture,Overture-signals,Overture-signals,Overture-signals,Overture-signals,Overture-signals,Overture-signals,Overture-signals,Overture-signals,Overture-signals,Overture-signals}",402 Jones Ave,Oak Hill,WV,25901-2904,+13044693252,https://www.exxon.com/en/find-station/200313722,,{https://www.facebook.com/228361433851741},open,37.97242093,-81.14894464,POINT(-81.14894464 37.97242093)
01c5f909-036a-4247-9eb1-d5dccc7a1428,Pacific Pride Cardlock,,gas_station,0.47546666860580444,"{meta,Overture}",2200 W Dickman Rd,Springfield,MI,49037-4864,+18006544244,,,{https://www.facebook.com/162616734309717},,42.319317500000004,-85.22176300000001,POINT(-85.22176300000001 42.319317500000004)
01c601f4-f07a-4bcf-ad6f-5d871e2802b6,Shell,Shell,gas_station,0.9199122190475464,"{meta,Overture,Overture-signals,Overture-signals,Overture-signals,Overture-signals,Overture-signals,Overture-signals,Overture-signals,Overture-signals,Overture-signals,Overture-signals}",1701 E Madison St,Seattle,WA,98122-2732,+12063249916,https://find.shell.com/us/fuel/10005936-1701-e-madison-st,shellcustomercare@shell.com,{https://www.facebook.com/130431314222074},open,47.61559986,-122.30990445,POINT(-122.30990445 47.61559986)
01c6131f-c4f6-4953-a998-b3b694cf503c,BP,BP,gas_station,0.9199122190475464,"{AllThePlaces,Overture,Overture-signals,Overture-signals,Overture-signals,Overture-signals,Overture-signals,Overture-signals,Overture-signals,Overture-signals,Overture-signals,Overture-signals}",409 S 7th St,Kentland,IN,47951,,,,,open,40.76200954,-87.43858049,POINT(-87.43858049 40.76200954)
01c65d41-679f-4d67-bc1c-6de2f02c3fa3,Shell,Shell,gas_station,0.9902192950248718,"{meta,Overture,Overture-signals,Overture-signals,Overture-signals,Overture-signals,Overture-signals,Overture-signals,Overture-signals,Overture-signals,Overture-signals,Overture-signals}",675 Gossett Rd,Spartanburg,SC,29307-5423,+18645794121,https://find.shell.com/us/fuel/10071443-675-gossett-rd,shellcustomercare@shell.com,{https://www.facebook.com/596916264029527},open,35.02354023,-81.87505736,POINT(-81.87505736 35.02354023)
01c6f2db-47ab-4c59-9ace-1a3d83d0ca6c,bp,bp,gas_station,0.9902192950248718,"{meta,Overture,Overture-signals,Overture-signals,Overture-signals,Overture-signals,Overture-signals,Overture-signals,Overture-signals,Overture-signals,Overture-signals,Overture-signals}",2908 W Villard Ave,Milwaukee,WI,53209-4802,+14144641967,https://map.bp.com/en-US/US/gas-station/milwaukee/bp/45280399549085320900100000000000,bpconsumer@bp.com,{https://www.facebook.com/110817176279571},open,43.11200917,-87.94937799,POINT(-87.94937799 43.11200917)
01c6f41a-ccf9-4724-8667-e17c9acb7582,Shell,,gas_station,0.77,"{Foursquare,Overture}",2024 US Highway 78 E,Oxford,AL,36203,(256) 831-0585,http://www.shell.us/ontheroad,,"{https://www.twitter.com/Shell_US,https://www.instagram.com/shell}",,33.63001776559453,-85.80663643280373,POINT(-85.80663643280373 33.63001776559453)
01c716fd-1c01-4b88-a878-92ca2e1580e2,bp,bp,gas_station,0.9902192950248718,"{meta,Overture,Overture-signals,Overture-signals,Overture-signals,Overture-signals,Overture-signals,Overture-signals,Overture-signals,Overture-signals,Overture-signals,Overture-signals}",27848 Van Dyke Ave,Warren,MI,48093-7220,+15865588532,https://map.bp.com/en-US/US/gas-station/warren/bp/02159719918484809300100000000000,bpconsumer@bp.com,{https://www.facebook.com/113612576025725},open,42.49880971,-83.02753406,POINT(-83.02753406 42.49880971)
01c7d0cf-7f37-4b75-8406-bd24c29561e7,Meijer Gas,,gas_station,0.77,"{Foursquare,Overture}",1101 13 Mile Rd,Madison Heights,MI,48071,(248) 307-4900,http://www.meijer.com/content/content_leftnav_manual.jsp?pageName=meijer_gas,,"{https://www.twitter.com/meijer,https://www.facebook.com/90250031635}",,42.52100528947915,-83.09507671662284,POINT(-83.09507671662284 42.52100528947915)
01c84d61-7be3-4091-a95b-692e71397f06,Phillips 66,,gas_station,0.9199122190475464,"{DAC,Overture,Overture-signals,Overture-signals,Overture-signals,Overture-signals,Overture-signals,Overture-signals,Overture-signals,Overture-signals,Overture-signals,Overture-signals}",601 S Scott Blvd,Columbia,MO,65203,+15738142915,https://www.phillips66gas.com/,,"{https://www.facebook.com/Phillips66Gas,https://www.instagram.com/phillips66gas/,https://www.twitter.com/Phillips66Gas,https://www.youtube.com/@Phillips66Co}",open,38.949914,-92.399761,POINT(-92.399761 38.949914)
01c88ef8-491d-4696-a97f-3bdef00d3587,76,,gas_station,1,"{DAC,Overture,Overture-signals,Overture-signals,Overture-signals}",7900 Ogontz Ave,Philadelphia,PA,19150,+12154242322,https://www.76.com/,,"{https://www.facebook.com/76gas/,https://www.instagram.com/76/,https://www.twitter.com/76,https://www.youtube.com/@Phillips66Co}",open,40.072845,-75.158283,POINT(-75.158283 40.072845)
01c8c66d-5feb-4b0b-b908-dd666a56640a,Conoco,,gas_station,1,"{DAC,Overture,Overture-signals,Overture-signals,Overture-signals}",1500 W Keiser Ave,Osceola,AR,72370,+18005275476,https://www.conoco.com/,,"{https://www.facebook.com/conoco/,https://www.instagram.com/conoco/,https://www.twitter.com/Conoco,https://www.youtube.com/@Phillips66Co}",open,35.698249,-89.995442,POINT(-89.995442 35.698249)
01c8d9f0-2b29-4fa9-974d-4384af3c260c,Mobil,Exxon & Mobil Stations,gas_station,0.9996382163167,"{meta,Overture}",87 New Canaan Ave,Norwalk,CT,06850-2614,+12038460777,https://www.exxon.com/en,newcanaanave87@aol.com,{https://www.facebook.com/693177251100560},,41.12698241,-73.43177666,POINT(-73.43177666 41.12698241)
01c93729-5bf0-40f5-82f0-bfab90225f2b,76,,gas_station,0.9199122190475464,"{Microsoft,Overture,Overture-signals,Overture-signals,Overture-signals,Overture-signals,Overture-signals,Overture-signals,Overture-signals,Overture-signals,Overture-signals,Overture-signals}",21494 Foothill Blvd,Hayward,CA,94541,5106776559,https://www.76.com/station/U76-HAYWARD-0000919573/?utm_source=Bing&utm_medium=local&utm_campaign=bing-local,,,open,37.684136,-122.09019,POINT(-122.09019 37.684136)
01c96c32-f62f-4a34-b3c6-6ee0b5dd12b4,81 Express,,gas_station,0.9199122190475464,"{meta,Overture,Overture-signals,Overture-signals,Overture-signals,Overture-signals,Overture-signals,Overture-signals,Overture-signals,Overture-signals,Overture-signals,Overture-signals}",201 S Chisholm Trl,Dover,OK,73734,+14058284660,,,{https://www.facebook.com/125565394181308},open,35.97973904,-97.91205357,POINT(-97.91205357 35.97973904)
01cafd50-cdbf-45f7-8fd5-aae3dacc2fe0,Meijer Express Gas Station,,gas_station,0.9993049214482308,"{meta,Overture}",1500 E Alexis Rd,Toledo,OH,43612-3952,+14197272029,https://www.meijer.com/shopping/store-locator/118.html,,{https://www.facebook.com/287454431919622},,41.72248807,-83.51125572,POINT(-83.51125572 41.72248807)
01cb5114-ca58-4114-8793-2bb853f7a9e2,Chevron,,gas_station,0.77,"{Foursquare,Overture}",950 W Nasa Pkwy,Webster,TX,77598,(832) 640-9234,https://www.chevron.com,,"{https://www.twitter.com/chevron,https://www.facebook.com/431744650466,https://www.instagram.com/chevron}",,29.531478216004476,-95.12759551058997,POINT(-95.12759551058997 29.531478216004476)
01cb975d-0167-4ff0-8948-b351625688b0,Global Reach Mini Mall,,gas_station,0.9902192950248718,"{meta,Overture,Overture-signals,Overture-signals,Overture-signals,Overture-signals,Overture-signals,Overture-signals,Overture-signals,Overture-signals,Overture-signals,Overture-signals}",13471 Sergeant Major Blvd,Fort Bliss,TX,79918-8069,+19155665479,,,{https://www.facebook.com/113088648888942},open,31.83676034,-106.36552342,POINT(-106.36552342 31.83676034)
01cbdc05-0621-4a0a-a043-cd5bbcfb848e,ARCO,ARCO,gas_station,0.9902192950248718,"{meta,Overture,Overture-signals,Overture-signals,Overture-signals,Overture-signals,Overture-signals,Overture-signals,Overture-signals,Overture-signals,Overture-signals,Overture-signals}",4410 N Virginia St,Reno,NV,89506-9024,+17754101525,https://www.arco.com/en-us/southwest/find-a-station/,,{https://www.facebook.com/796105657213426},open,39.56853588,-119.82406751,POINT(-119.82406751 39.56853588)
01cc0f42-263a-4f6a-a702-f626bc67297d,Chevron Station Broussard,,gas_station,0.85,"{Microsoft,Overture}",8119 Highway 90 E,Broussard,LA,70518,3373657280,"",,,,30.0696235,-91.938787,POINT(-91.938787 30.0696235)
01cc323a-f2bb-4310-bbdb-4ebff8fa793d,CAT Scale,,truck_gas_station,0.9199122190475464,"{Microsoft,Overture,Overture-signals,Overture-signals,Overture-signals,Overture-signals,Overture-signals,Overture-signals,Overture-signals,Overture-signals,Overture-signals,Overture-signals}",12334 Ehlen Rd NE,Aurora,OR,97002,5036781262,http://catscale.com/?utm_medium=yext&utm_source=bing,,,open,45.2345936,-122.8093078,POINT(-122.8093078 45.2345936)
01cc47e9-cbbf-49c0-a4b1-ea00eef5388e,Mobil,Exxon & Mobil Stations,gas_station,0.9994930825233459,"{meta,Overture}",1107 S Patrick Dr,Satellite Beach,FL,32937-3929,+13217770794,https://www.exxon.com/en,tupperwarequeen97@gmail.com,{https://www.facebook.com/1223540037817909},,28.18295599,-80.60585964,POINT(-80.60585964 28.18295599)
01cc6966-936b-4dbb-8d8a-8ed4d7fbebf5,Valero,,gas_station,0.9199122190475464,"{Foursquare,Overture,Overture-signals,Overture-signals,Overture-signals,Overture-signals,Overture-signals,Overture-signals,Overture-signals,Overture-signals,Overture-signals,Overture-signals}",4833 Troup Hwy,Tyler,TX,75703,(903) 561-1149,http://www.valero.com,,,open,32.297742,-95.264691,POINT(-95.264691 32.297742)
01cd33e8-c8cd-4ae8-aa7a-ee346d054286,BP,,gas_station,0.9902192950248718,"{Microsoft,Overture,Overture-signals,Overture-signals,Overture-signals,Overture-signals,Overture-signals,Overture-signals,Overture-signals,Overture-signals,Overture-signals,Overture-signals}",4845 Alabama Rd NE,Roswell,GA,30075,6784038085,https://map.bp.com/en-US/US/gas-station/roswell/bp/128003,,,open,34.06672115,-84.42550374,POINT(-84.42550374 34.06672115)
01cd3a88-8e79-46dc-a71c-e9e6121c544e,bp,bp,gas_station,0.9199122190475464,"{meta,Overture,Overture-signals,Overture-signals,Overture-signals,Overture-signals,Overture-signals,Overture-signals,Overture-signals,Overture-signals,Overture-signals,Overture-signals}",10843 Montgomery Rd,Cincinnati,OH,45242-3212,+15134897047,https://map.bp.com/en-US/US/gas-station/cincinnati/bp/51316902168434524200100000000000,bpconsumer@bp.com,{https://www.facebook.com/1878101052451707},open,39.25979437,-84.33995966,POINT(-84.33995966 39.25979437)
01cdb319-0b5f-42f0-874f-6b08c3b7a916,Shell,Shell,gas_station,0.9199122190475464,"{meta,Overture,Overture-signals,Overture-signals,Overture-signals,Overture-signals,Overture-signals,Overture-signals,Overture-signals,Overture-signals,Overture-signals,Overture-signals}",1501 N Central Expy,Plano,TX,75075-7022,+19724242703,https://find.shell.com/us/fuel/10000827-1501-n-central-expy,shellcustomercare@shell.com,{https://www.facebook.com/1938460649772170},open,33.02003789,-96.71034117,POINT(-96.71034117 33.02003789)
01ce199a-f281-4cb2-abdd-4f90799ddb08,Chevron,Chevron,gas_station,0.9199122190475464,"{meta,Overture,Overture-signals,Overture-signals,Overture-signals,Overture-signals,Overture-signals,Overture-signals,Overture-signals,Overture-signals,Overture-signals,Overture-signals}",6901 Coral Way,Miami,FL,33155-1705,+13052659990,http://www.chevron.com/,chevroncoralway@gmail.com,{https://www.facebook.com/1897323527154777},open,25.7485309,-80.30710445,POINT(-80.30710445 25.7485309)
01ced658-b45d-42ad-ba07-90783d46e11b,Mobile 2000,,gas_station,0.4051273763179779,"{meta,Overture}",3259 N Harlem Ave,Chicago,IL,60634-4502,+17732831212,http://mobile-2000.com,,{https://www.facebook.com/164200853607154},,41.939702,-87.80662,POINT(-87.80662 41.939702)
01cf5c69-f9a3-4e0a-9964-23b1661671b1,WESTFIELD GULF,Gulf,gas_station,0.9199122190475464,"{AllThePlaces,Overture,Overture-signals,Overture-signals,Overture-signals,Overture-signals,Overture-signals,Overture-signals,Overture-signals,Overture-signals,Overture-signals,Overture-signals}",278 Elm St,Westfield,MA,01085,,https://www.gulfinc.com/westfield-gulf,,,open,42.126826,-72.747839,POINT(-72.747839 42.126826)
01cf7a25-98d7-43b2-8380-bc38291f4c29,bp,bp,gas_station,0.9199122190475464,"{meta,Overture,Overture-signals,Overture-signals,Overture-signals,Overture-signals,Overture-signals,Overture-signals,Overture-signals,Overture-signals,Overture-signals,Overture-signals}",7200 N Cicero Ave,Lincolnwood,IL,60712-1612,+18476739900,https://map.bp.com/en-US/US/gas-station/lincolnwood/bp/32237785252006071200100000000000,bpconsumer@bp.com,{https://www.facebook.com/126302031336096},open,42.0121447,-87.74822136,POINT(-87.74822136 42.0121447)
01cfbbd0-d3c9-4568-aa32-bdaf54988ea6,Shell,Shell,gas_station,0.9199122190475464,"{meta,Overture,Overture-signals,Overture-signals,Overture-signals,Overture-signals,Overture-signals,Overture-signals,Overture-signals,Overture-signals,Overture-signals,Overture-signals}",100 Tyson Ave,Paris,TN,38242-4537,+17316422700,https://find.shell.com/us/fuel/10087281-100-tyson-ave,shellcustomercare@shell.com,{https://www.facebook.com/253986665090126},open,36.30193031,-88.30975469,POINT(-88.30975469 36.30193031)
01d1f432-2636-4c39-9959-8e2ee9da9261,PetroCard Pacific Pride,,gas_station,0.9199122190475464,"{Microsoft,Overture,Overture-signals,Overture-signals,Overture-signals,Overture-signals,Overture-signals,Overture-signals,Overture-signals,Overture-signals,Overture-signals,Overture-signals}",970 13th St SE,Salem,OR,97302,8009503835,https://www.petrocard.com/,,,open,44.9282162,-123.0289492,POINT(-123.0289492 44.9282162)
01d22c33-f7da-4450-85a0-20e091dadf5c,Stubbs Oil Co Inc,,gas_station,0.8641870021820068,"{meta,Overture}",10911 US Highway 301 S,Statesboro,GA,30458-7732,+19126812261,https://stubbs-oil-co-inc-ga-24.hub.biz/,,{https://www.facebook.com/122641874459241},,32.39759533,-81.82069619,POINT(-81.82069619 32.39759533)
01d30f39-7c16-4b03-8316-df98587a949a,Chevron,Chevron,gas_station,0.9996819361805915,"{meta,Overture}",1601 Mission St,San Francisco,CA,94103-2413,+14155589274,https://www.chevronwithtechron.com/en_us/home/find-a-station.html?/station/1601-MISSION-ST-SAN-FRANCISCO-CA-94103-2413-id203721,,{https://www.facebook.com/283019835109612},,37.77213132,-122.41890655,POINT(-122.41890655 37.77213132)
01d31f5d-ecab-428a-82e4-69ce94b48e17,ARCO,ARCO,gas_station,0.9902192950248718,"{meta,Overture,Overture-signals,Overture-signals,Overture-signals,Overture-signals,Overture-signals,Overture-signals,Overture-signals,Overture-signals,Overture-signals,Overture-signals}",3611 W Imperial Hwy,Inglewood,CA,90303-2713,+14242278099,https://www.arco.com/en-us/southwest/find-a-station/,,{https://www.facebook.com/101970904681863},open,33.93114769,-118.33538101,POINT(-118.33538101 33.93114769)
01d3907e-d8fb-4888-b665-76ca706a568a,Chevron,Chevron,gas_station,0.9199122190475464,"{meta,Overture,Overture-signals,Overture-signals,Overture-signals,Overture-signals,Overture-signals,Overture-signals,Overture-signals,Overture-signals,Overture-signals,Overture-signals}",15505 Wallisville Rd,Houston,TX,77049-4611,+12814599028,http://www.chevron.com/,,{https://www.facebook.com/138413746222443},open,29.8094513,-95.16255572,POINT(-95.16255572 29.8094513)
01d4f5b0-1bbd-4dd6-b991-cec95603a09b,Shell,Shell,gas_station,0.9902192950248718,"{meta,Overture,Overture-signals,Overture-signals,Overture-signals,Overture-signals,Overture-signals,Overture-signals,Overture-signals,Overture-signals,Overture-signals,Overture-signals}",2595 N University Dr,Sunrise,FL,33322-3054,+19547463571,http://www.shell.us/,shellcustomercare@shell.com,{https://www.facebook.com/244274709111075},open,26.15638354,-80.25771027,POINT(-80.25771027 26.15638354)
01d54c89-e57d-4a69-95ce-f3c8029ef4d6,Shell,Shell,gas_station,0.9199122190475464,"{meta,Overture,Overture-signals,Overture-signals,Overture-signals,Overture-signals,Overture-signals,Overture-signals,Overture-signals,Overture-signals,Overture-signals,Overture-signals}",244 N Locust St,Manteno,IL,60950-1221,+18154688751,https://find.shell.com/us/fuel/10047570-244-n-locust-st,shellcustomercare@shell.com,{https://www.facebook.com/1717106008593016},open,41.2511314,-87.83142042,POINT(-87.83142042 41.2511314)
01d62b83-7ce4-47a5-b0e1-ec704df6f72e,Little General,,gas_station,0.9199122190475464,"{Foursquare,Overture,Overture-signals,Overture-signals,Overture-signals,Overture-signals,Overture-signals,Overture-signals,Overture-signals,Overture-signals,Overture-signals,Overture-signals}",2304 2nd St,Richlands,VA,24641,(276) 964-2453,http://bp.com,ir@bp.com,,open,37.09511201236691,-81.80555328004517,POINT(-81.80555328004517 37.09511201236691)
01d6bd13-a52f-4f99-a251-09d32fd98658,Mobil,,gas_station,0.9902192950248718,"{Microsoft,Overture,Overture-signals,Overture-signals,Overture-signals,Overture-signals,Overture-signals,Overture-signals,Overture-signals,Overture-signals,Overture-signals,Overture-signals}",4350 Bee Ridge Rd,Sarasota,FL,34233,9413711315,https://www.exxon.com/en/find-station/mobil-sarasota-fl-southeastmart-200309204?utm_medium=referral&utm_source=yxt-bing&utm_campaign=us_fue_ret_xom_yxt,,,open,27.298434650216773,-82.48137766749382,POINT(-82.48137766749382 27.298434650216773)
01d71eb1-6dfa-42d7-99e9-9cc2e4ead297,Shell,,gas_station,0.9199122190475464,"{Microsoft,Overture,Overture-signals,Overture-signals,Overture-signals,Overture-signals,Overture-signals,Overture-signals,Overture-signals,Overture-signals,Overture-signals,Overture-signals}",12307 N Lakeshore Dr,Lake Stevens,WA,98258,4253348786,https://find.shell.com/us/fuel/12767395-12307-n-lakeshore-dr/en_US,,,open,48.01525057,-122.063946,POINT(-122.063946 48.01525057)
01d76814-a4d4-4f49-8fe2-b295af00b3e9,Valero,Valero Energy,gas_station,0.9199122190475464,"{meta,Overture,Overture-signals,Overture-signals,Overture-signals,Overture-signals,Overture-signals,Overture-signals,Overture-signals,Overture-signals,Overture-signals,Overture-signals}",10009 Donner Pass Rd,Truckee,CA,96161-0316,+15305825529,http://www.valero.com,,{https://www.facebook.com/462788213905221},open,39.32810939,-120.18387844,POINT(-120.18387844 39.32810939)
01d9b1e9-3d46-4882-84f9-8bb622e9b00d,CAT Scale,,truck_gas_station,0.9655,"{Microsoft,Overture}",15587 M 60,Tekonsha,MI,49092,5177674135,http://catscale.com/?utm_medium=yext&utm_source=bing,,,,42.10655166618572,-84.98904908705045,POINT(-84.98904908705045 42.10655166618572)
01d9decc-afd9-4242-9370-685b74fa5b4e,Chevron Station Thomaston,,gas_station,0.9199122190475464,"{Microsoft,Overture,Overture-signals,Overture-signals,Overture-signals,Overture-signals,Overture-signals,Overture-signals,Overture-signals,Overture-signals,Overture-signals,Overture-signals}",2000 Barnesville Hwy,Thomaston,GA,30286,4787811234,"",,,open,32.9130227,-84.2931926,POINT(-84.2931926 32.9130227)
01da17fa-f54d-4b6d-b2a2-996b5b42a1b6,Sinclair Gas Station,,gas_station,0.85,"{Microsoft,Overture}",226 Railroad Ave,New Albin,IA,52160,5635444265,https://stations.sinclairoil.com/ia/new-albin/226-railroad-ave,,,,43.4977475,-91.2885637,POINT(-91.2885637 43.4977475)
01dc5777-5973-435b-a3ca-7abddc5a0511,Gulf Oil,,gas_station,0.77,"{Foursquare,Overture}",397 Great Plain Ave,Needham,MA,02492,(508) 444-9637,https://www.gulfoilltd.com,,,,42.27622918383478,-71.21495216256069,POINT(-71.21495216256069 42.27622918383478)
01dd91ed-57ff-4670-a997-937f6975375d,Mobil,Exxon & Mobil Stations,gas_station,0.9998442865416407,"{meta,Overture}",520 E Putnam Ave,Greenwich,CT,06830-4806,+12033021018,https://www.exxon.com/en,,{https://www.facebook.com/362649594371729},,41.03639506,-73.60644012,POINT(-73.60644012 41.03639506)
01dde4e6-de88-40d4-88f0-595224ec781e,Chevron Station Zapata,,gas_station,0.85,"{Microsoft,Overture}",503 US Highway 83,Zapata,TX,78076,9567650940,"",,,,26.89198,-99.2621961,POINT(-99.2621961 26.89198)
01e135ac-2736-4565-8dfc-f1263772db03,Shell,Shell,gas_station,0.9902192950248718,"{meta,Overture,Overture-signals,Overture-signals,Overture-signals,Overture-signals,Overture-signals,Overture-signals,Overture-signals,Overture-signals,Overture-signals,Overture-signals}",18701 Mack Ave,Detroit,MI,48236-3243,+13138862390,https://find.shell.com/us/fuel/10009439-18701-mack-ave,shellcustomercare@shell.com,{https://www.facebook.com/134655177122498},open,42.4144829,-82.91189694,POINT(-82.91189694 42.4144829)
01e28ab1-cef2-493d-aaf8-91d26bd92d23,CAT Scale,,truck_gas_station,0.9199122190475464,"{Microsoft,Overture,Overture-signals,Overture-signals,Overture-signals,Overture-signals,Overture-signals,Overture-signals,Overture-signals,Overture-signals,Overture-signals,Overture-signals}",979 E Paige Ave,Tulare,CA,93274,5596860206,http://catscale.com/?utm_medium=yext&utm_source=bing,,,open,36.181250759138095,-119.33325217605122,POINT(-119.33325217605122 36.181250759138095)
01e2c2b5-39e3-4a62-8e88-e966e77f0075,Chevron,Chevron,gas_station,0.9199122190475464,"{meta,Overture,Overture-signals,Overture-signals,Overture-signals,Overture-signals,Overture-signals,Overture-signals,Overture-signals,Overture-signals,Overture-signals,Overture-signals}",28010 Highway 190,Lacombe,LA,70445-3278,+19852189577,http://www.chevron.com/,inquirychevronibu@chevron.com,{https://www.facebook.com/254535981593482},open,30.31304462,-89.94262197,POINT(-89.94262197 30.31304462)
01e42e1d-9be0-4693-a14c-05aba2262c36,Bp Clermont Fl,,gas_station,0.7007348537445068,"{meta,Overture}",,Clermont,FL,,,http://www.bp.com/,,{https://www.facebook.com/176448652387701},,28.543578890499425,-81.68088709252334,POINT(-81.68088709252334 28.543578890499425)
01e46673-745c-4854-8692-4b60bd776a93,Mobil,,gas_station,0.9902192950248718,"{Microsoft,Overture,Overture-signals,Overture-signals,Overture-signals,Overture-signals,Overture-signals,Overture-signals,Overture-signals,Overture-signals,Overture-signals,Overture-signals}",2755 Main St,Wappingers Falls,NY,12590,"",https://www.exxon.com/en/find-station/mobil-wappingersfalls-ny-wappingersfalls2755main-200326260?utm_medium=referral&utm_source=yxt-bing&utm_campaign=us_fue_ret_xom_yxt,,,open,41.60511340367142,-73.92177059449483,POINT(-73.92177059449483 41.60511340367142)
01e512dc-f2c7-4cfe-b893-7d17c5198075,Shell,Shell,gas_station,0.9199122190475464,"{meta,Overture,Overture-signals,Overture-signals,Overture-signals,Overture-signals,Overture-signals,Overture-signals,Overture-signals,Overture-signals,Overture-signals,Overture-signals}",450 Grand Ave,Del Norte,CO,81132-2205,+17196572118,http://www.shell.us/ontheroad,,{https://www.facebook.com/378161436101556},open,37.67918561,-106.35638441,POINT(-106.35638441 37.67918561)
01e567df-84a6-49e0-8b32-45769540530a,Chevron,Chevron,gas_station,0.9199122190475464,"{AllThePlaces,Overture,Overture-signals,Overture-signals,Overture-signals,Overture-signals,Overture-signals,Overture-signals,Overture-signals,Overture-signals,Overture-signals,Overture-signals}",1211 E VISTA WAY,VISTA,CA,92084-4039,,https://www.chevronwithtechron.com/en_us/home/gas-station-near-me.html?/station/1211-E-VISTA-WAY-VISTA-CA-92084-4039-id90348,,,open,33.2176261,-117.2254234,POINT(-117.2254234 33.2176261)
01e59de5-2dcb-4043-aeb4-218aa951c7d9,Giant Industries Inc 6803,,gas_station,0.6266849637031555,"{meta,Overture}",6176 US-64,Bloomfield,NM,87413-9776,+15056322975,https://www.phillips66gas.com/,,{https://www.facebook.com/157825344249404},,36.706408,-108.021276,POINT(-108.021276 36.706408)
01e6395f-d8df-4f5a-bb13-c6c76b0b800d,BP,bp,gas_station,0.999836155796051,"{meta,Overture}",502 Center St,Durand,IL,61024,+18152483449,https://map.bp.com/en-US/US/gas-station/durand/bp/83810164355026102400100000000000,bpconsumer@bp.com,{https://www.facebook.com/106171597866600},,42.42794216,-89.33162655,POINT(-89.33162655 42.42794216)
01e6f99d-735d-41f9-96c0-e6090a3892c5,Pilot Travel Center,Pilot Flying J,gas_station,0.9722161889076233,"{meta,Overture,Overture-signals,Overture-signals,Overture-signals,Overture-signals,Overture-signals}",103 Grimshaw St,Rayville,LA,71269-5522,+13187284100,https://locations.pilotflyingj.com/us/la/rayville/103-grimshaw-st,travelcenter.335@pilottravelcenters.com,{https://www.facebook.com/200888370070140},open,32.45945616,-91.75945377,POINT(-91.75945377 32.45945616)
01e85559-b6c2-4b95-ba5d-65f9438bb83d,LUKOIL,,gas_station,0.9902192950248718,"{DAC,Overture,Overture-signals,Overture-signals,Overture-signals,Overture-signals,Overture-signals,Overture-signals,Overture-signals,Overture-signals,Overture-signals,Overture-signals}",921 Route 73,Mount Laurel,NJ,08054,+18562358683,http://www.lukoilamericas.com,pjhelpdesk@lukoilusa.com,"{https://www.facebook.com/Lukoil.en/,https://twitter.com/lukoilengl}",open,39.931986,-74.960946,POINT(-74.960946 39.931986)
01e8ed9c-cce0-494e-a2c2-e3b0a8ab964c,Chevron Station Parowan,,gas_station,0.85,"{Microsoft,Overture}",200 N Main St,Parowan,UT,84761,4355866931,"",,,,37.84908113,-112.827738,POINT(-112.827738 37.84908113)
01e91654-8a2a-4dd9-a1d2-b27bae00fd38,Shell,,gas_station,0.9199122190475464,"{Foursquare,Overture,Overture-signals,Overture-signals,Overture-signals,Overture-signals,Overture-signals,Overture-signals,Overture-signals,Overture-signals,Overture-signals,Overture-signals}",931 E Washington St,Winchester,IN,47394,(765) 584-7052,http://www.shell.us/ontheroad,shellcustomercare@shell.com,{https://www.twitter.com/Shell_US},open,40.172569489399315,-84.96413190952107,POINT(-84.96413190952107 40.172569489399315)
01eb1964-916f-435a-93ec-4870ae604147,Exxon,,gas_station,0.9992819477915764,"{meta,Overture}",301 N Johnson St,Alice,TX,78332-4421,+13616680643,https://www.exxon.com/en/find-station/200316152,,{https://www.facebook.com/190909940949338},,27.75325378,-98.08285855,POINT(-98.08285855 27.75325378)
01eb243c-62ec-4670-88d6-5b93ef24d08c,Conoco,,gas_station,1,"{DAC,Overture,Overture-signals,Overture-signals,Overture-signals}",14311 Highway 231 431 N,Hazel Green,AL,35750,+12054863434,https://www.conoco.com/,,"{https://www.facebook.com/conoco/,https://www.instagram.com/conoco/,https://www.twitter.com/Conoco,https://www.youtube.com/@Phillips66Co}",open,34.935627,-86.57241,POINT(-86.57241 34.935627)
01ec7cbe-3a90-468d-85b6-6128440a37f5,bp,bp,gas_station,0.9199122190475464,"{meta,Overture,Overture-signals,Overture-signals,Overture-signals,Overture-signals,Overture-signals,Overture-signals,Overture-signals,Overture-signals,Overture-signals,Overture-signals}",4600 Highway 58,Chattanooga,TN,37416-3031,+14238947569,https://map.bp.com/en-US/US/gas-station/chattanooga/bp/12944953536003741600100000000000,bpconsumer@bp.com,{https://www.facebook.com/125302335764502},open,35.08524342,-85.19377688,POINT(-85.19377688 35.08524342)
01eef176-0661-40b4-a4f3-9b9276e7a171,Marathon,,gas_station,0.9199122190475464,"{Foursquare,Overture,Overture-signals,Overture-signals,Overture-signals,Overture-signals,Overture-signals,Overture-signals,Overture-signals,Overture-signals,Overture-signals,Overture-signals}",15333 Lebanon Rd,Old Hickory,TN,37138,(615) 754-2208,http://www.marathon.com,,,open,36.217487,-86.58296,POINT(-86.58296 36.217487)
01f066be-9b57-4125-a010-58b59e193054,Exxon,,gas_station,0.9199122190475464,"{Foursquare,Overture,Overture-signals,Overture-signals,Overture-signals,Overture-signals,Overture-signals,Overture-signals,Overture-signals,Overture-signals,Overture-signals,Overture-signals}",2361 Bulverde Rd,Bulverde,TX,78163,(830) 438-2265,http://exxon.com,,,open,29.74427032470703,-98.45355224609375,POINT(-98.45355224609375 29.74427032470703)
01f26007-e9d6-47c0-bf97-9bbf9e75c5ef,Citgo,Citgo,gas_station,0.9199122190475464,"{meta,Overture,Overture-signals,Overture-signals,Overture-signals,Overture-signals,Overture-signals,Overture-signals,Overture-signals,Overture-signals,Overture-signals,Overture-signals}",1428 Effingham St,Portsmouth,VA,23704-4718,+17573970051,http://www.citgo.com/,,{https://www.facebook.com/229554130726507},open,36.82807021,-76.30668985,POINT(-76.30668985 36.82807021)
01f34316-1585-4664-a8d0-61338f639dd9,CITGO,Citgo,gas_station,0.9199122190475464,"{meta,Overture,Overture-signals,Overture-signals,Overture-signals,Overture-signals,Overture-signals,Overture-signals,Overture-signals,Overture-signals,Overture-signals,Overture-signals}",199 Concord Ave,Cambridge,MA,02138-1334,+16178763388,http://www.citgo.com/,info@citgo.com,{https://www.facebook.com/276152639227266},open,42.3826672,-71.13105534,POINT(-71.13105534 42.3826672)
01f3aaea-2680-4e97-b763-ca9894f20024,United Oil,United Pacific,gas_station,0.9199122190475464,"{meta,Overture,Overture-signals,Overture-signals,Overture-signals,Overture-signals,Overture-signals,Overture-signals,Overture-signals,Overture-signals,Overture-signals,Overture-signals}",7204 Van Nuys Blvd,Van Nuys,CA,91405-2257,+18187809525,http://www.unitedoilco.com/,,{https://www.facebook.com/159447694104407},open,34.20153753,-118.44860825,POINT(-118.44860825 34.20153753)
01f4d8aa-d7e1-445c-b32f-12a07ff6057d,Centerville Mart Chervon,,gas_station,0.9199122190475464,"{Foursquare,Overture,Overture-signals,Overture-signals,Overture-signals,Overture-signals,Overture-signals,Overture-signals,Overture-signals,Overture-signals,Overture-signals,Overture-signals}",2700 Centerville Rd,Tallahassee,FL,32308,(850) 385-0038,http://chevron.com,,,open,30.4879507024176,-84.22689412793906,POINT(-84.22689412793906 30.4879507024176)
01f54f63-6911-4da1-bdcb-e8fa68a53088,Palmer Service Station,,gas_station,0.9199122190475464,"{meta,Overture,Overture-signals,Overture-signals,Overture-signals,Overture-signals,Overture-signals,Overture-signals,Overture-signals,Overture-signals,Overture-signals,Overture-signals}",201 N Penn St,Palmer,KS,66962-7004,+17856924580,,psspalmer@bluevalley.net,{https://www.facebook.com/142589835813256},open,39.63151761,-97.13834487,POINT(-97.13834487 39.63151761)
01f59bfa-4ae8-4239-b1a5-7aa22f235f28,Exxon,,gas_station,0.9199122190475464,"{Foursquare,Overture,Overture-signals,Overture-signals,Overture-signals,Overture-signals,Overture-signals,Overture-signals,Overture-signals,Overture-signals,Overture-signals,Overture-signals}",615 Middleton Rd,Winona,MS,38967,(662) 283-5749,http://www.exxon.com,waray2@optonline.net,,open,33.48745743726647,-89.73823306170578,POINT(-89.73823306170578 33.48745743726647)
01f608d4-0a96-4d3f-b991-9d5c04c9c557,Marathon,,gas_station,0.77,"{Foursquare,Overture}",1350 N Belmont Ave,Springfield,OH,45503,(937) 399-4618,http://www.marathon.com,,,,39.93940359633352,-83.77760058368067,POINT(-83.77760058368067 39.93940359633352)
01f73fdf-c88a-4c16-ac56-5d24887f7b99,Mobil,Exxon & Mobil Stations,gas_station,0.9989638062417507,"{meta,Overture}",1451 Washington St,Hanover,MA,02339-1664,+17818262709,https://www.exxon.com/en,,{https://www.facebook.com/449004272501294},,42.14593361,-70.84471825,POINT(-70.84471825 42.14593361)
01f77d8a-9797-40c2-abba-de4e2c6822a6,Shell,,gas_station,0.77,"{Foursquare,Overture}",Route 561 And Gibbsboro Road,Gibbsboro,NJ,08026,(856) 783-0968,http://www.shell.us/ontheroad,,{https://www.twitter.com/Shell_US},,39.84193103744492,-74.96246968056947,POINT(-74.96246968056947 39.84193103744492)
01f79d1a-b0e1-4f01-9d5d-bea883f293c4,Shell,Shell,gas_station,0.9199122190475464,"{meta,Overture,Overture-signals,Overture-signals,Overture-signals,Overture-signals,Overture-signals,Overture-signals,Overture-signals,Overture-signals,Overture-signals,Overture-signals}",13605 W Sunrise Blvd,Sunrise,FL,33323-3201,+19548380488,http://www.shell.us/,shellcustomercare@shell.com,{https://www.facebook.com/117635714963843},open,26.14648608,-80.33079154,POINT(-80.33079154 26.14648608)
01f85ee1-5000-4d6f-8368-4e17d078e621,CAT Scale,,truck_gas_station,0.9199122190475464,"{Microsoft,Overture,Overture-signals,Overture-signals,Overture-signals,Overture-signals,Overture-signals,Overture-signals,Overture-signals,Overture-signals,Overture-signals,Overture-signals}",1509 Rose St,Edna,TX,77957,3617826700,http://catscale.com/?utm_medium=yext&utm_source=bing,,,open,28.988554854589765,-96.62522058096829,POINT(-96.62522058096829 28.988554854589765)
01f90443-2bb1-4610-ab5c-39726f1ace4e,Marathon Gas,,gas_station,0.9655,"{Microsoft,Overture}",3701 Nc 89 Highway E,Walnut Cove,NC,27052,3365914848,http://mymarathonstation.com/StoreHome/2626,,,,36.3518778,-80.1553094,POINT(-80.1553094 36.3518778)
01f9cca2-f0b7-42c4-9574-e77daa4cad1f,Wearmasters Super Center,,gas_station,0.5271287560462952,"{meta,Overture}",3949 E 8 Mile Rd,Warren,MI,48091-2417,+15863817330,https://oilchangewarrenmi.com,,{https://www.facebook.com/1304183403004742},,42.447864,-83.065454,POINT(-83.065454 42.447864)
01faab6d-7cdc-43ba-9cfa-58fb2b3d5a7b,Exxon,,gas_station,0.9655,"{Microsoft,Overture}",7100 Indian Head Highway,Bryans Road,MD,20616,"",https://www.exxon.com/en/find-station/exxon-bryansroad-md-matthewsroad1034-200325894?utm_medium=referral&utm_source=yxt-bing&utm_campaign=us_fue_ret_xom_yxt,,,,38.62903359465127,-77.0700365103751,POINT(-77.0700365103751 38.62903359465127)
