job_id,source_id,status,enqueued_at,started_at,finished_at,message
130,nws_alerts,done,2026-07-22 09:35:15.617805+00,2026-07-22 09:44:58.030629+00,2026-07-22 09:44:58.030629+00,"claimed by test, not run"
300,nti_tunnels,done,2026-07-22 09:45:22.275482+00,2026-07-22 09:45:22.906031+00,2026-07-22 09:45:22.906031+00,"claimed by test, not run"
301,wzdx_wa,done,2026-07-22 09:45:22.275482+00,2026-07-22 09:45:22.906031+00,2026-07-22 09:45:22.906031+00,"claimed by test, not run"
302,nws_alerts,done,2026-07-22 09:45:22.275482+00,2026-07-22 09:45:22.906031+00,2026-07-22 09:45:22.906031+00,"claimed by test, not run"
303,wzdx_az,done,2026-07-22 09:45:22.275482+00,2026-07-22 09:45:22.906031+00,2026-07-22 09:45:22.906031+00,"claimed by test, not run"
304,wzdx_ks,done,2026-07-22 09:45:22.275482+00,2026-07-22 09:45:22.906031+00,2026-07-22 09:45:22.906031+00,"claimed by test, not run"
305,wzdx_mn,done,2026-07-22 09:45:22.275482+00,2026-07-22 09:45:22.906031+00,2026-07-22 09:45:22.906031+00,"claimed by test, not run"
348,quality_rescore,done,2026-07-22 09:45:22.888313+00,2026-07-22 09:45:22.906031+00,2026-07-22 09:45:22.906031+00,"claimed by test, not run"
350,quality_rescore,done,2026-07-22 09:45:22.978343+00,2026-07-22 09:45:22.995168+00,2026-07-22 09:45:22.995168+00,"claimed by test, not run"
397,nti_tunnels,done,2026-07-22 09:45:34.372327+00,2026-07-22 09:45:34.748369+00,2026-07-22 09:45:34.748369+00,"claimed by test, not run"
398,wzdx_wa,done,2026-07-22 09:45:34.372327+00,2026-07-22 09:45:34.748369+00,2026-07-22 09:45:34.748369+00,"claimed by test, not run"
399,nws_alerts,done,2026-07-22 09:45:34.372327+00,2026-07-22 09:45:34.748369+00,2026-07-22 09:45:34.748369+00,"claimed by test, not run"
400,wzdx_az,done,2026-07-22 09:45:34.372327+00,2026-07-22 09:45:34.748369+00,2026-07-22 09:45:34.748369+00,"claimed by test, not run"
401,wzdx_ks,done,2026-07-22 09:45:34.372327+00,2026-07-22 09:45:34.748369+00,2026-07-22 09:45:34.748369+00,"claimed by test, not run"
402,wzdx_mn,done,2026-07-22 09:45:34.372327+00,2026-07-22 09:45:34.748369+00,2026-07-22 09:45:34.748369+00,"claimed by test, not run"
418,quality_rescore,done,2026-07-22 09:45:34.734042+00,2026-07-22 09:45:34.748369+00,2026-07-22 09:45:34.748369+00,"claimed by test, not run"
466,nti_tunnels,done,2026-07-22 09:45:42.650785+00,2026-07-22 09:45:42.770995+00,2026-07-22 09:45:42.770995+00,"claimed by test, not run"
467,wzdx_wa,done,2026-07-22 09:45:42.650785+00,2026-07-22 09:45:42.770995+00,2026-07-22 09:45:42.770995+00,"claimed by test, not run"
468,nws_alerts,done,2026-07-22 09:45:42.650785+00,2026-07-22 09:45:42.770995+00,2026-07-22 09:45:42.770995+00,"claimed by test, not run"
469,wzdx_az,done,2026-07-22 09:45:42.650785+00,2026-07-22 09:45:42.770995+00,2026-07-22 09:45:42.770995+00,"claimed by test, not run"
470,wzdx_ks,done,2026-07-22 09:45:42.650785+00,2026-07-22 09:45:42.770995+00,2026-07-22 09:45:42.770995+00,"claimed by test, not run"
471,wzdx_mn,done,2026-07-22 09:45:42.650785+00,2026-07-22 09:45:42.770995+00,2026-07-22 09:45:42.770995+00,"claimed by test, not run"
475,quality_rescore,done,2026-07-22 09:45:42.757496+00,2026-07-22 09:45:42.770995+00,2026-07-22 09:45:42.770995+00,"claimed by test, not run"
477,nti_tunnels,done,2026-07-22 09:45:45.370956+00,2026-07-22 09:45:45.493814+00,2026-07-22 09:45:45.493814+00,"claimed by test, not run"
478,wzdx_wa,done,2026-07-22 09:45:45.370956+00,2026-07-22 09:45:45.493814+00,2026-07-22 09:45:45.493814+00,"claimed by test, not run"
479,nws_alerts,done,2026-07-22 09:45:45.370956+00,2026-07-22 09:45:45.493814+00,2026-07-22 09:45:45.493814+00,"claimed by test, not run"
480,wzdx_az,done,2026-07-22 09:45:45.370956+00,2026-07-22 09:45:45.493814+00,2026-07-22 09:45:45.493814+00,"claimed by test, not run"
481,wzdx_ks,done,2026-07-22 09:45:45.370956+00,2026-07-22 09:45:45.493814+00,2026-07-22 09:45:45.493814+00,"claimed by test, not run"
482,wzdx_mn,done,2026-07-22 09:45:45.370956+00,2026-07-22 09:45:45.493814+00,2026-07-22 09:45:45.493814+00,"claimed by test, not run"
486,quality_rescore,done,2026-07-22 09:45:45.478962+00,2026-07-22 09:45:45.493814+00,2026-07-22 09:45:45.493814+00,"claimed by test, not run"
488,nti_tunnels,done,2026-07-22 09:45:48.190066+00,2026-07-22 09:45:48.39509+00,2026-07-22 09:45:48.39509+00,"claimed by test, not run"
489,wzdx_wa,done,2026-07-22 09:45:48.190066+00,2026-07-22 09:45:48.39509+00,2026-07-22 09:45:48.39509+00,"claimed by test, not run"
490,nws_alerts,done,2026-07-22 09:45:48.190066+00,2026-07-22 09:45:48.39509+00,2026-07-22 09:45:48.39509+00,"claimed by test, not run"
491,wzdx_az,done,2026-07-22 09:45:48.190066+00,2026-07-22 09:45:48.39509+00,2026-07-22 09:45:48.39509+00,"claimed by test, not run"
492,wzdx_ks,done,2026-07-22 09:45:48.190066+00,2026-07-22 09:45:48.39509+00,2026-07-22 09:45:48.39509+00,"claimed by test, not run"
493,wzdx_mn,done,2026-07-22 09:45:48.190066+00,2026-07-22 09:45:48.39509+00,2026-07-22 09:45:48.39509+00,"claimed by test, not run"
497,quality_rescore,done,2026-07-22 09:45:48.376026+00,2026-07-22 09:45:48.39509+00,2026-07-22 09:45:48.39509+00,"claimed by test, not run"
499,nti_tunnels,done,2026-07-22 09:45:52.463749+00,2026-07-22 09:45:52.627637+00,2026-07-22 09:45:52.627637+00,"claimed by test, not run"
500,wzdx_wa,done,2026-07-22 09:45:52.463749+00,2026-07-22 09:45:52.627637+00,2026-07-22 09:45:52.627637+00,"claimed by test, not run"
501,nws_alerts,done,2026-07-22 09:45:52.463749+00,2026-07-22 09:45:52.627637+00,2026-07-22 09:45:52.627637+00,"claimed by test, not run"
502,wzdx_az,done,2026-07-22 09:45:52.463749+00,2026-07-22 09:45:52.627637+00,2026-07-22 09:45:52.627637+00,"claimed by test, not run"
503,wzdx_ks,done,2026-07-22 09:45:52.463749+00,2026-07-22 09:45:52.627637+00,2026-07-22 09:45:52.627637+00,"claimed by test, not run"
504,wzdx_mn,done,2026-07-22 09:45:52.463749+00,2026-07-22 09:45:52.627637+00,2026-07-22 09:45:52.627637+00,"claimed by test, not run"
508,quality_rescore,done,2026-07-22 09:45:52.609559+00,2026-07-22 09:45:52.627637+00,2026-07-22 09:45:52.627637+00,"claimed by test, not run"
939,nws_alerts,done,2026-07-22 10:09:49.4286+00,2026-07-22 10:10:26.953795+00,2026-07-22 10:10:29.128976+00,
944,quality_rescore,done,2026-07-22 10:10:06.478346+00,2026-07-22 10:10:29.318868+00,2026-07-22 10:10:53.455677+00,
5540,caltrans_cwwp2_cc_d02,done,2026-07-26 13:02:04.275484+00,2026-07-26 13:02:09.559772+00,2026-07-26 13:02:24.839116+00,
5541,caltrans_cwwp2_cc_d03,done,2026-07-26 13:02:04.275484+00,2026-07-26 13:02:25.015574+00,2026-07-26 13:02:33.11269+00,
5542,caltrans_cwwp2_cc_d09,done,2026-07-26 13:02:04.275484+00,2026-07-26 13:02:33.277122+00,2026-07-26 13:02:39.335333+00,
5543,eia_diesel,done,2026-07-26 13:02:04.275484+00,2026-07-26 13:02:39.490521+00,2026-07-26 13:03:15.180107+00,
5544,nws_alerts,done,2026-07-26 13:02:04.275484+00,2026-07-26 13:03:37.548156+00,2026-07-26 13:03:40.497585+00,
5545,wzdx_mn,done,2026-07-26 13:02:04.275484+00,2026-07-26 13:03:15.318493+00,2026-07-26 13:03:27.5742+00,
5546,wzdx_wa,done,2026-07-26 13:02:04.275484+00,2026-07-26 13:03:27.730948+00,2026-07-26 13:03:37.447461+00,
5547,ntad_parking,done,2026-07-26 13:02:04.275484+00,2026-07-26 13:03:40.780969+00,2026-07-26 13:03:45.967627+00,
5548,wzdx_az,done,2026-07-26 13:02:04.275484+00,2026-07-26 13:03:46.131429+00,2026-07-26 13:03:59.420311+00,
5549,wzdx_ks,done,2026-07-26 13:02:04.275484+00,2026-07-26 13:03:59.703793+00,2026-07-26 13:04:11.540877+00,
5558,nws_alerts,done,2026-07-26 13:14:06.101274+00,2026-07-26 13:14:09.864694+00,2026-07-26 13:14:23.484868+00,
5559,caltrans_cwwp2_cc_d02,done,2026-07-26 13:18:05.281475+00,2026-07-26 13:18:09.703432+00,2026-07-26 13:18:27.643871+00,
5560,caltrans_cwwp2_cc_d03,done,2026-07-26 13:18:05.281475+00,2026-07-26 13:18:28.0917+00,2026-07-26 13:18:41.3081+00,
5561,caltrans_cwwp2_cc_d09,done,2026-07-26 13:18:05.281475+00,2026-07-26 13:18:41.940087+00,2026-07-26 13:18:54.389641+00,
5562,wzdx_mn,done,2026-07-26 13:19:05.724955+00,2026-07-26 13:19:10.759331+00,2026-07-26 13:19:27.021328+00,
5563,wzdx_wa,done,2026-07-26 13:19:05.724955+00,2026-07-26 13:19:28.55877+00,2026-07-26 13:19:51.76071+00,
5564,wzdx_az,done,2026-07-26 13:19:05.724955+00,2026-07-26 13:19:55.297556+00,2026-07-26 13:20:28.617502+00,
5565,wzdx_ks,done,2026-07-26 13:19:05.724955+00,2026-07-26 13:20:29.697008+00,2026-07-26 13:20:48.039387+00,
5568,nws_alerts,done,2026-07-26 13:25:04.151691+00,2026-07-26 13:25:07.319496+00,2026-07-26 13:25:09.675208+00,
5569,caltrans_cwwp2_cc_d02,done,2026-07-26 13:34:04.715144+00,2026-07-26 13:34:08.829679+00,2026-07-26 13:34:16.51815+00,
5570,caltrans_cwwp2_cc_d03,done,2026-07-26 13:34:04.715144+00,2026-07-26 13:34:16.73363+00,2026-07-26 13:34:23.939754+00,
5571,caltrans_cwwp2_cc_d09,done,2026-07-26 13:34:04.715144+00,2026-07-26 13:34:24.034765+00,2026-07-26 13:34:29.837289+00,
5572,wzdx_mn,done,2026-07-26 13:35:04.509193+00,2026-07-26 13:35:05.649372+00,2026-07-26 13:35:45.687697+00,
5573,wzdx_wa,done,2026-07-26 13:35:04.509193+00,2026-07-26 13:35:45.804781+00,2026-07-26 13:35:49.457621+00,
5574,wzdx_az,done,2026-07-26 13:35:04.509193+00,2026-07-26 13:35:49.549605+00,2026-07-26 13:36:13.816787+00,
5575,nws_alerts,done,2026-07-26 13:36:07.314612+00,2026-07-26 13:36:13.978488+00,2026-07-26 13:36:17.625148+00,
5577,wzdx_ks,done,2026-07-26 13:36:07.314612+00,2026-07-26 13:36:17.757519+00,2026-07-26 13:36:33.113994+00,
5593,nws_alerts,done,2026-07-26 13:47:04.186623+00,2026-07-26 13:47:07.148436+00,2026-07-26 13:47:09.160929+00,
5617,caltrans_cwwp2_cc_d02,done,2026-07-27 03:54:05.220868+00,2026-07-27 03:54:09.081148+00,2026-07-27 03:54:41.324548+00,
5618,caltrans_cwwp2_cc_d03,done,2026-07-27 03:54:05.220868+00,2026-07-27 03:54:41.859897+00,2026-07-27 03:54:52.356453+00,
5619,caltrans_cwwp2_cc_d09,done,2026-07-27 03:54:05.220868+00,2026-07-27 03:54:52.522969+00,2026-07-27 03:54:59.269598+00,
5620,nws_alerts,done,2026-07-27 03:54:05.220868+00,2026-07-27 03:54:59.365224+00,2026-07-27 03:55:04.713363+00,
5621,wzdx_mn,done,2026-07-27 03:54:05.220868+00,2026-07-27 03:55:04.885754+00,2026-07-27 03:55:16.861477+00,
5622,wzdx_wa,done,2026-07-27 03:54:05.220868+00,2026-07-27 03:55:17.032131+00,2026-07-27 03:55:33.653445+00,
5623,wzdx_az,done,2026-07-27 03:54:05.220868+00,2026-07-27 03:55:34.447615+00,2026-07-27 03:55:59.295087+00,
5624,wzdx_ks,done,2026-07-27 03:54:05.220868+00,2026-07-27 03:55:59.478125+00,2026-07-27 03:56:22.441359+00,
5630,nws_alerts,done,2026-07-27 04:05:05.39119+00,2026-07-27 04:05:08.495112+00,2026-07-27 04:05:12.546965+00,
5631,caltrans_cwwp2_cc_d02,done,2026-07-27 04:10:05.185832+00,2026-07-27 04:10:07.138306+00,2026-07-27 04:10:16.834028+00,
5632,caltrans_cwwp2_cc_d03,done,2026-07-27 04:10:05.185832+00,2026-07-27 04:10:17.291105+00,2026-07-27 04:10:25.579002+00,
5633,caltrans_cwwp2_cc_d09,done,2026-07-27 04:10:05.185832+00,2026-07-27 04:10:25.74472+00,2026-07-27 04:10:32.20653+00,
5634,wzdx_mn,done,2026-07-27 04:10:05.185832+00,2026-07-27 04:10:32.362289+00,2026-07-27 04:10:50.902688+00,
5635,wzdx_wa,done,2026-07-27 04:11:05.716564+00,2026-07-27 04:11:06.493018+00,2026-07-27 04:11:13.981463+00,
5636,wzdx_az,done,2026-07-27 04:11:05.716564+00,2026-07-27 04:11:14.334053+00,2026-07-27 04:11:28.746571+00,
5637,wzdx_ks,done,2026-07-27 04:11:05.716564+00,2026-07-27 04:11:29.305069+00,2026-07-27 04:11:46.281455+00,
5638,nws_alerts,done,2026-07-27 04:16:05.40358+00,2026-07-27 04:16:10.240782+00,2026-07-27 04:16:13.418194+00,
5639,caltrans_cwwp2_cc_d02,done,2026-07-27 04:26:04.928881+00,2026-07-27 04:26:08.408522+00,2026-07-27 04:26:19.193734+00,
5640,caltrans_cwwp2_cc_d03,done,2026-07-27 04:26:04.928881+00,2026-07-27 04:26:20.148327+00,2026-07-27 04:26:29.210306+00,
5641,caltrans_cwwp2_cc_d09,done,2026-07-27 04:26:04.928881+00,2026-07-27 04:26:29.361851+00,2026-07-27 04:26:35.014236+00,
5642,wzdx_mn,done,2026-07-27 04:26:04.928881+00,2026-07-27 04:26:35.215792+00,2026-07-27 04:26:43.500452+00,
5643,nws_alerts,done,2026-07-27 04:27:04.899924+00,2026-07-27 04:27:09.44924+00,2026-07-27 04:27:12.492777+00,
5644,wzdx_wa,done,2026-07-27 04:27:04.899924+00,2026-07-27 04:27:12.662758+00,2026-07-27 04:27:16.716813+00,
5645,wzdx_az,done,2026-07-27 04:27:04.899924+00,2026-07-27 04:27:16.933162+00,2026-07-27 04:27:30.300384+00,
5646,wzdx_ks,done,2026-07-27 04:27:04.899924+00,2026-07-27 04:27:30.464839+00,2026-07-27 04:27:42.977529+00,
5669,caltrans_cwwp2_cc_d02,done,2026-07-27 04:42:05.056438+00,2026-07-27 04:42:07.425734+00,2026-07-27 04:42:15.54015+00,
5670,caltrans_cwwp2_cc_d03,done,2026-07-27 04:42:05.056438+00,2026-07-27 04:42:15.604347+00,2026-07-27 04:42:23.349828+00,
5671,caltrans_cwwp2_cc_d09,done,2026-07-27 04:42:05.056438+00,2026-07-27 04:42:23.718176+00,2026-07-27 04:42:28.960573+00,
5672,wzdx_mn,done,2026-07-27 04:42:05.056438+00,2026-07-27 04:42:29.041738+00,2026-07-27 04:42:35.615125+00,
5673,wzdx_wa,done,2026-07-27 04:43:04.935129+00,2026-07-27 04:43:06.936056+00,2026-07-27 04:43:12.163578+00,
5674,wzdx_az,done,2026-07-27 04:43:04.935129+00,2026-07-27 04:43:12.267301+00,2026-07-27 04:43:23.021458+00,
5675,wzdx_ks,done,2026-07-27 04:43:04.935129+00,2026-07-27 04:43:23.556862+00,2026-07-27 04:43:41.507229+00,
5676,nws_alerts,done,2026-07-27 04:48:04.923151+00,2026-07-27 04:48:09.441817+00,2026-07-27 04:48:41.000954+00,
5677,caltrans_cwwp2_cc_d02,done,2026-07-27 04:57:28.043766+00,2026-07-27 04:57:35.953402+00,2026-07-27 04:58:08.500307+00,
5678,caltrans_cwwp2_cc_d03,done,2026-07-27 04:57:28.043766+00,2026-07-27 04:58:12.475055+00,2026-07-27 04:58:36.158371+00,
5679,caltrans_cwwp2_cc_d09,done,2026-07-27 04:57:28.043766+00,2026-07-27 04:58:41.166393+00,2026-07-27 04:59:03.119276+00,
5683,wzdx_mn,done,2026-07-27 04:58:03.439655+00,2026-07-27 04:59:12.573312+00,2026-07-27 04:59:36.528527+00,
5684,nws_alerts,done,2026-07-27 05:02:25.545298+00,2026-07-27 05:02:25.934298+00,2026-07-27 05:02:37.005899+00,
5685,wzdx_wa,done,2026-07-27 05:02:25.545298+00,2026-07-27 05:02:43.177741+00,2026-07-27 05:03:25.925754+00,
5686,wzdx_az,done,2026-07-27 05:02:25.545298+00,2026-07-27 05:03:27.899605+00,2026-07-27 05:03:47.153907+00,
5687,wzdx_ks,done,2026-07-27 05:02:25.545298+00,2026-07-27 05:03:47.34368+00,2026-07-27 05:04:15.314549+00,
5692,caltrans_cwwp2_cc_d02,done,2026-07-27 05:14:56.103672+00,2026-07-27 05:15:02.182864+00,2026-07-27 05:15:33.360629+00,
5693,caltrans_cwwp2_cc_d03,done,2026-07-27 05:14:56.103672+00,2026-07-27 05:15:36.138584+00,2026-07-27 05:16:11.388088+00,
5694,caltrans_cwwp2_cc_d09,done,2026-07-27 05:14:56.103672+00,2026-07-27 05:16:11.516526+00,2026-07-27 05:16:17.044921+00,
5695,nws_alerts,done,2026-07-27 05:14:56.103672+00,2026-07-27 05:16:17.19867+00,2026-07-27 05:16:27.193908+00,
5696,wzdx_mn,done,2026-07-27 05:14:56.103672+00,2026-07-27 05:16:27.235716+00,2026-07-27 05:16:33.539468+00,
5706,wzdx_wa,done,2026-07-27 05:22:38.832536+00,2026-07-27 05:22:40.645306+00,2026-07-27 05:22:45.130607+00,
5707,wzdx_az,done,2026-07-27 05:22:38.832536+00,2026-07-27 05:22:45.280677+00,2026-07-27 05:23:59.006793+00,
5708,wzdx_ks,done,2026-07-27 05:22:38.832536+00,2026-07-27 05:24:03.184308+00,2026-07-27 05:25:14.215719+00,
5712,nws_alerts,done,2026-07-27 05:28:10.213023+00,2026-07-27 05:28:13.363966+00,2026-07-27 05:28:16.967253+00,
5714,caltrans_cwwp2_cc_d02,done,2026-07-27 05:36:41.496123+00,2026-07-27 05:36:56.741273+00,2026-07-27 05:38:05.682538+00,
5715,caltrans_cwwp2_cc_d03,done,2026-07-27 05:36:41.496123+00,2026-07-27 05:38:17.111429+00,2026-07-27 05:39:21.746951+00,
5716,caltrans_cwwp2_cc_d09,done,2026-07-27 05:36:41.496123+00,2026-07-27 05:39:26.929718+00,2026-07-27 05:40:32.161476+00,
5717,wzdx_mn,done,2026-07-27 05:36:41.496123+00,2026-07-27 05:40:37.588247+00,2026-07-27 05:41:11.120216+00,
5726,nws_alerts,done,2026-07-27 05:41:16.42678+00,2026-07-27 05:41:18.273165+00,2026-07-27 05:41:22.12788+00,
5727,wzdx_wa,done,2026-07-27 05:41:16.42678+00,2026-07-27 05:41:22.244253+00,2026-07-27 05:41:27.340779+00,
5728,wzdx_az,done,2026-07-27 05:41:16.42678+00,2026-07-27 05:41:28.966953+00,2026-07-27 05:42:48.921838+00,
5729,wzdx_ks,done,2026-07-27 05:41:16.42678+00,2026-07-27 05:42:56.211898+00,2026-07-27 05:43:41.368464+00,
5734,caltrans_cwwp2_cc_d02,done,2026-07-27 05:53:28.110477+00,2026-07-27 05:53:29.848045+00,2026-07-27 05:53:35.267298+00,
5735,nws_alerts,done,2026-07-27 05:53:28.110477+00,2026-07-27 05:53:35.845429+00,2026-07-27 05:53:38.913949+00,
5736,caltrans_cwwp2_cc_d03,done,2026-07-27 05:53:37.450224+00,2026-07-27 05:53:39.014964+00,2026-07-27 05:53:45.978294+00,
5738,caltrans_cwwp2_cc_d09,done,2026-07-27 05:54:42.124292+00,2026-07-27 05:54:48.178964+00,2026-07-27 05:55:37.037405+00,
5740,wzdx_az,done,2026-07-27 05:58:29.818758+00,2026-07-27 05:58:38.084418+00,2026-07-27 05:59:35.36024+00,
5741,wzdx_ks,done,2026-07-27 05:58:29.818758+00,2026-07-27 05:59:37.842492+00,2026-07-27 06:00:46.352458+00,
5742,wzdx_mn,done,2026-07-27 05:58:29.818758+00,2026-07-27 06:00:49.436229+00,2026-07-27 06:01:23.839295+00,
5743,wzdx_wa,done,2026-07-27 05:58:29.818758+00,2026-07-27 06:01:38.28353+00,2026-07-27 06:02:47.13754+00,
5747,nws_alerts,done,2026-07-27 06:05:43.595091+00,2026-07-27 06:05:53.83635+00,2026-07-27 06:06:21.570023+00,
5750,caltrans_cwwp2_cc_d02,done,2026-07-27 06:10:06.304022+00,2026-07-27 06:10:24.545845+00,2026-07-27 06:11:08.959409+00,
5751,caltrans_cwwp2_cc_d03,done,2026-07-27 06:10:06.304022+00,2026-07-27 06:11:23.448893+00,2026-07-27 06:12:26.973447+00,
5752,caltrans_cwwp2_cc_d09,done,2026-07-27 06:10:06.304022+00,2026-07-27 06:12:27.507952+00,2026-07-27 06:12:33.784532+00,
5757,wzdx_az,done,2026-07-27 06:14:47.333033+00,2026-07-27 06:14:49.769351+00,2026-07-27 06:14:59.076082+00,
5759,wzdx_ks,done,2026-07-27 06:15:05.059224+00,2026-07-27 06:15:09.355866+00,2026-07-27 06:18:10.175053+00,
5760,wzdx_mn,done,2026-07-27 06:18:42.61341+00,2026-07-27 06:18:47.414324+00,2026-07-27 06:20:06.85376+00,
5761,wzdx_wa,done,2026-07-27 06:18:42.61341+00,2026-07-27 06:20:09.853937+00,2026-07-27 06:20:25.528542+00,
5762,nws_alerts,done,2026-07-27 06:18:42.61341+00,2026-07-27 06:20:31.666713+00,2026-07-27 06:21:06.037452+00,
5771,caltrans_cwwp2_cc_d02,done,2026-07-27 06:25:58.473077+00,2026-07-27 06:25:59.601116+00,2026-07-27 06:26:07.479775+00,
5773,caltrans_cwwp2_cc_d03,done,2026-07-27 06:28:45.741176+00,2026-07-27 06:28:51.738066+00,2026-07-27 06:29:44.718981+00,
5774,caltrans_cwwp2_cc_d09,done,2026-07-27 06:28:45.741176+00,2026-07-27 06:29:57.952641+00,2026-07-27 06:30:49.344265+00,
5775,wzdx_az,done,2026-07-27 06:32:00.423603+00,2026-07-27 06:32:04.374688+00,2026-07-27 06:32:54.169413+00,
5776,wzdx_ks,done,2026-07-27 06:32:00.423603+00,2026-07-27 06:32:59.765498+00,2026-07-27 06:33:42.045969+00,
5777,nws_alerts,done,2026-07-27 06:32:00.423603+00,2026-07-27 06:33:46.531321+00,2026-07-27 06:34:18.156846+00,
5781,wzdx_mn,done,2026-07-27 06:35:01.205685+00,2026-07-27 06:35:22.454179+00,2026-07-27 06:36:10.183703+00,
5782,wzdx_wa,done,2026-07-27 06:36:42.506116+00,2026-07-27 06:37:02.310905+00,2026-07-27 06:37:19.118743+00,
5783,caltrans_cwwp2_cc_d02,done,2026-07-27 06:41:05.546046+00,2026-07-27 06:41:14.125198+00,2026-07-27 06:41:37.313438+00,
5784,caltrans_cwwp2_cc_d03,done,2026-07-27 06:44:56.858487+00,2026-07-27 06:45:23.660187+00,2026-07-27 06:46:20.750043+00,
5785,nws_alerts,done,2026-07-27 06:44:56.858487+00,2026-07-27 06:46:24.399464+00,2026-07-27 06:46:52.777382+00,
5787,caltrans_cwwp2_cc_d09,done,2026-07-27 06:46:35.617876+00,2026-07-27 06:46:59.526281+00,2026-07-27 06:47:19.882835+00,
5788,wzdx_az,done,2026-07-27 06:47:38.24159+00,2026-07-27 06:47:46.279924+00,2026-07-27 06:49:12.412872+00,
5791,wzdx_mn,done,2026-07-27 06:50:32.854186+00,2026-07-27 06:50:45.392527+00,2026-07-27 06:51:25.679477+00,
5792,wzdx_ks,done,2026-07-27 06:50:32.854186+00,2026-07-27 06:51:30.700408+00,2026-07-27 06:52:16.586744+00,
5798,wzdx_wa,done,2026-07-27 06:53:05.207239+00,2026-07-27 06:53:11.051659+00,2026-07-27 06:53:30.503688+00,
5799,caltrans_cwwp2_cc_d02,failed,2026-07-27 06:57:07.439569+00,2026-07-27 06:57:17.693621+00,2026-07-27 06:58:07.125429+00,"('Connection aborted.', ConnectionResetError(104, 'Connection reset by peer'))"
5800,nws_alerts,done,2026-07-27 06:57:07.439569+00,2026-07-27 06:58:23.94104+00,2026-07-27 06:59:15.609388+00,
5804,caltrans_cwwp2_cc_d03,done,2026-07-27 07:01:05.159874+00,2026-07-27 07:01:06.715763+00,2026-07-27 07:01:14.922277+00,
5805,caltrans_cwwp2_cc_d09,done,2026-07-27 07:02:05.242636+00,2026-07-27 07:02:06.762341+00,2026-07-27 07:02:12.742124+00,
5806,wzdx_az,done,2026-07-27 07:03:05.185491+00,2026-07-27 07:03:09.188203+00,2026-07-27 07:03:18.786101+00,
5807,caltrans_cwwp2_cc_d02,done,2026-07-27 07:03:05.185491+00,2026-07-27 07:03:19.067399+00,2026-07-27 07:03:26.958598+00,
5809,wzdx_mn,done,2026-07-27 07:06:00.688716+00,2026-07-27 07:06:05.789224+00,2026-07-27 07:06:13.857008+00,
5815,wzdx_ks,done,2026-07-27 07:07:05.125237+00,2026-07-27 07:07:06.022681+00,2026-07-27 07:07:20.217281+00,
5816,nws_alerts,done,2026-07-27 07:09:23.775957+00,2026-07-27 07:09:52.29579+00,2026-07-27 07:10:12.526675+00,
5817,wzdx_wa,done,2026-07-27 07:09:23.775957+00,2026-07-27 07:10:14.080447+00,2026-07-27 07:10:33.757956+00,
5835,caltrans_cwwp2_cc_d03,done,2026-07-27 07:17:05.156336+00,2026-07-27 07:17:08.43044+00,2026-07-27 07:17:20.864528+00,
5836,caltrans_cwwp2_cc_d09,done,2026-07-27 07:18:05.272251+00,2026-07-27 07:18:07.841778+00,2026-07-27 07:18:13.961709+00,
5837,wzdx_az,done,2026-07-27 07:19:05.213218+00,2026-07-27 07:19:10.728362+00,2026-07-27 07:19:44.733823+00,
5838,caltrans_cwwp2_cc_d02,done,2026-07-27 07:19:05.213218+00,2026-07-27 07:19:45.543318+00,2026-07-27 07:19:54.204266+00,
5839,nws_alerts,done,2026-07-27 07:20:05.170864+00,2026-07-27 07:20:09.928926+00,2026-07-27 07:20:18.256908+00,
5840,wzdx_mn,done,2026-07-27 07:22:04.89197+00,2026-07-27 07:22:06.554151+00,2026-07-27 07:22:13.393919+00,
5841,wzdx_ks,done,2026-07-27 07:23:00.982172+00,2026-07-27 07:23:05.208745+00,2026-07-27 07:23:17.125722+00,
5842,wzdx_wa,done,2026-07-27 07:26:00.743932+00,2026-07-27 07:26:01.452844+00,2026-07-27 07:26:08.674932+00,
5849,nws_alerts,done,2026-07-27 07:31:05.033517+00,2026-07-27 07:31:16.716889+00,2026-07-27 07:31:18.824238+00,
5866,caltrans_cwwp2_cc_d09,done,2026-07-27 07:34:05.11225+00,2026-07-27 07:34:09.954863+00,2026-07-27 07:34:14.378167+00,
5867,caltrans_cwwp2_cc_d02,done,2026-07-27 07:35:05.179602+00,2026-07-27 07:35:05.396007+00,2026-07-27 07:35:11.379256+00,
5868,wzdx_az,done,2026-07-27 07:35:05.179602+00,2026-07-27 07:35:11.641371+00,2026-07-27 07:35:22.039249+00,
5874,wzdx_mn,done,2026-07-27 07:38:05.17916+00,2026-07-27 07:38:06.954399+00,2026-07-27 07:38:14.278579+00,
5875,wzdx_ks,done,2026-07-27 07:39:05.326663+00,2026-07-27 07:39:06.203997+00,2026-07-27 07:39:22.182923+00,
5876,wzdx_wa,done,2026-07-27 07:41:05.290456+00,2026-07-27 07:41:10.122956+00,2026-07-27 07:41:14.007571+00,
5877,nws_alerts,done,2026-07-27 07:42:05.200495+00,2026-07-27 07:42:05.929756+00,2026-07-27 07:42:08.527262+00,
5878,caltrans_cwwp2_cc_d03,done,2026-07-27 07:48:05.168331+00,2026-07-27 07:48:09.901107+00,2026-07-27 07:48:17.751087+00,
5879,caltrans_cwwp2_cc_d09,done,2026-07-27 07:50:04.998596+00,2026-07-27 07:50:06.587349+00,2026-07-27 07:50:10.669599+00,
5880,caltrans_cwwp2_cc_d02,done,2026-07-27 07:51:05.224397+00,2026-07-27 07:51:07.425701+00,2026-07-27 07:51:14.227076+00,
5881,wzdx_az,done,2026-07-27 07:51:05.224397+00,2026-07-27 07:51:14.36273+00,2026-07-27 07:51:26.843913+00,
5882,nws_alerts,done,2026-07-27 07:53:05.058+00,2026-07-27 07:53:09.84144+00,2026-07-27 07:53:12.473533+00,
5883,wzdx_mn,done,2026-07-27 07:54:05.203456+00,2026-07-27 07:54:09.211249+00,2026-07-27 07:54:15.778728+00,
5884,wzdx_ks,done,2026-07-27 07:55:05.175577+00,2026-07-27 07:55:07.282788+00,2026-07-27 07:55:20.478287+00,
5885,wzdx_wa,done,2026-07-27 07:57:05.193715+00,2026-07-27 07:57:09.326017+00,2026-07-27 07:57:14.115756+00,
5886,caltrans_cwwp2_cc_d03,done,2026-07-27 08:04:05.208976+00,2026-07-27 08:04:07.595295+00,2026-07-27 08:04:15.896606+00,
5887,nws_alerts,done,2026-07-27 08:04:05.208976+00,2026-07-27 08:04:16.038247+00,2026-07-27 08:04:18.489684+00,
5888,caltrans_cwwp2_cc_d09,done,2026-07-27 08:06:05.208066+00,2026-07-27 08:06:06.610489+00,2026-07-27 08:06:11.32615+00,
5889,caltrans_cwwp2_cc_d02,done,2026-07-27 08:07:05.091122+00,2026-07-27 08:07:08.330758+00,2026-07-27 08:07:15.359296+00,
5890,wzdx_az,done,2026-07-27 08:07:05.091122+00,2026-07-27 08:07:15.514881+00,2026-07-27 08:07:26.802002+00,
5891,wzdx_mn,done,2026-07-27 08:10:05.203005+00,2026-07-27 08:10:06.906947+00,2026-07-27 08:10:13.729632+00,
5892,wzdx_ks,done,2026-07-27 08:11:05.206406+00,2026-07-27 08:11:05.545895+00,2026-07-27 08:11:22.432163+00,
5893,wzdx_wa,done,2026-07-27 08:13:04.923584+00,2026-07-27 08:13:05.440755+00,2026-07-27 08:13:10.380716+00,
5894,nws_alerts,done,2026-07-27 08:15:05.66459+00,2026-07-27 08:15:08.650612+00,2026-07-27 08:15:11.514579+00,
5895,caltrans_cwwp2_cc_d03,done,2026-07-27 08:20:05.133865+00,2026-07-27 08:20:05.94066+00,2026-07-27 08:20:14.503832+00,
5896,caltrans_cwwp2_cc_d09,done,2026-07-27 08:22:04.908854+00,2026-07-27 08:22:08.51815+00,2026-07-27 08:22:14.958269+00,
5897,wzdx_az,done,2026-07-27 08:23:05.221122+00,2026-07-27 08:23:06.846336+00,2026-07-27 08:23:17.299722+00,
5898,caltrans_cwwp2_cc_d02,done,2026-07-27 08:23:05.221122+00,2026-07-27 08:23:17.461072+00,2026-07-27 08:23:26.352519+00,
5905,nws_alerts,done,2026-07-27 08:26:04.91776+00,2026-07-27 08:26:07.020042+00,2026-07-27 08:26:16.88145+00,
5906,wzdx_mn,done,2026-07-27 08:26:04.91776+00,2026-07-27 08:26:16.961168+00,2026-07-27 08:26:24.900112+00,
5907,wzdx_ks,done,2026-07-27 08:27:05.203966+00,2026-07-27 08:27:14.874368+00,2026-07-27 08:27:45.581024+00,
5918,wzdx_wa,done,2026-07-27 08:29:04.926322+00,2026-07-27 08:29:08.049039+00,2026-07-27 08:29:12.178462+00,
5924,caltrans_cwwp2_cc_d03,done,2026-07-27 08:36:05.243145+00,2026-07-27 08:36:10.031421+00,2026-07-27 08:36:18.522114+00,
5925,nws_alerts,done,2026-07-27 08:37:05.175829+00,2026-07-27 08:37:10.199077+00,2026-07-27 08:37:12.625848+00,
5926,caltrans_cwwp2_cc_d09,done,2026-07-27 08:38:05.190976+00,2026-07-27 08:38:09.536622+00,2026-07-27 08:38:15.124166+00,
5927,wzdx_az,done,2026-07-27 08:39:04.403487+00,2026-07-27 08:39:07.05467+00,2026-07-27 08:39:15.032399+00,
5928,caltrans_cwwp2_cc_d02,done,2026-07-27 08:39:04.403487+00,2026-07-27 08:39:15.311728+00,2026-07-27 08:39:22.418179+00,
5929,wzdx_mn,done,2026-07-27 08:42:02.783228+00,2026-07-27 08:42:07.649011+00,2026-07-27 08:42:14.532318+00,
5930,wzdx_ks,done,2026-07-27 08:43:05.121346+00,2026-07-27 08:43:06.624953+00,2026-07-27 08:43:18.758552+00,
5931,wzdx_wa,done,2026-07-27 08:45:05.104042+00,2026-07-27 08:45:07.380356+00,2026-07-27 08:45:12.019822+00,
5932,nws_alerts,done,2026-07-27 08:48:05.181092+00,2026-07-27 08:48:07.408766+00,2026-07-27 08:48:09.737976+00,
5933,caltrans_cwwp2_cc_d03,done,2026-07-27 08:52:05.195104+00,2026-07-27 08:52:08.795808+00,2026-07-27 08:52:22.527109+00,
5934,caltrans_cwwp2_cc_d09,done,2026-07-27 08:54:05.253847+00,2026-07-27 08:54:06.83044+00,2026-07-27 08:54:13.281809+00,
5935,wzdx_az,done,2026-07-27 08:55:04.980463+00,2026-07-27 08:55:09.441709+00,2026-07-27 08:55:22.046232+00,
5936,caltrans_cwwp2_cc_d02,done,2026-07-27 08:55:04.980463+00,2026-07-27 08:55:22.144964+00,2026-07-27 08:55:29.955607+00,
5937,wzdx_mn,done,2026-07-27 08:58:05.105931+00,2026-07-27 08:58:09.195636+00,2026-07-27 08:58:17.033973+00,
5938,nws_alerts,done,2026-07-27 08:59:05.212671+00,2026-07-27 08:59:08.595053+00,2026-07-27 08:59:12.526568+00,
5939,wzdx_ks,done,2026-07-27 08:59:05.212671+00,2026-07-27 08:59:12.742961+00,2026-07-27 08:59:26.505894+00,
5940,wzdx_wa,done,2026-07-27 09:01:05.125929+00,2026-07-27 09:01:08.787516+00,2026-07-27 09:01:14.803913+00,
5941,caltrans_cwwp2_cc_d03,done,2026-07-27 09:08:05.158756+00,2026-07-27 09:08:06.974976+00,2026-07-27 09:08:15.361242+00,
5942,nws_alerts,done,2026-07-27 09:10:05.061288+00,2026-07-27 09:10:09.122737+00,2026-07-27 09:10:13.135855+00,
5943,caltrans_cwwp2_cc_d09,done,2026-07-27 09:10:05.061288+00,2026-07-27 09:10:13.287565+00,2026-07-27 09:10:19.82127+00,
5944,caltrans_cwwp2_cc_d02,done,2026-07-27 09:11:05.196086+00,2026-07-27 09:11:06.078127+00,2026-07-27 09:11:13.575931+00,
5945,wzdx_az,done,2026-07-27 09:11:05.196086+00,2026-07-27 09:11:13.761664+00,2026-07-27 09:11:25.001432+00,
5946,wzdx_mn,done,2026-07-27 09:14:05.160716+00,2026-07-27 09:14:09.334586+00,2026-07-27 09:14:30.324642+00,
5947,wzdx_ks,done,2026-07-27 09:15:04.992268+00,2026-07-27 09:15:07.786132+00,2026-07-27 09:15:19.955912+00,
5948,wzdx_wa,done,2026-07-27 09:17:05.224691+00,2026-07-27 09:17:07.950593+00,2026-07-27 09:17:13.586301+00,
5949,nws_alerts,done,2026-07-27 09:21:05.125107+00,2026-07-27 09:21:09.896932+00,2026-07-27 09:21:22.917623+00,
5950,caltrans_cwwp2_cc_d03,done,2026-07-27 09:24:05.21084+00,2026-07-27 09:24:09.186549+00,2026-07-27 09:24:17.183199+00,
5951,caltrans_cwwp2_cc_d09,done,2026-07-27 09:26:05.27812+00,2026-07-27 09:26:05.920555+00,2026-07-27 09:26:11.589369+00,
5952,caltrans_cwwp2_cc_d02,done,2026-07-27 09:27:05.202743+00,2026-07-27 09:27:08.294961+00,2026-07-27 09:27:16.819087+00,
5953,wzdx_az,done,2026-07-27 09:27:05.202743+00,2026-07-27 09:27:16.958381+00,2026-07-27 09:27:26.842575+00,
5954,wzdx_mn,done,2026-07-27 09:30:05.249605+00,2026-07-27 09:30:06.49986+00,2026-07-27 09:30:12.577135+00,
5955,wzdx_ks,done,2026-07-27 09:31:05.217011+00,2026-07-27 09:31:09.472905+00,2026-07-27 09:31:22.775025+00,
5956,nws_alerts,done,2026-07-27 09:32:05.118644+00,2026-07-27 09:32:09.466477+00,2026-07-27 09:32:12.19189+00,
5957,wzdx_wa,done,2026-07-27 09:33:05.130021+00,2026-07-27 09:33:09.068002+00,2026-07-27 09:33:15.341967+00,
5958,caltrans_cwwp2_cc_d03,done,2026-07-27 09:40:00.637091+00,2026-07-27 09:40:03.858309+00,2026-07-27 09:40:10.008135+00,
5959,caltrans_cwwp2_cc_d09,done,2026-07-27 09:42:03.160502+00,2026-07-27 09:42:03.975284+00,2026-07-27 09:42:09.887161+00,
5960,caltrans_cwwp2_cc_d02,done,2026-07-27 09:43:05.193784+00,2026-07-27 09:43:07.145957+00,2026-07-27 09:43:14.323823+00,
5961,wzdx_az,done,2026-07-27 09:43:05.193784+00,2026-07-27 09:43:15.055772+00,2026-07-27 09:43:24.843402+00,
5962,nws_alerts,done,2026-07-27 09:43:05.193784+00,2026-07-27 09:43:24.983472+00,2026-07-27 09:43:27.890881+00,
5963,wzdx_mn,done,2026-07-27 09:46:05.164254+00,2026-07-27 09:46:07.651083+00,2026-07-27 09:46:14.055492+00,
5964,wzdx_ks,done,2026-07-27 09:47:05.638229+00,2026-07-27 09:47:06.051819+00,2026-07-27 09:47:25.27704+00,
5965,wzdx_wa,done,2026-07-27 09:49:05.09412+00,2026-07-27 09:49:08.25327+00,2026-07-27 09:49:21.90607+00,
5966,nws_alerts,done,2026-07-27 09:54:05.196363+00,2026-07-27 09:54:06.255943+00,2026-07-27 09:54:09.13849+00,
5967,caltrans_cwwp2_cc_d03,done,2026-07-27 09:55:05.099025+00,2026-07-27 09:55:06.2566+00,2026-07-27 09:55:14.380813+00,
5968,caltrans_cwwp2_cc_d09,done,2026-07-27 09:58:00.913916+00,2026-07-27 09:58:05.275534+00,2026-07-27 09:58:11.74994+00,
5969,caltrans_cwwp2_cc_d02,done,2026-07-27 09:59:05.210684+00,2026-07-27 09:59:09.298025+00,2026-07-27 09:59:20.281151+00,
5970,wzdx_az,done,2026-07-27 09:59:05.210684+00,2026-07-27 09:59:21.021248+00,2026-07-27 09:59:31.502277+00,
5971,wzdx_mn,done,2026-07-27 10:02:05.291173+00,2026-07-27 10:02:06.801265+00,2026-07-27 10:02:15.731193+00,
5972,wzdx_ks,done,2026-07-27 10:03:04.962114+00,2026-07-27 10:03:07.777997+00,2026-07-27 10:03:24.466677+00,
5973,wzdx_wa,done,2026-07-27 10:05:04.878269+00,2026-07-27 10:05:07.862903+00,2026-07-27 10:05:28.614472+00,
5974,nws_alerts,done,2026-07-27 10:05:04.878269+00,2026-07-27 10:05:29.613547+00,2026-07-27 10:05:38.660553+00,
5975,caltrans_cwwp2_cc_d03,done,2026-07-27 10:11:05.235391+00,2026-07-27 10:11:10.099294+00,2026-07-27 10:11:18.481439+00,
5976,caltrans_cwwp2_cc_d09,done,2026-07-27 10:14:05.210594+00,2026-07-27 10:14:08.763043+00,2026-07-27 10:14:16.597629+00,
5977,caltrans_cwwp2_cc_d02,done,2026-07-27 10:15:09.786628+00,2026-07-27 10:15:13.321482+00,2026-07-27 10:15:21.484498+00,
5978,wzdx_az,done,2026-07-27 10:15:09.786628+00,2026-07-27 10:15:22.066883+00,2026-07-27 10:15:35.302058+00,
5979,nws_alerts,done,2026-07-27 10:16:06.734527+00,2026-07-27 10:16:11.724754+00,2026-07-27 10:16:15.246956+00,
5980,wzdx_mn,done,2026-07-27 10:17:17.365727+00,2026-07-27 10:17:22.359366+00,2026-07-27 10:17:33.348272+00,
5981,wzdx_ks,done,2026-07-27 10:18:13.311811+00,2026-07-27 10:18:17.549791+00,2026-07-27 10:18:34.183364+00,
5982,wzdx_wa,done,2026-07-27 10:21:27.885753+00,2026-07-27 10:21:17.30991+00,2026-07-27 10:21:36.661418+00,
5984,caltrans_cwwp2_cc_d03,done,2026-07-27 10:27:05.172612+00,2026-07-27 10:27:07.15328+00,2026-07-27 10:27:15.597864+00,
5985,nws_alerts,done,2026-07-27 10:27:05.172612+00,2026-07-27 10:27:15.749636+00,2026-07-27 10:27:17.925314+00,
5986,caltrans_cwwp2_cc_d09,done,2026-07-27 10:30:01.029291+00,2026-07-27 10:30:02.462395+00,2026-07-27 10:30:08.743064+00,
5987,caltrans_cwwp2_cc_d02,done,2026-07-27 10:31:05.273081+00,2026-07-27 10:31:05.83677+00,2026-07-27 10:31:13.609605+00,
5988,wzdx_az,done,2026-07-27 10:31:05.273081+00,2026-07-27 10:31:13.719019+00,2026-07-27 10:31:24.82703+00,
5989,wzdx_mn,done,2026-07-27 10:33:05.177642+00,2026-07-27 10:33:08.260798+00,2026-07-27 10:33:13.79163+00,
5990,wzdx_ks,done,2026-07-27 10:34:05.143325+00,2026-07-27 10:34:05.403815+00,2026-07-27 10:34:17.315577+00,
5998,wzdx_wa,done,2026-07-27 10:37:05.195114+00,2026-07-27 10:37:07.40874+00,2026-07-27 10:37:12.046509+00,
5999,nws_alerts,done,2026-07-27 10:38:05.207327+00,2026-07-27 10:38:08.573183+00,2026-07-27 10:38:40.022598+00,
6015,caltrans_cwwp2_cc_d03,done,2026-07-27 10:43:05.260777+00,2026-07-27 10:43:08.834406+00,2026-07-27 10:43:18.092312+00,
6016,caltrans_cwwp2_cc_d09,done,2026-07-27 10:45:05.257223+00,2026-07-27 10:45:06.936531+00,2026-07-27 10:45:13.042369+00,
6017,caltrans_cwwp2_cc_d02,done,2026-07-27 10:47:05.194435+00,2026-07-27 10:47:06.588118+00,2026-07-27 10:47:17.835656+00,
6018,wzdx_az,done,2026-07-27 10:47:05.194435+00,2026-07-27 10:47:17.924166+00,2026-07-27 10:47:23.585306+00,
6045,nws_alerts,done,2026-07-27 10:49:05.092974+00,2026-07-27 10:49:06.555288+00,2026-07-27 10:49:08.59207+00,
6046,wzdx_mn,done,2026-07-27 10:49:05.092974+00,2026-07-27 10:49:08.689942+00,2026-07-27 10:49:32.40129+00,
6047,wzdx_ks,done,2026-07-27 10:50:05.066779+00,2026-07-27 10:50:20.196001+00,2026-07-27 10:50:41.705871+00,
6064,wzdx_wa,done,2026-07-27 10:53:04.949236+00,2026-07-27 10:53:09.733543+00,2026-07-27 10:53:13.99328+00,
6070,caltrans_cwwp2_cc_d03,done,2026-07-27 10:59:02.019773+00,2026-07-27 10:59:05.688633+00,2026-07-27 10:59:15.430266+00,
6071,nws_alerts,done,2026-07-27 11:00:05.135496+00,2026-07-27 11:00:07.232042+00,2026-07-27 11:00:09.985075+00,
6072,caltrans_cwwp2_cc_d09,done,2026-07-27 11:01:05.15934+00,2026-07-27 11:01:06.655419+00,2026-07-27 11:01:12.62348+00,
6073,caltrans_cwwp2_cc_d02,done,2026-07-27 11:03:05.208863+00,2026-07-27 11:03:06.506019+00,2026-07-27 11:03:14.04031+00,
6074,wzdx_az,done,2026-07-27 11:03:05.208863+00,2026-07-27 11:03:14.167097+00,2026-07-27 11:03:25.15267+00,
6075,wzdx_mn,done,2026-07-27 11:05:05.178032+00,2026-07-27 11:05:08.296584+00,2026-07-27 11:05:14.112991+00,
6076,wzdx_ks,done,2026-07-27 11:06:01.43532+00,2026-07-27 11:06:05.664159+00,2026-07-27 11:06:17.30654+00,
6077,wzdx_wa,done,2026-07-27 11:09:15.3922+00,2026-07-27 11:09:17.71555+00,2026-07-27 11:09:23.416901+00,
6078,nws_alerts,done,2026-07-27 11:11:05.172396+00,2026-07-27 11:11:06.974872+00,2026-07-27 11:11:09.646189+00,
6079,caltrans_cwwp2_cc_d03,done,2026-07-27 11:15:01.10416+00,2026-07-27 11:15:01.404137+00,2026-07-27 11:15:11.714566+00,
6080,caltrans_cwwp2_cc_d09,done,2026-07-27 11:17:05.205785+00,2026-07-27 11:17:10.331665+00,2026-07-27 11:17:17.719295+00,
6081,caltrans_cwwp2_cc_d02,done,2026-07-27 11:19:05.164294+00,2026-07-27 11:19:06.038364+00,2026-07-27 11:19:13.308293+00,
6082,wzdx_az,done,2026-07-27 11:19:05.164294+00,2026-07-27 11:19:13.396274+00,2026-07-27 11:19:22.766762+00,
6083,wzdx_mn,done,2026-07-27 11:21:05.053384+00,2026-07-27 11:21:05.913228+00,2026-07-27 11:21:12.066842+00,
6084,nws_alerts,done,2026-07-27 11:22:05.206138+00,2026-07-27 11:22:08.821128+00,2026-07-27 11:22:11.606725+00,
6085,wzdx_ks,done,2026-07-27 11:22:05.206138+00,2026-07-27 11:22:11.730179+00,2026-07-27 11:22:25.086814+00,
6086,wzdx_wa,done,2026-07-27 11:25:05.335624+00,2026-07-27 11:25:10.113301+00,2026-07-27 11:25:14.137796+00,
6087,caltrans_cwwp2_cc_d03,done,2026-07-27 11:30:05.165922+00,2026-07-27 11:30:07.645977+00,2026-07-27 11:30:18.087042+00,
6088,nws_alerts,done,2026-07-27 11:33:05.114903+00,2026-07-27 11:33:08.627732+00,2026-07-27 11:33:12.32031+00,
6089,caltrans_cwwp2_cc_d09,done,2026-07-27 11:33:05.114903+00,2026-07-27 11:33:12.452104+00,2026-07-27 11:33:18.56281+00,
6090,caltrans_cwwp2_cc_d02,done,2026-07-27 11:35:05.154142+00,2026-07-27 11:35:07.037996+00,2026-07-27 11:35:14.76645+00,
6091,wzdx_az,done,2026-07-27 11:35:05.154142+00,2026-07-27 11:35:14.937663+00,2026-07-27 11:35:24.958378+00,
6092,wzdx_mn,done,2026-07-27 11:37:05.200104+00,2026-07-27 11:37:08.183532+00,2026-07-27 11:37:15.010085+00,
6093,wzdx_ks,done,2026-07-27 11:38:05.206033+00,2026-07-27 11:38:06.923962+00,2026-07-27 11:38:20.133988+00,
6094,wzdx_wa,done,2026-07-27 11:41:05.200023+00,2026-07-27 11:41:10.059578+00,2026-07-27 11:41:14.479173+00,
6095,nws_alerts,failed,2026-07-27 11:44:05.211145+00,2026-07-27 11:44:10.026717+00,2026-07-27 11:44:30.583298+00,"HTTPSConnectionPool(host='api.weather.gov', port=443): Max retries exceeded with url: /alerts/active (Caused by NameResolutionError(""HTTPSConnection(host='api.weather.gov', port=443): Failed to resolve 'api.weather.gov' ([Errno -3] Temporary failure in name resolution)""))"
6096,caltrans_cwwp2_cc_d03,failed,2026-07-27 11:46:05.197893+00,2026-07-27 11:46:08.663024+00,2026-07-27 11:46:29.276391+00,"HTTPSConnectionPool(host='cwwp2.dot.ca.gov', port=443): Max retries exceeded with url: /data/d3/cc/ccStatusD03.json (Caused by NameResolutionError(""HTTPSConnection(host='cwwp2.dot.ca.gov', port=443): Failed to resolve 'cwwp2.dot.ca.gov' ([Errno -3] Temporary failure in name resolution)""))"
6097,caltrans_cwwp2_cc_d09,done,2026-07-27 11:49:05.195902+00,2026-07-27 11:49:09.662341+00,2026-07-27 11:49:15.895857+00,
6099,nws_alerts,done,2026-07-27 11:50:05.184736+00,2026-07-27 11:50:07.835256+00,2026-07-27 11:50:10.63136+00,
6101,caltrans_cwwp2_cc_d02,done,2026-07-27 11:51:05.230498+00,2026-07-27 11:51:07.610518+00,2026-07-27 11:51:15.741756+00,
6102,wzdx_az,done,2026-07-27 11:51:05.230498+00,2026-07-27 11:51:15.865036+00,2026-07-27 11:51:25.234957+00,
6103,caltrans_cwwp2_cc_d03,done,2026-07-27 11:52:04.556681+00,2026-07-27 11:52:05.997112+00,2026-07-27 11:52:13.380872+00,
6104,wzdx_mn,done,2026-07-27 11:53:05.212527+00,2026-07-27 11:53:06.26661+00,2026-07-27 11:53:12.772678+00,
6105,wzdx_ks,done,2026-07-27 11:54:05.283438+00,2026-07-27 11:54:06.883329+00,2026-07-27 11:54:18.091557+00,
6112,wzdx_wa,done,2026-07-27 11:57:05.264299+00,2026-07-27 11:57:08.968618+00,2026-07-27 11:57:13.098618+00,
6133,nws_alerts,done,2026-07-27 12:01:05.060401+00,2026-07-27 12:01:08.491342+00,2026-07-27 12:01:12.374096+00,
6134,caltrans_cwwp2_cc_d09,done,2026-07-27 12:05:05.189228+00,2026-07-27 12:05:09.944151+00,2026-07-27 12:05:15.966961+00,
6135,caltrans_cwwp2_cc_d02,done,2026-07-27 12:07:05.133078+00,2026-07-27 12:07:09.983794+00,2026-07-27 12:07:17.466192+00,
6136,wzdx_az,done,2026-07-27 12:07:05.133078+00,2026-07-27 12:07:17.69228+00,2026-07-27 12:07:30.103067+00,
6137,caltrans_cwwp2_cc_d03,done,2026-07-27 12:08:05.561969+00,2026-07-27 12:08:06.38994+00,2026-07-27 12:08:14.944137+00,
6138,route_rebuild,failed,2026-07-27 12:08:07.036265+00,2026-07-27 12:08:15.219339+00,2026-07-27 12:08:17.110485+00,route_rebuild runner exited 1: route_rebuild failed: RuntimeError: route graph failed (exit 1): psql: error: /tmp/route-rebuild-kk165plt/route_graph.sql: No such file or directory
6139,wzdx_mn,done,2026-07-27 12:09:05.183099+00,2026-07-27 12:09:08.876519+00,2026-07-27 12:09:28.199271+00,
6140,wzdx_ks,done,2026-07-27 12:10:05.041218+00,2026-07-27 12:10:09.841309+00,2026-07-27 12:10:22.433422+00,
6141,nws_alerts,done,2026-07-27 12:12:04.936273+00,2026-07-27 12:12:05.70382+00,2026-07-27 12:12:07.824985+00,
6142,wzdx_wa,done,2026-07-27 12:13:05.184277+00,2026-07-27 12:13:09.952371+00,2026-07-27 12:13:15.670517+00,
6143,caltrans_cwwp2_cc_d09,done,2026-07-27 12:20:17.358108+00,2026-07-27 12:20:34.58232+00,2026-07-27 12:23:49.444549+00,
6145,wzdx_az,done,2026-07-27 12:23:15.971746+00,2026-07-27 12:23:51.262595+00,2026-07-27 12:26:18.594095+00,
6146,caltrans_cwwp2_cc_d02,done,2026-07-27 12:23:15.971746+00,2026-07-27 12:26:19.350304+00,2026-07-27 12:26:38.717639+00,
6147,caltrans_cwwp2_cc_d03,done,2026-07-27 12:23:15.971746+00,2026-07-27 12:26:41.955857+00,2026-07-27 12:26:54.81137+00,
6149,nws_alerts,done,2026-07-27 12:23:15.971746+00,2026-07-27 12:26:55.103784+00,2026-07-27 12:27:02.7373+00,
6159,wzdx_mn,done,2026-07-27 12:24:23.169215+00,2026-07-27 12:27:03.167626+00,2026-07-27 12:27:13.793517+00,
6167,wzdx_ks,done,2026-07-27 12:26:08.318339+00,2026-07-27 12:27:14.147109+00,2026-07-27 12:27:34.868177+00,
6172,wzdx_wa,done,2026-07-27 12:29:04.980427+00,2026-07-27 12:29:08.368421+00,2026-07-27 12:29:12.359512+00,
6173,nws_alerts,done,2026-07-27 12:37:05.138356+00,2026-07-27 12:37:09.939156+00,2026-07-27 12:37:11.676542+00,
6174,caltrans_cwwp2_cc_d09,done,2026-07-27 12:38:05.100327+00,2026-07-27 12:38:08.815579+00,2026-07-27 12:38:14.751912+00,
6175,wzdx_az,done,2026-07-27 12:39:05.151555+00,2026-07-27 12:39:06.478257+00,2026-07-27 12:39:16.371337+00,
6176,caltrans_cwwp2_cc_d02,done,2026-07-27 12:42:05.259019+00,2026-07-27 12:42:07.456032+00,2026-07-27 12:42:25.552596+00,
6177,caltrans_cwwp2_cc_d03,done,2026-07-27 12:42:05.259019+00,2026-07-27 12:42:25.673545+00,2026-07-27 12:42:30.465443+00,
6178,wzdx_mn,done,2026-07-27 12:42:05.259019+00,2026-07-27 12:42:30.559492+00,2026-07-27 12:42:38.055323+00,
6179,wzdx_ks,done,2026-07-27 12:43:01.349221+00,2026-07-27 12:43:03.9522+00,2026-07-27 12:43:16.843756+00,
6180,wzdx_wa,done,2026-07-27 12:45:05.149963+00,2026-07-27 12:45:09.573512+00,2026-07-27 12:45:20.899373+00,
6181,ntad_parking,failed,2026-07-27 13:33:54.822189+00,2026-07-27 13:45:32.457518+00,2026-07-27 13:46:16.961391+00,"HTTPSConnectionPool(host='services.arcgis.com', port=443): Max retries exceeded with url: /xOi1kZaI0eWDREZv/arcgis/rest/services/NTAD_Truck_Stop_Parking/FeatureServer/0?f=json (Caused by NameResolutionError(""HTTPSConnection(host='services.arcgis.com', port=443): Failed to resolve 'services.arcgis.com' ([Errno -3] Temporary failure in name resolution)""))"
6182,caltrans_cwwp2_cc_d02,failed,2026-07-27 13:33:54.822189+00,2026-07-27 13:33:59.468519+00,2026-07-27 13:42:41.389448+00,"HTTPSConnectionPool(host='cwwp2.dot.ca.gov', port=443): Max retries exceeded with url: /data/d2/cc/ccStatusD02.json (Caused by NameResolutionError(""HTTPSConnection(host='cwwp2.dot.ca.gov', port=443): Failed to resolve 'cwwp2.dot.ca.gov' ([Errno -3] Temporary failure in name resolution)""))"
6183,caltrans_cwwp2_cc_d03,failed,2026-07-27 13:33:54.822189+00,2026-07-27 13:42:41.478573+00,2026-07-27 13:43:01.962763+00,"HTTPSConnectionPool(host='cwwp2.dot.ca.gov', port=443): Max retries exceeded with url: /data/d3/cc/ccStatusD03.json (Caused by NameResolutionError(""HTTPSConnection(host='cwwp2.dot.ca.gov', port=443): Failed to resolve 'cwwp2.dot.ca.gov' ([Errno -3] Temporary failure in name resolution)""))"
6184,caltrans_cwwp2_cc_d09,failed,2026-07-27 13:33:54.822189+00,2026-07-27 13:43:02.076062+00,2026-07-27 13:43:32.486625+00,"HTTPSConnectionPool(host='cwwp2.dot.ca.gov', port=443): Max retries exceeded with url: /data/d9/cc/ccStatusD09.json (Caused by NameResolutionError(""HTTPSConnection(host='cwwp2.dot.ca.gov', port=443): Failed to resolve 'cwwp2.dot.ca.gov' ([Errno -3] Temporary failure in name resolution)""))"
6185,eia_diesel,failed,2026-07-27 13:33:54.822189+00,2026-07-27 13:45:11.79911+00,2026-07-27 13:45:32.362202+00,"HTTPSConnectionPool(host='api.eia.gov', port=443): Max retries exceeded with url: /v2/petroleum/pri/gnd/data/?frequency=weekly&data%5B0%5D=value&facets%5Bproduct%5D%5B%5D=EPD2D&length=5000&api_key=REDACTED&offset=0 (Caused by NameResolutionError(""HTTPSConnection(host='api.eia.gov', port=443): Failed to resolve 'api.eia.gov' ([Errno -3] Temporary failure in name resolution)""))"
6186,nws_alerts,failed,2026-07-27 13:33:54.822189+00,2026-07-27 13:43:53.174367+00,2026-07-27 13:45:11.707583+00,"HTTPSConnectionPool(host='api.weather.gov', port=443): Max retries exceeded with url: /alerts/active (Caused by NameResolutionError(""HTTPSConnection(host='api.weather.gov', port=443): Failed to resolve 'api.weather.gov' ([Errno -3] Temporary failure in name resolution)""))"
6187,wzdx_az,failed,2026-07-27 13:33:54.822189+00,2026-07-27 13:46:17.060087+00,2026-07-27 13:46:37.482214+00,"HTTPSConnectionPool(host='az511.com', port=443): Max retries exceeded with url: /api/wzdx (Caused by NameResolutionError(""HTTPSConnection(host='az511.com', port=443): Failed to resolve 'az511.com' ([Errno -3] Temporary failure in name resolution)""))"
6188,wzdx_ks,failed,2026-07-27 13:33:54.822189+00,2026-07-27 13:46:37.525206+00,2026-07-27 13:46:57.778327+00,"HTTPSConnectionPool(host='ks.carsprogram.org', port=443): Max retries exceeded with url: /carsapi_v1/api/wzdx (Caused by NameResolutionError(""HTTPSConnection(host='ks.carsprogram.org', port=443): Failed to resolve 'ks.carsprogram.org' ([Errno -3] Temporary failure in name resolution)""))"
6189,wzdx_mn,failed,2026-07-27 13:33:54.822189+00,2026-07-27 13:46:57.889894+00,2026-07-27 13:47:18.310381+00,"HTTPSConnectionPool(host='mn.carsprogram.org', port=443): Max retries exceeded with url: /carsapi_v1/api/wzdx (Caused by NameResolutionError(""HTTPSConnection(host='mn.carsprogram.org', port=443): Failed to resolve 'mn.carsprogram.org' ([Errno -3] Temporary failure in name resolution)""))"
6190,wzdx_wa,failed,2026-07-27 13:33:54.822189+00,2026-07-27 13:43:32.549764+00,2026-07-27 13:43:53.049662+00,"HTTPSConnectionPool(host='wzdx.wsdot.wa.gov', port=443): Max retries exceeded with url: /api/v4/WorkZoneFeed (Caused by NameResolutionError(""HTTPSConnection(host='wzdx.wsdot.wa.gov', port=443): Failed to resolve 'wzdx.wsdot.wa.gov' ([Errno -3] Temporary failure in name resolution)""))"
6222,caltrans_cwwp2_cc_d02,failed,2026-07-27 13:43:05.218812+00,2026-07-27 13:47:18.385825+00,2026-07-27 13:47:38.702865+00,"HTTPSConnectionPool(host='cwwp2.dot.ca.gov', port=443): Max retries exceeded with url: /data/d2/cc/ccStatusD02.json (Caused by NameResolutionError(""HTTPSConnection(host='cwwp2.dot.ca.gov', port=443): Failed to resolve 'cwwp2.dot.ca.gov' ([Errno -3] Temporary failure in name resolution)""))"
6251,ntad_parking,done,2026-07-27 17:43:40.072714+00,2026-07-27 17:44:09.764603+00,2026-07-27 17:44:15.043585+00,
6252,caltrans_cwwp2_cc_d02,done,2026-07-27 17:43:40.072714+00,2026-07-27 17:43:45.195798+00,2026-07-27 17:43:52.502763+00,
6253,caltrans_cwwp2_cc_d03,done,2026-07-27 17:43:40.072714+00,2026-07-27 17:43:52.580726+00,2026-07-27 17:43:59.648306+00,
6254,caltrans_cwwp2_cc_d09,done,2026-07-27 17:43:40.072714+00,2026-07-27 17:43:59.695945+00,2026-07-27 17:44:04.726995+00,
6255,eia_diesel,failed,2026-07-27 17:43:40.072714+00,2026-07-27 17:44:04.764718+00,2026-07-27 17:44:09.660048+00,"403 from api.eia.gov — a refusal is final, not retrying"
6256,nws_alerts,done,2026-07-27 17:43:40.072714+00,2026-07-27 17:44:15.094332+00,2026-07-27 17:44:17.836433+00,
6257,wzdx_az,done,2026-07-27 17:43:40.072714+00,2026-07-27 17:44:17.917133+00,2026-07-27 17:44:27.989928+00,
6258,wzdx_ks,done,2026-07-27 17:43:40.072714+00,2026-07-27 17:44:28.094136+00,2026-07-27 17:44:48.640645+00,
6259,wzdx_mn,done,2026-07-27 17:43:40.072714+00,2026-07-27 17:44:48.793279+00,2026-07-27 17:44:58.679564+00,
6260,wzdx_wa,done,2026-07-27 17:43:40.072714+00,2026-07-27 17:44:58.715387+00,2026-07-27 17:45:02.896847+00,
6268,quality_rescore,done,2026-07-27 17:49:24.246596+00,2026-07-27 17:49:25.493574+00,2026-07-27 17:59:21.346297+00,
6274,eia_diesel,done,2026-07-27 17:55:05.056633+00,2026-07-27 17:59:21.772141+00,2026-07-27 17:59:45.185442+00,
6275,nws_alerts,done,2026-07-27 17:55:05.056633+00,2026-07-27 17:59:36.327183+00,2026-07-27 17:59:36.327183+00,"claimed by test, not run"
6282,caltrans_cwwp2_cc_d02,done,2026-07-27 17:59:05.278794+00,2026-07-27 17:59:36.327183+00,2026-07-27 17:59:36.327183+00,"claimed by test, not run"
6283,caltrans_cwwp2_cc_d03,done,2026-07-27 17:59:05.278794+00,2026-07-27 17:59:36.327183+00,2026-07-27 17:59:36.327183+00,"claimed by test, not run"
6284,caltrans_cwwp2_cc_d09,done,2026-07-27 17:59:05.278794+00,2026-07-27 17:59:36.327183+00,2026-07-27 17:59:36.327183+00,"claimed by test, not run"
6333,caltrans_cwwp2_cc_d02,done,2026-07-27 18:00:05.350365+00,2026-07-27 18:00:05.960496+00,2026-07-27 18:00:15.68425+00,
6334,caltrans_cwwp2_cc_d03,done,2026-07-27 18:00:05.350365+00,2026-07-27 18:00:16.818335+00,2026-07-27 18:00:25.851485+00,
6335,caltrans_cwwp2_cc_d09,done,2026-07-27 18:00:05.350365+00,2026-07-27 18:00:26.390196+00,2026-07-27 18:00:33.462554+00,
6336,nws_alerts,done,2026-07-27 18:00:05.350365+00,2026-07-27 18:00:33.777945+00,2026-07-27 18:00:43.506621+00,
6337,wzdx_az,done,2026-07-27 18:00:05.350365+00,2026-07-27 18:00:43.684103+00,2026-07-27 18:01:08.32684+00,
6338,wzdx_ks,done,2026-07-27 18:00:05.350365+00,2026-07-27 18:01:09.303683+00,2026-07-27 18:01:39.180498+00,
6339,wzdx_mn,done,2026-07-27 18:00:05.350365+00,2026-07-27 18:01:40.66205+00,2026-07-27 18:01:48.731897+00,
6340,wzdx_wa,done,2026-07-27 18:00:05.350365+00,2026-07-27 18:01:48.82875+00,2026-07-27 18:01:57.073958+00,
6350,wzdx_az,done,2026-07-28 03:41:23.801578+00,2026-07-28 03:42:25.302165+00,2026-07-28 03:42:55.86499+00,
6351,wzdx_ks,done,2026-07-28 03:41:23.801578+00,2026-07-28 03:42:57.269313+00,2026-07-28 03:43:20.416736+00,
6352,wzdx_mn,done,2026-07-28 03:41:23.801578+00,2026-07-28 03:43:21.671216+00,2026-07-28 03:43:33.979639+00,
6353,wzdx_wa,done,2026-07-28 03:41:23.801578+00,2026-07-28 03:43:36.408219+00,2026-07-28 03:44:06.698852+00,
6354,caltrans_cwwp2_cc_d02,done,2026-07-28 03:41:23.801578+00,2026-07-28 03:41:28.649764+00,2026-07-28 03:41:40.847955+00,
6355,caltrans_cwwp2_cc_d03,done,2026-07-28 03:41:23.801578+00,2026-07-28 03:41:42.512905+00,2026-07-28 03:41:55.390285+00,
6356,caltrans_cwwp2_cc_d09,done,2026-07-28 03:41:23.801578+00,2026-07-28 03:41:57.261667+00,2026-07-28 03:42:10.022854+00,
6357,nws_alerts,done,2026-07-28 03:41:23.801578+00,2026-07-28 03:42:12.736448+00,2026-07-28 03:42:23.729312+00,
6375,nws_alerts,done,2026-07-28 03:53:00.550257+00,2026-07-28 03:53:01.295057+00,2026-07-28 03:53:06.235178+00,
6376,caltrans_cwwp2_cc_d02,done,2026-07-28 03:57:00.485776+00,2026-07-28 03:57:03.103753+00,2026-07-28 03:57:11.652733+00,
6377,caltrans_cwwp2_cc_d03,done,2026-07-28 03:57:00.485776+00,2026-07-28 03:57:11.961646+00,2026-07-28 03:57:20.924445+00,
6378,caltrans_cwwp2_cc_d09,done,2026-07-28 03:57:00.485776+00,2026-07-28 03:57:21.229666+00,2026-07-28 03:57:27.74082+00,
6379,wzdx_az,done,2026-07-28 03:58:00.715965+00,2026-07-28 03:58:04.179996+00,2026-07-28 03:58:16.739508+00,
6380,wzdx_ks,done,2026-07-28 03:58:00.715965+00,2026-07-28 03:58:16.856341+00,2026-07-28 03:58:30.489985+00,
6381,wzdx_mn,done,2026-07-28 03:59:00.566378+00,2026-07-28 03:59:01.727193+00,2026-07-28 03:59:10.58878+00,
6382,wzdx_wa,done,2026-07-28 03:59:00.566378+00,2026-07-28 03:59:12.150123+00,2026-07-28 03:59:18.005373+00,
6383,nws_alerts,done,2026-07-28 04:03:05.076561+00,2026-07-28 04:03:09.868009+00,2026-07-28 04:03:12.649504+00,
6390,caltrans_cwwp2_cc_d02,done,2026-07-28 04:12:05.11861+00,2026-07-28 04:12:08.725686+00,2026-07-28 04:12:17.297969+00,
6391,wzdx_az,done,2026-07-28 04:13:04.903683+00,2026-07-28 04:14:23.383074+00,2026-07-28 04:14:48.724035+00,
6392,caltrans_cwwp2_cc_d03,done,2026-07-28 04:13:04.903683+00,2026-07-28 04:13:08.889594+00,2026-07-28 04:13:57.238289+00,
6393,caltrans_cwwp2_cc_d09,done,2026-07-28 04:13:04.903683+00,2026-07-28 04:13:59.674949+00,2026-07-28 04:14:22.089815+00,
6395,wzdx_ks,done,2026-07-28 04:14:05.515315+00,2026-07-28 04:14:54.022435+00,2026-07-28 04:15:13.770114+00,
6396,wzdx_mn,done,2026-07-28 04:14:05.515315+00,2026-07-28 04:15:03.164908+00,2026-07-28 04:15:03.164908+00,"claimed by test, not run"
6398,nws_alerts,done,2026-07-28 04:14:05.515315+00,2026-07-28 04:14:48.880275+00,2026-07-28 04:14:53.85786+00,
6426,wzdx_mn,done,2026-07-28 04:15:05.133533+00,2026-07-28 04:15:13.955364+00,2026-07-28 04:16:06.821395+00,
6427,wzdx_wa,done,2026-07-28 04:15:05.133533+00,2026-07-28 04:16:07.237251+00,2026-07-28 04:16:21.288469+00,
6436,nws_alerts,done,2026-07-28 04:25:05.273956+00,2026-07-28 04:25:06.413427+00,2026-07-28 04:25:09.888037+00,
6437,caltrans_cwwp2_cc_d02,done,2026-07-28 04:28:05.185622+00,2026-07-28 04:28:05.958922+00,2026-07-28 04:28:14.97617+00,
6438,caltrans_cwwp2_cc_d03,done,2026-07-28 04:29:05.272187+00,2026-07-28 04:29:07.335382+00,2026-07-28 04:29:14.764129+00,
6439,wzdx_az,done,2026-07-28 04:30:05.129082+00,2026-07-28 04:30:12.511336+00,2026-07-28 04:30:27.15311+00,
6440,wzdx_ks,done,2026-07-28 04:30:05.129082+00,2026-07-28 04:30:27.304341+00,2026-07-28 04:30:42.449649+00,
6441,caltrans_cwwp2_cc_d09,done,2026-07-28 04:30:05.129082+00,2026-07-28 04:30:06.481671+00,2026-07-28 04:30:12.347907+00,
6442,wzdx_mn,failed,2026-07-28 04:31:05.198353+00,2026-07-28 04:31:08.292029+00,2026-07-28 04:32:10.328753+00,"HTTPSConnectionPool(host='mn.carsprogram.org', port=443): Read timed out. (read timeout=60.0)"
6444,wzdx_wa,done,2026-07-28 04:32:05.187297+00,2026-07-28 04:32:10.476846+00,2026-07-28 04:32:16.460214+00,
6445,nws_alerts,done,2026-07-28 04:36:05.181441+00,2026-07-28 04:36:08.666545+00,2026-07-28 04:36:12.148395+00,
6446,wzdx_mn,failed,2026-07-28 04:37:05.203863+00,2026-07-28 04:37:08.991068+00,2026-07-28 04:38:10.725335+00,"HTTPSConnectionPool(host='mn.carsprogram.org', port=443): Read timed out. (read timeout=60.0)"
6448,caltrans_cwwp2_cc_d02,done,2026-07-28 04:44:08.504421+00,2026-07-28 04:44:11.862303+00,2026-07-28 04:44:21.108196+00,
6449,caltrans_cwwp2_cc_d03,done,2026-07-28 04:44:08.504421+00,2026-07-28 04:44:22.421751+00,2026-07-28 04:44:32.965114+00,
6450,wzdx_az,done,2026-07-28 04:46:05.279121+00,2026-07-28 04:46:12.347633+00,2026-07-28 04:46:23.232495+00,
6451,wzdx_ks,done,2026-07-28 04:46:05.279121+00,2026-07-28 04:46:23.35044+00,2026-07-28 04:46:37.467077+00,
6452,caltrans_cwwp2_cc_d09,done,2026-07-28 04:46:05.279121+00,2026-07-28 04:46:05.797091+00,2026-07-28 04:46:12.253714+00,
6453,nws_alerts,done,2026-07-28 04:47:05.113942+00,2026-07-28 04:47:08.682471+00,2026-07-28 04:47:11.528558+00,
6454,wzdx_mn,failed,2026-07-28 04:48:05.176618+00,2026-07-28 04:48:08.548271+00,2026-07-28 04:49:10.666566+00,"HTTPSConnectionPool(host='mn.carsprogram.org', port=443): Read timed out. (read timeout=60.0)"
6455,wzdx_wa,done,2026-07-28 04:48:05.176618+00,2026-07-28 04:49:10.851375+00,2026-07-28 04:49:16.99401+00,
6458,nws_alerts,done,2026-07-28 04:58:05.27506+00,2026-07-28 04:58:08.94442+00,2026-07-28 04:58:11.46798+00,
6459,caltrans_cwwp2_cc_d02,done,2026-07-28 05:00:05.158364+00,2026-07-28 05:00:05.25195+00,2026-07-28 05:00:12.809499+00,
6460,caltrans_cwwp2_cc_d03,done,2026-07-28 05:00:05.158364+00,2026-07-28 05:00:12.928209+00,2026-07-28 05:00:20.653135+00,
6461,wzdx_az,done,2026-07-28 05:02:05.400125+00,2026-07-28 05:02:14.908701+00,2026-07-28 05:02:29.143246+00,
6462,wzdx_ks,done,2026-07-28 05:02:05.400125+00,2026-07-28 05:02:29.275849+00,2026-07-28 05:02:42.130594+00,
6463,caltrans_cwwp2_cc_d09,done,2026-07-28 05:02:05.400125+00,2026-07-28 05:02:08.870292+00,2026-07-28 05:02:14.780758+00,
6464,wzdx_wa,done,2026-07-28 05:05:06.528168+00,2026-07-28 05:05:11.287551+00,2026-07-28 05:05:17.294407+00,
6465,wzdx_mn,done,2026-07-28 05:09:04.965034+00,2026-07-28 05:09:12.879782+00,2026-07-28 05:09:19.334849+00,
6466,nws_alerts,done,2026-07-28 05:09:04.965034+00,2026-07-28 05:09:09.38246+00,2026-07-28 05:09:12.785833+00,
6467,caltrans_cwwp2_cc_d02,done,2026-07-28 05:16:05.201122+00,2026-07-28 05:16:06.857436+00,2026-07-28 05:16:14.627912+00,
6468,caltrans_cwwp2_cc_d03,done,2026-07-28 05:16:05.201122+00,2026-07-28 05:16:14.750033+00,2026-07-28 05:16:22.306886+00,
6469,wzdx_az,done,2026-07-28 05:18:05.464294+00,2026-07-28 05:18:12.294207+00,2026-07-28 05:18:22.251659+00,
6470,wzdx_ks,done,2026-07-28 05:18:05.464294+00,2026-07-28 05:18:22.422475+00,2026-07-28 05:18:35.540587+00,
6471,caltrans_cwwp2_cc_d09,done,2026-07-28 05:18:05.464294+00,2026-07-28 05:18:06.059103+00,2026-07-28 05:18:12.149366+00,
6472,nws_alerts,done,2026-07-28 05:20:05.167881+00,2026-07-28 05:20:08.853331+00,2026-07-28 05:20:16.378557+00,
6473,wzdx_wa,done,2026-07-28 05:21:05.114668+00,2026-07-28 05:21:09.205293+00,2026-07-28 05:21:28.289942+00,
6474,wzdx_mn,done,2026-07-28 05:24:22.47805+00,2026-07-28 05:24:24.949857+00,2026-07-28 05:24:38.283275+00,
6475,nws_alerts,done,2026-07-28 05:30:17.67197+00,2026-07-28 05:30:24.614788+00,2026-07-28 05:30:40.255934+00,
6476,caltrans_cwwp2_cc_d02,done,2026-07-28 05:31:27.620562+00,2026-07-28 05:31:32.602864+00,2026-07-28 05:31:45.740359+00,
6477,caltrans_cwwp2_cc_d03,done,2026-07-28 05:31:27.620562+00,2026-07-28 05:31:48.414079+00,2026-07-28 05:32:01.140502+00,
6478,wzdx_az,done,2026-07-28 05:34:05.101073+00,2026-07-28 05:34:14.773879+00,2026-07-28 05:34:22.962717+00,
6479,wzdx_ks,done,2026-07-28 05:34:05.101073+00,2026-07-28 05:34:23.038833+00,2026-07-28 05:34:33.444442+00,
6480,caltrans_cwwp2_cc_d09,done,2026-07-28 05:34:05.101073+00,2026-07-28 05:34:08.632547+00,2026-07-28 05:34:14.644378+00,
6481,wzdx_wa,done,2026-07-28 05:37:05.20209+00,2026-07-28 05:37:12.800646+00,2026-07-28 05:37:30.709097+00,
6482,wzdx_mn,done,2026-07-28 05:40:04.990761+00,2026-07-28 05:40:08.448953+00,2026-07-28 05:40:16.718302+00,
6483,nws_alerts,done,2026-07-28 05:41:05.252972+00,2026-07-28 05:41:08.492023+00,2026-07-28 05:41:11.703924+00,
6484,caltrans_cwwp2_cc_d02,done,2026-07-28 05:47:05.249325+00,2026-07-28 05:47:11.605637+00,2026-07-28 05:47:31.042967+00,
6485,caltrans_cwwp2_cc_d03,done,2026-07-28 05:47:05.249325+00,2026-07-28 05:47:32.868635+00,2026-07-28 05:47:44.259432+00,
6486,wzdx_ks,done,2026-07-28 05:50:05.122208+00,2026-07-28 05:50:38.404278+00,2026-07-28 05:50:50.805418+00,
6487,caltrans_cwwp2_cc_d09,done,2026-07-28 05:50:05.122208+00,2026-07-28 05:50:10.319057+00,2026-07-28 05:50:24.498238+00,
6488,wzdx_az,done,2026-07-28 05:50:05.122208+00,2026-07-28 05:50:24.659112+00,2026-07-28 05:50:38.193064+00,
6489,nws_alerts,done,2026-07-28 05:52:04.949888+00,2026-07-28 05:52:11.862243+00,2026-07-28 05:52:23.51943+00,
6490,wzdx_wa,done,2026-07-28 05:53:25.937594+00,2026-07-28 05:53:29.740004+00,2026-07-28 05:53:35.023727+00,
6491,wzdx_mn,done,2026-07-28 05:55:21.566404+00,2026-07-28 05:55:25.205075+00,2026-07-28 05:55:36.000439+00,
6492,nws_alerts,done,2026-07-28 06:03:05.213807+00,2026-07-28 06:03:26.55935+00,2026-07-28 06:03:29.460765+00,
6493,caltrans_cwwp2_cc_d03,done,2026-07-28 06:03:05.213807+00,2026-07-28 06:03:18.13669+00,2026-07-28 06:03:26.378474+00,
6494,caltrans_cwwp2_cc_d02,done,2026-07-28 06:03:05.213807+00,2026-07-28 06:03:09.461076+00,2026-07-28 06:03:17.983894+00,
6495,wzdx_ks,done,2026-07-28 06:06:05.208326+00,2026-07-28 06:06:27.222944+00,2026-07-28 06:06:47.743269+00,
6496,caltrans_cwwp2_cc_d09,done,2026-07-28 06:06:05.208326+00,2026-07-28 06:06:08.844633+00,2026-07-28 06:06:15.419787+00,
6497,wzdx_az,done,2026-07-28 06:06:05.208326+00,2026-07-28 06:06:15.51889+00,2026-07-28 06:06:27.145696+00,
6498,wzdx_wa,done,2026-07-28 06:09:04.961015+00,2026-07-28 06:09:06.544026+00,2026-07-28 06:09:12.620227+00,
6499,wzdx_mn,done,2026-07-28 06:11:04.936672+00,2026-07-28 06:11:06.037811+00,2026-07-28 06:11:23.480857+00,
6500,nws_alerts,done,2026-07-28 06:14:05.202729+00,2026-07-28 06:14:08.701346+00,2026-07-28 06:14:11.934454+00,
6501,caltrans_cwwp2_cc_d03,done,2026-07-28 06:19:05.057478+00,2026-07-28 06:19:18.196509+00,2026-07-28 06:19:26.240692+00,
6502,caltrans_cwwp2_cc_d02,done,2026-07-28 06:19:05.057478+00,2026-07-28 06:19:09.892929+00,2026-07-28 06:19:18.043607+00,
6503,wzdx_ks,done,2026-07-28 06:22:05.178883+00,2026-07-28 06:22:22.917278+00,2026-07-28 06:22:39.247047+00,
6504,caltrans_cwwp2_cc_d09,done,2026-07-28 06:22:05.178883+00,2026-07-28 06:22:05.72994+00,2026-07-28 06:22:11.89083+00,
6505,wzdx_az,done,2026-07-28 06:22:05.178883+00,2026-07-28 06:22:12.012091+00,2026-07-28 06:22:22.78201+00,
6506,nws_alerts,done,2026-07-28 06:25:05.153766+00,2026-07-28 06:25:08.31613+00,2026-07-28 06:25:10.129482+00,
6507,wzdx_wa,done,2026-07-28 06:25:05.153766+00,2026-07-28 06:25:10.235014+00,2026-07-28 06:25:14.276379+00,
6508,wzdx_mn,done,2026-07-28 06:27:05.190101+00,2026-07-28 06:27:08.075301+00,2026-07-28 06:27:15.794403+00,
6509,caltrans_cwwp2_cc_d03,done,2026-07-28 06:35:05.200812+00,2026-07-28 06:35:17.904179+00,2026-07-28 06:35:25.334725+00,
6510,caltrans_cwwp2_cc_d02,done,2026-07-28 06:35:05.200812+00,2026-07-28 06:35:09.355601+00,2026-07-28 06:35:17.755484+00,
6511,nws_alerts,done,2026-07-28 06:36:05.300509+00,2026-07-28 06:36:06.555033+00,2026-07-28 06:36:09.788026+00,
6512,wzdx_ks,done,2026-07-28 06:38:05.048609+00,2026-07-28 06:38:28.348482+00,2026-07-28 06:38:49.457019+00,
6513,caltrans_cwwp2_cc_d09,done,2026-07-28 06:38:05.048609+00,2026-07-28 06:38:07.901807+00,2026-07-28 06:38:14.508992+00,
6514,wzdx_az,done,2026-07-28 06:38:05.048609+00,2026-07-28 06:38:14.638315+00,2026-07-28 06:38:28.251248+00,
6515,wzdx_wa,done,2026-07-28 06:41:05.19377+00,2026-07-28 06:41:08.455216+00,2026-07-28 06:41:13.596202+00,
6516,wzdx_mn,done,2026-07-28 06:43:05.219772+00,2026-07-28 06:43:06.657457+00,2026-07-28 06:43:14.633484+00,
6517,nws_alerts,done,2026-07-28 06:47:05.165056+00,2026-07-28 06:47:06.789908+00,2026-07-28 06:47:09.664486+00,
6518,caltrans_cwwp2_cc_d03,done,2026-07-28 06:51:05.270929+00,2026-07-28 06:51:14.193119+00,2026-07-28 06:51:22.132253+00,
6519,caltrans_cwwp2_cc_d02,done,2026-07-28 06:51:05.270929+00,2026-07-28 06:51:06.449169+00,2026-07-28 06:51:14.028726+00,
6520,wzdx_ks,done,2026-07-28 06:54:05.169912+00,2026-07-28 06:54:26.859846+00,2026-07-28 06:54:39.950317+00,
6521,caltrans_cwwp2_cc_d09,done,2026-07-28 06:54:05.169912+00,2026-07-28 06:54:07.156862+00,2026-07-28 06:54:13.599236+00,
6522,wzdx_az,done,2026-07-28 06:54:05.169912+00,2026-07-28 06:54:13.768103+00,2026-07-28 06:54:26.752702+00,
6523,wzdx_wa,done,2026-07-28 06:57:05.222979+00,2026-07-28 06:57:09.324527+00,2026-07-28 06:57:15.126621+00,
6524,nws_alerts,done,2026-07-28 06:58:05.378731+00,2026-07-28 06:58:06.761479+00,2026-07-28 06:58:10.287496+00,
6525,wzdx_mn,done,2026-07-28 06:59:05.226721+00,2026-07-28 06:59:07.122207+00,2026-07-28 06:59:15.305342+00,
6526,caltrans_cwwp2_cc_d03,done,2026-07-28 07:07:05.205473+00,2026-07-28 07:07:17.800049+00,2026-07-28 07:07:24.656369+00,
6527,caltrans_cwwp2_cc_d02,done,2026-07-28 07:07:05.205473+00,2026-07-28 07:07:10.062944+00,2026-07-28 07:07:17.662017+00,
6528,nws_alerts,done,2026-07-28 07:09:05.222577+00,2026-07-28 07:09:07.775775+00,2026-07-28 07:09:11.258683+00,
6529,wzdx_ks,done,2026-07-28 07:10:05.152965+00,2026-07-28 07:10:28.383691+00,2026-07-28 07:10:44.016+00,
6530,caltrans_cwwp2_cc_d09,done,2026-07-28 07:10:05.152965+00,2026-07-28 07:10:08.379231+00,2026-07-28 07:10:14.735227+00,
6531,wzdx_az,done,2026-07-28 07:10:05.152965+00,2026-07-28 07:10:14.87372+00,2026-07-28 07:10:28.269271+00,
6532,wzdx_wa,done,2026-07-28 07:13:05.217847+00,2026-07-28 07:13:08.182232+00,2026-07-28 07:13:15.091375+00,
6533,wzdx_mn,done,2026-07-28 07:15:05.16456+00,2026-07-28 07:15:08.449736+00,2026-07-28 07:15:15.708864+00,
6534,nws_alerts,done,2026-07-28 07:20:05.131844+00,2026-07-28 07:20:09.101061+00,2026-07-28 07:20:12.269916+00,
6535,caltrans_cwwp2_cc_d03,done,2026-07-28 07:23:05.20482+00,2026-07-28 07:23:15.723826+00,2026-07-28 07:23:23.197332+00,
6536,caltrans_cwwp2_cc_d02,done,2026-07-28 07:23:05.20482+00,2026-07-28 07:23:07.534493+00,2026-07-28 07:23:15.605579+00,
6537,wzdx_ks,done,2026-07-28 07:26:05.18918+00,2026-07-28 07:26:25.51008+00,2026-07-28 07:26:39.086315+00,
6538,caltrans_cwwp2_cc_d09,done,2026-07-28 07:26:05.18918+00,2026-07-28 07:26:08.821222+00,2026-07-28 07:26:14.42443+00,
6539,wzdx_az,done,2026-07-28 07:26:05.18918+00,2026-07-28 07:26:14.587646+00,2026-07-28 07:26:25.397188+00,
6540,wzdx_wa,done,2026-07-28 07:29:05.014164+00,2026-07-28 07:29:08.328184+00,2026-07-28 07:29:12.817611+00,
6541,wzdx_mn,done,2026-07-28 07:31:05.199277+00,2026-07-28 07:31:08.342035+00,2026-07-28 07:31:15.369109+00,
6542,nws_alerts,done,2026-07-28 07:31:05.199277+00,2026-07-28 07:31:05.528539+00,2026-07-28 07:31:08.216461+00,
6543,wzdx_mn,done,2026-07-28 09:01:25.951277+00,2026-07-28 09:02:32.775511+00,2026-07-28 09:02:40.154252+00,
6544,nws_alerts,done,2026-07-28 09:01:25.951277+00,2026-07-28 09:02:01.261289+00,2026-07-28 09:02:04.702854+00,
6545,wzdx_ks,done,2026-07-28 09:01:25.951277+00,2026-07-28 09:02:17.676758+00,2026-07-28 09:02:32.591438+00,
6546,caltrans_cwwp2_cc_d03,done,2026-07-28 09:01:25.951277+00,2026-07-28 09:01:46.403321+00,2026-07-28 09:01:54.5201+00,
6547,caltrans_cwwp2_cc_d09,done,2026-07-28 09:01:25.951277+00,2026-07-28 09:01:54.658956+00,2026-07-28 09:02:01.086823+00,
6548,caltrans_cwwp2_cc_d02,done,2026-07-28 09:01:25.951277+00,2026-07-28 09:01:28.153644+00,2026-07-28 09:01:46.239956+00,
6549,wzdx_az,done,2026-07-28 09:01:25.951277+00,2026-07-28 09:02:04.896834+00,2026-07-28 09:02:17.50988+00,
6550,wzdx_wa,done,2026-07-28 09:01:25.951277+00,2026-07-28 09:02:40.385079+00,2026-07-28 09:02:48.969979+00,
6555,nws_alerts,done,2026-07-28 09:12:05.22106+00,2026-07-28 09:12:10.255367+00,2026-07-28 09:12:13.060417+00,
6556,caltrans_cwwp2_cc_d03,done,2026-07-28 09:17:05.174675+00,2026-07-28 09:17:07.726793+00,2026-07-28 09:17:17.527545+00,
6557,caltrans_cwwp2_cc_d09,done,2026-07-28 09:17:05.174675+00,2026-07-28 09:17:17.658052+00,2026-07-28 09:17:23.185829+00,
6558,caltrans_cwwp2_cc_d02,done,2026-07-28 09:17:05.174675+00,2026-07-28 09:17:23.405119+00,2026-07-28 09:17:31.657257+00,
6559,wzdx_mn,done,2026-07-28 09:18:05.181662+00,2026-07-28 09:18:07.869358+00,2026-07-28 09:18:15.580297+00,
6560,wzdx_ks,done,2026-07-28 09:18:05.181662+00,2026-07-28 09:18:15.745996+00,2026-07-28 09:18:30.835882+00,
6561,wzdx_az,done,2026-07-28 09:18:05.181662+00,2026-07-28 09:18:31.006613+00,2026-07-28 09:18:41.465993+00,
6562,wzdx_wa,done,2026-07-28 09:18:05.181662+00,2026-07-28 09:18:41.546191+00,2026-07-28 09:18:46.175842+00,
6563,nws_alerts,done,2026-07-28 09:23:05.201751+00,2026-07-28 09:23:08.495716+00,2026-07-28 09:23:11.549066+00,
6564,caltrans_cwwp2_cc_d02,done,2026-07-28 09:33:05.177845+00,2026-07-28 09:33:10.4204+00,2026-07-28 09:33:18.439671+00,
6565,caltrans_cwwp2_cc_d03,done,2026-07-28 09:33:05.177845+00,2026-07-28 09:33:18.576941+00,2026-07-28 09:33:26.934969+00,
6566,caltrans_cwwp2_cc_d09,done,2026-07-28 09:33:05.177845+00,2026-07-28 09:33:27.058995+00,2026-07-28 09:33:32.979404+00,
6567,wzdx_mn,done,2026-07-28 09:34:05.203481+00,2026-07-28 09:34:09.161174+00,2026-07-28 09:34:17.063154+00,
6568,nws_alerts,done,2026-07-28 09:34:05.203481+00,2026-07-28 09:34:17.221851+00,2026-07-28 09:34:19.810535+00,
6569,wzdx_ks,done,2026-07-28 09:34:05.203481+00,2026-07-28 09:34:19.917904+00,2026-07-28 09:34:35.683079+00,
6570,wzdx_az,done,2026-07-28 09:34:05.203481+00,2026-07-28 09:34:35.804244+00,2026-07-28 09:34:48.058072+00,
6571,wzdx_wa,done,2026-07-28 09:34:05.203481+00,2026-07-28 09:34:48.176388+00,2026-07-28 09:34:53.208941+00,
6572,nws_alerts,done,2026-07-28 09:45:05.220335+00,2026-07-28 09:45:05.28868+00,2026-07-28 09:45:07.791455+00,
6573,caltrans_cwwp2_cc_d03,done,2026-07-28 09:49:02.26198+00,2026-07-28 09:49:06.292171+00,2026-07-28 09:49:13.982155+00,
6574,caltrans_cwwp2_cc_d09,done,2026-07-28 09:49:02.26198+00,2026-07-28 09:49:14.101059+00,2026-07-28 09:49:19.544355+00,
6575,caltrans_cwwp2_cc_d02,done,2026-07-28 09:49:02.26198+00,2026-07-28 09:49:19.66866+00,2026-07-28 09:49:26.82729+00,
6576,wzdx_mn,done,2026-07-28 09:50:05.089558+00,2026-07-28 09:50:08.12426+00,2026-07-28 09:50:14.859069+00,
6577,wzdx_ks,done,2026-07-28 09:50:05.089558+00,2026-07-28 09:50:14.942531+00,2026-07-28 09:50:27.07178+00,
6578,wzdx_az,done,2026-07-28 09:50:05.089558+00,2026-07-28 09:50:27.146642+00,2026-07-28 09:50:36.92213+00,
6579,wzdx_wa,done,2026-07-28 09:50:05.089558+00,2026-07-28 09:50:36.987105+00,2026-07-28 09:50:48.508852+00,
6580,nws_alerts,done,2026-07-28 09:56:05.259143+00,2026-07-28 09:56:08.392759+00,2026-07-28 09:56:11.825484+00,
6581,caltrans_cwwp2_cc_d03,done,2026-07-28 10:05:05.062797+00,2026-07-28 10:05:07.832713+00,2026-07-28 10:05:16.862929+00,
6582,caltrans_cwwp2_cc_d09,done,2026-07-28 10:05:05.062797+00,2026-07-28 10:05:17.020179+00,2026-07-28 10:05:23.44267+00,
6583,caltrans_cwwp2_cc_d02,done,2026-07-28 10:05:05.062797+00,2026-07-28 10:05:23.560977+00,2026-07-28 10:05:31.336059+00,
6584,wzdx_mn,done,2026-07-28 10:06:05.194391+00,2026-07-28 10:06:07.69382+00,2026-07-28 10:06:14.694146+00,
6585,wzdx_ks,done,2026-07-28 10:06:05.194391+00,2026-07-28 10:06:14.857676+00,2026-07-28 10:06:28.94756+00,
6586,wzdx_az,done,2026-07-28 10:06:05.194391+00,2026-07-28 10:06:29.042001+00,2026-07-28 10:06:40.717429+00,
6587,wzdx_wa,done,2026-07-28 10:06:05.194391+00,2026-07-28 10:06:40.763352+00,2026-07-28 10:06:51.322+00,
6588,nws_alerts,done,2026-07-28 10:07:01.48236+00,2026-07-28 10:07:01.660583+00,2026-07-28 10:07:04.192309+00,
6589,nws_alerts,done,2026-07-28 10:17:05.183558+00,2026-07-28 10:17:08.519909+00,2026-07-28 10:17:10.949154+00,
6590,caltrans_cwwp2_cc_d03,done,2026-07-28 10:21:05.204044+00,2026-07-28 10:21:15.789888+00,2026-07-28 10:21:24.77916+00,
6591,caltrans_cwwp2_cc_d09,done,2026-07-28 10:21:05.204044+00,2026-07-28 10:21:24.908264+00,2026-07-28 10:21:30.914724+00,
6592,caltrans_cwwp2_cc_d02,done,2026-07-28 10:21:05.204044+00,2026-07-28 10:21:08.172336+00,2026-07-28 10:21:15.671792+00,
6593,wzdx_mn,done,2026-07-28 10:22:05.213301+00,2026-07-28 10:22:33.525249+00,2026-07-28 10:22:40.517842+00,
6594,wzdx_ks,done,2026-07-28 10:22:05.213301+00,2026-07-28 10:22:18.855941+00,2026-07-28 10:22:33.428901+00,
6595,wzdx_az,done,2026-07-28 10:22:05.213301+00,2026-07-28 10:22:07.059335+00,2026-07-28 10:22:18.749925+00,
6596,wzdx_wa,done,2026-07-28 10:22:05.213301+00,2026-07-28 10:22:40.642982+00,2026-07-28 10:23:13.988951+00,
6598,nws_alerts,done,2026-07-28 10:28:05.248121+00,2026-07-28 10:28:07.830421+00,2026-07-28 10:28:10.90331+00,
6599,caltrans_cwwp2_cc_d03,done,2026-07-28 10:37:05.207472+00,2026-07-28 10:37:16.525915+00,2026-07-28 10:37:25.028183+00,
6600,caltrans_cwwp2_cc_d09,done,2026-07-28 10:37:05.207472+00,2026-07-28 10:37:25.195218+00,2026-07-28 10:37:29.896906+00,
6601,caltrans_cwwp2_cc_d02,done,2026-07-28 10:37:05.207472+00,2026-07-28 10:37:08.453497+00,2026-07-28 10:37:16.380253+00,
6602,wzdx_mn,done,2026-07-28 10:38:05.209239+00,2026-07-28 10:38:32.494351+00,2026-07-28 10:38:40.022267+00,
6603,wzdx_ks,done,2026-07-28 10:38:05.209239+00,2026-07-28 10:38:16.677795+00,2026-07-28 10:38:32.39807+00,
6604,wzdx_az,done,2026-07-28 10:38:05.209239+00,2026-07-28 10:38:06.048924+00,2026-07-28 10:38:16.537486+00,
6605,wzdx_wa,done,2026-07-28 10:38:05.209239+00,2026-07-28 10:38:40.144159+00,2026-07-28 10:38:51.588084+00,
6606,nws_alerts,done,2026-07-28 10:39:05.187191+00,2026-07-28 10:39:07.190301+00,2026-07-28 10:39:09.719033+00,
6607,nws_alerts,done,2026-07-28 10:50:05.165963+00,2026-07-28 10:50:08.897119+00,2026-07-28 10:50:11.7391+00,
6608,caltrans_cwwp2_cc_d03,done,2026-07-28 10:53:05.226658+00,2026-07-28 10:53:15.052008+00,2026-07-28 10:53:23.47901+00,
6609,caltrans_cwwp2_cc_d09,done,2026-07-28 10:53:05.226658+00,2026-07-28 10:53:23.533867+00,2026-07-28 10:53:30.379821+00,
6610,caltrans_cwwp2_cc_d02,done,2026-07-28 10:53:05.226658+00,2026-07-28 10:53:06.952831+00,2026-07-28 10:53:14.92136+00,
6611,wzdx_mn,done,2026-07-28 10:54:05.233653+00,2026-07-28 10:54:33.225765+00,2026-07-28 10:54:40.748699+00,
6612,wzdx_ks,done,2026-07-28 10:54:05.233653+00,2026-07-28 10:54:17.965167+00,2026-07-28 10:54:33.096178+00,
6613,wzdx_az,done,2026-07-28 10:54:05.233653+00,2026-07-28 10:54:06.157787+00,2026-07-28 10:54:17.837237+00,
6614,wzdx_wa,done,2026-07-28 10:54:05.233653+00,2026-07-28 10:54:40.875948+00,2026-07-28 10:54:45.157765+00,
6615,nws_alerts,done,2026-07-28 11:01:05.062459+00,2026-07-28 11:01:06.688499+00,2026-07-28 11:01:09.554744+00,
6616,caltrans_cwwp2_cc_d03,done,2026-07-28 11:09:05.20584+00,2026-07-28 11:09:14.018971+00,2026-07-28 11:09:22.092917+00,
6617,caltrans_cwwp2_cc_d09,done,2026-07-28 11:09:05.20584+00,2026-07-28 11:09:22.234659+00,2026-07-28 11:09:30.109233+00,
6618,caltrans_cwwp2_cc_d02,done,2026-07-28 11:09:05.20584+00,2026-07-28 11:09:05.589499+00,2026-07-28 11:09:13.902168+00,
6619,wzdx_mn,done,2026-07-28 11:10:05.146733+00,2026-07-28 11:10:33.141471+00,2026-07-28 11:10:40.103623+00,
6620,wzdx_ks,done,2026-07-28 11:10:05.146733+00,2026-07-28 11:10:18.68008+00,2026-07-28 11:10:33.027951+00,
6621,wzdx_az,done,2026-07-28 11:10:05.146733+00,2026-07-28 11:10:06.219826+00,2026-07-28 11:10:18.521761+00,
6622,wzdx_wa,done,2026-07-28 11:10:05.146733+00,2026-07-28 11:10:40.203166+00,2026-07-28 11:10:53.093795+00,
6623,nws_alerts,done,2026-07-28 11:12:05.207415+00,2026-07-28 11:12:05.302124+00,2026-07-28 11:12:08.14745+00,
6624,nws_alerts,done,2026-07-28 11:23:05.19519+00,2026-07-28 11:23:09.705235+00,2026-07-28 11:23:12.068123+00,
6625,caltrans_cwwp2_cc_d03,done,2026-07-28 11:25:05.203083+00,2026-07-28 11:25:11.648918+00,2026-07-28 11:25:18.612086+00,
6626,caltrans_cwwp2_cc_d09,done,2026-07-28 11:25:05.203083+00,2026-07-28 11:25:18.746151+00,2026-07-28 11:25:24.52679+00,
6627,caltrans_cwwp2_cc_d02,done,2026-07-28 11:25:05.203083+00,2026-07-28 11:25:05.792486+00,2026-07-28 11:25:11.516051+00,
6628,wzdx_mn,done,2026-07-28 11:26:05.20075+00,2026-07-28 11:26:34.603848+00,2026-07-28 11:26:41.673133+00,
6629,wzdx_ks,done,2026-07-28 11:26:05.20075+00,2026-07-28 11:26:18.016052+00,2026-07-28 11:26:34.483106+00,
6630,wzdx_wa,done,2026-07-28 11:26:05.20075+00,2026-07-28 11:26:41.823794+00,2026-07-28 11:26:47.537276+00,
6631,wzdx_az,done,2026-07-28 11:26:05.20075+00,2026-07-28 11:26:06.337589+00,2026-07-28 11:26:17.918262+00,
6632,nws_alerts,done,2026-07-28 11:34:04.913936+00,2026-07-28 11:34:05.498282+00,2026-07-28 11:34:08.448036+00,
6633,caltrans_cwwp2_cc_d03,done,2026-07-28 11:41:05.214411+00,2026-07-28 11:41:14.279053+00,2026-07-28 11:41:21.523156+00,
6634,caltrans_cwwp2_cc_d09,done,2026-07-28 11:41:05.214411+00,2026-07-28 11:41:21.634349+00,2026-07-28 11:41:28.004779+00,
6635,caltrans_cwwp2_cc_d02,done,2026-07-28 11:41:05.214411+00,2026-07-28 11:41:05.539421+00,2026-07-28 11:41:14.148283+00,
6636,wzdx_mn,done,2026-07-28 11:42:05.151081+00,2026-07-28 11:42:38.292869+00,2026-07-28 11:42:47.267423+00,
6637,wzdx_ks,done,2026-07-28 11:42:05.151081+00,2026-07-28 11:42:22.08057+00,2026-07-28 11:42:38.165904+00,
6638,wzdx_az,done,2026-07-28 11:42:05.151081+00,2026-07-28 11:42:09.350614+00,2026-07-28 11:42:21.976297+00,
6639,wzdx_wa,done,2026-07-28 11:42:05.151081+00,2026-07-28 11:42:47.345487+00,2026-07-28 11:42:55.60156+00,
6640,nws_alerts,done,2026-07-28 11:45:05.19954+00,2026-07-28 11:45:09.712461+00,2026-07-28 11:45:12.235611+00,
6641,nws_alerts,done,2026-07-28 11:56:04.391457+00,2026-07-28 11:56:06.255812+00,2026-07-28 11:56:09.765394+00,
6642,caltrans_cwwp2_cc_d03,done,2026-07-28 11:57:05.213372+00,2026-07-28 11:57:14.965745+00,2026-07-28 11:57:23.107929+00,
6643,caltrans_cwwp2_cc_d09,done,2026-07-28 11:57:05.213372+00,2026-07-28 11:57:23.234678+00,2026-07-28 11:57:29.342326+00,
6644,caltrans_cwwp2_cc_d02,done,2026-07-28 11:57:05.213372+00,2026-07-28 11:57:06.513125+00,2026-07-28 11:57:14.803523+00,
6645,wzdx_mn,done,2026-07-28 11:58:05.215078+00,2026-07-28 11:58:33.291888+00,2026-07-28 11:58:52.070957+00,
6646,wzdx_ks,done,2026-07-28 11:58:05.215078+00,2026-07-28 11:58:17.250048+00,2026-07-28 11:58:33.129731+00,
6647,wzdx_az,done,2026-07-28 11:58:05.215078+00,2026-07-28 11:58:05.639348+00,2026-07-28 11:58:17.142794+00,
6648,wzdx_wa,done,2026-07-28 11:58:05.215078+00,2026-07-28 11:58:52.176043+00,2026-07-28 11:58:57.650433+00,
6649,nws_alerts,done,2026-07-28 12:07:05.205783+00,2026-07-28 12:07:07.013067+00,2026-07-28 12:07:09.78418+00,
6650,caltrans_cwwp2_cc_d03,done,2026-07-28 12:13:02.540127+00,2026-07-28 12:13:14.502327+00,2026-07-28 12:13:22.990615+00,
6651,caltrans_cwwp2_cc_d09,done,2026-07-28 12:13:02.540127+00,2026-07-28 12:13:23.106536+00,2026-07-28 12:13:28.631025+00,
6652,caltrans_cwwp2_cc_d02,done,2026-07-28 12:13:02.540127+00,2026-07-28 12:13:06.132938+00,2026-07-28 12:13:14.318401+00,
6653,wzdx_mn,done,2026-07-28 12:14:05.154166+00,2026-07-28 12:14:35.653474+00,2026-07-28 12:14:51.77358+00,
6654,wzdx_ks,done,2026-07-28 12:14:05.154166+00,2026-07-28 12:14:21.337801+00,2026-07-28 12:14:35.489977+00,
6655,wzdx_az,done,2026-07-28 12:14:05.154166+00,2026-07-28 12:14:09.962331+00,2026-07-28 12:14:21.231025+00,
6656,wzdx_wa,done,2026-07-28 12:14:05.154166+00,2026-07-28 12:14:51.888987+00,2026-07-28 12:14:57.327405+00,
6657,nws_alerts,done,2026-07-28 12:18:05.220401+00,2026-07-28 12:18:08.51406+00,2026-07-28 12:18:11.217533+00,
6658,nws_alerts,done,2026-07-28 12:29:05.219639+00,2026-07-28 12:29:34.780555+00,2026-07-28 12:29:37.56114+00,
6659,caltrans_cwwp2_cc_d03,done,2026-07-28 12:29:05.219639+00,2026-07-28 12:29:19.592899+00,2026-07-28 12:29:27.948252+00,
6660,caltrans_cwwp2_cc_d09,done,2026-07-28 12:29:05.219639+00,2026-07-28 12:29:28.071331+00,2026-07-28 12:29:34.656041+00,
6661,caltrans_cwwp2_cc_d02,done,2026-07-28 12:29:05.219639+00,2026-07-28 12:29:10.385158+00,2026-07-28 12:29:19.456901+00,
6662,wzdx_mn,done,2026-07-28 12:30:05.137296+00,2026-07-28 12:30:34.302958+00,2026-07-28 12:31:15.229801+00,
6663,wzdx_ks,done,2026-07-28 12:30:05.137296+00,2026-07-28 12:30:21.316971+00,2026-07-28 12:30:34.168753+00,
6664,wzdx_az,done,2026-07-28 12:30:05.137296+00,2026-07-28 12:30:08.422984+00,2026-07-28 12:30:21.178688+00,
6665,wzdx_wa,done,2026-07-28 12:30:05.137296+00,2026-07-28 12:31:15.354289+00,2026-07-28 12:31:29.499781+00,
6668,ntad_parking,failed,2026-07-29 02:12:53.20688+00,2026-07-29 02:12:58.577071+00,2026-07-29 02:13:22.394249+00,"HTTPSConnectionPool(host='services.arcgis.com', port=443): Max retries exceeded with url: /xOi1kZaI0eWDREZv/arcgis/rest/services/NTAD_Truck_Stop_Parking/FeatureServer/0?f=json (Caused by NameResolutionError(""HTTPSConnection(host='services.arcgis.com', port=443): Failed to resolve 'services.arcgis.com' ([Errno -3] Temporary failure in name resolution)""))"
6669,wzdx_mn,failed,2026-07-29 02:12:53.20688+00,2026-07-29 02:13:22.698714+00,2026-07-29 02:15:26.170957+00,"HTTPSConnectionPool(host='mn.carsprogram.org', port=443): Max retries exceeded with url: /carsapi_v1/api/wzdx (Caused by NameResolutionError(""HTTPSConnection(host='mn.carsprogram.org', port=443): Failed to resolve 'mn.carsprogram.org' ([Errno -3] Temporary failure in name resolution)""))"
6670,nws_alerts,failed,2026-07-29 02:12:53.20688+00,2026-07-29 02:15:26.33462+00,2026-07-29 02:15:47.219566+00,"HTTPSConnectionPool(host='api.weather.gov', port=443): Max retries exceeded with url: /alerts/active (Caused by NameResolutionError(""HTTPSConnection(host='api.weather.gov', port=443): Failed to resolve 'api.weather.gov' ([Errno -3] Temporary failure in name resolution)""))"
6671,wzdx_ks,failed,2026-07-29 02:12:53.20688+00,2026-07-29 02:15:47.52274+00,2026-07-29 03:43:38.917805+00,"HTTPSConnectionPool(host='ks.carsprogram.org', port=443): Max retries exceeded with url: /carsapi_v1/api/wzdx (Caused by NameResolutionError(""HTTPSConnection(host='ks.carsprogram.org', port=443): Failed to resolve 'ks.carsprogram.org' ([Errno -3] Temporary failure in name resolution)""))"
6672,caltrans_cwwp2_cc_d03,done,2026-07-29 02:12:53.20688+00,2026-07-29 03:43:39.296613+00,2026-07-29 03:44:52.543308+00,
6673,caltrans_cwwp2_cc_d09,done,2026-07-29 02:12:53.20688+00,2026-07-29 03:44:52.700598+00,2026-07-29 03:44:58.763886+00,
6674,eia_diesel,done,2026-07-29 02:12:53.20688+00,2026-07-29 03:44:58.951086+00,2026-07-29 03:45:29.888333+00,
6675,caltrans_cwwp2_cc_d02,done,2026-07-29 02:12:53.20688+00,2026-07-29 03:45:30.146958+00,2026-07-29 04:50:52.458222+00,
6676,wzdx_az,done,2026-07-29 02:12:53.20688+00,2026-07-29 04:50:52.666773+00,2026-07-29 04:51:03.409401+00,
6677,wzdx_wa,done,2026-07-29 02:12:53.20688+00,2026-07-29 04:51:03.559864+00,2026-07-29 04:51:13.652763+00,
6697,ntad_parking,done,2026-07-29 03:43:32.35525+00,2026-07-29 04:51:14.003414+00,2026-07-29 04:51:22.448264+00,
6698,wzdx_mn,done,2026-07-29 03:43:32.35525+00,2026-07-29 04:51:23.350636+00,2026-07-29 04:51:31.853388+00,
6699,nws_alerts,done,2026-07-29 03:43:32.35525+00,2026-07-29 04:51:32.021172+00,2026-07-29 04:51:34.507848+00,
6710,wzdx_ks,done,2026-07-29 03:44:01.039607+00,2026-07-29 04:51:34.642059+00,2026-07-29 04:51:51.316594+00,
6729,caltrans_cwwp2_cc_d03,done,2026-07-29 04:50:40.072437+00,2026-07-29 04:51:51.467093+00,2026-07-29 04:51:59.893813+00,
6730,caltrans_cwwp2_cc_d09,done,2026-07-29 04:50:40.072437+00,2026-07-29 04:52:00.861283+00,2026-07-29 04:52:08.737583+00,
6740,caltrans_cwwp2_cc_d02,done,2026-07-29 04:51:00.932241+00,2026-07-29 04:52:09.25985+00,2026-07-29 04:52:18.144674+00,
6745,nws_alerts,done,2026-07-29 05:02:01.08768+00,2026-07-29 05:02:01.494612+00,2026-07-29 05:02:04.07545+00,
6746,wzdx_az,done,2026-07-29 05:06:00.531826+00,2026-07-29 05:06:03.138809+00,2026-07-29 05:06:11.883083+00,
6747,wzdx_mn,failed,2026-07-29 05:07:01.073262+00,2026-07-29 05:07:08.500454+00,2026-07-29 05:08:16.158429+00,"HTTPSConnectionPool(host='mn.carsprogram.org', port=443): Read timed out. (read timeout=60.0)"
6748,wzdx_ks,done,2026-07-29 05:07:01.073262+00,2026-07-29 05:08:16.296397+00,2026-07-29 05:08:34.403427+00,
6749,caltrans_cwwp2_cc_d03,done,2026-07-29 05:07:01.073262+00,2026-07-29 05:08:34.591542+00,2026-07-29 05:08:44.944194+00,
6750,wzdx_wa,done,2026-07-29 05:07:01.073262+00,2026-07-29 05:08:45.078551+00,2026-07-29 05:08:52.713662+00,
6754,caltrans_cwwp2_cc_d09,done,2026-07-29 05:08:01.068598+00,2026-07-29 05:08:52.817461+00,2026-07-29 05:08:58.542072+00,
6755,caltrans_cwwp2_cc_d02,done,2026-07-29 05:08:01.068598+00,2026-07-29 05:08:58.696535+00,2026-07-29 05:09:06.673018+00,
6758,wzdx_mn,failed,2026-07-29 05:13:00.893377+00,2026-07-29 05:13:04.720547+00,2026-07-29 05:14:06.384916+00,"HTTPSConnectionPool(host='mn.carsprogram.org', port=443): Read timed out. (read timeout=60.0)"
6759,nws_alerts,done,2026-07-29 05:13:00.893377+00,2026-07-29 05:14:06.53313+00,2026-07-29 05:14:09.053875+00,
6762,wzdx_az,done,2026-07-29 05:22:01.085043+00,2026-07-29 05:22:02.346853+00,2026-07-29 05:22:16.155223+00,
6763,wzdx_mn,done,2026-07-29 05:24:00.88175+00,2026-07-29 05:24:04.322849+00,2026-07-29 05:24:24.019702+00,
6764,wzdx_ks,done,2026-07-29 05:24:00.88175+00,2026-07-29 05:24:24.126484+00,2026-07-29 05:24:38.247448+00,
6765,caltrans_cwwp2_cc_d03,done,2026-07-29 05:24:00.88175+00,2026-07-29 05:24:38.420707+00,2026-07-29 05:24:46.397882+00,
6766,caltrans_cwwp2_cc_d09,done,2026-07-29 05:24:00.88175+00,2026-07-29 05:24:46.520836+00,2026-07-29 05:24:53.886982+00,
6767,caltrans_cwwp2_cc_d02,done,2026-07-29 05:24:00.88175+00,2026-07-29 05:24:54.050056+00,2026-07-29 05:25:02.103443+00,
6768,wzdx_wa,done,2026-07-29 05:24:00.88175+00,2026-07-29 05:25:02.222154+00,2026-07-29 05:25:08.47479+00,
6769,nws_alerts,done,2026-07-29 05:25:00.92904+00,2026-07-29 05:25:08.597772+00,2026-07-29 05:25:11.2062+00,
6772,nws_alerts,done,2026-07-29 05:36:00.7434+00,2026-07-29 05:36:05.511956+00,2026-07-29 05:36:09.067626+00,
6773,wzdx_az,done,2026-07-29 05:38:00.984307+00,2026-07-29 05:38:02.189635+00,2026-07-29 05:38:15.770736+00,
6774,wzdx_mn,done,2026-07-29 05:40:00.655555+00,2026-07-29 05:40:40.496281+00,2026-07-29 05:40:47.31376+00,
6775,wzdx_ks,done,2026-07-29 05:40:00.655555+00,2026-07-29 05:40:25.865651+00,2026-07-29 05:40:40.325754+00,
6776,caltrans_cwwp2_cc_d03,done,2026-07-29 05:40:00.655555+00,2026-07-29 05:40:11.983124+00,2026-07-29 05:40:19.42746+00,
6777,caltrans_cwwp2_cc_d09,done,2026-07-29 05:40:00.655555+00,2026-07-29 05:40:19.597134+00,2026-07-29 05:40:25.738812+00,
6778,caltrans_cwwp2_cc_d02,done,2026-07-29 05:40:00.655555+00,2026-07-29 05:40:03.914863+00,2026-07-29 05:40:11.817574+00,
6779,wzdx_wa,done,2026-07-29 05:41:00.958875+00,2026-07-29 05:41:02.857446+00,2026-07-29 05:41:06.635096+00,
6780,nws_alerts,done,2026-07-29 05:47:00.726971+00,2026-07-29 05:47:02.013899+00,2026-07-29 05:47:05.2126+00,
6781,wzdx_az,done,2026-07-29 05:54:00.97219+00,2026-07-29 05:54:01.982323+00,2026-07-29 05:54:14.836831+00,
6782,wzdx_mn,done,2026-07-29 05:56:00.451718+00,2026-07-29 05:56:40.366431+00,2026-07-29 05:56:47.250535+00,
6783,wzdx_ks,done,2026-07-29 05:56:00.451718+00,2026-07-29 05:56:26.270665+00,2026-07-29 05:56:40.21527+00,
6784,caltrans_cwwp2_cc_d03,done,2026-07-29 05:56:00.451718+00,2026-07-29 05:56:11.046445+00,2026-07-29 05:56:19.403296+00,
6785,caltrans_cwwp2_cc_d09,done,2026-07-29 05:56:00.451718+00,2026-07-29 05:56:19.662594+00,2026-07-29 05:56:26.123423+00,
6786,caltrans_cwwp2_cc_d02,done,2026-07-29 05:56:00.451718+00,2026-07-29 05:56:02.995952+00,2026-07-29 05:56:10.918348+00,
6787,wzdx_wa,done,2026-07-29 05:57:00.974216+00,2026-07-29 05:57:02.728222+00,2026-07-29 05:57:07.213558+00,
6788,nws_alerts,done,2026-07-29 05:58:00.703511+00,2026-07-29 05:58:03.868615+00,2026-07-29 05:58:06.460178+00,
6789,nws_alerts,done,2026-07-29 06:09:00.694071+00,2026-07-29 06:09:04.761863+00,2026-07-29 06:09:06.847088+00,
6790,wzdx_az,done,2026-07-29 06:10:00.637973+00,2026-07-29 06:10:03.494464+00,2026-07-29 06:10:16.740778+00,
6791,wzdx_mn,done,2026-07-29 06:12:01.007033+00,2026-07-29 06:12:43.110435+00,2026-07-29 06:12:50.928085+00,
6792,wzdx_ks,done,2026-07-29 06:12:01.007033+00,2026-07-29 06:12:29.45365+00,2026-07-29 06:12:43.001327+00,
6793,caltrans_cwwp2_cc_d03,done,2026-07-29 06:12:01.007033+00,2026-07-29 06:12:15.429885+00,2026-07-29 06:12:23.468673+00,
6794,caltrans_cwwp2_cc_d09,done,2026-07-29 06:12:01.007033+00,2026-07-29 06:12:23.588161+00,2026-07-29 06:12:29.339926+00,
6795,caltrans_cwwp2_cc_d02,done,2026-07-29 06:12:01.007033+00,2026-07-29 06:12:05.721853+00,2026-07-29 06:12:15.326974+00,
6796,wzdx_wa,done,2026-07-29 06:13:00.924974+00,2026-07-29 06:13:01.288608+00,2026-07-29 06:13:09.685781+00,
6797,nws_alerts,done,2026-07-29 06:20:00.633637+00,2026-07-29 06:20:00.960463+00,2026-07-29 06:20:03.710652+00,
6798,wzdx_az,done,2026-07-29 06:26:00.70309+00,2026-07-29 06:26:03.752074+00,2026-07-29 06:26:14.978263+00,
6799,wzdx_mn,done,2026-07-29 06:28:00.904237+00,2026-07-29 06:28:40.865242+00,2026-07-29 06:29:00.767432+00,
6800,wzdx_ks,done,2026-07-29 06:28:00.904237+00,2026-07-29 06:28:26.165989+00,2026-07-29 06:28:40.751468+00,
6801,caltrans_cwwp2_cc_d03,done,2026-07-29 06:28:00.904237+00,2026-07-29 06:28:11.478092+00,2026-07-29 06:28:19.297144+00,
6802,caltrans_cwwp2_cc_d09,done,2026-07-29 06:28:00.904237+00,2026-07-29 06:28:19.430943+00,2026-07-29 06:28:26.026863+00,
6803,caltrans_cwwp2_cc_d02,done,2026-07-29 06:28:00.904237+00,2026-07-29 06:28:03.026526+00,2026-07-29 06:28:11.355314+00,
6804,wzdx_wa,done,2026-07-29 06:29:00.899883+00,2026-07-29 06:29:05.939132+00,2026-07-29 06:29:10.521924+00,
6805,nws_alerts,done,2026-07-29 06:31:00.713102+00,2026-07-29 06:31:03.721537+00,2026-07-29 06:31:05.928201+00,
6806,nws_alerts,done,2026-07-29 06:42:00.858035+00,2026-07-29 06:42:04.214414+00,2026-07-29 06:42:06.585274+00,
6807,wzdx_az,done,2026-07-29 06:42:00.858035+00,2026-07-29 06:42:06.692124+00,2026-07-29 06:42:17.9823+00,
6808,wzdx_mn,done,2026-07-29 06:44:00.967564+00,2026-07-29 06:44:43.043158+00,2026-07-29 06:44:51.626239+00,
6809,wzdx_ks,done,2026-07-29 06:44:00.967564+00,2026-07-29 06:44:29.405287+00,2026-07-29 06:44:42.931527+00,
6810,caltrans_cwwp2_cc_d03,done,2026-07-29 06:44:00.967564+00,2026-07-29 06:44:15.274171+00,2026-07-29 06:44:23.044611+00,
6811,caltrans_cwwp2_cc_d09,done,2026-07-29 06:44:00.967564+00,2026-07-29 06:44:23.130382+00,2026-07-29 06:44:29.270988+00,
6812,caltrans_cwwp2_cc_d02,done,2026-07-29 06:44:00.967564+00,2026-07-29 06:44:05.989386+00,2026-07-29 06:44:15.166011+00,
6813,wzdx_wa,done,2026-07-29 06:45:00.678276+00,2026-07-29 06:45:01.950025+00,2026-07-29 06:45:07.622424+00,
6814,nws_alerts,done,2026-07-29 06:53:00.643932+00,2026-07-29 06:53:05.752483+00,2026-07-29 06:53:08.157628+00,
6815,wzdx_az,done,2026-07-29 06:58:00.902279+00,2026-07-29 06:58:01.526386+00,2026-07-29 06:58:15.41694+00,
6816,wzdx_mn,done,2026-07-29 07:00:00.904629+00,2026-07-29 07:00:41.293076+00,2026-07-29 07:00:48.976529+00,
6817,wzdx_ks,done,2026-07-29 07:00:00.904629+00,2026-07-29 07:00:26.361807+00,2026-07-29 07:00:41.181423+00,
6818,caltrans_cwwp2_cc_d03,done,2026-07-29 07:00:00.904629+00,2026-07-29 07:00:12.138197+00,2026-07-29 07:00:19.901681+00,
6819,caltrans_cwwp2_cc_d09,done,2026-07-29 07:00:00.904629+00,2026-07-29 07:00:20.036702+00,2026-07-29 07:00:26.240208+00,
6820,caltrans_cwwp2_cc_d02,done,2026-07-29 07:00:00.904629+00,2026-07-29 07:00:04.153843+00,2026-07-29 07:00:12.045922+00,
6821,wzdx_wa,done,2026-07-29 07:01:00.715084+00,2026-07-29 07:01:04.509822+00,2026-07-29 07:01:11.155214+00,
6822,nws_alerts,done,2026-07-29 07:13:07.806232+00,2026-07-29 07:13:12.161798+00,2026-07-29 07:13:19.530795+00,
6823,wzdx_az,done,2026-07-29 07:13:07.806232+00,2026-07-29 07:13:19.662084+00,2026-07-29 07:13:31.184069+00,
6824,caltrans_cwwp2_cc_d02,done,2026-07-29 07:15:05.194055+00,2026-07-29 07:15:09.443909+00,2026-07-29 07:15:16.834912+00,
6825,wzdx_mn,done,2026-07-29 07:16:05.212289+00,2026-07-29 07:16:37.261754+00,2026-07-29 07:16:44.268354+00,
6826,wzdx_ks,done,2026-07-29 07:16:05.212289+00,2026-07-29 07:16:23.517339+00,2026-07-29 07:16:37.14069+00,
6827,caltrans_cwwp2_cc_d03,done,2026-07-29 07:16:05.212289+00,2026-07-29 07:16:08.282885+00,2026-07-29 07:16:16.670368+00,
6828,caltrans_cwwp2_cc_d09,done,2026-07-29 07:16:05.212289+00,2026-07-29 07:16:16.79489+00,2026-07-29 07:16:23.477661+00,
6829,wzdx_wa,done,2026-07-29 07:16:05.212289+00,2026-07-29 07:16:44.345465+00,2026-07-29 07:16:49.527322+00,
6830,nws_alerts,done,2026-07-29 07:24:05.147009+00,2026-07-29 07:24:08.157669+00,2026-07-29 07:24:10.568408+00,
6831,wzdx_mn,done,2026-07-29 08:43:35.216263+00,2026-07-29 08:44:25.93225+00,2026-07-29 08:44:33.496327+00,
6832,nws_alerts,done,2026-07-29 08:43:35.216263+00,2026-07-29 08:43:59.580339+00,2026-07-29 08:44:01.874955+00,
6833,wzdx_ks,done,2026-07-29 08:43:35.216263+00,2026-07-29 08:44:13.10503+00,2026-07-29 08:44:25.850785+00,
6834,caltrans_cwwp2_cc_d03,done,2026-07-29 08:43:35.216263+00,2026-07-29 08:43:46.228267+00,2026-07-29 08:43:53.627372+00,
6835,caltrans_cwwp2_cc_d09,done,2026-07-29 08:43:35.216263+00,2026-07-29 08:43:53.726128+00,2026-07-29 08:43:59.486314+00,
6836,caltrans_cwwp2_cc_d02,done,2026-07-29 08:43:35.216263+00,2026-07-29 08:43:40.065775+00,2026-07-29 08:43:46.104614+00,
6837,wzdx_az,done,2026-07-29 08:43:35.216263+00,2026-07-29 08:44:01.999913+00,2026-07-29 08:44:12.993329+00,
6838,wzdx_wa,done,2026-07-29 08:43:35.216263+00,2026-07-29 08:44:33.570873+00,2026-07-29 08:44:41.104632+00,
6843,nbi_annual,done,2026-07-29 08:46:05.139107+00,2026-07-29 08:46:09.291328+00,2026-07-29 08:46:44.127128+00,
6844,nws_alerts,done,2026-07-29 08:54:05.192986+00,2026-07-29 08:54:07.533618+00,2026-07-29 08:54:09.437687+00,
6845,wzdx_mn,done,2026-07-29 09:26:01.947799+00,2026-07-29 09:27:05.460357+00,2026-07-29 09:27:40.410921+00,
6846,nws_alerts,done,2026-07-29 09:26:01.947799+00,2026-07-29 09:26:28.634383+00,2026-07-29 09:26:32.458456+00,
6847,wzdx_ks,done,2026-07-29 09:26:01.947799+00,2026-07-29 09:26:49.579882+00,2026-07-29 09:27:05.331796+00,
6848,caltrans_cwwp2_cc_d03,done,2026-07-29 09:26:01.947799+00,2026-07-29 09:26:14.158584+00,2026-07-29 09:26:21.93529+00,
6849,caltrans_cwwp2_cc_d09,done,2026-07-29 09:26:01.947799+00,2026-07-29 09:26:22.078667+00,2026-07-29 09:26:28.49885+00,
6850,caltrans_cwwp2_cc_d02,done,2026-07-29 09:26:01.947799+00,2026-07-29 09:26:05.170615+00,2026-07-29 09:26:14.040821+00,
6851,wzdx_az,done,2026-07-29 09:26:01.947799+00,2026-07-29 09:26:32.604589+00,2026-07-29 09:26:49.476608+00,
6852,wzdx_wa,done,2026-07-29 09:26:01.947799+00,2026-07-29 09:27:40.54695+00,2026-07-29 09:27:47.042318+00,
6856,nws_alerts,done,2026-07-29 09:37:04.544069+00,2026-07-29 09:37:09.520183+00,2026-07-29 09:37:12.15228+00,
6857,wzdx_ks,done,2026-07-29 09:42:04.454152+00,2026-07-29 09:42:43.234855+00,2026-07-29 09:43:15.762739+00,
6858,caltrans_cwwp2_cc_d03,done,2026-07-29 09:42:04.454152+00,2026-07-29 09:42:14.295391+00,2026-07-29 09:42:22.67742+00,
6859,caltrans_cwwp2_cc_d09,done,2026-07-29 09:42:04.454152+00,2026-07-29 09:42:22.819794+00,2026-07-29 09:42:28.490239+00,
6860,caltrans_cwwp2_cc_d02,done,2026-07-29 09:42:04.454152+00,2026-07-29 09:42:06.569079+00,2026-07-29 09:42:14.170471+00,
6861,wzdx_az,done,2026-07-29 09:42:04.454152+00,2026-07-29 09:42:28.587139+00,2026-07-29 09:42:43.127163+00,
6862,wzdx_mn,done,2026-07-29 09:43:04.479419+00,2026-07-29 09:43:15.869478+00,2026-07-29 09:43:23.412971+00,
6864,wzdx_wa,done,2026-07-29 09:43:04.479419+00,2026-07-29 09:43:23.508835+00,2026-07-29 09:43:28.183617+00,
6865,nws_alerts,done,2026-07-29 09:48:04.317641+00,2026-07-29 09:48:06.769185+00,2026-07-29 09:48:09.429452+00,
6866,wzdx_ks,done,2026-07-29 09:58:04.442655+00,2026-07-29 09:58:44.127481+00,2026-07-29 09:58:57.93436+00,
6867,caltrans_cwwp2_cc_d03,done,2026-07-29 09:58:04.442655+00,2026-07-29 09:58:20.477003+00,2026-07-29 09:58:25.50871+00,
6868,caltrans_cwwp2_cc_d09,done,2026-07-29 09:58:04.442655+00,2026-07-29 09:58:25.623875+00,2026-07-29 09:58:30.618878+00,
6869,caltrans_cwwp2_cc_d02,done,2026-07-29 09:58:04.442655+00,2026-07-29 09:58:07.556715+00,2026-07-29 09:58:20.338782+00,
6870,wzdx_az,done,2026-07-29 09:58:04.442655+00,2026-07-29 09:58:30.759976+00,2026-07-29 09:58:44.018576+00,
6871,wzdx_mn,done,2026-07-29 09:59:04.208628+00,2026-07-29 09:59:12.145095+00,2026-07-29 09:59:18.977741+00,
6872,nws_alerts,done,2026-07-29 09:59:04.208628+00,2026-07-29 09:59:08.370436+00,2026-07-29 09:59:12.01769+00,
6873,wzdx_wa,done,2026-07-29 09:59:04.208628+00,2026-07-29 09:59:19.091946+00,2026-07-29 09:59:23.505382+00,
6874,nws_alerts,done,2026-07-29 10:10:04.687438+00,2026-07-29 10:10:08.754172+00,2026-07-29 10:10:11.391691+00,
6875,wzdx_ks,done,2026-07-29 10:14:04.455287+00,2026-07-29 10:14:44.122308+00,2026-07-29 10:14:58.407969+00,
6876,caltrans_cwwp2_cc_d03,done,2026-07-29 10:14:04.455287+00,2026-07-29 10:14:15.830771+00,2026-07-29 10:14:23.776274+00,
6877,caltrans_cwwp2_cc_d09,done,2026-07-29 10:14:04.455287+00,2026-07-29 10:14:23.868224+00,2026-07-29 10:14:29.783391+00,
6878,caltrans_cwwp2_cc_d02,done,2026-07-29 10:14:04.455287+00,2026-07-29 10:14:08.832673+00,2026-07-29 10:14:15.628342+00,
6879,wzdx_az,done,2026-07-29 10:14:04.455287+00,2026-07-29 10:14:29.916603+00,2026-07-29 10:14:44.006431+00,
6880,wzdx_mn,done,2026-07-29 10:15:04.457819+00,2026-07-29 10:15:08.727678+00,2026-07-29 10:15:14.702288+00,
6881,wzdx_wa,done,2026-07-29 10:15:04.457819+00,2026-07-29 10:15:14.834258+00,2026-07-29 10:15:19.838051+00,
6882,nws_alerts,done,2026-07-29 10:21:04.202773+00,2026-07-29 10:21:05.741617+00,2026-07-29 10:21:08.695394+00,
6883,wzdx_ks,done,2026-07-29 10:30:04.374621+00,2026-07-29 10:30:43.918311+00,2026-07-29 10:31:01.881622+00,
6884,caltrans_cwwp2_cc_d03,done,2026-07-29 10:30:04.374621+00,2026-07-29 10:30:14.578826+00,2026-07-29 10:30:22.427477+00,
6885,caltrans_cwwp2_cc_d09,done,2026-07-29 10:30:04.374621+00,2026-07-29 10:30:22.546253+00,2026-07-29 10:30:28.453105+00,
6886,caltrans_cwwp2_cc_d02,done,2026-07-29 10:30:04.374621+00,2026-07-29 10:30:06.318027+00,2026-07-29 10:30:14.445778+00,
6887,wzdx_az,done,2026-07-29 10:30:04.374621+00,2026-07-29 10:30:28.583352+00,2026-07-29 10:30:43.744086+00,
6888,wzdx_mn,done,2026-07-29 10:31:04.422959+00,2026-07-29 10:31:07.412711+00,2026-07-29 10:31:13.995356+00,
6889,wzdx_wa,done,2026-07-29 10:31:04.422959+00,2026-07-29 10:31:14.120406+00,2026-07-29 10:31:19.446763+00,
6890,nws_alerts,done,2026-07-29 10:32:04.244963+00,2026-07-29 10:32:06.088896+00,2026-07-29 10:32:08.689569+00,
6891,nws_alerts,done,2026-07-29 10:43:04.397072+00,2026-07-29 10:43:09.157109+00,2026-07-29 10:43:11.672621+00,
6892,nti_tunnels,done,2026-07-29 10:44:04.439221+00,2026-07-29 10:44:08.456133+00,2026-07-29 10:44:12.83349+00,
6893,wzdx_ks,done,2026-07-29 10:46:04.430333+00,2026-07-29 10:46:39.516169+00,2026-07-29 10:46:54.555167+00,
6894,caltrans_cwwp2_cc_d03,done,2026-07-29 10:46:04.430333+00,2026-07-29 10:46:14.641958+00,2026-07-29 10:46:21.828918+00,
6895,caltrans_cwwp2_cc_d09,done,2026-07-29 10:46:04.430333+00,2026-07-29 10:46:21.968839+00,2026-07-29 10:46:27.792332+00,
6896,caltrans_cwwp2_cc_d02,done,2026-07-29 10:46:04.430333+00,2026-07-29 10:46:06.711918+00,2026-07-29 10:46:14.516817+00,
6897,wzdx_az,done,2026-07-29 10:46:04.430333+00,2026-07-29 10:46:27.932482+00,2026-07-29 10:46:39.371125+00,
6898,wzdx_mn,done,2026-07-29 10:47:04.118372+00,2026-07-29 10:47:05.042368+00,2026-07-29 10:47:41.022455+00,
6899,wzdx_wa,done,2026-07-29 10:47:04.118372+00,2026-07-29 10:47:41.101587+00,2026-07-29 10:47:45.544013+00,
6900,nws_alerts,done,2026-07-29 10:54:04.42648+00,2026-07-29 10:54:07.178996+00,2026-07-29 10:54:09.363278+00,
6901,wzdx_ks,done,2026-07-29 11:02:04.458261+00,2026-07-29 11:02:44.437042+00,2026-07-29 11:02:58.077137+00,
6902,caltrans_cwwp2_cc_d03,done,2026-07-29 11:02:04.458261+00,2026-07-29 11:02:17.640798+00,2026-07-29 11:02:25.60694+00,
6903,caltrans_cwwp2_cc_d09,done,2026-07-29 11:02:04.458261+00,2026-07-29 11:02:25.84256+00,2026-07-29 11:02:31.790242+00,
6904,caltrans_cwwp2_cc_d02,done,2026-07-29 11:02:04.458261+00,2026-07-29 11:02:08.620785+00,2026-07-29 11:02:17.512244+00,
6905,wzdx_az,done,2026-07-29 11:02:04.458261+00,2026-07-29 11:02:31.983031+00,2026-07-29 11:02:44.294236+00,
6906,wzdx_mn,done,2026-07-29 11:03:04.348413+00,2026-07-29 11:03:08.540576+00,2026-07-29 11:03:14.97461+00,
6907,wzdx_wa,done,2026-07-29 11:03:04.348413+00,2026-07-29 11:03:15.073936+00,2026-07-29 11:04:42.766251+00,
6909,nws_alerts,done,2026-07-29 11:05:04.793898+00,2026-07-29 11:05:08.811588+00,2026-07-29 11:05:11.287574+00,
6910,nws_alerts,done,2026-07-29 11:16:04.418336+00,2026-07-29 11:16:07.906808+00,2026-07-29 11:16:10.502658+00,
6911,wzdx_ks,done,2026-07-29 11:18:04.404181+00,2026-07-29 11:18:43.67955+00,2026-07-29 11:18:58.362207+00,
6912,caltrans_cwwp2_cc_d03,done,2026-07-29 11:18:04.404181+00,2026-07-29 11:18:16.558705+00,2026-07-29 11:18:24.289432+00,
6913,caltrans_cwwp2_cc_d09,done,2026-07-29 11:18:04.404181+00,2026-07-29 11:18:24.496359+00,2026-07-29 11:18:30.381828+00,
6914,caltrans_cwwp2_cc_d02,done,2026-07-29 11:18:04.404181+00,2026-07-29 11:18:09.178485+00,2026-07-29 11:18:16.432901+00,
6915,wzdx_az,done,2026-07-29 11:18:04.404181+00,2026-07-29 11:18:30.525972+00,2026-07-29 11:18:43.551203+00,
6916,wzdx_mn,failed,2026-07-29 11:19:04.318775+00,2026-07-29 11:19:08.936697+00,2026-07-29 11:20:10.729571+00,"HTTPSConnectionPool(host='mn.carsprogram.org', port=443): Read timed out. (read timeout=60.0)"
6917,wzdx_wa,done,2026-07-29 11:19:04.318775+00,2026-07-29 11:20:10.864672+00,2026-07-29 11:20:16.435431+00,
6920,wzdx_mn,done,2026-07-29 11:25:04.507138+00,2026-07-29 11:25:04.945527+00,2026-07-29 11:26:04.208156+00,
6921,nws_alerts,done,2026-07-29 11:27:04.450519+00,2026-07-29 11:27:06.148591+00,2026-07-29 11:27:09.204194+00,
6922,wzdx_ks,done,2026-07-29 11:34:04.432093+00,2026-07-29 11:34:40.579301+00,2026-07-29 11:34:54.005026+00,
6923,caltrans_cwwp2_cc_d03,done,2026-07-29 11:34:04.432093+00,2026-07-29 11:34:14.719866+00,2026-07-29 11:34:22.533319+00,
6924,caltrans_cwwp2_cc_d09,done,2026-07-29 11:34:04.432093+00,2026-07-29 11:34:22.675474+00,2026-07-29 11:34:28.710392+00,
6925,caltrans_cwwp2_cc_d02,done,2026-07-29 11:34:04.432093+00,2026-07-29 11:34:07.379293+00,2026-07-29 11:34:14.558627+00,
6926,wzdx_az,done,2026-07-29 11:34:04.432093+00,2026-07-29 11:34:28.849345+00,2026-07-29 11:34:40.46916+00,
6927,wzdx_wa,done,2026-07-29 11:36:04.441524+00,2026-07-29 11:36:05.957936+00,2026-07-29 11:36:10.125497+00,
6928,nws_alerts,done,2026-07-29 11:38:04.423296+00,2026-07-29 11:38:08.540733+00,2026-07-29 11:38:10.950706+00,
6929,wzdx_mn,done,2026-07-29 11:41:04.39523+00,2026-07-29 11:41:05.853239+00,2026-07-29 11:41:13.941252+00,
6930,nws_alerts,done,2026-07-29 11:49:04.409954+00,2026-07-29 11:49:07.414221+00,2026-07-29 11:49:09.855859+00,
6931,wzdx_ks,done,2026-07-29 11:50:04.377603+00,2026-07-29 11:50:39.383434+00,2026-07-29 11:50:53.80925+00,
6932,caltrans_cwwp2_cc_d03,done,2026-07-29 11:50:04.377603+00,2026-07-29 11:50:13.753423+00,2026-07-29 11:50:20.668611+00,
6933,caltrans_cwwp2_cc_d09,done,2026-07-29 11:50:04.377603+00,2026-07-29 11:50:20.766722+00,2026-07-29 11:50:26.536042+00,
6934,caltrans_cwwp2_cc_d02,done,2026-07-29 11:50:04.377603+00,2026-07-29 11:50:06.575981+00,2026-07-29 11:50:13.676304+00,
6935,wzdx_az,done,2026-07-29 11:50:04.377603+00,2026-07-29 11:50:26.649436+00,2026-07-29 11:50:39.302752+00,
6936,wzdx_wa,done,2026-07-29 11:52:04.411467+00,2026-07-29 11:52:06.149887+00,2026-07-29 11:52:09.957233+00,
6937,wzdx_mn,done,2026-07-29 11:57:04.271379+00,2026-07-29 11:57:08.826048+00,2026-07-29 11:57:15.164403+00,
6938,nws_alerts,done,2026-07-29 12:00:04.493349+00,2026-07-29 12:00:05.914601+00,2026-07-29 12:00:10.341157+00,
6939,wzdx_ks,done,2026-07-29 12:06:04.378071+00,2026-07-29 12:06:38.543648+00,2026-07-29 12:06:51.979822+00,
6940,caltrans_cwwp2_cc_d03,done,2026-07-29 12:06:04.378071+00,2026-07-29 12:06:13.562472+00,2026-07-29 12:06:20.103157+00,
6941,caltrans_cwwp2_cc_d09,done,2026-07-29 12:06:04.378071+00,2026-07-29 12:06:20.198892+00,2026-07-29 12:06:25.953528+00,
6942,caltrans_cwwp2_cc_d02,done,2026-07-29 12:06:04.378071+00,2026-07-29 12:06:06.079618+00,2026-07-29 12:06:13.459745+00,
6943,wzdx_az,done,2026-07-29 12:06:04.378071+00,2026-07-29 12:06:26.09062+00,2026-07-29 12:06:38.474978+00,
6944,wzdx_wa,done,2026-07-29 12:08:04.659103+00,2026-07-29 12:08:09.356102+00,2026-07-29 12:08:14.895651+00,
6945,nws_alerts,done,2026-07-29 12:11:04.345537+00,2026-07-29 12:11:05.45415+00,2026-07-29 12:11:07.714044+00,
6946,wzdx_mn,done,2026-07-29 12:13:04.257514+00,2026-07-29 12:13:06.375384+00,2026-07-29 12:13:12.951443+00,
6947,nws_alerts,done,2026-07-29 12:22:04.432139+00,2026-07-29 12:22:29.849938+00,2026-07-29 12:22:31.484805+00,
6948,wzdx_ks,done,2026-07-29 12:22:04.432139+00,2026-07-29 12:22:42.234958+00,2026-07-29 12:22:54.758923+00,
6949,caltrans_cwwp2_cc_d02,done,2026-07-29 12:22:04.432139+00,2026-07-29 12:22:09.293493+00,2026-07-29 12:22:16.845799+00,
6950,caltrans_cwwp2_cc_d03,done,2026-07-29 12:22:04.432139+00,2026-07-29 12:22:16.97917+00,2026-07-29 12:22:24.391121+00,
6951,caltrans_cwwp2_cc_d09,done,2026-07-29 12:22:04.432139+00,2026-07-29 12:22:24.498348+00,2026-07-29 12:22:29.761329+00,
6952,wzdx_az,done,2026-07-29 12:22:04.432139+00,2026-07-29 12:22:31.553985+00,2026-07-29 12:22:42.166031+00,
6953,wzdx_wa,done,2026-07-29 12:24:04.384812+00,2026-07-29 12:24:06.906779+00,2026-07-29 12:24:11.08793+00,
6954,wzdx_mn,done,2026-07-29 12:29:04.164083+00,2026-07-29 12:29:05.722456+00,2026-07-29 12:29:57.86432+00,
6955,nws_alerts,done,2026-07-29 12:33:04.580859+00,2026-07-29 12:33:09.321558+00,2026-07-29 12:33:11.638011+00,
6956,wzdx_ks,done,2026-07-29 12:38:04.43706+00,2026-07-29 12:38:41.761786+00,2026-07-29 12:38:56.38745+00,
6957,caltrans_cwwp2_cc_d03,done,2026-07-29 12:38:04.43706+00,2026-07-29 12:38:16.151914+00,2026-07-29 12:38:24.276371+00,
6958,caltrans_cwwp2_cc_d09,done,2026-07-29 12:38:04.43706+00,2026-07-29 12:38:24.322597+00,2026-07-29 12:38:29.535552+00,
6959,caltrans_cwwp2_cc_d02,done,2026-07-29 12:38:04.43706+00,2026-07-29 12:38:05.900876+00,2026-07-29 12:38:15.969217+00,
6960,wzdx_az,done,2026-07-29 12:38:04.43706+00,2026-07-29 12:38:29.590587+00,2026-07-29 12:38:41.646863+00,
6961,wzdx_wa,done,2026-07-29 12:40:04.389448+00,2026-07-29 12:40:08.522415+00,2026-07-29 12:40:13.572621+00,
6962,nws_alerts,done,2026-07-29 12:44:02.019007+00,2026-07-29 12:44:06.396246+00,2026-07-29 12:44:10.397163+00,
6963,wzdx_mn,failed,2026-07-29 12:45:04.399899+00,2026-07-29 12:45:07.306027+00,2026-07-29 12:46:09.195073+00,"HTTPSConnectionPool(host='mn.carsprogram.org', port=443): Read timed out. (read timeout=60.0)"
6965,wzdx_mn,failed,2026-07-29 12:53:20.694126+00,2026-07-29 14:04:25.372234+00,2026-07-30 02:51:35.581771+00,"HTTPSConnectionPool(host='mn.carsprogram.org', port=443): Max retries exceeded with url: /carsapi_v1/api/wzdx (Caused by NameResolutionError(""HTTPSConnection(host='mn.carsprogram.org', port=443): Failed to resolve 'mn.carsprogram.org' ([Errno -3] Temporary failure in name resolution)""))"
6966,caltrans_cwwp2_cc_d03,failed,2026-07-29 12:53:20.694126+00,2026-07-29 12:53:41.963484+00,2026-07-29 14:04:25.183102+00,"HTTPSConnectionPool(host='cwwp2.dot.ca.gov', port=443): Max retries exceeded with url: /data/d3/cc/ccStatusD03.json (Caused by NameResolutionError(""HTTPSConnection(host='cwwp2.dot.ca.gov', port=443): Failed to resolve 'cwwp2.dot.ca.gov' ([Errno -3] Temporary failure in name resolution)""))"
6967,caltrans_cwwp2_cc_d02,failed,2026-07-29 12:53:20.694126+00,2026-07-29 12:53:21.064399+00,2026-07-29 12:53:41.710759+00,"HTTPSConnectionPool(host='cwwp2.dot.ca.gov', port=443): Max retries exceeded with url: /data/d2/cc/ccStatusD02.json (Caused by NameResolutionError(""HTTPSConnection(host='cwwp2.dot.ca.gov', port=443): Failed to resolve 'cwwp2.dot.ca.gov' ([Errno -3] Temporary failure in name resolution)""))"
6969,nws_alerts,done,2026-07-29 14:04:14.887636+00,2026-07-30 03:47:39.923418+00,2026-07-30 03:47:43.832663+00,
6970,wzdx_ks,done,2026-07-29 14:04:14.887636+00,2026-07-30 03:47:18.06273+00,2026-07-30 03:47:38.374118+00,
6972,caltrans_cwwp2_cc_d09,done,2026-07-29 14:04:14.887636+00,2026-07-30 03:47:06.278989+00,2026-07-30 03:47:17.776352+00,
6973,caltrans_cwwp2_cc_d02,failed,2026-07-29 14:04:14.887636+00,2026-07-30 02:51:35.931425+00,2026-07-30 02:51:57.00942+00,"HTTPSConnectionPool(host='cwwp2.dot.ca.gov', port=443): Max retries exceeded with url: /data/d2/cc/ccStatusD02.json (Caused by NameResolutionError(""HTTPSConnection(host='cwwp2.dot.ca.gov', port=443): Failed to resolve 'cwwp2.dot.ca.gov' ([Errno -3] Temporary failure in name resolution)""))"
6974,wzdx_az,failed,2026-07-29 14:04:14.887636+00,2026-07-30 02:51:57.196278+00,2026-07-30 03:47:05.682762+00,"HTTPSConnectionPool(host='az511.com', port=443): Max retries exceeded with url: /api/wzdx (Caused by NameResolutionError(""HTTPSConnection(host='az511.com', port=443): Failed to resolve 'az511.com' ([Errno -3] Temporary failure in name resolution)""))"
6975,wzdx_wa,done,2026-07-29 14:04:14.887636+00,2026-07-30 03:47:45.468645+00,2026-07-30 03:47:59.206243+00,
6976,wzdx_mn,done,2026-07-30 02:51:36.705047+00,2026-07-30 03:48:10.522094+00,2026-07-30 03:48:19.091853+00,
6979,caltrans_cwwp2_cc_d03,done,2026-07-30 02:51:36.705047+00,2026-07-30 03:47:59.763873+00,2026-07-30 03:48:09.73957+00,
6996,caltrans_cwwp2_cc_d02,done,2026-07-30 03:47:06.01845+00,2026-07-30 03:48:19.343456+00,2026-07-30 03:48:27.253844+00,
6997,eia_diesel,done,2026-07-30 03:47:06.01845+00,2026-07-30 03:48:27.49786+00,2026-07-30 03:48:44.784065+00,
6998,wzdx_az,done,2026-07-30 03:47:06.01845+00,2026-07-30 03:48:44.983158+00,2026-07-30 03:48:59.351987+00,
7005,nws_alerts,done,2026-07-30 03:58:04.4196+00,2026-07-30 03:58:08.190183+00,2026-07-30 03:58:10.76351+00,
7006,wzdx_ks,done,2026-07-30 04:03:04.259161+00,2026-07-30 04:03:19.434506+00,2026-07-30 04:03:34.992368+00,
7007,caltrans_cwwp2_cc_d09,done,2026-07-30 04:03:04.259161+00,2026-07-30 04:03:13.180703+00,2026-07-30 04:03:19.231359+00,
7008,caltrans_cwwp2_cc_d03,done,2026-07-30 04:03:04.259161+00,2026-07-30 04:03:04.612966+00,2026-07-30 04:03:13.016391+00,
7009,wzdx_wa,done,2026-07-30 04:03:04.259161+00,2026-07-30 04:03:35.146357+00,2026-07-30 04:03:51.639599+00,
7010,wzdx_mn,done,2026-07-30 04:04:04.335405+00,2026-07-30 04:04:07.27295+00,2026-07-30 04:04:15.00993+00,
7011,caltrans_cwwp2_cc_d02,done,2026-07-30 04:04:04.335405+00,2026-07-30 04:04:15.137885+00,2026-07-30 04:04:23.566971+00,
7012,wzdx_az,done,2026-07-30 04:04:04.335405+00,2026-07-30 04:04:23.695292+00,2026-07-30 04:04:36.378383+00,
7013,nws_alerts,done,2026-07-30 04:09:04.113592+00,2026-07-30 04:09:08.88862+00,2026-07-30 04:09:11.115914+00,
7014,wzdx_ks,done,2026-07-30 04:19:04.421945+00,2026-07-30 04:19:04.761754+00,2026-07-30 04:19:20.815535+00,
7015,caltrans_cwwp2_cc_d09,done,2026-07-30 04:19:04.421945+00,2026-07-30 04:19:20.926692+00,2026-07-30 04:19:27.306167+00,
7016,caltrans_cwwp2_cc_d03,done,2026-07-30 04:19:04.421945+00,2026-07-30 04:19:27.440022+00,2026-07-30 04:19:35.906684+00,
7017,wzdx_wa,done,2026-07-30 04:19:04.421945+00,2026-07-30 04:19:36.03282+00,2026-07-30 04:19:40.925413+00,
7018,nws_alerts,done,2026-07-30 04:20:01.016144+00,2026-07-30 04:20:01.417579+00,2026-07-30 04:20:03.234016+00,
7019,wzdx_mn,done,2026-07-30 04:20:01.016144+00,2026-07-30 04:20:03.339874+00,2026-07-30 04:20:29.877829+00,
7020,caltrans_cwwp2_cc_d02,done,2026-07-30 04:20:01.016144+00,2026-07-30 04:20:30.006543+00,2026-07-30 04:20:38.945023+00,
7021,wzdx_az,done,2026-07-30 04:20:01.016144+00,2026-07-30 04:20:39.074432+00,2026-07-30 04:20:53.282385+00,
7022,nws_alerts,done,2026-07-30 04:30:04.366224+00,2026-07-30 04:30:05.810262+00,2026-07-30 04:30:08.240985+00,
7023,wzdx_ks,done,2026-07-30 04:35:04.363444+00,2026-07-30 04:35:07.546656+00,2026-07-30 04:35:24.815068+00,
7024,wzdx_mn,done,2026-07-30 04:35:04.363444+00,2026-07-30 04:35:24.910699+00,2026-07-30 04:35:31.341579+00,
7025,caltrans_cwwp2_cc_d09,done,2026-07-30 04:35:04.363444+00,2026-07-30 04:35:31.48742+00,2026-07-30 04:35:37.748369+00,
7026,caltrans_cwwp2_cc_d03,done,2026-07-30 04:35:04.363444+00,2026-07-30 04:35:37.895122+00,2026-07-30 04:35:45.88182+00,
7027,wzdx_wa,done,2026-07-30 04:35:04.363444+00,2026-07-30 04:35:46.014445+00,2026-07-30 04:35:49.406294+00,
7028,caltrans_cwwp2_cc_d02,done,2026-07-30 04:36:04.34111+00,2026-07-30 04:36:05.037105+00,2026-07-30 04:36:12.060414+00,
7029,wzdx_az,done,2026-07-30 04:36:04.34111+00,2026-07-30 04:36:12.21072+00,2026-07-30 04:36:24.230328+00,
7030,nws_alerts,done,2026-07-30 04:41:04.43632+00,2026-07-30 04:41:07.691611+00,2026-07-30 04:41:09.756036+00,
7031,wzdx_ks,done,2026-07-30 04:51:04.475562+00,2026-07-30 04:51:09.405804+00,2026-07-30 04:51:22.120365+00,
7032,wzdx_mn,done,2026-07-30 04:51:04.475562+00,2026-07-30 04:51:22.229359+00,2026-07-30 04:51:40.626064+00,
7033,caltrans_cwwp2_cc_d09,done,2026-07-30 04:51:04.475562+00,2026-07-30 04:51:40.718008+00,2026-07-30 04:51:47.080476+00,
7034,caltrans_cwwp2_cc_d03,done,2026-07-30 04:51:04.475562+00,2026-07-30 04:51:47.17519+00,2026-07-30 04:51:54.587127+00,
7035,wzdx_wa,done,2026-07-30 04:51:04.475562+00,2026-07-30 04:51:54.725048+00,2026-07-30 04:52:00.306911+00,
7036,nws_alerts,done,2026-07-30 04:52:04.433999+00,2026-07-30 04:52:05.592575+00,2026-07-30 04:52:07.982087+00,
7037,ntad_parking,done,2026-07-30 04:52:04.433999+00,2026-07-30 04:52:08.112441+00,2026-07-30 04:52:12.542628+00,
7038,caltrans_cwwp2_cc_d02,done,2026-07-30 04:52:04.433999+00,2026-07-30 04:52:12.662529+00,2026-07-30 04:52:19.916416+00,
7039,wzdx_az,done,2026-07-30 04:52:04.433999+00,2026-07-30 04:52:20.0676+00,2026-07-30 04:52:33.599542+00,
7040,nws_alerts,done,2026-07-30 05:03:04.421057+00,2026-07-30 05:03:08.536571+00,2026-07-30 05:03:11.008123+00,
7041,wzdx_ks,done,2026-07-30 05:07:04.210317+00,2026-07-30 05:07:08.40578+00,2026-07-30 05:07:24.196213+00,
7042,wzdx_mn,done,2026-07-30 05:07:04.210317+00,2026-07-30 05:07:24.312472+00,2026-07-30 05:07:31.040154+00,
7043,caltrans_cwwp2_cc_d09,done,2026-07-30 05:07:04.210317+00,2026-07-30 05:07:31.184839+00,2026-07-30 05:07:35.661892+00,
7044,caltrans_cwwp2_cc_d03,done,2026-07-30 05:07:04.210317+00,2026-07-30 05:07:35.764698+00,2026-07-30 05:07:44.15795+00,
7045,wzdx_wa,done,2026-07-30 05:07:04.210317+00,2026-07-30 05:07:44.24047+00,2026-07-30 05:07:48.900858+00,
7046,caltrans_cwwp2_cc_d02,done,2026-07-30 05:08:04.528913+00,2026-07-30 05:08:09.602881+00,2026-07-30 05:08:17.129779+00,
7047,wzdx_az,done,2026-07-30 05:08:04.528913+00,2026-07-30 05:08:17.264341+00,2026-07-30 05:08:29.707456+00,
7048,nws_alerts,done,2026-07-30 05:14:04.39134+00,2026-07-30 05:14:04.915539+00,2026-07-30 05:14:08.067014+00,
7049,wzdx_ks,done,2026-07-30 05:23:04.445813+00,2026-07-30 05:23:04.971871+00,2026-07-30 05:23:25.710026+00,
7050,wzdx_mn,done,2026-07-30 05:23:04.445813+00,2026-07-30 05:23:25.832402+00,2026-07-30 05:23:33.225471+00,
7051,caltrans_cwwp2_cc_d09,done,2026-07-30 05:23:04.445813+00,2026-07-30 05:23:33.343955+00,2026-07-30 05:23:39.667633+00,
7052,caltrans_cwwp2_cc_d03,done,2026-07-30 05:23:04.445813+00,2026-07-30 05:23:39.829024+00,2026-07-30 05:23:47.615006+00,
7053,wzdx_wa,done,2026-07-30 05:23:04.445813+00,2026-07-30 05:23:47.781157+00,2026-07-30 05:23:54.287689+00,
7054,caltrans_cwwp2_cc_d02,done,2026-07-30 05:24:04.387415+00,2026-07-30 05:24:04.712368+00,2026-07-30 05:24:13.496614+00,
7055,wzdx_az,done,2026-07-30 05:24:04.387415+00,2026-07-30 05:24:13.621712+00,2026-07-30 05:24:25.448176+00,
7056,nws_alerts,done,2026-07-30 05:25:04.42223+00,2026-07-30 05:25:06.585989+00,2026-07-30 05:25:09.49279+00,
7057,nws_alerts,done,2026-07-30 05:36:04.431583+00,2026-07-30 05:36:05.286463+00,2026-07-30 05:36:07.966385+00,
7058,wzdx_ks,done,2026-07-30 05:39:04.373933+00,2026-07-30 05:39:24.648537+00,2026-07-30 05:39:41.132158+00,
7059,wzdx_mn,done,2026-07-30 05:39:04.373933+00,2026-07-30 05:39:41.302331+00,2026-07-30 05:39:48.45302+00,
7060,caltrans_cwwp2_cc_d09,done,2026-07-30 05:39:04.373933+00,2026-07-30 05:39:18.632511+00,2026-07-30 05:39:24.547335+00,
7061,caltrans_cwwp2_cc_d03,done,2026-07-30 05:39:04.373933+00,2026-07-30 05:39:08.382074+00,2026-07-30 05:39:18.541128+00,
7062,wzdx_wa,done,2026-07-30 05:39:04.373933+00,2026-07-30 05:39:48.60826+00,2026-07-30 05:39:52.385615+00,
7063,caltrans_cwwp2_cc_d02,done,2026-07-30 05:40:04.281419+00,2026-07-30 05:40:07.915955+00,2026-07-30 05:40:15.627814+00,
7064,wzdx_az,done,2026-07-30 05:40:04.281419+00,2026-07-30 05:40:15.777912+00,2026-07-30 05:40:28.79948+00,
7065,nws_alerts,done,2026-07-30 05:47:04.408169+00,2026-07-30 05:47:09.331751+00,2026-07-30 05:47:11.570465+00,
7066,wzdx_ks,done,2026-07-30 05:55:04.428007+00,2026-07-30 05:55:20.39623+00,2026-07-30 05:55:36.365295+00,
7067,wzdx_mn,done,2026-07-30 05:55:04.428007+00,2026-07-30 05:55:36.485948+00,2026-07-30 05:55:47.698301+00,
7068,caltrans_cwwp2_cc_d09,done,2026-07-30 05:55:04.428007+00,2026-07-30 05:55:14.681831+00,2026-07-30 05:55:20.262647+00,
7069,caltrans_cwwp2_cc_d03,done,2026-07-30 05:55:04.428007+00,2026-07-30 05:55:05.376747+00,2026-07-30 05:55:14.534346+00,
7070,wzdx_wa,done,2026-07-30 05:55:04.428007+00,2026-07-30 05:55:47.85009+00,2026-07-30 05:55:54.312845+00,
7071,caltrans_cwwp2_cc_d02,done,2026-07-30 05:56:04.386271+00,2026-07-30 05:56:04.677869+00,2026-07-30 05:56:12.213945+00,
7072,wzdx_az,done,2026-07-30 05:56:04.386271+00,2026-07-30 05:56:12.34579+00,2026-07-30 05:56:22.275168+00,
7073,nws_alerts,done,2026-07-30 05:58:04.383417+00,2026-07-30 05:58:05.149187+00,2026-07-30 05:58:07.699218+00,
7074,nws_alerts,done,2026-07-30 06:09:04.396737+00,2026-07-30 06:09:06.943808+00,2026-07-30 06:09:09.641207+00,
7075,wzdx_ks,done,2026-07-30 06:11:04.425071+00,2026-07-30 06:11:24.343402+00,2026-07-30 06:11:56.164668+00,
7076,wzdx_mn,done,2026-07-30 06:11:04.425071+00,2026-07-30 06:11:56.269883+00,2026-07-30 06:12:25.604479+00,
7077,caltrans_cwwp2_cc_d09,done,2026-07-30 06:11:04.425071+00,2026-07-30 06:11:17.903475+00,2026-07-30 06:11:24.159172+00,
7078,caltrans_cwwp2_cc_d03,done,2026-07-30 06:11:04.425071+00,2026-07-30 06:11:08.557287+00,2026-07-30 06:11:17.753819+00,
7079,wzdx_wa,done,2026-07-30 06:11:04.425071+00,2026-07-30 06:12:25.750132+00,2026-07-30 06:12:31.583132+00,
7081,caltrans_cwwp2_cc_d02,done,2026-07-30 06:12:04.442286+00,2026-07-30 06:12:31.696885+00,2026-07-30 06:12:38.562903+00,
7082,wzdx_az,done,2026-07-30 06:12:04.442286+00,2026-07-30 06:12:38.665348+00,2026-07-30 06:12:50.222126+00,
7084,nws_alerts,done,2026-07-30 06:20:04.40443+00,2026-07-30 06:20:08.379856+00,2026-07-30 06:20:11.226621+00,
7085,wzdx_ks,done,2026-07-30 06:27:04.449018+00,2026-07-30 06:27:21.075808+00,2026-07-30 06:27:36.737007+00,
7086,wzdx_mn,done,2026-07-30 06:27:04.449018+00,2026-07-30 06:27:36.869285+00,2026-07-30 06:27:44.653535+00,
7087,caltrans_cwwp2_cc_d09,done,2026-07-30 06:27:04.449018+00,2026-07-30 06:27:15.542247+00,2026-07-30 06:27:20.944107+00,
7088,caltrans_cwwp2_cc_d03,done,2026-07-30 06:27:04.449018+00,2026-07-30 06:27:08.339138+00,2026-07-30 06:27:15.299913+00,
7089,caltrans_cwwp2_cc_d02,done,2026-07-30 06:28:04.418288+00,2026-07-30 06:28:05.285231+00,2026-07-30 06:28:13.84492+00,
7090,wzdx_az,done,2026-07-30 06:28:04.418288+00,2026-07-30 06:28:13.974581+00,2026-07-30 06:28:27.279302+00,
7091,wzdx_wa,done,2026-07-30 06:28:04.418288+00,2026-07-30 06:28:27.41376+00,2026-07-30 06:28:32.611398+00,
7092,nws_alerts,done,2026-07-30 06:31:04.428748+00,2026-07-30 06:31:06.964242+00,2026-07-30 06:31:09.428651+00,
7093,nws_alerts,done,2026-07-30 06:42:04.468326+00,2026-07-30 06:42:08.544565+00,2026-07-30 06:42:10.651034+00,
7094,wzdx_ks,done,2026-07-30 06:43:04.393563+00,2026-07-30 06:43:21.938582+00,2026-07-30 06:43:36.170051+00,
7095,wzdx_mn,done,2026-07-30 06:43:04.393563+00,2026-07-30 06:43:36.294481+00,2026-07-30 06:43:43.277051+00,
7096,caltrans_cwwp2_cc_d09,done,2026-07-30 06:43:04.393563+00,2026-07-30 06:43:16.103653+00,2026-07-30 06:43:21.806406+00,
7097,caltrans_cwwp2_cc_d03,done,2026-07-30 06:43:04.393563+00,2026-07-30 06:43:07.409663+00,2026-07-30 06:43:15.951658+00,
7098,caltrans_cwwp2_cc_d02,done,2026-07-30 06:44:04.430157+00,2026-07-30 06:44:09.185735+00,2026-07-30 06:44:16.798349+00,
7099,wzdx_az,done,2026-07-30 06:44:04.430157+00,2026-07-30 06:44:16.931892+00,2026-07-30 06:44:29.738963+00,
7100,wzdx_wa,done,2026-07-30 06:44:04.430157+00,2026-07-30 06:44:29.842809+00,2026-07-30 06:44:33.104301+00,
7101,nws_alerts,done,2026-07-30 06:53:04.442924+00,2026-07-30 06:53:07.422042+00,2026-07-30 06:53:09.637706+00,
7102,wzdx_ks,done,2026-07-30 06:59:04.46873+00,2026-07-30 06:59:23.687542+00,2026-07-30 06:59:37.554356+00,
7103,wzdx_mn,done,2026-07-30 06:59:04.46873+00,2026-07-30 06:59:37.681744+00,2026-07-30 06:59:53.686529+00,
7104,caltrans_cwwp2_cc_d09,done,2026-07-30 06:59:04.46873+00,2026-07-30 06:59:17.792412+00,2026-07-30 06:59:23.525896+00,
7105,caltrans_cwwp2_cc_d03,done,2026-07-30 06:59:04.46873+00,2026-07-30 06:59:09.436208+00,2026-07-30 06:59:17.686549+00,
7106,caltrans_cwwp2_cc_d02,done,2026-07-30 07:00:04.362186+00,2026-07-30 07:00:09.196464+00,2026-07-30 07:00:17.118848+00,
7107,wzdx_az,done,2026-07-30 07:00:04.362186+00,2026-07-30 07:00:17.239755+00,2026-07-30 07:00:30.718232+00,
7108,wzdx_wa,done,2026-07-30 07:00:04.362186+00,2026-07-30 07:00:30.823242+00,2026-07-30 07:00:35.109824+00,
7109,nws_alerts,done,2026-07-30 07:04:04.330123+00,2026-07-30 07:04:05.962646+00,2026-07-30 07:04:08.075082+00,
7110,wzdx_ks,done,2026-07-30 07:15:04.424518+00,2026-07-30 07:15:18.868003+00,2026-07-30 07:15:33.119723+00,
7111,nws_alerts,done,2026-07-30 07:15:04.424518+00,2026-07-30 07:15:16.579316+00,2026-07-30 07:15:18.797067+00,
7112,wzdx_mn,done,2026-07-30 07:15:04.424518+00,2026-07-30 07:15:33.200577+00,2026-07-30 07:16:02.100943+00,
7113,caltrans_cwwp2_cc_d09,done,2026-07-30 07:15:04.424518+00,2026-07-30 07:15:11.790981+00,2026-07-30 07:15:16.544061+00,
7114,caltrans_cwwp2_cc_d03,done,2026-07-30 07:15:04.424518+00,2026-07-30 07:15:06.08264+00,2026-07-30 07:15:11.702437+00,
7115,caltrans_cwwp2_cc_d02,done,2026-07-30 07:16:04.367074+00,2026-07-30 07:16:07.291734+00,2026-07-30 07:16:16.347375+00,
7116,wzdx_az,done,2026-07-30 07:16:04.367074+00,2026-07-30 07:16:16.451425+00,2026-07-30 07:16:27.149055+00,
7117,wzdx_wa,done,2026-07-30 07:16:04.367074+00,2026-07-30 07:16:27.212471+00,2026-07-30 07:16:39.286114+00,
7118,nws_alerts,done,2026-07-30 07:26:04.408097+00,2026-07-30 07:26:05.967177+00,2026-07-30 07:26:08.289024+00,
7119,wzdx_ks,done,2026-07-30 07:31:04.570193+00,2026-07-30 07:31:20.345953+00,2026-07-30 07:31:34.539761+00,
7120,wzdx_mn,done,2026-07-30 07:31:04.570193+00,2026-07-30 07:31:34.806436+00,2026-07-30 07:31:43.078887+00,
7121,caltrans_cwwp2_cc_d09,done,2026-07-30 07:31:04.570193+00,2026-07-30 07:31:14.573844+00,2026-07-30 07:31:20.204961+00,
7122,caltrans_cwwp2_cc_d03,done,2026-07-30 07:31:04.570193+00,2026-07-30 07:31:06.463163+00,2026-07-30 07:31:14.406179+00,
7123,caltrans_cwwp2_cc_d02,done,2026-07-30 07:32:04.354156+00,2026-07-30 07:32:09.064224+00,2026-07-30 07:32:16.794193+00,
7124,wzdx_az,done,2026-07-30 07:32:04.354156+00,2026-07-30 07:32:16.871511+00,2026-07-30 07:32:28.196723+00,
7125,wzdx_wa,done,2026-07-30 07:32:04.354156+00,2026-07-30 07:32:28.295233+00,2026-07-30 07:32:32.43745+00,
7126,wzdx_ks,done,2026-07-30 09:29:09.130168+00,2026-07-30 09:29:54.331642+00,2026-07-30 09:30:10.892815+00,
7127,nws_alerts,done,2026-07-30 09:29:09.130168+00,2026-07-30 09:29:38.449822+00,2026-07-30 09:29:41.601141+00,
7128,wzdx_mn,failed,2026-07-30 09:29:09.130168+00,2026-07-30 09:30:11.09168+00,2026-07-30 09:31:13.43994+00,"HTTPSConnectionPool(host='mn.carsprogram.org', port=443): Read timed out. (read timeout=60.0)"
7129,caltrans_cwwp2_cc_d09,done,2026-07-30 09:29:09.130168+00,2026-07-30 09:29:30.193599+00,2026-07-30 09:29:38.275808+00,
7130,caltrans_cwwp2_cc_d03,done,2026-07-30 09:29:09.130168+00,2026-07-30 09:29:21.923508+00,2026-07-30 09:29:30.003944+00,
7131,caltrans_cwwp2_cc_d02,done,2026-07-30 09:29:09.130168+00,2026-07-30 09:29:13.366616+00,2026-07-30 09:29:21.761487+00,
7132,wzdx_az,done,2026-07-30 09:29:09.130168+00,2026-07-30 09:29:41.821518+00,2026-07-30 09:29:54.167946+00,
7133,wzdx_wa,done,2026-07-30 09:29:09.130168+00,2026-07-30 09:31:13.635287+00,2026-07-30 09:31:28.37074+00,
7139,wzdx_mn,done,2026-07-30 09:36:04.401142+00,2026-07-30 09:36:06.099559+00,2026-07-30 09:36:13.065621+00,
7140,nws_alerts,done,2026-07-30 09:40:04.470917+00,2026-07-30 09:40:06.291022+00,2026-07-30 09:40:08.050019+00,
7141,wzdx_ks,done,2026-07-30 09:45:04.413817+00,2026-07-30 09:45:43.008187+00,2026-07-30 09:45:54.937074+00,
7142,caltrans_cwwp2_cc_d09,done,2026-07-30 09:45:04.413817+00,2026-07-30 09:45:25.490966+00,2026-07-30 09:45:31.38193+00,
7143,caltrans_cwwp2_cc_d03,done,2026-07-30 09:45:04.413817+00,2026-07-30 09:45:18.107577+00,2026-07-30 09:45:25.3895+00,
7144,caltrans_cwwp2_cc_d02,done,2026-07-30 09:45:04.413817+00,2026-07-30 09:45:09.465684+00,2026-07-30 09:45:18.005991+00,
7145,wzdx_az,done,2026-07-30 09:45:04.413817+00,2026-07-30 09:45:31.537325+00,2026-07-30 09:45:42.892439+00,
7146,wzdx_wa,done,2026-07-30 09:47:04.323977+00,2026-07-30 09:47:06.084218+00,2026-07-30 09:47:09.818327+00,
