run_id,source_id,started_at,finished_at,status,rows_in,rows_published,rows_rejected,message,raw_sha256,http_status
1,_test_green,2026-07-22 06:09:50.98126+00,2026-07-22 06:09:50.98126+00,success,120,118,2,,,
2,_test_red,2026-07-19 08:09:50.98126+00,2026-07-19 08:09:50.98126+00,success,5000,5000,0,,,
3,_test_red,2026-07-22 07:09:50.98126+00,2026-07-22 07:09:50.98126+00,failed,,,,HTTP 500 from upstream,,
4,_test_nokey,2026-07-22 07:39:50.98126+00,2026-07-22 07:39:50.98126+00,skipped_no_key,,,,EIA_API_KEY not set,,
17,nws_alerts,2026-07-22 08:30:30.745355+00,2026-07-22 08:30:32.159484+00,success,549,549,0,,0fd65a48eabdcaafc17dabac47f036fb1ecffa39f6e7fd4f3708ca57edea1bc7,200
18,ntad_parking,2026-07-22 08:31:04.259301+00,2026-07-22 08:31:08.052698+00,success,1915,1915,0,,0d4da7c7b6334a8f777d341d77f207727671c46ed5d25cbba3b89469eded8c2a,200
19,eia_diesel,2026-07-22 08:31:20.886564+00,2026-07-22 08:31:40.30586+00,success,17078,17078,0,,d2fe072ef4093db07cf9a49610eab6dbc398aaf3918f15db0abbe00ececbd60a,200
20,eia_diesel,2026-07-22 08:32:25.095877+00,2026-07-22 08:32:25.108753+00,skipped_no_key,,,,EIA_API_KEY is not set — add it to .env to enable eia_diesel,,
21,nws_alerts,2026-07-22 08:32:31.750681+00,2026-07-22 08:32:32.930014+00,success,549,549,0,,b59f6273a47ae4399644b97fb805ba4d60af26b8f4a1e4ee2b6d07016b9ab2e3,200
46,nbi_annual,2026-07-22 08:40:14.165475+00,2026-07-22 08:42:09.938711+00,failed,,,,"duplicate key value violates unique constraint ""bridges_new_pkey""
DETAIL:  Key (nbi_id)=(01001008) already exists.
CONTEXT:  COPY bridges_new, line 16214",,
53,nbi_annual,2026-07-22 08:45:56.378506+00,2026-07-22 08:49:34.309614+00,success,631301,629710,1591,,bb79e03a404f7529ee36f25b089e1d5c85f8a6d54780186dfdf6edff2a0a0f7e,200
76,nws_alerts,2026-07-22 09:09:21.815691+00,2026-07-22 09:09:23.992459+00,success,541,541,0,,0a9185283ab3852013c7ac7c6d628a823a31259a1142825ffe0c9e24d67aabd3,200
205,wzdx_wa,2026-07-22 09:46:23.242196+00,2026-07-22 09:46:33.846284+00,success,589,589,0,,48ef2aad0e0769402465d8b14baffa85590c881c905ec8c308237eec3d9b0069,200
211,nti_tunnels,2026-07-22 09:46:34.145316+00,2026-07-22 09:46:38.454694+00,success,580,580,0,,cbe7076b59511e9c470bd6992852c3d355da2fbf35484d61e7270ecde1a5f386,200
212,wzdx_mn,2026-07-22 09:46:34.178944+00,2026-07-22 09:46:38.706779+00,success,640,640,0,,2cc8e58850ed98d2e2080c9bc1150be69f12f686094c0bcd4fff2249d2c386ef,200
213,wzdx_ks,2026-07-22 09:46:39.015722+00,2026-07-22 09:46:50.895134+00,success,466,466,0,,01f1ff8df2a2ff034bd15cb54635e31fdad4f9e6c15014dc318878dd2dc95cea,200
214,wzdx_az,2026-07-22 09:46:51.237719+00,2026-07-22 09:46:56.785793+00,success,3439,3439,0,,469b72037b6ca96c1e788c25bb236784717067423fbe92ce094d625524610b1d,200
267,quality_nightly,2026-07-22 10:00:42.975586+00,2026-07-22 10:01:38.362123+00,success,,637855,,"gate4: bridges_closed_vs_clearance opened=723 closed=0 | rescored (changed rows): bridges=629710, tunnels=580, parking_sites=1915, live_events=5650",,
268,quality_nightly,2026-07-22 10:01:59.351609+00,2026-07-22 10:02:23.518511+00,success,,0,,"gate4: bridges_closed_vs_clearance opened=0 closed=0 | rescored (changed rows): bridges=0, tunnels=0, parking_sites=0, live_events=0",,
305,nti_tunnels,2026-07-22 10:05:32.901606+00,2026-07-22 10:05:35.016479+00,skipped_unchanged,,,,payload hash unchanged,cbe7076b59511e9c470bd6992852c3d355da2fbf35484d61e7270ecde1a5f386,200
306,wzdx_wa,2026-07-22 10:05:55.550212+00,2026-07-22 10:06:03.329304+00,success,589,564,25,,0ffcbcfd143ec100b519b121d3ba40b25b18545586303b40f39ddda717498fa5,200
307,wzdx_mn,2026-07-22 10:06:04.024353+00,2026-07-22 10:06:30.773709+00,success,643,643,0,,24117478ac253a02821748639556dc362153458647bde4493464cb2008ba46ea,200
308,wzdx_ks,2026-07-22 10:06:31.493103+00,2026-07-22 10:06:47.018631+00,success,466,466,0,,b9124983955004fd0fb15ca7c11ac972d22e9c2fd8e4e52f9179a09c4907e997,200
309,wzdx_az,2026-07-22 10:06:47.537041+00,2026-07-22 10:07:05.015715+00,success,3439,3439,0,,dc8e6f2564e662bc4afd322a514ed0d427cbf62aa07fff62b578079c376804b0,200
310,quality_nightly,2026-07-22 10:07:20.390239+00,2026-07-22 10:07:44.664101+00,success,,4,,"gate4: bridges_closed_vs_clearance opened=0 closed=0 | rescored (changed rows): bridges=0, tunnels=0, parking_sites=0, live_events=4",,
320,nws_alerts,2026-07-22 10:10:27.160183+00,2026-07-22 10:10:28.984429+00,success,541,541,0,,f7873cdafdf04d40499230acd26b22782cdf7371c582d709e37fb3c0d3e26302,200
321,quality_rescore,2026-07-22 10:10:29.740038+00,2026-07-22 10:10:53.262511+00,success,,0,,"gate4: bridges_closed_vs_clearance opened=0 closed=0 | rescored (changed rows): bridges=0, tunnels=0, parking_sites=0",,
468,nti_tunnels,2026-07-22 10:43:32.158569+00,2026-07-22 10:43:34.412107+00,skipped_unchanged,,,,payload hash unchanged,cbe7076b59511e9c470bd6992852c3d355da2fbf35484d61e7270ecde1a5f386,200
469,wzdx_az,2026-07-22 10:43:34.794475+00,2026-07-22 10:43:40.357496+00,success,3439,3439,0,,0b66715c4e2ad6d1758215b2d24c129f4343289698fa1bc15904d3324fb62553,200
631,osm_ways,2026-07-22 11:56:59.162892+00,2026-07-22 11:57:13.853577+00,failed,,,,Error -3 while decompressing data: too many length or distance symbols,,
660,osm_ways,2026-07-22 11:57:09.337331+00,2026-07-22 11:57:22.544266+00,failed,,,,"schema ""scratch_osmways_de"" does not exist",,
681,osm_ways,2026-07-22 11:57:30.889568+00,2026-07-22 11:57:45.132003+00,failed,,,,[Errno 2] No such file or directory: '/home/ujjwal/Documents/truck-intel/data/pbf/.osmways-work-delaware-latest.osm/ways.ndjson.gz',,
724,osm_pois,2026-07-22 11:59:08.497769+00,,failed,,,," [reaped: orphaned running row, process killed during concurrent-extract cleanup 2026-07-22]",,
834,osm_pois,2026-07-22 12:08:16.825999+00,,failed,,,," [reaped: orphaned running row, process killed during concurrent-extract cleanup 2026-07-22]",,
863,osm_ways,2026-07-22 12:13:51.370273+00,,failed,,,," [reaped: orphaned running row, process killed during concurrent-extract cleanup 2026-07-22]",,
979,osm_pois,2026-07-22 17:33:56.19415+00,2026-07-22 17:33:58.009566+00,success,,312,,"pbf=delaware-latest.osm.pbf; observed_at=2026-07-21T20:21:50Z (pbf_replication_timestamp); osm.fuel_stations=302, osm.rest_areas=4, osm.weigh_points=6; nodes=31 way_centroids=281 ways_skipped_no_location=0",,
980,osm_ways,2026-07-22 17:33:59.778184+00,2026-07-22 17:34:16.333415+00,success,,109777,,pbf=delaware-latest.osm.pbf observed_at=2026-07-21T20:21:50+00:00 scanned=137963 kept=109777 skipped_class=28186 skipped_geom=0 pass_s=12.3 peak_rss_mb=154,,
981,osm_pois,2026-07-22 17:34:43.939227+00,2026-07-22 20:25:36.741296+00,success,,117281,,"pbf=us-latest.osm.pbf; observed_at=2026-07-21T20:21:50Z (pbf_replication_timestamp); osm.fuel_stations=108056, osm.rest_areas=5452, osm.weigh_points=3773; nodes=47513 way_centroids=69768 ways_skipped_no_location=0",,
982,overture_places,2026-07-22 17:34:55.375522+00,2026-07-22 17:35:00.883095+00,failed,,,,"IO Error: No files found that match the pattern ""s3://overturemaps-us-west-2/release/2026-07-22.0/theme=places/type=place/*""

LINE 11:             FROM read_parquet('s3://overturemaps-us-west-2/release/2026-07...
                          ^",,
983,overture_places,2026-07-22 17:39:02.988889+00,2026-07-22 17:41:25.306493+00,success,,0,,release=2026-07-22.0; observed_at=2026-07-22 (release vintage); staging.overture_places=0; unmapped_categories_excluded=286777; bbox=custom; max_rows=5000,,
984,overture_places,2026-07-22 17:52:58.23676+00,2026-07-22 17:55:14.490906+00,success,,3000,,release=2026-07-22.0; observed_at=2026-07-22 (release vintage); staging.overture_places=3000; unmapped_categories_excluded=not_counted; bbox=custom; max_rows=3000,,
1059,overture_places,2026-07-22 18:08:49.55936+00,2026-07-22 18:14:12.569512+00,failed,,,,IO Error: Could not resolve hostname error for HTTP GET to 'https://overturemaps-us-west-2.s3.us-west-2.amazonaws.com/release/2026-07-22.0/theme%3Dplaces/type%3Dplace/part-00000-721bdadd-4327-5b81-bc83-aa244c71ceaa-c000.zstd.parquet',,
1097,caltrans_cwwp2_cc_d03,2026-07-22 18:42:22.508803+00,2026-07-22 18:42:31.709896+00,success,230,230,0,,f9fa9b9de75f52389b950385c70c04bf548dd46823689184ff20fb6d8f36c032,200
1098,caltrans_cwwp2_cc_d02,2026-07-22 18:42:32.101169+00,2026-07-22 18:42:38.834273+00,success,208,208,0,,ec137c713c53a1efe8f67d20542e92a4985cfc5279a9ac39ec429c50c8f6c457,200
1099,caltrans_cwwp2_cc_d09,2026-07-22 18:42:39.239767+00,2026-07-22 18:42:43.999995+00,success,127,127,0,,91dda66d5b35545fe51603a7b6f870eb09a0b1b32acec6fa8fbf18581f07aa13,200
1100,businesses_conflate,2026-07-22 18:44:35.757303+00,2026-07-22 18:44:38.419869+00,success,,2981,,core.businesses=2981; overture_in=3000 (dropped_invalid=0); fsq_in=0 (dropped_invalid_or_closed=0); merged=0; gray_flagged=0; cell_name_merges=0; cell_collision_drops=19; def_inferred=0,,
1101,fsq_places,2026-07-22 18:45:21.045473+00,2026-07-22 18:45:26.052726+00,failed,,,,"Invalid Input Error: Globs (`*`) for generic HTTP file is are not supported.
Consider `SET allow_asterisks_in_http_paths = true;` to allow this behaviour

LINE 5:             FROM read_parquet('https://data.source.coop/fused/fsq-os-places...
                         ^",,
1234,caltrans_cwwp2_cc_d03,2026-07-22 19:22:02.657574+00,2026-07-22 19:22:18.980933+00,success,230,230,0,,e7412dd8ebb8d6471f5ce354d8a8855fd713f29a5e7d71e8c74b068569472001,200
1235,caltrans_cwwp2_cc_d02,2026-07-22 19:22:19.371842+00,2026-07-22 19:22:25.019094+00,success,208,208,0,,7e009f33b40efcb63ef9db4888aea17299f8a3136bd4613938c3b8455e3a6382,200
1236,caltrans_cwwp2_cc_d09,2026-07-22 19:22:25.653072+00,2026-07-22 19:22:30.104264+00,success,127,127,0,,721e8f77bad447aa283956a30fcb97549179f6239e2240c9a864f0cc626110b8,200
1237,osm_ways,2026-07-22 20:25:45.402274+00,2026-07-23 00:11:10.96723+00,failed,,,,"could not write block 3281 in file ""base/16384/711635"": wrote only 4096 of 8192 bytes
HINT:  Check free disk space.
CONTEXT:  writing block 3281 of relation base/16384/711635
COPY ways_new, line 906282",,
1238,osm_ways,2026-07-23 00:47:57.048496+00,2026-07-26 13:10:07.006497+00,failed,,,,reaped: stale running row (worker died mid-run),,
1261,osm_ways,2026-07-23 01:21:57.968908+00,2026-07-26 13:10:07.006497+00,failed,,,,reaped: stale running row (worker died mid-run),,
1292,osm_ways,2026-07-23 03:42:51.361595+00,2026-07-26 13:10:07.006497+00,failed,,,,reaped: stale running row (worker died mid-run),,
1293,osm_ways,2026-07-23 03:43:50.832897+00,2026-07-26 13:10:07.006497+00,failed,,,,reaped: stale running row (worker died mid-run),,
1333,osm_ways,2026-07-23 06:38:47.510965+00,2026-07-26 13:10:07.006497+00,failed,,,,reaped: stale running row (worker died mid-run),,
1334,ntad_national_network,2026-07-23 17:46:13.697792+00,2026-07-23 18:10:00.663801+00,success,454830,454830,0,,8ab9749247b59c40b81fe5fd265469f2b5e04db33714c1e79926d8cdc50f8e3a,200
1730,aaa_daily,2026-07-24 12:36:51.762769+00,2026-07-24 12:36:52.306876+00,success,,51,,,,
1770,aaa_daily,2026-07-25 20:59:42.134655+00,2026-07-25 20:59:43.013032+00,success,,51,,,,
1771,aaa_daily,2026-07-26 12:23:55.988336+00,2026-07-26 12:23:57.126446+00,success,,51,,,,
1819,caltrans_cwwp2_cc_d02,2026-07-26 13:02:09.807684+00,2026-07-26 13:02:24.662153+00,success,208,208,0,,75271e44a57745d00ab0158471416011e488ec4e42338c0d13be45c9d0f6a94b,200
1820,caltrans_cwwp2_cc_d03,2026-07-26 13:02:25.134314+00,2026-07-26 13:02:32.956399+00,success,230,230,0,,45fb161284556f3df7f9816e3a4740bf3b51bdb30ded55c39d481aae267b6e39,200
1821,caltrans_cwwp2_cc_d09,2026-07-26 13:02:33.560797+00,2026-07-26 13:02:39.156169+00,success,127,127,0,,64b3ac033acd288d552c97dd22bd1092b452b87c5e78b472bebe4671d0c0f497,200
1822,eia_diesel,2026-07-26 13:02:39.72488+00,2026-07-26 13:03:15.009828+00,success,17078,17078,0,,7fbf2fa010aa1186c7ae54a5c9a9005b2dce4efe6930466cd560b5e4b009ac4c,200
1823,wzdx_mn,2026-07-26 13:03:15.516767+00,2026-07-26 13:03:27.385786+00,success,662,662,0,,bab82d3faa7def7e3838daa41c505808d537270c81d0fa33d474bc3853e7e5ac,200
1824,wzdx_wa,2026-07-26 13:03:27.969685+00,2026-07-26 13:03:37.289954+00,success,576,554,22,,7f89ea28444354617930e563d29b2a316ef95e386fe17cc9cf416923708aa6c6,200
1825,nws_alerts,2026-07-26 13:03:37.810978+00,2026-07-26 13:03:40.341455+00,success,349,349,0,,d49f727f9daf3536ec1e0654243ae257cecfec41a72af4296fd4d0fc92167046,200
1826,ntad_parking,2026-07-26 13:03:41.037332+00,2026-07-26 13:03:45.792198+00,skipped_unchanged,,,,payload hash unchanged,0d4da7c7b6334a8f777d341d77f207727671c46ed5d25cbba3b89469eded8c2a,200
1827,wzdx_az,2026-07-26 13:03:46.359254+00,2026-07-26 13:03:59.15498+00,success,3160,3160,0,,84e598fa0ecea13dc9064ab22bb0ba882ed263d22bdcdd0be25b826162ecd952,200
1828,wzdx_ks,2026-07-26 13:03:59.932627+00,2026-07-26 13:04:11.374815+00,success,449,449,0,,a8f61adaf44cb1cff5f4156044ad805888fcb229c67942385585345d8f1db0b6,200
1829,nws_alerts,2026-07-26 13:14:11.12496+00,2026-07-26 13:14:20.563551+00,success,351,351,0,,347f47555ae2ad733c8b8820d0a3700284a1f28fd4ff37255119ca6c4660b2b4,200
1830,caltrans_cwwp2_cc_d02,2026-07-26 13:18:10.645902+00,2026-07-26 13:18:27.190063+00,success,208,208,0,,49603b62a296a291bf10d8eddb040e8bee6e1c046413fc524a9a1cbf460bd2ce,200
1831,caltrans_cwwp2_cc_d03,2026-07-26 13:18:28.642672+00,2026-07-26 13:18:39.609575+00,success,230,230,0,,b165993ae6d61adefa9e9a05bab6f5875d2734d5d96f4610acd2ddf44d455137,200
1832,caltrans_cwwp2_cc_d09,2026-07-26 13:18:42.721881+00,2026-07-26 13:18:53.535135+00,success,127,127,0,,1e9359d635a01129773f15de1844268da85d625130ba156e5903fb79cef6ab5a,200
1833,wzdx_mn,2026-07-26 13:19:11.359833+00,2026-07-26 13:19:26.082186+00,success,660,660,0,,e22c78bcefa1c46d9f1010f0c6f1aa29b694be309f7c222f3b278e4686eb5659,200
1834,wzdx_wa,2026-07-26 13:19:29.506728+00,2026-07-26 13:19:46.897382+00,success,576,554,22,,97307b38259004a263b7281c0d8d226ebc3684c23a3594c4a8573aa642dc6f52,200
1835,wzdx_az,2026-07-26 13:19:56.686277+00,2026-07-26 13:20:27.37073+00,success,3160,3160,0,,afc0875f8ba94d89473b8040d75e82f333d56f16b57e689b50e4b3057e3ba1f5,200
1836,wzdx_ks,2026-07-26 13:20:30.298372+00,2026-07-26 13:20:46.535137+00,success,449,449,0,,d42b7021737ca15e2915f136578fc67c3731aa8b4da33d97c798026a0d7d257f,200
1837,nws_alerts,2026-07-26 13:25:07.556876+00,2026-07-26 13:25:09.538719+00,success,350,350,0,,77acad85a0b0d99c50b39a1ceef5a9e19d080b4f55b4c31839f4f08adfb240e5,200
1838,caltrans_cwwp2_cc_d02,2026-07-26 13:34:09.011617+00,2026-07-26 13:34:16.184302+00,success,208,208,0,,a1e4f2a0a581b7bc5b1eafa0f9ae2ce5801d26082c7dbb6789c411ce3046a011,200
1839,caltrans_cwwp2_cc_d03,2026-07-26 13:34:17.017073+00,2026-07-26 13:34:23.800402+00,success,230,230,0,,54e29a6b73d8499b52b32d73720ec48eafa350759355a506d316015ab7f00a97,200
1840,caltrans_cwwp2_cc_d09,2026-07-26 13:34:24.198137+00,2026-07-26 13:34:29.732844+00,success,127,127,0,,94f8adb9900b9e9751fa81874133921460ff87bdf3fad4c44227495d87bf15d9,200
1841,wzdx_mn,2026-07-26 13:35:05.793534+00,2026-07-26 13:35:45.442102+00,success,662,662,0,,9f151c85d1d7c000b42e2363f01960606398b96063cad80d046e49c76855de16,200
1842,wzdx_wa,2026-07-26 13:35:45.91355+00,2026-07-26 13:35:49.344237+00,skipped_unchanged,,,,payload hash unchanged,97307b38259004a263b7281c0d8d226ebc3684c23a3594c4a8573aa642dc6f52,200
1843,wzdx_az,2026-07-26 13:35:49.692346+00,2026-07-26 13:36:13.639972+00,success,3239,3239,0,,76dd1d3922c7482c0c6e58029e480c233382b016e75f3b1ccfe4d63a7750c333,200
1844,nws_alerts,2026-07-26 13:36:14.206562+00,2026-07-26 13:36:17.46188+00,success,347,347,0,,d37cd6c9f83c310ad81d080566787b4ecd126394ee61351bab198b0890797de0,200
1845,wzdx_ks,2026-07-26 13:36:17.961192+00,2026-07-26 13:36:32.945173+00,success,449,449,0,,266e0b14769131d629a49489277790c70bc3178da2963c9a0e6fe401bccab799,200
1886,nws_alerts,2026-07-26 13:47:07.298154+00,2026-07-26 13:47:09.067735+00,success,350,350,0,,26aa730b83389734fb409d1d54f81e4f41f12473be7d6d093441befa1c0ed6a2,200
1906,caltrans_cwwp2_cc_d02,2026-07-27 03:54:09.999088+00,2026-07-27 03:54:40.726129+00,success,208,208,0,,fa885e94643b2f3d9ff5f4cb97db199b85ccdf8e70fbae1e03b3e510eba00705,200
1907,caltrans_cwwp2_cc_d03,2026-07-27 03:54:42.531439+00,2026-07-27 03:54:52.262568+00,success,230,230,0,,65414188d81549aaa3e9a185c1bcc229e397e95fa344833e01795631ebe1e366,200
1908,caltrans_cwwp2_cc_d09,2026-07-27 03:54:52.79566+00,2026-07-27 03:54:59.123366+00,success,127,127,0,,a8f772ae0efb5cf9bd4c51e8eb093e10075904c49301f80c7fb6a2c810f65b88,200
1909,nws_alerts,2026-07-27 03:54:59.54394+00,2026-07-27 03:55:03.628596+00,success,331,331,0,,16ee7c905f6d169e0a9a1f943c67d36b3a0f57e1936b820dfe165d8f66ffbc29,200
1910,wzdx_mn,2026-07-27 03:55:05.068453+00,2026-07-27 03:55:16.656538+00,success,658,658,0,,76a145fe949589f6160ee135ab8d8ad2941b2b407f3697e84381c330525e94b4,200
1911,wzdx_wa,2026-07-27 03:55:17.330168+00,2026-07-27 03:55:33.042509+00,success,572,551,21,,f2a13ed78aa80d39743484e611cb65528b4c6d563026b5f2fa547cdb54ff8f11,200
1912,wzdx_az,2026-07-27 03:55:36.608352+00,2026-07-27 03:55:59.009567+00,success,3162,3162,0,,6d260a348fc0bda4c387f1c0e17e89d74ae0854651ef8912addacfe15d3255ca,200
1913,wzdx_ks,2026-07-27 03:55:59.750263+00,2026-07-27 03:56:22.333139+00,success,449,449,0,,cde406dfbcf9ae4fbcbe72db5a8890d9973d9ddf820109d3053a13e5e5635726,200
1914,nws_alerts,2026-07-27 04:05:08.687099+00,2026-07-27 04:05:12.354202+00,success,324,324,0,,e774ac62da4cb78399abc39d6436bdf804af93f0cbf3eebe6dd45c8c99caddaa,200
1915,caltrans_cwwp2_cc_d02,2026-07-27 04:10:08.037908+00,2026-07-27 04:10:16.352945+00,success,208,208,0,,a35b9fa21fa3e45c0febba7718e2b24f94e28022780e3d538b64c0e935b629c6,200
1916,caltrans_cwwp2_cc_d03,2026-07-27 04:10:17.846191+00,2026-07-27 04:10:24.862591+00,success,230,230,0,,e11e088e9a87634ca898b7b3c92e2eaed32bc3a9ee7cd99ac6396f626f582301,200
1917,caltrans_cwwp2_cc_d09,2026-07-27 04:10:25.989284+00,2026-07-27 04:10:32.089364+00,success,127,127,0,,10f82a758ba964e18bdbf2fc364988bdabe46f9e553c2fcfcd0083f5c3e60c52,200
1918,wzdx_mn,2026-07-27 04:10:32.609435+00,2026-07-27 04:10:50.707297+00,success,658,658,0,,2ad16983bd5f053ff362d9cddadec5d4a9c2fa9753c0b2b845a72af0a39fc96d,200
1919,wzdx_wa,2026-07-27 04:11:07.106709+00,2026-07-27 04:11:13.591519+00,success,572,551,21,,502f3f4779161473b6ce1a881a3482fec2d897e2bb7cb3f971475a88a1867387,200
1920,wzdx_az,2026-07-27 04:11:14.896608+00,2026-07-27 04:11:28.450001+00,success,3162,3162,0,,a729437e7b63566563cee8f0def1dfdd76c6ff52bd7ea0510f42a1b5f037660d,200
1921,wzdx_ks,2026-07-27 04:11:30.008629+00,2026-07-27 04:11:45.800245+00,success,449,449,0,,454b454c2e45527d201c8df91b542f0dba16b2d05fd53096d3a617eedfe6b199,200
1922,nws_alerts,2026-07-27 04:16:10.504178+00,2026-07-27 04:16:13.238659+00,success,326,326,0,,37eafc06394aa17b7d07028e51be1f8548f8e806a13a67898f6f8136e1084be7,200
1923,osm_pois,2026-07-27 04:22:54.128093+00,2026-07-27 04:23:06.022186+00,failed,,,,"cannot drop table osm.fuel_stations_old because other objects depend on it
DETAIL:  view lane6.v_enriched depends on table osm.fuel_stations_old
HINT:  Use DROP ... CASCADE to drop the dependent objects too.",,
1924,osm_pois,2026-07-27 04:24:31.194166+00,2026-07-27 04:24:36.789086+00,failed,,,,"refusing to replace osm.truck_repair: the load produced 0 row(s), below the min_rows floor of 1. The live table is untouched. If publishing this few rows is correct here, pass min_rows explicitly at the call site.",,
1925,osm_pois,2026-07-27 04:24:45.66501+00,2026-07-27 06:32:00.419703+00,failed,,,,reaped: stale running row (worker died mid-run),,
1926,caltrans_cwwp2_cc_d02,2026-07-27 04:26:08.545496+00,2026-07-27 04:26:18.105095+00,success,208,208,0,,3648cfba86fb456f269c0c1a226c8845e1bfb6f6cfd0d75359c653a733127a6b,200
1927,caltrans_cwwp2_cc_d03,2026-07-27 04:26:20.486095+00,2026-07-27 04:26:28.95087+00,success,230,230,0,,1f452d6cf7f305e76af2dcfd1d7303e601b02bfe4c7b4dd9e9474c0ff364620f,200
1928,caltrans_cwwp2_cc_d09,2026-07-27 04:26:29.537784+00,2026-07-27 04:26:34.828598+00,success,127,127,0,,015c738a0efcdae171f15a2472fcb4b9b92e2aab912d5fd5aaa4022b288b9ac6,200
1929,wzdx_mn,2026-07-27 04:26:35.588764+00,2026-07-27 04:26:43.260319+00,success,658,658,0,,8ad9457574cba9f4a33582bef3f0eac1db516e54c134d2811415ceb72441eb48,200
1930,nws_alerts,2026-07-27 04:27:09.758579+00,2026-07-27 04:27:12.309087+00,success,330,330,0,,182535cb5a7917b03168a07ae728e03ffe5887cb1cfdc038d790bc0794691762,200
1931,wzdx_wa,2026-07-27 04:27:12.942411+00,2026-07-27 04:27:16.028423+00,skipped_unchanged,,,,payload hash unchanged,502f3f4779161473b6ce1a881a3482fec2d897e2bb7cb3f971475a88a1867387,200
1932,wzdx_az,2026-07-27 04:27:17.281695+00,2026-07-27 04:27:30.020738+00,success,3241,3241,0,,7ca09fd51d964f193ecebf88d25ae9bc8e0abf7521514a0ff7fcb0ce05f93726,200
1933,wzdx_ks,2026-07-27 04:27:30.755828+00,2026-07-27 04:27:42.769402+00,success,449,449,0,,f1f16437df1a74a784314ccbb35d61b93ba8211d65c7fb09cb530f7e05dbd74c,200
1970,nws_alerts,2026-07-27 04:37:41.001159+00,2026-07-27 04:37:45.058274+00,success,329,329,0,,ab73c74615f8eac3582721c688d84c81f15ca3ae3516ce560fece0f4bac3954d,200
1976,caltrans_cwwp2_cc_d02,2026-07-27 04:42:07.888631+00,2026-07-27 04:42:15.087196+00,success,208,208,0,,3d266f6ae8c730f66bfe57c9ae085df53c47daa3e9e52908050c93757e91a57e,200
1977,caltrans_cwwp2_cc_d03,2026-07-27 04:42:15.90771+00,2026-07-27 04:42:23.212665+00,success,230,230,0,,dc420c3729f24271e77ca4c3e2c7438aba7c757f28df1306b487a82c8febc698,200
1978,caltrans_cwwp2_cc_d09,2026-07-27 04:42:24.1733+00,2026-07-27 04:42:28.867288+00,success,127,127,0,,b52ae546b7a17d960bf6108cdfdaadfe9ebfd2f70ea6d3f0b484ef1411cb09d3,200
1979,wzdx_mn,2026-07-27 04:42:29.090104+00,2026-07-27 04:42:35.222776+00,success,658,658,0,,1255451887ab05f3a3f229007fe5ea9d11427bf85fba6a969dc955307f607aac,200
1980,wzdx_wa,2026-07-27 04:43:07.370924+00,2026-07-27 04:43:11.924624+00,skipped_unchanged,,,,payload hash unchanged,502f3f4779161473b6ce1a881a3482fec2d897e2bb7cb3f971475a88a1867387,200
1981,wzdx_az,2026-07-27 04:43:12.358966+00,2026-07-27 04:43:22.438081+00,success,3241,3241,0,,048f68d51d7a6d9b28739a3155b50ce55cd834fa286143241f7080b6f0b3bc8d,200
1982,wzdx_ks,2026-07-27 04:43:24.280234+00,2026-07-27 04:43:41.098532+00,success,449,449,0,,0ad1414c6077e1adce9b51000f3d1b410272e3cb685a159f78c0c7d4a683a8d4,200
1985,nws_alerts,2026-07-27 04:48:17.886396+00,2026-07-27 04:48:36.421729+00,success,329,329,0,,6c990f417f2575adec2bb8e3ccb73df5e646b3472b6756d5e2e96145bc211100,200
1986,caltrans_cwwp2_cc_d02,2026-07-27 04:57:44.510995+00,2026-07-27 04:58:04.45415+00,success,208,208,0,,5083f7be9cc09e459b7528b34e271ca92b061bcdea9180195a7e52f70acbfe04,200
1987,caltrans_cwwp2_cc_d03,2026-07-27 04:58:15.045013+00,2026-07-27 04:58:30.744466+00,success,230,230,0,,b1a33cabc6d24ffdc4985c350c29a72262256b76db9ce01d339db5e4c74d340e,200
1988,caltrans_cwwp2_cc_d09,2026-07-27 04:58:45.338835+00,2026-07-27 04:59:00.411819+00,success,127,127,0,,f01c261c7afcc36588cd45fe1e2d6e5007bf2d1976dd7bb141b2baa1f5a9337d,200
1989,wzdx_mn,2026-07-27 04:59:15.202581+00,2026-07-27 04:59:32.555703+00,success,658,658,0,,8829dcc1b8fa20122f28b6a3f7dcff219aceef6ec54c5391551163371690c7f8,200
1990,nws_alerts,2026-07-27 05:02:26.631465+00,2026-07-27 05:02:33.04632+00,success,326,326,0,,e091df6a094fdc84a0a557b446dc5bba43c6dacd957195effcbb661482d8eaae,200
1991,wzdx_wa,2026-07-27 05:02:48.150577+00,2026-07-27 05:03:15.434052+00,success,572,551,21,,813b0815a01a940239d81749038b7728af0535e598e9151023053d061ec50f94,200
1992,wzdx_az,2026-07-27 05:03:28.24251+00,2026-07-27 05:03:46.64412+00,success,3241,3241,0,,513282e932bf752fc34509d6bfb821cb5780a78b0e09bbbe9635f870a55783da,200
1993,wzdx_ks,2026-07-27 05:03:47.761415+00,2026-07-27 05:04:01.450756+00,success,449,449,0,,e20c34a59c7a2368c5cb76fcfaf76474a9f85e5227176644db61d4bae02b5b56,200
1994,caltrans_cwwp2_cc_d02,2026-07-27 05:15:11.730792+00,2026-07-27 05:15:30.359465+00,success,208,208,0,,b49d11694571627ee9d7de236678d3b0c31bcd2042b6e51e4a93b4fbc3633f1a,200
1995,caltrans_cwwp2_cc_d03,2026-07-27 05:15:49.729294+00,2026-07-27 05:16:11.104965+00,success,230,230,0,,f9f7bb33564f09fe68d46c3180825221da9717ae619d64ab81df07233aad88c0,200
1996,caltrans_cwwp2_cc_d09,2026-07-27 05:16:11.583519+00,2026-07-27 05:16:16.721486+00,success,127,127,0,,eaea7a381e6b90ee5ca7b461da48e50529be469d3e3930b13c0e05e3165c8a64,200
1997,nws_alerts,2026-07-27 05:16:17.589198+00,2026-07-27 05:16:27.056439+00,success,332,332,0,,1dd9fe3328a0c1a1d2902eaf170a723bf46d295c549a7662da3c8ed89fea4386,200
1998,wzdx_mn,2026-07-27 05:16:27.280867+00,2026-07-27 05:16:33.215091+00,success,658,658,0,,702e852a9b70330f001cfa37a350ad0dd8fa69056ee60b5c3490366821f2c29d,200
1999,wzdx_wa,2026-07-27 05:22:40.839866+00,2026-07-27 05:22:44.51527+00,skipped_unchanged,,,,payload hash unchanged,813b0815a01a940239d81749038b7728af0535e598e9151023053d061ec50f94,200
2000,wzdx_az,2026-07-27 05:22:45.348233+00,2026-07-27 05:23:56.765434+00,success,3162,3162,0,,39fd20ed3400c31f4f8ea2e60ce22971c9ee21c1e8a6db012dab475b99e1b6bc,200
2001,wzdx_ks,2026-07-27 05:24:04.729744+00,2026-07-27 05:25:11.545819+00,success,449,449,0,,565268dbd508b38573f02264fc0fd82e406906dda2d1bae21b1e9104bff7d0f6,200
2002,nws_alerts,2026-07-27 05:28:14.63988+00,2026-07-27 05:28:16.774878+00,success,332,332,0,,34817f8e14acfce3089da716c7b1895f826820a669775229307a1f186ff9835b,200
2003,caltrans_cwwp2_cc_d02,2026-07-27 05:37:02.958448+00,2026-07-27 05:38:00.691585+00,success,208,208,0,,a208fa3098338a03875787c3850b0ca671559f5910f603a4f0a7606f350edec5,200
2004,caltrans_cwwp2_cc_d03,2026-07-27 05:38:28.598196+00,2026-07-27 05:39:12.992578+00,success,230,230,0,,7767e98e77e64fea561f84b880fa85fad9a7b5e0c8237593d7348b41f1bb8fbd,200
2005,caltrans_cwwp2_cc_d09,2026-07-27 05:39:31.957803+00,2026-07-27 05:40:21.547668+00,success,127,127,0,,e1664a2f3ef687ee33760bcb46874e616a2dff290d0ea5e3e89e0095634de598,200
2006,wzdx_mn,2026-07-27 05:40:43.490413+00,2026-07-27 05:40:59.998089+00,success,658,658,0,,504947a416cb4a91cbbf8ca4db4214928eecc9d4dd84d1a9bd2e06668c4f053c,200
2007,nws_alerts,2026-07-27 05:41:19.452426+00,2026-07-27 05:41:21.978589+00,success,332,332,0,,27feb19145fa52856d80bceb2ae6d88ef26e0567d6de1fea3703ed37d08e9f0b,200
2008,wzdx_wa,2026-07-27 05:41:22.631101+00,2026-07-27 05:41:26.008072+00,skipped_unchanged,,,,payload hash unchanged,813b0815a01a940239d81749038b7728af0535e598e9151023053d061ec50f94,200
2009,wzdx_az,2026-07-27 05:41:29.156637+00,2026-07-27 05:42:39.740326+00,success,3162,3162,0,,1c78ec4caa3b43ea412bbb3d920e338cefe38b5d3f570ff5fe5606057728c3c9,200
2010,wzdx_ks,2026-07-27 05:43:04.515172+00,2026-07-27 05:43:35.324305+00,success,449,449,0,,5030906dc8471015735f91c94c1564f0ae99159175628f81e7fae24c7bb24d19,200
2011,caltrans_cwwp2_cc_d02,2026-07-27 05:53:30.041325+00,2026-07-27 05:53:34.754431+00,success,208,208,0,,618aa1ffd7d8d0b28fe16cb5af19ec1e4c50cf0d6893d235c69083b3947dda35,200
2012,nws_alerts,2026-07-27 05:53:35.972962+00,2026-07-27 05:53:38.796497+00,success,333,333,0,,489997c3b9528e1e7f3c68ec251c64476b21999ff04684b371ba4a2c336437db,200
2013,caltrans_cwwp2_cc_d03,2026-07-27 05:53:39.27819+00,2026-07-27 05:53:45.557294+00,success,230,230,0,,c2619341556687acc4859a1ffa8577041acee7cb0570313c638d84e685b4403b,200
2014,caltrans_cwwp2_cc_d09,2026-07-27 05:54:49.878694+00,2026-07-27 05:55:22.994013+00,success,127,127,0,,16b86d90af2316a00966cdd6f836c2b01df4762f6a8e18017642159b1e1c9bd3,200
2015,wzdx_az,2026-07-27 05:58:41.538541+00,2026-07-27 05:59:33.812412+00,success,3162,3162,0,,fbfd1d690942e8204ff12ee171b9eb5146d00c549c7c106aa79983bc32b0eb57,200
2016,wzdx_ks,2026-07-27 06:00:02.247824+00,2026-07-27 06:00:41.285149+00,success,449,449,0,,5b6a3de69e00ce49132d3c7308f6cfcc56654d7c5945c6e79167baaa804a93b3,200
2017,wzdx_mn,2026-07-27 06:00:53.410149+00,2026-07-27 06:01:13.982671+00,success,658,658,0,,57dd9c96b2dd5ed061e65eea7581ca34c4c9adb7719778498f50626a83c1ac21,200
2018,wzdx_wa,2026-07-27 06:01:46.927737+00,2026-07-27 06:02:40.152075+00,success,572,551,21,,d5ab8f51088948bcc90cbf6355cbcb8f1c3399159519d2b031cdbb327eaac53f,200
2019,nws_alerts,2026-07-27 06:05:58.877635+00,2026-07-27 06:06:14.799508+00,success,333,333,0,,037a081065b58c3c4f7ee30b929a678a0981a41c5ada265bc2896fad51d04857,200
2021,caltrans_cwwp2_cc_d02,2026-07-27 06:10:37.404535+00,2026-07-27 06:10:57.180052+00,success,208,208,0,,d0f0d4d666bf2d9e413c32323081a17f6be05b2727a24f8af93721bea47318d3,200
2022,caltrans_cwwp2_cc_d03,2026-07-27 06:11:31.888508+00,2026-07-27 06:12:24.182945+00,success,230,230,0,,70e85122b1f719dcaa3f73c31f1d6e5522a1fefed23d6d53d3db8fa450c2bd13,200
2023,caltrans_cwwp2_cc_d09,2026-07-27 06:12:28.040297+00,2026-07-27 06:12:33.520458+00,success,127,127,0,,ab7d27c5e60ef9109880abfd06d1674789a3cd0be7441372355b6836d1aee46b,200
2029,wzdx_az,2026-07-27 06:14:49.984116+00,2026-07-27 06:14:58.918326+00,success,3241,3241,0,,6cbe5c12d16833a6fdb0d20479a99fcf6296d288a468bad524f264ac36e2e821,200
2032,wzdx_ks,2026-07-27 06:15:13.325267+00,2026-07-27 06:18:07.796007+00,success,449,449,0,,312bc1165f3c709244f624aff7af17ed7534095111aa5dee0b924c69e29fc828,200
2033,wzdx_mn,2026-07-27 06:18:49.522864+00,2026-07-27 06:20:01.415047+00,success,658,658,0,,8d597c45078d65e37486b862691a791b717fb792a7233dbc7ad4ffcb8a7a4cea,200
2034,wzdx_wa,2026-07-27 06:20:11.504994+00,2026-07-27 06:20:21.605866+00,skipped_unchanged,,,,payload hash unchanged,d5ab8f51088948bcc90cbf6355cbcb8f1c3399159519d2b031cdbb327eaac53f,200
2035,nws_alerts,2026-07-27 06:20:35.459398+00,2026-07-27 06:21:05.847298+00,success,341,341,0,,654780f3bf641f5c3b8266c4eda8ba174a37f414be47f0e220d3536e464bbf4e,200
2050,caltrans_cwwp2_cc_d02,2026-07-27 06:25:59.919579+00,2026-07-27 06:26:07.444681+00,success,208,208,0,,ca1b2a0017a4a52f4358923757ec95a61194ee27474f2b14303f2f7b316b50cb,200
2051,caltrans_cwwp2_cc_d03,2026-07-27 06:28:55.712594+00,2026-07-27 06:29:39.434867+00,success,230,230,0,,7a128ed4985939e4f444a400ae86cf431ab3a4a17ed59fbe026fdace36f43128,200
2052,caltrans_cwwp2_cc_d09,2026-07-27 06:30:11.069275+00,2026-07-27 06:30:44.647907+00,success,127,127,0,,6e69f86030dc9a40fbaee65344bd721379f5cfb221cfddaa6656e2068253b9de,200
2054,wzdx_az,2026-07-27 06:32:05.016999+00,2026-07-27 06:32:43.920187+00,success,3162,3162,0,,0f7e3b696ed45794a88095d1bac16afc8be562900d9db6b2a85e776b0e6a5ea3,200
2055,wzdx_ks,2026-07-27 06:33:07.010416+00,2026-07-27 06:33:35.006763+00,success,449,449,0,,6cbb100187f6a7f4e003600c61b28b37a27131928a55497d9a032b174f96a029,200
2056,nws_alerts,2026-07-27 06:33:58.371015+00,2026-07-27 06:34:15.291933+00,success,353,353,0,,610f91fbc51a029600769e0997e974ac066b7dbb50cfb7915e59d50c33f3708d,200
2058,wzdx_mn,2026-07-27 06:35:30.50128+00,2026-07-27 06:36:06.031319+00,success,658,658,0,,c2e2f2cb3bf43bd6356333d3afeebe8ec54eb2b8128470ba1eb0dcc3b699692c,200
2059,wzdx_wa,2026-07-27 06:37:09.112602+00,2026-07-27 06:37:16.212942+00,skipped_unchanged,,,,payload hash unchanged,d5ab8f51088948bcc90cbf6355cbcb8f1c3399159519d2b031cdbb327eaac53f,200
2061,caltrans_cwwp2_cc_d02,2026-07-27 06:41:16.953839+00,2026-07-27 06:41:36.903136+00,success,208,208,0,,7dee13a8301d10db6c9bea69ad5d2b80604174afdcdd79f7a1ddb38026400039,200
2066,osm_ways,2026-07-27 06:41:44.154898+00,2026-07-27 06:46:11.081836+00,success,,109777,,pbf=delaware-latest.osm.pbf observed_at=2026-07-21T20:21:50+00:00 scanned=137963 kept=109777 skipped_class=28186 skipped_geom=0 pass_s=12.7 peak_rss_mb=192,,
2067,caltrans_cwwp2_cc_d03,2026-07-27 06:45:35.015984+00,2026-07-27 06:46:12.742181+00,success,230,230,0,,3ed977c0b8ca76584170d3aa72996139a2c5332727bd8c6a5c1a69b9f03b6bae,200
2068,nws_alerts,2026-07-27 06:46:28.53134+00,2026-07-27 06:46:38.337306+00,success,353,353,0,,53b467c7f233b642e4471716bd683e2ae7485b5b243829731f22921548ba1f8d,200
2069,caltrans_cwwp2_cc_d09,2026-07-27 06:47:02.740042+00,2026-07-27 06:47:17.294539+00,success,127,127,0,,ed166def77d676a9a9fe3f8ae7a7604fbd41d93cfe1af5779940c3762afc17b4,200
2070,wzdx_az,2026-07-27 06:47:55.158552+00,2026-07-27 06:49:07.187129+00,success,3162,3162,0,,329fae86e4d92d5d0f7ff171fb8b6086a1f44ccebca53811900cb4c07373444b,200
2071,wzdx_mn,2026-07-27 06:50:51.336895+00,2026-07-27 06:51:17.542708+00,success,658,658,0,,cef55760553eccd8d809e1b6f6906ab81f0e39d80b2207780f214c9b88b7f999,200
2072,wzdx_ks,2026-07-27 06:51:34.011428+00,2026-07-27 06:52:08.684323+00,success,449,449,0,,036ab5d81c11252b3c631b2a9cf84828e337b5c7dc78aca5082895d02ecf0e82,200
2073,wzdx_wa,2026-07-27 06:53:18.126407+00,2026-07-27 06:53:26.589923+00,skipped_unchanged,,,,payload hash unchanged,d5ab8f51088948bcc90cbf6355cbcb8f1c3399159519d2b031cdbb327eaac53f,200
2074,caltrans_cwwp2_cc_d02,2026-07-27 06:57:29.594287+00,2026-07-27 06:57:50.407025+00,failed,,,,"('Connection aborted.', ConnectionResetError(104, 'Connection reset by peer'))",,
2075,nws_alerts,2026-07-27 06:58:45.434888+00,2026-07-27 06:59:14.496195+00,success,358,358,0,,6b260d42f9955deee69825907904e4929e78bea355d34352efafb884dc4271e7,200
2076,caltrans_cwwp2_cc_d03,2026-07-27 07:01:06.941143+00,2026-07-27 07:01:14.750994+00,success,230,230,0,,eb643611985741bf508d8285669deb5d2d162a9a86f0f625d3069eac2df4951d,200
2077,osm_truck_repair_overpass,2026-07-27 07:02:06.863718+00,2026-07-27 07:03:28.0012+00,success,,763,,endpoint=https://overpass-api.de/api/interpreter; observed_at=2026-07-27T07:01:05Z (overpass osm3s.timestamp_osm_base); osm.truck_repair=763; elements=763 skipped_no_position=0; route_assigned=763,,
2078,caltrans_cwwp2_cc_d09,2026-07-27 07:02:07.002625+00,2026-07-27 07:02:12.582555+00,success,127,127,0,,5245dec19e3009a6925a5af19687f736681d2bcaf4d38f1125c69ac372da8546,200
2079,wzdx_az,2026-07-27 07:03:09.453742+00,2026-07-27 07:03:18.517192+00,success,3278,3278,0,,fe2d6f6e2f44e1221e3079a79edd5486daf9fcec43825229c8cfd919a2363c95,200
2080,caltrans_cwwp2_cc_d02,2026-07-27 07:03:19.408064+00,2026-07-27 07:03:26.759523+00,success,208,208,0,,8748fbc70f3160775217ba9ffc5727a309b3eec998ad44c1962ad20c179349a9,200
2082,wzdx_mn,2026-07-27 07:06:06.163504+00,2026-07-27 07:06:13.649066+00,success,658,658,0,,e2d4fd27ab4411488892d995a423ec5d90505a6d00ae4622c52a0b7b5ae4172e,200
2104,wzdx_ks,2026-07-27 07:07:06.257661+00,2026-07-27 07:07:20.052964+00,success,449,449,0,,001819b03b76cff3e37d11f8dda00355eead9730216b3e3188a392813044159e,200
2113,nws_alerts,2026-07-27 07:09:54.127993+00,2026-07-27 07:10:10.92006+00,success,360,360,0,,148f62613ddedfc1b57d073a18249e578e3bc7b25e11044888eac13b4cf7a44f,200
2114,wzdx_wa,2026-07-27 07:10:16.80764+00,2026-07-27 07:10:33.195318+00,success,572,551,21,,f80c031b2f085e9e0798626cb61af4c047855236d536b8d178fc6ca028a48b33,200
2124,caltrans_cwwp2_cc_d03,2026-07-27 07:17:09.158302+00,2026-07-27 07:17:19.776026+00,success,230,230,0,,4b583787439657dc49b77eb6aeebdcc8968ce26941b792fe72d1e67102523ef6,200
2125,caltrans_cwwp2_cc_d09,2026-07-27 07:18:08.353058+00,2026-07-27 07:18:13.855402+00,success,127,127,0,,f72e0af05dad771dbc3d73981c3b9d22bf65d68218d894343f178694e88a9ff3,200
2126,wzdx_az,2026-07-27 07:19:11.514056+00,2026-07-27 07:19:44.187899+00,success,3278,3278,0,,c9a5ea17f11a286111e2990239a47d53043729725bc3d448e38b760aef137a5c,200
2127,caltrans_cwwp2_cc_d02,2026-07-27 07:19:46.206974+00,2026-07-27 07:19:54.105383+00,success,208,208,0,,7553cd4a5cdd86a03fae3b1cb51978ca025b70ae63d28e530e09b6d63a42573b,200
2128,nws_alerts,2026-07-27 07:20:10.549965+00,2026-07-27 07:20:18.131829+00,success,361,361,0,,6452eac238b736b6fa46e6ab4a7769fa5bafd8c6765b3ef4ad69088365cf87d5,200
2129,wzdx_mn,2026-07-27 07:22:06.754776+00,2026-07-27 07:22:13.223817+00,success,658,658,0,,5d7ce6dfdac4e1849b7b60368adf54b7119baf4fe7dcdea06a1ad434b5f65016,200
2130,osm_truck_repair_overpass,2026-07-27 07:22:23.789067+00,2026-07-27 07:23:39.652329+00,success,,763,,endpoint=https://overpass-api.de/api/interpreter; observed_at=2026-07-27T07:21:35Z (overpass osm3s.timestamp_osm_base); osm.truck_repair=763; elements=763 skipped_no_position=0; route_assigned=763,,
2131,wzdx_ks,2026-07-27 07:23:05.421192+00,2026-07-27 07:23:16.952129+00,success,449,449,0,,2e6abd16fa9a30f6dfe4094a30a3f948d3ff2fddff83192c2aeccfd5d0039d47,200
2132,wzdx_wa,2026-07-27 07:26:01.562242+00,2026-07-27 07:26:08.56511+00,skipped_unchanged,,,,payload hash unchanged,f80c031b2f085e9e0798626cb61af4c047855236d536b8d178fc6ca028a48b33,200
2163,osm_truck_repair_overpass,2026-07-27 07:31:05.636515+00,2026-07-27 07:32:46.35112+00,success,,763,,endpoint=https://overpass-api.de/api/interpreter; observed_at=2026-07-27T07:29:42Z (overpass osm3s.timestamp_osm_base); osm.truck_repair=763; elements=763 skipped_no_position=0; route_assigned=763,,
2164,nws_alerts,2026-07-27 07:31:16.826758+00,2026-07-27 07:31:18.732717+00,success,359,359,0,,fe38f1c49d0caaf6ffa268d332bad11866167b54b874d58cf0663c7cf78479ec,200
2171,caltrans_cwwp2_cc_d03,2026-07-27 07:32:57.325562+00,2026-07-27 07:33:02.814695+00,success,230,230,0,,51d60fd093df6cea990c8637543a3c0bf28935ea960cf0467305ee70b382c761,200
2175,caltrans_cwwp2_cc_d09,2026-07-27 07:34:10.113404+00,2026-07-27 07:34:14.25387+00,success,127,127,0,,8fd502b9ed9813501f57f03f1313822581742bc3f980c424e1ed46b1d6fe669e,200
2176,caltrans_cwwp2_cc_d02,2026-07-27 07:35:05.521599+00,2026-07-27 07:35:11.197121+00,success,208,208,0,,31f18a8a1aab3671792578ca466b73c8159f66697b0ff0e95045292774b4dddd,200
2177,wzdx_az,2026-07-27 07:35:11.780177+00,2026-07-27 07:35:21.910574+00,success,3199,3199,0,,ec475df64019b572a79529b3d19f6c411f62f8d9c540f1bda53bf156d7eb547c,200
2178,wzdx_mn,2026-07-27 07:38:07.093364+00,2026-07-27 07:38:14.073144+00,success,658,658,0,,758e8c76b986628f924a343f557476a239c5f0749e09a478733ee52f2b437ae3,200
2179,wzdx_ks,2026-07-27 07:39:06.486938+00,2026-07-27 07:39:21.938711+00,success,449,449,0,,2df4ac05843ce1dc46b690e8fa1b082db798a0f5ac06f50def3a6ffbcd5673d1,200
2180,wzdx_wa,2026-07-27 07:41:10.368486+00,2026-07-27 07:41:13.824419+00,skipped_unchanged,,,,payload hash unchanged,f80c031b2f085e9e0798626cb61af4c047855236d536b8d178fc6ca028a48b33,200
2181,nws_alerts,2026-07-27 07:42:06.197079+00,2026-07-27 07:42:08.354853+00,success,365,365,0,,9a641da0f065324c58c640903b6e04d8b2d85ad7e403e0d663385258500a5247,200
2182,caltrans_cwwp2_cc_d03,2026-07-27 07:48:10.181818+00,2026-07-27 07:48:17.588079+00,success,230,230,0,,8bd92a924640c20aefcd8e61787dc6c39e9461c8e5d5d698588519db62bdde8f,200
2183,caltrans_cwwp2_cc_d09,2026-07-27 07:50:06.787121+00,2026-07-27 07:50:10.511192+00,success,127,127,0,,6580a5f520467654fda044e5894ef4193fef54c4d782faa3b80c2c2e62c3fa6d,200
2184,caltrans_cwwp2_cc_d02,2026-07-27 07:51:07.685729+00,2026-07-27 07:51:14.081851+00,success,208,208,0,,592e89e42946d32f929e53a6b2d6c75f390f416b654b91eafdce890f06438a8e,200
2185,wzdx_az,2026-07-27 07:51:14.556027+00,2026-07-27 07:51:26.600138+00,success,3199,3199,0,,d15693775930fc9ca178ba6c04823be7d1b88f8882524ce82933dcd7bea64076,200
2186,nws_alerts,2026-07-27 07:53:10.080383+00,2026-07-27 07:53:12.321557+00,success,368,368,0,,3e7cddb86af6d2f15bef5a8522aab928c1d494ab22610a7cba532927f580a179,200
2187,wzdx_mn,2026-07-27 07:54:09.412272+00,2026-07-27 07:54:15.642989+00,success,658,658,0,,c543de64a287515a777b7bd0e4fe24aaf7dce2e5213c5ce0fb80381bcf7eb146,200
2188,wzdx_ks,2026-07-27 07:55:07.546439+00,2026-07-27 07:55:20.320883+00,success,449,449,0,,61789423deb27978bbe161e9307e96e9e7fdcbae522379271d5475383ab287f7,200
2189,wzdx_wa,2026-07-27 07:57:09.601658+00,2026-07-27 07:57:13.943146+00,skipped_unchanged,,,,payload hash unchanged,f80c031b2f085e9e0798626cb61af4c047855236d536b8d178fc6ca028a48b33,200
2190,caltrans_cwwp2_cc_d03,2026-07-27 08:04:07.757045+00,2026-07-27 08:04:15.750171+00,success,230,230,0,,141b7b98facac169e7cc3ba0070413ceb01ea83708bbd0cf492e60be1c4077d9,200
2191,nws_alerts,2026-07-27 08:04:16.230792+00,2026-07-27 08:04:18.398041+00,success,370,370,0,,6c010279a9e2bb08a20bcd4db1bada9a37dd922859dad4768f22a141c3e07998,200
2192,caltrans_cwwp2_cc_d09,2026-07-27 08:06:06.839767+00,2026-07-27 08:06:11.188123+00,success,127,127,0,,415307076b01fc1fcb95423fb98be90a3dd1aa9983fa66532907211714b5b149,200
2193,caltrans_cwwp2_cc_d02,2026-07-27 08:07:08.572646+00,2026-07-27 08:07:15.191876+00,success,208,208,0,,2bbe94df7ec75b88128fca71c66666fbe8a60f271583f0272eb95d052d27bf4e,200
2194,wzdx_az,2026-07-27 08:07:15.750669+00,2026-07-27 08:07:26.647528+00,success,3251,3251,0,,5fde016a9d46c9143d9241aa7b39801af1d0aa6c91bf21241089b0ba149e4825,200
2195,wzdx_mn,2026-07-27 08:10:07.156793+00,2026-07-27 08:10:13.543028+00,success,658,658,0,,68b30c5b1b89493a82d6ad1acdb4e6978690154baf0a80248ebd0318ec9266f1,200
2196,wzdx_ks,2026-07-27 08:11:05.9739+00,2026-07-27 08:11:22.256773+00,success,449,449,0,,f4cdb279d66e4c3dbf00d9b4882264ac36575bd6ca8e9e5ba809df0343cd3b2e,200
2197,wzdx_wa,2026-07-27 08:13:05.550018+00,2026-07-27 08:13:10.214623+00,success,572,551,21,,01924751f6d6471bed397636968340563ca4787a63b63fdb73f5d60dc3abb8f8,200
2198,nws_alerts,2026-07-27 08:15:08.873454+00,2026-07-27 08:15:11.249464+00,success,373,373,0,,09d72f981de1e733c7158a78fbbced2f0d70cbe284aeec449cf6af5b2d966761,200
2199,caltrans_cwwp2_cc_d03,2026-07-27 08:20:06.156653+00,2026-07-27 08:20:14.333672+00,success,230,230,0,,6d8819ce7c7dd4e64b6eae7f4c736473ee3d66d07a4f60cea83d0e6ee0e5f4a0,200
2200,caltrans_cwwp2_cc_d09,2026-07-27 08:22:08.77997+00,2026-07-27 08:22:14.648084+00,success,127,127,0,,4fb0bcedf57b22f6b5870ec04b669633a5cc32774bc69fc515ce90ed9b6b7a6f,200
2201,wzdx_az,2026-07-27 08:23:07.19365+00,2026-07-27 08:23:17.070654+00,success,3251,3251,0,,b3c33ed0677d823601a5962274bf655059a2a7fa5ec0596a082c96b704040f5c,200
2202,caltrans_cwwp2_cc_d02,2026-07-27 08:23:17.695906+00,2026-07-27 08:23:26.170014+00,success,208,208,0,,bcc60226e0e56f5166476a53cc4f6efd664938a1d869bf9096f880449e12dd00,200
2233,nws_alerts,2026-07-27 08:26:15.167921+00,2026-07-27 08:26:16.791022+00,success,370,370,0,,3db3eedb644ad334a0535a282dbe911fa4e051b3f84312104dad27b97a234b26,200
2234,wzdx_mn,2026-07-27 08:26:17.103678+00,2026-07-27 08:26:24.37355+00,success,658,658,0,,3e4ad4ca4ad734785a144826f21c278b3b67fb48517fe4ba5310e3e0c9a08968,200
2235,wzdx_ks,2026-07-27 08:27:25.484911+00,2026-07-27 08:27:45.263432+00,success,449,449,0,,76709cb13366410644fa4ce4f269c508ac5af74fb10e90250a4f76de6c82fb01,200
2245,wzdx_wa,2026-07-27 08:29:08.232079+00,2026-07-27 08:29:12.091132+00,skipped_unchanged,,,,payload hash unchanged,01924751f6d6471bed397636968340563ca4787a63b63fdb73f5d60dc3abb8f8,200
2246,caltrans_cwwp2_cc_d03,2026-07-27 08:36:10.193084+00,2026-07-27 08:36:18.337885+00,success,230,230,0,,561b1194ee4dfc7c0a0e0b2ff2bab8ab4e9e954d8e5ff480c591248c489e473b,200
2247,nws_alerts,2026-07-27 08:37:10.362162+00,2026-07-27 08:37:12.518863+00,success,368,368,0,,4725d25f668832365949b362209f0e033257023b7c0a116f9cc596533cddd118,200
2248,caltrans_cwwp2_cc_d09,2026-07-27 08:38:09.617965+00,2026-07-27 08:38:14.98761+00,success,127,127,0,,cc0ff36a0203338477b302817605029462817f027ef26d24088142835a6f9985,200
2249,wzdx_az,2026-07-27 08:39:07.392177+00,2026-07-27 08:39:14.652842+00,success,3251,3251,0,,d72ac345741be67ed1af4f92b94efbf7d730391dfa0c6865a5237d957b8b26be,200
2250,caltrans_cwwp2_cc_d02,2026-07-27 08:39:15.645747+00,2026-07-27 08:39:22.260251+00,success,208,208,0,,364ec4d09c56457ab69373698c815de1d45aa5c762c68d40128599a2a7cf74ee,200
2251,wzdx_mn,2026-07-27 08:42:07.879863+00,2026-07-27 08:42:14.360971+00,success,664,664,0,,19b13279f198b5d59ff0b9219fe768d472ab13e102ce0acfd2804a4dc5ad9f4a,200
2252,wzdx_ks,2026-07-27 08:43:06.724765+00,2026-07-27 08:43:18.662236+00,success,449,449,0,,bb96d25a04993fae8b996b8db9a14331482a5e2efab3a2b89ca4caeade45d5ac,200
2253,wzdx_wa,2026-07-27 08:45:07.609822+00,2026-07-27 08:45:11.891854+00,skipped_unchanged,,,,payload hash unchanged,01924751f6d6471bed397636968340563ca4787a63b63fdb73f5d60dc3abb8f8,200
2254,nws_alerts,2026-07-27 08:48:07.623479+00,2026-07-27 08:48:09.59105+00,success,369,369,0,,b609eef756c0dba1755f8233dc865979b49c9e488a3acde841ac72287f3292df,200
2255,caltrans_cwwp2_cc_d03,2026-07-27 08:52:10.066894+00,2026-07-27 08:52:20.753608+00,success,230,230,0,,5423d2ce06c3703ac30d0d04a40fe01577d7953f86024f8bd7228660b544c1e4,200
2256,caltrans_cwwp2_cc_d09,2026-07-27 08:54:07.751062+00,2026-07-27 08:54:13.038831+00,success,127,127,0,,a20d08f986375a1d237de6d6c25e41dcf71624d8f19467bb33f2fc80c1299b88,200
2257,wzdx_az,2026-07-27 08:55:09.621967+00,2026-07-27 08:55:21.885718+00,success,3251,3251,0,,372352afd1422c43bae46079f8d0c93c8ac7a85779bbfc37e9aa405536777c76,200
2258,caltrans_cwwp2_cc_d02,2026-07-27 08:55:22.962238+00,2026-07-27 08:55:29.787059+00,success,208,208,0,,b4075692d50be7b77c1ee3160ccaa49968e481770a83457c6f187bbc846d2538,200
2259,wzdx_mn,2026-07-27 08:58:09.476844+00,2026-07-27 08:58:16.706407+00,success,664,664,0,,8dbb49ab8009cca3e70b09d84636e2a9350dc306c0039dda8078aef5e48f2671,200
2260,nws_alerts,2026-07-27 08:59:08.71552+00,2026-07-27 08:59:11.968669+00,success,374,374,0,,e5769491eda819bf86dc1622f2a1d23c86be140c27581cd022852a5dd040dc40,200
2261,wzdx_ks,2026-07-27 08:59:13.680813+00,2026-07-27 08:59:26.367868+00,success,449,449,0,,7a5b1787d1bd3d7f8606cf0b34390614ce056bfafc309e5d0f57c0feedafe3ac,200
2262,wzdx_wa,2026-07-27 09:01:09.011194+00,2026-07-27 09:01:14.647996+00,success,572,551,21,,bcadbe8523bb366e710befd9185b9a1b5aee5856ca41b4e3ae641641ca3aa81a,200
2263,caltrans_cwwp2_cc_d03,2026-07-27 09:08:07.307931+00,2026-07-27 09:08:15.157739+00,success,230,230,0,,2c2aad48ad914fcd09b27dd42056aa8d1e4c5836b695a74a62f4183a5b81932f,200
2264,nws_alerts,2026-07-27 09:10:09.838158+00,2026-07-27 09:10:12.545176+00,success,373,373,0,,09405e5113561c78403049acf70151ce0aa02cc4e7171f242d8886b912921987,200
2265,caltrans_cwwp2_cc_d09,2026-07-27 09:10:13.717475+00,2026-07-27 09:10:19.654413+00,success,127,127,0,,641b76b362866d0ff7308ce3bda80086356a20d23b3e70300261d953eecce73a,200
2266,caltrans_cwwp2_cc_d02,2026-07-27 09:11:06.387249+00,2026-07-27 09:11:13.405005+00,success,208,208,0,,ee17cec904d1625f28e2feb74dc5ffe8e365f680df0ba623081c2c43d1015ff7,200
2267,wzdx_az,2026-07-27 09:11:13.873901+00,2026-07-27 09:11:24.745742+00,success,2205,2205,0,,0be4365c54302aac1b92753b4fb05edd9feef2b3206fba63274356ac944abbd1,200
2268,wzdx_mn,2026-07-27 09:14:11.918824+00,2026-07-27 09:14:29.054113+00,success,664,664,0,,5ade10dd7b6f7e225a044414568f837531b5a3d1fe02f12ab37fd0a345ede285,200
2269,wzdx_ks,2026-07-27 09:15:08.150297+00,2026-07-27 09:15:19.844648+00,success,449,449,0,,495580536434844f3f174400edc6327b2529f14a3129bee4be41f811dedc57c1,200
2270,wzdx_wa,2026-07-27 09:17:08.355557+00,2026-07-27 09:17:13.118191+00,skipped_unchanged,,,,payload hash unchanged,bcadbe8523bb366e710befd9185b9a1b5aee5856ca41b4e3ae641641ca3aa81a,200
2271,nws_alerts,2026-07-27 09:21:10.241432+00,2026-07-27 09:21:20.529175+00,success,373,373,0,,62a7629b484bbdf3beb553f6f3f2e45190b0b6746de76bf8320ebe9b1cceff10,200
2272,caltrans_cwwp2_cc_d03,2026-07-27 09:24:09.381203+00,2026-07-27 09:24:17.058612+00,success,230,230,0,,a02092b945bf2750b8bf47dfe02d2d4e7dd7d84fe909aceeafa2bd991bdb1e8b,200
2273,caltrans_cwwp2_cc_d09,2026-07-27 09:26:06.096465+00,2026-07-27 09:26:11.45598+00,success,127,127,0,,b667ae9382608639ffceb534bc601289b338853c6fb1f18ea0b97ef9fca01272,200
2274,caltrans_cwwp2_cc_d02,2026-07-27 09:27:08.886111+00,2026-07-27 09:27:16.677303+00,success,208,208,0,,690c1c65f26e640368e17b9e14ebac6131fcbd18285f5fe21ab0fd9bd3abbb78,200
2275,wzdx_az,2026-07-27 09:27:17.150848+00,2026-07-27 09:27:26.692287+00,success,2284,2284,0,,0a05bff5442aea6aa348c2ca241ee9adde73ad576ca09393cc9162a76789be1f,200
2276,wzdx_mn,2026-07-27 09:30:06.696271+00,2026-07-27 09:30:12.460689+00,success,666,666,0,,fe4c8794de027136fb52e45d7e4d7530fa59b9131cf763121b589f71326fffdb,200
2277,wzdx_ks,2026-07-27 09:31:09.712437+00,2026-07-27 09:31:22.606331+00,success,449,449,0,,91447907f7217f502c827744b1e9b6d3ad78f127ecf49c922e43c65c84dae221,200
2278,nws_alerts,2026-07-27 09:32:09.708918+00,2026-07-27 09:32:12.029142+00,success,373,373,0,,ef06266553cfb428a661b05004c879025b3c1f12b202c9d7cb79da0024edcb87,200
2279,wzdx_wa,2026-07-27 09:33:09.404612+00,2026-07-27 09:33:15.185306+00,skipped_unchanged,,,,payload hash unchanged,bcadbe8523bb366e710befd9185b9a1b5aee5856ca41b4e3ae641641ca3aa81a,200
2280,caltrans_cwwp2_cc_d03,2026-07-27 09:40:04.190199+00,2026-07-27 09:40:09.791366+00,success,230,230,0,,f50414422a121568cb9736d123e356734491f95a58b7ef390eee9313c228f0d1,200
2281,caltrans_cwwp2_cc_d09,2026-07-27 09:42:04.932267+00,2026-07-27 09:42:09.693981+00,success,127,127,0,,4342ea7367ca07fae1803a5b91f8c8b127b75f2cb922dfe7b3908bd3c90ac94f,200
2282,caltrans_cwwp2_cc_d02,2026-07-27 09:43:07.374683+00,2026-07-27 09:43:14.041935+00,success,208,208,0,,5565d33b25aab2d240e4850517aa8ad3f7a9c0669913f5b543355beec14a312a,200
2283,wzdx_az,2026-07-27 09:43:15.272951+00,2026-07-27 09:43:24.68799+00,success,2211,2211,0,,cc83196eed990d5d229cb517d48661e5de9b70a27e3c9592f8e79cc7dcc2519a,200
2284,nws_alerts,2026-07-27 09:43:25.193575+00,2026-07-27 09:43:27.732298+00,success,374,374,0,,2e80aa06d968e45401d34a5418696dcaef47d6207d96be3028d6c1003b940ed4,200
2285,wzdx_mn,2026-07-27 09:46:07.773593+00,2026-07-27 09:46:13.824123+00,success,666,666,0,,6c262e174b2b5bde93ec7c94d62d60afbd09c3548fa71df059f592e4b9901d54,200
2286,wzdx_ks,2026-07-27 09:47:06.323155+00,2026-07-27 09:47:25.17986+00,success,449,449,0,,8f1208f2c8844946521e29ca3e59be3af5cff00ead89e74d402a3d0e690d9aa2,200
2287,wzdx_wa,2026-07-27 09:49:08.521803+00,2026-07-27 09:49:21.733366+00,skipped_unchanged,,,,payload hash unchanged,bcadbe8523bb366e710befd9185b9a1b5aee5856ca41b4e3ae641641ca3aa81a,200
2288,nws_alerts,2026-07-27 09:54:06.548723+00,2026-07-27 09:54:09.027787+00,success,374,374,0,,777b06935b9d9afcc948a2adeb1bc91b1a9edb36bf704e05839f4c4b43859991,200
2289,caltrans_cwwp2_cc_d03,2026-07-27 09:55:06.489915+00,2026-07-27 09:55:14.208449+00,success,230,230,0,,d3adb9871a88ef47e3bf48ad0f9f1a42b85ca64625232dac45e87dd0719e1495,200
2290,caltrans_cwwp2_cc_d09,2026-07-27 09:58:05.53401+00,2026-07-27 09:58:11.256484+00,success,127,127,0,,5341237b4b9ba3b74daa3c74809631d451dbcb138c3c6bad68e50fe159058537,200
2291,caltrans_cwwp2_cc_d02,2026-07-27 09:59:09.522262+00,2026-07-27 09:59:20.111387+00,success,208,208,0,,6d4a4a5c9fbe53b917ae9efffbfaae706d1db6a81842829d3950b7eb0c45ee18,200
2292,wzdx_az,2026-07-27 09:59:21.261111+00,2026-07-27 09:59:31.315296+00,success,2290,2290,0,,448679597c889e7990507ab493f6ba3ccdd55fdb20d9a2f3b39730d81c96d970,200
2293,wzdx_mn,2026-07-27 10:02:07.423244+00,2026-07-27 10:02:15.053193+00,success,660,660,0,,b55152a5940a9a6f0fb488b3af18236ade5ce0b7a197df7b5aebd059ca0de6a9,200
2294,wzdx_ks,2026-07-27 10:03:08.030322+00,2026-07-27 10:03:23.579632+00,success,449,449,0,,6fee521be72c9385ae152bccc28f24e8647aa0d8f9ebbc3f78a4090535c6b8d6,200
2295,wzdx_wa,2026-07-27 10:05:08.21197+00,2026-07-27 10:05:17.782016+00,success,572,551,21,,c5d23d2c0835863ea61e23d98163ae5163fc4157114277e72a6bdd57f54da9c4,200
2296,nws_alerts,2026-07-27 10:05:30.731315+00,2026-07-27 10:05:37.350467+00,success,372,372,0,,016389e730ed48d9450ca7c9560a1edd3b44283765c9bdf92983cd1f4d8389b8,200
2297,caltrans_cwwp2_cc_d03,2026-07-27 10:11:10.494717+00,2026-07-27 10:11:17.990621+00,success,230,230,0,,61ea91c878ef0aa69dcf7a62208b5d7a895ba2c2552448da06963648b4023544,200
2298,caltrans_cwwp2_cc_d09,2026-07-27 10:14:09.266891+00,2026-07-27 10:14:16.237626+00,success,127,127,0,,330162c65a3ea44e8d0cfaa19b109db5d78e9cc97880b77dd679c51ffae38e04,200
2299,caltrans_cwwp2_cc_d02,2026-07-27 10:15:13.824794+00,2026-07-27 10:15:21.273848+00,success,208,208,0,,764bb83fb2af23def251a62a258b3b9852044b186f7b1e2926c37f56b3126c51,200
2300,wzdx_az,2026-07-27 10:15:22.412269+00,2026-07-27 10:15:34.88514+00,success,3251,3251,0,,9baf3f5c84e8ffadb0e41f5b012b8325c09541ef27b0b15c7fd2853a609c313e,200
2301,nws_alerts,2026-07-27 10:16:12.171871+00,2026-07-27 10:16:15.031549+00,success,378,378,0,,b35f7b61bdf5e339b7f04e277573037b8ae143d60fd7af3b8c32ae4ba1a73712,200
2302,wzdx_mn,2026-07-27 10:17:25.072096+00,2026-07-27 10:17:32.385298+00,success,660,660,0,,63561e87606e0c9f1ac8b53c290bfc4ccce17c8774e4c8cce73323ae8be9874f,200
2303,wzdx_ks,2026-07-27 10:18:17.854231+00,2026-07-27 10:18:33.414884+00,success,449,449,0,,c60b8fc8d3db61ad196b2bf7faa9dddbad9b139c8c271cb869828ef58f8e6c46,200
2304,wzdx_wa,2026-07-27 10:21:32.514293+00,2026-07-27 10:21:36.277683+00,skipped_unchanged,,,,payload hash unchanged,c5d23d2c0835863ea61e23d98163ae5163fc4157114277e72a6bdd57f54da9c4,200
2305,caltrans_cwwp2_cc_d03,2026-07-27 10:27:07.249036+00,2026-07-27 10:27:15.470628+00,success,230,230,0,,0488c3bae8cebfef9d0c0a59ee1c49798bf17c115584a49a8a81017768cb12e3,200
2306,nws_alerts,2026-07-27 10:27:15.945862+00,2026-07-27 10:27:17.793395+00,success,383,383,0,,63bcfe0e65354250ceacea40d66390e727f3da8549912772dccec4288aba0e8f,200
2307,caltrans_cwwp2_cc_d09,2026-07-27 10:30:02.561053+00,2026-07-27 10:30:08.59581+00,success,127,127,0,,4e2ccdcfe08b3bb19ffb1a9cb6870a66554bfa40f3794517d98f5ee32187940f,200
2308,caltrans_cwwp2_cc_d02,2026-07-27 10:31:06.062266+00,2026-07-27 10:31:13.406473+00,success,208,208,0,,cd66174848e463c022b5252f8ad7828b4560bd5dd58a436c8052b99302e61240,200
2309,wzdx_az,2026-07-27 10:31:13.812529+00,2026-07-27 10:31:24.635543+00,success,3251,3251,0,,139d43775599c4ce164935f4ecc7d964744bbd7bf7160ba6f94e1c629c330d84,200
2310,wzdx_mn,2026-07-27 10:33:08.487985+00,2026-07-27 10:33:13.647789+00,success,658,658,0,,a6b75801c2af4b4056bbd6afe735b7f834c7b9e5aed4d3d3e4a8e68fd1d2e743,200
2311,wzdx_ks,2026-07-27 10:34:05.682425+00,2026-07-27 10:34:17.155109+00,success,449,449,0,,35721b4f71c7cfb96cb259cd4cb2d290cad025d3df53f94fb2bee0f49cf1ecb9,200
2335,wzdx_wa,2026-07-27 10:37:07.6968+00,2026-07-27 10:37:11.842483+00,skipped_unchanged,,,,payload hash unchanged,c5d23d2c0835863ea61e23d98163ae5163fc4157114277e72a6bdd57f54da9c4,200
2343,nws_alerts,2026-07-27 10:38:09.320324+00,2026-07-27 10:38:38.760935+00,success,380,380,0,,8df91a27da18dec0f0f688829b901e3e89e1795b9a7fc02e47536036b3a633cc,200
2353,caltrans_cwwp2_cc_d03,2026-07-27 10:43:09.425882+00,2026-07-27 10:43:17.98318+00,success,230,230,0,,1940d19eb6108ab4401398b5cfe16f2607a0545bedfe5296d35a5608942e7bfd,200
2354,caltrans_cwwp2_cc_d09,2026-07-27 10:45:07.140154+00,2026-07-27 10:45:12.91312+00,success,127,127,0,,1ddabb3cc6ae9ed4a8d9ac93cd927e783064a9305af61a04c39838b1dc0601a3,200
2355,caltrans_cwwp2_cc_d02,2026-07-27 10:47:06.773848+00,2026-07-27 10:47:17.727181+00,success,208,208,0,,e56ef21ba336d080b83b808d92022b545613922d6a2a80eaf604d3587d2f2529,200
2356,wzdx_az,2026-07-27 10:47:18.091919+00,2026-07-27 10:47:23.419876+00,success,3172,3172,0,,e5988acf237d81a903f3576d4470f3e2b6152f8ccbcc0b2e99513483f5713ac3,200
2380,nws_alerts,2026-07-27 10:49:06.683931+00,2026-07-27 10:49:08.422433+00,success,381,381,0,,102b8d257519aa585513f7055d3b3983cf42af1e1e32304820ec7e5d3381f97a,200
2382,wzdx_mn,2026-07-27 10:49:08.958647+00,2026-07-27 10:49:26.950845+00,success,660,660,0,,4b7dfbc0c327bd65599cf034755aaf8e5fb2803613204534a14ab214f0581905,200
2389,wzdx_ks,2026-07-27 10:50:28.798326+00,2026-07-27 10:50:41.549688+00,success,449,449,0,,69e1339d33908783cf317bd21e0e013b8fe4918c24345327abff718b6b6c6afd,200
2399,wzdx_wa,2026-07-27 10:53:09.850155+00,2026-07-27 10:53:13.80994+00,skipped_unchanged,,,,payload hash unchanged,c5d23d2c0835863ea61e23d98163ae5163fc4157114277e72a6bdd57f54da9c4,200
2400,caltrans_cwwp2_cc_d03,2026-07-27 10:59:05.874061+00,2026-07-27 10:59:15.251334+00,success,230,230,0,,9005e6be0515d9bb01847e284074d2ca6d0bcd22fbf68e3d7199aef405f109c0,200
2401,nws_alerts,2026-07-27 11:00:07.521373+00,2026-07-27 11:00:09.8346+00,success,376,376,0,,b9071d0758ee3a4e647dcc37d456e19ba760664de7f8bc394e8a225050a4903e,200
2402,caltrans_cwwp2_cc_d09,2026-07-27 11:01:06.840273+00,2026-07-27 11:01:12.456956+00,success,127,127,0,,7f2adbd00e8591dd023d39c6088b32aa6a52a8ddf9406846f7a09304461eb603,200
2403,caltrans_cwwp2_cc_d02,2026-07-27 11:03:06.758733+00,2026-07-27 11:03:13.907334+00,success,208,208,0,,aa3a100d90038360f55b5865c09a835e0c5270131593994ab7367fe4b33e1053,200
2404,wzdx_az,2026-07-27 11:03:14.436038+00,2026-07-27 11:03:25.03786+00,success,3172,3172,0,,ebc498d15acf46ddcd322fc54ebcccd8b314b8e3d3b3c9ac0cf7e7b179ef1430,200
2405,wzdx_mn,2026-07-27 11:05:08.512779+00,2026-07-27 11:05:13.946146+00,success,662,662,0,,94038faab6ad3db43d22ad52bfe21bc73defdc26b63002406a40e24c383ea13c,200
2406,wzdx_ks,2026-07-27 11:06:05.92246+00,2026-07-27 11:06:17.167302+00,success,449,449,0,,9681054a1b32524cb65248ebca3bbecf4ee584931af5dac0eb498b6c466c2420,200
2407,wzdx_wa,2026-07-27 11:09:17.908536+00,2026-07-27 11:09:23.280869+00,success,572,551,21,,19604b75c6c9bffecd0d43a56a750af1763e590edbf17754522c052fcbd25e22,200
2408,nws_alerts,2026-07-27 11:11:07.26839+00,2026-07-27 11:11:09.50876+00,success,382,382,0,,43661ba50294dde0745127171e70dfc06184698115b9194c078f018d97f184ef,200
2409,caltrans_cwwp2_cc_d03,2026-07-27 11:15:01.584231+00,2026-07-27 11:15:11.572638+00,success,230,230,0,,664ad2802ee6a90c0fe2a27fe46090051ae151e572b7e1acbda2de072c9000c1,200
2410,caltrans_cwwp2_cc_d09,2026-07-27 11:17:10.564425+00,2026-07-27 11:17:17.493555+00,success,127,127,0,,667b896d97f76c37bff6c0bca0da3ac43d9da1d8f58b31f15d18d8ac1d298106,200
2411,caltrans_cwwp2_cc_d02,2026-07-27 11:19:06.208339+00,2026-07-27 11:19:13.180268+00,success,208,208,0,,b5e34063dd955ac0e74fe9f93c01fc6be19abdff3631ed8e46df8e081dbc2475,200
2412,wzdx_az,2026-07-27 11:19:13.595684+00,2026-07-27 11:19:22.592193+00,success,3171,3171,0,,202203a7664874732ac642266b0d47a5c0c9d8660cb30552568297d9fa4c710e,200
2413,wzdx_mn,2026-07-27 11:21:06.121927+00,2026-07-27 11:21:11.992914+00,success,662,662,0,,f57a95158333dfc30f5a5a7c95a82e4af8bdbbc05fc10a444cbfff4c3b4adc59,200
2414,nws_alerts,2026-07-27 11:22:09.012258+00,2026-07-27 11:22:11.480007+00,success,380,380,0,,1f8b47d2feab1a06b7b8174f69fe5b26f44c2cb711cf638980ddbc50e01d4193,200
2415,wzdx_ks,2026-07-27 11:22:11.971455+00,2026-07-27 11:22:24.940654+00,success,449,449,0,,8cf7964e7d85f41e364af2c0cd811af883e38821dfaf713593d1c343aea06f39,200
2416,wzdx_wa,2026-07-27 11:25:10.289085+00,2026-07-27 11:25:13.980036+00,skipped_unchanged,,,,payload hash unchanged,19604b75c6c9bffecd0d43a56a750af1763e590edbf17754522c052fcbd25e22,200
2417,caltrans_cwwp2_cc_d03,2026-07-27 11:30:07.861613+00,2026-07-27 11:30:17.946165+00,success,230,230,0,,3396f0fbd7b40bfd1888f7cd04defb0957d7e4039d4950a81ef59cb5134797b7,200
2418,nws_alerts,2026-07-27 11:33:08.86891+00,2026-07-27 11:33:12.172991+00,success,383,383,0,,187378ada44f3f8f909b39f7d5f43678e64d94731f8a71406c46a4b0cf73eaa4,200
2419,caltrans_cwwp2_cc_d09,2026-07-27 11:33:12.6581+00,2026-07-27 11:33:18.418587+00,success,127,127,0,,a1fd90b96293fbccd1a236aac9b7377d61c0ff9108ec51a713e0d9478efbc4e8,200
2420,caltrans_cwwp2_cc_d02,2026-07-27 11:35:07.350303+00,2026-07-27 11:35:14.617092+00,success,208,208,0,,b1a3180126cca41c071ba605eb93d331098f85d0086b6b23d2df494fa61cfb96,200
2421,wzdx_az,2026-07-27 11:35:15.165151+00,2026-07-27 11:35:24.808497+00,success,3171,3171,0,,8ae2a5a00f1c780e61533a72359fb0e62ad41e0ae656af6446ab42d8c280a0bd,200
2422,wzdx_mn,2026-07-27 11:37:08.416625+00,2026-07-27 11:37:14.837495+00,success,658,658,0,,2a82199bf7982f42bb9991a4bbc15014a840e1eec4575d0a044e44e057345d93,200
2423,wzdx_ks,2026-07-27 11:38:07.149164+00,2026-07-27 11:38:20.031145+00,success,449,449,0,,49bf78e36a1b8786be02b323fef71fc5adb5829325ca8d7aca8818ad471e7802,200
2424,wzdx_wa,2026-07-27 11:41:10.272535+00,2026-07-27 11:41:14.330828+00,skipped_unchanged,,,,payload hash unchanged,19604b75c6c9bffecd0d43a56a750af1763e590edbf17754522c052fcbd25e22,200
2425,nws_alerts,2026-07-27 11:44:10.208296+00,2026-07-27 11:44:30.405129+00,failed,,,,"HTTPSConnectionPool(host='api.weather.gov', port=443): Max retries exceeded with url: /alerts/active (Caused by NameResolutionError(""HTTPSConnection(host='api.weather.gov', port=443): Failed to resolve 'api.weather.gov' ([Errno -3] Temporary failure in name resolution)""))",,
2426,caltrans_cwwp2_cc_d03,2026-07-27 11:46:08.867676+00,2026-07-27 11:46:29.128279+00,failed,,,,"HTTPSConnectionPool(host='cwwp2.dot.ca.gov', port=443): Max retries exceeded with url: /data/d3/cc/ccStatusD03.json (Caused by NameResolutionError(""HTTPSConnection(host='cwwp2.dot.ca.gov', port=443): Failed to resolve 'cwwp2.dot.ca.gov' ([Errno -3] Temporary failure in name resolution)""))",,
2427,caltrans_cwwp2_cc_d09,2026-07-27 11:49:09.877781+00,2026-07-27 11:49:15.504128+00,success,127,127,0,,c02136275b42fe32559ba3d911b9405ddb77db12854d5e4f6d8e38ac5b36b753,200
2428,nws_alerts,2026-07-27 11:50:08.144677+00,2026-07-27 11:50:10.516045+00,success,383,383,0,,b8bada0093ce32b116c5ef2a69c2feb5fba441c4c4278bda5c8f1453946c6033,200
2429,caltrans_cwwp2_cc_d02,2026-07-27 11:51:07.841436+00,2026-07-27 11:51:15.614765+00,success,208,208,0,,6d384431bbe7691cdf309486ded6675e5279534af856a252e7ab4c0f5ce2d31a,200
2430,wzdx_az,2026-07-27 11:51:16.048471+00,2026-07-27 11:51:25.053657+00,success,3172,3172,0,,4955efb1151b4f042088d843e16211036f96d790327b9916a6134c7bfd8e904b,200
2431,caltrans_cwwp2_cc_d03,2026-07-27 11:52:06.356643+00,2026-07-27 11:52:13.216115+00,success,230,230,0,,ae6b225f28b4f1db2ad6d73466b0a6f9d13a23e1017d6c04785df4da2bb89f5f,200
2432,wzdx_mn,2026-07-27 11:53:06.421595+00,2026-07-27 11:53:12.58167+00,success,662,662,0,,a920792c92188d7c7bc79deb57253fd78331e4a260ecbae573fd1f47b81f0670,200
2433,wzdx_ks,2026-07-27 11:54:07.090358+00,2026-07-27 11:54:17.913422+00,success,449,449,0,,fba560f83bc349e557229f7cbd1040c80a3454e5ca600c94f159d278f678f834,200
2467,wzdx_wa,2026-07-27 11:57:09.105499+00,2026-07-27 11:57:12.898677+00,skipped_unchanged,,,,payload hash unchanged,19604b75c6c9bffecd0d43a56a750af1763e590edbf17754522c052fcbd25e22,200
2475,nws_alerts,2026-07-27 12:01:08.6979+00,2026-07-27 12:01:12.213338+00,success,381,381,0,,b643015b9bed2d8c9df4e5094084c35e2eb56c7cae487faac190c92db914acb7,200
2476,caltrans_cwwp2_cc_d09,2026-07-27 12:05:10.063729+00,2026-07-27 12:05:15.82802+00,success,127,127,0,,bd5d74f8053d09383bf647016f182cfceffbb9b815e72da9e52a1ba1a2dabd00,200
2477,caltrans_cwwp2_cc_d02,2026-07-27 12:07:10.227406+00,2026-07-27 12:07:17.321441+00,success,208,208,0,,0ff471fec68f9162dbdf4b102d00dd13422f230d73e1f1cdb4b01de17b100755,200
2478,wzdx_az,2026-07-27 12:07:17.970468+00,2026-07-27 12:07:29.986156+00,success,3252,3252,0,,714b6255a8e89b795fa53dd121e5cf13386daab66a53916a9a353f3d8d50d2cf,200
2479,caltrans_cwwp2_cc_d03,2026-07-27 12:08:06.523081+00,2026-07-27 12:08:14.79115+00,success,230,230,0,,606bf402651163ca82579262bd95d6b1446520ef149d85aff0b7f75e1059bee4,200
2480,route_rebuild,2026-07-27 12:08:16.683117+00,2026-07-27 12:08:16.851307+00,failed,,,,"route graph failed (exit 1): psql: error: /tmp/route-rebuild-kk165plt/route_graph.sql: No such file or directory
",,
2481,wzdx_mn,2026-07-27 12:09:09.09714+00,2026-07-27 12:09:28.054126+00,success,660,660,0,,ffc6e4c07c3b1d6cae89c4e1d7bb09643528877497ff731757e3135497d8b61a,200
2482,wzdx_ks,2026-07-27 12:10:10.085958+00,2026-07-27 12:10:22.257325+00,success,449,449,0,,1aee8a2ac2ec6ac69415c49a92107c3ee655c575878ff29facee66d9784fccde,200
2483,nws_alerts,2026-07-27 12:12:05.83307+00,2026-07-27 12:12:07.687362+00,success,386,386,0,,ab00758e7011cf13254deab50095760079c7dddc5578d958167c8eeade2945cc,200
2484,route_rebuild,2026-07-27 12:12:21.488587+00,2026-07-27 12:12:22.32471+00,failed,,,,"route graph failed (exit 3): ERROR:  cannot drop table route.edges because other objects depend on it
DETAIL:  materialized view route.mainland_edges depends on table route.edges
HINT:  Use DROP ... CASCADE to drop the dependent objects too.
",,
2485,wzdx_wa,2026-07-27 12:13:10.199684+00,2026-07-27 12:13:15.512797+00,success,572,551,21,,3713a2880b23306dcd19b2cac790a9c8518a30df2181825bd459f5a1841e0a19,200
2486,route_rebuild,2026-07-27 12:13:15.222444+00,2026-07-27 12:36:51.341467+00,success,,460308,,"rebuilt in 23.6 min; route.edges=460,308 route.nodes=455,414; steps=route graph,noding,components,snap index,edge limits,viewer geometry",,
2487,caltrans_cwwp2_cc_d09,2026-07-27 12:22:14.647798+00,2026-07-27 12:23:37.499179+00,success,127,127,0,,28989a710d43956e50a77dfc3fc7ae85668653ab6f853c09ef1ab1098dfe8f16,200
2488,wzdx_az,2026-07-27 12:23:52.01193+00,2026-07-27 12:26:17.551297+00,success,3139,3139,0,,c8b14078509296b830dde052e0768b71d4c706f0803e2c8718ed8d48c65dfc4b,200
2489,caltrans_cwwp2_cc_d02,2026-07-27 12:26:24.198866+00,2026-07-27 12:26:38.207184+00,success,208,208,0,,5a5781f1d337764c9c3e085460a148a1e44620001840801255ae9fc47f7e3d26,200
2490,caltrans_cwwp2_cc_d03,2026-07-27 12:26:44.575174+00,2026-07-27 12:26:54.426435+00,success,230,230,0,,873252d7d970c3ca722eb5c393aadedaf87fc4f4405e089843a5d62260ed7171,200
2491,nws_alerts,2026-07-27 12:26:55.725314+00,2026-07-27 12:27:02.361614+00,success,387,387,0,,86b3016ecd797fb44c18509bec45ab87802d52afb7d5f3f1251834ad661f4b87,200
2492,wzdx_mn,2026-07-27 12:27:03.695303+00,2026-07-27 12:27:13.551357+00,success,660,660,0,,3db4d21ec912cdc622c7e0b6d0112c42e038a2374a900af8e35b475192e5da16,200
2493,wzdx_ks,2026-07-27 12:27:14.285322+00,2026-07-27 12:27:32.749781+00,success,449,449,0,,b46751efc7eaba7b736ff7df155e8bb5b76b7e6520cccf1cadab3a70d9964ff1,200
2494,wzdx_wa,2026-07-27 12:29:08.606053+00,2026-07-27 12:29:12.194519+00,skipped_unchanged,,,,payload hash unchanged,3713a2880b23306dcd19b2cac790a9c8518a30df2181825bd459f5a1841e0a19,200
2495,nws_alerts,2026-07-27 12:37:10.033349+00,2026-07-27 12:37:11.604538+00,success,378,378,0,,3a90d77527bfa5290d9e1d7d858dc764740a878dae67443e75345b6c81908440,200
2496,caltrans_cwwp2_cc_d09,2026-07-27 12:38:08.905085+00,2026-07-27 12:38:14.605911+00,success,127,127,0,,d5d3649f97299cbfc1fc0d8896bf3c06018f2efe5b04b04c9ecb03ff32dada4a,200
2497,wzdx_az,2026-07-27 12:39:06.680868+00,2026-07-27 12:39:16.265615+00,success,3218,3218,0,,937530df49424b9292d85b9687df2d619a87f684612726c12f7ae5edac8fd839,200
2498,caltrans_cwwp2_cc_d02,2026-07-27 12:42:07.636693+00,2026-07-27 12:42:25.443423+00,success,208,208,0,,e3aa43021690cc063e23760aaece1a1ce954f8fe58e4a010670e838c005e186b,200
2499,caltrans_cwwp2_cc_d03,2026-07-27 12:42:25.869569+00,2026-07-27 12:42:30.372259+00,success,230,230,0,,8b3b9bd5ff7290b1892fb1f03ab83df6a3622ab5105fb2f2eb4f7ef3fe3ae91f,200
2500,wzdx_mn,2026-07-27 12:42:30.750432+00,2026-07-27 12:42:37.990279+00,success,660,660,0,,48e11deeb36398324c04bc1b9988c635ab314c2409fbd921b599f53e750dcebf,200
2501,wzdx_ks,2026-07-27 12:43:04.067503+00,2026-07-27 12:43:16.696064+00,success,449,449,0,,70065100444feb279358afa74050c9d4e22ff69d826773eb6c9a036690892b8b,200
2502,wzdx_wa,2026-07-27 12:45:09.791781+00,2026-07-27 12:45:20.792011+00,skipped_unchanged,,,,payload hash unchanged,3713a2880b23306dcd19b2cac790a9c8518a30df2181825bd459f5a1841e0a19,200
2503,caltrans_cwwp2_cc_d02,2026-07-27 13:33:59.575918+00,2026-07-27 13:42:41.291673+00,failed,,,,"HTTPSConnectionPool(host='cwwp2.dot.ca.gov', port=443): Max retries exceeded with url: /data/d2/cc/ccStatusD02.json (Caused by NameResolutionError(""HTTPSConnection(host='cwwp2.dot.ca.gov', port=443): Failed to resolve 'cwwp2.dot.ca.gov' ([Errno -3] Temporary failure in name resolution)""))",,
2504,caltrans_cwwp2_cc_d03,2026-07-27 13:42:41.64204+00,2026-07-27 13:43:01.786119+00,failed,,,,"HTTPSConnectionPool(host='cwwp2.dot.ca.gov', port=443): Max retries exceeded with url: /data/d3/cc/ccStatusD03.json (Caused by NameResolutionError(""HTTPSConnection(host='cwwp2.dot.ca.gov', port=443): Failed to resolve 'cwwp2.dot.ca.gov' ([Errno -3] Temporary failure in name resolution)""))",,
2505,caltrans_cwwp2_cc_d09,2026-07-27 13:43:02.286215+00,2026-07-27 13:43:32.427758+00,failed,,,,"HTTPSConnectionPool(host='cwwp2.dot.ca.gov', port=443): Max retries exceeded with url: /data/d9/cc/ccStatusD09.json (Caused by NameResolutionError(""HTTPSConnection(host='cwwp2.dot.ca.gov', port=443): Failed to resolve 'cwwp2.dot.ca.gov' ([Errno -3] Temporary failure in name resolution)""))",,
2506,wzdx_wa,2026-07-27 13:43:32.722723+00,2026-07-27 13:43:52.90837+00,failed,,,,"HTTPSConnectionPool(host='wzdx.wsdot.wa.gov', port=443): Max retries exceeded with url: /api/v4/WorkZoneFeed (Caused by NameResolutionError(""HTTPSConnection(host='wzdx.wsdot.wa.gov', port=443): Failed to resolve 'wzdx.wsdot.wa.gov' ([Errno -3] Temporary failure in name resolution)""))",,
2507,nws_alerts,2026-07-27 13:43:53.34484+00,2026-07-27 13:45:11.603839+00,failed,,,,"HTTPSConnectionPool(host='api.weather.gov', port=443): Max retries exceeded with url: /alerts/active (Caused by NameResolutionError(""HTTPSConnection(host='api.weather.gov', port=443): Failed to resolve 'api.weather.gov' ([Errno -3] Temporary failure in name resolution)""))",,
2508,eia_diesel,2026-07-27 13:45:12.000002+00,2026-07-27 13:45:32.255483+00,failed,,,,"HTTPSConnectionPool(host='api.eia.gov', port=443): Max retries exceeded with url: /v2/petroleum/pri/gnd/data/?frequency=weekly&data%5B0%5D=value&facets%5Bproduct%5D%5B%5D=EPD2D&length=5000&api_key=REDACTED&offset=0 (Caused by NameResolutionError(""HTTPSConnection(host='api.eia.gov', port=443): Failed to resolve 'api.eia.gov' ([Errno -3] Temporary failure in name resolution)""))",,
2509,ntad_parking,2026-07-27 13:45:32.622585+00,2026-07-27 13:46:16.840697+00,failed,,,,"HTTPSConnectionPool(host='services.arcgis.com', port=443): Max retries exceeded with url: /xOi1kZaI0eWDREZv/arcgis/rest/services/NTAD_Truck_Stop_Parking/FeatureServer/0?f=json (Caused by NameResolutionError(""HTTPSConnection(host='services.arcgis.com', port=443): Failed to resolve 'services.arcgis.com' ([Errno -3] Temporary failure in name resolution)""))",,
2510,wzdx_az,2026-07-27 13:46:17.226419+00,2026-07-27 13:46:37.395821+00,failed,,,,"HTTPSConnectionPool(host='az511.com', port=443): Max retries exceeded with url: /api/wzdx (Caused by NameResolutionError(""HTTPSConnection(host='az511.com', port=443): Failed to resolve 'az511.com' ([Errno -3] Temporary failure in name resolution)""))",,
2511,wzdx_ks,2026-07-27 13:46:37.575497+00,2026-07-27 13:46:57.690518+00,failed,,,,"HTTPSConnectionPool(host='ks.carsprogram.org', port=443): Max retries exceeded with url: /carsapi_v1/api/wzdx (Caused by NameResolutionError(""HTTPSConnection(host='ks.carsprogram.org', port=443): Failed to resolve 'ks.carsprogram.org' ([Errno -3] Temporary failure in name resolution)""))",,
2512,wzdx_mn,2026-07-27 13:46:58.056216+00,2026-07-27 13:47:18.229776+00,failed,,,,"HTTPSConnectionPool(host='mn.carsprogram.org', port=443): Max retries exceeded with url: /carsapi_v1/api/wzdx (Caused by NameResolutionError(""HTTPSConnection(host='mn.carsprogram.org', port=443): Failed to resolve 'mn.carsprogram.org' ([Errno -3] Temporary failure in name resolution)""))",,
2513,caltrans_cwwp2_cc_d02,2026-07-27 13:47:18.539959+00,2026-07-27 13:47:38.663448+00,failed,,,,"HTTPSConnectionPool(host='cwwp2.dot.ca.gov', port=443): Max retries exceeded with url: /data/d2/cc/ccStatusD02.json (Caused by NameResolutionError(""HTTPSConnection(host='cwwp2.dot.ca.gov', port=443): Failed to resolve 'cwwp2.dot.ca.gov' ([Errno -3] Temporary failure in name resolution)""))",,
2514,caltrans_cwwp2_cc_d02,2026-07-27 17:43:45.40054+00,2026-07-27 17:43:52.372308+00,success,208,208,0,,4abd015b6c0b94ea9ee9cef7e49ee5a3089417c2ba89e0a47569b62c3874caaf,200
2515,caltrans_cwwp2_cc_d03,2026-07-27 17:43:52.641853+00,2026-07-27 17:43:59.602879+00,success,230,230,0,,aee826da73eba2f498f73a7e80125b033acedab3ae7d8a306494574baf45606f,200
2516,caltrans_cwwp2_cc_d09,2026-07-27 17:44:00.096271+00,2026-07-27 17:44:04.504724+00,success,127,127,0,,1b02f70714c1133082f7670d48a226b4fe07275b920c48e519bbe3138c235305,200
2517,eia_diesel,2026-07-27 17:44:04.955019+00,2026-07-27 17:44:09.553764+00,failed,,,,"403 from api.eia.gov — a refusal is final, not retrying",,
2518,ntad_parking,2026-07-27 17:44:09.956325+00,2026-07-27 17:44:14.994858+00,skipped_unchanged,,,,payload hash unchanged,0d4da7c7b6334a8f777d341d77f207727671c46ed5d25cbba3b89469eded8c2a,200
2519,nws_alerts,2026-07-27 17:44:15.293786+00,2026-07-27 17:44:17.732838+00,success,429,427,2,,57f57a77f71383301fa3bac2582064ee113a80b123e92ec7a7bb9af03ecc55ce,200
2520,wzdx_az,2026-07-27 17:44:18.058431+00,2026-07-27 17:44:27.889916+00,success,3266,3266,0,,0b8a63e2da61d810823c978a9ca55ae664ee83498ed3c4699c918d98b8f7e742,200
2521,wzdx_ks,2026-07-27 17:44:28.278719+00,2026-07-27 17:44:48.34592+00,success,460,460,0,,2e36d6e6ac79a71c80ebb9f93ebe3fe6638cf37a82eaabc713a0a7da553ae32c,200
2522,wzdx_mn,2026-07-27 17:44:48.978624+00,2026-07-27 17:44:58.64096+00,success,691,691,0,,f1ffb9cc1c85dfc96f71991c84ec53422c4291771c10c3ba4404b56ee183aefc,200
2523,wzdx_wa,2026-07-27 17:44:58.77217+00,2026-07-27 17:45:02.852899+00,success,577,555,22,,3da3c56524e78aca4f7b445acef7bdbd2d1918048d9b5011d0c0e6fe3f68394a,200
2525,quality_rescore,2026-07-27 17:49:26.934983+00,2026-07-27 17:59:20.781627+00,success,,630290,,"gate4: bridges_closed_vs_clearance opened=0 closed=0 | rescored (changed rows): bridges=629710, tunnels=580, parking_sites=0",,
2557,eia_diesel,2026-07-27 17:59:22.101288+00,2026-07-27 17:59:44.725832+00,skipped_unchanged,,,,payload hash unchanged,7fbf2fa010aa1186c7ae54a5c9a9005b2dce4efe6930466cd560b5e4b009ac4c,200
2563,caltrans_cwwp2_cc_d02,2026-07-27 18:00:06.138892+00,2026-07-27 18:00:15.368921+00,success,208,208,0,,38923c2916fb90561ea8dfe0c7c9d466b1b66b455105b6f71ab06ba076e61635,200
2565,caltrans_cwwp2_cc_d03,2026-07-27 18:00:17.004542+00,2026-07-27 18:00:25.250048+00,success,230,230,0,,16fcf4c61e3c5a09dfa889a531d2dafdbb02c9766458d49fb837b82009a652d7,200
2567,caltrans_cwwp2_cc_d09,2026-07-27 18:00:27.299445+00,2026-07-27 18:00:32.997351+00,success,127,127,0,,17eb58ec872829b46bfe3c7d0cc3b45a89e031fae84285a5319852a8a676b809,200
2568,nws_alerts,2026-07-27 18:00:34.077503+00,2026-07-27 18:00:43.309643+00,success,414,412,2,,f31349c19a8b126f8626608f853f2bff5c39fadb4565b0bb5f27e985e68ab97a,200
2569,wzdx_az,2026-07-27 18:00:44.704683+00,2026-07-27 18:01:06.554363+00,success,3269,3269,0,,b143a43938238bf55148ae6c47ea3b9880e9733f39b5bceec28a619944fbcb84,200
2570,wzdx_ks,2026-07-27 18:01:10.284734+00,2026-07-27 18:01:38.703587+00,success,460,460,0,,702f490a030fcc6989cd622d4d1e66f43cea359b3c7f1edff8d267b676009276,200
2571,wzdx_mn,2026-07-27 18:01:42.858649+00,2026-07-27 18:01:48.596261+00,success,691,691,0,,cc9b4473ed74004b6217aeca4ef3a27959ed63a4b80461b552cfc7962385ebbe,200
2572,wzdx_wa,2026-07-27 18:01:49.026111+00,2026-07-27 18:01:56.885773+00,success,577,555,22,,a67eb2b2635da1bedcd3c95cedd4506310e583f5374df2b92c400244f906a774,200
2573,quality_nightly,2026-07-28 03:41:23.435308+00,2026-07-28 03:42:12.727467+00,success,,1885,,"gate4: bridges_closed_vs_clearance opened=0 closed=0 | rescored (changed rows): bridges=0, tunnels=0, parking_sites=0, live_events=1885",,
2574,osm_truck_repair_overpass,2026-07-28 03:41:23.586059+00,2026-07-28 03:42:18.370866+00,success,,763,,endpoint=https://overpass-api.de/api/interpreter; observed_at=2026-07-28T03:40:08Z (overpass osm3s.timestamp_osm_base); osm.truck_repair=763; elements=763 skipped_no_position=0; route_assigned=763,,
2575,aaa_daily,2026-07-28 03:41:23.76873+00,2026-07-28 03:41:24.676309+00,failed,,,,"ConnectionError: HTTPSConnectionPool(host='gasprices.aaa.com', port=443): Max retries exceeded with url: /state-gas-price-averages/ (Caused by NameResolutionError(""HTTPSConnection(host='gasprices.aaa.com', port=443): Failed to resolve 'gasprices.aaa.com' ([Errno -3] Temporary failure in name resolution)""))",,
2576,caltrans_cwwp2_cc_d02,2026-07-28 03:41:30.030714+00,2026-07-28 03:41:39.286024+00,success,208,208,0,,30b86a7e568c0cb4f9e4c417166ade58775fdba4bfa6bf1d3c468c8d8f9b8f64,200
2577,caltrans_cwwp2_cc_d03,2026-07-28 03:41:45.444603+00,2026-07-28 03:41:54.026759+00,success,230,230,0,,6f2e7768eb8b6930ec7d057bf56443468ea9884ffe8b53011a0f4b805d6179b6,200
2578,caltrans_cwwp2_cc_d09,2026-07-28 03:41:59.591937+00,2026-07-28 03:42:06.758894+00,success,127,127,0,,deb353555ac2a98a6780a3220cc20e571eaa678e4286ba8eaeed8eda810ab636,200
2579,nws_alerts,2026-07-28 03:42:14.311461+00,2026-07-28 03:42:22.252497+00,success,338,338,0,,43a2e5859ee53edc8832d2154306a8be7414131abd0c03658e06dd444506a961,200
2580,wzdx_az,2026-07-28 03:42:26.747627+00,2026-07-28 03:42:54.791554+00,success,3249,3249,0,,a7c296795942668ff06861c883bf5861b2a9b9061df45ed1e81597710b8960b5,200
2581,wzdx_ks,2026-07-28 03:42:57.93541+00,2026-07-28 03:43:19.026443+00,success,454,454,0,,4c4280c84ae51a55081f3960db056f5f6050c6ba4cec33812ce786ae3fc2b464,200
2582,wzdx_mn,2026-07-28 03:43:22.442981+00,2026-07-28 03:43:32.894357+00,success,671,671,0,,f74a74f505fd12fc49587cda915702bf1062da0a0588eb0bc47aaeb8a3d8a3a5,200
2583,wzdx_wa,2026-07-28 03:43:40.68514+00,2026-07-28 03:44:05.612074+00,success,577,555,22,,eb69d37188929adcde19cf6345015da3b44250af98cda07c19581c3179289339,200
2589,nws_alerts,2026-07-28 03:53:01.613316+00,2026-07-28 03:53:04.165433+00,success,330,330,0,,b6a68b6049bcf34d0528d1fd69fedc7bb77462370708c1abcb632b4a34cebce3,200
2590,caltrans_cwwp2_cc_d02,2026-07-28 03:57:03.234901+00,2026-07-28 03:57:11.336535+00,success,208,208,0,,c2937961a1f90a3a8bc7f72dba6273f9648b5c7a4927df5b35920dbc1270f1d3,200
2591,caltrans_cwwp2_cc_d03,2026-07-28 03:57:12.468736+00,2026-07-28 03:57:20.750786+00,success,230,230,0,,41e19b8c07b0653bf94f210e3a0983cb97317730eaf44fa1ef9ce8abe6530101,200
2592,caltrans_cwwp2_cc_d09,2026-07-28 03:57:21.773132+00,2026-07-28 03:57:27.596397+00,success,127,127,0,,8310d3c6a644bf7cac64947d31413f7f183ff337c829d932dc9451bb067b714c,200
2593,wzdx_az,2026-07-28 03:58:04.581766+00,2026-07-28 03:58:16.609959+00,success,3249,3249,0,,27a38359ef68387c236a742419c2690b06b97ae09adebdcdb6d860cd294b78ea,200
2594,wzdx_ks,2026-07-28 03:58:17.145914+00,2026-07-28 03:58:30.201232+00,success,454,454,0,,9021052126ea46e96e27dad2b958c5d997555cb008b3b898d2ccccc8c0f689c5,200
2595,wzdx_mn,2026-07-28 03:59:02.644167+00,2026-07-28 03:59:09.904836+00,success,671,671,0,,e6ec3d223610cfb8aa0083a3d18b90d8f6d2475dd25900567577aa762034d666,200
2596,wzdx_wa,2026-07-28 03:59:12.843087+00,2026-07-28 03:59:16.890176+00,skipped_unchanged,,,,payload hash unchanged,eb69d37188929adcde19cf6345015da3b44250af98cda07c19581c3179289339,200
2597,nws_alerts,2026-07-28 04:03:10.12737+00,2026-07-28 04:03:12.502178+00,success,323,323,0,,1266025683aeefdd2a1f0df7c3f68bcd59dc6c1010440d656d7a4f35ccb1952e,200
2648,caltrans_cwwp2_cc_d02,2026-07-28 04:12:09.06824+00,2026-07-28 04:12:17.129684+00,success,208,208,0,,04a25d90de128a1f9e866157559c02b835ad97d25de3fbdeb9398b886d9e2e9e,200
2658,caltrans_cwwp2_cc_d03,2026-07-28 04:13:09.032581+00,2026-07-28 04:13:42.731661+00,success,230,230,0,,38f9d321afcb5de3370124adea94e4cd3d27bfd899d9a6f3274b81d54cbcd303,200
2659,caltrans_cwwp2_cc_d09,2026-07-28 04:14:13.676326+00,2026-07-28 04:14:21.908894+00,success,127,127,0,,060dfbaa7e08ebb0a461eef9697d7913c13c2ee4f9b51824e9aa5601aa6af535,200
2660,wzdx_az,2026-07-28 04:14:23.697633+00,2026-07-28 04:14:48.517334+00,success,3253,3253,0,,1d2204f7711524a5dbe81f1a8262ad59706475491ee8412a1f032942d412abb5,200
2661,nws_alerts,2026-07-28 04:14:49.181153+00,2026-07-28 04:14:53.53749+00,success,328,328,0,,b0beb20cd5712c7b22e5f4975a9abd167c03134f03384fba842183b860f146cd,200
2664,wzdx_ks,2026-07-28 04:14:54.48893+00,2026-07-28 04:15:13.513563+00,success,454,454,0,,10dc70bfad608f50e147e5228c912312134f774e20d34cee08b28946e7f8c4d2,200
2670,wzdx_mn,2026-07-28 04:15:14.1524+00,2026-07-28 04:16:06.44854+00,success,671,671,0,,b17541a57309577a0eb60da45b01891915003b46d0440aadcc933b53832a6e25,200
2672,wzdx_wa,2026-07-28 04:16:07.722095+00,2026-07-28 04:16:18.413549+00,success,577,555,22,,c279a360717a688d0be522142c85301f0eb26d51adf1d3f3bb3d70ffa6302d08,200
2674,aaa_daily,2026-07-28 04:22:01.679631+00,2026-07-28 04:22:02.77575+00,success,,51,,,,
2675,nws_alerts,2026-07-28 04:25:06.653305+00,2026-07-28 04:25:09.725123+00,success,323,323,0,,fbcb7a470fb0876438b19a01483c7dd21cf8e74ed478107828941eab06dfb601,200
2676,caltrans_cwwp2_cc_d02,2026-07-28 04:28:06.576174+00,2026-07-28 04:28:14.507514+00,success,208,208,0,,2a99e82641af648e1da4e4f63f51f985426787f50d70e4c5bf07068ccdc940b1,200
2677,caltrans_cwwp2_cc_d03,2026-07-28 04:29:07.567914+00,2026-07-28 04:29:14.599064+00,success,230,230,0,,bbc075e25a42d65527e7e500b49cfb72fb3f322c6b0fee628b62c9513fe6bf00,200
2678,caltrans_cwwp2_cc_d09,2026-07-28 04:30:06.680725+00,2026-07-28 04:30:12.200083+00,success,127,127,0,,ff495c4e39afb778b201e97457a1c5ef577e2d6e758fd7efdb7c26b4003ffcd7,200
2679,wzdx_az,2026-07-28 04:30:12.737964+00,2026-07-28 04:30:26.959347+00,success,3253,3253,0,,bca394d8de2589a49100a369f23ddb80b5c5f8fa4f84a234d858c361b6911423,200
2680,wzdx_ks,2026-07-28 04:30:27.533323+00,2026-07-28 04:30:42.349966+00,success,454,454,0,,be9f8bfe9775d459f4eb5faf6e3836212570d951553d2144c2b4bf539e2fcad7,200
2681,wzdx_mn,2026-07-28 04:31:08.476313+00,2026-07-28 04:32:10.211035+00,failed,,,,"HTTPSConnectionPool(host='mn.carsprogram.org', port=443): Read timed out. (read timeout=60.0)",,
2682,wzdx_wa,2026-07-28 04:32:10.608302+00,2026-07-28 04:32:16.362109+00,skipped_unchanged,,,,payload hash unchanged,c279a360717a688d0be522142c85301f0eb26d51adf1d3f3bb3d70ffa6302d08,200
2683,nws_alerts,2026-07-28 04:36:08.864664+00,2026-07-28 04:36:12.025768+00,success,318,318,0,,18d7568ee4cf86c763b54f4f038d0e9770bad5046aa74c4665b3edcb8fb6d256,200
2684,wzdx_mn,2026-07-28 04:37:09.156235+00,2026-07-28 04:38:10.678162+00,failed,,,,"HTTPSConnectionPool(host='mn.carsprogram.org', port=443): Read timed out. (read timeout=60.0)",,
2685,caltrans_cwwp2_cc_d02,2026-07-28 04:44:12.363475+00,2026-07-28 04:44:20.359626+00,success,208,208,0,,2e94d3e9ecd0e7bd9787d14ba53f2602e4fd4403d78d29d79450c176cf8b89a0,200
2686,caltrans_cwwp2_cc_d03,2026-07-28 04:44:24.170432+00,2026-07-28 04:44:32.783221+00,success,230,230,0,,573c55b6895d0828da5b9ba89297fe93e9e4a293198bcc11fc8a711e86af4b6a,200
2687,caltrans_cwwp2_cc_d09,2026-07-28 04:46:05.979685+00,2026-07-28 04:46:12.152441+00,success,127,127,0,,3a7f20b1f170ff81e956b81efde5bea364afac124ea65a1d56019582bc6db8dc,200
2688,wzdx_az,2026-07-28 04:46:12.54739+00,2026-07-28 04:46:23.105704+00,success,3253,3253,0,,88bfb5a9e9fbcf0f0a5f031dbeb9e43eada0694405f8fd725df4058390f6d1dd,200
2689,wzdx_ks,2026-07-28 04:46:23.544114+00,2026-07-28 04:46:37.319199+00,success,454,454,0,,b33d744c5b99068582ab2e5b7ec139b67a344241e0106642d91900b00b8a372f,200
2690,nws_alerts,2026-07-28 04:47:08.97694+00,2026-07-28 04:47:11.337457+00,success,319,319,0,,4444d6b6c483d232a75940527a21b8e1aae10e8d2d500f3644d6c9017d3e838f,200
2691,wzdx_mn,2026-07-28 04:48:08.761386+00,2026-07-28 04:49:10.360882+00,failed,,,,"HTTPSConnectionPool(host='mn.carsprogram.org', port=443): Read timed out. (read timeout=60.0)",,
2692,wzdx_wa,2026-07-28 04:49:11.106852+00,2026-07-28 04:49:16.852134+00,skipped_unchanged,,,,payload hash unchanged,c279a360717a688d0be522142c85301f0eb26d51adf1d3f3bb3d70ffa6302d08,200
2693,nws_alerts,2026-07-28 04:58:09.048668+00,2026-07-28 04:58:11.307127+00,success,322,322,0,,6e74e94663a417b336870b1fc6ec308a3f1be3b86cd744aaf4be4ed620562253,200
2694,caltrans_cwwp2_cc_d02,2026-07-28 05:00:05.40574+00,2026-07-28 05:00:12.678993+00,success,208,208,0,,bd1990674f8371de37d2611b4d789461ae2d2465fe0e3582ac84eb349fb19d06,200
2695,caltrans_cwwp2_cc_d03,2026-07-28 05:00:13.090316+00,2026-07-28 05:00:20.508383+00,success,230,230,0,,ca7d873cca765eafb83da9bd071bed02ac9291851d7cf66e773138f640bad489,200
2696,caltrans_cwwp2_cc_d09,2026-07-28 05:02:09.066864+00,2026-07-28 05:02:14.627984+00,success,127,127,0,,97c149a986795de0701fecbb0757011cb31934b3eae734bb6dc04f18a24f8492,200
2697,wzdx_az,2026-07-28 05:02:15.141492+00,2026-07-28 05:02:28.991172+00,success,3261,3261,0,,ede4c0cffa3071e1838f4c6df57b4a7ab2b2fde2875f99d309e0db6b4bccc56a,200
2698,wzdx_ks,2026-07-28 05:02:29.422962+00,2026-07-28 05:02:41.876747+00,success,452,452,0,,4178f4f16a325580276a74d3562cf3eb3e65f3e111e6261e6141ac95db211ed6,200
2699,wzdx_wa,2026-07-28 05:05:11.615656+00,2026-07-28 05:05:17.187553+00,success,577,555,22,,be1d7c59c0ee94ff0d019b2fbfe8a04ae7cce817b78ea49fac1043ec0da3cf1f,200
2700,nws_alerts,2026-07-28 05:09:09.520943+00,2026-07-28 05:09:12.71087+00,success,321,321,0,,6344fb3e9f2294516cbf786e7102123796b8600f886772816f16e4b186968fd4,200
2701,wzdx_mn,2026-07-28 05:09:13.080705+00,2026-07-28 05:09:19.202217+00,success,657,657,0,,65e9c88d1b7acf25482d0ea494271e082d50e64b6c2cdbc4c2d1e4bb7e5dd414,200
2702,caltrans_cwwp2_cc_d02,2026-07-28 05:16:07.069961+00,2026-07-28 05:16:14.488909+00,success,208,208,0,,ef6ba817db97919ebe740bee88f89ca0225ae912fb13de421822153fb1127fe9,200
2703,caltrans_cwwp2_cc_d03,2026-07-28 05:16:14.964489+00,2026-07-28 05:16:22.186205+00,success,230,230,0,,f46a5b5ca9b7f38f7f4895cc6c2e83049131b52b2d9c938044f80a0b1d6febd0,200
2704,caltrans_cwwp2_cc_d09,2026-07-28 05:18:06.277761+00,2026-07-28 05:18:11.924435+00,success,127,127,0,,93c0b01b6d6e87a96f6a1351d7af76c5d2e27bc37be83491fb6240941394de7b,200
2705,wzdx_az,2026-07-28 05:18:12.530283+00,2026-07-28 05:18:21.951477+00,success,3261,3261,0,,c5ddfa43186a591cccc186ef161dc8bafc9d91c7eeefc41d13d89a38861f2c21,200
2706,wzdx_ks,2026-07-28 05:18:22.637695+00,2026-07-28 05:18:35.365049+00,success,452,452,0,,bf3b863ae0e6852953f5debd3a7b7b881aa5b44606dbcf44c03da0c486ad548f,200
2707,nws_alerts,2026-07-28 05:20:10.051659+00,2026-07-28 05:20:15.638853+00,success,324,324,0,,eb47c8c2aa6686888810618c03bf65493e17eb22736874710d6dd2df73d80948,200
2708,wzdx_wa,2026-07-28 05:21:09.318188+00,2026-07-28 05:21:28.080142+00,skipped_unchanged,,,,payload hash unchanged,be1d7c59c0ee94ff0d019b2fbfe8a04ae7cce817b78ea49fac1043ec0da3cf1f,200
2709,wzdx_mn,2026-07-28 05:24:25.602873+00,2026-07-28 05:24:36.727277+00,success,659,659,0,,7782eea45d29709758ed172284d63721994a7af847e8444dcc1049cbe8ec4344,200
2710,nws_alerts,2026-07-28 05:30:27.915397+00,2026-07-28 05:30:39.564451+00,success,323,323,0,,f850b9f8c20f358978a1733c3f91cda1cea58e5ec18eafe60b847f0326bba98b,200
2711,caltrans_cwwp2_cc_d02,2026-07-28 05:31:33.766233+00,2026-07-28 05:31:44.091817+00,success,208,208,0,,5ba8d980d72097665ef41c9d56d8f7d8ff3447b13bef1c351849e1eab8eb1893,200
2712,caltrans_cwwp2_cc_d03,2026-07-28 05:31:50.468084+00,2026-07-28 05:32:00.975629+00,success,230,230,0,,a1cda1c22c15ecb3e8acd9a87caac33df683874cb672ef2d23fee63db1087d18,200
2713,caltrans_cwwp2_cc_d09,2026-07-28 05:34:08.899248+00,2026-07-28 05:34:14.522522+00,success,127,127,0,,b39d326c395bc8052f92dbbd324f8073b57c1a79c5254ec4cbee6d57a6456c8d,200
2714,wzdx_az,2026-07-28 05:34:14.913733+00,2026-07-28 05:34:22.902699+00,success,3261,3261,0,,605b65a95c2eef587b10cbd08b74f8d51168b9094ae3aaa50a5b60842e72fe25,200
2715,wzdx_ks,2026-07-28 05:34:23.111252+00,2026-07-28 05:34:33.361771+00,success,452,452,0,,f2e046fe33fec5f0474eda3ff8f6697e7e11ca6fc3a687b5a90075bee9777f7a,200
2716,wzdx_wa,2026-07-28 05:37:15.442663+00,2026-07-28 05:37:27.382054+00,skipped_unchanged,,,,payload hash unchanged,be1d7c59c0ee94ff0d019b2fbfe8a04ae7cce817b78ea49fac1043ec0da3cf1f,200
2717,wzdx_mn,2026-07-28 05:40:08.64229+00,2026-07-28 05:40:16.519941+00,success,657,657,0,,00273d7d5965d429b57c3f377893fd2ad07017533a1bc3de583153c59a4d59fb,200
2718,nws_alerts,2026-07-28 05:41:08.84943+00,2026-07-28 05:41:11.499674+00,success,326,326,0,,6fd3e60996abd7f61be711b9f2014dbacf122f87dfecf0b73ecaeefa2bdf8a05,200
2719,caltrans_cwwp2_cc_d02,2026-07-28 05:47:13.946348+00,2026-07-28 05:47:28.012144+00,success,208,208,0,,a7d1f2b01f78174ae9ac63fd037477220395dddb962c5ef84d079700e5a00fe8,200
2720,caltrans_cwwp2_cc_d03,2026-07-28 05:47:34.676797+00,2026-07-28 05:47:43.465454+00,success,230,230,0,,54b8d8f8a23155dc3815b8286165baa8b3e603ae2583ee0ba8a91ccddd64f8ac,200
2721,caltrans_cwwp2_cc_d09,2026-07-28 05:50:12.267983+00,2026-07-28 05:50:24.305813+00,success,127,127,0,,bd012518b9337f46be2df11f055ad6273e93206687e5960436ef65a10cdb8d82,200
2722,wzdx_az,2026-07-28 05:50:24.868141+00,2026-07-28 05:50:37.923339+00,success,3354,3354,0,,be6c54be7bc79d1eecc9e4d70b22205816613dcbc04634ff64aadf75ff87d902,200
2723,wzdx_ks,2026-07-28 05:50:38.803971+00,2026-07-28 05:50:50.701837+00,success,452,452,0,,8ca290f405005f96b1dc8eb05e99dee1755642dcc4ca5506b32e58c95c2b19ae,200
2724,nws_alerts,2026-07-28 05:52:15.141984+00,2026-07-28 05:52:23.011692+00,success,327,327,0,,b0ddfabbf41a8ec5eae872d86584848dcaef19df0745edfb9aca510218787570,200
2725,wzdx_wa,2026-07-28 05:53:29.899534+00,2026-07-28 05:53:34.855664+00,skipped_unchanged,,,,payload hash unchanged,be1d7c59c0ee94ff0d019b2fbfe8a04ae7cce817b78ea49fac1043ec0da3cf1f,200
2726,wzdx_mn,2026-07-28 05:55:25.631304+00,2026-07-28 05:55:35.434384+00,success,657,657,0,,ac37af97b78a3731bf3e2047fdb2bd31a68881646744a950a7a244c91024659a,200
2727,caltrans_cwwp2_cc_d02,2026-07-28 06:03:09.675174+00,2026-07-28 06:03:17.815256+00,success,208,208,0,,b2223bbbb7678d4b60c122e8d52d971fcdee4b826d2a798d4e36af8eab5539ff,200
2728,caltrans_cwwp2_cc_d03,2026-07-28 06:03:18.335403+00,2026-07-28 06:03:26.220521+00,success,230,230,0,,ea6bcc40c58dd66e873869c0b7abf2f99dd8cbdf31186d6708c695d4647a25d9,200
2729,nws_alerts,2026-07-28 06:03:26.762198+00,2026-07-28 06:03:29.297839+00,success,318,318,0,,83f91e32540f5fb1ae31cb682e709541c8e8dc6146f5c0e2a42699d089995603,200
2730,caltrans_cwwp2_cc_d09,2026-07-28 06:06:08.940183+00,2026-07-28 06:06:15.319246+00,success,127,127,0,,49e80e029e5d0f108f85db295a56d2f8c47d0c3fc51174428b7472023f29cbd4,200
2731,wzdx_az,2026-07-28 06:06:15.684547+00,2026-07-28 06:06:27.058282+00,success,3354,3354,0,,729fe9ce957dacf4bd07aa7d3360d773485dc82a61aa360335bdfc544becb0e6,200
2732,wzdx_ks,2026-07-28 06:06:27.33835+00,2026-07-28 06:06:47.65033+00,success,452,452,0,,8bdc960ef1f023253276997f4ed9f57a7818c31ff58d20febe52453fdd40158c,200
2733,wzdx_wa,2026-07-28 06:09:06.738002+00,2026-07-28 06:09:12.513799+00,success,577,555,22,,3f421f2b19912c6adf0ed642aa242b19fe432816318d8f56fbb1c5e4910e82cc,200
2734,wzdx_mn,2026-07-28 06:11:06.239084+00,2026-07-28 06:11:23.359804+00,success,657,657,0,,19df817b733786693be6fd3f7f711e27cc4017d1b83ebedb88b78e38ef65c92f,200
2735,nws_alerts,2026-07-28 06:14:08.869953+00,2026-07-28 06:14:11.800513+00,success,321,321,0,,f2c570ba753198c9b66217304203d595b648b4a86b0e9f9daba9f701324042f4,200
2736,caltrans_cwwp2_cc_d02,2026-07-28 06:19:10.088407+00,2026-07-28 06:19:17.914947+00,success,208,208,0,,66d0ca7017989c2c4151ac4ffda4da3eec6e85f2ccaaa63c752b4dc1f8714af2,200
2737,caltrans_cwwp2_cc_d03,2026-07-28 06:19:18.397057+00,2026-07-28 06:19:26.15209+00,success,230,230,0,,1a65e6e81ebfe00fe68d40c65b15653c5f9fdecb52074516eee5b0f71b5e2952,200
2738,caltrans_cwwp2_cc_d09,2026-07-28 06:22:05.822673+00,2026-07-28 06:22:11.793324+00,success,127,127,0,,409761de5f0d993dc1d1acab9bf6ccf450fc9c35f7265d3cfd4ec432e8a4fa24,200
2739,wzdx_az,2026-07-28 06:22:12.171128+00,2026-07-28 06:22:22.454713+00,success,3354,3354,0,,3c1da0cf0d4faa612947aa959296228af37b84991854ac19ab850978210ae437,200
2740,wzdx_ks,2026-07-28 06:22:23.035874+00,2026-07-28 06:22:39.139506+00,success,452,452,0,,681da7cb02d52322d45ac151e0c508371724b48259d27f23ab9f0a46a5d61d70,200
2741,nws_alerts,2026-07-28 06:25:08.398469+00,2026-07-28 06:25:10.036328+00,success,328,328,0,,ec47668e9b5c4dcd5744778ce6e74156cbe67fbc041858df4dc30c65aa20baa2,200
2742,wzdx_wa,2026-07-28 06:25:10.440001+00,2026-07-28 06:25:14.166397+00,skipped_unchanged,,,,payload hash unchanged,3f421f2b19912c6adf0ed642aa242b19fe432816318d8f56fbb1c5e4910e82cc,200
2743,wzdx_mn,2026-07-28 06:27:08.341508+00,2026-07-28 06:27:15.681581+00,success,657,657,0,,1a819021f3376339a8ccb6995d12ff7ea94fd871856c9f5da055a269732e39b8,200
2744,caltrans_cwwp2_cc_d02,2026-07-28 06:35:09.543269+00,2026-07-28 06:35:17.589199+00,success,208,208,0,,2abdbc5f66163eb9c9c0569887b752ea3217e667f7f7048f33695c69b43e103e,200
2745,caltrans_cwwp2_cc_d03,2026-07-28 06:35:18.026545+00,2026-07-28 06:35:25.197474+00,success,230,230,0,,c4511bcce4080cd409bdddf3a99cb6c88ca3d187ea054a3da25b1aaa08d493fb,200
2746,nws_alerts,2026-07-28 06:36:07.025132+00,2026-07-28 06:36:09.655143+00,success,327,327,0,,4f9316739e9a7c986e4830e1f2415e7c41d8b77f726764f878fcd8b57dbff8a0,200
2747,caltrans_cwwp2_cc_d09,2026-07-28 06:38:08.152417+00,2026-07-28 06:38:14.359088+00,success,127,127,0,,1d87879f70726050c4114d7b46dfe41b935ac010c802018473ac22239b4c6ae1,200
2748,wzdx_az,2026-07-28 06:38:14.835692+00,2026-07-28 06:38:28.137624+00,success,3354,3354,0,,643dc860db8e7cec68a878c7ce0a2277cd3441361b4a333beda0c4e889a6a5d9,200
2749,wzdx_ks,2026-07-28 06:38:28.496893+00,2026-07-28 06:38:49.26928+00,success,452,452,0,,d3a17328c314176c85bed9aea476644a82c0e268e2e24510e2eda68f5a076fef,200
2750,wzdx_wa,2026-07-28 06:41:08.655105+00,2026-07-28 06:41:13.461616+00,skipped_unchanged,,,,payload hash unchanged,3f421f2b19912c6adf0ed642aa242b19fe432816318d8f56fbb1c5e4910e82cc,200
2751,wzdx_mn,2026-07-28 06:43:06.790944+00,2026-07-28 06:43:14.518063+00,success,654,654,0,,4a17181d2cf9c8b1de0e11b323ed70a824058bb0e5f4e67db665d7a61aae96ea,200
2752,nws_alerts,2026-07-28 06:47:07.156234+00,2026-07-28 06:47:09.530964+00,success,328,328,0,,8f50ae793307ba48d39787cfa6232dc5f21b9758ed07c658a2cba58123e16d04,200
2753,caltrans_cwwp2_cc_d02,2026-07-28 06:51:06.660799+00,2026-07-28 06:51:13.913314+00,success,208,208,0,,eb7ac1cb4cf1eda942487a04c7ec7ef5027c63a8d8483e60115ef5a3093d8bde,200
2754,caltrans_cwwp2_cc_d03,2026-07-28 06:51:14.371348+00,2026-07-28 06:51:22.041438+00,success,230,230,0,,dfd7acb2dd2de709682843f49c2e6c3eaa7c6c35ff4aee97d62b5ade7117d2fd,200
2755,caltrans_cwwp2_cc_d09,2026-07-28 06:54:07.338314+00,2026-07-28 06:54:13.406272+00,success,127,127,0,,087fa4d7120fae1cfb9fff10834fc422a27362030ce5882ef7733010cce2791b,200
2756,wzdx_az,2026-07-28 06:54:14.02809+00,2026-07-28 06:54:26.63331+00,success,3354,3354,0,,35f0ac910f933e6e68e8c25d566d1b2b6feccbebab4daa8ccdf2d904f80c1b5c,200
2757,wzdx_ks,2026-07-28 06:54:27.01988+00,2026-07-28 06:54:39.81619+00,success,452,452,0,,b191181b0c9e34a28f52b27fa2adfbb712fa7172f1cb0fc10f07393dbe71f49e,200
2758,wzdx_wa,2026-07-28 06:57:09.530684+00,2026-07-28 06:57:14.986423+00,skipped_unchanged,,,,payload hash unchanged,3f421f2b19912c6adf0ed642aa242b19fe432816318d8f56fbb1c5e4910e82cc,200
2759,nws_alerts,2026-07-28 06:58:06.957205+00,2026-07-28 06:58:10.150304+00,success,333,333,0,,f196eadcff7aec48e08bc3f6db4a8cbabfd97711c588e1d991f27417b4027ae5,200
2760,wzdx_mn,2026-07-28 06:59:07.292567+00,2026-07-28 06:59:15.14482+00,success,656,656,0,,469fcc522dfa83d3cd92504873b4de00287434676d0a407600549a90ebf20549,200
2761,caltrans_cwwp2_cc_d02,2026-07-28 07:07:10.304077+00,2026-07-28 07:07:17.485223+00,success,208,208,0,,ca778b6d2e9d51c29809f96d8767f1feae0570f0b8284d2dffda4082457b5e29,200
2762,caltrans_cwwp2_cc_d03,2026-07-28 07:07:18.064236+00,2026-07-28 07:07:24.517183+00,success,230,230,0,,d472fb022108a2d925a131982671d5100941ec8f5adb64afd1f61af3d0e998d5,200
2763,nws_alerts,2026-07-28 07:09:07.979968+00,2026-07-28 07:09:11.126548+00,success,330,330,0,,a326ce4d3a05f136ea99be9baca0da07a91f0002427b3b0e91318e259b08b7d9,200
2764,caltrans_cwwp2_cc_d09,2026-07-28 07:10:08.515246+00,2026-07-28 07:10:14.592102+00,success,127,127,0,,641d4c4f8e15de9278cbb3b2a86f2c4642ad68364c50ee6d458e4fab4ad9a72b,200
2765,wzdx_az,2026-07-28 07:10:15.084968+00,2026-07-28 07:10:28.10386+00,success,3275,3275,0,,757bb3e1acb3d9bc9b5814b3d5b281b70443ff292eaf9fc501fcec2be4884977,200
2766,wzdx_ks,2026-07-28 07:10:28.584238+00,2026-07-28 07:10:43.876373+00,success,452,452,0,,d1566489e87ffcb6dc5ee81b91adfccb55363d9a8deab08ed49b6fb03a165532,200
2767,wzdx_wa,2026-07-28 07:13:08.411475+00,2026-07-28 07:13:14.926666+00,success,577,555,22,,d4863776bfd44ae7fd46dde8e43903c980b422826f0cc26b28c059485f766505,200
2768,wzdx_mn,2026-07-28 07:15:08.657613+00,2026-07-28 07:15:15.582959+00,success,658,658,0,,4762d9431346623084393cc2b2fa42e4489848b0f6a879c05ff5d551851e5c4c,200
2769,nws_alerts,2026-07-28 07:20:09.301072+00,2026-07-28 07:20:12.138574+00,success,327,327,0,,35bb68d97df162d01082d48baf493ef5f998b7a06b1ba7e1903fe04fe090c098,200
2770,caltrans_cwwp2_cc_d02,2026-07-28 07:23:07.749831+00,2026-07-28 07:23:15.43831+00,success,208,208,0,,ce65ef7a76b9906ab7a937f746135b2217b250ce63c9484a6da86fa84b06cb27,200
2771,caltrans_cwwp2_cc_d03,2026-07-28 07:23:15.930098+00,2026-07-28 07:23:23.055024+00,success,230,230,0,,6e5a1a10cde9f3ca3ce84e2d1939f6fd96a9cb3d7bda007b61ede8dfbb901fed,200
2772,caltrans_cwwp2_cc_d09,2026-07-28 07:26:08.961977+00,2026-07-28 07:26:14.257254+00,success,127,127,0,,2b9db0e5472702c19d8ddcb31fae12007081b7a9ec6c5480307c034eca621e87,200
2773,wzdx_az,2026-07-28 07:26:14.795191+00,2026-07-28 07:26:25.264275+00,success,3275,3275,0,,e70b84a0352d71725d5f25109981b0190b9b2233644a1c83d6319857f5be5c19,200
2774,wzdx_ks,2026-07-28 07:26:25.708192+00,2026-07-28 07:26:38.959232+00,success,452,452,0,,3ca23dafe47d406e29360a1707e9920813e41a3962d2e2cc48f17cef96c42681,200
2775,wzdx_wa,2026-07-28 07:29:08.548044+00,2026-07-28 07:29:12.749455+00,skipped_unchanged,,,,payload hash unchanged,d4863776bfd44ae7fd46dde8e43903c980b422826f0cc26b28c059485f766505,200
2776,nws_alerts,2026-07-28 07:31:05.73387+00,2026-07-28 07:31:08.077662+00,success,326,325,1,,95f2652d5de9adc65691e885c1def8c666252d6b32a261c810cbf62ab9cefeeb,200
2777,wzdx_mn,2026-07-28 07:31:08.464566+00,2026-07-28 07:31:15.225342+00,success,657,657,0,,c729bc5a08665bf9a7c0bae108c9fda9a5ff7c7ef192f30b99ad6988c1736310,200
2778,caltrans_cwwp2_cc_d02,2026-07-28 09:01:28.437486+00,2026-07-28 09:01:46.057402+00,success,208,208,0,,ae75ca81cb2f68f6223a01085b1209ed25a63d63925a13e4c31c47524b66957b,200
2779,caltrans_cwwp2_cc_d03,2026-07-28 09:01:46.639868+00,2026-07-28 09:01:54.210511+00,success,230,230,0,,6ca0388548b091aa6228fd0ac6b2892078f1dc78e30a99bf0372392f71c69e04,200
2780,caltrans_cwwp2_cc_d09,2026-07-28 09:01:55.257015+00,2026-07-28 09:02:00.874489+00,success,127,127,0,,69f4c10db80e7b3f7323c0d7443942a9140f778fd76beab4fd4c667770a1db2d,200
2781,nws_alerts,2026-07-28 09:02:01.621282+00,2026-07-28 09:02:04.513851+00,success,343,343,0,,779df9660a3543a4deece632371305d13205461a24427df890f847e46a567f12,200
2782,wzdx_az,2026-07-28 09:02:05.181985+00,2026-07-28 09:02:17.333971+00,success,3215,3215,0,,8470dcf4c7dd7df1c8bf67ce1999c235f34d5c124ee79e2b302fb3a69a3811e3,200
2783,wzdx_ks,2026-07-28 09:02:17.861702+00,2026-07-28 09:02:32.392679+00,success,452,452,0,,e1e8aee92a954bc57faec151804b5b29f1fd4df9e3d68e67794158a949e86552,200
2784,wzdx_mn,2026-07-28 09:02:33.033815+00,2026-07-28 09:02:39.994403+00,success,652,652,0,,2685eb938ce65646da29424f6632867480d9ca8591aa7be00b0318cf93463e69,200
2785,wzdx_wa,2026-07-28 09:02:42.292279+00,2026-07-28 09:02:48.765078+00,success,577,555,22,,de813dae7799d147aab5943c14fd91f21396205c1f6f65b6ccf000b41c03c3e3,200
2786,nws_alerts,2026-07-28 09:12:10.424877+00,2026-07-28 09:12:12.910817+00,success,344,344,0,,01b8555b6c010ef46256ac72dde6b01044db8679c46cc60da0332899f632c96f,200
2787,caltrans_cwwp2_cc_d03,2026-07-28 09:17:07.925476+00,2026-07-28 09:17:17.368717+00,success,230,230,0,,31ae83cb1e490f6cea3a1a055a9ad6feecdc0997a29ba8801a9939716edb9cd4,200
2788,caltrans_cwwp2_cc_d09,2026-07-28 09:17:17.827007+00,2026-07-28 09:17:22.979969+00,success,127,127,0,,2701899c4a7de5c9d9b7fcb76d95095709e6e255601b71d6ecfe16f5f2a1a427,200
2789,caltrans_cwwp2_cc_d02,2026-07-28 09:17:23.604831+00,2026-07-28 09:17:31.509965+00,success,208,208,0,,22feb3df7ccd877e1708f431b8eaae0d427d1a3a0805be9b6712cbd15ab35070,200
2790,wzdx_mn,2026-07-28 09:18:08.115105+00,2026-07-28 09:18:15.454886+00,success,654,654,0,,c6332c1b916c75b69134c8cf7c3826be97b2710351f15e6560891056c4ae288f,200
2791,wzdx_ks,2026-07-28 09:18:15.961239+00,2026-07-28 09:18:30.651407+00,success,452,452,0,,61256f54de4c57fdc2cf82d7a98d23864a5b4728549a998972e84c92b2305fc4,200
2792,wzdx_az,2026-07-28 09:18:31.171059+00,2026-07-28 09:18:41.371504+00,success,3215,3215,0,,eeb6bba4d910c0bf7f17ce9e85b7eecbaf9453bfd9753423366a82037193e9c1,200
2793,wzdx_wa,2026-07-28 09:18:41.679734+00,2026-07-28 09:18:45.970975+00,skipped_unchanged,,,,payload hash unchanged,de813dae7799d147aab5943c14fd91f21396205c1f6f65b6ccf000b41c03c3e3,200
2794,nws_alerts,2026-07-28 09:23:08.767462+00,2026-07-28 09:23:11.377029+00,success,344,344,0,,5dd700cf10abd0a28d06e5ac41216690762669256d81ba6219116ddd0ae9d48d,200
2795,caltrans_cwwp2_cc_d02,2026-07-28 09:33:10.60656+00,2026-07-28 09:33:18.298226+00,success,208,208,0,,b8a8fffc53c7fe91b455f615ba6149af7b01003bfbf12e30c9ebd429dc5b8d4b,200
2796,caltrans_cwwp2_cc_d03,2026-07-28 09:33:18.813105+00,2026-07-28 09:33:26.811257+00,success,230,230,0,,1c1c5cd6426f6d23208c52639298796e80d541900c309035acb8b57ac4e021a5,200
2797,caltrans_cwwp2_cc_d09,2026-07-28 09:33:27.242247+00,2026-07-28 09:33:32.836136+00,success,127,127,0,,dc0ac210e77d27c7ed89b846004a7547baf96a954f4172daac7242463b4f6db2,200
2798,wzdx_mn,2026-07-28 09:34:09.369327+00,2026-07-28 09:34:16.927346+00,success,653,653,0,,bce527001fb9a13afc60cde1c146ebbf4495ebbc388328b8644956587bdb8501,200
2799,nws_alerts,2026-07-28 09:34:17.389082+00,2026-07-28 09:34:19.684291+00,success,343,343,0,,0f2806495a5d20af05490068fb2fe759f076e50edb3f76af604bec9a5f32faf6,200
2800,wzdx_ks,2026-07-28 09:34:20.095537+00,2026-07-28 09:34:35.42123+00,success,452,452,0,,c73c19f3a33d06925489c5aa20a8529cd67cfed3a0ecfc2c5d5605b7f26be79a,200
2801,wzdx_az,2026-07-28 09:34:35.992815+00,2026-07-28 09:34:47.93369+00,success,3215,3215,0,,fdd98eed2a904777e81903bcfa146cc77f63059ef262fca37e48d280eeac2219,200
2802,wzdx_wa,2026-07-28 09:34:48.355366+00,2026-07-28 09:34:53.092639+00,skipped_unchanged,,,,payload hash unchanged,de813dae7799d147aab5943c14fd91f21396205c1f6f65b6ccf000b41c03c3e3,200
2803,nws_alerts,2026-07-28 09:45:05.352504+00,2026-07-28 09:45:07.697599+00,success,342,342,0,,d95ce00184bfadf6f5fda52f1ff79f590fb8b3420764dee10786afbf72091b90,200
2804,caltrans_cwwp2_cc_d03,2026-07-28 09:49:06.461116+00,2026-07-28 09:49:13.860699+00,success,230,230,0,,81bcbb682f23793d54b2161eaf9e244b3c9e6df25d7c70af18603aac05fd3b59,200
2805,caltrans_cwwp2_cc_d09,2026-07-28 09:49:14.272572+00,2026-07-28 09:49:19.45886+00,success,127,127,0,,4021e91b037e42cb8c4e2a32231956aed3e35d0f2c3fd8ae4c7f3a99424dfab5,200
2806,caltrans_cwwp2_cc_d02,2026-07-28 09:49:19.816501+00,2026-07-28 09:49:26.71349+00,success,208,208,0,,1a0eb9ae9e89869029aaeb49ac3c21ada7bdbd036015e6f20f00fd47721efbfd,200
2807,wzdx_mn,2026-07-28 09:50:08.30128+00,2026-07-28 09:50:14.768914+00,success,649,649,0,,111e1af6d8e3d89c408a6d63c2aca2bd800153aa9652ebe41e91ed91a4878723,200
2808,wzdx_ks,2026-07-28 09:50:15.088675+00,2026-07-28 09:50:26.98784+00,success,452,452,0,,36b8e3cb5e99b84ad47a8691be32e76bd62eed5ca9535edd5fdd6ffd0f217c5a,200
2809,wzdx_az,2026-07-28 09:50:27.27524+00,2026-07-28 09:50:36.803055+00,success,3215,3215,0,,958e37c59b2cf929b9c17a2da6b556913ca67abca3fc746560014f567b6ec3d1,200
2810,wzdx_wa,2026-07-28 09:50:37.093919+00,2026-07-28 09:50:48.40435+00,skipped_unchanged,,,,payload hash unchanged,de813dae7799d147aab5943c14fd91f21396205c1f6f65b6ccf000b41c03c3e3,200
2811,nws_alerts,2026-07-28 09:56:08.609153+00,2026-07-28 09:56:11.775765+00,success,342,342,0,,d9dde41ab2b7e2fe8731417f1c52c8b2dc591fcb200d68649c99c5ac7f347430,200
2812,caltrans_cwwp2_cc_d03,2026-07-28 10:05:08.048806+00,2026-07-28 10:05:16.732309+00,success,230,230,0,,cb4ec7de82adcdfed147096960b6113933f5404cf9be13c7815f55d92b486fdf,200
2813,caltrans_cwwp2_cc_d09,2026-07-28 10:05:17.245965+00,2026-07-28 10:05:23.317613+00,success,127,127,0,,8c26d3d22a5ff73d29172de32bf9f89e6ae178b072e85402138d704130011923,200
2814,caltrans_cwwp2_cc_d02,2026-07-28 10:05:23.735815+00,2026-07-28 10:05:31.209648+00,success,208,208,0,,5160b050dec5153d54df1e0f62e4fca461899bc09ef1f499b72c3443865c25e6,200
2815,wzdx_mn,2026-07-28 10:06:07.86056+00,2026-07-28 10:06:14.570961+00,success,650,650,0,,e3ae657ffb446a4e1625171f1331cc99aa20ebf6d686cb1f8d5eb41dd69223b8,200
2816,wzdx_ks,2026-07-28 10:06:15.049155+00,2026-07-28 10:06:28.807725+00,success,452,452,0,,dbe14365939578774b3a3a9140dad0e36f862a259e481c8eef89fdebd2835efb,200
2817,wzdx_az,2026-07-28 10:06:29.25663+00,2026-07-28 10:06:40.631273+00,success,3215,3215,0,,251c19dd17051420abb339126233ced8a7a6ae73e5033a49b14b186c445a1980,200
2818,wzdx_wa,2026-07-28 10:06:40.908558+00,2026-07-28 10:06:51.1941+00,success,577,555,22,,13cc2a83834a6b250de95185eff5cdf3ee4e5b5a69fb88725905c3aa5b60a737,200
2819,nws_alerts,2026-07-28 10:07:01.810217+00,2026-07-28 10:07:04.066993+00,success,338,338,0,,d0cb9e9b398ca64dea47c1f3f5f462115912bb89edb665ec09ad4abf24608d1b,200
2820,nws_alerts,2026-07-28 10:17:08.696428+00,2026-07-28 10:17:10.823021+00,success,304,304,0,,65616c6884be99033e002adb0afbd6d5b5fba9d4df96a066ced47cae2de5cc01,200
2821,caltrans_cwwp2_cc_d02,2026-07-28 10:21:08.266226+00,2026-07-28 10:21:15.590255+00,success,208,208,0,,6290fd51873be77e468d3f0b73c65008908f9a30f61a40654b5f5d6160565e67,200
2822,caltrans_cwwp2_cc_d03,2026-07-28 10:21:16.00389+00,2026-07-28 10:21:24.658796+00,success,230,230,0,,c3b321d4537b52e1a914a50a025ac23329029c93efd67756adce3635b80f826b,200
2823,caltrans_cwwp2_cc_d09,2026-07-28 10:21:25.099986+00,2026-07-28 10:21:30.762119+00,success,127,127,0,,80591c93f4a906be8e5014ed839ae4a4cc2403d6e11e1d0bc46233f266c8d908,200
2824,wzdx_az,2026-07-28 10:22:07.261005+00,2026-07-28 10:22:18.595885+00,success,3215,3215,0,,c4776ebe2ba99fb4d15458f5d9d8ca4785303061597872b95a818e6554002dc1,200
2825,wzdx_ks,2026-07-28 10:22:18.982777+00,2026-07-28 10:22:33.284775+00,success,452,452,0,,9d3c58d4672a604fa9444cdf2accc4bd90b9a60108051e03a66507f27a9b803c,200
2826,wzdx_mn,2026-07-28 10:22:33.680012+00,2026-07-28 10:22:40.437749+00,success,652,652,0,,5b7af96fd4eb6b78bbaca7021bb36d3ae8edc1fe8c4983a88c777db9cf2027db,200
2827,wzdx_wa,2026-07-28 10:22:40.795688+00,2026-07-28 10:23:13.85838+00,skipped_unchanged,,,,payload hash unchanged,13cc2a83834a6b250de95185eff5cdf3ee4e5b5a69fb88725905c3aa5b60a737,200
2828,nws_alerts,2026-07-28 10:28:08.027292+00,2026-07-28 10:28:10.628655+00,success,307,307,0,,e7253312bda876db945bbd3ed22a50675e2b272ea6a03affb7fe47ebcaa8b136,200
2829,caltrans_cwwp2_cc_d02,2026-07-28 10:37:08.572293+00,2026-07-28 10:37:16.22697+00,success,208,208,0,,51a831ed7802142c2b2d35d008b3d16655470fd8cd65fce3d7c97c9150680e58,200
2830,caltrans_cwwp2_cc_d03,2026-07-28 10:37:16.761176+00,2026-07-28 10:37:24.883697+00,success,230,230,0,,c9eccbdea028723e4745ce5eee66b17b5a798d4898f34222d87c3d499096a74d,200
2831,caltrans_cwwp2_cc_d09,2026-07-28 10:37:25.332964+00,2026-07-28 10:37:29.748946+00,success,127,127,0,,6471539665ae9721535999cfd17490f147a3a0456ab808443933cca9bbe88286,200
2832,wzdx_az,2026-07-28 10:38:06.215081+00,2026-07-28 10:38:16.441817+00,success,3215,3215,0,,a25ccaa4cda485bad991366bef5851ebad3030e0998c335f21dd98418515d921,200
2833,wzdx_ks,2026-07-28 10:38:16.839039+00,2026-07-28 10:38:32.252475+00,success,452,452,0,,db5c635f52027ed808d7b6c357885a2fd729af6beb601d2ec08eb1dc8c557ed7,200
2834,wzdx_mn,2026-07-28 10:38:32.677504+00,2026-07-28 10:38:39.896274+00,success,650,650,0,,7ce18088afb9c70a632c8463102693fc208c3343204e10c63819e7cc02cc5050,200
2835,wzdx_wa,2026-07-28 10:38:40.364946+00,2026-07-28 10:38:51.402363+00,skipped_unchanged,,,,payload hash unchanged,13cc2a83834a6b250de95185eff5cdf3ee4e5b5a69fb88725905c3aa5b60a737,200
2836,nws_alerts,2026-07-28 10:39:07.397127+00,2026-07-28 10:39:09.583631+00,success,305,305,0,,594a59c0063c5a15618f83e327ab41e23f0d2b95923aead2408abda8465725c0,200
2837,nws_alerts,2026-07-28 10:50:09.103699+00,2026-07-28 10:50:11.613009+00,success,305,305,0,,fe4a28c3d9321cc4fbccd566ee0f80a3f4354c354fc29a4a76aa6cfb78874053,200
2838,caltrans_cwwp2_cc_d02,2026-07-28 10:53:07.188918+00,2026-07-28 10:53:14.779018+00,success,208,208,0,,5ecda86126d300cf8ae708d50e3bff86478f483bb5dbb8071b78683aac13b02e,200
2839,caltrans_cwwp2_cc_d03,2026-07-28 10:53:15.263891+00,2026-07-28 10:53:23.381412+00,success,230,230,0,,fe46e833d511137db97a2b1507f347ccc415eecabbde850a1e2a080a327308a8,200
2840,caltrans_cwwp2_cc_d09,2026-07-28 10:53:23.67765+00,2026-07-28 10:53:30.232677+00,success,127,127,0,,d2e5c2a1d708f00a4aa6510358d37dbbf08021eaf0778f9fc0ed7bc8588a52f1,200
2841,wzdx_az,2026-07-28 10:54:06.416384+00,2026-07-28 10:54:17.707703+00,success,3215,3215,0,,0d7d0675b909b2eb27afd358ee3b8f3cf4798cbf7a851826cdbe502cd6094e73,200
2842,wzdx_ks,2026-07-28 10:54:18.162754+00,2026-07-28 10:54:32.951928+00,success,452,452,0,,6cb280c155c7893caa257fbd16c55eb5f617e0b0fdb588f4966be04df08e2b87,200
2843,wzdx_mn,2026-07-28 10:54:33.453773+00,2026-07-28 10:54:40.605319+00,success,648,648,0,,620022bd38545e07d3535c89157ca804db5cadcfc1f0683fd40d03ad42cca0db,200
2844,wzdx_wa,2026-07-28 10:54:41.093492+00,2026-07-28 10:54:45.012772+00,skipped_unchanged,,,,payload hash unchanged,13cc2a83834a6b250de95185eff5cdf3ee4e5b5a69fb88725905c3aa5b60a737,200
2845,nws_alerts,2026-07-28 11:01:06.977607+00,2026-07-28 11:01:09.423858+00,success,305,305,0,,7353d5da18e418506a2f9424a055de2d27d76b615e62941aeb2fa9dbbb045482,200
2846,caltrans_cwwp2_cc_d02,2026-07-28 11:09:05.767599+00,2026-07-28 11:09:13.764112+00,success,208,208,0,,e4bb45ead8bc863a17381edc6fde7611faf23c66f1ec5a0f1171283e6aa01f47,200
2847,caltrans_cwwp2_cc_d03,2026-07-28 11:09:14.223297+00,2026-07-28 11:09:21.947016+00,success,230,230,0,,31fb7fdb99c8d7a3a816790bf05e75e3a2724d520f00e8222d44a56470e72112,200
2848,caltrans_cwwp2_cc_d09,2026-07-28 11:09:22.418692+00,2026-07-28 11:09:29.967497+00,success,127,127,0,,3494ccf19f8165cdfe16d29f448e1826a37a4de60a89f8605031da77a5569732,200
2849,wzdx_az,2026-07-28 11:10:06.418522+00,2026-07-28 11:10:18.385519+00,success,3212,3212,0,,139b25379efa0ea69f58d75ebafb01f1b6d23a7ea3071941b1d834d8bb3a3a4a,200
2850,wzdx_ks,2026-07-28 11:10:18.853157+00,2026-07-28 11:10:32.902456+00,success,452,452,0,,76219340273f688fc4c6d06c8a3367e47d330f7e40a35b871dc6f79b185c711e,200
2851,wzdx_mn,2026-07-28 11:10:33.38876+00,2026-07-28 11:10:39.94996+00,success,646,646,0,,5df0a2cd3845f0cfc21c7933466988ca37ef2d8cce46fe23beda0e84a831fcb8,200
2852,wzdx_wa,2026-07-28 11:10:40.377256+00,2026-07-28 11:10:52.977091+00,success,577,555,22,,c8487e5ee7e47c7b35d6d46b4179990f4e8a68d5b1814567f2fba1da7be104ef,200
2853,nws_alerts,2026-07-28 11:12:05.535075+00,2026-07-28 11:12:08.016463+00,success,305,305,0,,027136ac670784194ff85c83fbf9fbbe6b478971a01eec94815ed8a51fcf529e,200
2854,nws_alerts,2026-07-28 11:23:09.880314+00,2026-07-28 11:23:11.937918+00,success,305,305,0,,7ff7e2290f9b397356e94c636f3504a7c408a20f4b6acb52f436627771400c14,200
2855,caltrans_cwwp2_cc_d02,2026-07-28 11:25:05.989187+00,2026-07-28 11:25:11.384306+00,success,208,208,0,,935464a8d962776a2f9d352a847f98fcbd034f69234d4a28298f8a6b4bf4a409,200
2856,caltrans_cwwp2_cc_d03,2026-07-28 11:25:11.858516+00,2026-07-28 11:25:18.472049+00,success,230,230,0,,26c73288d4cf543cb37183b2eb5214c02385ad12fb4e972ef6f110fcd4f8c86c,200
2857,caltrans_cwwp2_cc_d09,2026-07-28 11:25:18.958102+00,2026-07-28 11:25:24.36282+00,success,127,127,0,,4eb55ab331ba279103bd96b90856c9f576140190650069976574c59f8e170f04,200
2858,wzdx_az,2026-07-28 11:26:06.525639+00,2026-07-28 11:26:17.76902+00,success,3211,3211,0,,df39b1ba8d04fc145f55fcb1ced0bbf0327aa97dbc6bee8bc3e271fcce2e2ff5,200
2859,wzdx_ks,2026-07-28 11:26:18.170537+00,2026-07-28 11:26:34.307397+00,success,452,452,0,,bc44d724561d3ceb3f089283b7dd01ad76c9509be64dab79f5cfde5ad0096ea2,200
2860,wzdx_mn,2026-07-28 11:26:34.797401+00,2026-07-28 11:26:41.543234+00,success,644,644,0,,de0c7cf3e4b4e33b0c11d21f3dd29af27ce60f89cf44104172ca5166e16cc6d4,200
2861,wzdx_wa,2026-07-28 11:26:42.040008+00,2026-07-28 11:26:47.388183+00,skipped_unchanged,,,,payload hash unchanged,c8487e5ee7e47c7b35d6d46b4179990f4e8a68d5b1814567f2fba1da7be104ef,200
2862,nws_alerts,2026-07-28 11:34:05.681875+00,2026-07-28 11:34:08.29953+00,success,307,307,0,,b338fb9d47b70ba0ccc52b003d8aa4cbe1772ab14f865701a4515ac041502506,200
2863,caltrans_cwwp2_cc_d02,2026-07-28 11:41:05.837997+00,2026-07-28 11:41:13.996324+00,success,208,208,0,,1ed6ab29bab8c3e64856fa4bfc49afce3c6b81fe8c301f25cc39cb9f39a0026c,200
2864,caltrans_cwwp2_cc_d03,2026-07-28 11:41:14.486127+00,2026-07-28 11:41:21.344294+00,success,230,230,0,,45b20078e9e103ecf7754f5f80b936c9e0f364aa1f1308d8fa3d9a629dc3a97b,200
2865,caltrans_cwwp2_cc_d09,2026-07-28 11:41:21.879413+00,2026-07-28 11:41:27.856792+00,success,127,127,0,,e56ce14a2f899f82fb8920745b2ff4e28d4c48aad17f590f6b6e0fd903d4bb38,200
2866,wzdx_az,2026-07-28 11:42:09.58707+00,2026-07-28 11:42:21.850781+00,success,3211,3211,0,,682463b45471163203431b78f89b878dd170d26516ca6555acee06ef2ea6881c,200
2867,wzdx_ks,2026-07-28 11:42:22.222826+00,2026-07-28 11:42:38.019227+00,success,452,452,0,,a6a9b15ca9481fb214796ea2d138d1cc937819a717fcbf5612551334666511ee,200
2868,wzdx_mn,2026-07-28 11:42:38.566309+00,2026-07-28 11:42:47.090862+00,success,646,646,0,,52de41e62ac8c957afa8d34c4e8945991e3adcb9918574994920442e1b149a83,200
2869,wzdx_wa,2026-07-28 11:42:47.578032+00,2026-07-28 11:42:55.473111+00,skipped_unchanged,,,,payload hash unchanged,c8487e5ee7e47c7b35d6d46b4179990f4e8a68d5b1814567f2fba1da7be104ef,200
2870,nws_alerts,2026-07-28 11:45:09.924784+00,2026-07-28 11:45:12.106482+00,success,306,306,0,,2b8831a6bc710f9131953a92d8624da9bf0934188f9973dc23b951b89bc24d6f,200
2871,nws_alerts,2026-07-28 11:56:06.50382+00,2026-07-28 11:56:09.587908+00,success,313,313,0,,8b1956859db20152b30ba9e25ab41f26c76c95ea2fcb55b6db9b226301e6e7f8,200
2872,caltrans_cwwp2_cc_d02,2026-07-28 11:57:06.754933+00,2026-07-28 11:57:14.672965+00,success,208,208,0,,581c0301a406a59fed1535c6fcc25cd34ec11c1d17a2b667a1439885d3c1adc7,200
2873,caltrans_cwwp2_cc_d03,2026-07-28 11:57:15.205938+00,2026-07-28 11:57:22.960698+00,success,230,230,0,,ed1cd93fb35b14479201f28b3debab0000068d714336a5628c9999541f47bcb5,200
2874,caltrans_cwwp2_cc_d09,2026-07-28 11:57:23.513479+00,2026-07-28 11:57:29.194549+00,success,127,127,0,,f89d5463f794500e5385a333d0afc854c824f6d1d96acd7f5aaf10878feee235,200
2875,wzdx_az,2026-07-28 11:58:05.823962+00,2026-07-28 11:58:17.023955+00,success,3211,3211,0,,d6cf1ebe20e6bfe6eac43a60ed2961b5aae904e663d29dbbf8bd0db011ea0215,200
2876,wzdx_ks,2026-07-28 11:58:17.424181+00,2026-07-28 11:58:32.954064+00,success,452,452,0,,5e4d57029b4a5ee521473060227c4323e5edb492521f3bdb8daf5323b540dc57,200
2877,wzdx_mn,2026-07-28 11:58:33.672597+00,2026-07-28 11:58:51.94902+00,success,644,644,0,,5c53ad7267a5959a650c299dd465fd3894f9368a38ff33e04136fbd4a0cefed9,200
2878,wzdx_wa,2026-07-28 11:58:52.346672+00,2026-07-28 11:58:57.516451+00,skipped_unchanged,,,,payload hash unchanged,c8487e5ee7e47c7b35d6d46b4179990f4e8a68d5b1814567f2fba1da7be104ef,200
2879,nws_alerts,2026-07-28 12:07:07.26503+00,2026-07-28 12:07:09.648303+00,success,305,305,0,,67444e0f0cd2ecfd5fdb431b9faab7d3f598c3a017d7ac10d99120cc62909952,200
2880,caltrans_cwwp2_cc_d02,2026-07-28 12:13:06.364985+00,2026-07-28 12:13:14.157974+00,success,208,208,0,,d8ce2958b3938e7bd4634b1441b241fdc3a9c82859863c5329c53ffd55af5762,200
2881,caltrans_cwwp2_cc_d03,2026-07-28 12:13:14.727452+00,2026-07-28 12:13:22.836933+00,success,230,230,0,,617a119856fa33c9c0969c5554ab7448d56caf93aa0e60af5ca43ed39f2466ad,200
2882,caltrans_cwwp2_cc_d09,2026-07-28 12:13:23.296883+00,2026-07-28 12:13:28.490399+00,success,127,127,0,,567548fb0f0b54586ae88174c442ff54763fc81c8308857ff17fe45708c2b206,200
2883,wzdx_az,2026-07-28 12:14:10.154276+00,2026-07-28 12:14:21.120592+00,success,3211,3211,0,,9031a281465465e37cb47ab783cba931c2f8fad1420ed9d6ddb27b35e36c6dee,200
2884,wzdx_ks,2026-07-28 12:14:21.479977+00,2026-07-28 12:14:35.335688+00,success,452,452,0,,8b216279ce7f625de7452c82b1aa9a1286db996a5c1e95759f5101486a8f7432,200
2885,wzdx_mn,2026-07-28 12:14:35.821221+00,2026-07-28 12:14:51.653749+00,success,647,647,0,,992c56d02b01ec87425cf9d53c7830516e2d894743a52efa4322bd300514d415,200
2886,wzdx_wa,2026-07-28 12:14:52.046575+00,2026-07-28 12:14:57.168459+00,success,577,555,22,,e1c6a2d14dd4166f39df8092e8badb54d1165bed19b9f17b81808c0ff51998f4,200
2887,nws_alerts,2026-07-28 12:18:08.749082+00,2026-07-28 12:18:10.975125+00,success,304,304,0,,ca57370b46b77a4e8d73b062ce826600c4b9eb9de6a70d989846fa0cfdf38689,200
2888,caltrans_cwwp2_cc_d02,2026-07-28 12:29:10.553964+00,2026-07-28 12:29:19.331352+00,success,208,208,0,,6cbed3cec3ec39c557caff96fec908f3159384e4b0d77fd69755c3152a2187a5,200
2889,caltrans_cwwp2_cc_d03,2026-07-28 12:29:19.787192+00,2026-07-28 12:29:27.807733+00,success,230,230,0,,af1a50861dcd288d90c8f6953e28f7ea7ffd838cc3fcb8b3b25e1ae2fbd423d7,200
2890,caltrans_cwwp2_cc_d09,2026-07-28 12:29:28.279129+00,2026-07-28 12:29:34.496786+00,success,127,127,0,,4bb8373a702c696ed9d3df86926db8d085eed77de7850da6f7f4f11a6016c1f5,200
2891,nws_alerts,2026-07-28 12:29:34.987313+00,2026-07-28 12:29:37.409749+00,success,307,307,0,,b23753d38c94064da464abc7757ce8d2de2817d96393495fd86357af6aefe86d,200
2892,wzdx_az,2026-07-28 12:30:08.682998+00,2026-07-28 12:30:21.074344+00,success,3201,3201,0,,3115c3c7adb29dfac98c22fa650d6f836f848833b21d62436b61ca7978aed847,200
2893,wzdx_ks,2026-07-28 12:30:21.500636+00,2026-07-28 12:30:34.039845+00,success,452,452,0,,09b55b9bc78532f2f1dceb291915c849fd862717eb4ca1d337d760432ed4ed1f,200
2894,wzdx_mn,2026-07-28 12:30:34.483713+00,2026-07-28 12:31:15.108448+00,success,649,649,0,,1ac63c6fe9511e55bf00e8a11fea5d6582969cb62e6f000c6d8377a4ccd3a78b,200
2895,wzdx_wa,2026-07-28 12:31:15.539911+00,2026-07-28 12:31:29.351661+00,skipped_unchanged,,,,payload hash unchanged,e1c6a2d14dd4166f39df8092e8badb54d1165bed19b9f17b81808c0ff51998f4,200
2896,osm_truck_repair_overpass,2026-07-29 02:12:53.221083+00,2026-07-29 05:03:19.01616+00,failed,,,,every Overpass mirror was unavailable (3 tried); last error: HTTP Error 504: Gateway Timeout,,
2897,aaa_daily,2026-07-29 02:12:53.712037+00,2026-07-29 02:12:55.104247+00,failed,,,,"ConnectionError: HTTPSConnectionPool(host='gasprices.aaa.com', port=443): Max retries exceeded with url: /state-gas-price-averages/ (Caused by NameResolutionError(""HTTPSConnection(host='gasprices.aaa.com', port=443): Failed to resolve 'gasprices.aaa.com' ([Errno -3] Temporary failure in name resolution)""))",,
2898,quality_nightly,2026-07-29 02:12:53.832738+00,2026-07-29 02:13:24.801316+00,success,,460,,"gate4: bridges_closed_vs_clearance opened=0 closed=0 | rescored (changed rows): bridges=0, tunnels=0, parking_sites=0, live_events=460",,
2899,ntad_parking,2026-07-29 02:12:59.270732+00,2026-07-29 02:13:20.650537+00,failed,,,,"HTTPSConnectionPool(host='services.arcgis.com', port=443): Max retries exceeded with url: /xOi1kZaI0eWDREZv/arcgis/rest/services/NTAD_Truck_Stop_Parking/FeatureServer/0?f=json (Caused by NameResolutionError(""HTTPSConnection(host='services.arcgis.com', port=443): Failed to resolve 'services.arcgis.com' ([Errno -3] Temporary failure in name resolution)""))",,
2900,wzdx_mn,2026-07-29 02:13:22.846839+00,2026-07-29 02:15:26.010801+00,failed,,,,"HTTPSConnectionPool(host='mn.carsprogram.org', port=443): Max retries exceeded with url: /carsapi_v1/api/wzdx (Caused by NameResolutionError(""HTTPSConnection(host='mn.carsprogram.org', port=443): Failed to resolve 'mn.carsprogram.org' ([Errno -3] Temporary failure in name resolution)""))",,
2901,nws_alerts,2026-07-29 02:15:26.522952+00,2026-07-29 02:15:46.821121+00,failed,,,,"HTTPSConnectionPool(host='api.weather.gov', port=443): Max retries exceeded with url: /alerts/active (Caused by NameResolutionError(""HTTPSConnection(host='api.weather.gov', port=443): Failed to resolve 'api.weather.gov' ([Errno -3] Temporary failure in name resolution)""))",,
2902,wzdx_ks,2026-07-29 02:15:47.809871+00,2026-07-29 03:43:38.526669+00,failed,,,,"HTTPSConnectionPool(host='ks.carsprogram.org', port=443): Max retries exceeded with url: /carsapi_v1/api/wzdx (Caused by NameResolutionError(""HTTPSConnection(host='ks.carsprogram.org', port=443): Failed to resolve 'ks.carsprogram.org' ([Errno -3] Temporary failure in name resolution)""))",,
2903,caltrans_cwwp2_cc_d03,2026-07-29 03:43:39.466491+00,2026-07-29 03:44:52.418412+00,success,230,230,0,,eaafece3a4aba91a7f636c298c3a577c9e74304c091874596120823d430e4a6b,200
2904,caltrans_cwwp2_cc_d09,2026-07-29 03:44:52.867262+00,2026-07-29 03:44:58.446075+00,success,127,127,0,,ac135049af6373e4f40f5ca10608f2900dbc9f9c6e49b4b386dc4cf268ae6783,200
2905,eia_diesel,2026-07-29 03:44:59.248708+00,2026-07-29 03:45:29.587736+00,success,17089,17089,0,,ba729c2ea325e3e8c76b26f7f405db0287dc51fd70c2086b676b8599fff7e3ee,200
2906,caltrans_cwwp2_cc_d02,2026-07-29 03:45:30.454839+00,2026-07-29 04:50:52.256023+00,success,208,208,0,,6da4d5f62ec768ebe52c61160fee796bff014815cda84e03015202b5cbfc012e,200
2907,wzdx_az,2026-07-29 04:50:52.88668+00,2026-07-29 04:51:03.086981+00,success,3392,3392,0,,8250cda7f8979afa24c4dfb78e08a7dd48777fcc9e172765d999f8740b13df5f,200
2908,wzdx_wa,2026-07-29 04:51:03.800009+00,2026-07-29 04:51:13.086139+00,success,567,548,19,,962e19a08ba40e64b4f195c4729abb1db11fcc9fb6f389c0aa4e01f02ebe3fbd,200
2909,ntad_parking,2026-07-29 04:51:14.267174+00,2026-07-29 04:51:19.049769+00,skipped_unchanged,,,,payload hash unchanged,0d4da7c7b6334a8f777d341d77f207727671c46ed5d25cbba3b89469eded8c2a,200
2910,wzdx_mn,2026-07-29 04:51:23.69227+00,2026-07-29 04:51:31.769748+00,success,660,660,0,,a9b2476acaf2696f947a80f77d077b10f804952e6a6b47fe09f6e81218eba1c9,200
2911,nws_alerts,2026-07-29 04:51:32.219048+00,2026-07-29 04:51:34.277822+00,success,279,279,0,,0619f09e13857bac08de82f65d1b1d4740960dc7280c36a0018cd47710aa381a,200
2912,wzdx_ks,2026-07-29 04:51:34.864666+00,2026-07-29 04:51:51.176087+00,success,464,464,0,,63657bceba70f61d7c6b3049e40bac17a648c563dda22e20a5c0b61e619c747f,200
2913,caltrans_cwwp2_cc_d03,2026-07-29 04:51:51.716746+00,2026-07-29 04:51:59.287854+00,success,230,230,0,,6556c3622bf822a3eb370b83e9f2c4a03050466880c1629010c2bc30b944c17c,200
2914,caltrans_cwwp2_cc_d09,2026-07-29 04:52:01.943148+00,2026-07-29 04:52:08.524371+00,success,127,127,0,,41081379fecfc4225097ca62b348c18e40ae1644080f5da9c57eef9732956955,200
2915,caltrans_cwwp2_cc_d02,2026-07-29 04:52:09.758293+00,2026-07-29 04:52:17.968329+00,success,208,208,0,,7428117eb480855f0d0802f197b2f7eca19a2ce6fdf73d05875471580851917a,200
2916,nws_alerts,2026-07-29 05:02:01.601718+00,2026-07-29 05:02:03.945695+00,success,268,268,0,,86fffb8d8b8c629bf2fbbc0ee63b09abc379176c1926b5d444e5a1f5a2c463d2,200
2917,wzdx_az,2026-07-29 05:06:03.226587+00,2026-07-29 05:06:11.593466+00,success,3392,3392,0,,cda01ddeb8bc9a7dec865d7522275c4f0ce4ed6934fb1b8d4165180394999258,200
2918,wzdx_mn,2026-07-29 05:07:12.399694+00,2026-07-29 05:08:16.032165+00,failed,,,,"HTTPSConnectionPool(host='mn.carsprogram.org', port=443): Read timed out. (read timeout=60.0)",,
2919,wzdx_ks,2026-07-29 05:08:16.503379+00,2026-07-29 05:08:34.216232+00,success,464,464,0,,0f9fcd2b62103d2e48308729bef31ac766f23f2bf0dca3035fa5cc9af6b1a02c,200
2920,caltrans_cwwp2_cc_d03,2026-07-29 05:08:34.803476+00,2026-07-29 05:08:44.798022+00,success,230,230,0,,ebb63e8e788e5d80a1a77f7cb4952ed6e41d8f0a745f962ea286ffa0f137d991,200
2921,wzdx_wa,2026-07-29 05:08:45.311837+00,2026-07-29 05:08:52.594403+00,success,567,548,19,,bdc3dd057123938d26b6fb0ce58f973eb7e05875deb85741d8f5b301aeb75757,200
2922,caltrans_cwwp2_cc_d09,2026-07-29 05:08:52.976679+00,2026-07-29 05:08:58.382074+00,success,127,127,0,,e2fa7368617b68cefb3f24f1b2fa543c6ccf8241b8e55af1af76e970f0f769de,200
2923,caltrans_cwwp2_cc_d02,2026-07-29 05:08:58.877674+00,2026-07-29 05:09:06.470125+00,success,208,208,0,,b36a32a7d46d9a244e18a679b6ad2108e59a33c840dba8823497672888ded410,200
2924,wzdx_mn,2026-07-29 05:13:04.941027+00,2026-07-29 05:14:06.242485+00,failed,,,,"HTTPSConnectionPool(host='mn.carsprogram.org', port=443): Read timed out. (read timeout=60.0)",,
2925,nws_alerts,2026-07-29 05:14:06.778785+00,2026-07-29 05:14:08.933436+00,success,267,267,0,,b2d58cf10122364c60b30e70ef4c9328ed53ffce3ca27c07513a7d98dfc1c2fe,200
2926,wzdx_az,2026-07-29 05:22:02.572937+00,2026-07-29 05:22:15.99725+00,success,3392,3392,0,,ff44c347dc5d1519872bd029eac3a954fe086a6dbda6f41fa01644627c891bb7,200
2927,wzdx_mn,2026-07-29 05:24:04.553679+00,2026-07-29 05:24:23.814437+00,success,668,668,0,,a2757bf48d8853124d3af667471057d34ae06c4ef112402f489ce352f6b6c550,200
2928,wzdx_ks,2026-07-29 05:24:24.347739+00,2026-07-29 05:24:38.118327+00,success,464,464,0,,118a3fe8d7abdbd47aaf146688c1a4bcb20e04c1feee0e87cf45f7cd15c261bb,200
2929,caltrans_cwwp2_cc_d03,2026-07-29 05:24:38.626799+00,2026-07-29 05:24:46.266083+00,success,230,230,0,,17de51633d53c0880ef986f6a355057ee976981dccee286a892d055ff5d388f3,200
2930,caltrans_cwwp2_cc_d09,2026-07-29 05:24:46.752764+00,2026-07-29 05:24:53.740532+00,success,127,127,0,,a802c68cfda1eca48e0f3ac0fc00e54e9a1b3be7050a572dcbf76e2eedaa8f27,200
2931,caltrans_cwwp2_cc_d02,2026-07-29 05:24:54.260726+00,2026-07-29 05:25:01.934141+00,success,208,208,0,,f4f3711229d032bde68eed01743d2458f896808c21bc9f83249f5d6757d57aee,200
2932,wzdx_wa,2026-07-29 05:25:02.434299+00,2026-07-29 05:25:08.303065+00,skipped_unchanged,,,,payload hash unchanged,bdc3dd057123938d26b6fb0ce58f973eb7e05875deb85741d8f5b301aeb75757,200
2933,nws_alerts,2026-07-29 05:25:09.243465+00,2026-07-29 05:25:11.077003+00,success,269,269,0,,fd146c36e74e2d791a5def2d74bcd0a096f9d547e4897387fb70af7d928b37f1,200
2934,nws_alerts,2026-07-29 05:36:05.743054+00,2026-07-29 05:36:08.931279+00,success,266,266,0,,848d2028d1e8e486d0df48f362f969fe281b80ddefd5992e3daabc2813ca9826,200
2935,wzdx_az,2026-07-29 05:38:02.418735+00,2026-07-29 05:38:15.59623+00,success,3392,3392,0,,9bdf580516fcaff9a0b339219b55f12f7b4277ce75375d2422529fa9677ba09c,200
2936,caltrans_cwwp2_cc_d02,2026-07-29 05:40:04.098449+00,2026-07-29 05:40:11.639286+00,success,208,208,0,,458de606b7a23baf37dc163defcbf936bfd09845dfcfdebd9224882b85d32c50,200
2937,caltrans_cwwp2_cc_d03,2026-07-29 05:40:12.218797+00,2026-07-29 05:40:19.285616+00,success,230,230,0,,8c2748071cbd762ef0f85d72b3deafbf569af7c27e22788b8307aad18f12603a,200
2938,caltrans_cwwp2_cc_d09,2026-07-29 05:40:19.797305+00,2026-07-29 05:40:25.606792+00,success,127,127,0,,e1e66706fbdf6fa4f5acc7d3dcc168df1fa58df632028eed31c99b23694d39e3,200
2939,wzdx_ks,2026-07-29 05:40:26.063983+00,2026-07-29 05:40:40.178466+00,success,464,464,0,,abf0a0efb2e17a024dbfcc961e938111e224dff814b82ccb6b96503fd74997e8,200
2940,wzdx_mn,2026-07-29 05:40:40.704308+00,2026-07-29 05:40:47.193556+00,success,666,666,0,,b14316befbdd95f69d24832923e3e6ecc99ff31a04df7839bb1270d8df4b0943,200
2941,wzdx_wa,2026-07-29 05:41:03.066413+00,2026-07-29 05:41:06.464012+00,skipped_unchanged,,,,payload hash unchanged,bdc3dd057123938d26b6fb0ce58f973eb7e05875deb85741d8f5b301aeb75757,200
2942,nws_alerts,2026-07-29 05:47:02.139082+00,2026-07-29 05:47:05.044988+00,success,260,260,0,,3d1486d7a99995e9754f450a75bcfea2c7b87eb65f01c45f38c2e0420282b1ed,200
2943,wzdx_az,2026-07-29 05:54:02.188845+00,2026-07-29 05:54:14.694713+00,success,3392,3392,0,,417cd583a7f5438c38236fd7b495b2566b86d79da6f8509f5179212674c1ea24,200
2944,caltrans_cwwp2_cc_d02,2026-07-29 05:56:03.234725+00,2026-07-29 05:56:10.757656+00,success,208,208,0,,9927ca591ba554916c7e965555f3ada3d9e77d11074d3f7fcfb1091098113ed1,200
2945,caltrans_cwwp2_cc_d03,2026-07-29 05:56:11.241622+00,2026-07-29 05:56:19.261654+00,success,230,230,0,,160c3801dc456877f34ff962e74f8a316118d99483af77603b6e5060b0111595,200
2946,caltrans_cwwp2_cc_d09,2026-07-29 05:56:19.906458+00,2026-07-29 05:56:25.906503+00,success,127,127,0,,727e1bcf33d5cb5837c5248281db52fd09154afabedaabbf41dd92332c0cd173,200
2947,wzdx_ks,2026-07-29 05:56:26.463477+00,2026-07-29 05:56:40.049417+00,success,464,464,0,,0721c57d90391e9bb9af7095eb67cc8bc70c183f3ee4f96d2fea7f0e7c303308,200
2948,wzdx_mn,2026-07-29 05:56:40.57488+00,2026-07-29 05:56:47.104158+00,success,666,666,0,,d103b47df27550de5b99e091d3b93aa53c7eace3c5165b78af5d57a875bc739f,200
2949,wzdx_wa,2026-07-29 05:57:02.95807+00,2026-07-29 05:57:07.042764+00,skipped_unchanged,,,,payload hash unchanged,bdc3dd057123938d26b6fb0ce58f973eb7e05875deb85741d8f5b301aeb75757,200
2950,nws_alerts,2026-07-29 05:58:04.033651+00,2026-07-29 05:58:06.301462+00,success,264,264,0,,1e94db16a111e2839997c20a7dbdf55927467dfdef55c4b200a62531ab134cf3,200
2951,nws_alerts,2026-07-29 06:09:04.852038+00,2026-07-29 06:09:06.725441+00,success,253,253,0,,455280d2427b9c7365e39c0997d0707ca07f3812a9068f539f3a454a9a13f0ff,200
2952,wzdx_az,2026-07-29 06:10:03.717165+00,2026-07-29 06:10:16.636921+00,success,3394,3394,0,,c0aaf7c4b2d0efebe78075e2a418985c4e21c1c789229eb20492b709f3b0aeeb,200
2953,caltrans_cwwp2_cc_d02,2026-07-29 06:12:06.018852+00,2026-07-29 06:12:15.182348+00,success,208,208,0,,308ec53929231bba14cf48dc577a4a808dc6826555afdb071959f9f1c3fb0846,200
2954,caltrans_cwwp2_cc_d03,2026-07-29 06:12:15.597585+00,2026-07-29 06:12:23.34663+00,success,230,230,0,,c6f8efcf517ba2798c962412763f00906cb8816a49fc718b4f48c10bf732dd5a,200
2955,caltrans_cwwp2_cc_d09,2026-07-29 06:12:23.780444+00,2026-07-29 06:12:29.214061+00,success,127,127,0,,104deac4e027dc684bd426b903e66c99663ce007db9632184d01170eda8f329e,200
2956,wzdx_ks,2026-07-29 06:12:29.641455+00,2026-07-29 06:12:42.860324+00,success,464,464,0,,c371447d7707b35ee99fec878a5d630e4a97bfa83971d626269fe0ad535a9322,200
2957,wzdx_mn,2026-07-29 06:12:43.309145+00,2026-07-29 06:12:50.819147+00,success,664,664,0,,c91d57b025bab74fb4321678c50a044416a6de0ba5af9cd9011e49bcaff3f0a6,200
2958,wzdx_wa,2026-07-29 06:13:01.464463+00,2026-07-29 06:13:09.555119+00,success,567,548,19,,b3b7fdc565273cd8265d132d257730cfb72e1d804ebdf005bb9bb709b54c0fd5,200
2959,nws_alerts,2026-07-29 06:20:01.071912+00,2026-07-29 06:20:03.582351+00,success,258,258,0,,63805338f808e7c54baa5923a466d9823b322652a1d1f4a541e2edd3428c4b1e,200
2960,wzdx_az,2026-07-29 06:26:03.941425+00,2026-07-29 06:26:14.855716+00,success,3394,3394,0,,6a95b7ad51af7ff81ae3ff06553d156f436d806ae36445b254711e54ffac2bdb,200
2961,caltrans_cwwp2_cc_d02,2026-07-29 06:28:03.219442+00,2026-07-29 06:28:11.223524+00,success,208,208,0,,5275aede6d679c6157b66baf19f81d5eeb30a4c7dd4a7d36d7a6336854e6d5b8,200
2962,caltrans_cwwp2_cc_d03,2026-07-29 06:28:11.672153+00,2026-07-29 06:28:19.159605+00,success,230,230,0,,34b8dd66d0b03bf9c4f63619f9ea0a08875fd46b93ee187318c0246595ee937a,200
2963,caltrans_cwwp2_cc_d09,2026-07-29 06:28:19.635194+00,2026-07-29 06:28:25.876934+00,success,127,127,0,,790636296297b93a82a03a17188d9d08262c754b59e15336bbd0ff2d6e70324c,200
2964,wzdx_ks,2026-07-29 06:28:26.381118+00,2026-07-29 06:28:40.62058+00,success,464,464,0,,a33c05fa9b881113f1df04cf3fc5d49da0be894a9f7e0b7611b8a0a2fee1bdbb,200
2965,wzdx_mn,2026-07-29 06:28:41.037087+00,2026-07-29 06:29:00.689331+00,success,662,662,0,,05600eb0a564f26bafc85e82453f8a1e03aa25d1d05682aa583e0da592ff8e3f,200
2966,wzdx_wa,2026-07-29 06:29:06.141309+00,2026-07-29 06:29:10.305562+00,skipped_unchanged,,,,payload hash unchanged,b3b7fdc565273cd8265d132d257730cfb72e1d804ebdf005bb9bb709b54c0fd5,200
2967,nws_alerts,2026-07-29 06:31:03.917744+00,2026-07-29 06:31:05.812878+00,success,254,254,0,,cad24ca5ea95bca574eb4b81f7ab1012be453a25b68b63e1c8874efe48be86bf,200
2968,nws_alerts,2026-07-29 06:42:04.400118+00,2026-07-29 06:42:06.461298+00,success,257,257,0,,1bb6db6bd653e86be5418d37d53c3814d355576fcfdd88fd957187e2eed10542,200
2969,wzdx_az,2026-07-29 06:42:06.856276+00,2026-07-29 06:42:17.859176+00,success,3392,3392,0,,c8f9aa0d8a0d6ed0ca7b69964417db196e9ae2879a46dd921d1c5fff28ff97df,200
2970,caltrans_cwwp2_cc_d02,2026-07-29 06:44:06.189252+00,2026-07-29 06:44:15.047085+00,success,208,208,0,,69854c10262380241e5ca74602d943859d717f763a77519a43429e3422a8e9e6,200
2971,caltrans_cwwp2_cc_d03,2026-07-29 06:44:15.450293+00,2026-07-29 06:44:22.87349+00,success,230,230,0,,b89bccbb3ecada2a90b92885e217beda979bce4961fc8229cbf572ddccfe23cc,200
2972,caltrans_cwwp2_cc_d09,2026-07-29 06:44:23.241416+00,2026-07-29 06:44:29.142233+00,success,127,127,0,,b1acac26f64567deecc16a57c97e483c4d921b3305e11560a8a63c831c6e1a63,200
2973,wzdx_ks,2026-07-29 06:44:29.595863+00,2026-07-29 06:44:42.791207+00,success,464,464,0,,550a517a3837d4173c6d0b09d2af07bf60aed2d104243b33cd17124ce737d608,200
2974,wzdx_mn,2026-07-29 06:44:43.212334+00,2026-07-29 06:44:51.520568+00,success,662,662,0,,b152ab8c6c15555fa721c8371c468223da948cea791f1bac4be3b8cbb364ee1f,200
2975,wzdx_wa,2026-07-29 06:45:02.144682+00,2026-07-29 06:45:07.526197+00,skipped_unchanged,,,,payload hash unchanged,b3b7fdc565273cd8265d132d257730cfb72e1d804ebdf005bb9bb709b54c0fd5,200
2976,nws_alerts,2026-07-29 06:53:05.980858+00,2026-07-29 06:53:08.075314+00,success,254,254,0,,89287eb4a090ba173df9444db9ae982a0bea84c389b7d6397bc7611ad4c5c8c6,200
2977,wzdx_az,2026-07-29 06:58:01.69889+00,2026-07-29 06:58:15.306155+00,success,3392,3392,0,,5c0ea0e84b5fd67dad737771befe79f3afe8c7c5c29e5c35e4315a690a178f51,200
2978,caltrans_cwwp2_cc_d02,2026-07-29 07:00:04.294308+00,2026-07-29 07:00:11.938851+00,success,208,208,0,,22d762938d6040d83df87ebdbe262bab2dd45ac2194f833e46e3b5ed935f9e08,200
2979,caltrans_cwwp2_cc_d03,2026-07-29 07:00:12.29144+00,2026-07-29 07:00:19.774166+00,success,230,230,0,,a5d16bed3df09e83845fd9e6373ae7cfed351838b511d1b40521ff5016c26677,200
2980,caltrans_cwwp2_cc_d09,2026-07-29 07:00:20.23815+00,2026-07-29 07:00:26.098925+00,success,127,127,0,,6b8b4fdfbd4d85de433b950c6bd3629f165bd969500743324b403b55a012a199,200
2981,wzdx_ks,2026-07-29 07:00:26.555504+00,2026-07-29 07:00:41.066258+00,success,464,464,0,,ae1b8c041f86f59d2b1700a5fcab0c1806051ab5cd59ca3cf04aebf379e4c705,200
2982,wzdx_mn,2026-07-29 07:00:41.466145+00,2026-07-29 07:00:48.668422+00,success,662,662,0,,b17173cbce79324693f50216d73af7a2489d19ede70948229700212f2971ec27,200
2983,wzdx_wa,2026-07-29 07:01:04.702922+00,2026-07-29 07:01:10.974768+00,success,565,548,17,,66827d3e1e498f8d12f60a6617276d2a65a15ff46df963fba71c5e05a6d00b8b,200
2984,nws_alerts,2026-07-29 07:13:12.71555+00,2026-07-29 07:13:19.378327+00,success,261,261,0,,dab91e11cb0aa91e12f1fb1c3eeda4aa91cc88457625e8e96fc06ac35fb762fd,200
2985,wzdx_az,2026-07-29 07:13:19.826093+00,2026-07-29 07:13:31.035601+00,success,3309,3309,0,,5b11313131ceb5086f670af148d7b125dd9f2a1e49533839ea174bfcaa922037,200
2986,caltrans_cwwp2_cc_d02,2026-07-29 07:15:09.635848+00,2026-07-29 07:15:16.691509+00,success,208,208,0,,7681e5261ce45e0b0e59d7b2ca955c96fee4676d5f9dc422a716f48b2af52363,200
2987,caltrans_cwwp2_cc_d03,2026-07-29 07:16:08.516686+00,2026-07-29 07:16:16.569209+00,success,230,230,0,,9ce3134ae11911ce4619c0eacca9680b351c9dd75848ce438f076710c2ffa4cf,200
2988,caltrans_cwwp2_cc_d09,2026-07-29 07:16:16.970488+00,2026-07-29 07:16:23.440579+00,success,127,127,0,,1040f87126d46231f3f5cd4852aa10be08275469f5e949c0b20e21df1ae1df7b,200
2989,wzdx_ks,2026-07-29 07:16:23.652227+00,2026-07-29 07:16:37.021483+00,success,464,464,0,,1b003fae838898aa6d36fe5816912d6fd6819a37053a9ce33dd944c4eac3401a,200
2990,wzdx_mn,2026-07-29 07:16:37.455681+00,2026-07-29 07:16:44.15071+00,success,664,664,0,,2ec691565bd6d027e235c2388cecb9ed4ac3ae985e1609bcd1f2d93dd1d30c28,200
2991,wzdx_wa,2026-07-29 07:16:44.504565+00,2026-07-29 07:16:49.375702+00,skipped_unchanged,,,,payload hash unchanged,66827d3e1e498f8d12f60a6617276d2a65a15ff46df963fba71c5e05a6d00b8b,200
2992,nws_alerts,2026-07-29 07:24:08.316998+00,2026-07-29 07:24:10.479581+00,success,265,265,0,,8540af4996502d6f37b8f50c0c208259f73a8fd307c294713f1a79a0366fc7e9,200
2993,caltrans_cwwp2_cc_d02,2026-07-29 08:43:40.246039+00,2026-07-29 08:43:45.953553+00,success,208,208,0,,f885ec20622bb0b1a18f7d3efb2eb0b71ff7bee650c24c1802fe0720433da741,200
2994,caltrans_cwwp2_cc_d03,2026-07-29 08:43:46.377339+00,2026-07-29 08:43:53.478256+00,success,230,230,0,,105da8af79bc69f3e40a388418694f5782162e6802053697d31fed4c9efc3a03,200
2995,caltrans_cwwp2_cc_d09,2026-07-29 08:43:53.933737+00,2026-07-29 08:43:59.38226+00,success,127,127,0,,866bf16a3e5140fede72c42b7608dbc912006df693d82d8730b4b2621f3af093,200
2996,nws_alerts,2026-07-29 08:43:59.796679+00,2026-07-29 08:44:01.748223+00,success,257,257,0,,6e1c7ae50075fe6bdb94f641fd3af576fa2505339bf0f8d2fa8c6a8c2998e398,200
2997,wzdx_az,2026-07-29 08:44:02.179+00,2026-07-29 08:44:12.890408+00,success,3277,3277,0,,1132f15cdf710240f9c75266673227c8ed41e57fea03d3e42cfedacb66bfcb2c,200
2998,wzdx_ks,2026-07-29 08:44:13.236019+00,2026-07-29 08:44:25.765342+00,success,464,464,0,,6d42543d41608624ab951362e795f784f2b09e1ff3213374afe83aea8dce1e1d,200
2999,wzdx_mn,2026-07-29 08:44:25.991725+00,2026-07-29 08:44:33.377289+00,success,664,664,0,,b914f1e251ea103c15bf087a569af79c76eb752bf15f544be3d36dec5ead07a4,200
3000,wzdx_wa,2026-07-29 08:44:33.698984+00,2026-07-29 08:44:41.027391+00,success,565,548,17,,fc814bd48a8bd7df96bf1cc960b374d60b3e1b4d2539dc117786e6c34e05a613,200
3001,nbi_annual,2026-07-29 08:46:09.443385+00,2026-07-29 08:46:43.942289+00,skipped_unchanged,,,,payload hash unchanged,bb79e03a404f7529ee36f25b089e1d5c85f8a6d54780186dfdf6edff2a0a0f7e,200
3002,nws_alerts,2026-07-29 08:54:07.588132+00,2026-07-29 08:54:09.348301+00,success,256,256,0,,b7a0b7cc5a904dff356b47e35f0a18d02d1f893ee1c82b4908da422a2eefce3e,200
3003,caltrans_cwwp2_cc_d02,2026-07-29 09:26:05.397286+00,2026-07-29 09:26:13.850043+00,success,208,208,0,,3a2ad1364eefe223a081dc8759ae4cb1f93eef8e218155646144fd49222d496d,200
3004,caltrans_cwwp2_cc_d03,2026-07-29 09:26:14.376866+00,2026-07-29 09:26:21.786177+00,success,230,230,0,,8d4593b93d256fdcc9241afe1b417a8f02ec905d10a04799e4632a940f1513f4,200
3005,caltrans_cwwp2_cc_d09,2026-07-29 09:26:22.324705+00,2026-07-29 09:26:28.354777+00,success,127,127,0,,239c919e965ee2a86ad5c28a9be87c816231bcaf946c58aa773d2e307ec4ff37,200
3006,nws_alerts,2026-07-29 09:26:28.985355+00,2026-07-29 09:26:32.287124+00,success,253,253,0,,1acef9c5c56d6252cbfa1ab6c0d6d1d4f229a1bc679178b15ad2a11452647841,200
3007,wzdx_az,2026-07-29 09:26:32.909927+00,2026-07-29 09:26:49.254549+00,success,3277,3277,0,,ac2fa825fa66ccc89b3bde1da7cb3e9daecece939c512eb512be20eef4b748c4,200
3008,wzdx_ks,2026-07-29 09:26:49.645312+00,2026-07-29 09:27:05.184013+00,success,464,464,0,,dd16a20b00afe29d5faca8ddb5711dbaf417bbf171c27b4c8f066b67aceeb1e2,200
3009,wzdx_mn,2026-07-29 09:27:05.624383+00,2026-07-29 09:27:40.248951+00,success,662,662,0,,92c43850e62ec4caa3f2cd4f2e5de27265b1ea6d6731c20766b918ecf2c0e463,200
3010,wzdx_wa,2026-07-29 09:27:40.740299+00,2026-07-29 09:27:46.86695+00,success,565,548,17,,358bda9abc767b1306a61289ce3a7a192507b905c58dfb1f495ce66bcb741975,200
3011,nws_alerts,2026-07-29 09:37:09.76637+00,2026-07-29 09:37:12.000944+00,success,252,252,0,,f5ee8e409d437ef3203f09155da1a2757d6f0bcf1dee88fe5d9c2e2c0cea9c68,200
3012,caltrans_cwwp2_cc_d02,2026-07-29 09:42:06.672187+00,2026-07-29 09:42:14.039904+00,success,208,208,0,,b0a5f429822eb4fd99e6c1f5f9ddb802ce9839703c9586e0518572237b0b7225,200
3013,caltrans_cwwp2_cc_d03,2026-07-29 09:42:14.466172+00,2026-07-29 09:42:22.554155+00,success,230,230,0,,bc909574052c23d54696b7309ea96c28c7cd6fb408a83d9f62cec273bbdbb089,200
3014,caltrans_cwwp2_cc_d09,2026-07-29 09:42:23.092475+00,2026-07-29 09:42:28.38385+00,success,127,127,0,,3299e6002afc42bef14103d6b5ba49b42cde7b4d7441ba43d80f788db992dc52,200
3015,wzdx_az,2026-07-29 09:42:28.775729+00,2026-07-29 09:42:42.994161+00,success,3277,3277,0,,20abf364c8faa346b73157c38dba54e9d05a9c498945aed75f87aa96f5783b5b,200
3016,wzdx_ks,2026-07-29 09:42:43.393772+00,2026-07-29 09:43:15.642379+00,success,464,464,0,,d0bc9c478c4b595fb27816f72e884fe316f287dd7b198869b00780341cb7eff6,200
3017,wzdx_mn,2026-07-29 09:43:16.058998+00,2026-07-29 09:43:23.271842+00,success,659,659,0,,80fdbfa5b78678d0d5acb9ed37379385015e584a8716f9b7e6324e55b9093a60,200
3018,wzdx_wa,2026-07-29 09:43:23.706665+00,2026-07-29 09:43:28.041036+00,skipped_unchanged,,,,payload hash unchanged,358bda9abc767b1306a61289ce3a7a192507b905c58dfb1f495ce66bcb741975,200
3019,nws_alerts,2026-07-29 09:48:06.978636+00,2026-07-29 09:48:09.26888+00,success,249,249,0,,27c818d470fa93bdb0af3d303356f37ff7dcd7e57c51efd8a3e410e6a919d455,200
3020,caltrans_cwwp2_cc_d02,2026-07-29 09:58:07.796906+00,2026-07-29 09:58:20.148685+00,success,208,208,0,,82b83e7bef1c1ffedd998a5697e386b49059d94c9069dce6494b2076c3b7849b,200
3021,caltrans_cwwp2_cc_d03,2026-07-29 09:58:20.69028+00,2026-07-29 09:58:25.349816+00,success,230,230,0,,27e8b9781fd81c97cd59b47a9fd731991c6824180cc7da349688f6d58bbab821,200
3022,caltrans_cwwp2_cc_d09,2026-07-29 09:58:25.829397+00,2026-07-29 09:58:30.505534+00,success,127,127,0,,414c46ffd82f1bfa327c6ff1f3cfeee5d564a3751a050c4e485d9c019ce43d53,200
3023,wzdx_az,2026-07-29 09:58:31.002043+00,2026-07-29 09:58:43.891012+00,success,3277,3277,0,,d9031231a27f61f5f2cb212dd9db62b9bbb78eac31663d7d2f10d7a90d12e91b,200
3024,wzdx_ks,2026-07-29 09:58:44.273295+00,2026-07-29 09:58:57.822554+00,success,464,464,0,,2351e17042b7d788131fabd8c5a85bb5369fcc6a9521387ada371a3ed1c51e3d,200
3025,nws_alerts,2026-07-29 09:59:08.579746+00,2026-07-29 09:59:11.917087+00,success,247,247,0,,082a2d49382b16f2823a5bb9aee7178e5fd72e75cc098d9a49e29b973c2ca35f,200
3026,wzdx_mn,2026-07-29 09:59:12.336591+00,2026-07-29 09:59:18.858665+00,success,659,659,0,,46047c91052520a874a70a3a17c46db8b66ee9a21362b57ac0326aac3859d498,200
3027,wzdx_wa,2026-07-29 09:59:19.262161+00,2026-07-29 09:59:23.366105+00,skipped_unchanged,,,,payload hash unchanged,358bda9abc767b1306a61289ce3a7a192507b905c58dfb1f495ce66bcb741975,200
3028,nws_alerts,2026-07-29 10:10:09.004249+00,2026-07-29 10:10:11.239591+00,success,240,240,0,,773a26501e854838f707d8e2ab9334b6494b99f939af93028dfab9528194bd84,200
3029,caltrans_cwwp2_cc_d02,2026-07-29 10:14:09.221226+00,2026-07-29 10:14:15.419762+00,success,208,208,0,,6babb6dabbc66813ab02fb347d7c851e023d8c52c6e02fff3bc15f3cb0f3a6cc,200
3030,caltrans_cwwp2_cc_d03,2026-07-29 10:14:16.164855+00,2026-07-29 10:14:23.586454+00,success,230,230,0,,93f928091ce79d7e5728c0f8df08c480a80b174c246ad8cc0beeb15b653b14c5,200
3031,caltrans_cwwp2_cc_d09,2026-07-29 10:14:24.069474+00,2026-07-29 10:14:29.621602+00,success,127,127,0,,01ce5f0826157041be78589532f649d648acc48282e730e21ea13b7ce3c29fa7,200
3032,wzdx_az,2026-07-29 10:14:30.137489+00,2026-07-29 10:14:43.875995+00,success,3277,3277,0,,9f7f7f9fe94e4a9b63b0ed07bf03b6c8f93a4491cd51d13c8fa3e1b59ae6e6b3,200
3033,wzdx_ks,2026-07-29 10:14:44.3344+00,2026-07-29 10:14:58.12345+00,success,464,464,0,,1d1b8a3208c8cb0d35a67c77af394934cb9331399d32a293a09fe57950c789b8,200
3034,wzdx_mn,2026-07-29 10:15:08.986563+00,2026-07-29 10:15:14.550919+00,success,649,649,0,,724defc6b091d144f4afe1658a2572f4dfc513a72659728af44355ffa8c015d8,200
3035,wzdx_wa,2026-07-29 10:15:15.047086+00,2026-07-29 10:15:19.726672+00,success,565,548,17,,9f946bc47b9fdd9acebc1e9ca900cbbd99b7a9bcda2367e1eaa6aad6598d253c,200
3036,nws_alerts,2026-07-29 10:21:05.950374+00,2026-07-29 10:21:08.563224+00,success,241,241,0,,4fa825cb02f44ea2bf52500e2e501bde1cfe2b70d499306f39424db8a68c2f67,200
3037,caltrans_cwwp2_cc_d02,2026-07-29 10:30:06.613989+00,2026-07-29 10:30:14.259138+00,success,208,208,0,,c7c2cd10604fece4f01d1d672b9adfaef1c3f724e63a071ecdc45de137d175de,200
3038,caltrans_cwwp2_cc_d03,2026-07-29 10:30:14.75525+00,2026-07-29 10:30:22.298492+00,success,230,230,0,,848271cd4fc25a5547c8fc612c4f421160c3920a7bb492dd0ec72627d11d6076,200
3039,caltrans_cwwp2_cc_d09,2026-07-29 10:30:22.740609+00,2026-07-29 10:30:28.286476+00,success,127,127,0,,eebe00cdfdd4510829721f3003fe026e71476f43cc353708ba45bad92a566ff3,200
3040,wzdx_az,2026-07-29 10:30:28.774419+00,2026-07-29 10:30:43.544351+00,success,3277,3277,0,,984e3880424b4024017eb463d8b6cbb8e7ea53d7c923a97c31cdd6559c165916,200
3041,wzdx_ks,2026-07-29 10:30:44.17756+00,2026-07-29 10:31:00.715432+00,success,464,464,0,,4c056edf799d7cd36bb5f18d6d8d477c8b2041578f376ae5accd1e7f313c7c4b,200
3042,wzdx_mn,2026-07-29 10:31:07.6828+00,2026-07-29 10:31:13.869499+00,success,649,649,0,,093d9819ca44142af58a733a1a792490f15b927dd48eb0d89e044113c44d71cf,200
3043,wzdx_wa,2026-07-29 10:31:14.342433+00,2026-07-29 10:31:19.273233+00,skipped_unchanged,,,,payload hash unchanged,9f946bc47b9fdd9acebc1e9ca900cbbd99b7a9bcda2367e1eaa6aad6598d253c,200
3044,nws_alerts,2026-07-29 10:32:06.379132+00,2026-07-29 10:32:08.541588+00,success,240,240,0,,5847ab7fe50095eb93a9f072ec027f29e23b483980a11ceb25e6e65fc47d657d,200
3045,nws_alerts,2026-07-29 10:43:09.37347+00,2026-07-29 10:43:11.443827+00,success,240,240,0,,0c7c6ef4d7788f19f03407650ff5f044b83d818598833add6d38a3da4d790af6,200
3046,nti_tunnels,2026-07-29 10:44:08.635962+00,2026-07-29 10:44:12.627865+00,skipped_unchanged,,,,payload hash unchanged,cbe7076b59511e9c470bd6992852c3d355da2fbf35484d61e7270ecde1a5f386,200
3047,caltrans_cwwp2_cc_d02,2026-07-29 10:46:06.898916+00,2026-07-29 10:46:14.389608+00,success,208,208,0,,6b16163da0161dc9ce3363ba800c4ee380a508db462e4d003419b2b77ca3bcab,200
3048,caltrans_cwwp2_cc_d03,2026-07-29 10:46:14.833868+00,2026-07-29 10:46:21.711915+00,success,230,230,0,,dcdffb80113ce8c41d3d38ac848a6682a0f09ebd660dcced5a7588e39acb542c,200
3049,caltrans_cwwp2_cc_d09,2026-07-29 10:46:22.323823+00,2026-07-29 10:46:27.649744+00,success,127,127,0,,33587d63ad8cb8694bc4ba51d337a05c57df6b914c8bc85c7a1a410b2e21fa17,200
3050,wzdx_az,2026-07-29 10:46:28.152781+00,2026-07-29 10:46:39.219338+00,success,3277,3277,0,,0b6605c988e57c2f714614537d79657fcf5bc25b589c0a6f97523176d1587778,200
3051,wzdx_ks,2026-07-29 10:46:39.674062+00,2026-07-29 10:46:54.389134+00,success,464,464,0,,9e0da55f9e1ecced021997b4271a65593166038e1c604663d5debacc2c705dc6,200
3052,wzdx_mn,2026-07-29 10:47:05.254466+00,2026-07-29 10:47:40.908165+00,success,649,649,0,,1d9ead9c4cbe1ed4760e7fe245c5792287177dab0efbff85bae5a616fbcd1049,200
3053,wzdx_wa,2026-07-29 10:47:41.268016+00,2026-07-29 10:47:45.313003+00,skipped_unchanged,,,,payload hash unchanged,9f946bc47b9fdd9acebc1e9ca900cbbd99b7a9bcda2367e1eaa6aad6598d253c,200
3054,nws_alerts,2026-07-29 10:54:07.318217+00,2026-07-29 10:54:09.232598+00,success,241,241,0,,4a0d1206ad976597a2830b5ad3276d95af0efda1609105e53b35780dbe2f8f1a,200
3055,caltrans_cwwp2_cc_d02,2026-07-29 11:02:08.837428+00,2026-07-29 11:02:17.376283+00,success,208,208,0,,27b4f1f4b074795322c9d63f785084a54f6b0767f654bb0e446a17dc505b85ee,200
3056,caltrans_cwwp2_cc_d03,2026-07-29 11:02:17.793685+00,2026-07-29 11:02:25.453326+00,success,230,230,0,,6d0c5ea1036beca37fa08252cc674245e06907801370edd4db9426239bb35e38,200
3057,caltrans_cwwp2_cc_d09,2026-07-29 11:02:26.079584+00,2026-07-29 11:02:31.620756+00,success,127,127,0,,2f607f22faf3c1b55160e6d8bfe708d9626fe818d5822efbebffb63c32a82724,200
3058,wzdx_az,2026-07-29 11:02:32.222011+00,2026-07-29 11:02:44.14797+00,success,3275,3275,0,,ab39357627e16ec661570da6f2d8aa3c0268f6cec1f556df5a676fe621ca2254,200
3059,wzdx_ks,2026-07-29 11:02:44.571637+00,2026-07-29 11:02:57.76739+00,success,464,464,0,,cecf7f87b5b936cafa5b565e6b388ce7870a51a634fdf719ab8bdfb2739c016a,200
3060,wzdx_mn,2026-07-29 11:03:08.800488+00,2026-07-29 11:03:14.841601+00,success,648,648,0,,3adcef18d0d83d20be6ba0126d2a9a202134fbdb08aedfc8b6b73e21b424694e,200
3061,wzdx_wa,2026-07-29 11:03:15.26345+00,2026-07-29 11:04:42.575956+00,skipped_unchanged,,,,payload hash unchanged,9f946bc47b9fdd9acebc1e9ca900cbbd99b7a9bcda2367e1eaa6aad6598d253c,200
3062,nws_alerts,2026-07-29 11:05:08.985561+00,2026-07-29 11:05:10.872189+00,success,238,238,0,,642bfee455cef98f96d1b34d21b2271663a33b7a4755f5117ff2aa295a9519a2,200
3063,nws_alerts,2026-07-29 11:16:08.125195+00,2026-07-29 11:16:10.341041+00,success,237,237,0,,c1066ee00b7c4cdfffbdcaa6568ebfe982032264fc2c74fc99f9a1683065ffc7,200
3064,caltrans_cwwp2_cc_d02,2026-07-29 11:18:09.414462+00,2026-07-29 11:18:16.22297+00,success,208,208,0,,152f7122ef404993a314b50b3867fd3671d4607a54c7ee4761afa1c5d71361f9,200
3065,caltrans_cwwp2_cc_d03,2026-07-29 11:18:16.8047+00,2026-07-29 11:18:24.141779+00,success,230,230,0,,e0f547ee8f652e9fb56bae65ca295817c54620a73940632d7786042907a070aa,200
3066,caltrans_cwwp2_cc_d09,2026-07-29 11:18:24.659248+00,2026-07-29 11:18:30.207029+00,success,127,127,0,,56b4d4b5fd9cb0ecf1acd816613785bdf8b8e375820ee3126fe76819d729afc5,200
3067,wzdx_az,2026-07-29 11:18:30.717466+00,2026-07-29 11:18:43.507735+00,success,3275,3275,0,,a1dbcf0fcc28fd72aa317dfa20f5595349a86413bd9cfd9f1bc510dfdb2a8ec4,200
3068,wzdx_ks,2026-07-29 11:18:43.832869+00,2026-07-29 11:18:58.236394+00,success,464,464,0,,40ea4f5d2cfdb66c35a720dc8ae167e4c5b34dd09593d0429978484b39ec9e9c,200
3069,wzdx_mn,2026-07-29 11:19:09.153168+00,2026-07-29 11:20:10.589357+00,failed,,,,"HTTPSConnectionPool(host='mn.carsprogram.org', port=443): Read timed out. (read timeout=60.0)",,
3070,wzdx_wa,2026-07-29 11:20:11.116152+00,2026-07-29 11:20:16.309701+00,success,565,548,17,,3b302260ab7ec1fb65358c9de32b29cf359afea997c0abee2193baf28e29ca3d,200
3071,wzdx_mn,2026-07-29 11:25:05.090301+00,2026-07-29 11:26:04.036854+00,success,648,648,0,,f6ea6bb319c4db50bf164ab0cd2070ebcdd23ad1307bdb143f20b01beb60509d,200
3072,nws_alerts,2026-07-29 11:27:06.401108+00,2026-07-29 11:27:09.023604+00,success,238,238,0,,9a3a31e0006d77aa8728e45bad8e2547e3652f22383a15f27520fd6c805d8dc4,200
3073,caltrans_cwwp2_cc_d02,2026-07-29 11:34:07.590806+00,2026-07-29 11:34:14.429417+00,success,208,208,0,,f95e0d3949c131cb025d17fd7be0778539e072234a841836d07cad60187071eb,200
3074,caltrans_cwwp2_cc_d03,2026-07-29 11:34:14.963495+00,2026-07-29 11:34:22.397835+00,success,230,230,0,,e228861038f71cb304c978d60a4c7c504f8b8e365f133680d003fcaff178ac70,200
3075,caltrans_cwwp2_cc_d09,2026-07-29 11:34:22.976978+00,2026-07-29 11:34:28.54344+00,success,127,127,0,,b21bafb2fe96b1022dcdbbbe9184b089968d00c86c10723bad351508086475e7,200
3076,wzdx_az,2026-07-29 11:34:29.052726+00,2026-07-29 11:34:40.336271+00,success,3275,3275,0,,3a2dde03323e76e56cd41b9d0e025686b5c8d5c4bae4d415ac1d16d8ae6afc9a,200
3077,wzdx_ks,2026-07-29 11:34:40.741624+00,2026-07-29 11:34:53.899447+00,success,464,464,0,,5f9c39221e6a21521ff4d3663c2dccecd371ca5b202934f8c83b0909c356ff6d,200
3078,wzdx_wa,2026-07-29 11:36:06.080495+00,2026-07-29 11:36:09.978906+00,skipped_unchanged,,,,payload hash unchanged,3b302260ab7ec1fb65358c9de32b29cf359afea997c0abee2193baf28e29ca3d,200
3079,nws_alerts,2026-07-29 11:38:08.743017+00,2026-07-29 11:38:10.776041+00,success,238,238,0,,9025c4fbb6068f3fbe3567ba67e8c1d56c1b9c69b5669c19ef72d0bb239d3592,200
3080,wzdx_mn,2026-07-29 11:41:06.044857+00,2026-07-29 11:41:13.722187+00,success,647,647,0,,a11fee1afd84e8911c2ecca1e0ab6b00f3c2ba9d80c196e6387d4ca236768d50,200
3081,nws_alerts,2026-07-29 11:49:07.582013+00,2026-07-29 11:49:09.732901+00,success,241,241,0,,3fce6d5cb624feacf632076e3b0b3061eba7fec95a2a4b22cc44dba1ab4708fc,200
3082,caltrans_cwwp2_cc_d02,2026-07-29 11:50:06.801698+00,2026-07-29 11:50:13.614424+00,success,208,208,0,,eb5498f3e82bf00c03bedc3a58d3cb49f2b7f68fb4b638c7e830cde37fa42eed,200
3083,caltrans_cwwp2_cc_d03,2026-07-29 11:50:13.833951+00,2026-07-29 11:50:20.57223+00,success,230,230,0,,38acf67e3febf0ac64fc0f5194648e89ad720f7de35e3a718107af14b16f4645,200
3084,caltrans_cwwp2_cc_d09,2026-07-29 11:50:20.909552+00,2026-07-29 11:50:26.430788+00,success,127,127,0,,7e1a44be7f9eb0a27700688c65a5dcc28a8bb123dc107245b1c261093330d0d8,200
3085,wzdx_az,2026-07-29 11:50:26.836286+00,2026-07-29 11:50:39.107837+00,success,3276,3276,0,,4e6b4f031eb8a479e1dc04d4b6ef68a909315661492e95b1e333a3447570dc98,200
3086,wzdx_ks,2026-07-29 11:50:39.502948+00,2026-07-29 11:50:53.706019+00,success,464,464,0,,04ce1cb6897746b7cb412b9232ba0df27fcfa1734db2399a53ca8ce978946b1d,200
3087,wzdx_wa,2026-07-29 11:52:06.269187+00,2026-07-29 11:52:09.850423+00,skipped_unchanged,,,,payload hash unchanged,3b302260ab7ec1fb65358c9de32b29cf359afea997c0abee2193baf28e29ca3d,200
3088,wzdx_mn,2026-07-29 11:57:09.002194+00,2026-07-29 11:57:15.074627+00,success,647,647,0,,b52ca71de4bd79455c4234f7f1777c6dabffb2f0dda50cfc2f9c688330e30377,200
3089,nws_alerts,2026-07-29 12:00:06.063377+00,2026-07-29 12:00:10.201566+00,success,258,258,0,,f35e7bf28ac6acdb12486354feaba6b6bca3159a358cff1133289e30adcacf07,200
3090,caltrans_cwwp2_cc_d02,2026-07-29 12:06:06.282397+00,2026-07-29 12:06:13.346564+00,success,208,208,0,,482f5ce5557dd0a905d1c9cc8e55057c8e1c8fdb13fa8e7cfaa500a41d4b6425,200
3091,caltrans_cwwp2_cc_d03,2026-07-29 12:06:13.72947+00,2026-07-29 12:06:19.955627+00,success,230,230,0,,f7f672c7ae972985c42e8a8f1b0dd59d449daa65af18e9b7d033f9ed56ae85cf,200
3092,caltrans_cwwp2_cc_d09,2026-07-29 12:06:20.427457+00,2026-07-29 12:06:25.847757+00,success,127,127,0,,8db3dce083c36ccc878a0184f563cfb576b9852230dbcb441ff687c208683cfe,200
3093,wzdx_az,2026-07-29 12:06:26.296932+00,2026-07-29 12:06:38.374078+00,success,3276,3276,0,,50e391b0667b1519aa19ed9c91c3b08c3be466ad744e80f42c77cb5133fe95aa,200
3094,wzdx_ks,2026-07-29 12:06:38.669228+00,2026-07-29 12:06:51.885754+00,success,462,462,0,,130b03685f649ab2ec9709ee440a09396aff3c435926628a358e2c516ead09f8,200
3095,wzdx_wa,2026-07-29 12:08:09.508386+00,2026-07-29 12:08:14.856206+00,success,565,548,17,,72ba50181329f9fc0cbb219aa12ba8b6c248c21a30dbceb33461530c43795632,200
3096,nws_alerts,2026-07-29 12:11:05.659611+00,2026-07-29 12:11:07.600271+00,success,259,259,0,,5fa04b82ca2a1084c926590b3481c40540e24e5496732dc74d4215859528f8f4,200
3097,wzdx_mn,2026-07-29 12:13:06.558791+00,2026-07-29 12:13:12.852723+00,success,650,650,0,,31fb53388de909ffa6d71d7c86cef52f635006ac7ecc3481c1661e5ca84b29b5,200
3098,caltrans_cwwp2_cc_d02,2026-07-29 12:22:09.39757+00,2026-07-29 12:22:16.740288+00,success,208,208,0,,3ec8ee64b5868e6864bdbbad20f46a901e6215483337fd7455667d5675cb3f35,200
3099,caltrans_cwwp2_cc_d03,2026-07-29 12:22:17.180556+00,2026-07-29 12:22:24.290438+00,success,230,230,0,,e8bb8e838e8068dea88edfd71c54a9c8e76683c7e63d8492d0db8778a4dce6bb,200
3100,caltrans_cwwp2_cc_d09,2026-07-29 12:22:24.786742+00,2026-07-29 12:22:29.707434+00,success,127,127,0,,d4b99da73409b94ec5acea88e33dd1c27117c09a12d1ebd4df9d1c05e3d43bcc,200
3101,nws_alerts,2026-07-29 12:22:29.941412+00,2026-07-29 12:22:31.406675+00,success,258,258,0,,032afc725516e909a32c9a2036a31fe4c643fef6f56a0f22d0f3e72f0f045767,200
3102,wzdx_az,2026-07-29 12:22:31.691267+00,2026-07-29 12:22:42.057575+00,success,3268,3268,0,,273cda1b0fd4480b7bf938338d5bc41f9f61c9056cb2947463bd43ac80b9491f,200
3103,wzdx_ks,2026-07-29 12:22:42.403544+00,2026-07-29 12:22:54.673494+00,success,461,461,0,,73d778d64afe91f66f89ceef0a3ac76cecd5c577fc048b14babbf4290512c009,200
3104,wzdx_wa,2026-07-29 12:24:07.073406+00,2026-07-29 12:24:10.980779+00,skipped_unchanged,,,,payload hash unchanged,72ba50181329f9fc0cbb219aa12ba8b6c248c21a30dbceb33461530c43795632,200
3105,wzdx_mn,2026-07-29 12:29:05.990816+00,2026-07-29 12:29:57.709807+00,success,650,650,0,,11dd439e8de4372e2015c301bd04f0969a1bdd790a8b5a5c77df8f766d23955b,200
3106,nws_alerts,2026-07-29 12:33:09.410388+00,2026-07-29 12:33:11.49973+00,success,257,257,0,,f9b774b323ce43e069f556e2e421dcd3630ac6af2ec6d9627f44a846df6868b5,200
3107,caltrans_cwwp2_cc_d02,2026-07-29 12:38:06.115258+00,2026-07-29 12:38:15.767087+00,success,208,208,0,,53e47cee79bfd6ff666848220d7753d2fb6756af7f7e4fc6081fbcb7dcc3f6e4,200
3108,caltrans_cwwp2_cc_d03,2026-07-29 12:38:16.269955+00,2026-07-29 12:38:24.165803+00,success,230,230,0,,e270e8aa587c6cdd26b6bc03eda56e78eaafed0f1ccea1940d68b383a57abeb8,200
3109,caltrans_cwwp2_cc_d09,2026-07-29 12:38:24.424455+00,2026-07-29 12:38:29.459665+00,success,127,127,0,,974745f64b5c06285abe375cd4fabcc3d5abfb1030dab6107679fd31571063e0,200
3110,wzdx_az,2026-07-29 12:38:29.833363+00,2026-07-29 12:38:41.512228+00,success,3269,3269,0,,d5321305148e6722d3e94175c87ebca1fa80cd0bc6bdecd54c95f56bf4127838,200
3111,wzdx_ks,2026-07-29 12:38:42.028722+00,2026-07-29 12:38:56.23815+00,success,461,461,0,,7fa529b12cc71f0891af250cb390d25a30450f512875b16db42a2631389f21a5,200
3112,wzdx_wa,2026-07-29 12:40:08.738841+00,2026-07-29 12:40:13.413634+00,skipped_unchanged,,,,payload hash unchanged,72ba50181329f9fc0cbb219aa12ba8b6c248c21a30dbceb33461530c43795632,200
3113,nws_alerts,2026-07-29 12:44:07.576324+00,2026-07-29 12:44:10.248755+00,success,259,259,0,,2c1972e5c3fe1a8f6eb0a5f5d588b740540366e46e088aaa014d287e80da88a9,200
3114,wzdx_mn,2026-07-29 12:45:07.611439+00,2026-07-29 12:46:09.039351+00,failed,,,,"HTTPSConnectionPool(host='mn.carsprogram.org', port=443): Read timed out. (read timeout=60.0)",,
3115,caltrans_cwwp2_cc_d02,2026-07-29 12:53:21.263123+00,2026-07-29 12:53:41.493766+00,failed,,,,"HTTPSConnectionPool(host='cwwp2.dot.ca.gov', port=443): Max retries exceeded with url: /data/d2/cc/ccStatusD02.json (Caused by NameResolutionError(""HTTPSConnection(host='cwwp2.dot.ca.gov', port=443): Failed to resolve 'cwwp2.dot.ca.gov' ([Errno -3] Temporary failure in name resolution)""))",,
3116,caltrans_cwwp2_cc_d03,2026-07-29 12:53:42.296865+00,2026-07-29 14:04:24.925346+00,failed,,,,"HTTPSConnectionPool(host='cwwp2.dot.ca.gov', port=443): Max retries exceeded with url: /data/d3/cc/ccStatusD03.json (Caused by NameResolutionError(""HTTPSConnection(host='cwwp2.dot.ca.gov', port=443): Failed to resolve 'cwwp2.dot.ca.gov' ([Errno -3] Temporary failure in name resolution)""))",,
3117,wzdx_mn,2026-07-29 14:04:25.608258+00,2026-07-30 02:51:35.177412+00,failed,,,,"HTTPSConnectionPool(host='mn.carsprogram.org', port=443): Max retries exceeded with url: /carsapi_v1/api/wzdx (Caused by NameResolutionError(""HTTPSConnection(host='mn.carsprogram.org', port=443): Failed to resolve 'mn.carsprogram.org' ([Errno -3] Temporary failure in name resolution)""))",,
3118,caltrans_cwwp2_cc_d02,2026-07-30 02:51:36.365117+00,2026-07-30 02:51:56.783424+00,failed,,,,"HTTPSConnectionPool(host='cwwp2.dot.ca.gov', port=443): Max retries exceeded with url: /data/d2/cc/ccStatusD02.json (Caused by NameResolutionError(""HTTPSConnection(host='cwwp2.dot.ca.gov', port=443): Failed to resolve 'cwwp2.dot.ca.gov' ([Errno -3] Temporary failure in name resolution)""))",,
3119,osm_truck_repair_overpass,2026-07-30 02:51:36.57184+00,2026-07-30 03:48:47.212436+00,success,,764,,endpoint=https://overpass-api.de/api/interpreter; observed_at=2026-07-30T03:46:01Z (overpass osm3s.timestamp_osm_base); osm.truck_repair=764; elements=764 skipped_no_position=0; route_assigned=764,,
3120,aaa_daily,2026-07-30 02:51:36.909909+00,2026-07-30 02:51:37.548684+00,failed,,,,"ConnectionError: HTTPSConnectionPool(host='gasprices.aaa.com', port=443): Max retries exceeded with url: /state-gas-price-averages/ (Caused by NameResolutionError(""HTTPSConnection(host='gasprices.aaa.com', port=443): Failed to resolve 'gasprices.aaa.com' ([Errno -3] Temporary failure in name resolution)""))",,
3121,quality_nightly,2026-07-30 02:51:37.01493+00,2026-07-30 03:47:45.061554+00,success,,611,,"gate4: bridges_closed_vs_clearance opened=0 closed=0 | rescored (changed rows): bridges=0, tunnels=0, parking_sites=0, live_events=611",,
3122,wzdx_az,2026-07-30 02:51:57.692795+00,2026-07-30 03:47:05.326808+00,failed,,,,"HTTPSConnectionPool(host='az511.com', port=443): Max retries exceeded with url: /api/wzdx (Caused by NameResolutionError(""HTTPSConnection(host='az511.com', port=443): Failed to resolve 'az511.com' ([Errno -3] Temporary failure in name resolution)""))",,
3123,caltrans_cwwp2_cc_d09,2026-07-30 03:47:06.588931+00,2026-07-30 03:47:17.593845+00,success,127,127,0,,de259aaf082f3817c32368790ad19404946f5b29ad4670823c9935ab7d324d0e,200
3124,wzdx_ks,2026-07-30 03:47:18.198045+00,2026-07-30 03:47:37.600921+00,success,468,468,0,,270285265d05af723714ee4c5a77e7a54dc21faaf75386a50f442356e0d9dac4,200
3125,nws_alerts,2026-07-30 03:47:40.620275+00,2026-07-30 03:47:43.200268+00,success,230,230,0,,219ac6e8fd33756527041c1a1d3ef99e1a2658a81ae465fe96342d5734cb81c2,200
3126,wzdx_wa,2026-07-30 03:47:46.840051+00,2026-07-30 03:47:58.966033+00,success,567,551,16,,212b0c75ee37da2ac215019db2b2785c76f85ebb927150a87a67173f651d9cf8,200
3127,caltrans_cwwp2_cc_d03,2026-07-30 03:48:00.154967+00,2026-07-30 03:48:09.328912+00,success,230,230,0,,3bf6ea05df03517d1363e42f55a1276c77ae8513fc901109a194c771893d9ad2,200
3128,wzdx_mn,2026-07-30 03:48:10.936763+00,2026-07-30 03:48:18.878998+00,success,649,649,0,,b85f3b1291b676c3a5c99dc7e53365a63541a3aaa54750dd6e052c08a5ade347,200
3129,caltrans_cwwp2_cc_d02,2026-07-30 03:48:19.65759+00,2026-07-30 03:48:27.016178+00,success,208,208,0,,42ad5aa676cfe86474f0ab9573c4f07a6a3b84b8f33f69ade62e4afc14326147,200
3130,eia_diesel,2026-07-30 03:48:27.767698+00,2026-07-30 03:48:44.472892+00,skipped_unchanged,,,,payload hash unchanged,ba729c2ea325e3e8c76b26f7f405db0287dc51fd70c2086b676b8599fff7e3ee,200
3131,wzdx_az,2026-07-30 03:48:45.260014+00,2026-07-30 03:48:58.850885+00,success,3434,3434,0,,08a8623f215ca3d63c2cc8aa3727470800ae71a5c9b40a50a0ec01f750bfa2b5,200
3132,nws_alerts,2026-07-30 03:58:08.397429+00,2026-07-30 03:58:10.6121+00,success,237,237,0,,417c146c50a2309e255f5210c6de17b4f6411146bca6561eaa88f7782a36dea6,200
3133,caltrans_cwwp2_cc_d03,2026-07-30 04:03:04.790089+00,2026-07-30 04:03:12.941393+00,success,230,230,0,,9e8d70a12ab6b9098fdec022bbc9e7bb61b1b953e300bb27484ba389565bf4e8,200
3134,caltrans_cwwp2_cc_d09,2026-07-30 04:03:13.387883+00,2026-07-30 04:03:19.057703+00,success,127,127,0,,f346d90e10bfb7a34b1d4aeaceff49c40ab1d1f26012b168deb9f77a776d54f3,200
3135,wzdx_ks,2026-07-30 04:03:19.732829+00,2026-07-30 04:03:34.841148+00,success,468,468,0,,878d34891df1b4636bf5b14ef178ba7a304df25a0e987a10a33affa4892e3c49,200
3136,wzdx_wa,2026-07-30 04:03:35.357986+00,2026-07-30 04:03:51.531711+00,success,567,551,16,,a93b6ce9059c5d968a736652b3235cc32354a3c87a55ece265bff81b59409190,200
3137,wzdx_mn,2026-07-30 04:04:07.487013+00,2026-07-30 04:04:14.862922+00,success,649,649,0,,e4cba0459e3318a5973e86d1a7b3b01c7cbf7d0a66f536a32253130ed0e40397,200
3138,caltrans_cwwp2_cc_d02,2026-07-30 04:04:15.361158+00,2026-07-30 04:04:23.431795+00,success,208,208,0,,66d7c211aa5badab5459931bdd9ed87c1ac91ce68c27c4af041194c6fd33c988,200
3139,wzdx_az,2026-07-30 04:04:23.836607+00,2026-07-30 04:04:36.261382+00,success,3434,3434,0,,175c4ff2a00ea5c3fa202b002a9f397888a69e3721460566f037b640a2955956,200
3140,nws_alerts,2026-07-30 04:09:09.115639+00,2026-07-30 04:09:10.941615+00,success,229,229,0,,95f191de209f139369d09413115499f2fa7865b17ba9b01408c3dfa42a26b577,200
3141,wzdx_ks,2026-07-30 04:19:04.975077+00,2026-07-30 04:19:20.696436+00,success,468,468,0,,4c3da7da279e2c952c23e8e116d7a47dba09712a3934ab1a8125f12d2ff2c177,200
3142,caltrans_cwwp2_cc_d09,2026-07-30 04:19:21.210171+00,2026-07-30 04:19:27.160991+00,success,127,127,0,,7f28c0616c6568f467bced35d40f01b691f6854a440abe58b27983bd522bfacc,200
3143,caltrans_cwwp2_cc_d03,2026-07-30 04:19:27.65188+00,2026-07-30 04:19:35.773114+00,success,230,230,0,,1f6967187a37d6d791fad5cde493233e77981e0723fd5628b088dd2a363f8869,200
3144,wzdx_wa,2026-07-30 04:19:36.246324+00,2026-07-30 04:19:40.823913+00,skipped_unchanged,,,,payload hash unchanged,a93b6ce9059c5d968a736652b3235cc32354a3c87a55ece265bff81b59409190,200
3145,nws_alerts,2026-07-30 04:20:01.561072+00,2026-07-30 04:20:03.131296+00,success,230,230,0,,41f7cca2cc70f12554ef181a3519c7fc843a1d7e5bab30672c2569d8d3316aec,200
3146,wzdx_mn,2026-07-30 04:20:03.519993+00,2026-07-30 04:20:29.739191+00,success,649,649,0,,ced55ac8424ab9f4f63130531fca7022be9efd0118c1ba978bd6ddc904a93ec6,200
3147,caltrans_cwwp2_cc_d02,2026-07-30 04:20:30.230616+00,2026-07-30 04:20:38.749632+00,success,208,208,0,,a10c79f20b2293f88f1878e6fa74e8c223cd853571aa8d6f46d8f0c8815d22c1,200
3148,wzdx_az,2026-07-30 04:20:39.286763+00,2026-07-30 04:20:53.165476+00,success,3433,3433,0,,44cdc913eef5398adbc6e2e2bb3f508cb2f2869f0838f085180858d9c56977c9,200
3149,nws_alerts,2026-07-30 04:30:06.001791+00,2026-07-30 04:30:08.108087+00,success,225,225,0,,dbd9fe560b403366a86174636a8fea435032d5cd78514e68f06a211d28cab6ce,200
3150,wzdx_ks,2026-07-30 04:35:07.780971+00,2026-07-30 04:35:24.754312+00,success,468,468,0,,36e87ffb45591091f71321d38ddece28ccf31721873f5c4e173ccac868e6070c,200
3151,wzdx_mn,2026-07-30 04:35:25.094481+00,2026-07-30 04:35:31.22242+00,success,651,651,0,,14fa8fe87fed368bc64d0487db08ef3ba94ab0fb71350aa93298ff81562b39e7,200
3152,caltrans_cwwp2_cc_d09,2026-07-30 04:35:31.77035+00,2026-07-30 04:35:37.591145+00,success,127,127,0,,b0a66bb11aad25338c69db477c05a751a0b03a57005f94c3a8066d098f3dae92,200
3153,caltrans_cwwp2_cc_d03,2026-07-30 04:35:38.110158+00,2026-07-30 04:35:45.712565+00,success,230,230,0,,dea212b22c420a3dad3deb49e4ca0599f1cf238265723dbe23725d6bcd24c914,200
3154,wzdx_wa,2026-07-30 04:35:46.22582+00,2026-07-30 04:35:49.273797+00,skipped_unchanged,,,,payload hash unchanged,a93b6ce9059c5d968a736652b3235cc32354a3c87a55ece265bff81b59409190,200
3155,caltrans_cwwp2_cc_d02,2026-07-30 04:36:05.491413+00,2026-07-30 04:36:11.893149+00,success,208,208,0,,212e6d59a2d6a2ae8b37f65c8eb74ef5f45861e42a6cfe295d668bdb5c58830e,200
3156,wzdx_az,2026-07-30 04:36:12.425768+00,2026-07-30 04:36:24.092299+00,success,3433,3433,0,,16c6d7b4a52534477dc349eb4390f83455efaeb11f47046bbff29d8ff340154f,200
3157,nws_alerts,2026-07-30 04:41:07.900599+00,2026-07-30 04:41:09.640482+00,success,231,231,0,,4899f5c39a62be996f804e29e0630145b01a1fae9395a6b591a5b0d37764598e,200
3158,wzdx_ks,2026-07-30 04:51:09.61242+00,2026-07-30 04:51:21.99919+00,success,468,468,0,,a7f6a77630688cd1a83ad1a3a8d76b3df1ee85888c5faf2dace68a1c98c68b4f,200
3159,wzdx_mn,2026-07-30 04:51:22.408422+00,2026-07-30 04:51:40.515252+00,success,651,651,0,,98490b340f1c19932f244ac90a3f05297bbab78d44ce828dec5444299416d2d7,200
3160,caltrans_cwwp2_cc_d09,2026-07-30 04:51:40.810636+00,2026-07-30 04:51:46.909693+00,success,127,127,0,,f00c1bbfe735e1fdf19341da240ff9f16035bddfa6ec8783a0dcaaa754573d8c,200
3161,caltrans_cwwp2_cc_d03,2026-07-30 04:51:47.39621+00,2026-07-30 04:51:54.434015+00,success,230,230,0,,b3192761f57ce33fcafb1969c91cf2c270fabd4ca87e6224b375a2606160810b,200
3162,wzdx_wa,2026-07-30 04:51:54.937842+00,2026-07-30 04:52:00.125446+00,skipped_unchanged,,,,payload hash unchanged,a93b6ce9059c5d968a736652b3235cc32354a3c87a55ece265bff81b59409190,200
3163,nws_alerts,2026-07-30 04:52:05.948126+00,2026-07-30 04:52:07.83708+00,success,227,227,0,,c1a912954e10094ba7d83bb4efef3285ac940f3a7fb3063a2efdf93ea3564d2f,200
3164,ntad_parking,2026-07-30 04:52:08.310789+00,2026-07-30 04:52:12.410583+00,skipped_unchanged,,,,payload hash unchanged,0d4da7c7b6334a8f777d341d77f207727671c46ed5d25cbba3b89469eded8c2a,200
3165,caltrans_cwwp2_cc_d02,2026-07-30 04:52:12.813825+00,2026-07-30 04:52:19.793123+00,success,208,208,0,,d174f064a9c1500dbf244d971175d5c2a1153bfd41b4581e93fd2042e9bd07cc,200
3166,wzdx_az,2026-07-30 04:52:20.200979+00,2026-07-30 04:52:33.458391+00,success,3433,3433,0,,6d8324207cdf9b36c3ef9b289ec7ffee5f716b9db83ad242c2cdcf536e8ce617,200
3167,nws_alerts,2026-07-30 05:03:08.760781+00,2026-07-30 05:03:10.867801+00,success,228,228,0,,c2c3b3875f318e04ea4641bc57193585adb6380bb497ff22caa5951d5478e4fb,200
3168,wzdx_ks,2026-07-30 05:07:08.624428+00,2026-07-30 05:07:24.062286+00,success,468,468,0,,d06397d07887d67ddbf8e6ee1432479a8ebb0505375452cde47aa6ba11e3f63e,200
3169,wzdx_mn,2026-07-30 05:07:24.539379+00,2026-07-30 05:07:30.830317+00,success,649,649,0,,069e21bc84f8fff6b6dbb630036aab3d60d1db5f298643a69718df84a492f206,200
3170,caltrans_cwwp2_cc_d09,2026-07-30 05:07:31.43371+00,2026-07-30 05:07:35.533263+00,success,127,127,0,,eba42651181932d8ba3c54c3816dc927258751c11b70833dc04787085898fc52,200
3171,caltrans_cwwp2_cc_d03,2026-07-30 05:07:35.977568+00,2026-07-30 05:07:44.079765+00,success,230,230,0,,6bdf71bc265f48bee610379291626363cecb1c92073f9447639b341a3d5d40d5,200
3172,wzdx_wa,2026-07-30 05:07:44.497401+00,2026-07-30 05:07:48.699174+00,skipped_unchanged,,,,payload hash unchanged,a93b6ce9059c5d968a736652b3235cc32354a3c87a55ece265bff81b59409190,200
3173,caltrans_cwwp2_cc_d02,2026-07-30 05:08:09.810538+00,2026-07-30 05:08:16.937459+00,success,208,208,0,,6d2da3fb3b946446402537ff1f312d48457bb2b087792f62d1953693ed3338de,200
3174,wzdx_az,2026-07-30 05:08:17.495188+00,2026-07-30 05:08:29.593159+00,success,3433,3433,0,,e2016363cd1590bff942e1fd914f4e01279c6c4cf71cd88ab71114b883ba2386,200
3175,nws_alerts,2026-07-30 05:14:05.128071+00,2026-07-30 05:14:07.709406+00,success,230,230,0,,eea4a64c788c8cdd5001b9573c70e0c3f1d0d6c608a5a8fa30c193ebc4320c41,200
3176,wzdx_ks,2026-07-30 05:23:05.153992+00,2026-07-30 05:23:25.578282+00,success,468,468,0,,a115cb3156a6cd7d854607c3ee1491e9cb5358efa30fe49981b73d4d9a918e88,200
3177,wzdx_mn,2026-07-30 05:23:26.01369+00,2026-07-30 05:23:33.099794+00,success,651,651,0,,28cbf6469338b0e0e86a250b07a908eab433550d65e391623ed559fac4476fe9,200
3178,caltrans_cwwp2_cc_d09,2026-07-30 05:23:33.584074+00,2026-07-30 05:23:39.526466+00,success,127,127,0,,5be30ce0724805ca3381d9d6008692e480f144de73e8fea10ba14ca33facb6d7,200
3179,caltrans_cwwp2_cc_d03,2026-07-30 05:23:40.083284+00,2026-07-30 05:23:47.468283+00,success,230,230,0,,ae11acc48f8f189aa84596672fc2ce24d8e48592a011b6b195540ec97982aeee,200
3180,wzdx_wa,2026-07-30 05:23:47.993079+00,2026-07-30 05:23:54.173813+00,success,567,551,16,,af4aca4d963d3398c12693137a5ccb28de495e93bc6fe4b917b0b6bf4d7b95a5,200
3181,caltrans_cwwp2_cc_d02,2026-07-30 05:24:05.210744+00,2026-07-30 05:24:13.301244+00,success,208,208,0,,e1e1e72224ffdc5636a1487ac07d39a3cd5259a98ca20d0f74d6efd878a9ca96,200
3182,wzdx_az,2026-07-30 05:24:13.797138+00,2026-07-30 05:24:25.326694+00,success,3433,3433,0,,8c49666bfde00f522f49522beed5938f3c9b653210e41622eba0c34d8f3a984d,200
3183,nws_alerts,2026-07-30 05:25:06.798119+00,2026-07-30 05:25:09.309169+00,success,230,230,0,,b85828956a7d3299a3982df53a87e7b6655a1e972d4f9bbc3e370d8f3b25c062,200
3184,nws_alerts,2026-07-30 05:36:05.686232+00,2026-07-30 05:36:07.846798+00,success,226,226,0,,34f338bb77ae48c6c5f95659739e2aebb589608a25791d33c7e7690df17b016b,200
3185,caltrans_cwwp2_cc_d03,2026-07-30 05:39:08.550046+00,2026-07-30 05:39:18.417303+00,success,230,230,0,,957ceedd21795c4c7d00adff55228dc8e0dab60e6ac6743cbf69a592beda6764,200
3186,caltrans_cwwp2_cc_d09,2026-07-30 05:39:18.811481+00,2026-07-30 05:39:24.383242+00,success,127,127,0,,b111b3df8e7716364030549c660ed49c490258e1e9054912c28f3a6b4c78ea3e,200
3187,wzdx_ks,2026-07-30 05:39:24.885955+00,2026-07-30 05:39:40.97247+00,success,468,468,0,,52c06941a49b1c2742d79d17bb044e1828553fd3e54223641aee5712d0276ead,200
3188,wzdx_mn,2026-07-30 05:39:41.485964+00,2026-07-30 05:39:48.335734+00,success,647,647,0,,b1a63fa05a7e2310d21a7b89f526d79dec64c12ebf219af48626be11758fa628,200
3189,wzdx_wa,2026-07-30 05:39:48.771303+00,2026-07-30 05:39:52.221464+00,skipped_unchanged,,,,payload hash unchanged,af4aca4d963d3398c12693137a5ccb28de495e93bc6fe4b917b0b6bf4d7b95a5,200
3190,caltrans_cwwp2_cc_d02,2026-07-30 05:40:08.219687+00,2026-07-30 05:40:15.518461+00,success,208,208,0,,abd39f99e57c4c9e6f4fac1b1e41fd27ccc22104f3bd382507f53514ae936835,200
3191,wzdx_az,2026-07-30 05:40:16.004537+00,2026-07-30 05:40:28.701616+00,success,3433,3433,0,,528248812afc43ae277b7ca93705bd1126d02474c3d174f7633253cb36aaf4a9,200
3192,nws_alerts,2026-07-30 05:47:09.515057+00,2026-07-30 05:47:11.412405+00,success,227,227,0,,642abd04f57814268c7d4162b4a440d690a1fe01e5115824f801be6eeb7acfb5,200
3193,caltrans_cwwp2_cc_d03,2026-07-30 05:55:05.603907+00,2026-07-30 05:55:14.410535+00,success,230,230,0,,e690d1e6844ef16491e4708709f61cd28ad714bf2a8f17d9624d2d67f4148b3f,200
3194,caltrans_cwwp2_cc_d09,2026-07-30 05:55:14.855226+00,2026-07-30 05:55:20.116298+00,success,127,127,0,,a09e798893c204515ce0be3cf10eb1254ec467c44c55d843a7ad7f4757d0ce4d,200
3195,wzdx_ks,2026-07-30 05:55:20.597737+00,2026-07-30 05:55:36.172832+00,success,468,468,0,,d90adbf0380f1a21bbba136f67ea363095ebf1f84655d636fd699d4a66c04472,200
3196,wzdx_mn,2026-07-30 05:55:36.566712+00,2026-07-30 05:55:47.539546+00,success,645,645,0,,7ac9f855922ba027eefde81a4b40e8e272c403419a9d89a678cc5f794ad21635,200
3197,wzdx_wa,2026-07-30 05:55:48.056734+00,2026-07-30 05:55:54.183062+00,success,567,551,16,,08814ce447436ca04f4030b3b28d6e404820bbdf8bd6a54dc5c817ec0cc179ac,200
3198,caltrans_cwwp2_cc_d02,2026-07-30 05:56:04.920747+00,2026-07-30 05:56:11.991107+00,success,208,208,0,,f3757250089325e8f9af6a29f558c37ea54953b018abd0cbc21791cb351c62bd,200
3199,wzdx_az,2026-07-30 05:56:12.558405+00,2026-07-30 05:56:22.131855+00,success,3433,3433,0,,44d6cb7308c7e7a843fe77728e20e5e1781d3f076010beaba918322330a23416,200
3200,nws_alerts,2026-07-30 05:58:05.350355+00,2026-07-30 05:58:07.560032+00,success,229,229,0,,7852b6f23d774bb5ff108b1d156440747e7506322889924daf382a5e96028f3d,200
3201,nws_alerts,2026-07-30 06:09:07.318556+00,2026-07-30 06:09:09.488118+00,success,222,222,0,,b7cce41688760502c15feed5c45bbc5c4d6d9126e4eab919718ab939aff05d5d,200
3202,caltrans_cwwp2_cc_d03,2026-07-30 06:11:08.896046+00,2026-07-30 06:11:17.632355+00,success,230,230,0,,75252ea02203472568c5586fafbd81f267c843ce53e21780011ad71b8106aa75,200
3203,caltrans_cwwp2_cc_d09,2026-07-30 06:11:18.104408+00,2026-07-30 06:11:23.983464+00,success,127,127,0,,9afb7343feb0ff155dfcf41a3d6d6995531259a1867b6ea5341c49a10a458441,200
3204,wzdx_ks,2026-07-30 06:11:24.53959+00,2026-07-30 06:11:55.97809+00,success,468,468,0,,851c38f87e0216f43e2665e455f3a347d099c5a368021d5c2836e6716d63567a,200
3205,wzdx_mn,2026-07-30 06:11:56.458051+00,2026-07-30 06:12:25.452976+00,success,651,651,0,,c44b1ee2ad59ec222c0dffe727fb1ee7d3c0fe62396e2aa80736c58228e39dd5,200
3206,wzdx_wa,2026-07-30 06:12:25.919728+00,2026-07-30 06:12:31.494761+00,success,567,551,16,,e37a8021e8c4616e568a753d8be0185d49fd1773fda020a27aaded1db6424db8,200
3207,caltrans_cwwp2_cc_d02,2026-07-30 06:12:31.860896+00,2026-07-30 06:12:38.475245+00,success,208,208,0,,8764facc974b631112478b313b7a02e8478bd291d02eab884f04d03fe9decd01,200
3208,wzdx_az,2026-07-30 06:12:38.814818+00,2026-07-30 06:12:50.098354+00,success,3431,3431,0,,d670b42e93291ba026ebfece0dfe31252dbc9bd2cc0b09f370cbc41c49d0317d,200
3209,nws_alerts,2026-07-30 06:20:08.649413+00,2026-07-30 06:20:11.12254+00,success,226,226,0,,1f029a65f56f54ae8333e4fbb70b82bbda34b91d4bd1830c3f3d0884a7c5e847,200
3210,caltrans_cwwp2_cc_d03,2026-07-30 06:27:08.552012+00,2026-07-30 06:27:15.154726+00,success,230,230,0,,3fd0029312b1f300817d37088b7a2a3811e0ee1c87d44778534234c98cb26611,200
3211,caltrans_cwwp2_cc_d09,2026-07-30 06:27:15.646054+00,2026-07-30 06:27:20.802626+00,success,127,127,0,,293d83fb92950218fb5df29cca4f45d684198e466f20e353f122f074d4a27e82,200
3212,wzdx_ks,2026-07-30 06:27:21.279719+00,2026-07-30 06:27:36.593961+00,success,468,468,0,,5e51dc022e6969188f308cdb1e66422dc77610ce4a7d6c76d00aa34f79d654c3,200
3213,wzdx_mn,2026-07-30 06:27:37.069116+00,2026-07-30 06:27:44.533651+00,success,647,647,0,,c42c6a82fe0da1760c6e34da3c1a2af134c413f0f9568c3eb55d59a4a81bf7fe,200
3214,caltrans_cwwp2_cc_d02,2026-07-30 06:28:05.845333+00,2026-07-30 06:28:13.677423+00,success,208,208,0,,5f10a7ca8f64fb8850cc7b058579cd718bbe34dadf9b3bee335432e9349ed498,200
3215,wzdx_az,2026-07-30 06:28:14.204569+00,2026-07-30 06:28:27.129387+00,success,3431,3431,0,,0bd78129ae7cc7e75bb295d4603feca060c9ccf299f9610594d183f141662c20,200
3216,wzdx_wa,2026-07-30 06:28:27.565244+00,2026-07-30 06:28:32.521005+00,skipped_unchanged,,,,payload hash unchanged,e37a8021e8c4616e568a753d8be0185d49fd1773fda020a27aaded1db6424db8,200
3217,nws_alerts,2026-07-30 06:31:07.162351+00,2026-07-30 06:31:09.334116+00,success,227,227,0,,1ff15d45c072f89f1d1f81fec62b078f8265877e58a41c1ea41f164edda87173,200
3218,nws_alerts,2026-07-30 06:42:08.672903+00,2026-07-30 06:42:10.541312+00,success,228,228,0,,817e846c6e28c625d36ccad5dcf0d05ee5021880b93f30211fa2f99913acbe93,200
3219,caltrans_cwwp2_cc_d03,2026-07-30 06:43:07.576384+00,2026-07-30 06:43:15.799317+00,success,230,230,0,,19122d5b824dc3a6c56b835bd37ab21b176e43bbc73b16e780678560187aaf17,200
3220,caltrans_cwwp2_cc_d09,2026-07-30 06:43:16.314558+00,2026-07-30 06:43:21.701168+00,success,127,127,0,,b81acae539662927fd4824c59b5048ec99e038e7e7a20764164bc356d206b198,200
3221,wzdx_ks,2026-07-30 06:43:22.110021+00,2026-07-30 06:43:35.892607+00,success,468,468,0,,3915b6d70e82e093ee2862e3f576ba0d0b4941fcb475e850205c949054c75beb,200
3222,wzdx_mn,2026-07-30 06:43:36.557002+00,2026-07-30 06:43:43.159076+00,success,649,649,0,,8a52c1097c91ad45e7e37b8baa4edc21a359f3b604c99189ea7668e0e7709b11,200
3223,caltrans_cwwp2_cc_d02,2026-07-30 06:44:09.454355+00,2026-07-30 06:44:16.659564+00,success,208,208,0,,c3b85ff2152ac97553ab5664b5851114da63692ff6bf34041353d5376e6e92a5,200
3224,wzdx_az,2026-07-30 06:44:17.134344+00,2026-07-30 06:44:29.612873+00,success,3431,3431,0,,663861a8ce149e85aadf6872510c204f2de90c00091da327cd856e5e0f0603a5,200
3225,wzdx_wa,2026-07-30 06:44:29.99726+00,2026-07-30 06:44:32.998938+00,skipped_unchanged,,,,payload hash unchanged,e37a8021e8c4616e568a753d8be0185d49fd1773fda020a27aaded1db6424db8,200
3226,nws_alerts,2026-07-30 06:53:07.690605+00,2026-07-30 06:53:09.508954+00,success,229,229,0,,0f7bc431e292e679927ee245bc21d5524979085c67509ba0f080115c3abf4b8f,200
3227,caltrans_cwwp2_cc_d03,2026-07-30 06:59:09.702365+00,2026-07-30 06:59:17.530024+00,success,230,230,0,,dc9753048f948cdd368c80b02be139094e77ef080c8701c619708fc8746cdb50,200
3228,caltrans_cwwp2_cc_d09,2026-07-30 06:59:17.970288+00,2026-07-30 06:59:23.417467+00,success,127,127,0,,88eab3b96ec2cfacec2f84efb34dae479883ae3623f1eb08831dfa2c96cc2bc6,200
3229,wzdx_ks,2026-07-30 06:59:23.859666+00,2026-07-30 06:59:37.400743+00,success,468,468,0,,f76d963b9cc97063c47660c231fca27f32137441ad8efa1d4e64d1e129569d08,200
3230,wzdx_mn,2026-07-30 06:59:37.836687+00,2026-07-30 06:59:53.55712+00,success,647,647,0,,b233dbce9c11f96bea81441f8c2c634f44e183daec7458d773e2b5967dd6b8fa,200
3231,caltrans_cwwp2_cc_d02,2026-07-30 07:00:09.372869+00,2026-07-30 07:00:16.996851+00,success,208,208,0,,fff9421862775f2e9fb9afbf079bd0941399a9f065c7ca12939153a898859bb8,200
3232,wzdx_az,2026-07-30 07:00:17.445998+00,2026-07-30 07:00:30.579983+00,success,3356,3356,0,,83641867dae63ade54d961071a2e8fb41a4a3fe7a2b112e2b2b4a1dc3d0b2b78,200
3233,wzdx_wa,2026-07-30 07:00:30.973689+00,2026-07-30 07:00:34.977054+00,skipped_unchanged,,,,payload hash unchanged,e37a8021e8c4616e568a753d8be0185d49fd1773fda020a27aaded1db6424db8,200
3234,nws_alerts,2026-07-30 07:04:06.167793+00,2026-07-30 07:04:07.937089+00,success,230,230,0,,344e30cd13935699d9045b9408c9b6a8cad5255c76337c8bb35fb86052fdc7cc,200
3235,caltrans_cwwp2_cc_d03,2026-07-30 07:15:06.152757+00,2026-07-30 07:15:11.595602+00,success,230,230,0,,1c13701ac495875d6842a2581423f9f06a1109ebdad62c78e089db06333401d5,200
3236,caltrans_cwwp2_cc_d09,2026-07-30 07:15:11.951191+00,2026-07-30 07:15:16.507426+00,success,127,127,0,,409be872b535bdb5a39b1954fb44eb0f05238bb139c580f0ae42836c903b2fa5,200
