osm_id,name,state,geom,source_id,run_id,ingested_at,observed_at,confidence,conf_trust,conf_fresh,conf_complete,conf_agree,flags,props
node/10001507922,CAT Scale,,POINT(-100.8118525 39.118639),osm_pois,981,2026-07-22 20:25:30.476626+00,2026-07-21 20:21:50+00,,,,,,{},"{""ref"": ""1094"", ""name"": ""CAT Scale"", ""brand"": ""CAT Scale"", ""amenity"": ""weighbridge"", ""website"": ""https://catscale.com/cat-scale-locator/?single=1094"", ""operator"": ""TA"", ""brand:wikidata"": ""Q111631907"", ""operator:phone"": ""+1 785-672-4111"", ""operator:website"": ""https://www.ta-petro.com/location/ks/ta-oakley/"", ""operator:wikidata"": ""Q7835892""}"
node/10001539012,CAT Scale,,POINT(-101.0528274 39.3606343),osm_pois,981,2026-07-22 20:25:30.476626+00,2026-07-21 20:21:50+00,,,,,,{},"{""ref"": ""1145"", ""name"": ""CAT Scale"", ""brand"": ""CAT Scale"", ""amenity"": ""weighbridge"", ""website"": ""https://catscale.com/cat-scale-locator/?single=1145"", ""operator"": ""Oasis Travel Center"", ""brand:wikidata"": ""Q111631907"", ""operator:phone"": ""+1 785-460-0044""}"
node/10001567849,CAT Scale,,POINT(-101.7271753 39.3253424),osm_pois,981,2026-07-22 20:25:30.476626+00,2026-07-21 20:21:50+00,,,,,,{},"{""name"": ""CAT Scale"", ""brand"": ""CAT Scale"", ""amenity"": ""weighbridge"", ""brand:wikidata"": ""Q111631907""}"
node/10001575041,,,POINT(-102.0438227 39.3294393),osm_pois,981,2026-07-22 20:25:30.476626+00,2026-07-21 20:21:50+00,,,,,,{},"{""amenity"": ""weighbridge""}"
node/10003142518,,,POINT(-95.6282142 40.5512485),osm_pois,981,2026-07-22 20:25:30.476626+00,2026-07-21 20:21:50+00,,,,,,{},"{""amenity"": ""weighbridge""}"
node/10003142519,,,POINT(-95.6279307 40.5495047),osm_pois,981,2026-07-22 20:25:30.476626+00,2026-07-21 20:21:50+00,,,,,,{},"{""amenity"": ""weighbridge""}"
node/10003173644,CAT Scale,,POINT(-95.8278534 41.046051),osm_pois,981,2026-07-22 20:25:30.476626+00,2026-07-21 20:21:50+00,,,,,,{},"{""ref"": ""1949"", ""name"": ""CAT Scale"", ""brand"": ""CAT Scale"", ""amenity"": ""weighbridge"", ""website"": ""https://catscale.com/cat-scale-locator/?single=1949"", ""operator"": ""Love's Travel Stop"", ""brand:wikidata"": ""Q111631907"", ""operator:phone"": ""+1 712-622-8201"", ""operator:website"": ""https://www.loves.com/locations/704"", ""operator:wikidata"": ""Q1872496""}"
node/10003605648,,,POINT(-87.9473707 42.4686681),osm_pois,981,2026-07-22 20:25:30.476626+00,2026-07-21 20:21:50+00,,,,,,{},"{""amenity"": ""weighbridge""}"
node/10003605649,,,POINT(-87.9474535 42.468472),osm_pois,981,2026-07-22 20:25:30.476626+00,2026-07-21 20:21:50+00,,,,,,{},"{""amenity"": ""weighbridge""}"
node/10003642724,,,POINT(-86.1547888 32.2588414),osm_pois,981,2026-07-22 20:25:30.476626+00,2026-07-21 20:21:50+00,,,,,,{},"{""amenity"": ""weighbridge""}"
node/10005199355,CAT Scale,,POINT(-89.3697891 38.3845217),osm_pois,981,2026-07-22 20:25:30.476626+00,2026-07-21 20:21:50+00,,,,,,{},"{""name"": ""CAT Scale"", ""brand"": ""CAT Scale"", ""amenity"": ""weighbridge"", ""brand:wikidata"": ""Q111631907""}"
node/10005199463,CAT Scale,,POINT(-89.5350771 38.4361599),osm_pois,981,2026-07-22 20:25:30.476626+00,2026-07-21 20:21:50+00,,,,,,{},"{""ref"": ""1620"", ""name"": ""CAT Scale"", ""brand"": ""CAT Scale"", ""amenity"": ""weighbridge"", ""website"": ""https://catscale.com/cat-scale-locator/?single=1620"", ""operator"": ""Road Ranger"", ""brand:wikidata"": ""Q111631907"", ""operator:phone"": ""+1 815-656-4143""}"
node/10007051228,CAT Scale,,POINT(-112.3521738 38.9478449),osm_pois,981,2026-07-22 20:25:30.476626+00,2026-07-21 20:21:50+00,,,,,,{},"{""ref"": ""3332"", ""name"": ""CAT Scale"", ""brand"": ""CAT Scale"", ""amenity"": ""weighbridge"", ""website"": ""https://catscale.com/cat-scale-locator/?single=3332"", ""operator"": ""Love's Travel Stop"", ""brand:wikidata"": ""Q111631907"", ""operator:phone"": ""+1 484-630-6993"", ""operator:website"": ""https://www.loves.com/locations/835"", ""operator:wikidata"": ""Q1872496""}"
node/10009339495,,,POINT(-94.2988535 37.5490672),osm_pois,981,2026-07-22 20:25:30.476626+00,2026-07-21 20:21:50+00,,,,,,{},"{""access"": ""private"", ""amenity"": ""weighbridge""}"
node/10010193248,CAT Scale,,POINT(-81.6670614 30.7947272),osm_pois,981,2026-07-22 20:25:30.476626+00,2026-07-21 20:21:50+00,,,,,,{},"{""ref"": ""944"", ""name"": ""CAT Scale"", ""brand"": ""CAT Scale"", ""amenity"": ""weighbridge"", ""website"": ""https://catscale.com/cat-scale-locator/?single=944"", ""operator"": ""Petro Stopping Center"", ""brand:wikidata"": ""Q111631907"", ""operator:phone"": ""+1 912-882-3111"", ""operator:wikidata"": ""Q64051305""}"
node/10015029766,,,POINT(-75.5309009 37.9759801),osm_pois,981,2026-07-22 20:25:30.476626+00,2026-07-21 20:21:50+00,,,,,,{},"{""amenity"": ""weighbridge"", ""operator"": ""Virginia Department of Motor Vehicles""}"
node/10029128074,,,POINT(-82.2377222 33.4870121),osm_pois,981,2026-07-22 20:25:30.476626+00,2026-07-21 20:21:50+00,,,,,,{},"{""amenity"": ""weighbridge""}"
node/10029128075,,,POINT(-82.2328036 33.4877886),osm_pois,981,2026-07-22 20:25:30.476626+00,2026-07-21 20:21:50+00,,,,,,{},"{""amenity"": ""weighbridge""}"
node/10042794000,CAT Scale,,POINT(-92.5103893 44.0932311),osm_pois,981,2026-07-22 20:25:30.476626+00,2026-07-21 20:21:50+00,,,,,,{},"{""ref"": ""1986"", ""name"": ""CAT Scale"", ""brand"": ""CAT Scale"", ""amenity"": ""weighbridge"", ""website"": ""https://catscale.com/cat-scale-locator/?single=1986"", ""operator"": ""Kwik Trip"", ""brand:wikidata"": ""Q111631907"", ""operator:phone"": ""+1 507-281-6331""}"
node/10053742975,CAT Scale,,POINT(-76.064743 39.5894024),osm_pois,981,2026-07-22 20:25:30.476626+00,2026-07-21 20:21:50+00,,,,,,{},"{""ref"": ""117"", ""name"": ""CAT Scale"", ""brand"": ""CAT Scale"", ""amenity"": ""weighbridge"", ""website"": ""https://catscale.com/cat-scale-locator/?single=117"", ""operator"": ""ONE9 Travel Center"", ""brand:wikidata"": ""Q111631907"", ""operator:phone"": ""+1 410-642-2883""}"
node/10053845611,,,POINT(-76.0733283 39.5680359),osm_pois,981,2026-07-22 20:25:30.476626+00,2026-07-21 20:21:50+00,,,,,,{},"{""amenity"": ""weighbridge""}"
node/10057431744,CAT Scale,,POINT(-80.6022517 33.1933013),osm_pois,981,2026-07-22 20:25:30.476626+00,2026-07-21 20:21:50+00,,,,,,{},"{""ref"": ""1625"", ""name"": ""CAT Scale"", ""brand"": ""CAT Scale"", ""amenity"": ""weighbridge"", ""website"": ""https://catscale.com/cat-scale-locator/?single=1625"", ""operator"": ""Flying J Travel Center"", ""brand:wikidata"": ""Q111631907"", ""operator:phone"": ""+1 843-563-8989"", ""operator:wikidata"": ""Q64130592""}"
node/10059925816,,,POINT(-81.6892534 30.9472821),osm_pois,981,2026-07-22 20:25:30.476626+00,2026-07-21 20:21:50+00,,,,,,{},"{""amenity"": ""weighbridge""}"
node/10062599560,,,POINT(-81.5814503 31.1381409),osm_pois,981,2026-07-22 20:25:30.476626+00,2026-07-21 20:21:50+00,,,,,,{},"{""amenity"": ""weighbridge""}"
node/10062599578,CAT Scale,,POINT(-81.5792019 31.1379597),osm_pois,981,2026-07-22 20:25:30.476626+00,2026-07-21 20:21:50+00,,,,,,{},"{""ref"": ""271"", ""name"": ""CAT Scale"", ""brand"": ""CAT Scale"", ""amenity"": ""weighbridge"", ""website"": ""https://catscale.com/cat-scale-locator/?single=271"", ""operator"": ""TA"", ""brand:wikidata"": ""Q111631907"", ""operator:phone"": ""+1 912-279-3386"", ""operator:website"": ""https://www.ta-petro.com/location/ga/ta-brunswick/"", ""operator:wikidata"": ""Q7835892""}"
node/10074113097,CAT Scale,,POINT(-81.6688492 30.8498188),osm_pois,981,2026-07-22 20:25:30.476626+00,2026-07-21 20:21:50+00,,,,,,{},"{""ref"": ""3186"", ""name"": ""CAT Scale"", ""brand"": ""CAT Scale"", ""amenity"": ""weighbridge"", ""website"": ""https://catscale.com/cat-scale-locator/?single=3186"", ""operator"": ""Circle K"", ""brand:wikidata"": ""Q111631907"", ""operator:phone"": ""+1 912-464-7462"", ""operator:wikidata"": ""Q3268010""}"
node/10092388220,CAT Scale,,POINT(-85.4386345 40.7231198),osm_pois,981,2026-07-22 20:25:30.476626+00,2026-07-21 20:21:50+00,,,,,,{},"{""ref"": ""177"", ""name"": ""CAT Scale"", ""brand"": ""CAT Scale"", ""amenity"": ""weighbridge"", ""website"": ""https://catscale.com/cat-scale-locator/?single=177"", ""operator"": ""Warren Travel Plaza"", ""brand:wikidata"": ""Q111631907"", ""operator:phone"": ""+1 260-375-2888""}"
node/10094498507,,,POINT(-93.6107406 41.8200802),osm_pois,981,2026-07-22 20:25:30.476626+00,2026-07-21 20:21:50+00,,,,,,{},"{""amenity"": ""weighbridge"", ""operator"": ""Hearrtland Co-Op""}"
node/10112518584,,,POINT(-95.9340611 41.3225276),osm_pois,981,2026-07-22 20:25:30.476626+00,2026-07-21 20:21:50+00,,,,,,{},"{""amenity"": ""weighbridge""}"
node/10114529276,CAT Scale,,POINT(-79.1427359 38.0201265),osm_pois,981,2026-07-22 20:25:30.476626+00,2026-07-21 20:21:50+00,,,,,,{},"{""ref"": ""760"", ""name"": ""CAT Scale"", ""brand"": ""CAT Scale"", ""amenity"": ""weighbridge"", ""website"": ""https://catscale.com/cat-scale-locator/?single=760"", ""operator"": ""Pilot Travel Center"", ""check_date"": ""2024-02-10"", ""brand:wikidata"": ""Q111631907"", ""operator:phone"": ""+1 540-324-0714"", ""operator:website"": ""https://locations.pilotflyingj.com/us/va/staunton/3541-lee-jackson-highway"", ""operator:wikidata"": ""Q64128179""}"
node/10121672090,CAT Scale,,POINT(-81.5258091 33.7494853),osm_pois,981,2026-07-22 20:25:30.476626+00,2026-07-21 20:21:50+00,,,,,,{},"{""ref"": ""1131"", ""name"": ""CAT Scale"", ""brand"": ""CAT Scale"", ""amenity"": ""weighbridge"", ""website"": ""https://catscale.com/cat-scale-locator/?single=1131"", ""operator"": ""Circle K"", ""brand:wikidata"": ""Q111631907"", ""operator:phone"": ""+1 803-663-6942"", ""operator:wikidata"": ""Q3268010""}"
node/10121729597,CAT Scale,,POINT(-81.291661 33.9238855),osm_pois,981,2026-07-22 20:25:30.476626+00,2026-07-21 20:21:50+00,,,,,,{},"{""ref"": ""1685"", ""name"": ""CAT Scale"", ""brand"": ""CAT Scale"", ""amenity"": ""weighbridge"", ""website"": ""https://catscale.com/cat-scale-locator/?single=1685"", ""operator"": ""Love's Travel Stop"", ""brand:wikidata"": ""Q111631907"", ""operator:phone"": ""+1 803-957-7856"", ""operator:website"": ""https://www.loves.com/locations/424"", ""operator:wikidata"": ""Q1872496""}"
node/10121729615,,,POINT(-81.268918 33.9392467),osm_pois,981,2026-07-22 20:25:30.476626+00,2026-07-21 20:21:50+00,,,,,,{},"{""amenity"": ""weighbridge""}"
node/10125865342,,,POINT(-122.9755725 45.0487513),osm_pois,981,2026-07-22 20:25:30.476626+00,2026-07-21 20:21:50+00,,,,,,{},"{""amenity"": ""weighbridge""}"
node/10125865345,CAT Scale,,POINT(-122.975243 45.0481203),osm_pois,981,2026-07-22 20:25:30.476626+00,2026-07-21 20:21:50+00,,,,,,{},"{""ref"": ""482"", ""name"": ""CAT Scale"", ""brand"": ""CAT Scale"", ""amenity"": ""weighbridge"", ""website"": ""https://catscale.com/cat-scale-locator/?single=482"", ""operator"": ""Pilot Travel Center"", ""brand:wikidata"": ""Q111631907"", ""operator:phone"": ""+1 503-463-1114"", ""operator:website"": ""https://locations.pilotflyingj.com/us/or/brooks/4220-brooklake-road-ne"", ""operator:wikidata"": ""Q64128179""}"
node/10128494847,,,POINT(-96.116242 41.2209617),osm_pois,981,2026-07-22 20:25:30.476626+00,2026-07-21 20:21:50+00,,,,,,{},"{""amenity"": ""weighbridge""}"
node/10136404442,,,POINT(-80.8887221 41.1050928),osm_pois,981,2026-07-22 20:25:30.476626+00,2026-07-21 20:21:50+00,,,,,,{},"{""access"": ""customers"", ""amenity"": ""weighbridge""}"
node/10140473550,CAT Scale,,POINT(-83.3940318 33.3479058),osm_pois,981,2026-07-22 20:25:30.476626+00,2026-07-21 20:21:50+00,,,,,,{},"{""ref"": ""1143"", ""name"": ""CAT Scale"", ""brand"": ""CAT Scale"", ""amenity"": ""weighbridge"", ""website"": ""https://catscale.com/cat-scale-locator/?single=1143"", ""operator"": ""Rana's Travel Center"", ""brand:wikidata"": ""Q111631907"", ""operator:phone"": ""+1 706-749-8111""}"
node/10140474643,CAT Scale,,POINT(-83.4745036 33.5513709),osm_pois,981,2026-07-22 20:25:30.476626+00,2026-07-21 20:21:50+00,,,,,,{},"{""ref"": ""208"", ""name"": ""CAT Scale"", ""brand"": ""CAT Scale"", ""amenity"": ""weighbridge"", ""website"": ""https://catscale.com/cat-scale-locator/?single=208"", ""operator"": ""TA"", ""brand:wikidata"": ""Q111631907"", ""operator:phone"": ""+1 706-342-4176"", ""operator:website"": ""https://www.ta-petro.com/location/ga/ta-madison/"", ""operator:wikidata"": ""Q7835892""}"
node/10140474702,CAT Scale,,POINT(-83.4795941 33.5602025),osm_pois,981,2026-07-22 20:25:30.476626+00,2026-07-21 20:21:50+00,,,,,,{},"{""ref"": ""917"", ""name"": ""CAT Scale"", ""brand"": ""CAT Scale"", ""amenity"": ""weighbridge"", ""website"": ""https://catscale.com/cat-scale-locator/?single=917"", ""operator"": ""Pilot Travel Center"", ""brand:wikidata"": ""Q111631907"", ""operator:website"": ""https://locations.pilotflyingj.com/us/ga/madison/1881-eatonton-road"", ""operator:wikidata"": ""Q64128179""}"
node/10141304335,CAT Scale,,POINT(-120.0262001 36.9255388),osm_pois,981,2026-07-22 20:25:30.476626+00,2026-07-21 20:21:50+00,,,,,,{},"{""ref"": ""3264"", ""name"": ""CAT Scale"", ""brand"": ""CAT Scale"", ""amenity"": ""weighbridge"", ""website"": ""https://catscale.com/cat-scale-locator/?single=3264"", ""operator"": ""EZ Trip Travel Center"", ""brand:wikidata"": ""Q111631907"", ""operator:phone"": ""+1 559-975-9006""}"
node/10141342754,CAT Scale,,POINT(-119.9521115 36.8530503),osm_pois,981,2026-07-22 20:25:30.476626+00,2026-07-21 20:21:50+00,,,,,,{},"{""ref"": ""3339"", ""name"": ""CAT Scale"", ""brand"": ""CAT Scale"", ""amenity"": ""weighbridge"", ""website"": ""https://catscale.com/cat-scale-locator/?single=3339"", ""operator"": ""Refresh Travel Plaza"", ""brand:wikidata"": ""Q111631907"", ""operator:phone"": ""+1 559-214-2444""}"
node/10141345008,CAT Scale,,POINT(-120.8357471 45.6692755),osm_pois,981,2026-07-22 20:25:30.476626+00,2026-07-21 20:21:50+00,,,,,,{},"{""ref"": ""898"", ""name"": ""CAT Scale"", ""brand"": ""CAT Scale"", ""amenity"": ""weighbridge"", ""website"": ""https://catscale.com/cat-scale-locator/?single=898"", ""operator"": ""Pilot Travel Center"", ""brand:wikidata"": ""Q111631907"", ""operator:phone"": ""+1 541-739-2174"", ""operator:website"": ""https://locations.pilotflyingj.com/us/or/wasco/91485-biggs-rufus-highway"", ""operator:wikidata"": ""Q64128179""}"
node/10141345009,CAT Scale,,POINT(-120.8304537 45.6695021),osm_pois,981,2026-07-22 20:25:30.476626+00,2026-07-21 20:21:50+00,,,,,,{},"{""ref"": ""3246"", ""name"": ""CAT Scale"", ""brand"": ""CAT Scale"", ""amenity"": ""weighbridge"", ""website"": ""https://catscale.com/cat-scale-locator/?single=3246"", ""operator"": ""EZ Trip Travel Center"", ""brand:wikidata"": ""Q111631907"", ""operator:phone"": ""+1 541-739-2069""}"
node/10141366771,CAT Scale,,POINT(-122.3931436 45.5434921),osm_pois,981,2026-07-22 20:25:30.476626+00,2026-07-21 20:21:50+00,,,,,,{},"{""ref"": ""1497"", ""name"": ""CAT Scale"", ""brand"": ""CAT Scale"", ""amenity"": ""weighbridge"", ""website"": ""https://catscale.com/cat-scale-locator/?single=1497"", ""operator"": ""Love's Travel Stop"", ""brand:wikidata"": ""Q111631907"", ""operator:phone"": ""+1 503-665-7741"", ""operator:website"": ""https://www.loves.com/locations/449"", ""operator:wikidata"": ""Q1872496""}"
node/10141366772,CAT Scale,,POINT(-122.3947599 45.5434049),osm_pois,981,2026-07-22 20:25:30.476626+00,2026-07-21 20:21:50+00,,,,,,{},"{""ref"": ""305"", ""name"": ""CAT Scale"", ""brand"": ""CAT Scale"", ""amenity"": ""weighbridge"", ""website"": ""https://catscale.com/cat-scale-locator/?single=305"", ""operator"": ""TA"", ""brand:wikidata"": ""Q111631907"", ""operator:phone"": ""+1 503-666-1588"", ""operator:website"": ""https://www.ta-petro.com/location/or/ta-troutdale/"", ""operator:wikidata"": ""Q7835892""}"
node/10141371041,CAT Scale,,POINT(-122.8090095 45.2341636),osm_pois,981,2026-07-22 20:25:30.476626+00,2026-07-21 20:21:50+00,,,,,,{},"{""ref"": ""1710"", ""name"": ""CAT Scale"", ""brand"": ""CAT Scale"", ""amenity"": ""weighbridge"", ""website"": ""https://catscale.com/cat-scale-locator/?single=1710"", ""operator"": ""Flying J Travel Center"", ""brand:wikidata"": ""Q111631907"", ""operator:phone"": ""+1 503-678-1262"", ""operator:wikidata"": ""Q64130592""}"
node/10141371042,CAT Scale,,POINT(-122.80823 45.2368613),osm_pois,981,2026-07-22 20:25:30.476626+00,2026-07-21 20:21:50+00,,,,,,{},"{""ref"": ""687"", ""name"": ""CAT Scale"", ""brand"": ""CAT Scale"", ""amenity"": ""weighbridge"", ""website"": ""https://catscale.com/cat-scale-locator/?single=687"", ""operator"": ""TA"", ""brand:wikidata"": ""Q111631907"", ""operator:phone"": ""+1 503-678-2111"", ""operator:website"": ""https://www.ta-petro.com/location/or/ta-aurora/"", ""operator:wikidata"": ""Q7835892""}"
node/10141372174,CAT Scale,,POINT(-123.3670186 43.1506741),osm_pois,981,2026-07-22 20:25:30.476626+00,2026-07-21 20:21:50+00,,,,,,{},"{""ref"": ""965"", ""name"": ""CAT Scale"", ""brand"": ""CAT Scale"", ""amenity"": ""weighbridge"", ""website"": ""https://catscale.com/cat-scale-locator/?single=965"", ""operator"": ""Love's Travel Stop"", ""brand:wikidata"": ""Q111631907"", ""operator:phone"": ""+1 541-679-1916"", ""operator:website"": ""https://www.loves.com/locations/312"", ""operator:wikidata"": ""Q1872496""}"
node/10141373591,CAT Scale,,POINT(-120.0955849 36.995696),osm_pois,981,2026-07-22 20:25:30.476626+00,2026-07-21 20:21:50+00,,,,,,{},"{""ref"": ""3124"", ""name"": ""CAT Scale"", ""brand"": ""CAT Scale"", ""amenity"": ""weighbridge"", ""website"": ""https://catscale.com/cat-scale-locator/?single=3124"", ""operator"": ""Love's Travel Stop"", ""brand:wikidata"": ""Q111631907"", ""operator:phone"": ""+1 559-661-1012"", ""operator:website"": ""https://www.loves.com/locations/736"", ""operator:wikidata"": ""Q1872496""}"
node/10141380101,CAT Scale,,POINT(-123.0571855 44.1363367),osm_pois,981,2026-07-22 20:25:30.476626+00,2026-07-21 20:21:50+00,,,,,,{},"{""ref"": ""3162"", ""name"": ""CAT Scale"", ""brand"": ""CAT Scale"", ""amenity"": ""weighbridge"", ""website"": ""https://catscale.com/cat-scale-locator/?single=3162"", ""operator"": ""Truck 'N Travel"", ""brand:wikidata"": ""Q111631907"", ""operator:phone"": ""+1 541-868-2880""}"
node/10141393009,CAT Scale,,POINT(-123.0550414 44.6984877),osm_pois,981,2026-07-22 20:25:30.476626+00,2026-07-21 20:21:50+00,,,,,,{},"{""ref"": ""1991"", ""name"": ""CAT Scale"", ""brand"": ""CAT Scale"", ""amenity"": ""weighbridge"", ""website"": ""https://catscale.com/cat-scale-locator/?single=1991"", ""operator"": ""Love's Travel Stop"", ""brand:wikidata"": ""Q111631907"", ""operator:phone"": ""+1 541-928-1900"", ""operator:website"": ""https://www.loves.com/locations/728"", ""operator:wikidata"": ""Q1872496""}"
node/10141397532,CAT Scale,,POINT(-123.0565065 44.55467),osm_pois,981,2026-07-22 20:25:30.476626+00,2026-07-21 20:21:50+00,,,,,,{},"{""ref"": ""1778"", ""name"": ""CAT Scale"", ""brand"": ""CAT Scale"", ""amenity"": ""weighbridge"", ""website"": ""https://catscale.com/cat-scale-locator/?single=1778"", ""operator"": ""EZ Trip Travel Center"", ""brand:wikidata"": ""Q111631907"", ""operator:phone"": ""+1 541-928-1723""}"
node/10141403484,CAT Scale,,POINT(-121.7981357 42.2568713),osm_pois,981,2026-07-22 20:25:30.476626+00,2026-07-21 20:21:50+00,,,,,,{},"{""ref"": ""1206"", ""name"": ""CAT Scale"", ""brand"": ""CAT Scale"", ""amenity"": ""weighbridge"", ""website"": ""https://catscale.com/cat-scale-locator/?single=1206"", ""operator"": ""Pilot Travel Center"", ""brand:wikidata"": ""Q111631907"", ""operator:phone"": ""+1 541-884-0400"", ""operator:website"": ""https://locations.pilotflyingj.com/us/or/klamath-falls/3817-n-highway-97"", ""operator:wikidata"": ""Q64128179""}"
node/10141403938,CAT Scale,,POINT(-121.7846332 43.2155619),osm_pois,981,2026-07-22 20:25:30.476626+00,2026-07-21 20:21:50+00,,,,,,{},"{""ref"": ""1092"", ""name"": ""CAT Scale"", ""brand"": ""CAT Scale"", ""amenity"": ""weighbridge"", ""website"": ""https://catscale.com/cat-scale-locator/?single=1092"", ""operator"": ""Pilot Travel Center"", ""brand:wikidata"": ""Q111631907"", ""operator:phone"": ""+1 541-365-0991"", ""operator:website"": ""https://locations.pilotflyingj.com/us/or/chemult/109450-us-97"", ""operator:wikidata"": ""Q64128179""}"
node/10141407631,CAT Scale,,POINT(-123.29026 43.5397276),osm_pois,981,2026-07-22 20:25:30.476626+00,2026-07-21 20:21:50+00,,,,,,{},"{""ref"": ""188"", ""name"": ""CAT Scale"", ""brand"": ""CAT Scale"", ""amenity"": ""weighbridge"", ""website"": ""https://catscale.com/cat-scale-locator/?single=188"", ""operator"": ""Pilot Travel Center"", ""brand:wikidata"": ""Q111631907"", ""operator:phone"": ""+1 541-849-2133"", ""operator:website"": ""https://locations.pilotflyingj.com/us/or/oakland/800-john-long-road"", ""operator:wikidata"": ""Q64128179""}"
node/10141407648,CAT Scale,,POINT(-122.8106638 42.2803264),osm_pois,981,2026-07-22 20:25:30.476626+00,2026-07-21 20:21:50+00,,,,,,{},"{""ref"": ""806"", ""name"": ""CAT Scale"", ""brand"": ""CAT Scale"", ""amenity"": ""weighbridge"", ""website"": ""https://catscale.com/cat-scale-locator/?single=806"", ""operator"": ""Petro Stopping Center"", ""brand:wikidata"": ""Q111631907"", ""operator:phone"": ""+1 541-535-3372"", ""operator:wikidata"": ""Q64051305""}"
node/10141409272,CAT Scale,,POINT(-122.8989732 42.3773781),osm_pois,981,2026-07-22 20:25:30.476626+00,2026-07-21 20:21:50+00,,,,,,{},"{""ref"": ""503"", ""name"": ""CAT Scale"", ""brand"": ""CAT Scale"", ""amenity"": ""weighbridge"", ""website"": ""https://catscale.com/cat-scale-locator/?single=503"", ""operator"": ""Pilot Travel Center"", ""brand:wikidata"": ""Q111631907"", ""operator:phone"": ""+1 541-664-7001"", ""operator:website"": ""https://locations.pilotflyingj.com/us/or/central-point/1600-east-pine-street"", ""operator:wikidata"": ""Q64128179""}"
node/10141425120,CAT Scale,,POINT(-121.1381543 44.6126827),osm_pois,981,2026-07-22 20:25:30.476626+00,2026-07-21 20:21:50+00,,,,,,{},"{""ref"": ""3232"", ""name"": ""CAT Scale"", ""brand"": ""CAT Scale"", ""amenity"": ""weighbridge"", ""website"": ""https://catscale.com/cat-scale-locator/?single=3232"", ""operator"": ""Love's Travel Stop"", ""brand:wikidata"": ""Q111631907"", ""operator:phone"": ""+1 541-675-6008"", ""operator:wikidata"": ""Q1872496""}"
node/10141425765,CAT Scale,,POINT(-116.976697 44.0455855),osm_pois,981,2026-07-22 20:25:30.476626+00,2026-07-21 20:21:50+00,,,,,,{},"{""ref"": ""1273"", ""name"": ""CAT Scale"", ""brand"": ""CAT Scale"", ""amenity"": ""weighbridge"", ""website"": ""https://catscale.com/cat-scale-locator/?single=1273"", ""operator"": ""Love's Travel Stop"", ""brand:wikidata"": ""Q111631907"", ""operator:phone"": ""+1 541-823-8282"", ""operator:website"": ""https://www.loves.com/locations/372"", ""operator:wikidata"": ""Q1872496""}"
node/10141427936,CAT Scale,,POINT(-119.7976984 45.8252506),osm_pois,981,2026-07-22 20:25:30.476626+00,2026-07-21 20:21:50+00,,,,,,{},"{""ref"": ""1855"", ""name"": ""CAT Scale"", ""brand"": ""CAT Scale"", ""amenity"": ""weighbridge"", ""website"": ""https://catscale.com/cat-scale-locator/?single=1855"", ""operator"": ""Love's Travel Stop"", ""brand:wikidata"": ""Q111631907"", ""operator:phone"": ""+1 541-481-2934"", ""operator:website"": ""https://www.loves.com/locations/650"", ""operator:wikidata"": ""Q1872496""}"
node/10141440676,CAT Scale,,POINT(-117.2252378 44.2928303),osm_pois,981,2026-07-22 20:25:30.476626+00,2026-07-21 20:21:50+00,,,,,,{},"{""name"": ""CAT Scale"", ""brand"": ""CAT Scale"", ""amenity"": ""weighbridge"", ""brand:wikidata"": ""Q111631907""}"
node/10141445955,CAT Scale,,POINT(-119.2064763 45.7660065),osm_pois,981,2026-07-22 20:25:30.476626+00,2026-07-21 20:21:50+00,,,,,,{},"{""ref"": ""480"", ""name"": ""CAT Scale"", ""brand"": ""CAT Scale"", ""amenity"": ""weighbridge"", ""website"": ""https://catscale.com/cat-scale-locator/?single=480"", ""operator"": ""Pilot Travel Center"", ""brand:wikidata"": ""Q111631907"", ""operator:phone"": ""+1 541-449-1403"", ""operator:website"": ""https://locations.pilotflyingj.com/us/or/stanfield/2115-south-highway-395"", ""operator:wikidata"": ""Q64128179""}"
node/10141459631,CAT Scale,,POINT(-116.9524025 44.0263398),osm_pois,981,2026-07-22 20:25:30.476626+00,2026-07-21 20:21:50+00,,,,,,{},"{""ref"": ""589"", ""name"": ""CAT Scale"", ""brand"": ""CAT Scale"", ""amenity"": ""weighbridge"", ""website"": ""https://catscale.com/cat-scale-locator/?single=589"", ""brand:wikidata"": ""Q111631907""}"
node/10141462121,CAT Scale,,POINT(-118.0425399 45.2969044),osm_pois,981,2026-07-22 20:25:30.476626+00,2026-07-21 20:21:50+00,,,,,,{},"{""ref"": ""3251"", ""name"": ""CAT Scale"", ""brand"": ""CAT Scale"", ""amenity"": ""weighbridge"", ""website"": ""https://catscale.com/cat-scale-locator/?single=3251"", ""operator"": ""Flying J Travel Center"", ""brand:wikidata"": ""Q111631907"", ""operator:phone"": ""+1 541-625-4997"", ""operator:wikidata"": ""Q64130592""}"
node/10141546221,CAT Scale,,POINT(-81.5775653 31.1412658),osm_pois,981,2026-07-22 20:25:30.476626+00,2026-07-21 20:21:50+00,,,,,,{},"{""ref"": ""1424"", ""name"": ""CAT Scale"", ""brand"": ""CAT Scale"", ""amenity"": ""weighbridge"", ""website"": ""https://catscale.com/cat-scale-locator/?single=1424"", ""operator"": ""Flying J Travel Center"", ""brand:wikidata"": ""Q111631907"", ""operator:phone"": ""+1 912-280-0006"", ""operator:wikidata"": ""Q64130592""}"
node/10141546222,CAT Scale,,POINT(-81.571334 31.1382627),osm_pois,981,2026-07-22 20:25:30.476626+00,2026-07-21 20:21:50+00,,,,,,{},"{""ref"": ""451"", ""name"": ""CAT Scale"", ""brand"": ""CAT Scale"", ""amenity"": ""weighbridge"", ""website"": ""https://catscale.com/cat-scale-locator/?single=451"", ""operator"": ""Love's Travel Stop"", ""brand:wikidata"": ""Q111631907"", ""operator:phone"": ""+1 912-264-2777"", ""operator:website"": ""https://www.loves.com/locations/405"", ""operator:wikidata"": ""Q1872496""}"
node/10142977702,CAT Scale,,POINT(-117.3676677 34.037208),osm_pois,981,2026-07-22 20:25:30.476626+00,2026-07-21 20:21:50+00,,,,,,{},"{""ref"": ""428"", ""name"": ""CAT Scale"", ""brand"": ""CAT Scale"", ""amenity"": ""weighbridge"", ""website"": ""https://catscale.com/cat-scale-locator/?single=428"", ""operator"": ""Rialto Travel Center"", ""brand:wikidata"": ""Q111631907"", ""operator:phone"": ""+1 951-683-5387""}"
node/10145318809,,,POINT(-95.9913196 31.2803622),osm_pois,981,2026-07-22 20:25:30.476626+00,2026-07-21 20:21:50+00,,,,,,{},"{""amenity"": ""weighbridge""}"
node/10153880440,CAT Scale,,POINT(-101.0324789 39.3639753),osm_pois,981,2026-07-22 20:25:30.476626+00,2026-07-21 20:21:50+00,,,,,,{},"{""ref"": ""1234"", ""name"": ""CAT Scale"", ""brand"": ""CAT Scale"", ""amenity"": ""weighbridge"", ""website"": ""https://catscale.com/cat-scale-locator/?single=1234"", ""operator"": ""Pilot Travel Center"", ""brand:wikidata"": ""Q111631907"", ""operator:phone"": ""+1 785-588-4960"", ""operator:website"": ""https://locations.pilotflyingj.com/us/ks/colby/1110-east-willow-ave"", ""operator:wikidata"": ""Q64128179""}"
node/10197337053,,,POINT(-100.7045039 41.1335816),osm_pois,981,2026-07-22 20:25:30.476626+00,2026-07-21 20:21:50+00,,,,,,{},"{""amenity"": ""weighbridge""}"
node/10199078478,,,POINT(-84.0708764 41.5657448),osm_pois,981,2026-07-22 20:25:30.476626+00,2026-07-21 20:21:50+00,,,,,,{},"{""amenity"": ""weighbridge""}"
node/10232218099,CAT Scale,,POINT(-83.8979119 38.0862106),osm_pois,981,2026-07-22 20:25:30.476626+00,2026-07-21 20:21:50+00,,,,,,{},"{""ref"": ""1166"", ""name"": ""CAT Scale"", ""brand"": ""CAT Scale"", ""amenity"": ""weighbridge"", ""website"": ""https://catscale.com/cat-scale-locator/?single=1166"", ""operator"": ""Pilot Travel Center"", ""brand:wikidata"": ""Q111631907"", ""operator:phone"": ""+1 859-497-4041"", ""operator:website"": ""https://locations.pilotflyingj.com/us/ky/mount-sterling/3060-owingsville-road"", ""operator:wikidata"": ""Q64128179""}"
node/10241879021,CAT Scale,,POINT(-117.5528462 34.0668944),osm_pois,981,2026-07-22 20:25:30.476626+00,2026-07-21 20:21:50+00,,,,,,{},"{""ref"": ""210"", ""name"": ""CAT Scale"", ""brand"": ""CAT Scale"", ""amenity"": ""weighbridge"", ""website"": ""https://catscale.com/cat-scale-locator/?single=210"", ""operator"": ""Petro Stopping Center"", ""brand:wikidata"": ""Q111631907"", ""operator:phone"": ""+1 909-390-7800"", ""operator:wikidata"": ""Q64051305""}"
node/10243158111,,,POINT(-86.35594 32.327275),osm_pois,981,2026-07-22 20:25:30.476626+00,2026-07-21 20:21:50+00,,,,,,{},"{""access"": ""private"", ""amenity"": ""weighbridge""}"
node/10245134293,,,POINT(-81.4440336 32.1698176),osm_pois,981,2026-07-22 20:25:30.476626+00,2026-07-21 20:21:50+00,,,,,,{},"{""amenity"": ""weighbridge""}"
node/10245134294,,,POINT(-81.443365 32.1675494),osm_pois,981,2026-07-22 20:25:30.476626+00,2026-07-21 20:21:50+00,,,,,,{},"{""amenity"": ""weighbridge""}"
node/10247965688,,,POINT(-80.6486065 33.0829783),osm_pois,981,2026-07-22 20:25:30.476626+00,2026-07-21 20:21:50+00,,,,,,{},"{""amenity"": ""weighbridge""}"
node/10274500614,,,POINT(-88.9359974 38.988426),osm_pois,981,2026-07-22 20:25:30.476626+00,2026-07-21 20:21:50+00,,,,,,{},"{""amenity"": ""weighbridge""}"
node/10277193913,,,POINT(-122.0607372 37.9293941),osm_pois,981,2026-07-22 20:25:30.476626+00,2026-07-21 20:21:50+00,,,,,,{},"{""amenity"": ""weighbridge"", ""highway"": ""stop"", ""direction"": ""forward""}"
node/10282139647,,,POINT(-114.7434653 32.7471868),osm_pois,981,2026-07-22 20:25:30.476626+00,2026-07-21 20:21:50+00,,,,,,{},"{""amenity"": ""weighbridge""}"
node/10282139648,,,POINT(-114.7434611 32.7472423),osm_pois,981,2026-07-22 20:25:30.476626+00,2026-07-21 20:21:50+00,,,,,,{},"{""amenity"": ""weighbridge""}"
node/10284093421,CAT Scale,,POINT(-96.2879845 39.067925),osm_pois,981,2026-07-22 20:25:30.476626+00,2026-07-21 20:21:50+00,,,,,,{},"{""ref"": ""3352"", ""name"": ""CAT Scale"", ""brand"": ""CAT Scale"", ""amenity"": ""weighbridge"", ""website"": ""https://catscale.com/cat-scale-locator/?single=3352"", ""operator"": ""Plaza at the Flint Hills"", ""brand:wikidata"": ""Q111631907"", ""operator:phone"": ""+1 785-765-4613""}"
node/10293471011,,,POINT(-104.8108675 39.7555453),osm_pois,981,2026-07-22 20:25:30.476626+00,2026-07-21 20:21:50+00,,,,,,{},"{""amenity"": ""weighbridge""}"
node/10294044622,,,POINT(-122.5120373 45.4101069),osm_pois,981,2026-07-22 20:25:30.476626+00,2026-07-21 20:21:50+00,,,,,,{},"{""amenity"": ""weighbridge""}"
node/10300101040,,,POINT(-74.3061408 40.4964838),osm_pois,981,2026-07-22 20:25:30.476626+00,2026-07-21 20:21:50+00,,,,,,{},"{""access"": ""private"", ""amenity"": ""weighbridge""}"
node/10303799060,,,POINT(-96.5361668 33.8053284),osm_pois,981,2026-07-22 20:25:30.476626+00,2026-07-21 20:21:50+00,,,,,,{},"{""amenity"": ""weighbridge""}"
node/10502776655,CAT Scale,,POINT(-97.1460688 31.5081049),osm_pois,981,2026-07-22 20:25:30.476626+00,2026-07-21 20:21:50+00,,,,,,{},"{""ref"": ""2923"", ""name"": ""CAT Scale"", ""brand"": ""CAT Scale"", ""amenity"": ""weighbridge"", ""website"": ""https://catscale.com/cat-scale-locator/?single=2923"", ""operator"": ""Flying J Travel Center"", ""brand:wikidata"": ""Q111631907"", ""operator:phone"": ""+1 254-714-0313"", ""operator:wikidata"": ""Q64130592""}"
node/10555584736,,,POINT(-95.1507631 42.4781228),osm_pois,981,2026-07-22 20:25:30.476626+00,2026-07-21 20:21:50+00,,,,,,{},"{""amenity"": ""weighbridge"", ""operator"": ""Iowa DOT""}"
node/10558840521,CAT Scale,,POINT(-86.1848515 39.6974951),osm_pois,981,2026-07-22 20:25:30.476626+00,2026-07-21 20:21:50+00,,,,,,{},"{""name"": ""CAT Scale"", ""brand"": ""CAT Scale"", ""phone"": ""+1 317-783-1033"", ""amenity"": ""weighbridge"", ""website"": ""https://catscale.com/cat-scale-locator/?single=298"", ""check_date"": ""2024-02-10"", ""brand:wikidata"": ""Q111631907""}"
node/10566624753,,,POINT(-89.9383236 29.864839),osm_pois,981,2026-07-22 20:25:30.476626+00,2026-07-21 20:21:50+00,,,,,,{},"{""amenity"": ""weighbridge""}"
node/10592069536,,,POINT(-91.6556792 44.5681623),osm_pois,981,2026-07-22 20:25:30.476626+00,2026-07-21 20:21:50+00,,,,,,{},"{""amenity"": ""weighbridge""}"
node/10603469825,,,POINT(-74.2890772 39.8830952),osm_pois,981,2026-07-22 20:25:30.476626+00,2026-07-21 20:21:50+00,,,,,,{},"{""amenity"": ""weighbridge""}"
node/10617035379,CAT Scale,,POINT(-95.2206288 36.5657777),osm_pois,981,2026-07-22 20:25:30.476626+00,2026-07-21 20:21:50+00,,,,,,{},"{""ref"": ""511"", ""name"": ""CAT Scale"", ""brand"": ""CAT Scale"", ""amenity"": ""weighbridge"", ""website"": ""https://catscale.com/cat-scale-locator/?single=511"", ""operator"": ""Big Cabin Travel Plaza"", ""brand:wikidata"": ""Q111631907"", ""operator:phone"": ""+1 918-783-5121""}"
node/10617035380,CAT Scale,,POINT(-95.2170521 36.5677391),osm_pois,981,2026-07-22 20:25:30.476626+00,2026-07-21 20:21:50+00,,,,,,{},"{""ref"": ""3183"", ""name"": ""CAT Scale"", ""brand"": ""CAT Scale"", ""amenity"": ""weighbridge"", ""website"": ""https://catscale.com/cat-scale-locator/?single=3183"", ""operator"": ""Love's Travel Stop"", ""brand:wikidata"": ""Q111631907"", ""operator:phone"": ""+1 918-783-5300"", ""operator:website"": ""https://www.loves.com/locations/727"", ""operator:wikidata"": ""Q1872496""}"
node/10692763551,CAT Scale,,POINT(-108.4327866 35.4820121),osm_pois,981,2026-07-22 20:25:30.476626+00,2026-07-21 20:21:50+00,,,,,,{},"{""ref"": ""575"", ""name"": ""CAT Scale"", ""brand"": ""CAT Scale"", ""amenity"": ""weighbridge"", ""website"": ""https://catscale.com/cat-scale-locator/?single=575"", ""operator"": ""Pilot Travel Center"", ""brand:wikidata"": ""Q111631907"", ""operator:phone"": ""+1 505-722-6655"", ""operator:website"": ""https://locations.pilotflyingj.com/us/nm/jamestown/1-giant-crossing"", ""operator:wikidata"": ""Q64128179""}"
node/10692982992,CAT Scale,,POINT(-75.7496161 41.0628676),osm_pois,981,2026-07-22 20:25:30.476626+00,2026-07-21 20:21:50+00,,,,,,{},"{""ref"": ""1274"", ""name"": ""CAT Scale"", ""brand"": ""CAT Scale"", ""amenity"": ""weighbridge"", ""website"": ""https://catscale.com/cat-scale-locator/?single=1274"", ""operator"": ""Onvo Travel Plaza"", ""brand:wikidata"": ""Q111631907"", ""operator:phone"": ""+1 570-443-4437""}"
node/10693385778,,,POINT(-78.5030521 35.422089),osm_pois,981,2026-07-22 20:25:30.476626+00,2026-07-21 20:21:50+00,,,,,,{},"{""access"": ""private"", ""amenity"": ""weighbridge""}"
node/10698088659,,,POINT(-86.8844051 32.7640057),osm_pois,981,2026-07-22 20:25:30.476626+00,2026-07-21 20:21:50+00,,,,,,{},"{""amenity"": ""weighbridge""}"
node/10698088660,,,POINT(-86.8843819 32.7640895),osm_pois,981,2026-07-22 20:25:30.476626+00,2026-07-21 20:21:50+00,,,,,,{},"{""amenity"": ""weighbridge""}"
node/10700218967,,,POINT(-86.704561 32.9029632),osm_pois,981,2026-07-22 20:25:30.476626+00,2026-07-21 20:21:50+00,,,,,,{},"{""amenity"": ""weighbridge""}"
node/10700218968,,,POINT(-86.7046754 32.9028912),osm_pois,981,2026-07-22 20:25:30.476626+00,2026-07-21 20:21:50+00,,,,,,{},"{""amenity"": ""weighbridge""}"
node/10705792752,CAT Scale,,POINT(-119.4855042 36.448105),osm_pois,981,2026-07-22 20:25:30.476626+00,2026-07-21 20:21:50+00,,,,,,{},"{""ref"": ""373"", ""name"": ""CAT Scale"", ""brand"": ""CAT Scale"", ""amenity"": ""weighbridge"", ""website"": ""https://catscale.com/cat-scale-locator/?single=373"", ""operator"": ""RJ Travel Center"", ""brand:wikidata"": ""Q111631907"", ""operator:phone"": ""+1 559-238-3801""}"
node/10718050968,CAT Scale,,POINT(-99.3482633 28.0455923),osm_pois,981,2026-07-22 20:25:30.476626+00,2026-07-21 20:21:50+00,,,,,,{},"{""ref"": ""2877"", ""name"": ""CAT Scale"", ""brand"": ""CAT Scale"", ""amenity"": ""weighbridge"", ""website"": ""https://catscale.com/cat-scale-locator/?single=2877"", ""operator"": ""Love's Travel Stop"", ""brand:wikidata"": ""Q111631907"", ""operator:phone"": ""+1 956-948-7044"", ""operator:website"": ""https://www.loves.com/locations/298"", ""operator:wikidata"": ""Q1872496""}"
node/10722354369,,,POINT(-88.1435871 37.9074258),osm_pois,981,2026-07-22 20:25:30.476626+00,2026-07-21 20:21:50+00,,,,,,{},"{""amenity"": ""weighbridge""}"
node/10735737665,,,POINT(-86.7618515 33.1384863),osm_pois,981,2026-07-22 20:25:30.476626+00,2026-07-21 20:21:50+00,,,,,,{},"{""amenity"": ""weighbridge""}"
node/10745310875,,,POINT(-86.9313138 33.4756928),osm_pois,981,2026-07-22 20:25:30.476626+00,2026-07-21 20:21:50+00,,,,,,{},"{""amenity"": ""weighbridge""}"
node/10746396662,,,POINT(-87.2139186 33.6531725),osm_pois,981,2026-07-22 20:25:30.476626+00,2026-07-21 20:21:50+00,,,,,,{},"{""amenity"": ""weighbridge""}"
node/10746396663,,,POINT(-87.214011 33.6533385),osm_pois,981,2026-07-22 20:25:30.476626+00,2026-07-21 20:21:50+00,,,,,,{},"{""amenity"": ""weighbridge""}"
node/10748921962,,,POINT(-87.0625368 33.6376734),osm_pois,981,2026-07-22 20:25:30.476626+00,2026-07-21 20:21:50+00,,,,,,{},"{""access"": ""private"", ""amenity"": ""weighbridge""}"
node/10748921963,,,POINT(-87.0625036 33.6376106),osm_pois,981,2026-07-22 20:25:30.476626+00,2026-07-21 20:21:50+00,,,,,,{},"{""access"": ""private"", ""amenity"": ""weighbridge""}"
node/10749306351,,,POINT(-86.8537951 33.5232863),osm_pois,981,2026-07-22 20:25:30.476626+00,2026-07-21 20:21:50+00,,,,,,{},"{""amenity"": ""weighbridge""}"
node/10749306411,,,POINT(-86.857923 33.5267879),osm_pois,981,2026-07-22 20:25:30.476626+00,2026-07-21 20:21:50+00,,,,,,{},"{""amenity"": ""weighbridge""}"
node/10751587529,,,POINT(-86.7987219 33.5670039),osm_pois,981,2026-07-22 20:25:30.476626+00,2026-07-21 20:21:50+00,,,,,,{},"{""access"": ""private"", ""amenity"": ""weighbridge""}"
node/10751587530,,,POINT(-86.7988304 33.5667861),osm_pois,981,2026-07-22 20:25:30.476626+00,2026-07-21 20:21:50+00,,,,,,{},"{""access"": ""private"", ""amenity"": ""weighbridge""}"
node/10757454459,,,POINT(-85.8141711 32.8791802),osm_pois,981,2026-07-22 20:25:30.476626+00,2026-07-21 20:21:50+00,,,,,,{},"{""amenity"": ""weighbridge""}"
node/10760623143,,,POINT(-86.3576027 33.2424036),osm_pois,981,2026-07-22 20:25:30.476626+00,2026-07-21 20:21:50+00,,,,,,{},"{""amenity"": ""weighbridge""}"
node/10760623144,,,POINT(-86.3573387 33.2383766),osm_pois,981,2026-07-22 20:25:30.476626+00,2026-07-21 20:21:50+00,,,,,,{},"{""amenity"": ""weighbridge""}"
node/10762071841,,,POINT(-88.9871056 37.7624462),osm_pois,981,2026-07-22 20:25:30.476626+00,2026-07-21 20:21:50+00,,,,,,{},"{""amenity"": ""weighbridge""}"
node/10769754189,CAT Scale,,POINT(-85.6756209 42.8250041),osm_pois,981,2026-07-22 20:25:30.476626+00,2026-07-21 20:21:50+00,,,,,,{},"{""ref"": ""335"", ""name"": ""CAT Scale"", ""brand"": ""CAT Scale"", ""amenity"": ""weighbridge"", ""website"": ""https://catscale.com/cat-scale-locator/?single=335"", ""brand:wikidata"": ""Q111631907""}"
node/10775199324,,,POINT(-117.4245716 34.1430872),osm_pois,981,2026-07-22 20:25:30.476626+00,2026-07-21 20:21:50+00,,,,,,{},"{""amenity"": ""weighbridge""}"
node/10775199329,,,POINT(-117.424791 34.1428913),osm_pois,981,2026-07-22 20:25:30.476626+00,2026-07-21 20:21:50+00,,,,,,{},"{""amenity"": ""weighbridge""}"
node/10775199334,,,POINT(-117.4245698 34.1430477),osm_pois,981,2026-07-22 20:25:30.476626+00,2026-07-21 20:21:50+00,,,,,,{},"{""amenity"": ""weighbridge""}"
node/10775199338,,,POINT(-117.4246424 34.1431638),osm_pois,981,2026-07-22 20:25:30.476626+00,2026-07-21 20:21:50+00,,,,,,{},"{""amenity"": ""weighbridge""}"
node/10776035896,CAT Scale,,POINT(-93.0703733 34.1873432),osm_pois,981,2026-07-22 20:25:30.476626+00,2026-07-21 20:21:50+00,,,,,,{},"{""ref"": ""1662"", ""name"": ""CAT Scale"", ""brand"": ""CAT Scale"", ""amenity"": ""weighbridge"", ""website"": ""https://catscale.com/cat-scale-locator/?single=1662"", ""operator"": ""Pilot Travel Center"", ""brand:wikidata"": ""Q111631907"", ""operator:phone"": ""+1 870-245-3119"", ""operator:website"": ""https://locations.pilotflyingj.com/us/ar/caddo-valley/170-valley-street"", ""operator:wikidata"": ""Q64128179""}"
node/10777913136,,,POINT(-85.7610533 34.1873155),osm_pois,981,2026-07-22 20:25:30.476626+00,2026-07-21 20:21:50+00,,,,,,{},"{""amenity"": ""weighbridge""}"
node/10778298019,CAT Scale,,POINT(-85.8938517 34.7751293),osm_pois,981,2026-07-22 20:25:30.476626+00,2026-07-21 20:21:50+00,,,,,,{},"{""ref"": ""1038"", ""name"": ""CAT Scale"", ""brand"": ""CAT Scale"", ""amenity"": ""weighbridge"", ""website"": ""https://catscale.com/cat-scale-locator/?single=1038"", ""operator"": ""Fackler Truck Stop"", ""brand:wikidata"": ""Q111631907"", ""operator:phone"": ""+1 256-437-2663""}"
node/10780422176,,,POINT(-87.6329607 34.6980919),osm_pois,981,2026-07-22 20:25:30.476626+00,2026-07-21 20:21:50+00,,,,,,{},"{""amenity"": ""weighbridge""}"
node/10783567668,CAT Scale,,POINT(-86.9101317 34.5375813),osm_pois,981,2026-07-22 20:25:30.476626+00,2026-07-21 20:21:50+00,,,,,,{},"{""ref"": ""535"", ""name"": ""CAT Scale"", ""brand"": ""CAT Scale"", ""amenity"": ""weighbridge"", ""website"": ""https://catscale.com/cat-scale-locator/?single=535"", ""operator"": ""Pilot Travel Center"", ""brand:wikidata"": ""Q111631907"", ""operator:website"": ""https://locations.pilotflyingj.com/us/al/priceville/3240-point-mallard-parkway"", ""operator:wikidata"": ""Q64128179""}"
node/10814608465,,,POINT(-84.5910222 30.5716502),osm_pois,981,2026-07-22 20:25:30.476626+00,2026-07-21 20:21:50+00,,,,,,{},"{""amenity"": ""weighbridge""}"
node/10815401165,,,POINT(-89.979557 38.7040065),osm_pois,981,2026-07-22 20:25:30.476626+00,2026-07-21 20:21:50+00,,,,,,{},"{""amenity"": ""weighbridge""}"
node/10816216826,CAT Scale,,POINT(-89.1891524 30.4188766),osm_pois,981,2026-07-22 20:25:30.476626+00,2026-07-21 20:21:50+00,,,,,,{},"{""ref"": ""1862"", ""name"": ""CAT Scale"", ""brand"": ""CAT Scale"", ""amenity"": ""weighbridge"", ""website"": ""https://catscale.com/cat-scale-locator/?single=1862"", ""operator"": ""Love's Travel Stop"", ""brand:wikidata"": ""Q111631907"", ""operator:phone"": ""+1 228-832-0199"", ""operator:website"": ""https://www.loves.com/locations/595"", ""operator:wikidata"": ""Q1872496""}"
node/10816441265,,,POINT(-89.2478395 30.4046336),osm_pois,981,2026-07-22 20:25:30.476626+00,2026-07-21 20:21:50+00,,,,,,{},"{""amenity"": ""weighbridge""}"
node/10816951688,,,POINT(-109.6502526 40.3330923),osm_pois,981,2026-07-22 20:25:30.476626+00,2026-07-21 20:21:50+00,,,,,,{},"{""amenity"": ""weighbridge""}"
node/10821815465,,,POINT(-103.8978245 40.244736),osm_pois,981,2026-07-22 20:25:30.476626+00,2026-07-21 20:21:50+00,,,,,,{},"{""amenity"": ""weighbridge""}"
node/10821815471,,,POINT(-103.8979029 40.2455352),osm_pois,981,2026-07-22 20:25:30.476626+00,2026-07-21 20:21:50+00,,,,,,{},"{""amenity"": ""weighbridge""}"
node/10822045894,CAT Scale,,POINT(-97.418519 25.9540839),osm_pois,981,2026-07-22 20:25:30.476626+00,2026-07-21 20:21:50+00,,,,,,{},"{""ref"": ""2182"", ""name"": ""CAT Scale"", ""brand"": ""CAT Scale"", ""amenity"": ""weighbridge"", ""website"": ""https://catscale.com/cat-scale-locator/?single=2182"", ""operator"": ""Love's Travel Stop"", ""check_date"": ""2024-02-10"", ""brand:wikidata"": ""Q111631907"", ""operator:phone"": ""+1 956-831-6770"", ""operator:website"": ""https://www.loves.com/locations/767"", ""operator:wikidata"": ""Q1872496""}"
node/10827662699,,,POINT(-88.6231502 31.6526765),osm_pois,981,2026-07-22 20:25:30.476626+00,2026-07-21 20:21:50+00,,,,,,{},"{""amenity"": ""weighbridge""}"
node/10833551757,CAT Scale,,POINT(-89.3441539 32.3211485),osm_pois,981,2026-07-22 20:25:30.476626+00,2026-07-21 20:21:50+00,,,,,,{},"{""ref"": ""1068"", ""name"": ""CAT Scale"", ""brand"": ""CAT Scale"", ""amenity"": ""weighbridge"", ""website"": ""https://catscale.com/cat-scale-locator/?single=1068"", ""operator"": ""Love's Travel Stop"", ""brand:wikidata"": ""Q111631907"", ""operator:phone"": ""+1 601-775-0011"", ""operator:website"": ""https://www.loves.com/locations/639"", ""operator:wikidata"": ""Q1872496""}"
node/10833551814,,,POINT(-89.3059022 32.3381961),osm_pois,981,2026-07-22 20:25:30.476626+00,2026-07-21 20:21:50+00,,,,,,{},"{""access"": ""private"", ""amenity"": ""weighbridge""}"
node/10833551815,,,POINT(-89.3059638 32.3381105),osm_pois,981,2026-07-22 20:25:30.476626+00,2026-07-21 20:21:50+00,,,,,,{},"{""access"": ""private"", ""amenity"": ""weighbridge""}"
node/10835594186,,,POINT(-113.5786455 42.5689928),osm_pois,981,2026-07-22 20:25:30.476626+00,2026-07-21 20:21:50+00,,,,,,{},"{""amenity"": ""weighbridge""}"
node/10840171449,CAT Scale,,POINT(-88.7281913 32.3468817),osm_pois,981,2026-07-22 20:25:30.476626+00,2026-07-21 20:21:50+00,,,,,,{},"{""ref"": ""1093"", ""name"": ""CAT Scale"", ""brand"": ""CAT Scale"", ""amenity"": ""weighbridge"", ""website"": ""https://catscale.com/cat-scale-locator/?single=1093"", ""operator"": ""Pilot Travel Center"", ""brand:wikidata"": ""Q111631907"", ""operator:phone"": ""+1 601-484-5106"", ""operator:website"": ""https://locations.pilotflyingj.com/us/ms/meridian/1555-tommy-webb-drive"", ""operator:wikidata"": ""Q64128179""}"
node/10840171462,,,POINT(-88.7394328 32.351974),osm_pois,981,2026-07-22 20:25:30.476626+00,2026-07-21 20:21:50+00,,,,,,{},"{""access"": ""yes"", ""amenity"": ""weighbridge""}"
node/10844464004,CAT Scale,,POINT(-88.582116 32.3967654),osm_pois,981,2026-07-22 20:25:30.476626+00,2026-07-21 20:21:50+00,,,,,,{},"{""ref"": ""635"", ""name"": ""CAT Scale"", ""brand"": ""CAT Scale"", ""amenity"": ""weighbridge"", ""website"": ""https://catscale.com/cat-scale-locator/?single=635"", ""operator"": ""TA"", ""brand:wikidata"": ""Q111631907"", ""operator:phone"": ""+1 601-483-7611"", ""operator:website"": ""https://www.ta-petro.com/location/ms/ta-meridian/"", ""operator:wikidata"": ""Q7835892""}"
node/10853376571,CAT Scale,,POINT(-90.1604098 32.2761347),osm_pois,981,2026-07-22 20:25:30.476626+00,2026-07-21 20:21:50+00,,,,,,{},"{""ref"": ""1470"", ""name"": ""CAT Scale"", ""brand"": ""CAT Scale"", ""amenity"": ""weighbridge"", ""website"": ""https://catscale.com/cat-scale-locator/?single=1470"", ""operator"": ""Flying J Travel Center"", ""brand:wikidata"": ""Q111631907"", ""operator:phone"": ""+1 601-936-0190"", ""operator:wikidata"": ""Q64130592""}"
node/10855515942,CAT Scale,,POINT(-90.4623909 31.6038556),osm_pois,981,2026-07-22 20:25:30.476626+00,2026-07-21 20:21:50+00,,,,,,{},"{""ref"": ""1224"", ""name"": ""CAT Scale"", ""brand"": ""CAT Scale"", ""amenity"": ""weighbridge"", ""website"": ""https://catscale.com/cat-scale-locator/?single=1224"", ""operator"": ""Fleetway Travel Center"", ""brand:wikidata"": ""Q111631907"", ""operator:phone"": ""+1 601-835-0091""}"
node/10857087932,CAT Scale,,POINT(-96.8205563 32.516578),osm_pois,981,2026-07-22 20:25:30.476626+00,2026-07-21 20:21:50+00,,,,,,{},"{""name"": ""CAT Scale"", ""brand"": ""CAT Scale"", ""amenity"": ""weighbridge"", ""brand:wikidata"": ""Q111631907""}"
node/10857560600,CAT Scale,,POINT(-90.4870353 31.1903785),osm_pois,981,2026-07-22 20:25:30.476626+00,2026-07-21 20:21:50+00,,,,,,{},"{""ref"": ""1314"", ""name"": ""CAT Scale"", ""brand"": ""CAT Scale"", ""amenity"": ""weighbridge"", ""website"": ""https://catscale.com/cat-scale-locator/?single=1314"", ""operator"": ""Love's Travel Stop"", ""brand:wikidata"": ""Q111631907"", ""operator:phone"": ""+1 601-684-3353"", ""operator:website"": ""https://www.loves.com/locations/393"", ""operator:wikidata"": ""Q1872496""}"
node/10858216672,,,POINT(-90.7538075 32.3545427),osm_pois,981,2026-07-22 20:25:30.476626+00,2026-07-21 20:21:50+00,,,,,,{},"{""amenity"": ""weighbridge""}"
node/10858239545,CAT Scale,,POINT(-90.6667017 32.3620633),osm_pois,981,2026-07-22 20:25:30.476626+00,2026-07-21 20:21:50+00,,,,,,{},"{""ref"": ""3209"", ""name"": ""CAT Scale"", ""brand"": ""CAT Scale"", ""amenity"": ""weighbridge"", ""website"": ""https://catscale.com/cat-scale-locator/?single=3209"", ""operator"": ""Love's Travel Stop"", ""brand:wikidata"": ""Q111631907"", ""operator:phone"": ""+1 601-636-6088"", ""operator:website"": ""https://www.loves.com/locations/776"", ""operator:wikidata"": ""Q1872496""}"
node/10858703439,CAT Scale,,POINT(-99.7572474 34.2919728),osm_pois,981,2026-07-22 20:25:30.476626+00,2026-07-21 20:21:50+00,,,,,,{},"{""ref"": ""2130"", ""name"": ""CAT Scale"", ""brand"": ""CAT Scale"", ""amenity"": ""weighbridge"", ""website"": ""https://catscale.com/cat-scale-locator/?single=2130"", ""operator"": ""Love's Travel Stop"", ""brand:wikidata"": ""Q111631907"", ""operator:phone"": ""+1 940-663-2567"", ""operator:website"": ""https://www.loves.com/locations/662"", ""operator:wikidata"": ""Q1872496""}"
node/10858703533,CAT Scale,,POINT(-98.4822775 33.8903397),osm_pois,981,2026-07-22 20:25:30.476626+00,2026-07-21 20:21:50+00,,,,,,{},"{""ref"": ""2924"", ""name"": ""CAT Scale"", ""brand"": ""CAT Scale"", ""amenity"": ""weighbridge"", ""website"": ""https://catscale.com/cat-scale-locator/?single=2924"", ""operator"": ""Flying J Travel Center"", ""brand:wikidata"": ""Q111631907"", ""operator:phone"": ""+1 940-720-0598"", ""operator:wikidata"": ""Q64130592""}"
node/10858703544,CAT Scale,,POINT(-98.1953097 33.8012291),osm_pois,981,2026-07-22 20:25:30.476626+00,2026-07-21 20:21:50+00,,,,,,{},"{""ref"": ""2180"", ""name"": ""CAT Scale"", ""brand"": ""CAT Scale"", ""amenity"": ""weighbridge"", ""website"": ""https://catscale.com/cat-scale-locator/?single=2180"", ""operator"": ""Texas Best Smokehouse"", ""brand:wikidata"": ""Q111631907"", ""operator:phone"": ""+1 940-538-0401""}"
node/10859125317,CAT Scale,,POINT(-93.5732769 41.6783964),osm_pois,981,2026-07-22 20:25:30.476626+00,2026-07-21 20:21:50+00,,,,,,{},"{""ref"": ""3313"", ""name"": ""CAT Scale"", ""brand"": ""CAT Scale"", ""amenity"": ""weighbridge"", ""website"": ""https://catscale.com/cat-scale-locator/?single=3313"", ""operator"": ""Casey's General Store"", ""brand:wikidata"": ""Q111631907"", ""operator:phone"": ""+1 515-266-3931"", ""operator:wikidata"": ""Q2940968""}"
node/10859777419,,,POINT(-90.4325482 32.8356418),osm_pois,981,2026-07-22 20:25:30.476626+00,2026-07-21 20:21:50+00,,,,,,{},"{""amenity"": ""weighbridge""}"
node/10860149240,CAT Scale,,POINT(-90.0730258 32.6038856),osm_pois,981,2026-07-22 20:25:30.476626+00,2026-07-21 20:21:50+00,,,,,,{},"{""ref"": ""773"", ""name"": ""CAT Scale"", ""brand"": ""CAT Scale"", ""amenity"": ""weighbridge"", ""website"": ""https://catscale.com/cat-scale-locator/?single=773"", ""operator"": ""Love's Travel Stop"", ""brand:wikidata"": ""Q111631907"", ""operator:phone"": ""+1 601-859-9370"", ""operator:website"": ""https://www.loves.com/locations/208"", ""operator:wikidata"": ""Q1872496""}"
node/10863664382,,,POINT(-90.7704573 32.5300101),osm_pois,981,2026-07-22 20:25:30.476626+00,2026-07-21 20:21:50+00,,,,,,{},"{""amenity"": ""weighbridge""}"
node/10863664383,,,POINT(-90.7703298 32.5299915),osm_pois,981,2026-07-22 20:25:30.476626+00,2026-07-21 20:21:50+00,,,,,,{},"{""amenity"": ""weighbridge""}"
node/10863664403,,,POINT(-90.7728417 32.5285303),osm_pois,981,2026-07-22 20:25:30.476626+00,2026-07-21 20:21:50+00,,,,,,{},"{""amenity"": ""weighbridge""}"
node/10863664476,,,POINT(-90.7721662 32.5320961),osm_pois,981,2026-07-22 20:25:30.476626+00,2026-07-21 20:21:50+00,,,,,,{},"{""amenity"": ""weighbridge""}"
node/10863664602,,,POINT(-90.7664548 32.5322846),osm_pois,981,2026-07-22 20:25:30.476626+00,2026-07-21 20:21:50+00,,,,,,{},"{""amenity"": ""weighbridge""}"
node/10865185403,,,POINT(-90.8692742 32.3784417),osm_pois,981,2026-07-22 20:25:30.476626+00,2026-07-21 20:21:50+00,,,,,,{},"{""amenity"": ""weighbridge""}"
node/10865185404,,,POINT(-90.8691898 32.3784257),osm_pois,981,2026-07-22 20:25:30.476626+00,2026-07-21 20:21:50+00,,,,,,{},"{""amenity"": ""weighbridge""}"
node/10865609071,,,POINT(-76.3013593 36.8090339),osm_pois,981,2026-07-22 20:25:30.476626+00,2026-07-21 20:21:50+00,,,,,,{},"{""amenity"": ""weighbridge""}"
node/10867901423,,,POINT(-91.0190943 33.8199503),osm_pois,981,2026-07-22 20:25:30.476626+00,2026-07-21 20:21:50+00,,,,,,{},"{""amenity"": ""weighbridge""}"
node/10867901424,,,POINT(-91.0190809 33.8200395),osm_pois,981,2026-07-22 20:25:30.476626+00,2026-07-21 20:21:50+00,,,,,,{},"{""amenity"": ""weighbridge""}"
node/10867901543,,,POINT(-91.0169894 33.8173699),osm_pois,981,2026-07-22 20:25:30.476626+00,2026-07-21 20:21:50+00,,,,,,{},"{""amenity"": ""weighbridge""}"
node/10867901544,,,POINT(-91.0173227 33.8134811),osm_pois,981,2026-07-22 20:25:30.476626+00,2026-07-21 20:21:50+00,,,,,,{},"{""amenity"": ""weighbridge""}"
node/10867901545,,,POINT(-91.0175125 33.8149392),osm_pois,981,2026-07-22 20:25:30.476626+00,2026-07-21 20:21:50+00,,,,,,{},"{""amenity"": ""weighbridge""}"
node/10869697594,,,POINT(-117.0211647 34.8374903),osm_pois,981,2026-07-22 20:25:30.476626+00,2026-07-21 20:21:50+00,,,,,,{},"{""amenity"": ""weighbridge""}"
node/10869697603,,,POINT(-117.0209862 34.8373672),osm_pois,981,2026-07-22 20:25:30.476626+00,2026-07-21 20:21:50+00,,,,,,{},"{""amenity"": ""weighbridge""}"
node/10871362856,CAT Scale,,POINT(-89.9537297 34.6209803),osm_pois,981,2026-07-22 20:25:30.476626+00,2026-07-21 20:21:50+00,,,,,,{},"{""ref"": ""227"", ""name"": ""CAT Scale"", ""brand"": ""CAT Scale"", ""amenity"": ""weighbridge"", ""website"": ""https://catscale.com/cat-scale-locator/?single=227"", ""operator"": ""Circle K"", ""brand:wikidata"": ""Q111631907"", ""operator:phone"": ""+1 662-710-4529"", ""operator:wikidata"": ""Q3268010""}"
node/10875839948,,,POINT(-88.5677672 33.4518507),osm_pois,981,2026-07-22 20:25:30.476626+00,2026-07-21 20:21:50+00,,,,,,{},"{""amenity"": ""weighbridge""}"
node/10875841161,,,POINT(-88.5708642 33.437473),osm_pois,981,2026-07-22 20:25:30.476626+00,2026-07-21 20:21:50+00,,,,,,{},"{""amenity"": ""weighbridge""}"
node/10879170524,CAT Scale,,POINT(-89.7711596 33.4852158),osm_pois,981,2026-07-22 20:25:30.476626+00,2026-07-21 20:21:50+00,,,,,,{},"{""ref"": ""631"", ""name"": ""CAT Scale"", ""brand"": ""CAT Scale"", ""amenity"": ""weighbridge"", ""website"": ""https://catscale.com/cat-scale-locator/?single=631"", ""operator"": ""Pilot Travel Center"", ""brand:wikidata"": ""Q111631907"", ""operator:phone"": ""+1 662-283-5985"", ""operator:website"": ""https://locations.pilotflyingj.com/us/ms/winona/403-sw-frontage-road"", ""operator:wikidata"": ""Q64128179""}"
node/10879350427,,,POINT(-90.2063662 33.5182361),osm_pois,981,2026-07-22 20:25:30.476626+00,2026-07-21 20:21:50+00,,,,,,{},"{""amenity"": ""weighbridge""}"
node/10879610735,CAT Scale,,POINT(-89.8334456 33.8168208),osm_pois,981,2026-07-22 20:25:30.476626+00,2026-07-21 20:21:50+00,,,,,,{},"{""ref"": ""1823"", ""name"": ""CAT Scale"", ""brand"": ""CAT Scale"", ""amenity"": ""weighbridge"", ""website"": ""https://catscale.com/cat-scale-locator/?single=1823"", ""operator"": ""Swift Mart Travel Center"", ""brand:wikidata"": ""Q111631907"", ""operator:phone"": ""+1 662-226-5955""}"
node/10884304875,,,POINT(-88.5637689 33.4460694),osm_pois,981,2026-07-22 20:25:30.476626+00,2026-07-21 20:21:50+00,,,,,,{},"{""amenity"": ""weighbridge""}"
node/10884304876,,,POINT(-88.5637088 33.4460074),osm_pois,981,2026-07-22 20:25:30.476626+00,2026-07-21 20:21:50+00,,,,,,{},"{""amenity"": ""weighbridge""}"
node/10884317058,,,POINT(-88.580759 33.4470697),osm_pois,981,2026-07-22 20:25:30.476626+00,2026-07-21 20:21:50+00,,,,,,{},"{""amenity"": ""weighbridge""}"
node/10884317059,,,POINT(-88.5807567 33.4471574),osm_pois,981,2026-07-22 20:25:30.476626+00,2026-07-21 20:21:50+00,,,,,,{},"{""amenity"": ""weighbridge""}"
node/10896503868,CAT Scale,,POINT(-116.106242 40.719095),osm_pois,981,2026-07-22 20:25:30.476626+00,2026-07-21 20:21:50+00,,,,,,{},"{""ref"": ""452"", ""name"": ""CAT Scale"", ""brand"": ""CAT Scale"", ""amenity"": ""weighbridge"", ""website"": ""https://catscale.com/cat-scale-locator/?single=452"", ""operator"": ""ONE9 Travel Center"", ""brand:wikidata"": ""Q111631907"", ""operator:phone"": ""+1 775-754-6384""}"
node/10897635549,,,POINT(-86.9748416 34.6097762),osm_pois,981,2026-07-22 20:25:30.476626+00,2026-07-21 20:21:50+00,,,,,,{},"{""amenity"": ""weighbridge""}"
node/10900915942,CAT Scale,,POINT(-110.9787638 41.2647669),osm_pois,981,2026-07-22 20:25:30.476626+00,2026-07-21 20:21:50+00,,,,,,{},"{""ref"": ""1744"", ""name"": ""CAT Scale"", ""brand"": ""CAT Scale"", ""amenity"": ""weighbridge"", ""website"": ""https://catscale.com/cat-scale-locator/?single=1744"", ""operator"": ""Flying J Travel Center"", ""brand:wikidata"": ""Q111631907"", ""operator:phone"": ""+1 307-789-9129"", ""operator:wikidata"": ""Q64130592""}"
node/10901254412,,,POINT(-89.8999797 38.5749827),osm_pois,981,2026-07-22 20:25:30.476626+00,2026-07-21 20:21:50+00,,,,,,{},"{""amenity"": ""weighbridge""}"
node/10903346779,,,POINT(-80.3736652 40.3629319),osm_pois,981,2026-07-22 20:25:30.476626+00,2026-07-21 20:21:50+00,,,,,,{},"{""amenity"": ""weighbridge""}"
node/10903538397,,,POINT(-83.824128 34.0280224),osm_pois,981,2026-07-22 20:25:30.476626+00,2026-07-21 20:21:50+00,,,,,,{},"{""amenity"": ""weighbridge""}"
node/10907248699,,,POINT(-83.296579 33.6317462),osm_pois,981,2026-07-22 20:25:30.476626+00,2026-07-21 20:21:50+00,,,,,,{},"{""amenity"": ""weighbridge""}"
node/10907364305,,,POINT(-84.1563216 33.923921),osm_pois,981,2026-07-22 20:25:30.476626+00,2026-07-21 20:21:50+00,,,,,,{},"{""amenity"": ""weighbridge""}"
node/10907364306,,,POINT(-84.1563552 33.9238701),osm_pois,981,2026-07-22 20:25:30.476626+00,2026-07-21 20:21:50+00,,,,,,{},"{""amenity"": ""weighbridge""}"
node/10907364307,,,POINT(-84.1563756 33.9238393),osm_pois,981,2026-07-22 20:25:30.476626+00,2026-07-21 20:21:50+00,,,,,,{},"{""amenity"": ""weighbridge""}"
node/10907364308,,,POINT(-84.1564051 33.9237946),osm_pois,981,2026-07-22 20:25:30.476626+00,2026-07-21 20:21:50+00,,,,,,{},"{""amenity"": ""weighbridge""}"
node/10907376886,,,POINT(-82.9326084 33.2912051),osm_pois,981,2026-07-22 20:25:30.476626+00,2026-07-21 20:21:50+00,,,,,,{},"{""amenity"": ""weighbridge""}"
node/10907379924,,,POINT(-83.9263257 34.1316753),osm_pois,981,2026-07-22 20:25:30.476626+00,2026-07-21 20:21:50+00,,,,,,{},"{""amenity"": ""weighbridge""}"
node/10915429762,CAT Scale,,POINT(-81.45068 35.1662597),osm_pois,981,2026-07-22 20:25:30.476626+00,2026-07-21 20:21:50+00,,,,,,{},"{""ref"": ""733"", ""name"": ""CAT Scale"", ""brand"": ""CAT Scale"", ""amenity"": ""weighbridge"", ""website"": ""https://catscale.com/cat-scale-locator/?single=733"", ""operator"": ""Pilot Travel Center"", ""brand:wikidata"": ""Q111631907"", ""operator:phone"": ""+1 864-936-9984"", ""operator:website"": ""https://locations.pilotflyingj.com/us/sc/blacksburg/2768-east-cherokee-street"", ""operator:wikidata"": ""Q64128179""}"
node/10920360444,,,POINT(-89.3023074 35.4609131),osm_pois,981,2026-07-22 20:25:30.476626+00,2026-07-21 20:21:50+00,,,,,,{},"{""amenity"": ""weighbridge""}"
node/10932504475,,,POINT(-114.4155729 37.7752615),osm_pois,981,2026-07-22 20:25:30.476626+00,2026-07-21 20:21:50+00,,,,,,{},"{""amenity"": ""weighbridge""}"
node/10933618353,,,POINT(-96.1616123 41.1484514),osm_pois,981,2026-07-22 20:25:30.476626+00,2026-07-21 20:21:50+00,,,,,,{},"{""access"": ""yes"", ""amenity"": ""weighbridge"", ""operator"": ""QuikTrip""}"
node/10940491931,Waverly I-80 East Weigh Station,NE,POINT(-96.4605525 40.9224782),osm_pois,981,2026-07-22 20:25:30.476626+00,2026-07-21 20:21:50+00,,,,,,{},"{""name"": ""Waverly I-80 East Weigh Station"", ""amenity"": ""weighbridge"", ""operator"": ""Nebraska State Patrol"", ""addr:city"": ""Waverly"", ""addr:state"": ""NE"", ""addr:country"": ""US"", ""addr:postcode"": ""68462""}"
node/10944466095,,,POINT(-91.9383835 30.2864425),osm_pois,981,2026-07-22 20:25:30.476626+00,2026-07-21 20:21:50+00,,,,,,{},"{""amenity"": ""weighbridge""}"
node/10944466113,,,POINT(-91.9385875 30.2852863),osm_pois,981,2026-07-22 20:25:30.476626+00,2026-07-21 20:21:50+00,,,,,,{},"{""amenity"": ""weighbridge""}"
node/10949170979,,,POINT(-104.2189426 42.0779476),osm_pois,981,2026-07-22 20:25:30.476626+00,2026-07-21 20:21:50+00,,,,,,{},"{""amenity"": ""weighbridge""}"
node/10951109207,CAT Scale,,POINT(-82.5056851 35.3941563),osm_pois,981,2026-07-22 20:25:30.476626+00,2026-07-21 20:21:50+00,,,,,,{},"{""ref"": ""987"", ""name"": ""CAT Scale"", ""brand"": ""CAT Scale"", ""amenity"": ""weighbridge"", ""website"": ""https://catscale.com/cat-scale-locator/?single=987"", ""operator"": ""Mountain Energy"", ""brand:wikidata"": ""Q111631907"", ""operator:phone"": ""+1 828-687-0402""}"
node/10960615459,,,POINT(-84.0320377 39.8280036),osm_pois,981,2026-07-22 20:25:30.476626+00,2026-07-21 20:21:50+00,,,,,,{},"{""amenity"": ""weighbridge""}"
node/10965958329,,,POINT(-93.7971035 40.989116),osm_pois,981,2026-07-22 20:25:30.476626+00,2026-07-21 20:21:50+00,,,,,,{},"{""amenity"": ""weighbridge""}"
node/10967324413,,,POINT(-92.5887036 31.9449712),osm_pois,981,2026-07-22 20:25:30.476626+00,2026-07-21 20:21:50+00,,,,,,{},"{""amenity"": ""weighbridge""}"
node/10967324414,,,POINT(-92.588624 31.945043),osm_pois,981,2026-07-22 20:25:30.476626+00,2026-07-21 20:21:50+00,,,,,,{},"{""amenity"": ""weighbridge""}"
node/10976077552,,,POINT(-81.2761309 28.8148452),osm_pois,981,2026-07-22 20:25:30.476626+00,2026-07-21 20:21:50+00,,,,,,{},"{""amenity"": ""weighbridge""}"
node/10998087087,,,POINT(-92.0134543 37.0485237),osm_pois,981,2026-07-22 20:25:30.476626+00,2026-07-21 20:21:50+00,,,,,,{},"{""amenity"": ""weighbridge""}"
node/10998103010,,,POINT(-92.0126617 37.0488659),osm_pois,981,2026-07-22 20:25:30.476626+00,2026-07-21 20:21:50+00,,,,,,{},"{""amenity"": ""weighbridge""}"
node/11009437589,,,POINT(-117.4933702 34.077728),osm_pois,981,2026-07-22 20:25:30.476626+00,2026-07-21 20:21:50+00,,,,,,{},"{""amenity"": ""weighbridge""}"
node/11015258575,,,POINT(-82.1428705 28.9933026),osm_pois,981,2026-07-22 20:25:30.476626+00,2026-07-21 20:21:50+00,,,,,,{},"{""amenity"": ""weighbridge""}"
node/11015258576,,,POINT(-82.1438614 28.9930193),osm_pois,981,2026-07-22 20:25:30.476626+00,2026-07-21 20:21:50+00,,,,,,{},"{""amenity"": ""weighbridge""}"
node/11016280920,,,POINT(-119.2526864 35.4879155),osm_pois,981,2026-07-22 20:25:30.476626+00,2026-07-21 20:21:50+00,,,,,,{},"{""amenity"": ""weighbridge""}"
node/11016369185,CAT Scale,,POINT(-119.2505726 35.4406519),osm_pois,981,2026-07-22 20:25:30.476626+00,2026-07-21 20:21:50+00,,,,,,{},"{""ref"": ""3165"", ""name"": ""CAT Scale"", ""brand"": ""CAT Scale"", ""amenity"": ""weighbridge"", ""website"": ""https://catscale.com/cat-scale-locator/?single=3165"", ""brand:wikidata"": ""Q111631907""}"
node/11028701289,,,POINT(-75.088484 40.6646298),osm_pois,981,2026-07-22 20:25:30.476626+00,2026-07-21 20:21:50+00,,,,,,{},"{""amenity"": ""weighbridge""}"
node/11028701290,,,POINT(-75.0841502 40.6623499),osm_pois,981,2026-07-22 20:25:30.476626+00,2026-07-21 20:21:50+00,,,,,,{},"{""amenity"": ""weighbridge""}"
node/11033014528,,,POINT(-116.454923 43.827368),osm_pois,981,2026-07-22 20:25:30.476626+00,2026-07-21 20:21:50+00,,,,,,{},"{""amenity"": ""weighbridge""}"
node/11036518785,,,POINT(-94.0211313 32.4526176),osm_pois,981,2026-07-22 20:25:30.476626+00,2026-07-21 20:21:50+00,,,,,,{},"{""amenity"": ""weighbridge""}"
node/11036518786,,,POINT(-94.0231739 32.4520368),osm_pois,981,2026-07-22 20:25:30.476626+00,2026-07-21 20:21:50+00,,,,,,{},"{""amenity"": ""weighbridge""}"
node/11045517575,,,POINT(-81.2837261 34.1639514),osm_pois,981,2026-07-22 20:25:30.476626+00,2026-07-21 20:21:50+00,,,,,,{},"{""amenity"": ""weighbridge""}"
node/11057578617,CAT Scale,,POINT(-114.066547 40.7403045),osm_pois,981,2026-07-22 20:25:30.476626+00,2026-07-21 20:21:50+00,,,,,,{},"{""ref"": ""678"", ""name"": ""CAT Scale"", ""brand"": ""CAT Scale"", ""amenity"": ""weighbridge"", ""website"": ""https://catscale.com/cat-scale-locator/?single=678"", ""operator"": ""Pilot Travel Center"", ""brand:wikidata"": ""Q111631907"", ""operator:phone"": ""+1 775-296-5047"", ""operator:website"": ""https://locations.pilotflyingj.com/us/nv/west-wendover/1200-wendover-boulevard"", ""operator:wikidata"": ""Q64128179""}"
node/11059670387,,,POINT(-77.5557221 40.7054357),osm_pois,981,2026-07-22 20:25:30.476626+00,2026-07-21 20:21:50+00,,,,,,{},"{""amenity"": ""weighbridge""}"
node/11072303711,,,POINT(-76.2050404 43.0638727),osm_pois,981,2026-07-22 20:25:30.476626+00,2026-07-21 20:21:50+00,,,,,,{},"{""amenity"": ""weighbridge""}"
node/11076669590,,,POINT(-89.330316 36.8229819),osm_pois,981,2026-07-22 20:25:30.476626+00,2026-07-21 20:21:50+00,,,,,,{},"{""amenity"": ""weighbridge""}"
node/11076669591,,,POINT(-89.32861 36.8211389),osm_pois,981,2026-07-22 20:25:30.476626+00,2026-07-21 20:21:50+00,,,,,,{},"{""amenity"": ""weighbridge""}"
node/11082011955,CAT Scale,AZ,POINT(-112.9383277 33.4946651),osm_pois,981,2026-07-22 20:25:30.476626+00,2026-07-21 20:21:50+00,,,,,,{},"{""ref"": ""1858"", ""name"": ""CAT Scale"", ""brand"": ""CAT Scale"", ""amenity"": ""weighbridge"", ""website"": ""https://catscale.com/cat-scale-locator/?single=1858"", ""operator"": ""Pilot Travel Center"", ""addr:city"": ""Tonopah"", ""addr:state"": ""AZ"", ""addr:street"": ""West Indian School Road"", ""addr:postcode"": ""85354"", ""brand:wikidata"": ""Q111631907"", ""operator:phone"": ""+1 623-386-5386"", ""addr:housenumber"": ""4112"", ""operator:website"": ""https://locations.pilotflyingj.com/us/az/tonopah/41112-west-indian-school-road"", ""operator:wikidata"": ""Q64128179""}"
node/11091175723,CAT Scale,,POINT(-111.6177125 32.7799166),osm_pois,981,2026-07-22 20:25:30.476626+00,2026-07-21 20:21:50+00,,,,,,{},"{""ref"": ""3265"", ""name"": ""CAT Scale"", ""brand"": ""CAT Scale"", ""amenity"": ""weighbridge"", ""website"": ""https://catscale.com/cat-scale-locator/?single=3265"", ""brand:wikidata"": ""Q111631907""}"
node/11092544186,,,POINT(-119.1267048 47.4220354),osm_pois,981,2026-07-22 20:25:30.476626+00,2026-07-21 20:21:50+00,,,,,,{},"{""amenity"": ""weighbridge""}"
node/11104004941,,,POINT(-111.6187284 35.1909744),osm_pois,981,2026-07-22 20:25:30.476626+00,2026-07-21 20:21:50+00,,,,,,{},"{""amenity"": ""weighbridge""}"
node/11121025368,,,POINT(-76.4151451 42.7187382),osm_pois,981,2026-07-22 20:25:30.476626+00,2026-07-21 20:21:50+00,,,,,,{},"{""amenity"": ""weighbridge""}"
node/11123447213,CAT Scale,,POINT(-97.2746368 32.7826843),osm_pois,981,2026-07-22 20:25:30.476626+00,2026-07-21 20:21:50+00,,,,,,{},"{""ref"": ""2150"", ""name"": ""CAT Scale"", ""brand"": ""CAT Scale"", ""amenity"": ""weighbridge"", ""website"": ""https://catscale.com/cat-scale-locator/?single=2150"", ""operator"": ""Fuel City"", ""brand:wikidata"": ""Q111631907"", ""operator:phone"": ""+1 817-484-0712""}"
node/11126867981,CAT Scale,,POINT(-112.1168547 34.3273884),osm_pois,981,2026-07-22 20:25:30.476626+00,2026-07-21 20:21:50+00,,,,,,{},"{""ref"": ""1803"", ""name"": ""CAT Scale"", ""brand"": ""CAT Scale"", ""amenity"": ""weighbridge"", ""website"": ""https://catscale.com/cat-scale-locator/?single=1803"", ""operator"": ""Pilot Travel Center"", ""brand:wikidata"": ""Q111631907"", ""operator:phone"": ""+1 928-632-4521"", ""operator:website"": ""https://locations.pilotflyingj.com/us/az/cordes-lake/14905-cordes-lake-road"", ""operator:wikidata"": ""Q64128179""}"
node/11129287002,CAT Scale,,POINT(-102.1398813 31.9476677),osm_pois,981,2026-07-22 20:25:30.476626+00,2026-07-21 20:21:50+00,,,,,,{},"{""ref"": ""2124"", ""name"": ""CAT Scale"", ""brand"": ""CAT Scale"", ""amenity"": ""weighbridge"", ""website"": ""https://catscale.com/cat-scale-locator/?single=2124"", ""operator"": ""Love's Travel Stop"", ""brand:wikidata"": ""Q111631907"", ""operator:phone"": ""+1 432-699-2374"", ""operator:website"": ""https://www.loves.com/locations/623"", ""operator:wikidata"": ""Q1872496""}"
node/11129297878,CAT Scale,,POINT(-101.7434064 35.1946107),osm_pois,981,2026-07-22 20:25:30.476626+00,2026-07-21 20:21:50+00,,,,,,{},"{""ref"": ""2193"", ""name"": ""CAT Scale"", ""brand"": ""CAT Scale"", ""amenity"": ""weighbridge"", ""website"": ""https://catscale.com/cat-scale-locator/?single=2193"", ""operator"": ""Toot 'n Totum"", ""brand:wikidata"": ""Q111631907"", ""operator:phone"": ""+1 806-425-3965""}"
node/11132373893,,,POINT(-94.2606341 41.0455981),osm_pois,981,2026-07-22 20:25:30.476626+00,2026-07-21 20:21:50+00,,,,,,{},"{""access"": ""customers"", ""amenity"": ""weighbridge""}"
node/11133283219,CAT Scale,,POINT(-93.4272365 33.8124107),osm_pois,981,2026-07-22 20:25:30.476626+00,2026-07-21 20:21:50+00,,,,,,{},"{""ref"": ""941"", ""name"": ""CAT Scale"", ""brand"": ""CAT Scale"", ""amenity"": ""weighbridge"", ""website"": ""https://catscale.com/cat-scale-locator/?single=941"", ""operator"": ""TA"", ""brand:wikidata"": ""Q111631907"", ""operator:phone"": ""+1 870-887-8900"", ""operator:website"": ""https://www.ta-petro.com/location/ar/ta-prescott/"", ""operator:wikidata"": ""Q7835892""}"
node/11135109213,,,POINT(-104.7124069 39.6532241),osm_pois,981,2026-07-22 20:25:30.476626+00,2026-07-21 20:21:50+00,,,,,,{},"{""access"": ""permissive"", ""amenity"": ""weighbridge""}"
node/11135109216,,,POINT(-104.7122896 39.6533907),osm_pois,981,2026-07-22 20:25:30.476626+00,2026-07-21 20:21:50+00,,,,,,{},"{""amenity"": ""weighbridge""}"
node/11136615065,CAT Scale,,POINT(-91.2929047 33.3311065),osm_pois,981,2026-07-22 20:25:30.476626+00,2026-07-21 20:21:50+00,,,,,,{},"{""ref"": ""3199"", ""name"": ""CAT Scale"", ""brand"": ""CAT Scale"", ""amenity"": ""weighbridge"", ""website"": ""https://catscale.com/cat-scale-locator/?single=3199"", ""operator"": ""Love's Travel Stop"", ""brand:wikidata"": ""Q111631907"", ""operator:phone"": ""+1 870-265-9988"", ""operator:website"": ""https://www.loves.com/locations/689"", ""operator:wikidata"": ""Q1872496""}"
node/11137224724,,,POINT(-116.5793659 40.422508),osm_pois,981,2026-07-22 20:25:30.476626+00,2026-07-21 20:21:50+00,,,,,,{},"{""amenity"": ""weighbridge""}"
node/11137538997,CAT Scale,,POINT(-90.4479574 38.7935312),osm_pois,981,2026-07-22 20:25:30.476626+00,2026-07-21 20:21:50+00,,,,,,{},"{""ref"": ""1798"", ""name"": ""CAT Scale"", ""brand"": ""CAT Scale"", ""amenity"": ""weighbridge"", ""website"": ""https://catscale.com/cat-scale-locator/?single=1798"", ""operator"": ""Love's Travel Stop"", ""brand:wikidata"": ""Q111631907"", ""operator:phone"": ""+1 314-291-9416"", ""operator:wikidata"": ""Q1872496""}"
node/11137705974,CAT Scale,,POINT(-91.9197353 34.1934975),osm_pois,981,2026-07-22 20:25:30.476626+00,2026-07-21 20:21:50+00,,,,,,{},"{""ref"": ""1948"", ""name"": ""CAT Scale"", ""brand"": ""CAT Scale"", ""amenity"": ""weighbridge"", ""website"": ""https://catscale.com/cat-scale-locator/?single=1948"", ""operator"": ""Love's Travel Stop"", ""brand:wikidata"": ""Q111631907"", ""operator:phone"": ""+1 870-536-8274"", ""operator:website"": ""https://www.loves.com/locations/661"", ""operator:wikidata"": ""Q1872496""}"
node/11139618552,CAT Scale,,POINT(-96.8007021 43.4624311),osm_pois,981,2026-07-22 20:25:30.476626+00,2026-07-21 20:21:50+00,,,,,,{},"{""ref"": ""3362"", ""name"": ""CAT Scale"", ""brand"": ""CAT Scale"", ""amenity"": ""weighbridge"", ""website"": ""https://catscale.com/cat-scale-locator/?single=3362"", ""operator"": ""Casey's General Store"", ""brand:wikidata"": ""Q111631907"", ""operator:phone"": ""+1 605-368-9008"", ""operator:wikidata"": ""Q2940968""}"
node/11139709968,CAT Scale,,POINT(-92.1248851 34.7858687),osm_pois,981,2026-07-22 20:25:30.476626+00,2026-07-21 20:21:50+00,,,,,,{},"{""ref"": ""3153"", ""name"": ""CAT Scale"", ""brand"": ""CAT Scale"", ""amenity"": ""weighbridge"", ""website"": ""https://catscale.com/cat-scale-locator/?single=3153"", ""operator"": ""Love's Travel Stop"", ""brand:wikidata"": ""Q111631907"", ""operator:phone"": ""+1 501-945-5400"", ""operator:website"": ""https://www.loves.com/locations/236"", ""operator:wikidata"": ""Q1872496""}"
node/11142683654,,,POINT(-81.0209188 35.7639517),osm_pois,981,2026-07-22 20:25:30.476626+00,2026-07-21 20:21:50+00,,,,,,{},"{""amenity"": ""weighbridge""}"
node/11142766461,CAT Scale,,POINT(-103.1204203 32.4343861),osm_pois,981,2026-07-22 20:25:30.476626+00,2026-07-21 20:21:50+00,,,,,,{},"{""ref"": ""3171"", ""name"": ""CAT Scale"", ""brand"": ""CAT Scale"", ""amenity"": ""weighbridge"", ""website"": ""https://catscale.com/cat-scale-locator/?single=3171"", ""operator"": ""Love's Travel Stop"", ""brand:wikidata"": ""Q111631907"", ""operator:phone"": ""+1 575-394-0015"", ""operator:website"": ""https://www.loves.com/locations/760"", ""operator:wikidata"": ""Q1872496""}"
node/11144931566,CAT Scale,,POINT(-85.1905417 33.691337),osm_pois,981,2026-07-22 20:25:30.476626+00,2026-07-21 20:21:50+00,,,,,,{},"{""ref"": ""992"", ""name"": ""CAT Scale"", ""brand"": ""CAT Scale"", ""amenity"": ""weighbridge"", ""website"": ""https://catscale.com/cat-scale-locator/?single=992"", ""operator"": ""Love's Travel Stop"", ""brand:wikidata"": ""Q111631907"", ""operator:phone"": ""+1 770-824-5040"", ""operator:website"": ""https://www.loves.com/locations/311"", ""operator:wikidata"": ""Q1872496""}"
node/11147322450,CAT Scale,,POINT(-85.2639447 33.6825157),osm_pois,981,2026-07-22 20:25:30.476626+00,2026-07-21 20:21:50+00,,,,,,{},"{""ref"": ""536"", ""name"": ""CAT Scale"", ""brand"": ""CAT Scale"", ""amenity"": ""weighbridge"", ""website"": ""https://catscale.com/cat-scale-locator/?single=536"", ""operator"": ""Pilot Travel Center"", ""brand:wikidata"": ""Q111631907"", ""operator:phone"": ""+1 770-574-9922"", ""operator:website"": ""https://locations.pilotflyingj.com/us/ga/tallapoosa/882-georgia-highway-100"", ""operator:wikidata"": ""Q64128179""}"
node/11147322482,CAT Scale,,POINT(-85.2645169 33.6806823),osm_pois,981,2026-07-22 20:25:30.476626+00,2026-07-21 20:21:50+00,,,,,,{},"{""ref"": ""1249"", ""name"": ""CAT Scale"", ""brand"": ""CAT Scale"", ""amenity"": ""weighbridge"", ""website"": ""https://catscale.com/cat-scale-locator/?single=1249"", ""operator"": ""Newborn Truckstop"", ""brand:wikidata"": ""Q111631907"", ""operator:phone"": ""+1 770-574-5082""}"
node/11157640569,,,POINT(-88.5458295 44.084838),osm_pois,981,2026-07-22 20:25:30.476626+00,2026-07-21 20:21:50+00,,,,,,{},"{""amenity"": ""weighbridge""}"
node/11161500889,,,POINT(-102.8781646 46.5419923),osm_pois,981,2026-07-22 20:25:30.476626+00,2026-07-21 20:21:50+00,,,,,,{},"{""amenity"": ""weighbridge""}"
node/11164193760,,,POINT(-94.5223614 35.4059841),osm_pois,981,2026-07-22 20:25:30.476626+00,2026-07-21 20:21:50+00,,,,,,{},"{""amenity"": ""weighbridge""}"
node/11177998691,,,POINT(-82.1580485 34.8888872),osm_pois,981,2026-07-22 20:25:30.476626+00,2026-07-21 20:21:50+00,,,,,,{},"{""amenity"": ""weighbridge""}"
node/11189643607,CAT Scale,UT,POINT(-111.8361184 39.6860211),osm_pois,981,2026-07-22 20:25:30.476626+00,2026-07-21 20:21:50+00,,,,,,{},"{""ref"": ""1511"", ""name"": ""CAT Scale"", ""brand"": ""CAT Scale"", ""amenity"": ""weighbridge"", ""website"": ""https://catscale.com/cat-scale-locator/?single=1511"", ""operator"": ""Flying J Travel Center"", ""addr:city"": ""Nephi"", ""addr:state"": ""UT"", ""addr:street"": ""South Main Street"", ""addr:postcode"": ""84648"", ""brand:wikidata"": ""Q111631907"", ""operator:phone"": ""+1 435-250-4522"", ""addr:housenumber"": ""1597"", ""operator:wikidata"": ""Q64130592""}"
node/11191811456,CAT Scale,UT,POINT(-111.6521463 40.1627678),osm_pois,981,2026-07-22 20:25:30.476626+00,2026-07-21 20:21:50+00,,,,,,{},"{""ref"": ""1689"", ""name"": ""CAT Scale"", ""brand"": ""CAT Scale"", ""amenity"": ""weighbridge"", ""website"": ""https://catscale.com/cat-scale-locator/?single=1689"", ""operator"": ""Love's Travel Stop"", ""addr:city"": ""Springville"", ""addr:state"": ""UT"", ""addr:street"": ""South 2200 West"", ""addr:postcode"": ""84663"", ""brand:wikidata"": ""Q111631907"", ""operator:phone"": ""+1 801-489-8746"", ""addr:housenumber"": ""358"", ""operator:website"": ""https://www.loves.com/locations/518"", ""operator:wikidata"": ""Q1872496""}"
node/11191820456,CAT Scale,,POINT(-113.0522618 37.7257172),osm_pois,981,2026-07-22 20:25:30.476626+00,2026-07-21 20:21:50+00,,,,,,{},"{""ref"": ""1069"", ""name"": ""CAT Scale"", ""brand"": ""CAT Scale"", ""amenity"": ""weighbridge"", ""website"": ""https://catscale.com/cat-scale-locator/?single=1069"", ""operator"": ""Love's Travel Stop"", ""brand:wikidata"": ""Q111631907"", ""operator:phone"": ""+1 435-867-9888"", ""operator:website"": ""https://www.loves.com/locations/335"", ""operator:wikidata"": ""Q1872496""}"
node/11191836454,CAT Scale,,POINT(-114.896638 36.3808872),osm_pois,981,2026-07-22 20:25:30.476626+00,2026-07-21 20:21:50+00,,,,,,{},"{""ref"": ""1356"", ""name"": ""CAT Scale"", ""brand"": ""CAT Scale"", ""amenity"": ""weighbridge"", ""website"": ""https://catscale.com/cat-scale-locator/?single=1356"", ""operator"": ""Love's Travel Stop"", ""brand:wikidata"": ""Q111631907"", ""operator:phone"": ""+1 702-643-7398"", ""operator:website"": ""https://www.loves.com/locations/340"", ""operator:wikidata"": ""Q1872496""}"
node/11198738795,CAT Scale,UT,POINT(-111.8990481 40.4818581),osm_pois,981,2026-07-22 20:25:30.476626+00,2026-07-21 20:21:50+00,,,,,,{},"{""ref"": ""3175"", ""name"": ""CAT Scale"", ""brand"": ""CAT Scale"", ""amenity"": ""weighbridge"", ""website"": ""https://catscale.com/cat-scale-locator/?single=3175"", ""operator"": ""Maverik"", ""addr:city"": ""Draper"", ""addr:state"": ""UT"", ""addr:street"": ""South Minuteman Drive"", ""addr:postcode"": ""84020"", ""brand:wikidata"": ""Q111631907"", ""large_vehicles"": ""yes"", ""operator:phone"": ""+1 801-572-9210"", ""addr:housenumber"": ""14814"", ""operator:wikidata"": ""Q64149010""}"
node/11198971365,CAT Scale,,POINT(-111.7684862 39.9759713),osm_pois,981,2026-07-22 20:25:30.476626+00,2026-07-21 20:21:50+00,,,,,,{},"{""ref"": ""1992"", ""name"": ""CAT Scale"", ""brand"": ""CAT Scale"", ""amenity"": ""weighbridge"", ""website"": ""https://catscale.com/cat-scale-locator/?single=1992"", ""operator"": ""Maverik"", ""brand:wikidata"": ""Q111631907"", ""operator:phone"": ""+1 801-754-3076"", ""operator:wikidata"": ""Q64149010""}"
node/11200968695,,,POINT(-74.1952296 40.5709729),osm_pois,981,2026-07-22 20:25:30.476626+00,2026-07-21 20:21:50+00,,,,,,{},"{""amenity"": ""weighbridge""}"
node/11208385874,,,POINT(-112.5903127 46.0061959),osm_pois,981,2026-07-22 20:25:30.476626+00,2026-07-21 20:21:50+00,,,,,,{},"{""amenity"": ""weighbridge""}"
node/11211349655,CAT Scale,,POINT(-77.7335631 39.6999109),osm_pois,981,2026-07-22 20:25:30.476626+00,2026-07-21 20:21:50+00,,,,,,{},"{""ref"": ""1900"", ""name"": ""CAT Scale"", ""brand"": ""CAT Scale"", ""amenity"": ""weighbridge"", ""website"": ""https://catscale.com/cat-scale-locator/?single=1900"", ""operator"": ""Love's Travel Stop"", ""brand:wikidata"": ""Q111631907"", ""operator:phone"": ""+1 301-790-0132"", ""operator:website"": ""https://www.loves.com/locations/682"", ""operator:wikidata"": ""Q1872496""}"
node/11214888830,CAT Scale,,POINT(-115.0546264 36.2703261),osm_pois,981,2026-07-22 20:25:30.476626+00,2026-07-21 20:21:50+00,,,,,,{},"{""ref"": ""3377"", ""name"": ""CAT Scale"", ""brand"": ""CAT Scale"", ""amenity"": ""weighbridge"", ""website"": ""https://catscale.com/cat-scale-locator/?single=3377"", ""operator"": ""Maverik"", ""brand:wikidata"": ""Q111631907"", ""operator:phone"": ""+1 725-465-2245"", ""operator:wikidata"": ""Q64149010""}"
node/11226867398,CAT Scale,,POINT(-114.9098724 35.9709305),osm_pois,981,2026-07-22 20:25:30.476626+00,2026-07-21 20:21:50+00,,,,,,{},"{""ref"": ""3116"", ""name"": ""CAT Scale"", ""brand"": ""CAT Scale"", ""amenity"": ""weighbridge"", ""website"": ""https://catscale.com/cat-scale-locator/?single=3116"", ""operator"": ""TA Express"", ""brand:wikidata"": ""Q111631907"", ""operator:website"": ""https://www.ta-petro.com/location/nv/ta-express-henderson/"", ""operator:wikidata"": ""Q7835892""}"
node/11228791100,,UT,POINT(-113.0566794 37.725199),osm_pois,981,2026-07-22 20:25:30.476626+00,2026-07-21 20:21:50+00,,,,,,{},"{""amenity"": ""weighbridge"", ""addr:city"": ""Cedar City"", ""addr:state"": ""UT"", ""addr:street"": ""North Freeway Drive"", ""addr:postcode"": ""84721"", ""addr:housenumber"": ""2635""}"
node/11235231358,CAT Scale,,POINT(-86.3198975 35.7246841),osm_pois,981,2026-07-22 20:25:30.476626+00,2026-07-21 20:21:50+00,,,,,,{},"{""ref"": ""1002"", ""name"": ""CAT Scale"", ""brand"": ""CAT Scale"", ""amenity"": ""weighbridge"", ""website"": ""https://catscale.com/cat-scale-locator/?single=1002"", ""operator"": ""Love's Travel Stop"", ""brand:wikidata"": ""Q111631907"", ""operator:phone"": ""+1 615-904-7303"", ""operator:website"": ""https://www.loves.com/locations/314"", ""operator:wikidata"": ""Q1872496""}"
node/11235481598,CAT Scale,,POINT(-86.0146907 35.4189033),osm_pois,981,2026-07-22 20:25:30.476626+00,2026-07-21 20:21:50+00,,,,,,{},"{""ref"": ""3184"", ""name"": ""CAT Scale"", ""brand"": ""CAT Scale"", ""amenity"": ""weighbridge"", ""website"": ""https://catscale.com/cat-scale-locator/?single=3184"", ""operator"": ""Love's Travel Stop"", ""brand:wikidata"": ""Q111631907"", ""operator:phone"": ""+1 931-253-6001"", ""operator:website"": ""https://www.loves.com/locations/764"", ""operator:wikidata"": ""Q1872496""}"
node/11236703768,CAT Scale,,POINT(-111.6414907 40.1869158),osm_pois,981,2026-07-22 20:25:30.476626+00,2026-07-21 20:21:50+00,,,,,,{},"{""ref"": ""1517"", ""name"": ""CAT Scale"", ""brand"": ""CAT Scale"", ""amenity"": ""weighbridge"", ""website"": ""https://catscale.com/cat-scale-locator/?single=1517"", ""operator"": ""Flying J Travel Center"", ""brand:wikidata"": ""Q111631907"", ""operator:phone"": ""+1 801-489-3622"", ""operator:wikidata"": ""Q64130592""}"
node/11247877715,CAT Scale,,POINT(-85.6300085 36.1390678),osm_pois,981,2026-07-22 20:25:30.476626+00,2026-07-21 20:21:50+00,,,,,,{},"{""ref"": ""1043"", ""name"": ""CAT Scale"", ""brand"": ""CAT Scale"", ""amenity"": ""weighbridge"", ""website"": ""https://catscale.com/cat-scale-locator/?single=1043"", ""operator"": ""Love's Travel Stop"", ""brand:wikidata"": ""Q111631907"", ""operator:phone"": ""+1 931-858-6150"", ""operator:website"": ""https://www.loves.com/locations/330"", ""operator:wikidata"": ""Q1872496""}"
node/11252151019,,UT,POINT(-111.8384082 39.6793285),osm_pois,981,2026-07-22 20:25:30.476626+00,2026-07-21 20:21:50+00,,,,,,{},"{""amenity"": ""weighbridge"", ""addr:city"": ""Nephi"", ""addr:state"": ""UT"", ""addr:street"": ""South Main Street"", ""addr:postcode"": ""84648"", ""addr:housenumber"": ""2025""}"
node/11261358739,,,POINT(-78.8921733 42.9482878),osm_pois,981,2026-07-22 20:25:30.476626+00,2026-07-21 20:21:50+00,,,,,,{},"{""access"": ""private"", ""amenity"": ""weighbridge""}"
node/11261967726,CAT Scale,,POINT(-84.3223919 35.872139),osm_pois,981,2026-07-22 20:25:30.476626+00,2026-07-21 20:21:50+00,,,,,,{},"{""ref"": ""1657"", ""name"": ""CAT Scale"", ""brand"": ""CAT Scale"", ""amenity"": ""weighbridge"", ""website"": ""https://catscale.com/cat-scale-locator/?single=1657"", ""operator"": ""Love's Travel Stop"", ""brand:wikidata"": ""Q111631907"", ""operator:phone"": ""+1 865-988-3668"", ""operator:website"": ""https://www.loves.com/locations/480"", ""operator:wikidata"": ""Q1872496""}"
node/11265574596,,,POINT(-77.4228602 37.5204657),osm_pois,981,2026-07-22 20:25:30.476626+00,2026-07-21 20:21:50+00,,,,,,{},"{""amenity"": ""weighbridge""}"
node/11267189714,CAT Scale,,POINT(-79.7403238 41.1762678),osm_pois,981,2026-07-22 20:25:30.476626+00,2026-07-21 20:21:50+00,,,,,,{},"{""ref"": ""1699"", ""name"": ""CAT Scale"", ""brand"": ""CAT Scale"", ""amenity"": ""weighbridge"", ""website"": ""https://catscale.com/cat-scale-locator/?single=1699"", ""brand:wikidata"": ""Q111631907""}"
node/11278194528,CAT Scale,,POINT(-94.0658297 39.0127984),osm_pois,981,2026-07-22 20:25:30.476626+00,2026-07-21 20:21:50+00,,,,,,{},"{""ref"": ""3325"", ""name"": ""CAT Scale"", ""brand"": ""CAT Scale"", ""amenity"": ""weighbridge"", ""website"": ""https://catscale.com/cat-scale-locator/?single=3325"", ""operator"": ""Love's Travel Stop"", ""brand:wikidata"": ""Q111631907"", ""operator:phone"": ""+1 405-302-6644"", ""operator:website"": ""https://www.loves.com/locations/809"", ""operator:wikidata"": ""Q1872496""}"
node/11286250880,CAT Scale,,POINT(-84.9534658 35.1521535),osm_pois,981,2026-07-22 20:25:30.476626+00,2026-07-21 20:21:50+00,,,,,,{},"{""ref"": ""1629"", ""name"": ""CAT Scale"", ""brand"": ""CAT Scale"", ""amenity"": ""weighbridge"", ""website"": ""https://catscale.com/cat-scale-locator/?single=1629"", ""operator"": ""Pilot Travel Center"", ""brand:wikidata"": ""Q111631907"", ""operator:phone"": ""+1 423-476-3892"", ""operator:website"": ""https://locations.pilotflyingj.com/us/tn/cleveland/281-pleasant-grove-road-sw"", ""operator:wikidata"": ""Q64128179""}"
node/11286251195,CAT Scale,,POINT(-84.8169982 35.2918847),osm_pois,981,2026-07-22 20:25:30.476626+00,2026-07-21 20:21:50+00,,,,,,{},"{""ref"": ""1187"", ""name"": ""CAT Scale"", ""brand"": ""CAT Scale"", ""amenity"": ""weighbridge"", ""website"": ""https://catscale.com/cat-scale-locator/?single=1187"", ""operator"": ""Love's Travel Stop"", ""brand:wikidata"": ""Q111631907"", ""operator:phone"": ""+1 423-780-9171"", ""operator:website"": ""https://www.loves.com/locations/364"", ""operator:wikidata"": ""Q1872496""}"
node/11293828147,CAT Scale,,POINT(-83.7779471 35.9989824),osm_pois,981,2026-07-22 20:25:30.476626+00,2026-07-21 20:21:50+00,,,,,,{},"{""ref"": ""22"", ""name"": ""CAT Scale"", ""brand"": ""CAT Scale"", ""amenity"": ""weighbridge"", ""website"": ""https://catscale.com/cat-scale-locator/?single=22"", ""operator"": ""Pilot Travel Center"", ""brand:wikidata"": ""Q111631907"", ""operator:phone"": ""+1 865-544-1067"", ""operator:website"": ""https://locations.pilotflyingj.com/us/tn/knoxville/7210-strawberry-plains-pike"", ""operator:wikidata"": ""Q64128179""}"
node/11303278839,CAT Scale,,POINT(-83.3334173 36.1097558),osm_pois,981,2026-07-22 20:25:30.476626+00,2026-07-21 20:21:50+00,,,,,,{},"{""ref"": ""937"", ""name"": ""CAT Scale"", ""brand"": ""CAT Scale"", ""amenity"": ""weighbridge"", ""website"": ""https://catscale.com/cat-scale-locator/?single=937"", ""operator"": ""Pilot Travel Center"", ""brand:wikidata"": ""Q111631907"", ""operator:phone"": ""+1 865-674-8570"", ""operator:website"": ""https://locations.pilotflyingj.com/us/tn/white-pine/3624-roy-messer-highway"", ""operator:wikidata"": ""Q64128179""}"
node/11303278840,CAT Scale,,POINT(-83.3391815 36.1082802),osm_pois,981,2026-07-22 20:25:30.476626+00,2026-07-21 20:21:50+00,,,,,,{},"{""ref"": ""1017"", ""name"": ""CAT Scale"", ""brand"": ""CAT Scale"", ""amenity"": ""weighbridge"", ""website"": ""https://catscale.com/cat-scale-locator/?single=1017"", ""operator"": ""Pilot Travel Center"", ""brand:wikidata"": ""Q111631907"", ""operator:phone"": ""+1 865-674-5921"", ""operator:website"": ""https://locations.pilotflyingj.com/us/tn/white-pine/3663-roy-messer-highway"", ""operator:wikidata"": ""Q64128179""}"
node/11308931013,,CA,POINT(-121.8649044 37.3086525),osm_pois,981,2026-07-22 20:25:30.476626+00,2026-07-21 20:21:50+00,,,,,,{},"{""amenity"": ""weighbridge"", ""addr:city"": ""San Jose"", ""addr:state"": ""CA"", ""addr:street"": ""Monterey Road"", ""addr:postcode"": ""95112"", ""addr:housenumber"": ""1900""}"
node/11308931014,,CA,POINT(-121.8650152 37.3086589),osm_pois,981,2026-07-22 20:25:30.476626+00,2026-07-21 20:21:50+00,,,,,,{},"{""amenity"": ""weighbridge"", ""addr:city"": ""San Jose"", ""addr:state"": ""CA"", ""addr:street"": ""Monterey Road"", ""addr:postcode"": ""95112"", ""addr:housenumber"": ""1900""}"
node/11328498581,CAT Scale,,POINT(-97.3492339 36.6968134),osm_pois,981,2026-07-22 20:25:30.476626+00,2026-07-21 20:21:50+00,,,,,,{},"{""name"": ""CAT Scale"", ""brand"": ""CAT Scale"", ""amenity"": ""weighbridge"", ""website"": ""https://catscale.com/cat-scale-locator/?single=1728"", ""brand:wikidata"": ""Q111631907""}"
node/11345789805,,,POINT(-73.7688525 42.6227329),osm_pois,981,2026-07-22 20:25:30.476626+00,2026-07-21 20:21:50+00,,,,,,{},"{""amenity"": ""weighbridge""}"
node/11345789808,,,POINT(-73.7688909 42.6227925),osm_pois,981,2026-07-22 20:25:30.476626+00,2026-07-21 20:21:50+00,,,,,,{},"{""amenity"": ""weighbridge""}"
node/11352242743,CAT Scale,,POINT(-92.1028465 34.259791),osm_pois,981,2026-07-22 20:25:30.476626+00,2026-07-21 20:21:50+00,,,,,,{},"{""ref"": ""300"", ""name"": ""CAT Scale"", ""brand"": ""CAT Scale"", ""amenity"": ""weighbridge"", ""website"": ""https://catscale.com/cat-scale-locator/?single=300"", ""operator"": ""Big Red Travel Plaza"", ""brand:wikidata"": ""Q111631907"", ""operator:phone"": ""+1 870-247-0749""}"
node/11357409016,,,POINT(-81.6670532 39.9962198),osm_pois,981,2026-07-22 20:25:30.476626+00,2026-07-21 20:21:50+00,,,,,,{},"{""access"": ""yes"", ""amenity"": ""weighbridge""}"
node/11357409017,,,POINT(-81.6692339 39.9952471),osm_pois,981,2026-07-22 20:25:30.476626+00,2026-07-21 20:21:50+00,,,,,,{},"{""access"": ""yes"", ""amenity"": ""weighbridge""}"
node/11359551956,,,POINT(-71.5006957 43.5725202),osm_pois,981,2026-07-22 20:25:30.476626+00,2026-07-21 20:21:50+00,,,,,,{},"{""access"": ""yes"", ""amenity"": ""weighbridge"", ""operator"": ""Laconia Transfer Station""}"
node/11360693183,CAT Scale,,POINT(-86.8918362 35.6447054),osm_pois,981,2026-07-22 20:25:30.476626+00,2026-07-21 20:21:50+00,,,,,,{},"{""ref"": ""1104"", ""name"": ""CAT Scale"", ""brand"": ""CAT Scale"", ""amenity"": ""weighbridge"", ""website"": ""https://catscale.com/cat-scale-locator/?single=1104"", ""operator"": ""Love's Travel Stop"", ""brand:wikidata"": ""Q111631907"", ""operator:phone"": ""+1 931-388-1217"", ""operator:website"": ""https://www.loves.com/locations/346"", ""operator:wikidata"": ""Q1872496""}"
node/11367144370,CAT Scale,,POINT(-87.4506569 36.6924558),osm_pois,981,2026-07-22 20:25:30.476626+00,2026-07-21 20:21:50+00,,,,,,{},"{""ref"": ""945"", ""name"": ""CAT Scale"", ""brand"": ""CAT Scale"", ""amenity"": ""weighbridge"", ""website"": ""https://catscale.com/cat-scale-locator/?single=945"", ""operator"": ""Pilot Travel Center"", ""brand:wikidata"": ""Q111631907"", ""operator:phone"": ""+1 270-439-0153"", ""operator:website"": ""https://locations.pilotflyingj.com/us/ky/oak-grove/12900-fort-campbell-boulevard"", ""operator:wikidata"": ""Q64128179""}"
node/11367150520,,,POINT(-87.457926 36.7099797),osm_pois,981,2026-07-22 20:25:30.476626+00,2026-07-21 20:21:50+00,,,,,,{},"{""amenity"": ""weighbridge""}"
node/11372210850,CAT Scale,,POINT(-81.8560242 36.7566964),osm_pois,981,2026-07-22 20:25:30.476626+00,2026-07-21 20:21:50+00,,,,,,{},"{""ref"": ""1830"", ""name"": ""CAT Scale"", ""brand"": ""CAT Scale"", ""amenity"": ""weighbridge"", ""website"": ""https://catscale.com/cat-scale-locator/?single=1830"", ""operator"": ""Love's Travel Stop"", ""brand:wikidata"": ""Q111631907"", ""operator:phone"": ""+1 276-944-3281"", ""operator:website"": ""https://www.loves.com/locations/613"", ""operator:wikidata"": ""Q1872496""}"
node/11379560414,CAT Scale,,POINT(-79.2298752 37.9300049),osm_pois,981,2026-07-22 20:25:30.476626+00,2026-07-21 20:21:50+00,,,,,,{},"{""ref"": ""1303"", ""name"": ""CAT Scale"", ""brand"": ""CAT Scale"", ""amenity"": ""weighbridge"", ""website"": ""https://catscale.com/cat-scale-locator/?single=1303"", ""operator"": ""Petro Stopping Center"", ""brand:wikidata"": ""Q111631907"", ""operator:phone"": ""+1 540-377-2111"", ""operator:wikidata"": ""Q64051305""}"
node/11379727326,CAT Scale,,POINT(-79.2339912 37.9321659),osm_pois,981,2026-07-22 20:25:30.476626+00,2026-07-21 20:21:50+00,,,,,,{},"{""ref"": ""724"", ""name"": ""CAT Scale"", ""brand"": ""CAT Scale"", ""amenity"": ""weighbridge"", ""website"": ""https://catscale.com/cat-scale-locator/?single=724"", ""operator"": ""Pilot Travel Center"", ""brand:wikidata"": ""Q111631907"", ""operator:phone"": ""+1 540-377-9239"", ""operator:website"": ""https://locations.pilotflyingj.com/us/va/raphine/713-oakland-circle"", ""operator:wikidata"": ""Q64128179""}"
node/11380390311,CAT Scale,,POINT(-82.1045891 35.1389729),osm_pois,981,2026-07-22 20:25:30.476626+00,2026-07-21 20:21:50+00,,,,,,{},"{""ref"": ""1147"", ""name"": ""CAT Scale"", ""brand"": ""CAT Scale"", ""amenity"": ""weighbridge"", ""website"": ""https://catscale.com/cat-scale-locator/?single=1147"", ""operator"": ""Circle K"", ""brand:wikidata"": ""Q111631907"", ""operator:wikidata"": ""Q3268010""}"
node/11381919647,CAT Scale,,POINT(-81.1395373 37.1790155),osm_pois,981,2026-07-22 20:25:30.476626+00,2026-07-21 20:21:50+00,,,,,,{},"{""ref"": ""1966"", ""name"": ""CAT Scale"", ""brand"": ""CAT Scale"", ""amenity"": ""weighbridge"", ""website"": ""https://catscale.com/cat-scale-locator/?single=1966"", ""operator"": ""Love's Travel Stop"", ""brand:wikidata"": ""Q111631907"", ""operator:phone"": ""+1 276-688-1478"", ""operator:website"": ""https://www.loves.com/locations/715"", ""operator:wikidata"": ""Q1872496""}"
node/11382448410,CAT Scale,,POINT(-81.0055642 34.8562595),osm_pois,981,2026-07-22 20:25:30.476626+00,2026-07-21 20:21:50+00,,,,,,{},"{""ref"": ""1505"", ""name"": ""CAT Scale"", ""brand"": ""CAT Scale"", ""amenity"": ""weighbridge"", ""website"": ""https://catscale.com/cat-scale-locator/?single=1505"", ""operator"": ""Flying J Travel Center"", ""brand:wikidata"": ""Q111631907"", ""operator:phone"": ""+1 803-328-5700"", ""operator:wikidata"": ""Q64130592""}"
node/11384427683,CAT Scale,,POINT(-75.0736621 40.6596972),osm_pois,981,2026-07-22 20:25:30.476626+00,2026-07-21 20:21:50+00,,,,,,{},"{""ref"": ""614"", ""name"": ""CAT Scale"", ""brand"": ""CAT Scale"", ""amenity"": ""weighbridge"", ""website"": ""https://catscale.com/cat-scale-locator/?single=614"", ""operator"": ""TA"", ""brand:wikidata"": ""Q111631907"", ""operator:phone"": ""+1 908-479-4136"", ""operator:website"": ""https://www.ta-petro.com/location/nj/ta-bloomsbury/"", ""operator:wikidata"": ""Q7835892""}"
node/11384427685,CAT Scale,,POINT(-75.0727297 40.6595246),osm_pois,981,2026-07-22 20:25:30.476626+00,2026-07-21 20:21:50+00,,,,,,{},"{""ref"": ""46"", ""name"": ""CAT Scale"", ""brand"": ""CAT Scale"", ""amenity"": ""weighbridge"", ""website"": ""https://catscale.com/cat-scale-locator/?single=46"", ""operator"": ""Pilot Travel Center"", ""brand:wikidata"": ""Q111631907"", ""operator:website"": ""https://locations.pilotflyingj.com/us/nj/bloomsbury/979-route-173"", ""operator:wikidata"": ""Q64128179""}"
node/11394581266,,,POINT(-90.3527211 31.5949026),osm_pois,981,2026-07-22 20:25:30.476626+00,2026-07-21 20:21:50+00,,,,,,{},"{""amenity"": ""weighbridge""}"
node/11396750590,,,POINT(-84.27672 36.3798097),osm_pois,981,2026-07-22 20:25:30.476626+00,2026-07-21 20:21:50+00,,,,,,{},"{""amenity"": ""weighbridge""}"
node/11396863452,,,POINT(-112.1981182 41.8886302),osm_pois,981,2026-07-22 20:25:30.476626+00,2026-07-21 20:21:50+00,,,,,,{},"{""amenity"": ""weighbridge""}"
node/11396863453,,,POINT(-112.1978804 41.8886813),osm_pois,981,2026-07-22 20:25:30.476626+00,2026-07-21 20:21:50+00,,,,,,{},"{""amenity"": ""weighbridge""}"
node/11398394790,,,POINT(-84.097166 37.0427318),osm_pois,981,2026-07-22 20:25:30.476626+00,2026-07-21 20:21:50+00,,,,,,{},"{""amenity"": ""weighbridge""}"
node/11398405602,,,POINT(-84.0992367 37.0476595),osm_pois,981,2026-07-22 20:25:30.476626+00,2026-07-21 20:21:50+00,,,,,,{},"{""amenity"": ""weighbridge""}"
node/11403825521,CAT Scale,,POINT(-78.4365454 38.966985),osm_pois,981,2026-07-22 20:25:30.476626+00,2026-07-21 20:21:50+00,,,,,,{},"{""ref"": ""487"", ""name"": ""CAT Scale"", ""brand"": ""CAT Scale"", ""amenity"": ""weighbridge"", ""website"": ""https://catscale.com/cat-scale-locator/?single=487"", ""operator"": ""Pilot Travel Center"", ""brand:wikidata"": ""Q111631907"", ""operator:phone"": ""+1 540-876-2055"", ""operator:website"": ""https://locations.pilotflyingj.com/us/va/tom's-brook/1014-mt.-olive-road"", ""operator:wikidata"": ""Q64128179""}"
node/11403825522,CAT Scale,,POINT(-78.4408844 38.9653861),osm_pois,981,2026-07-22 20:25:30.476626+00,2026-07-21 20:21:50+00,,,,,,{},"{""ref"": ""957"", ""name"": ""CAT Scale"", ""brand"": ""CAT Scale"", ""amenity"": ""weighbridge"", ""website"": ""https://catscale.com/cat-scale-locator/?single=957"", ""operator"": ""Love's Travel Stop"", ""brand:wikidata"": ""Q111631907"", ""operator:phone"": ""+1 540-436-8048"", ""operator:website"": ""https://www.loves.com/locations/305"", ""operator:wikidata"": ""Q1872496""}"
node/11405302236,CAT Scale,,POINT(-78.0882589 39.2905393),osm_pois,981,2026-07-22 20:25:30.476626+00,2026-07-21 20:21:50+00,,,,,,{},"{""ref"": ""1521"", ""name"": ""CAT Scale"", ""brand"": ""CAT Scale"", ""amenity"": ""weighbridge"", ""website"": ""https://catscale.com/cat-scale-locator/?single=1521"", ""operator"": ""Flying J Travel Center"", ""brand:wikidata"": ""Q111631907"", ""operator:phone"": ""+1 540-678-3641"", ""operator:wikidata"": ""Q64130592""}"
node/11414012414,,,POINT(-97.1555619 34.4750359),osm_pois,981,2026-07-22 20:25:30.476626+00,2026-07-21 20:21:50+00,,,,,,{},"{""amenity"": ""weighbridge""}"
node/11417947629,CAT Scale,,POINT(-78.0979003 36.748289),osm_pois,981,2026-07-22 20:25:30.476626+00,2026-07-21 20:21:50+00,,,,,,{},"{""ref"": ""1639"", ""name"": ""CAT Scale"", ""brand"": ""CAT Scale"", ""amenity"": ""weighbridge"", ""website"": ""https://catscale.com/cat-scale-locator/?single=1639"", ""operator"": ""Love's Travel Stop"", ""brand:wikidata"": ""Q111631907"", ""operator:phone"": ""+1 434-584-0077"", ""operator:website"": ""https://www.loves.com/locations/469"", ""operator:wikidata"": ""Q1872496""}"
node/11418147990,CAT Scale,,POINT(-77.5598038 36.6072421),osm_pois,981,2026-07-22 20:25:30.476626+00,2026-07-21 20:21:50+00,,,,,,{},"{""ref"": ""1659"", ""name"": ""CAT Scale"", ""brand"": ""CAT Scale"", ""amenity"": ""weighbridge"", ""website"": ""https://catscale.com/cat-scale-locator/?single=1659"", ""operator"": ""Pilot Travel Center"", ""brand:wikidata"": ""Q111631907"", ""operator:phone"": ""+1 434-336-9100"", ""operator:website"": ""https://locations.pilotflyingj.com/us/va/skippers/781-moores-ferry-road"", ""operator:wikidata"": ""Q64128179""}"
node/11418147991,CAT Scale,,POINT(-77.5599421 36.6050669),osm_pois,981,2026-07-22 20:25:30.476626+00,2026-07-21 20:21:50+00,,,,,,{},"{""ref"": ""1013"", ""name"": ""CAT Scale"", ""brand"": ""CAT Scale"", ""amenity"": ""weighbridge"", ""website"": ""https://catscale.com/cat-scale-locator/?single=1013"", ""operator"": ""Love's Travel Stop"", ""brand:wikidata"": ""Q111631907"", ""operator:phone"": ""+1 434-336-0203"", ""operator:website"": ""https://www.loves.com/locations/317"", ""operator:wikidata"": ""Q1872496""}"
node/11418201825,CAT Scale,,POINT(-89.533551 36.758999),osm_pois,981,2026-07-22 20:25:30.476626+00,2026-07-21 20:21:50+00,,,,,,{},"{""ref"": ""64"", ""name"": ""CAT Scale"", ""brand"": ""CAT Scale"", ""amenity"": ""weighbridge"", ""website"": ""https://catscale.com/cat-scale-locator/?single=64"", ""operator"": ""TA"", ""brand:wikidata"": ""Q111631907"", ""operator:phone"": ""+1 573-471-8644"", ""operator:website"": ""https://www.ta-petro.com/location/mo/ta-matthews/"", ""operator:wikidata"": ""Q7835892""}"
node/11418263162,CAT Scale,,POINT(-89.5422556 36.7604236),osm_pois,981,2026-07-22 20:25:30.476626+00,2026-07-21 20:21:50+00,,,,,,{},"{""ref"": ""1463"", ""name"": ""CAT Scale"", ""brand"": ""CAT Scale"", ""amenity"": ""weighbridge"", ""website"": ""https://catscale.com/cat-scale-locator/?single=1463"", ""operator"": ""Flying J Travel Center"", ""brand:wikidata"": ""Q111631907"", ""operator:phone"": ""+1 573-472-3336"", ""operator:wikidata"": ""Q64130592""}"
node/11418263163,CAT Scale,,POINT(-89.5403819 36.7582612),osm_pois,981,2026-07-22 20:25:30.476626+00,2026-07-21 20:21:50+00,,,,,,{},"{""ref"": ""995"", ""name"": ""CAT Scale"", ""brand"": ""CAT Scale"", ""amenity"": ""weighbridge"", ""website"": ""https://catscale.com/cat-scale-locator/?single=995"", ""operator"": ""Love's Travel Stop"", ""brand:wikidata"": ""Q111631907"", ""operator:phone"": ""+1 573-471-4944"", ""operator:website"": ""https://www.loves.com/locations/313"", ""operator:wikidata"": ""Q1872496""}"
node/11420525037,CAT Scale,,POINT(-77.3175755 37.1850295),osm_pois,981,2026-07-22 20:25:30.476626+00,2026-07-21 20:21:50+00,,,,,,{},"{""ref"": ""1108"", ""name"": ""CAT Scale"", ""brand"": ""CAT Scale"", ""amenity"": ""weighbridge"", ""website"": ""https://catscale.com/cat-scale-locator/?single=1108"", ""operator"": ""Pilot Travel Center"", ""brand:wikidata"": ""Q111631907"", ""operator:phone"": ""+1 804-863-4612"", ""operator:website"": ""https://locations.pilotflyingj.com/us/va/disputanta/4610-county-drive"", ""operator:wikidata"": ""Q64128179""}"
node/11420880984,CAT Scale,,POINT(-77.3908364 37.3114809),osm_pois,981,2026-07-22 20:25:30.476626+00,2026-07-21 20:21:50+00,,,,,,{},"{""ref"": ""1072"", ""name"": ""CAT Scale"", ""brand"": ""CAT Scale"", ""amenity"": ""weighbridge"", ""website"": ""https://catscale.com/cat-scale-locator/?single=1072"", ""operator"": ""Pilot Travel Center"", ""brand:wikidata"": ""Q111631907"", ""operator:phone"": ""+1 804-524-9556"", ""operator:website"": ""https://locations.pilotflyingj.com/us/va/colonial-heights/2126-ruffin-mill-road"", ""operator:wikidata"": ""Q64128179""}"
node/11429474247,CAT Scale,,POINT(-99.2981939 34.162282),osm_pois,981,2026-07-22 20:25:30.476626+00,2026-07-21 20:21:50+00,,,,,,{},"{""ref"": ""2103"", ""name"": ""CAT Scale"", ""brand"": ""CAT Scale"", ""amenity"": ""weighbridge"", ""website"": ""https://catscale.com/cat-scale-locator/?single=2103"", ""operator"": ""CEFCO"", ""brand:wikidata"": ""Q111631907"", ""operator:phone"": ""+1 940-552-7700""}"
node/11432073632,,,POINT(-110.8952745 47.3490166),osm_pois,981,2026-07-22 20:25:30.476626+00,2026-07-21 20:21:50+00,,,,,,{},"{""amenity"": ""weighbridge""}"
node/11439345965,,,POINT(-79.2072051 36.0778039),osm_pois,981,2026-07-22 20:25:30.476626+00,2026-07-21 20:21:50+00,,,,,,{},"{""amenity"": ""weighbridge""}"
node/11439345966,,,POINT(-79.2072358 36.0768864),osm_pois,981,2026-07-22 20:25:30.476626+00,2026-07-21 20:21:50+00,,,,,,{},"{""amenity"": ""weighbridge""}"
node/11445482487,,,POINT(-95.5099584 33.915922),osm_pois,981,2026-07-22 20:25:30.476626+00,2026-07-21 20:21:50+00,,,,,,{},"{""amenity"": ""weighbridge""}"
node/11445482498,,,POINT(-95.5122225 33.9168021),osm_pois,981,2026-07-22 20:25:30.476626+00,2026-07-21 20:21:50+00,,,,,,{},"{""amenity"": ""weighbridge""}"
node/11450305372,,,POINT(-102.260183 36.8051411),osm_pois,981,2026-07-22 20:25:30.476626+00,2026-07-21 20:21:50+00,,,,,,{},"{""amenity"": ""weighbridge""}"
node/11457798475,,,POINT(-96.2515469 39.0650012),osm_pois,981,2026-07-22 20:25:30.476626+00,2026-07-21 20:21:50+00,,,,,,{},"{""amenity"": ""weighbridge""}"
node/11466745823,,,POINT(-103.7170473 39.7553158),osm_pois,981,2026-07-22 20:25:30.476626+00,2026-07-21 20:21:50+00,,,,,,{},"{""amenity"": ""weighbridge""}"
node/11480906986,,,POINT(-90.0985524 38.0870493),osm_pois,981,2026-07-22 20:25:30.476626+00,2026-07-21 20:21:50+00,,,,,,{},"{""amenity"": ""weighbridge""}"
node/11490963201,,,POINT(-80.5120091 41.2214103),osm_pois,981,2026-07-22 20:25:30.476626+00,2026-07-21 20:21:50+00,,,,,,{},"{""amenity"": ""weighbridge""}"
node/11493847133,CAT Scale,,POINT(-106.8126457 32.2983681),osm_pois,981,2026-07-22 20:25:30.476626+00,2026-07-21 20:21:50+00,,,,,,{},"{""ref"": ""702"", ""name"": ""CAT Scale"", ""brand"": ""CAT Scale"", ""amenity"": ""weighbridge"", ""website"": ""https://catscale.com/cat-scale-locator/?single=702"", ""operator"": ""TA"", ""brand:wikidata"": ""Q111631907"", ""operator:phone"": ""+1 575-527-7400"", ""operator:website"": ""https://www.ta-petro.com/location/nm/ta-las-cruces/"", ""operator:wikidata"": ""Q7835892""}"
node/11493860073,,,POINT(-107.7587593 32.2814671),osm_pois,981,2026-07-22 20:25:30.476626+00,2026-07-21 20:21:50+00,,,,,,{},"{""amenity"": ""weighbridge""}"
node/11495047700,CAT Scale,,POINT(-111.6177432 32.7721621),osm_pois,981,2026-07-22 20:25:30.476626+00,2026-07-21 20:21:50+00,,,,,,{},"{""ref"": ""204"", ""name"": ""CAT Scale"", ""brand"": ""CAT Scale"", ""amenity"": ""weighbridge"", ""website"": ""https://catscale.com/cat-scale-locator/?single=204"", ""operator"": ""TA"", ""brand:wikidata"": ""Q111631907"", ""operator:phone"": ""+1 520-466-7363"", ""operator:website"": ""https://www.ta-petro.com/location/az/ta-eloy/"", ""operator:wikidata"": ""Q7835892""}"
node/11495636163,CAT Scale,,POINT(-97.6370433 39.8350699),osm_pois,981,2026-07-22 20:25:30.476626+00,2026-07-21 20:21:50+00,,,,,,{},"{""ref"": ""1853"", ""name"": ""CAT Scale"", ""brand"": ""CAT Scale"", ""amenity"": ""weighbridge"", ""website"": ""https://catscale.com/cat-scale-locator/?single=1853"", ""operator"": ""Love's Travel Stop"", ""brand:wikidata"": ""Q111631907"", ""operator:phone"": ""+1 785-527-2472"", ""operator:website"": ""https://www.loves.com/locations/647"", ""operator:wikidata"": ""Q1872496""}"
node/11538065574,,,POINT(-88.1431191 43.7542313),osm_pois,981,2026-07-22 20:25:30.476626+00,2026-07-21 20:21:50+00,,,,,,{},"{""amenity"": ""weighbridge""}"
node/11552085534,,,POINT(-83.4329322 45.0839686),osm_pois,981,2026-07-22 20:25:30.476626+00,2026-07-21 20:21:50+00,,,,,,{},"{""access"": ""customers"", ""amenity"": ""weighbridge"", ""operator"": ""A & L Iron & Metal Company""}"
node/11553263009,,,POINT(-94.0664401 30.3481959),osm_pois,981,2026-07-22 20:25:30.476626+00,2026-07-21 20:21:50+00,,,,,,{},"{""amenity"": ""weighbridge""}"
node/11553263010,,,POINT(-94.0662322 30.348079),osm_pois,981,2026-07-22 20:25:30.476626+00,2026-07-21 20:21:50+00,,,,,,{},"{""amenity"": ""weighbridge""}"
node/11555341129,,,POINT(-80.0775036 39.3332372),osm_pois,981,2026-07-22 20:25:30.476626+00,2026-07-21 20:21:50+00,,,,,,{},"{""amenity"": ""weighbridge""}"
node/11557114755,,,POINT(-122.716549 43.8857835),osm_pois,981,2026-07-22 20:25:30.476626+00,2026-07-21 20:21:50+00,,,,,,{},"{""amenity"": ""weighbridge""}"
node/11557699436,,,POINT(-70.7206276 41.9758497),osm_pois,981,2026-07-22 20:25:30.476626+00,2026-07-21 20:21:50+00,,,,,,{},"{""amenity"": ""weighbridge""}"
node/11563957376,,,POINT(-74.1521396 40.6903864),osm_pois,981,2026-07-22 20:25:30.476626+00,2026-07-21 20:21:50+00,,,,,,{},"{""amenity"": ""weighbridge""}"
node/11563957377,,,POINT(-74.1520206 40.6903726),osm_pois,981,2026-07-22 20:25:30.476626+00,2026-07-21 20:21:50+00,,,,,,{},"{""amenity"": ""weighbridge""}"
node/11564602213,,,POINT(-122.3280535 47.5563253),osm_pois,981,2026-07-22 20:25:30.476626+00,2026-07-21 20:21:50+00,,,,,,{},"{""amenity"": ""weighbridge""}"
node/11564602214,,,POINT(-122.3282561 47.5564873),osm_pois,981,2026-07-22 20:25:30.476626+00,2026-07-21 20:21:50+00,,,,,,{},"{""amenity"": ""weighbridge""}"
node/11574873840,,,POINT(-101.5441099 40.8518026),osm_pois,981,2026-07-22 20:25:30.476626+00,2026-07-21 20:21:50+00,,,,,,{},"{""amenity"": ""weighbridge""}"
node/11574873841,,,POINT(-101.5440686 40.8517411),osm_pois,981,2026-07-22 20:25:30.476626+00,2026-07-21 20:21:50+00,,,,,,{},"{""amenity"": ""weighbridge""}"
node/11577275868,,,POINT(-93.5884343 41.5857249),osm_pois,981,2026-07-22 20:25:30.476626+00,2026-07-21 20:21:50+00,,,,,,{},"{""amenity"": ""weighbridge""}"
node/11591785599,CAT Scale,,POINT(-87.4552066 36.7086473),osm_pois,981,2026-07-22 20:25:30.476626+00,2026-07-21 20:21:50+00,,,,,,{},"{""ref"": ""3240"", ""name"": ""CAT Scale"", ""brand"": ""CAT Scale"", ""amenity"": ""weighbridge"", ""website"": ""https://catscale.com/cat-scale-locator/?single=3240"", ""operator"": ""Love's Travel Stop"", ""brand:wikidata"": ""Q111631907"", ""operator:phone"": ""+1 270-640-6053"", ""operator:website"": ""https://www.loves.com/locations/782"", ""operator:wikidata"": ""Q1872496""}"
node/11596700892,,,POINT(-83.428104 45.0611818),osm_pois,981,2026-07-22 20:25:30.476626+00,2026-07-21 20:21:50+00,,,,,,{},"{""access"": ""private"", ""amenity"": ""weighbridge"", ""operator"": ""Alpena Oil Company""}"
node/11603228782,CAT Scale,,POINT(-114.4205957 42.5468621),osm_pois,981,2026-07-22 20:25:30.476626+00,2026-07-21 20:21:50+00,,,,,,{},"{""ref"": ""1899"", ""name"": ""CAT Scale"", ""brand"": ""CAT Scale"", ""amenity"": ""weighbridge"", ""website"": ""https://catscale.com/cat-scale-locator/?single=1899"", ""operator"": ""Oasis Stop 'n Go"", ""brand:wikidata"": ""Q111631907"", ""operator:phone"": ""+1 208-404-3290""}"
node/11608662220,,,POINT(-100.7488418 43.5778153),osm_pois,981,2026-07-22 20:25:30.476626+00,2026-07-21 20:21:50+00,,,,,,{},"{""amenity"": ""weighbridge""}"
node/11609506755,,,POINT(-78.7867037 42.89152),osm_pois,981,2026-07-22 20:25:30.476626+00,2026-07-21 20:21:50+00,,,,,,{},"{""amenity"": ""weighbridge""}"
node/11612937753,,,POINT(-87.2451025 40.4500373),osm_pois,981,2026-07-22 20:25:30.476626+00,2026-07-21 20:21:50+00,,,,,,{},"{""amenity"": ""weighbridge""}"
node/11632587304,CAT Scale,,POINT(-80.5674167 33.2688854),osm_pois,981,2026-07-22 20:25:30.476626+00,2026-07-21 20:21:50+00,,,,,,{},"{""ref"": ""585"", ""name"": ""CAT Scale"", ""brand"": ""CAT Scale"", ""amenity"": ""weighbridge"", ""website"": ""https://catscale.com/cat-scale-locator/?single=585"", ""operator"": ""Pilot Travel Center"", ""brand:wikidata"": ""Q111631907"", ""operator:website"": ""https://locations.pilotflyingj.com/us/sc/st.-george/9587-charleston-hwy"", ""operator:wikidata"": ""Q64128179""}"
node/11657943455,CAT Scale,,POINT(-87.4748908 37.415421),osm_pois,981,2026-07-22 20:25:30.476626+00,2026-07-21 20:21:50+00,,,,,,{},"{""ref"": ""1990"", ""name"": ""CAT Scale"", ""brand"": ""CAT Scale"", ""amenity"": ""weighbridge"", ""website"": ""https://catscale.com/cat-scale-locator/?single=1990"", ""operator"": ""Love's Travel Stop"", ""brand:wikidata"": ""Q111631907"", ""operator:phone"": ""+1 270-322-9001"", ""operator:website"": ""https://www.loves.com/locations/725"", ""operator:wikidata"": ""Q1872496""}"
node/11660173311,CAT Scale,,POINT(-95.1479584 35.4866549),osm_pois,981,2026-07-22 20:25:30.476626+00,2026-07-21 20:21:50+00,,,,,,{},"{""ref"": ""1651"", ""name"": ""CAT Scale"", ""brand"": ""CAT Scale"", ""amenity"": ""weighbridge"", ""website"": ""https://catscale.com/cat-scale-locator/?single=1651"", ""operator"": ""Love's Travel Stop"", ""brand:wikidata"": ""Q111631907"", ""operator:phone"": ""+1 918-464-2865"", ""operator:website"": ""https://www.loves.com/locations/255"", ""operator:wikidata"": ""Q1872496""}"
node/11670164688,CAT Scale,,POINT(-80.5183953 35.6084956),osm_pois,981,2026-07-22 20:25:30.476626+00,2026-07-21 20:21:50+00,,,,,,{},"{""ref"": ""1709"", ""name"": ""CAT Scale"", ""brand"": ""CAT Scale"", ""amenity"": ""weighbridge"", ""website"": ""https://catscale.com/cat-scale-locator/?single=1709"", ""operator"": ""Love's Travel Stop"", ""brand:wikidata"": ""Q111631907"", ""operator:phone"": ""+1 704-630-6767"", ""operator:website"": ""https://www.loves.com/locations/507"", ""operator:wikidata"": ""Q1872496""}"
node/11670175025,CAT Scale,,POINT(-81.4775598 35.1570101),osm_pois,981,2026-07-22 20:25:30.476626+00,2026-07-21 20:21:50+00,,,,,,{},"{""ref"": ""1325"", ""name"": ""CAT Scale"", ""brand"": ""CAT Scale"", ""amenity"": ""weighbridge"", ""website"": ""https://catscale.com/cat-scale-locator/?single=1325"", ""operator"": ""Love's Travel Stop"", ""brand:wikidata"": ""Q111631907"", ""operator:phone"": ""+1 864-839-1543"", ""operator:website"": ""https://www.loves.com/locations/397"", ""operator:wikidata"": ""Q1872496""}"
node/11670365985,CAT Scale,,POINT(-97.1714947 34.1879499),osm_pois,981,2026-07-22 20:25:30.476626+00,2026-07-21 20:21:50+00,,,,,,{},"{""ref"": ""267"", ""name"": ""CAT Scale"", ""brand"": ""CAT Scale"", ""amenity"": ""weighbridge"", ""website"": ""https://catscale.com/cat-scale-locator/?single=267"", ""operator"": ""Love's Travel Stop"", ""brand:wikidata"": ""Q111631907"", ""operator:phone"": ""+1 580-226-0973"", ""operator:website"": ""https://www.loves.com/locations/266"", ""operator:wikidata"": ""Q1872496""}"
node/11670451159,CAT Scale,,POINT(-102.7846179 38.4880908),osm_pois,981,2026-07-22 20:25:30.476626+00,2026-07-21 20:21:50+00,,,,,,{},"{""ref"": ""1792"", ""name"": ""CAT Scale"", ""brand"": ""CAT Scale"", ""amenity"": ""weighbridge"", ""website"": ""https://catscale.com/cat-scale-locator/?single=1792"", ""operator"": ""Love's Travel Stop"", ""brand:wikidata"": ""Q111631907"", ""operator:phone"": ""+1 719-438-5500"", ""operator:website"": ""https://www.loves.com/locations/653"", ""operator:wikidata"": ""Q1872496""}"
node/11670451183,CAT Scale,,POINT(-92.4036829 42.4624091),osm_pois,981,2026-07-22 20:25:30.476626+00,2026-07-21 20:21:50+00,,,,,,{},"{""ref"": ""1964"", ""name"": ""CAT Scale"", ""brand"": ""CAT Scale"", ""amenity"": ""weighbridge"", ""website"": ""https://catscale.com/cat-scale-locator/?single=1964"", ""operator"": ""Love's Travel Stop"", ""brand:wikidata"": ""Q111631907"", ""operator:phone"": ""+1 319-234-4378"", ""operator:wikidata"": ""Q1872496""}"
node/11670453786,CAT Scale,,POINT(-101.7744214 36.5072138),osm_pois,981,2026-07-22 20:25:30.476626+00,2026-07-21 20:21:50+00,,,,,,{},"{""ref"": ""1831"", ""name"": ""CAT Scale"", ""brand"": ""CAT Scale"", ""amenity"": ""weighbridge"", ""website"": ""https://catscale.com/cat-scale-locator/?single=1831"", ""operator"": ""Love's Travel Stop"", ""brand:wikidata"": ""Q111631907"", ""operator:phone"": ""+1 580-423-6126"", ""operator:website"": ""https://www.loves.com/locations/822"", ""operator:wikidata"": ""Q1872496""}"
node/11670467216,CAT Scale,,POINT(-98.9562397 43.7365811),osm_pois,981,2026-07-22 20:25:30.476626+00,2026-07-21 20:21:50+00,,,,,,{},"{""ref"": ""3337"", ""name"": ""CAT Scale"", ""brand"": ""CAT Scale"", ""amenity"": ""weighbridge"", ""website"": ""https://catscale.com/cat-scale-locator/?single=3337"", ""operator"": ""Love's Travel Stop"", ""brand:wikidata"": ""Q111631907"", ""operator:website"": ""https://www.loves.com/locations/816"", ""operator:wikidata"": ""Q1872496""}"
node/11670503748,CAT Scale,,POINT(-98.4987321 34.1724823),osm_pois,981,2026-07-22 20:25:30.476626+00,2026-07-21 20:21:50+00,,,,,,{},"{""ref"": ""3104"", ""name"": ""CAT Scale"", ""brand"": ""CAT Scale"", ""amenity"": ""weighbridge"", ""website"": ""https://catscale.com/cat-scale-locator/?single=3104"", ""operator"": ""Love's Travel Stop"", ""brand:wikidata"": ""Q111631907"", ""operator:phone"": ""+1 580-281-3563"", ""operator:website"": ""https://www.loves.com/locations/734"", ""operator:wikidata"": ""Q1872496""}"
node/11670582523,CAT Scale,,POINT(-102.4997867 36.7291734),osm_pois,981,2026-07-22 20:25:30.476626+00,2026-07-21 20:21:50+00,,,,,,{},"{""ref"": ""3245"", ""name"": ""CAT Scale"", ""brand"": ""CAT Scale"", ""amenity"": ""weighbridge"", ""website"": ""https://catscale.com/cat-scale-locator/?single=3245"", ""operator"": ""Love's Travel Stop"", ""brand:wikidata"": ""Q111631907"", ""operator:phone"": ""+1 580-544-4431"", ""operator:website"": ""https://www.loves.com/locations/302"", ""operator:wikidata"": ""Q1872496""}"
node/11670595760,CAT Scale,,POINT(-102.9509899 41.1086877),osm_pois,981,2026-07-22 20:25:30.476626+00,2026-07-21 20:21:50+00,,,,,,{},"{""ref"": ""1834"", ""name"": ""CAT Scale"", ""brand"": ""CAT Scale"", ""amenity"": ""weighbridge"", ""website"": ""https://catscale.com/cat-scale-locator/?single=1834"", ""operator"": ""Love's Travel Stop"", ""brand:wikidata"": ""Q111631907"", ""operator:phone"": ""+1 308-254-4832"", ""operator:website"": ""https://www.loves.com/locations/10"", ""operator:wikidata"": ""Q1872496""}"
node/11678035708,,,POINT(-92.8770632 45.2744087),osm_pois,981,2026-07-22 20:25:30.476626+00,2026-07-21 20:21:50+00,,,,,,{},"{""amenity"": ""weighbridge""}"
node/11679556789,CAT Scale,,POINT(-118.1911662 34.0100932),osm_pois,981,2026-07-22 20:25:30.476626+00,2026-07-21 20:21:50+00,,,,,,{},"{""ref"": ""996"", ""name"": ""CAT Scale"", ""brand"": ""CAT Scale"", ""access"": ""yes"", ""amenity"": ""weighbridge"", ""website"": ""https://catscale.com/cat-scale-locator/?single=996"", ""operator"": ""Century Fuel"", ""brand:wikidata"": ""Q111631907"", ""operator:phone"": ""+1 323-406-2007""}"
node/11684347259,CAT Scale,,POINT(-86.3480185 30.733864),osm_pois,981,2026-07-22 20:25:30.476626+00,2026-07-21 20:21:50+00,,,,,,{},"{""ref"": ""1732"", ""name"": ""CAT Scale"", ""brand"": ""CAT Scale"", ""amenity"": ""weighbridge"", ""website"": ""https://catscale.com/cat-scale-locator/?single=1732"", ""operator"": ""Love's Travel Stop"", ""brand:wikidata"": ""Q111631907"", ""operator:phone"": ""+1 850-951-1067"", ""operator:website"": ""https://www.loves.com/locations/561"", ""operator:wikidata"": ""Q1872496""}"
node/11684353611,CAT Scale,,POINT(-80.8342085 35.813057),osm_pois,981,2026-07-22 20:25:30.476626+00,2026-07-21 20:21:50+00,,,,,,{},"{""ref"": ""1965"", ""name"": ""CAT Scale"", ""brand"": ""CAT Scale"", ""amenity"": ""weighbridge"", ""website"": ""https://catscale.com/cat-scale-locator/?single=1965"", ""operator"": ""Love's Travel Stop"", ""brand:wikidata"": ""Q111631907"", ""operator:phone"": ""+1 704-838-1539"", ""operator:website"": ""https://www.loves.com/locations/497"", ""operator:wikidata"": ""Q1872496""}"
node/11684379567,CAT Scale,,POINT(-91.7171703 35.2187497),osm_pois,981,2026-07-22 20:25:30.476626+00,2026-07-21 20:21:50+00,,,,,,{},"{""ref"": ""1719"", ""name"": ""CAT Scale"", ""brand"": ""CAT Scale"", ""amenity"": ""weighbridge"", ""website"": ""https://catscale.com/cat-scale-locator/?single=1719"", ""operator"": ""Love's Travel Stop"", ""brand:wikidata"": ""Q111631907"", ""operator:phone"": ""+1 501-278-5090"", ""operator:website"": ""https://www.loves.com/locations/557"", ""operator:wikidata"": ""Q1872496""}"
node/11684386990,CAT Scale,,POINT(-83.5003705 34.2272078),osm_pois,981,2026-07-22 20:25:30.476626+00,2026-07-21 20:21:50+00,,,,,,{},"{""ref"": ""943"", ""name"": ""CAT Scale"", ""brand"": ""CAT Scale"", ""amenity"": ""weighbridge"", ""website"": ""https://catscale.com/cat-scale-locator/?single=943"", ""operator"": ""Love's Travel Stop"", ""brand:wikidata"": ""Q111631907"", ""operator:phone"": ""+1 706-336-0075"", ""operator:website"": ""https://www.loves.com/locations/765"", ""operator:wikidata"": ""Q1872496""}"
node/11684393875,CAT Scale,,POINT(-89.469194 43.3891365),osm_pois,981,2026-07-22 20:25:30.476626+00,2026-07-21 20:21:50+00,,,,,,{},"{""ref"": ""1894"", ""name"": ""CAT Scale"", ""brand"": ""CAT Scale"", ""amenity"": ""weighbridge"", ""website"": ""https://catscale.com/cat-scale-locator/?single=1894"", ""operator"": ""Love's Travel Stop"", ""brand:wikidata"": ""Q111631907"", ""operator:phone"": ""+1 608-635-2944"", ""operator:website"": ""https://www.loves.com/locations/637"", ""operator:wikidata"": ""Q1872496""}"
node/11684404934,CAT Scale,,POINT(-87.7584737 43.6773621),osm_pois,981,2026-07-22 20:25:30.476626+00,2026-07-21 20:21:50+00,,,,,,{},"{""ref"": ""1895"", ""name"": ""CAT Scale"", ""brand"": ""CAT Scale"", ""amenity"": ""weighbridge"", ""website"": ""https://catscale.com/cat-scale-locator/?single=1895"", ""operator"": ""Love's Travel Stop"", ""brand:wikidata"": ""Q111631907"", ""operator:phone"": ""+1 920-458-1697"", ""operator:website"": ""https://www.loves.com/locations/640"", ""operator:wikidata"": ""Q1872496""}"
node/11684406537,CAT Scale,,POINT(-81.8000653 28.1552688),osm_pois,981,2026-07-22 20:25:30.476626+00,2026-07-21 20:21:50+00,,,,,,{},"{""ref"": ""952"", ""name"": ""CAT Scale"", ""brand"": ""CAT Scale"", ""amenity"": ""weighbridge"", ""website"": ""https://catscale.com/cat-scale-locator/?single=952"", ""operator"": ""Love's Travel Stop"", ""brand:wikidata"": ""Q111631907"", ""operator:phone"": ""+1 863-984-7030"", ""operator:website"": ""https://www.loves.com/locations/228"", ""operator:wikidata"": ""Q1872496""}"
node/11684409794,CAT Scale,,POINT(-90.0178845 41.4107238),osm_pois,981,2026-07-22 20:25:30.476626+00,2026-07-21 20:21:50+00,,,,,,{},"{""ref"": ""3182"", ""name"": ""CAT Scale"", ""brand"": ""CAT Scale"", ""amenity"": ""weighbridge"", ""website"": ""https://catscale.com/cat-scale-locator/?single=3182"", ""operator"": ""Love's Travel Stop"", ""brand:wikidata"": ""Q111631907"", ""operator:phone"": ""+1 309-936-1488"", ""operator:website"": ""https://www.loves.com/locations/766"", ""operator:wikidata"": ""Q1872496""}"
node/11684496682,CAT Scale,,POINT(-92.7342467 43.1223925),osm_pois,981,2026-07-22 20:25:30.476626+00,2026-07-21 20:21:50+00,,,,,,{},"{""ref"": ""1887"", ""name"": ""CAT Scale"", ""brand"": ""CAT Scale"", ""amenity"": ""weighbridge"", ""website"": ""https://catscale.com/cat-scale-locator/?single=1887"", ""operator"": ""Love's Travel Stop"", ""brand:wikidata"": ""Q111631907"", ""operator:phone"": ""+1 641-398-2404"", ""operator:website"": ""https://www.loves.com/locations/670"", ""operator:wikidata"": ""Q1872496""}"
node/11687352316,CAT Scale,,POINT(-114.4774044 35.7001397),osm_pois,981,2026-07-22 20:25:30.476626+00,2026-07-21 20:21:50+00,,,,,,{},"{""ref"": ""3253"", ""name"": ""CAT Scale"", ""brand"": ""CAT Scale"", ""amenity"": ""weighbridge"", ""website"": ""https://catscale.com/cat-scale-locator/?single=3253"", ""operator"": ""Pilot Travel Center"", ""brand:wikidata"": ""Q111631907"", ""operator:phone"": ""+1 928-767-3008"", ""operator:website"": ""https://locations.pilotflyingj.com/us/az/white-hills/12683-white-hills-rd"", ""operator:wikidata"": ""Q64128179""}"
node/11687429465,CAT Scale,,POINT(-81.9861896 30.2912789),osm_pois,981,2026-07-22 20:25:30.476626+00,2026-07-21 20:21:50+00,,,,,,{},"{""ref"": ""3261"", ""name"": ""CAT Scale"", ""brand"": ""CAT Scale"", ""amenity"": ""weighbridge"", ""website"": ""https://catscale.com/cat-scale-locator/?single=3261"", ""operator"": ""Love's Travel Stop"", ""brand:wikidata"": ""Q111631907"", ""operator:phone"": ""+1 470-768-6532"", ""operator:website"": ""https://www.loves.com/locations/761"", ""operator:wikidata"": ""Q1872496""}"
node/11687448907,CAT Scale,,POINT(-97.7385829 33.2212323),osm_pois,981,2026-07-22 20:25:30.476626+00,2026-07-21 20:21:50+00,,,,,,{},"{""ref"": ""2154"", ""name"": ""CAT Scale"", ""brand"": ""CAT Scale"", ""amenity"": ""weighbridge"", ""website"": ""https://catscale.com/cat-scale-locator/?single=2154"", ""operator"": ""Love's Travel Stop"", ""brand:wikidata"": ""Q111631907"", ""operator:phone"": ""+1 940-683-3325"", ""operator:website"": ""https://www.loves.com/locations/713"", ""operator:wikidata"": ""Q1872496""}"
node/11687451772,CAT Scale,,POINT(-80.7356613 33.458601),osm_pois,981,2026-07-22 20:25:30.476626+00,2026-07-21 20:21:50+00,,,,,,{},"{""ref"": ""1033"", ""name"": ""CAT Scale"", ""brand"": ""CAT Scale"", ""amenity"": ""weighbridge"", ""website"": ""https://catscale.com/cat-scale-locator/?single=1033"", ""operator"": ""Love's Travel Stop"", ""brand:wikidata"": ""Q111631907"", ""operator:phone"": ""+1 803-534-1663"", ""operator:website"": ""https://www.loves.com/locations/326"", ""operator:wikidata"": ""Q1872496""}"
node/11687456218,CAT Scale,,POINT(-88.3183645 37.0044778),osm_pois,981,2026-07-22 20:25:30.476626+00,2026-07-21 20:21:50+00,,,,,,{},"{""ref"": ""1103"", ""name"": ""CAT Scale"", ""brand"": ""CAT Scale"", ""amenity"": ""weighbridge"", ""website"": ""https://catscale.com/cat-scale-locator/?single=1103"", ""operator"": ""Love's Travel Stop"", ""brand:wikidata"": ""Q111631907"", ""operator:phone"": ""+1 270-395-0546"", ""operator:website"": ""https://www.loves.com/locations/348"", ""operator:wikidata"": ""Q1872496""}"
node/11687461332,CAT Scale,,POINT(-90.3769066 43.9607746),osm_pois,981,2026-07-22 20:25:30.476626+00,2026-07-21 20:21:50+00,,,,,,{},"{""ref"": ""1189"", ""name"": ""CAT Scale"", ""brand"": ""CAT Scale"", ""amenity"": ""weighbridge"", ""website"": ""https://catscale.com/cat-scale-locator/?single=1189"", ""operator"": ""Love's Travel Stop"", ""brand:wikidata"": ""Q111631907"", ""operator:phone"": ""+1 608-372-3820"", ""operator:website"": ""https://www.loves.com/locations/345"", ""operator:wikidata"": ""Q1872496""}"
node/11687462430,CAT Scale,,POINT(-88.7416446 35.6793802),osm_pois,981,2026-07-22 20:25:30.476626+00,2026-07-21 20:21:50+00,,,,,,{},"{""ref"": ""667"", ""name"": ""CAT Scale"", ""brand"": ""CAT Scale"", ""amenity"": ""weighbridge"", ""website"": ""https://catscale.com/cat-scale-locator/?single=667"", ""operator"": ""Love's Travel Stop"", ""brand:wikidata"": ""Q111631907"", ""operator:phone"": ""+1 731-422-0901"", ""operator:website"": ""https://www.loves.com/locations/244"", ""operator:wikidata"": ""Q1872496""}"
node/11687467831,CAT Scale,,POINT(-106.5811534 31.9992778),osm_pois,981,2026-07-22 20:25:30.476626+00,2026-07-21 20:21:50+00,,,,,,{},"{""ref"": ""2070"", ""name"": ""CAT Scale"", ""brand"": ""CAT Scale"", ""amenity"": ""weighbridge"", ""website"": ""https://catscale.com/cat-scale-locator/?single=2070"", ""operator"": ""Love's Travel Stop"", ""brand:wikidata"": ""Q111631907"", ""operator:phone"": ""+1 915-886-3915"", ""operator:website"": ""https://www.loves.com/locations/447"", ""operator:wikidata"": ""Q1872496""}"
node/11687470784,CAT Scale,,POINT(-122.38471 47.2446966),osm_pois,981,2026-07-22 20:25:30.476626+00,2026-07-21 20:21:50+00,,,,,,{},"{""ref"": ""1523"", ""name"": ""CAT Scale"", ""brand"": ""CAT Scale"", ""amenity"": ""weighbridge"", ""website"": ""https://catscale.com/cat-scale-locator/?single=1523"", ""operator"": ""Love's Travel Stop"", ""brand:wikidata"": ""Q111631907"", ""operator:phone"": ""+1 253-922-8884"", ""operator:website"": ""https://www.loves.com/locations/448"", ""operator:wikidata"": ""Q1872496""}"
node/11687471069,CAT Scale,,POINT(-93.2496536 32.5822019),osm_pois,981,2026-07-22 20:25:30.476626+00,2026-07-21 20:21:50+00,,,,,,{},"{""ref"": ""1124"", ""name"": ""CAT Scale"", ""brand"": ""CAT Scale"", ""amenity"": ""weighbridge"", ""website"": ""https://catscale.com/cat-scale-locator/?single=1124"", ""operator"": ""Love's Travel Stop"", ""brand:wikidata"": ""Q111631907"", ""operator:phone"": ""+1 318-371-3790"", ""operator:website"": ""https://www.loves.com/locations/289"", ""operator:wikidata"": ""Q1872496""}"
node/11687479391,CAT Scale,,POINT(-98.3524694 35.5262487),osm_pois,981,2026-07-22 20:25:30.476626+00,2026-07-21 20:21:50+00,,,,,,{},"{""ref"": ""1214"", ""name"": ""CAT Scale"", ""brand"": ""CAT Scale"", ""amenity"": ""weighbridge"", ""website"": ""https://catscale.com/cat-scale-locator/?single=1214"", ""operator"": ""Love's Travel Stop"", ""brand:wikidata"": ""Q111631907"", ""operator:phone"": ""+1 405-542-3836"", ""operator:website"": ""https://www.loves.com/locations/385"", ""operator:wikidata"": ""Q1872496""}"
node/11687493466,CAT Scale,,POINT(-95.475837 37.6472033),osm_pois,981,2026-07-22 20:25:30.476626+00,2026-07-21 20:21:50+00,,,,,,{},"{""ref"": ""1909"", ""name"": ""CAT Scale"", ""brand"": ""CAT Scale"", ""amenity"": ""weighbridge"", ""website"": ""https://catscale.com/cat-scale-locator/?single=1909"", ""operator"": ""Love's Travel Stop"", ""brand:wikidata"": ""Q111631907"", ""operator:phone"": ""+1 620-431-0703"", ""operator:website"": ""https://www.loves.com/locations/692"", ""operator:wikidata"": ""Q1872496""}"
node/11687494850,CAT Scale,,POINT(-74.7084522 40.1199259),osm_pois,981,2026-07-22 20:25:30.476626+00,2026-07-21 20:21:50+00,,,,,,{},"{""ref"": ""25"", ""name"": ""CAT Scale"", ""brand"": ""CAT Scale"", ""amenity"": ""weighbridge"", ""website"": ""https://catscale.com/cat-scale-locator/?single=25"", ""operator"": ""Love's Travel Stop"", ""brand:wikidata"": ""Q111631907"", ""operator:phone"": ""+1 609-324-1005"", ""operator:website"": ""https://www.loves.com/locations/404"", ""operator:wikidata"": ""Q1872496""}"
node/11687497152,CAT Scale,,POINT(-121.1415208 37.755832),osm_pois,981,2026-07-22 20:25:30.476626+00,2026-07-21 20:21:50+00,,,,,,{},"{""ref"": ""874"", ""name"": ""CAT Scale"", ""brand"": ""CAT Scale"", ""amenity"": ""weighbridge"", ""website"": ""https://catscale.com/cat-scale-locator/?single=874"", ""operator"": ""Love's Travel Stop"", ""brand:wikidata"": ""Q111631907"", ""operator:phone"": ""+1 209-599-0740"", ""operator:website"": ""https://www.loves.com/locations/223"", ""operator:wikidata"": ""Q1872496""}"
node/11687499138,CAT Scale,,POINT(-80.7492317 34.1398532),osm_pois,981,2026-07-22 20:25:30.476626+00,2026-07-21 20:21:50+00,,,,,,{},"{""ref"": ""3194"", ""name"": ""CAT Scale"", ""brand"": ""CAT Scale"", ""amenity"": ""weighbridge"", ""website"": ""https://catscale.com/cat-scale-locator/?single=3194"", ""operator"": ""Love's Travel Stop"", ""brand:wikidata"": ""Q111631907"", ""operator:phone"": ""+1 803-408-0275"", ""operator:website"": ""https://www.loves.com/locations/751"", ""operator:wikidata"": ""Q1872496""}"
node/11691823216,CAT Scale,,POINT(-87.5514837 38.1727685),osm_pois,981,2026-07-22 20:25:30.476626+00,2026-07-21 20:21:50+00,,,,,,{},"{""ref"": ""578"", ""name"": ""CAT Scale"", ""brand"": ""CAT Scale"", ""amenity"": ""weighbridge"", ""website"": ""https://catscale.com/cat-scale-locator/?single=578"", ""operator"": ""Love's Travel Stop"", ""brand:wikidata"": ""Q111631907"", ""operator:phone"": ""+1 812-768-5838"", ""operator:website"": ""https://www.loves.com/locations/414"", ""operator:wikidata"": ""Q1872496""}"
node/11691837180,,,POINT(-74.1290793 40.1221023),osm_pois,981,2026-07-22 20:25:30.476626+00,2026-07-21 20:21:50+00,,,,,,{},"{""amenity"": ""weighbridge""}"
node/11691860341,CAT Scale,,POINT(-82.5043863 33.5140904),osm_pois,981,2026-07-22 20:25:30.476626+00,2026-07-21 20:21:50+00,,,,,,{},"{""ref"": ""1119"", ""name"": ""CAT Scale"", ""brand"": ""CAT Scale"", ""amenity"": ""weighbridge"", ""website"": ""https://catscale.com/cat-scale-locator/?single=1119"", ""operator"": ""Love's Travel Stop"", ""brand:wikidata"": ""Q111631907"", ""operator:phone"": ""+1 706-843-9833"", ""operator:website"": ""https://www.loves.com/locations/354"", ""operator:wikidata"": ""Q1872496""}"
node/11691866530,CAT Scale,,POINT(-88.9979803 42.4553122),osm_pois,981,2026-07-22 20:25:30.476626+00,2026-07-21 20:21:50+00,,,,,,{},"{""ref"": ""1016"", ""name"": ""CAT Scale"", ""brand"": ""CAT Scale"", ""amenity"": ""weighbridge"", ""website"": ""https://catscale.com/cat-scale-locator/?single=1016"", ""operator"": ""Love's Travel Stop"", ""brand:wikidata"": ""Q111631907"", ""operator:phone"": ""+1 815-389-1923"", ""operator:website"": ""https://www.loves.com/locations/322"", ""operator:wikidata"": ""Q1872496""}"
node/11691873185,CAT Scale,,POINT(-95.5895345 35.3054269),osm_pois,981,2026-07-22 20:25:30.476626+00,2026-07-21 20:21:50+00,,,,,,{},"{""ref"": ""1102"", ""name"": ""CAT Scale"", ""brand"": ""CAT Scale"", ""amenity"": ""weighbridge"", ""website"": ""https://catscale.com/cat-scale-locator/?single=1102"", ""operator"": ""Love's Travel Stop"", ""brand:wikidata"": ""Q111631907"", ""operator:phone"": ""+1 918-689-9444"", ""operator:website"": ""https://www.loves.com/locations/204"", ""operator:wikidata"": ""Q1872496""}"
node/11691875853,CAT Scale,,POINT(-97.6160146 38.3701118),osm_pois,981,2026-07-22 20:25:30.476626+00,2026-07-21 20:21:50+00,,,,,,{},"{""ref"": ""1777"", ""name"": ""CAT Scale"", ""brand"": ""CAT Scale"", ""amenity"": ""weighbridge"", ""website"": ""https://catscale.com/cat-scale-locator/?single=1777"", ""operator"": ""Love's Travel Stop"", ""brand:wikidata"": ""Q111631907"", ""operator:phone"": ""+1 620-241-4078"", ""operator:website"": ""https://www.loves.com/locations/608"", ""operator:wikidata"": ""Q1872496""}"
node/11691878272,CAT Scale,,POINT(-91.4046888 39.5743343),osm_pois,981,2026-07-22 20:25:30.476626+00,2026-07-21 20:21:50+00,,,,,,{},"{""ref"": ""1893"", ""name"": ""CAT Scale"", ""brand"": ""CAT Scale"", ""amenity"": ""weighbridge"", ""website"": ""https://catscale.com/cat-scale-locator/?single=1893"", ""operator"": ""Love's Travel Stop"", ""brand:wikidata"": ""Q111631907"", ""operator:phone"": ""+1 573-985-5683"", ""operator:wikidata"": ""Q1872496""}"
node/11691884855,CAT Scale,,POINT(-94.2187282 39.7333566),osm_pois,981,2026-07-22 20:25:30.476626+00,2026-07-21 20:21:50+00,,,,,,{},"{""ref"": ""3364"", ""name"": ""CAT Scale"", ""brand"": ""CAT Scale"", ""amenity"": ""weighbridge"", ""website"": ""https://catscale.com/cat-scale-locator/?single=3364"", ""operator"": ""Love's Travel Stop"", ""brand:wikidata"": ""Q111631907"", ""operator:phone"": ""+1 816-312-6061"", ""operator:website"": ""https://www.loves.com/locations/837"", ""operator:wikidata"": ""Q1872496""}"
node/11691894049,CAT Scale,,POINT(-82.5468012 40.6530864),osm_pois,981,2026-07-22 20:25:30.476626+00,2026-07-21 20:21:50+00,,,,,,{},"{""ref"": ""1955"", ""name"": ""CAT Scale"", ""brand"": ""CAT Scale"", ""amenity"": ""weighbridge"", ""website"": ""https://catscale.com/cat-scale-locator/?single=1955"", ""operator"": ""Love's Travel Stop"", ""brand:wikidata"": ""Q111631907"", ""operator:phone"": ""+1 419-886-0034"", ""operator:website"": ""https://www.loves.com/locations/711"", ""operator:wikidata"": ""Q1872496""}"
node/11691918940,CAT Scale,,POINT(-85.0819639 32.5364508),osm_pois,981,2026-07-22 20:25:30.476626+00,2026-07-21 20:21:50+00,,,,,,{},"{""ref"": ""3191"", ""name"": ""CAT Scale"", ""brand"": ""CAT Scale"", ""amenity"": ""weighbridge"", ""website"": ""https://catscale.com/cat-scale-locator/?single=3191"", ""operator"": ""Love's Travel Stop"", ""brand:wikidata"": ""Q111631907"", ""operator:phone"": ""+1 334-291-3059"", ""operator:wikidata"": ""Q1872496""}"
node/11691932933,CAT Scale,,POINT(-87.941182 42.8700456),osm_pois,981,2026-07-22 20:25:30.476626+00,2026-07-21 20:21:50+00,,,,,,{},"{""ref"": ""1525"", ""name"": ""CAT Scale"", ""brand"": ""CAT Scale"", ""amenity"": ""weighbridge"", ""website"": ""https://catscale.com/cat-scale-locator/?single=1525"", ""operator"": ""Love's Travel Stop"", ""brand:wikidata"": ""Q111631907"", ""operator:phone"": ""+1 414-761-0482"", ""operator:website"": ""https://www.loves.com/locations/432"", ""operator:wikidata"": ""Q1872496""}"
node/11691934362,CAT Scale,,POINT(-91.9400268 36.9745133),osm_pois,981,2026-07-22 20:25:30.476626+00,2026-07-21 20:21:50+00,,,,,,{},"{""ref"": ""3129"", ""name"": ""CAT Scale"", ""brand"": ""CAT Scale"", ""amenity"": ""weighbridge"", ""website"": ""https://catscale.com/cat-scale-locator/?single=3129"", ""operator"": ""Love's Travel Stop"", ""check_date"": ""2024-02-10"", ""brand:wikidata"": ""Q111631907"", ""operator:phone"": ""+1 417-469-1170"", ""operator:website"": ""https://www.loves.com/locations/783"", ""operator:wikidata"": ""Q1872496""}"
node/11691936459,CAT Scale,,POINT(-97.2576509 38.9334093),osm_pois,981,2026-07-22 20:25:30.476626+00,2026-07-21 20:21:50+00,,,,,,{},"{""ref"": ""3105"", ""name"": ""CAT Scale"", ""brand"": ""CAT Scale"", ""amenity"": ""weighbridge"", ""website"": ""https://catscale.com/cat-scale-locator/?single=3105"", ""operator"": ""Love's Travel Stop"", ""check_date"": ""2024-02-10"", ""brand:wikidata"": ""Q111631907"", ""operator:phone"": ""+1 785-263-3390"", ""operator:website"": ""https://www.loves.com/locations/732"", ""operator:wikidata"": ""Q1872496""}"
node/11691951501,CAT Scale,,POINT(-94.3193594 32.1618108),osm_pois,981,2026-07-22 20:25:30.476626+00,2026-07-21 20:21:50+00,,,,,,{},"{""ref"": ""2211"", ""name"": ""CAT Scale"", ""brand"": ""CAT Scale"", ""amenity"": ""weighbridge"", ""website"": ""https://catscale.com/cat-scale-locator/?single=2211"", ""operator"": ""Love's Travel Stop"", ""brand:wikidata"": ""Q111631907"", ""operator:phone"": ""+1 903-690-8152"", ""operator:website"": ""https://www.loves.com/locations/615"", ""operator:wikidata"": ""Q1872496""}"
node/11691951649,CAT Scale,,POINT(-85.6185985 31.4276458),osm_pois,981,2026-07-22 20:25:30.476626+00,2026-07-21 20:21:50+00,,,,,,{},"{""ref"": ""1733"", ""name"": ""CAT Scale"", ""brand"": ""CAT Scale"", ""amenity"": ""weighbridge"", ""website"": ""https://catscale.com/cat-scale-locator/?single=1733"", ""operator"": ""Love's Travel Stop"", ""brand:wikidata"": ""Q111631907"", ""operator:phone"": ""+1 334-445-0323"", ""operator:website"": ""https://www.loves.com/locations/566"", ""operator:wikidata"": ""Q1872496""}"
node/11691970007,CAT Scale,,POINT(-80.9772329 35.0008762),osm_pois,981,2026-07-22 20:25:30.476626+00,2026-07-21 20:21:50+00,,,,,,{},"{""ref"": ""1073"", ""name"": ""CAT Scale"", ""brand"": ""CAT Scale"", ""amenity"": ""weighbridge"", ""website"": ""https://catscale.com/cat-scale-locator/?single=1073"", ""operator"": ""Love's Travel Stop"", ""brand:wikidata"": ""Q111631907"", ""operator:phone"": ""+1 803-802-7130"", ""operator:website"": ""https://www.loves.com/locations/333"", ""operator:wikidata"": ""Q1872496""}"
node/11691971426,CAT Scale,,POINT(-107.9835433 41.6751712),osm_pois,981,2026-07-22 20:25:30.476626+00,2026-07-21 20:21:50+00,,,,,,{},"{""ref"": ""962"", ""name"": ""CAT Scale"", ""brand"": ""CAT Scale"", ""amenity"": ""weighbridge"", ""website"": ""https://catscale.com/cat-scale-locator/?single=962"", ""operator"": ""Love's Travel Stop"", ""brand:wikidata"": ""Q111631907"", ""operator:phone"": ""+1 307-324-0087"", ""operator:website"": ""https://www.loves.com/locations/310"", ""operator:wikidata"": ""Q1872496""}"
node/11691980981,CAT Scale,,POINT(-83.7322574 32.7174468),osm_pois,981,2026-07-22 20:25:30.476626+00,2026-07-21 20:21:50+00,,,,,,{},"{""ref"": ""1924"", ""name"": ""CAT Scale"", ""brand"": ""CAT Scale"", ""amenity"": ""weighbridge"", ""website"": ""https://catscale.com/cat-scale-locator/?single=1924"", ""operator"": ""Love's Travel Stop"", ""brand:wikidata"": ""Q111631907"", ""operator:phone"": ""+1 478-785-8715"", ""operator:website"": ""https://www.loves.com/locations/698"", ""operator:wikidata"": ""Q1872496""}"
node/11691991548,CAT Scale,,POINT(-95.2646086 38.5728582),osm_pois,981,2026-07-22 20:25:30.476626+00,2026-07-21 20:21:50+00,,,,,,{},"{""ref"": ""1391"", ""name"": ""CAT Scale"", ""brand"": ""CAT Scale"", ""amenity"": ""weighbridge"", ""website"": ""https://catscale.com/cat-scale-locator/?single=1391"", ""operator"": ""Love's Travel Stop"", ""brand:wikidata"": ""Q111631907"", ""operator:phone"": ""+1 785-242-2882"", ""operator:website"": ""https://www.loves.com/locations/258"", ""operator:wikidata"": ""Q1872496""}"
node/11692017948,CAT Scale,,POINT(-86.3950058 39.9789871),osm_pois,981,2026-07-22 20:25:30.476626+00,2026-07-21 20:21:50+00,,,,,,{},"{""ref"": ""1605"", ""name"": ""CAT Scale"", ""brand"": ""CAT Scale"", ""amenity"": ""weighbridge"", ""website"": ""https://catscale.com/cat-scale-locator/?single=1605"", ""operator"": ""Love's Travel Stop"", ""brand:wikidata"": ""Q111631907"", ""operator:phone"": ""+1 317-769-2330"", ""operator:website"": ""https://www.loves.com/locations/459"", ""operator:wikidata"": ""Q1872496""}"
node/11695181753,CAT Scale,,POINT(-93.0230918 45.2481177),osm_pois,981,2026-07-22 20:25:30.476626+00,2026-07-21 20:21:50+00,,,,,,{},"{""ref"": ""3363"", ""name"": ""CAT Scale"", ""brand"": ""CAT Scale"", ""amenity"": ""weighbridge"", ""website"": ""https://catscale.com/cat-scale-locator/?single=3363"", ""operator"": ""Love's Travel Stop"", ""brand:wikidata"": ""Q111631907"", ""operator:phone"": ""+1 651-846-1007"", ""operator:website"": ""https://www.loves.com/locations/832"", ""operator:wikidata"": ""Q1872496""}"
node/11695242690,CAT Scale,,POINT(-112.2401767 33.4582996),osm_pois,981,2026-07-22 20:25:30.476626+00,2026-07-21 20:21:50+00,,,,,,{},"{""ref"": ""1857"", ""name"": ""CAT Scale"", ""brand"": ""CAT Scale"", ""amenity"": ""weighbridge"", ""website"": ""https://catscale.com/cat-scale-locator/?single=1857"", ""operator"": ""Love's Travel Stop"", ""brand:wikidata"": ""Q111631907"", ""operator:phone"": ""+1 623-936-1037"", ""operator:website"": ""https://www.loves.com/locations/659"", ""operator:wikidata"": ""Q1872496""}"
node/11695243287,CAT Scale,,POINT(-100.7230609 41.1030038),osm_pois,981,2026-07-22 20:25:30.476626+00,2026-07-21 20:21:50+00,,,,,,{},"{""ref"": ""1344"", ""name"": ""CAT Scale"", ""brand"": ""CAT Scale"", ""amenity"": ""weighbridge"", ""website"": ""https://catscale.com/cat-scale-locator/?single=1344"", ""operator"": ""Love's Travel Stop"", ""brand:wikidata"": ""Q111631907"", ""operator:phone"": ""+1 908-534-4610"", ""operator:website"": ""https://www.loves.com/locations/390"", ""operator:wikidata"": ""Q1872496""}"
node/11695245624,CAT Scale,,POINT(-83.6514235 41.1736048),osm_pois,981,2026-07-22 20:25:30.476626+00,2026-07-21 20:21:50+00,,,,,,{},"{""ref"": ""1116"", ""name"": ""CAT Scale"", ""brand"": ""CAT Scale"", ""amenity"": ""weighbridge"", ""website"": ""https://catscale.com/cat-scale-locator/?single=1116"", ""operator"": ""Love's Travel Stop"", ""brand:wikidata"": ""Q111631907"", ""operator:phone"": ""+1 419-257-2600"", ""operator:website"": ""https://www.loves.com/locations/356"", ""operator:wikidata"": ""Q1872496""}"
node/11695252746,CAT Scale,,POINT(-82.0857341 29.6022278),osm_pois,981,2026-07-22 20:25:30.476626+00,2026-07-21 20:21:50+00,,,,,,{},"{""ref"": ""1867"", ""name"": ""CAT Scale"", ""brand"": ""CAT Scale"", ""amenity"": ""weighbridge"", ""website"": ""https://catscale.com/cat-scale-locator/?single=1867"", ""operator"": ""Love's Travel Stop"", ""brand:wikidata"": ""Q111631907"", ""operator:phone"": ""+1 352-481-0170"", ""operator:website"": ""https://www.loves.com/locations/620"", ""operator:wikidata"": ""Q1872496""}"
node/11701919029,CAT Scale,,POINT(-93.3955042 33.8288621),osm_pois,981,2026-07-22 20:25:30.476626+00,2026-07-21 20:21:50+00,,,,,,{},"{""ref"": ""643"", ""name"": ""CAT Scale"", ""brand"": ""CAT Scale"", ""amenity"": ""weighbridge"", ""website"": ""https://catscale.com/cat-scale-locator/?single=643"", ""operator"": ""Love's Travel Stop"", ""brand:wikidata"": ""Q111631907"", ""operator:phone"": ""+1 870-887-1744"", ""operator:website"": ""https://www.loves.com/locations/277"", ""operator:wikidata"": ""Q1872496""}"
node/11701925701,CAT Scale,,POINT(-83.4655887 41.5374763),osm_pois,981,2026-07-22 20:25:30.476626+00,2026-07-21 20:21:50+00,,,,,,{},"{""ref"": ""1601"", ""name"": ""CAT Scale"", ""brand"": ""CAT Scale"", ""amenity"": ""weighbridge"", ""website"": ""https://catscale.com/cat-scale-locator/?single=1601"", ""operator"": ""Love's Travel Stop"", ""brand:wikidata"": ""Q111631907"", ""operator:phone"": ""+1 419-837-0071"", ""operator:website"": ""https://www.loves.com/locations/456"", ""operator:wikidata"": ""Q1872496""}"
node/11701929810,CAT Scale,,POINT(-97.4284453 42.0117455),osm_pois,981,2026-07-22 20:25:30.476626+00,2026-07-21 20:21:50+00,,,,,,{},"{""ref"": ""1889"", ""name"": ""CAT Scale"", ""brand"": ""CAT Scale"", ""amenity"": ""weighbridge"", ""website"": ""https://catscale.com/cat-scale-locator/?single=1889"", ""operator"": ""Love's Travel Stop"", ""check_date"": ""2024-02-10"", ""brand:wikidata"": ""Q111631907"", ""operator:phone"": ""+1 402-379-2920"", ""operator:website"": ""https://www.loves.com/locations/680"", ""operator:wikidata"": ""Q1872496""}"
node/11701954276,CAT Scale,,POINT(-88.7606056 40.3399117),osm_pois,981,2026-07-22 20:25:30.476626+00,2026-07-21 20:21:50+00,,,,,,{},"{""ref"": ""1186"", ""name"": ""CAT Scale"", ""brand"": ""CAT Scale"", ""amenity"": ""weighbridge"", ""website"": ""https://catscale.com/cat-scale-locator/?single=1186"", ""operator"": ""Love's Travel Stop"", ""brand:wikidata"": ""Q111631907"", ""operator:phone"": ""+1 309-962-3060"", ""operator:website"": ""https://www.loves.com/locations/367"", ""operator:wikidata"": ""Q1872496""}"
node/11701968465,CAT Scale,,POINT(-93.983974 32.4443895),osm_pois,981,2026-07-22 20:25:30.476626+00,2026-07-21 20:21:50+00,,,,,,{},"{""ref"": ""416"", ""name"": ""CAT Scale"", ""brand"": ""CAT Scale"", ""amenity"": ""weighbridge"", ""website"": ""https://catscale.com/cat-scale-locator/?single=416"", ""operator"": ""Love's Travel Stop"", ""brand:wikidata"": ""Q111631907"", ""operator:phone"": ""+1 318-938-8986"", ""operator:website"": ""https://www.loves.com/locations/209"", ""operator:wikidata"": ""Q1872496""}"
node/11701987379,CAT Scale,,POINT(-75.8351063 42.1014055),osm_pois,981,2026-07-22 20:25:30.476626+00,2026-07-21 20:21:50+00,,,,,,{},"{""ref"": ""665"", ""name"": ""CAT Scale"", ""brand"": ""CAT Scale"", ""amenity"": ""weighbridge"", ""website"": ""https://catscale.com/cat-scale-locator/?single=665"", ""operator"": ""Love's Travel Stop"", ""brand:wikidata"": ""Q111631907"", ""operator:phone"": ""+1 607-651-9153"", ""operator:website"": ""https://www.loves.com/locations/403"", ""operator:wikidata"": ""Q1872496""}"
node/11701997375,CAT Scale,,POINT(-87.2429214 33.7917245),osm_pois,981,2026-07-22 20:25:30.476626+00,2026-07-21 20:21:50+00,,,,,,{},"{""ref"": ""1628"", ""name"": ""CAT Scale"", ""brand"": ""CAT Scale"", ""amenity"": ""weighbridge"", ""website"": ""https://catscale.com/cat-scale-locator/?single=1628"", ""operator"": ""Love's Travel Stop"", ""brand:wikidata"": ""Q111631907"", ""operator:phone"": ""+1 205-295-1706"", ""operator:wikidata"": ""Q1872496""}"
node/11702685861,Rawlins Public Scales,CA,POINT(-118.2380272 33.9866474),osm_pois,981,2026-07-22 20:25:30.476626+00,2026-07-21 20:21:50+00,,,,,,{},"{""fax"": ""+1-323-588-3551"", ""name"": ""Rawlins Public Scales"", ""phone"": ""+1-323-588-3551"", ""access"": ""customers"", ""source"": ""http://rawlinspublicscale.com/"", ""amenity"": ""weighbridge"", ""addr:city"": ""Los Angeles"", ""maxweight"": ""100000 lbs"", ""addr:state"": ""CA"", ""addr:street"": ""Randolph Street"", ""addr:postcode"": ""90001"", ""opening_hours"": ""Mo-Fr 06:00-18:00"", ""addr:housenumber"": ""1925""}"
node/11707764379,CAT Scale,,POINT(-114.1337507 46.9467136),osm_pois,981,2026-07-22 20:25:30.476626+00,2026-07-21 20:21:50+00,,,,,,{},"{""ref"": ""3148"", ""name"": ""CAT Scale"", ""brand"": ""CAT Scale"", ""amenity"": ""weighbridge"", ""website"": ""https://catscale.com/cat-scale-locator/?single=3148"", ""operator"": ""Love's Travel Stop"", ""brand:wikidata"": ""Q111631907"", ""operator:phone"": ""+1 406-721-8386"", ""operator:website"": ""https://www.loves.com/locations/753"", ""operator:wikidata"": ""Q1872496""}"
node/11707782209,CAT Scale,,POINT(-84.3244699 37.8426012),osm_pois,981,2026-07-22 20:25:30.476626+00,2026-07-21 20:21:50+00,,,,,,{},"{""ref"": ""961"", ""name"": ""CAT Scale"", ""brand"": ""CAT Scale"", ""amenity"": ""weighbridge"", ""website"": ""https://catscale.com/cat-scale-locator/?single=961"", ""operator"": ""Love's Travel Stop"", ""brand:wikidata"": ""Q111631907"", ""operator:phone"": ""+1 859-624-0882"", ""operator:website"": ""https://www.loves.com/locations/291"", ""operator:wikidata"": ""Q1872496""}"
node/11707829631,CAT Scale,,POINT(-89.0655895 41.8982163),osm_pois,981,2026-07-22 20:25:30.476626+00,2026-07-21 20:21:50+00,,,,,,{},"{""ref"": ""3158"", ""name"": ""CAT Scale"", ""brand"": ""CAT Scale"", ""amenity"": ""weighbridge"", ""website"": ""https://catscale.com/cat-scale-locator/?single=3158"", ""operator"": ""Love's Travel Stop"", ""brand:wikidata"": ""Q111631907"", ""operator:phone"": ""+1 815-561-1125"", ""operator:website"": ""https://www.loves.com/locations/754"", ""operator:wikidata"": ""Q1872496""}"
node/11707846795,CAT Scale,,POINT(-96.1374494 41.1566525),osm_pois,981,2026-07-22 20:25:30.476626+00,2026-07-21 20:21:50+00,,,,,,{},"{""ref"": ""3286"", ""name"": ""CAT Scale"", ""brand"": ""CAT Scale"", ""amenity"": ""weighbridge"", ""website"": ""https://catscale.com/cat-scale-locator/?single=3286"", ""operator"": ""Love's Travel Stop"", ""brand:wikidata"": ""Q111631907"", ""operator:phone"": ""+1 402-970-6705"", ""operator:website"": ""https://www.loves.com/locations/730"", ""operator:wikidata"": ""Q1872496""}"
node/11710492563,CAT Scale,,POINT(-77.1435982 40.229851),osm_pois,981,2026-07-22 20:25:30.476626+00,2026-07-21 20:21:50+00,,,,,,{},"{""ref"": ""547"", ""name"": ""CAT Scale"", ""brand"": ""CAT Scale"", ""amenity"": ""weighbridge"", ""website"": ""https://catscale.com/cat-scale-locator/?single=547"", ""operator"": ""Love's Travel Stop"", ""brand:wikidata"": ""Q111631907"", ""operator:phone"": ""+1 717-240-0055"", ""operator:website"": ""https://www.loves.com/locations/407"", ""operator:wikidata"": ""Q1872496""}"
node/11710540560,CAT Scale,,POINT(-102.8525454 30.8941406),osm_pois,981,2026-07-22 20:25:30.476626+00,2026-07-21 20:21:50+00,,,,,,{},"{""ref"": ""2095"", ""name"": ""CAT Scale"", ""brand"": ""CAT Scale"", ""amenity"": ""weighbridge"", ""website"": ""https://catscale.com/cat-scale-locator/?single=2095"", ""operator"": ""Love's Travel Stop"", ""brand:wikidata"": ""Q111631907"", ""operator:phone"": ""+1 432-336-3622"", ""operator:website"": ""https://www.loves.com/locations/542"", ""operator:wikidata"": ""Q1872496""}"
node/11711478784,CAT Scale,,POINT(-87.5794613 41.5990411),osm_pois,981,2026-07-22 20:25:30.476626+00,2026-07-21 20:21:50+00,,,,,,{},"{""ref"": ""1"", ""name"": ""CAT Scale"", ""brand"": ""CAT Scale"", ""amenity"": ""weighbridge"", ""website"": ""https://catscale.com/cat-scale-locator/?single=1"", ""operator"": ""Love's Travel Stop"", ""brand:wikidata"": ""Q111631907"", ""operator:phone"": ""+1 708-331-7365"", ""operator:website"": ""https://www.loves.com/locations/606"", ""operator:wikidata"": ""Q1872496""}"
node/11711510549,CAT Scale,,POINT(-89.5845754 36.853589),osm_pois,981,2026-07-22 20:25:30.476626+00,2026-07-21 20:21:50+00,,,,,,{},"{""ref"": ""1832"", ""name"": ""CAT Scale"", ""brand"": ""CAT Scale"", ""amenity"": ""weighbridge"", ""website"": ""https://catscale.com/cat-scale-locator/?single=1832"", ""operator"": ""Love's Travel Stop"", ""check_date"": ""2024-02-10"", ""brand:wikidata"": ""Q111631907"", ""operator:phone"": ""+1 573-472-6428"", ""operator:website"": ""https://www.loves.com/locations/643"", ""operator:wikidata"": ""Q1872496""}"
node/11711521471,CAT Scale,,POINT(-117.0042711 47.7107386),osm_pois,981,2026-07-22 20:25:30.476626+00,2026-07-21 20:21:50+00,,,,,,{},"{""ref"": ""1393"", ""name"": ""CAT Scale"", ""brand"": ""CAT Scale"", ""amenity"": ""weighbridge"", ""website"": ""https://catscale.com/cat-scale-locator/?single=1393"", ""operator"": ""Love's Travel Stop"", ""brand:wikidata"": ""Q111631907"", ""operator:phone"": ""+1 208-773-4577"", ""operator:website"": ""https://www.loves.com/locations/301"", ""operator:wikidata"": ""Q1872496""}"
node/11711527047,CAT Scale,,POINT(-80.3977172 27.4142096),osm_pois,981,2026-07-22 20:25:30.476626+00,2026-07-21 20:21:50+00,,,,,,{},"{""ref"": ""594"", ""name"": ""CAT Scale"", ""brand"": ""CAT Scale"", ""amenity"": ""weighbridge"", ""website"": ""https://catscale.com/cat-scale-locator/?single=594"", ""operator"": ""Love's Travel Stop"", ""brand:wikidata"": ""Q111631907"", ""operator:phone"": ""+1 772-460-5777"", ""operator:website"": ""https://www.loves.com/locations/415"", ""operator:wikidata"": ""Q1872496""}"
node/11711531863,CAT Scale,,POINT(-95.4565065 29.1958633),osm_pois,981,2026-07-22 20:25:30.476626+00,2026-07-21 20:21:50+00,,,,,,{},"{""ref"": ""2142"", ""name"": ""CAT Scale"", ""brand"": ""CAT Scale"", ""amenity"": ""weighbridge"", ""website"": ""https://catscale.com/cat-scale-locator/?single=2142"", ""operator"": ""Love's Travel Stop"", ""brand:wikidata"": ""Q111631907"", ""operator:phone"": ""+1 979-849-5905"", ""operator:website"": ""https://www.loves.com/locations/665"", ""operator:wikidata"": ""Q1872496""}"
node/11711666648,CAT Scale,,POINT(-97.9036442 35.4969212),osm_pois,981,2026-07-22 20:25:30.476626+00,2026-07-21 20:21:50+00,,,,,,{},"{""ref"": ""3108"", ""name"": ""CAT Scale"", ""brand"": ""CAT Scale"", ""amenity"": ""weighbridge"", ""website"": ""https://catscale.com/cat-scale-locator/?single=3108"", ""operator"": ""Love's Travel Stop"", ""brand:wikidata"": ""Q111631907"", ""operator:phone"": ""+1 405-422-1904"", ""operator:website"": ""https://www.loves.com/locations/737"", ""operator:wikidata"": ""Q1872496""}"
node/11711679472,CAT Scale,,POINT(-104.7559469 37.6166747),osm_pois,981,2026-07-22 20:25:30.476626+00,2026-07-21 20:21:50+00,,,,,,{},"{""ref"": ""3274"", ""name"": ""CAT Scale"", ""brand"": ""CAT Scale"", ""amenity"": ""weighbridge"", ""website"": ""https://catscale.com/cat-scale-locator/?single=3274"", ""operator"": ""Love's Travel Stop"", ""brand:wikidata"": ""Q111631907"", ""operator:phone"": ""+1 719-738-2141"", ""operator:website"": ""https://www.loves.com/locations/660"", ""operator:wikidata"": ""Q1872496""}"
node/11711682654,CAT Scale,,POINT(-114.9610309 41.0991586),osm_pois,981,2026-07-22 20:25:30.476626+00,2026-07-21 20:21:50+00,,,,,,{},"{""ref"": ""1232"", ""name"": ""CAT Scale"", ""brand"": ""CAT Scale"", ""amenity"": ""weighbridge"", ""website"": ""https://catscale.com/cat-scale-locator/?single=1232"", ""operator"": ""Love's Travel Stop"", ""brand:wikidata"": ""Q111631907"", ""operator:phone"": ""+1 775-752-9915"", ""operator:website"": ""https://www.loves.com/locations/365"", ""operator:wikidata"": ""Q1872496""}"
node/11711683405,CAT Scale,,POINT(-86.4142277 32.1963787),osm_pois,981,2026-07-22 20:25:30.476626+00,2026-07-21 20:21:50+00,,,,,,{},"{""ref"": ""1954"", ""name"": ""CAT Scale"", ""brand"": ""CAT Scale"", ""amenity"": ""weighbridge"", ""website"": ""https://catscale.com/cat-scale-locator/?single=1954"", ""operator"": ""Love's Travel Stop"", ""brand:wikidata"": ""Q111631907"", ""operator:phone"": ""+1 334-280-0009"", ""operator:website"": ""https://www.loves.com/locations/718"", ""operator:wikidata"": ""Q1872496""}"
node/11711684940,CAT Scale,,POINT(-88.238922 30.5319152),osm_pois,981,2026-07-22 20:25:30.476626+00,2026-07-21 20:21:50+00,,,,,,{},"{""ref"": ""3298"", ""name"": ""CAT Scale"", ""brand"": ""CAT Scale"", ""amenity"": ""weighbridge"", ""website"": ""https://catscale.com/cat-scale-locator/?single=3298"", ""operator"": ""Love's Travel Stop"", ""brand:wikidata"": ""Q111631907"", ""operator:phone"": ""+1 334-453-6030""}"
node/11711699080,CAT Scale,,POINT(-94.5731716 36.1755393),osm_pois,981,2026-07-22 20:25:30.476626+00,2026-07-21 20:21:50+00,,,,,,{},"{""ref"": ""1874"", ""name"": ""CAT Scale"", ""brand"": ""CAT Scale"", ""amenity"": ""weighbridge"", ""website"": ""https://catscale.com/cat-scale-locator/?single=1874"", ""operator"": ""Love's Travel Stop"", ""brand:wikidata"": ""Q111631907"", ""operator:phone"": ""+1 918-422-4300"", ""operator:website"": ""https://www.loves.com/locations/658"", ""operator:wikidata"": ""Q1872496""}"
node/11711708207,CAT Scale,,POINT(-80.9799731 35.2551473),osm_pois,981,2026-07-22 20:25:30.476626+00,2026-07-21 20:21:50+00,,,,,,{},"{""ref"": ""1972"", ""name"": ""CAT Scale"", ""brand"": ""CAT Scale"", ""amenity"": ""weighbridge"", ""website"": ""https://catscale.com/cat-scale-locator/?single=1972"", ""operator"": ""Love's Travel Stop"", ""brand:wikidata"": ""Q111631907"", ""operator:phone"": ""+1 704-392-7511"", ""operator:website"": ""https://www.loves.com/locations/714"", ""operator:wikidata"": ""Q1872496""}"
node/11711714941,CAT Scale,,POINT(-88.4655876 43.7489826),osm_pois,981,2026-07-22 20:25:30.476626+00,2026-07-21 20:21:50+00,,,,,,{},"{""ref"": ""1752"", ""name"": ""CAT Scale"", ""brand"": ""CAT Scale"", ""amenity"": ""weighbridge"", ""website"": ""https://catscale.com/cat-scale-locator/?single=1752"", ""operator"": ""Love's Travel Stop"", ""brand:wikidata"": ""Q111631907"", ""operator:phone"": ""+1 920-907-0145"", ""operator:website"": ""https://www.loves.com/locations/587"", ""operator:wikidata"": ""Q1872496""}"
node/11711729190,CAT Scale,,POINT(-82.9304554 42.9896046),osm_pois,981,2026-07-22 20:25:30.476626+00,2026-07-21 20:21:50+00,,,,,,{},"{""ref"": ""1925"", ""name"": ""CAT Scale"", ""brand"": ""CAT Scale"", ""amenity"": ""weighbridge"", ""website"": ""https://catscale.com/cat-scale-locator/?single=1925"", ""operator"": ""Love's Travel Stop"", ""brand:wikidata"": ""Q111631907"", ""operator:phone"": ""+1 810-395-9690"", ""operator:website"": ""https://www.loves.com/locations/701"", ""operator:wikidata"": ""Q1872496""}"
node/11711758801,CAT Scale,,POINT(-86.4777023 39.6160353),osm_pois,981,2026-07-22 20:25:30.476626+00,2026-07-21 20:21:50+00,,,,,,{},"{""ref"": ""1602"", ""name"": ""CAT Scale"", ""brand"": ""CAT Scale"", ""amenity"": ""weighbridge"", ""website"": ""https://catscale.com/cat-scale-locator/?single=1602"", ""operator"": ""Love's Travel Stop"", ""brand:wikidata"": ""Q111631907"", ""operator:phone"": ""+1 317-539-5473"", ""operator:website"": ""https://www.loves.com/locations/254"", ""operator:wikidata"": ""Q1872496""}"
node/11711780515,CAT Scale,,POINT(-96.7777698 29.6901891),osm_pois,981,2026-07-22 20:25:30.476626+00,2026-07-21 20:21:50+00,,,,,,{},"{""ref"": ""2081"", ""name"": ""CAT Scale"", ""brand"": ""CAT Scale"", ""amenity"": ""weighbridge"", ""website"": ""https://catscale.com/cat-scale-locator/?single=2081"", ""operator"": ""Love's Travel Stop"", ""brand:wikidata"": ""Q111631907"", ""operator:phone"": ""+1 979-725-8625"", ""operator:website"": ""https://www.loves.com/locations/484"", ""operator:wikidata"": ""Q1872496""}"
node/11711792209,CAT Scale,,POINT(-118.4082035 35.125389),osm_pois,981,2026-07-22 20:25:30.476626+00,2026-07-21 20:21:50+00,,,,,,{},"{""ref"": ""1345"", ""name"": ""CAT Scale"", ""brand"": ""CAT Scale"", ""amenity"": ""weighbridge"", ""website"": ""https://catscale.com/cat-scale-locator/?single=1345"", ""operator"": ""Love's Travel Stop"", ""brand:wikidata"": ""Q111631907"", ""operator:phone"": ""+1 661-823-1484"", ""operator:website"": ""https://www.loves.com/locations/392"", ""operator:wikidata"": ""Q1872496""}"
node/11711811381,CAT Scale,,POINT(-92.5890394 31.3610902),osm_pois,981,2026-07-22 20:25:30.476626+00,2026-07-21 20:21:50+00,,,,,,{},"{""ref"": ""1953"", ""name"": ""CAT Scale"", ""brand"": ""CAT Scale"", ""amenity"": ""weighbridge"", ""website"": ""https://catscale.com/cat-scale-locator/?single=1953"", ""operator"": ""Love's Travel Stop"", ""brand:wikidata"": ""Q111631907"", ""operator:phone"": ""+1 318-448-6025"", ""operator:website"": ""https://www.loves.com/locations/720"", ""operator:wikidata"": ""Q1872496""}"
node/11711832135,CAT Scale,,POINT(-87.9535172 42.4894983),osm_pois,981,2026-07-22 20:25:30.476626+00,2026-07-21 20:21:50+00,,,,,,{},"{""ref"": ""3200"", ""name"": ""CAT Scale"", ""brand"": ""CAT Scale"", ""amenity"": ""weighbridge"", ""website"": ""https://catscale.com/cat-scale-locator/?single=3200"", ""operator"": ""Love's Travel Stop"", ""brand:wikidata"": ""Q111631907"", ""operator:phone"": ""+1 847-838-4265"", ""operator:website"": ""https://www.loves.com/locations/770"", ""operator:wikidata"": ""Q1872496""}"
node/11711834166,CAT Scale,IL,POINT(-87.9613617 41.9990655),osm_pois,981,2026-07-22 20:25:30.476626+00,2026-07-21 20:21:50+00,,,,,,{},"{""ref"": ""3309"", ""name"": ""CAT Scale"", ""brand"": ""CAT Scale"", ""amenity"": ""weighbridge"", ""website"": ""https://catscale.com/cat-scale-locator/?single=3309"", ""operator"": ""Love's Travel Stop"", ""addr:city"": ""Elk Grove Village"", ""addr:state"": ""IL"", ""addr:street"": ""Busse Road"", ""addr:postcode"": ""60007"", ""brand:wikidata"": ""Q111631907"", ""operator:phone"": ""+1 224-266-6601"", ""addr:housenumber"": ""1900"", ""operator:website"": ""https://www.loves.com/locations/800"", ""operator:wikidata"": ""Q1872496""}"
node/11712048053,CAT Scale,,POINT(-104.8487947 41.0973845),osm_pois,981,2026-07-22 20:25:30.476626+00,2026-07-21 20:21:50+00,,,,,,{},"{""ref"": ""234"", ""name"": ""CAT Scale"", ""brand"": ""CAT Scale"", ""amenity"": ""weighbridge"", ""website"": ""https://catscale.com/cat-scale-locator/?single=234"", ""operator"": ""Love's Travel Stop"", ""check_date"": ""2024-02-10"", ""brand:wikidata"": ""Q111631907"", ""operator:phone"": ""+1 307-632-7902"", ""operator:website"": ""https://www.loves.com/locations/220"", ""operator:wikidata"": ""Q1872496""}"
node/11712068097,CAT Scale,,POINT(-104.8539451 41.0978506),osm_pois,981,2026-07-22 20:25:30.476626+00,2026-07-21 20:21:50+00,,,,,,{},"{""ref"": ""1527"", ""name"": ""CAT Scale"", ""brand"": ""CAT Scale"", ""amenity"": ""weighbridge"", ""website"": ""https://catscale.com/cat-scale-locator/?single=1527"", ""operator"": ""Flying J Travel Center"", ""check_date"": ""2024-02-10"", ""brand:wikidata"": ""Q111631907"", ""operator:phone"": ""+1 307-635-2918"", ""operator:wikidata"": ""Q64130592""}"
node/11712073033,CAT Scale,,POINT(-104.7076082 41.1358204),osm_pois,981,2026-07-22 20:25:30.476626+00,2026-07-21 20:21:50+00,,,,,,{},"{""ref"": ""1172"", ""name"": ""CAT Scale"", ""brand"": ""CAT Scale"", ""amenity"": ""weighbridge"", ""website"": ""https://catscale.com/cat-scale-locator/?single=1172"", ""operator"": ""Pilot Travel Center"", ""check_date"": ""2024-02-10"", ""brand:wikidata"": ""Q111631907"", ""operator:website"": ""https://locations.pilotflyingj.com/us/wy/cheyenne/8020-campstool-road"", ""operator:wikidata"": ""Q64128179""}"
node/11712087865,CAT Scale,,POINT(-87.1711555 36.0260401),osm_pois,981,2026-07-22 20:25:30.476626+00,2026-07-21 20:21:50+00,,,,,,{},"{""ref"": ""1507"", ""name"": ""CAT Scale"", ""brand"": ""CAT Scale"", ""amenity"": ""weighbridge"", ""website"": ""https://catscale.com/cat-scale-locator/?single=1507"", ""operator"": ""Flying J Travel Center"", ""check_date"": ""2024-02-10"", ""brand:wikidata"": ""Q111631907"", ""operator:phone"": ""+1 615-799-4116"", ""operator:wikidata"": ""Q64130592""}"
node/11712088956,CAT Scale,,POINT(-104.9825082 40.3628101),osm_pois,981,2026-07-22 20:25:30.476626+00,2026-07-21 20:21:50+00,,,,,,{},"{""ref"": ""1370"", ""name"": ""CAT Scale"", ""brand"": ""CAT Scale"", ""amenity"": ""weighbridge"", ""website"": ""https://catscale.com/cat-scale-locator/?single=1370"", ""operator"": ""Petro Stopping Center"", ""check_date"": ""2024-02-10"", ""brand:wikidata"": ""Q111631907"", ""operator:phone"": ""+1 970-667-2069"", ""operator:wikidata"": ""Q64051305""}"
node/11712093370,CAT Scale,,POINT(-104.688869 40.3864082),osm_pois,981,2026-07-22 20:25:30.476626+00,2026-07-21 20:21:50+00,,,,,,{},"{""ref"": ""1289"", ""name"": ""CAT Scale"", ""brand"": ""CAT Scale"", ""amenity"": ""weighbridge"", ""website"": ""https://catscale.com/cat-scale-locator/?single=1289"", ""operator"": ""QuikTrip"", ""check_date"": ""2024-02-10"", ""brand:wikidata"": ""Q111631907"", ""operator:phone"": ""+1 970-324-2599""}"
node/11712108408,CAT Scale,,POINT(-104.519988 41.160157),osm_pois,981,2026-07-22 20:25:30.476626+00,2026-07-21 20:21:50+00,,,,,,{},"{""ref"": ""318"", ""name"": ""CAT Scale"", ""brand"": ""CAT Scale"", ""amenity"": ""weighbridge"", ""website"": ""https://catscale.com/cat-scale-locator/?single=318"", ""operator"": ""TA"", ""check_date"": ""2024-02-10"", ""brand:wikidata"": ""Q111631907"", ""operator:website"": ""https://www.ta-petro.com/location/wy/ta-cheyenne/"", ""operator:wikidata"": ""Q7835892""}"
node/11712109524,CAT Scale,,POINT(-104.9837612 40.3044646),osm_pois,981,2026-07-22 20:25:30.476626+00,2026-07-21 20:21:50+00,,,,,,{},"{""ref"": ""1956"", ""name"": ""CAT Scale"", ""brand"": ""CAT Scale"", ""amenity"": ""weighbridge"", ""website"": ""https://catscale.com/cat-scale-locator/?single=1956"", ""operator"": ""Love's Travel Stop"", ""check_date"": ""2024-02-10"", ""brand:wikidata"": ""Q111631907"", ""operator:phone"": ""+1 970-532-2507"", ""operator:website"": ""https://www.loves.com/locations/668"", ""operator:wikidata"": ""Q1872496""}"
node/11719707483,,,POINT(-118.2335908 34.0198087),osm_pois,981,2026-07-22 20:25:30.476626+00,2026-07-21 20:21:50+00,,,,,,{},"{""access"": ""private"", ""amenity"": ""weighbridge""}"
node/11719707487,,,POINT(-118.2335064 34.0198045),osm_pois,981,2026-07-22 20:25:30.476626+00,2026-07-21 20:21:50+00,,,,,,{},"{""access"": ""private"", ""amenity"": ""weighbridge""}"
node/11725745013,CAT Scale,,POINT(-118.3677958 47.113251),osm_pois,981,2026-07-22 20:25:30.476626+00,2026-07-21 20:21:50+00,,,,,,{},"{""ref"": ""1684"", ""name"": ""CAT Scale"", ""brand"": ""CAT Scale"", ""amenity"": ""weighbridge"", ""website"": ""https://catscale.com/cat-scale-locator/?single=1684"", ""operator"": ""Love's Travel Stop"", ""check_date"": ""2024-02-10"", ""brand:wikidata"": ""Q111631907"", ""operator:phone"": ""+1 509-659-1005"", ""operator:website"": ""https://www.loves.com/locations/514"", ""operator:wikidata"": ""Q1872496""}"
node/11725763817,CAT Scale,,POINT(-120.5862565 47.0081072),osm_pois,981,2026-07-22 20:25:30.476626+00,2026-07-21 20:21:50+00,,,,,,{},"{""ref"": ""716"", ""name"": ""CAT Scale"", ""brand"": ""CAT Scale"", ""amenity"": ""weighbridge"", ""website"": ""https://catscale.com/cat-scale-locator/?single=716"", ""operator"": ""Love's Travel Stop"", ""check_date"": ""2024-02-10"", ""brand:wikidata"": ""Q111631907"", ""operator:phone"": ""+1 509-925-5200"", ""operator:website"": ""https://www.loves.com/locations/413"", ""operator:wikidata"": ""Q1872496""}"
node/11725763819,CAT Scale,,POINT(-120.5372623 46.9711447),osm_pois,981,2026-07-22 20:25:30.476626+00,2026-07-21 20:21:50+00,,,,,,{},"{""ref"": ""230"", ""name"": ""CAT Scale"", ""brand"": ""CAT Scale"", ""phone"": ""+1-509-925-6161"", ""amenity"": ""weighbridge"", ""website"": ""https://catscale.com/cat-scale-locator/?single=230"", ""check_date"": ""2024-02-10"", ""brand:wikidata"": ""Q111631907""}"
node/11725766755,CAT Scale,,POINT(-119.0827057 46.2622332),osm_pois,981,2026-07-22 20:25:30.476626+00,2026-07-21 20:21:50+00,,,,,,{},"{""ref"": ""951"", ""name"": ""CAT Scale"", ""brand"": ""CAT Scale"", ""phone"": ""+1-509-547-5561"", ""amenity"": ""weighbridge"", ""website"": ""https://catscale.com/cat-scale-locator/?single=951"", ""check_date"": ""2024-02-10"", ""brand:wikidata"": ""Q111631907""}"
node/11725772053,CAT Scale,,POINT(-121.7187256 47.4682696),osm_pois,981,2026-07-22 20:25:30.476626+00,2026-07-21 20:21:50+00,,,,,,{},"{""ref"": ""233"", ""name"": ""CAT Scale"", ""brand"": ""CAT Scale"", ""amenity"": ""weighbridge"", ""website"": ""https://catscale.com/cat-scale-locator/?single=233"", ""operator"": ""TA"", ""check_date"": ""2024-02-10"", ""brand:wikidata"": ""Q111631907"", ""operator:phone"": ""+1 425-888-1119"", ""operator:website"": ""https://www.ta-petro.com/location/wa/ta-seattle-east/"", ""operator:wikidata"": ""Q7835892""}"
node/11725777661,CAT Scale,,POINT(-122.5724238 48.8489948),osm_pois,981,2026-07-22 20:25:30.476626+00,2026-07-21 20:21:50+00,,,,,,{},"{""ref"": ""512"", ""name"": ""CAT Scale"", ""brand"": ""CAT Scale"", ""amenity"": ""weighbridge"", ""website"": ""https://catscale.com/cat-scale-locator/?single=512"", ""operator"": ""Pilot Travel Center"", ""check_date"": ""2024-02-10"", ""brand:wikidata"": ""Q111631907"", ""operator:website"": ""https://locations.pilotflyingj.com/us/wa/ferndale/5670-barrett-road"", ""operator:wikidata"": ""Q64128179""}"
node/11725784283,CAT Scale,,POINT(-119.3397871 47.1030278),osm_pois,981,2026-07-22 20:25:30.476626+00,2026-07-21 20:21:50+00,,,,,,{},"{""ref"": ""3340"", ""name"": ""CAT Scale"", ""brand"": ""CAT Scale"", ""amenity"": ""weighbridge"", ""website"": ""https://catscale.com/cat-scale-locator/?single=3340"", ""operator"": ""Love's Travel Stop"", ""check_date"": ""2024-02-10"", ""brand:wikidata"": ""Q111631907"", ""operator:phone"": ""+1 509-761-5419"", ""operator:website"": ""https://www.loves.com/locations/827"", ""operator:wikidata"": ""Q1872496""}"
node/11725788410,CAT Scale,,POINT(-122.1964447 48.1866585),osm_pois,981,2026-07-22 20:25:30.476626+00,2026-07-21 20:21:50+00,,,,,,{},"{""ref"": ""1975"", ""name"": ""CAT Scale"", ""brand"": ""CAT Scale"", ""amenity"": ""weighbridge"", ""website"": ""https://catscale.com/cat-scale-locator/?single=1975"", ""operator"": ""Pilot Travel Center"", ""check_date"": ""2024-02-10"", ""brand:wikidata"": ""Q111631907"", ""operator:website"": ""https://locations.pilotflyingj.com/us/wa/arlington/2430-state-route-530-ne"", ""operator:wikidata"": ""Q64128179""}"
node/11725788416,CAT Scale,,POINT(-119.7937721 46.2189022),osm_pois,981,2026-07-22 20:25:30.476626+00,2026-07-21 20:21:50+00,,,,,,{},"{""ref"": ""1891"", ""name"": ""CAT Scale"", ""brand"": ""CAT Scale"", ""amenity"": ""weighbridge"", ""website"": ""https://catscale.com/cat-scale-locator/?single=1891"", ""operator"": ""Love's Travel Stop"", ""check_date"": ""2024-02-10"", ""brand:wikidata"": ""Q111631907"", ""operator:phone"": ""+1 509-786-1293"", ""operator:website"": ""https://www.loves.com/locations/681"", ""operator:wikidata"": ""Q1872496""}"
node/11725791288,CAT Scale,,POINT(-119.0815316 46.2635773),osm_pois,981,2026-07-22 20:25:30.476626+00,2026-07-21 20:21:50+00,,,,,,{},"{""ref"": ""3336"", ""name"": ""CAT Scale"", ""brand"": ""CAT Scale"", ""amenity"": ""weighbridge"", ""website"": ""https://catscale.com/cat-scale-locator/?single=3336"", ""operator"": ""Love's Travel Stop"", ""check_date"": ""2024-02-10"", ""brand:wikidata"": ""Q111631907"", ""operator:phone"": ""+1 509-412-6432"", ""operator:website"": ""https://www.loves.com/locations/811"", ""operator:wikidata"": ""Q1872496""}"
node/11725803252,CAT Scale,,POINT(-119.7877868 46.22085),osm_pois,981,2026-07-22 20:25:30.476626+00,2026-07-21 20:21:50+00,,,,,,{},"{""ref"": ""145"", ""name"": ""CAT Scale"", ""brand"": ""CAT Scale"", ""amenity"": ""weighbridge"", ""website"": ""https://catscale.com/cat-scale-locator/?single=145"", ""operator"": ""Prosser Korners"", ""check_date"": ""2024-02-10"", ""brand:wikidata"": ""Q111631907"", ""operator:phone"": ""+1 509-786-1440""}"
node/11725803736,CAT Scale,,POINT(-120.5882916 47.005562),osm_pois,981,2026-07-22 20:25:30.476626+00,2026-07-21 20:21:50+00,,,,,,{},"{""ref"": ""3198"", ""name"": ""CAT Scale"", ""brand"": ""CAT Scale"", ""amenity"": ""weighbridge"", ""website"": ""https://catscale.com/cat-scale-locator/?single=3198"", ""operator"": ""Pilot Travel Center"", ""check_date"": ""2024-02-10"", ""brand:wikidata"": ""Q111631907"", ""operator:website"": ""https://locations.pilotflyingj.com/us/wa/ellensburg/1307-north-dolarway-rd."", ""operator:wikidata"": ""Q64128179""}"
node/11732423801,,,POINT(-95.4309012 30.0827489),osm_pois,981,2026-07-22 20:25:30.476626+00,2026-07-21 20:21:50+00,,,,,,{},"{""amenity"": ""weighbridge""}"
node/11739504720,CAT Scale,,POINT(-95.4532567 41.4965645),osm_pois,981,2026-07-22 20:25:30.476626+00,2026-07-21 20:21:50+00,,,,,,{},"{""ref"": ""1686"", ""name"": ""CAT Scale"", ""brand"": ""CAT Scale"", ""amenity"": ""weighbridge"", ""website"": ""https://catscale.com/cat-scale-locator/?single=1686"", ""operator"": ""Love's Travel Stop"", ""check_date"": ""2024-02-10"", ""brand:wikidata"": ""Q111631907"", ""operator:phone"": ""+1 712-207-2441"", ""operator:website"": ""https://www.loves.com/locations/426"", ""operator:wikidata"": ""Q1872496""}"
node/11739521957,CAT Scale,,POINT(-95.4219979 45.8615558),osm_pois,981,2026-07-22 20:25:30.476626+00,2026-07-21 20:21:50+00,,,,,,{},"{""ref"": ""1284"", ""name"": ""CAT Scale"", ""brand"": ""CAT Scale"", ""amenity"": ""weighbridge"", ""website"": ""https://catscale.com/cat-scale-locator/?single=1284"", ""operator"": ""Pilot Travel Center"", ""check_date"": ""2024-02-10"", ""brand:wikidata"": ""Q111631907"", ""operator:website"": ""https://locations.pilotflyingj.com/us/mn/alexandria/3181-evergreen-lane"", ""operator:wikidata"": ""Q64128179""}"
node/11739527989,CAT Scale,,POINT(-95.5474361 41.4958546),osm_pois,981,2026-07-22 20:25:30.476626+00,2026-07-21 20:21:50+00,,,,,,{},"{""ref"": ""1806"", ""name"": ""CAT Scale"", ""brand"": ""CAT Scale"", ""amenity"": ""weighbridge"", ""website"": ""https://catscale.com/cat-scale-locator/?single=1806"", ""operator"": ""Casey's General Store"", ""check_date"": ""2024-02-10"", ""brand:wikidata"": ""Q111631907"", ""operator:phone"": ""+1 712-794-4911"", ""operator:wikidata"": ""Q2940968""}"
node/11739543662,CAT Scale,,POINT(-96.2545875 41.0906644),osm_pois,981,2026-07-22 20:25:30.476626+00,2026-07-21 20:21:50+00,,,,,,{},"{""ref"": ""1476"", ""name"": ""CAT Scale"", ""brand"": ""CAT Scale"", ""amenity"": ""weighbridge"", ""website"": ""https://catscale.com/cat-scale-locator/?single=1476"", ""operator"": ""Flying J Travel Center"", ""check_date"": ""2024-02-10"", ""brand:wikidata"": ""Q111631907"", ""operator:phone"": ""+1 402-332-4483"", ""operator:wikidata"": ""Q64130592""}"
node/11739551777,CAT Scale,,POINT(-95.8547151 41.2284294),osm_pois,981,2026-07-22 20:25:30.476626+00,2026-07-21 20:21:50+00,,,,,,{},"{""ref"": ""124"", ""name"": ""CAT Scale"", ""brand"": ""CAT Scale"", ""amenity"": ""weighbridge"", ""website"": ""https://catscale.com/cat-scale-locator/?single=124"", ""operator"": ""TA"", ""check_date"": ""2024-02-10"", ""brand:wikidata"": ""Q111631907"", ""operator:phone"": ""+1 712-366-2217"", ""operator:website"": ""https://www.ta-petro.com/location/ia/ta-council-bluffs/"", ""operator:wikidata"": ""Q7835892""}"
node/11739561310,CAT Scale,,POINT(-96.7885449 40.8119731),osm_pois,981,2026-07-22 20:25:30.476626+00,2026-07-21 20:21:50+00,,,,,,{},"{""ref"": ""1338"", ""name"": ""CAT Scale"", ""brand"": ""CAT Scale"", ""amenity"": ""weighbridge"", ""website"": ""https://catscale.com/cat-scale-locator/?single=1338"", ""operator"": ""Shoemaker's Truck Station"", ""check_date"": ""2024-02-10"", ""brand:wikidata"": ""Q111631907"", ""operator:phone"": ""+1 402-474-1771""}"
node/11739562113,CAT Scale,,POINT(-95.8782816 41.236322),osm_pois,981,2026-07-22 20:25:30.476626+00,2026-07-21 20:21:50+00,,,,,,{},"{""ref"": ""459"", ""name"": ""CAT Scale"", ""brand"": ""CAT Scale"", ""amenity"": ""weighbridge"", ""website"": ""https://catscale.com/cat-scale-locator/?single=459"", ""operator"": ""Pilot Travel Center"", ""check_date"": ""2024-02-10"", ""brand:wikidata"": ""Q111631907"", ""operator:phone"": ""+1 712-322-0088"", ""operator:website"": ""https://locations.pilotflyingj.com/us/ia/council-bluffs/2647-south-24th-street"", ""operator:wikidata"": ""Q64128179""}"
node/11739566015,CAT Scale,,POINT(-96.177594 40.6739796),osm_pois,981,2026-07-22 20:25:30.476626+00,2026-07-21 20:21:50+00,,,,,,{},"{""ref"": ""1888"", ""name"": ""CAT Scale"", ""brand"": ""CAT Scale"", ""amenity"": ""weighbridge"", ""website"": ""https://catscale.com/cat-scale-locator/?single=1888"", ""operator"": ""Love's Travel Stop"", ""check_date"": ""2024-02-10"", ""brand:wikidata"": ""Q111631907"", ""operator:phone"": ""+1 402-269-2194"", ""operator:website"": ""https://www.loves.com/locations/676"", ""operator:wikidata"": ""Q1872496""}"
node/11739568106,CAT Scale,,POINT(-95.7919631 40.6907392),osm_pois,981,2026-07-22 20:25:30.476626+00,2026-07-21 20:21:50+00,,,,,,{},"{""ref"": ""765"", ""name"": ""CAT Scale"", ""brand"": ""CAT Scale"", ""amenity"": ""weighbridge"", ""website"": ""https://catscale.com/cat-scale-locator/?single=765"", ""operator"": ""Pilot Travel Center"", ""check_date"": ""2024-02-10"", ""brand:wikidata"": ""Q111631907"", ""operator:phone"": ""+1 712-382-2224"", ""operator:website"": ""https://locations.pilotflyingj.com/us/ia/percival/2495-210th-avenue"", ""operator:wikidata"": ""Q64128179""}"
node/11739568627,CAT Scale,,POINT(-96.7974523 42.7854048),osm_pois,981,2026-07-22 20:25:30.476626+00,2026-07-21 20:21:50+00,,,,,,{},"{""ref"": ""3290"", ""name"": ""CAT Scale"", ""brand"": ""CAT Scale"", ""amenity"": ""weighbridge"", ""website"": ""https://catscale.com/cat-scale-locator/?single=3290"", ""operator"": ""TA Express"", ""check_date"": ""2024-02-10"", ""brand:wikidata"": ""Q111631907"", ""operator:phone"": ""+1 605-624-2062""}"
node/11739572623,CAT Scale,,POINT(-96.3237154 41.3125148),osm_pois,981,2026-07-22 20:25:30.476626+00,2026-07-21 20:21:50+00,,,,,,{},"{""ref"": ""1799"", ""name"": ""CAT Scale"", ""brand"": ""CAT Scale"", ""amenity"": ""weighbridge"", ""website"": ""https://catscale.com/cat-scale-locator/?single=1799"", ""operator"": ""Love's Travel Stop"", ""check_date"": ""2024-02-10"", ""brand:wikidata"": ""Q111631907"", ""operator:phone"": ""+1 402-359-2399"", ""operator:website"": ""https://www.loves.com/locations/631"", ""operator:wikidata"": ""Q1872496""}"
node/11739574891,CAT Scale,,POINT(-96.4965927 42.5235385),osm_pois,981,2026-07-22 20:25:30.476626+00,2026-07-21 20:21:50+00,,,,,,{},"{""ref"": ""1984"", ""name"": ""CAT Scale"", ""brand"": ""CAT Scale"", ""amenity"": ""weighbridge"", ""website"": ""https://catscale.com/cat-scale-locator/?single=1984"", ""operator"": ""Casey's General Store"", ""check_date"": ""2024-02-10"", ""brand:wikidata"": ""Q111631907"", ""operator:phone"": ""+1 605-232-8994"", ""operator:wikidata"": ""Q2940968""}"
node/11739579186,CAT Scale,,POINT(-96.3733124 42.4361729),osm_pois,981,2026-07-22 20:25:30.476626+00,2026-07-21 20:21:50+00,,,,,,{},"{""ref"": ""1630"", ""name"": ""CAT Scale"", ""brand"": ""CAT Scale"", ""amenity"": ""weighbridge"", ""website"": ""https://catscale.com/cat-scale-locator/?single=1630"", ""operator"": ""Pilot Travel Center"", ""check_date"": ""2024-02-10"", ""brand:wikidata"": ""Q111631907"", ""operator:phone"": ""+1 712-258-3816"", ""operator:website"": ""https://locations.pilotflyingj.com/us/ia/sioux-city/2815-singing-hills-blvd."", ""operator:wikidata"": ""Q64128179""}"
node/11739592771,CAT Scale,,POINT(-97.0856219 41.4515016),osm_pois,981,2026-07-22 20:25:30.476626+00,2026-07-21 20:21:50+00,,,,,,{},"{""ref"": ""3210"", ""name"": ""CAT Scale"", ""brand"": ""CAT Scale"", ""amenity"": ""weighbridge"", ""website"": ""https://catscale.com/cat-scale-locator/?single=3210"", ""operator"": ""Love's Travel Stop"", ""check_date"": ""2024-02-10"", ""brand:wikidata"": ""Q111631907"", ""operator:phone"": ""+1 402-352-7909"", ""operator:wikidata"": ""Q1872496""}"
node/11739592936,CAT Scale,,POINT(-96.3801017 42.4353075),osm_pois,981,2026-07-22 20:25:30.476626+00,2026-07-21 20:21:50+00,,,,,,{},"{""ref"": ""1640"", ""name"": ""CAT Scale"", ""brand"": ""CAT Scale"", ""amenity"": ""weighbridge"", ""website"": ""https://catscale.com/cat-scale-locator/?single=1640"", ""operator"": ""Love's Travel Stop"", ""check_date"": ""2024-02-10"", ""brand:wikidata"": ""Q111631907"", ""operator:phone"": ""+1 712-224-3675"", ""operator:website"": ""https://www.loves.com/locations/479"", ""operator:wikidata"": ""Q1872496""}"
node/11739600613,CAT Scale,,POINT(-96.7121393 43.6033178),osm_pois,981,2026-07-22 20:25:30.476626+00,2026-07-21 20:21:50+00,,,,,,{},"{""ref"": ""96"", ""name"": ""CAT Scale"", ""brand"": ""CAT Scale"", ""amenity"": ""weighbridge"", ""website"": ""https://catscale.com/cat-scale-locator/?single=96"", ""operator"": ""Love's Travel Stop"", ""check_date"": ""2024-02-10"", ""brand:wikidata"": ""Q111631907"", ""operator:phone"": ""+1 605-332-7611"", ""operator:website"": ""https://www.loves.com/locations/445"", ""operator:wikidata"": ""Q1872496""}"
node/11739607433,CAT Scale,,POINT(-96.7674699 43.6037577),osm_pois,981,2026-07-22 20:25:30.476626+00,2026-07-21 20:21:50+00,,,,,,{},"{""ref"": ""1506"", ""name"": ""CAT Scale"", ""brand"": ""CAT Scale"", ""amenity"": ""weighbridge"", ""website"": ""https://catscale.com/cat-scale-locator/?single=1506"", ""operator"": ""Flying J Travel Center"", ""check_date"": ""2024-02-10"", ""brand:wikidata"": ""Q111631907"", ""operator:phone"": ""+1 605-977-1438"", ""operator:wikidata"": ""Q64130592""}"
node/11739609525,CAT Scale,,POINT(-94.2133995 45.5650832),osm_pois,981,2026-07-22 20:25:30.476626+00,2026-07-21 20:21:50+00,,,,,,{},"{""ref"": ""1973"", ""name"": ""CAT Scale"", ""brand"": ""CAT Scale"", ""amenity"": ""weighbridge"", ""website"": ""https://catscale.com/cat-scale-locator/?single=1973"", ""operator"": ""Kwik Trip"", ""check_date"": ""2024-02-10"", ""brand:wikidata"": ""Q111631907"", ""operator:phone"": ""+1 320-251-4192""}"
node/11739610479,CAT Scale,,POINT(-96.2116973 42.767043),osm_pois,981,2026-07-22 20:25:30.476626+00,2026-07-21 20:21:50+00,,,,,,{},"{""ref"": ""3383"", ""name"": ""CAT Scale"", ""brand"": ""CAT Scale"", ""amenity"": ""weighbridge"", ""website"": ""https://catscale.com/cat-scale-locator/?single=3383"", ""operator"": ""Love's Travel Stop"", ""check_date"": ""2024-02-10"", ""brand:wikidata"": ""Q111631907"", ""operator:phone"": ""+1 712-539-4016"", ""operator:website"": ""https://www.loves.com/locations/869"", ""operator:wikidata"": ""Q1872496""}"
node/11739618721,CAT Scale,,POINT(-95.0076038 45.1258098),osm_pois,981,2026-07-22 20:25:30.476626+00,2026-07-21 20:21:50+00,,,,,,{},"{""ref"": ""3140"", ""name"": ""CAT Scale"", ""brand"": ""CAT Scale"", ""amenity"": ""weighbridge"", ""website"": ""https://catscale.com/cat-scale-locator/?single=3140"", ""operator"": ""Kwik Trip"", ""check_date"": ""2024-02-10"", ""brand:wikidata"": ""Q111631907"", ""operator:phone"": ""+1 320-235-2132""}"
node/11739625781,CAT Scale,,POINT(-94.9552383 45.7188622),osm_pois,981,2026-07-22 20:25:30.476626+00,2026-07-21 20:21:50+00,,,,,,{},"{""ref"": ""1087"", ""name"": ""CAT Scale"", ""brand"": ""CAT Scale"", ""amenity"": ""weighbridge"", ""website"": ""https://catscale.com/cat-scale-locator/?single=1087"", ""operator"": ""Trucker's Inn Travel Center"", ""check_date"": ""2024-02-10"", ""brand:wikidata"": ""Q111631907"", ""operator:phone"": ""+1 320-352-3692""}"
node/11739640136,CAT Scale,,POINT(-94.6506618 46.3411127),osm_pois,981,2026-07-22 20:25:30.476626+00,2026-07-21 20:21:50+00,,,,,,{},"{""ref"": ""3161"", ""name"": ""CAT Scale"", ""brand"": ""CAT Scale"", ""amenity"": ""weighbridge"", ""website"": ""https://catscale.com/cat-scale-locator/?single=3161"", ""operator"": ""Bricks Travel Center"", ""check_date"": ""2024-02-10"", ""brand:wikidata"": ""Q111631907"", ""operator:phone"": ""+1 218-352-6677""}"
node/11739641977,CAT Scale,,POINT(-94.129153 45.55653),osm_pois,981,2026-07-22 20:25:30.476626+00,2026-07-21 20:21:50+00,,,,,,{},"{""ref"": ""1886"", ""name"": ""CAT Scale"", ""brand"": ""CAT Scale"", ""amenity"": ""weighbridge"", ""website"": ""https://catscale.com/cat-scale-locator/?single=1886"", ""operator"": ""Kwik Trip"", ""check_date"": ""2024-02-10"", ""brand:wikidata"": ""Q111631907"", ""operator:phone"": ""+1 320-253-5089""}"
node/11739887747,CAT Scale,,POINT(-77.1356883 40.235285),osm_pois,981,2026-07-22 20:25:30.476626+00,2026-07-21 20:21:50+00,,,,,,{},"{""ref"": ""494"", ""name"": ""CAT Scale"", ""brand"": ""CAT Scale"", ""amenity"": ""weighbridge"", ""website"": ""https://catscale.com/cat-scale-locator/?single=494"", ""operator"": ""Blue Beacon"", ""check_date"": ""2024-02-10"", ""brand:wikidata"": ""Q111631907"", ""operator:phone"": ""+1 717-218-5067"", ""operator:wikidata"": ""Q127435120""}"
node/11739913183,CAT Scale,,POINT(-77.1214444 40.2355051),osm_pois,981,2026-07-22 20:25:30.476626+00,2026-07-21 20:21:50+00,,,,,,{},"{""ref"": ""1499"", ""name"": ""CAT Scale"", ""brand"": ""CAT Scale"", ""amenity"": ""weighbridge"", ""website"": ""https://catscale.com/cat-scale-locator/?single=1499"", ""operator"": ""Flying J Travel Center"", ""check_date"": ""2024-02-10"", ""brand:wikidata"": ""Q111631907"", ""operator:phone"": ""+1 717-243-6659"", ""operator:wikidata"": ""Q64130592""}"
node/11739913188,CAT Scale,,POINT(-77.0121384 40.4159975),osm_pois,981,2026-07-22 20:25:30.476626+00,2026-07-21 20:21:50+00,,,,,,{},"{""ref"": ""3151"", ""name"": ""CAT Scale"", ""brand"": ""CAT Scale"", ""amenity"": ""weighbridge"", ""website"": ""https://catscale.com/cat-scale-locator/?single=3151"", ""operator"": ""Rutter's"", ""check_date"": ""2024-02-10"", ""brand:wikidata"": ""Q111631907"", ""operator:phone"": ""+1 717-904-2250""}"
node/11739914264,CAT Scale,,POINT(-77.0089403 40.4062702),osm_pois,981,2026-07-22 20:25:30.476626+00,2026-07-21 20:21:50+00,,,,,,{},"{""ref"": ""1323"", ""name"": ""CAT Scale"", ""brand"": ""CAT Scale"", ""amenity"": ""weighbridge"", ""website"": ""https://catscale.com/cat-scale-locator/?single=1323"", ""operator"": ""Pilot Travel Center"", ""check_date"": ""2024-02-10"", ""brand:wikidata"": ""Q111631907"", ""operator:phone"": ""+1 717-834-3156"", ""operator:wikidata"": ""Q64128179""}"
node/11739916524,CAT Scale,,POINT(-76.728312 40.3527481),osm_pois,981,2026-07-22 20:25:30.476626+00,2026-07-21 20:21:50+00,,,,,,{},"{""ref"": ""857"", ""name"": ""CAT Scale"", ""brand"": ""CAT Scale"", ""amenity"": ""weighbridge"", ""website"": ""https://catscale.com/cat-scale-locator/?single=857"", ""operator"": ""Flying J Travel Center"", ""check_date"": ""2024-02-10"", ""brand:wikidata"": ""Q111631907"", ""operator:phone"": ""+1 717-545-5517"", ""operator:wikidata"": ""Q64130592""}"
node/11739934332,CAT Scale,,POINT(-77.1408249 40.2318967),osm_pois,981,2026-07-22 20:25:30.476626+00,2026-07-21 20:21:50+00,,,,,,{},"{""ref"": ""840"", ""name"": ""CAT Scale"", ""brand"": ""CAT Scale"", ""amenity"": ""weighbridge"", ""website"": ""https://catscale.com/cat-scale-locator/?single=840"", ""operator"": ""Petro Stopping Center"", ""check_date"": ""2024-02-10"", ""brand:wikidata"": ""Q111631907"", ""operator:phone"": ""+1 717-249-1919"", ""operator:wikidata"": ""Q64051305""}"
node/11742055403,CAT Scale,,POINT(-86.3364622 41.736493),osm_pois,981,2026-07-22 20:25:30.476626+00,2026-07-21 20:21:50+00,,,,,,{},"{""ref"": ""515"", ""name"": ""CAT Scale"", ""brand"": ""CAT Scale"", ""amenity"": ""weighbridge"", ""website"": ""https://catscale.com/cat-scale-locator/?single=515"", ""operator"": ""Pilot Travel Center"", ""check_date"": ""2024-02-10"", ""brand:wikidata"": ""Q111631907"", ""operator:phone"": ""+1 574-272-8212"", ""operator:website"": ""https://locations.pilotflyingj.com/us/in/south-bend/6424-west-brick-road"", ""operator:wikidata"": ""Q64128179""}"
node/11742117708,CAT Scale,,POINT(-87.0952278 41.6128706),osm_pois,981,2026-07-22 20:25:30.476626+00,2026-07-21 20:21:50+00,,,,,,{},"{""name"": ""CAT Scale"", ""brand"": ""CAT Scale"", ""phone"": ""+1 219-926-4871"", ""amenity"": ""weighbridge"", ""website"": ""https://catscale.com/cat-scale-locator/?single=909"", ""check_date"": ""2024-02-10"", ""brand:wikidata"": ""Q111631907""}"
node/11742117713,CAT Scale,,POINT(-87.3541736 41.5625278),osm_pois,981,2026-07-22 20:25:30.476626+00,2026-07-21 20:21:50+00,,,,,,{},"{""ref"": ""365"", ""name"": ""CAT Scale"", ""brand"": ""CAT Scale"", ""amenity"": ""weighbridge"", ""website"": ""https://catscale.com/cat-scale-locator/?single=365"", ""capacity"": ""2"", ""operator"": ""Petro Stopping Center"", ""check_date"": ""2024-02-10"", ""brand:wikidata"": ""Q111631907"", ""operator:phone"": ""+1 219-884-1133"", ""operator:wikidata"": ""Q64051305""}"
node/11742127337,CAT Scale,,POINT(-86.5991779 41.8834349),osm_pois,981,2026-07-22 20:25:30.476626+00,2026-07-21 20:21:50+00,,,,,,{},"{""ref"": ""558"", ""name"": ""CAT Scale"", ""brand"": ""CAT Scale"", ""amenity"": ""weighbridge"", ""website"": ""https://catscale.com/cat-scale-locator/?single=558"", ""operator"": ""TA"", ""check_date"": ""2024-02-10"", ""brand:wikidata"": ""Q111631907"", ""operator:phone"": ""+1 269-426-4884"", ""operator:website"": ""https://www.ta-petro.com/location/mi/ta-sawyer/"", ""operator:wikidata"": ""Q7835892""}"
node/11742129407,CAT Scale,,POINT(-87.2395363 41.578004),osm_pois,981,2026-07-22 20:25:30.476626+00,2026-07-21 20:21:50+00,,,,,,{},"{""ref"": ""286"", ""name"": ""CAT Scale"", ""brand"": ""CAT Scale"", ""amenity"": ""weighbridge"", ""website"": ""https://catscale.com/cat-scale-locator/?single=286"", ""operator"": ""Road Ranger"", ""check_date"": ""2024-02-10"", ""brand:wikidata"": ""Q111631907"", ""operator:phone"": ""+1 815-239-6205""}"
node/11742132701,CAT Scale,,POINT(-87.0993778 41.6115227),osm_pois,981,2026-07-22 20:25:30.476626+00,2026-07-21 20:21:50+00,,,,,,{},"{""ref"": ""266"", ""name"": ""CAT Scale"", ""brand"": ""CAT Scale"", ""amenity"": ""weighbridge"", ""website"": ""https://catscale.com/cat-scale-locator/?single=266"", ""operator"": ""TA"", ""check_date"": ""2024-02-10"", ""brand:wikidata"": ""Q111631907"", ""operator:phone"": ""+1 219-926-8566"", ""operator:website"": ""https://www.ta-petro.com/location/in/ta-porter/"", ""operator:wikidata"": ""Q7835892""}"
node/11742137977,CAT Scale,,POINT(-87.2377843 41.5865581),osm_pois,981,2026-07-22 20:25:30.476626+00,2026-07-21 20:21:50+00,,,,,,{},"{""ref"": ""608"", ""name"": ""CAT Scale"", ""brand"": ""CAT Scale"", ""amenity"": ""weighbridge"", ""website"": ""https://catscale.com/cat-scale-locator/?single=608"", ""operator"": ""Flying J Travel Center"", ""check_date"": ""2024-02-10"", ""brand:wikidata"": ""Q111631907"", ""operator:phone"": ""+1 219-962-6555"", ""operator:wikidata"": ""Q64130592""}"
node/11742138251,CAT Scale,,POINT(-87.404351 41.5714346),osm_pois,981,2026-07-22 20:25:30.476626+00,2026-07-21 20:21:50+00,,,,,,{},"{""ref"": ""443"", ""name"": ""CAT Scale"", ""brand"": ""CAT Scale"", ""amenity"": ""weighbridge"", ""website"": ""https://catscale.com/cat-scale-locator/?single=443"", ""operator"": ""TA"", ""check_date"": ""2024-02-10"", ""brand:wikidata"": ""Q111631907"", ""operator:phone"": ""+1 219-845-3721"", ""operator:website"": ""https://www.ta-petro.com/location/in/ta-gary/"", ""operator:wikidata"": ""Q7835892""}"
node/11742140100,CAT Scale,,POINT(-87.6762007 41.6240188),osm_pois,981,2026-07-22 20:25:30.476626+00,2026-07-21 20:21:50+00,,,,,,{},"{""ref"": ""3215"", ""name"": ""CAT Scale"", ""brand"": ""CAT Scale"", ""amenity"": ""weighbridge"", ""website"": ""https://catscale.com/cat-scale-locator/?single=3215"", ""operator"": ""Thorntons"", ""check_date"": ""2024-02-10"", ""brand:wikidata"": ""Q111631907"", ""operator:phone"": ""+1 708-239-1447"", ""operator:wikidata"": ""Q7796584""}"
node/11742140178,CAT Scale,,POINT(-86.7373632 41.6866939),osm_pois,981,2026-07-22 20:25:30.476626+00,2026-07-21 20:21:50+00,,,,,,{},"{""ref"": ""1935"", ""name"": ""CAT Scale"", ""brand"": ""CAT Scale"", ""amenity"": ""weighbridge"", ""website"": ""https://catscale.com/cat-scale-locator/?single=1935"", ""operator"": ""Gallops"", ""check_date"": ""2024-02-10"", ""brand:wikidata"": ""Q111631907"", ""operator:phone"": ""+1 219-325-0034""}"
node/11742140486,CAT Scale,,POINT(-87.402169 41.572852),osm_pois,981,2026-07-22 20:25:30.476626+00,2026-07-21 20:21:50+00,,,,,,{},"{""ref"": ""314"", ""name"": ""CAT Scale"", ""brand"": ""CAT Scale"", ""amenity"": ""weighbridge"", ""website"": ""https://catscale.com/cat-scale-locator/?single=314"", ""operator"": ""Pilot Travel Center"", ""check_date"": ""2024-02-10"", ""brand:wikidata"": ""Q111631907"", ""operator:phone"": ""+1 219-844-2661"", ""operator:website"": ""https://locations.pilotflyingj.com/us/in/gary/2501-burr-street"", ""operator:wikidata"": ""Q64128179""}"
node/11742147676,CAT Scale,,POINT(-87.1145196 41.6054311),osm_pois,981,2026-07-22 20:25:30.476626+00,2026-07-21 20:21:50+00,,,,,,{},"{""ref"": ""921"", ""name"": ""CAT Scale"", ""brand"": ""CAT Scale"", ""amenity"": ""weighbridge"", ""website"": ""https://catscale.com/cat-scale-locator/?single=921"", ""operator"": ""Pilot Travel Center"", ""check_date"": ""2024-02-10"", ""brand:wikidata"": ""Q111631907"", ""operator:phone"": ""+1 219-787-5705"", ""operator:website"": ""https://locations.pilotflyingj.com/us/in/burns-harbor/243-melton-road"", ""operator:wikidata"": ""Q64128179""}"
node/11742151686,CAT Scale,,POINT(-87.2394681 41.5893865),osm_pois,981,2026-07-22 20:25:30.476626+00,2026-07-21 20:21:50+00,,,,,,{},"{""ref"": ""723"", ""name"": ""CAT Scale"", ""brand"": ""CAT Scale"", ""amenity"": ""weighbridge"", ""website"": ""https://catscale.com/cat-scale-locator/?single=723"", ""operator"": ""TA"", ""check_date"": ""2024-02-10"", ""brand:wikidata"": ""Q111631907"", ""operator:phone"": ""+1 219-962-6552"", ""operator:website"": ""https://www.ta-petro.com/location/in/ta-lake-station/"", ""operator:wikidata"": ""Q7835892""}"
node/11742160745,CAT Scale,,POINT(-87.3574643 41.563185),osm_pois,981,2026-07-22 20:25:30.476626+00,2026-07-21 20:21:50+00,,,,,,{},"{""ref"": ""1535"", ""name"": ""CAT Scale"", ""brand"": ""CAT Scale"", ""amenity"": ""weighbridge"", ""website"": ""https://catscale.com/cat-scale-locator/?single=1535"", ""operator"": ""Love's Travel Stop"", ""check_date"": ""2024-02-10"", ""brand:wikidata"": ""Q111631907"", ""operator:phone"": ""+1 219-891-4646"", ""operator:website"": ""https://www.loves.com/locations/417"", ""operator:wikidata"": ""Q1872496""}"
node/11742161848,CAT Scale,,POINT(-87.4723347 41.5671963),osm_pois,981,2026-07-22 20:25:30.476626+00,2026-07-21 20:21:50+00,,,,,,{},"{""ref"": ""484"", ""name"": ""CAT Scale"", ""brand"": ""CAT Scale"", ""amenity"": ""weighbridge"", ""website"": ""https://catscale.com/cat-scale-locator/?single=484"", ""operator"": ""Pilot Travel Center"", ""check_date"": ""2024-02-10"", ""brand:wikidata"": ""Q111631907"", ""operator:phone"": ""+1 219-972-4125"", ""operator:website"": ""https://locations.pilotflyingj.com/us/in/highland/8150-indianapolis-boulevard"", ""operator:wikidata"": ""Q64128179""}"
node/11747963967,,,POINT(-78.3938618 41.0431655),osm_pois,981,2026-07-22 20:25:30.476626+00,2026-07-21 20:21:50+00,,,,,,{},"{""access"": ""customers"", ""amenity"": ""weighbridge"", ""operator"": ""Sapp Brothers"", ""operator:wikidata"": ""Q137965281""}"
node/11751531693,CAT Scale,,POINT(-86.3500614 41.3617874),osm_pois,981,2026-07-22 20:25:30.476626+00,2026-07-21 20:21:50+00,,,,,,{},"{""ref"": ""1829"", ""name"": ""CAT Scale"", ""brand"": ""CAT Scale"", ""amenity"": ""weighbridge"", ""website"": ""https://catscale.com/cat-scale-locator/?single=1829"", ""operator"": ""Love's Travel Stop"", ""check_date"": ""2024-02-10"", ""brand:wikidata"": ""Q111631907"", ""operator:phone"": ""+1 574-935-4103"", ""operator:website"": ""https://www.loves.com/locations/633"", ""operator:wikidata"": ""Q1872496""}"
node/11751535723,CAT Scale,,POINT(-86.2645561 41.3420499),osm_pois,981,2026-07-22 20:25:30.476626+00,2026-07-21 20:21:50+00,,,,,,{},"{""ref"": ""986"", ""name"": ""CAT Scale"", ""brand"": ""CAT Scale"", ""amenity"": ""weighbridge"", ""website"": ""https://catscale.com/cat-scale-locator/?single=986"", ""operator"": ""Pilot Travel Center"", ""check_date"": ""2024-02-10"", ""brand:wikidata"": ""Q111631907"", ""operator:phone"": ""+1 574-936-6525"", ""operator:website"": ""https://locations.pilotflyingj.com/us/in/plymouth/10619-9a-road"", ""operator:wikidata"": ""Q64128179""}"
node/11762020839,CAT Scale,,POINT(-97.4703071 33.1016408),osm_pois,981,2026-07-22 20:25:30.476626+00,2026-07-21 20:21:50+00,,,,,,{},"{""ref"": ""2165"", ""name"": ""CAT Scale"", ""brand"": ""CAT Scale"", ""amenity"": ""weighbridge"", ""website"": ""https://catscale.com/cat-scale-locator/?single=2165"", ""operator"": ""Pilot Travel Center"", ""check_date"": ""2024-02-10"", ""brand:wikidata"": ""Q111631907"", ""operator:phone"": ""+1 817-636-5630"", ""operator:website"": ""https://locations.pilotflyingj.com/us/tx/rhome/8221-us-287"", ""operator:wikidata"": ""Q64128179""}"
node/11762056638,CAT Scale,,POINT(-97.3448058 32.8484695),osm_pois,981,2026-07-22 20:25:30.476626+00,2026-07-21 20:21:50+00,,,,,,{},"{""ref"": ""2162"", ""name"": ""CAT Scale"", ""brand"": ""CAT Scale"", ""amenity"": ""weighbridge"", ""website"": ""https://catscale.com/cat-scale-locator/?single=2162"", ""operator"": ""Fuel City"", ""check_date"": ""2024-02-10"", ""brand:wikidata"": ""Q111631907"", ""operator:phone"": ""+1 682-200-7373""}"
node/11762057025,CAT Scale,,POINT(-97.3219976 32.8007915),osm_pois,981,2026-07-22 20:25:30.476626+00,2026-07-21 20:21:50+00,,,,,,{},"{""ref"": ""2878"", ""name"": ""CAT Scale"", ""brand"": ""CAT Scale"", ""amenity"": ""weighbridge"", ""website"": ""https://catscale.com/cat-scale-locator/?single=2878"", ""operator"": ""365 Food & Fuel"", ""check_date"": ""2024-02-10"", ""brand:wikidata"": ""Q111631907"", ""operator:phone"": ""+1 817-500-0003""}"
node/11762057747,CAT Scale,,POINT(-97.687309 35.4626897),osm_pois,981,2026-07-22 20:25:30.476626+00,2026-07-21 20:21:50+00,,,,,,{},"{""ref"": ""934"", ""name"": ""CAT Scale"", ""brand"": ""CAT Scale"", ""amenity"": ""weighbridge"", ""website"": ""https://catscale.com/cat-scale-locator/?single=934"", ""operator"": ""Pilot Travel Center"", ""check_date"": ""2024-02-10"", ""brand:wikidata"": ""Q111631907"", ""operator:phone"": ""+1 405-440-1048"", ""operator:website"": ""https://locations.pilotflyingj.com/us/ok/oklahoma-city/400-south-morgan-road"", ""operator:wikidata"": ""Q64128179""}"
node/11762065089,CAT Scale,,POINT(-97.4840535 33.056256),osm_pois,981,2026-07-22 20:25:30.476626+00,2026-07-21 20:21:50+00,,,,,,{},"{""ref"": ""2067"", ""name"": ""CAT Scale"", ""brand"": ""CAT Scale"", ""amenity"": ""weighbridge"", ""website"": ""https://catscale.com/cat-scale-locator/?single=2067"", ""operator"": ""Love's Travel Stop"", ""check_date"": ""2024-02-10"", ""brand:wikidata"": ""Q111631907"", ""operator:phone"": ""+1 817-636-0270"", ""operator:website"": ""https://www.loves.com/locations/380"", ""operator:wikidata"": ""Q1872496""}"
node/11762066228,CAT Scale,,POINT(-97.1802079 33.2630921),osm_pois,981,2026-07-22 20:25:30.476626+00,2026-07-21 20:21:50+00,,,,,,{},"{""ref"": ""2255"", ""name"": ""CAT Scale"", ""brand"": ""CAT Scale"", ""amenity"": ""weighbridge"", ""website"": ""https://catscale.com/cat-scale-locator/?single=2255"", ""operator"": ""Love's Travel Stop"", ""check_date"": ""2024-02-10"", ""brand:wikidata"": ""Q111631907"", ""operator:phone"": ""+1 940-320-1457"", ""operator:website"": ""https://www.loves.com/locations/609"", ""operator:wikidata"": ""Q1872496""}"
node/11762069511,CAT Scale,,POINT(-97.306474 32.9576545),osm_pois,981,2026-07-22 20:25:30.476626+00,2026-07-21 20:21:50+00,,,,,,{},"{""ref"": ""2006"", ""name"": ""CAT Scale"", ""brand"": ""CAT Scale"", ""amenity"": ""weighbridge"", ""website"": ""https://catscale.com/cat-scale-locator/?single=2006"", ""operator"": ""Pilot Travel Center"", ""check_date"": ""2024-02-10"", ""brand:wikidata"": ""Q111631907"", ""operator:phone"": ""+1 817-337-5324"", ""operator:website"": ""https://locations.pilotflyingj.com/us/tx/fort-worth/2400-alliance-gateway-fwy."", ""operator:wikidata"": ""Q64128179""}"
node/11762070108,CAT Scale,,POINT(-97.1674231 34.2001147),osm_pois,981,2026-07-22 20:25:30.476626+00,2026-07-21 20:21:50+00,,,,,,{},"{""ref"": ""1492"", ""name"": ""CAT Scale"", ""brand"": ""CAT Scale"", ""amenity"": ""weighbridge"", ""website"": ""https://catscale.com/cat-scale-locator/?single=1492"", ""operator"": ""Flying J Travel Center"", ""check_date"": ""2024-02-10"", ""brand:wikidata"": ""Q111631907"", ""operator:phone"": ""+1 580-226-3833"", ""operator:wikidata"": ""Q64130592""}"
node/11762070567,CAT Scale,,POINT(-97.2421722 34.7091686),osm_pois,981,2026-07-22 20:25:30.476626+00,2026-07-21 20:21:50+00,,,,,,{},"{""ref"": ""1389"", ""name"": ""CAT Scale"", ""brand"": ""CAT Scale"", ""amenity"": ""weighbridge"", ""website"": ""https://catscale.com/cat-scale-locator/?single=1389"", ""operator"": ""Love's Travel Stop"", ""check_date"": ""2024-02-10"", ""brand:wikidata"": ""Q111631907"", ""operator:phone"": ""+1 405-207-9692"", ""operator:website"": ""https://www.loves.com/locations/452"", ""operator:wikidata"": ""Q1872496""}"
node/11762072089,CAT Scale,,POINT(-97.1535349 33.669762),osm_pois,981,2026-07-22 20:25:30.476626+00,2026-07-21 20:21:50+00,,,,,,{},"{""ref"": ""2210"", ""name"": ""CAT Scale"", ""brand"": ""CAT Scale"", ""amenity"": ""weighbridge"", ""website"": ""https://catscale.com/cat-scale-locator/?single=2210"", ""operator"": ""Road Ranger"", ""check_date"": ""2024-02-10"", ""brand:wikidata"": ""Q111631907"", ""operator:phone"": ""+1 940-580-1497""}"
node/11762076785,CAT Scale,,POINT(-97.6019866 35.2773304),osm_pois,981,2026-07-22 20:25:30.476626+00,2026-07-21 20:21:50+00,,,,,,{},"{""ref"": ""1947"", ""name"": ""CAT Scale"", ""brand"": ""CAT Scale"", ""amenity"": ""weighbridge"", ""website"": ""https://catscale.com/cat-scale-locator/?single=1947"", ""operator"": ""Love's Travel Stop"", ""check_date"": ""2024-02-10"", ""brand:wikidata"": ""Q111631907"", ""operator:phone"": ""+1 405-387-2660"", ""operator:website"": ""https://www.loves.com/locations/712"", ""operator:wikidata"": ""Q1872496""}"
node/11762077576,CAT Scale,,POINT(-97.175669 33.2621144),osm_pois,981,2026-07-22 20:25:30.476626+00,2026-07-21 20:21:50+00,,,,,,{},"{""ref"": ""2133"", ""name"": ""CAT Scale"", ""brand"": ""CAT Scale"", ""amenity"": ""weighbridge"", ""website"": ""https://catscale.com/cat-scale-locator/?single=2133"", ""operator"": ""TA"", ""check_date"": ""2025-09-14"", ""brand:wikidata"": ""Q111631907"", ""operator:phone"": ""+1 940-383-1458"", ""operator:website"": ""https://www.ta-petro.com/location/tx/ta-denton/"", ""operator:wikidata"": ""Q7835892""}"
node/11762080185,CAT Scale,,POINT(-97.657397 35.4577806),osm_pois,981,2026-07-22 20:25:30.476626+00,2026-07-21 20:21:50+00,,,,,,{},"{""ref"": ""216"", ""name"": ""CAT Scale"", ""brand"": ""CAT Scale"", ""amenity"": ""weighbridge"", ""website"": ""https://catscale.com/cat-scale-locator/?single=216"", ""operator"": ""TA"", ""check_date"": ""2024-02-10"", ""brand:wikidata"": ""Q111631907"", ""operator:phone"": ""+1 405-787-7411"", ""operator:website"": ""https://www.ta-petro.com/location/ok/ta-oklahoma-city-east/"", ""operator:wikidata"": ""Q7835892""}"
node/11767695358,,,POINT(-95.9583378 41.2248127),osm_pois,981,2026-07-22 20:25:30.476626+00,2026-07-21 20:21:50+00,,,,,,{},"{""amenity"": ""weighbridge""}"
node/11767822581,,,POINT(-95.9585989 41.224862),osm_pois,981,2026-07-22 20:25:30.476626+00,2026-07-21 20:21:50+00,,,,,,{},"{""amenity"": ""weighbridge""}"
node/11769281882,,,POINT(-118.1975563 34.1517257),osm_pois,981,2026-07-22 20:25:30.476626+00,2026-07-21 20:21:50+00,,,,,,{},"{""amenity"": ""weighbridge""}"
node/11771572034,,,POINT(-116.7580314 48.1688481),osm_pois,981,2026-07-22 20:25:30.476626+00,2026-07-21 20:21:50+00,,,,,,{},"{""amenity"": ""weighbridge""}"
node/11771572035,,,POINT(-116.7580807 48.1689015),osm_pois,981,2026-07-22 20:25:30.476626+00,2026-07-21 20:21:50+00,,,,,,{},"{""amenity"": ""weighbridge""}"
node/11781222739,CAT Scale,,POINT(-99.0079499 32.3738548),osm_pois,981,2026-07-22 20:25:30.476626+00,2026-07-21 20:21:50+00,,,,,,{},"{""ref"": ""2108"", ""name"": ""CAT Scale"", ""brand"": ""CAT Scale"", ""amenity"": ""weighbridge"", ""website"": ""https://catscale.com/cat-scale-locator/?single=2108"", ""operator"": ""Flying J Travel Center"", ""check_date"": ""2024-04-02"", ""brand:wikidata"": ""Q111631907"", ""operator:phone"": ""+1 254-442-1040"", ""operator:wikidata"": ""Q64130592""}"
node/11799964204,CAT Scale,,POINT(-109.8484732 32.2684115),osm_pois,981,2026-07-22 20:25:30.476626+00,2026-07-21 20:21:50+00,,,,,,{},"{""ref"": ""1061"", ""name"": ""CAT Scale"", ""brand"": ""CAT Scale"", ""amenity"": ""weighbridge"", ""website"": ""https://catscale.com/cat-scale-locator/?single=1061"", ""operator"": ""TA"", ""check_date"": ""2024-02-10"", ""brand:wikidata"": ""Q111631907"", ""operator:phone"": ""+1 520-384-5311"", ""operator:website"": ""https://www.ta-petro.com/location/az/ta-willcox/"", ""operator:wikidata"": ""Q7835892""}"
node/11830990282,Knowlton Scale - Eastbound,,POINT(-75.1149407 40.9525962),osm_pois,981,2026-07-22 20:25:30.476626+00,2026-07-21 20:21:50+00,,,,,,{},"{""name"": ""Knowlton Scale - Eastbound"", ""amenity"": ""weighbridge"", ""operator"": ""NJ State Police""}"
node/11831869685,,,POINT(-86.5379745 36.6868407),osm_pois,981,2026-07-22 20:25:30.476626+00,2026-07-21 20:21:50+00,,,,,,{},"{""amenity"": ""weighbridge""}"
node/11831884130,,,POINT(-86.5817631 36.6090172),osm_pois,981,2026-07-22 20:25:30.476626+00,2026-07-21 20:21:50+00,,,,,,{},"{""amenity"": ""weighbridge""}"
node/11842841376,,,POINT(-87.3918705 41.6062419),osm_pois,981,2026-07-22 20:25:30.476626+00,2026-07-21 20:21:50+00,,,,,,{},"{""access"": ""private"", ""amenity"": ""weighbridge""}"
node/11880347483,,,POINT(-85.7534917 38.2871974),osm_pois,981,2026-07-22 20:25:30.476626+00,2026-07-21 20:21:50+00,,,,,,{},"{""amenity"": ""weighbridge""}"
node/11885279156,,,POINT(-121.6013174 48.2631725),osm_pois,981,2026-07-22 20:25:30.476626+00,2026-07-21 20:21:50+00,,,,,,{},"{""amenity"": ""weighbridge""}"
node/11889678423,CAT Scale,,POINT(-88.9990077 40.5415696),osm_pois,981,2026-07-22 20:25:30.476626+00,2026-07-21 20:21:50+00,,,,,,{},"{""ref"": ""3397"", ""name"": ""CAT Scale"", ""brand"": ""CAT Scale"", ""amenity"": ""weighbridge"", ""website"": ""https://catscale.com/cat-scale-locator/?single=3397"", ""operator"": ""Love's Travel Stop"", ""check_date"": ""2024-05-08"", ""brand:wikidata"": ""Q111631907"", ""operator:phone"": ""+1 309-445-6881"", ""operator:website"": ""https://www.loves.com/locations/867"", ""operator:wikidata"": ""Q1872496""}"
node/11891943568,,,POINT(-94.5063682 39.0524178),osm_pois,981,2026-07-22 20:25:30.476626+00,2026-07-21 20:21:50+00,,,,,,{},"{""amenity"": ""weighbridge""}"
node/11892136969,,,POINT(-97.4006632 32.3781506),osm_pois,981,2026-07-22 20:25:30.476626+00,2026-07-21 20:21:50+00,,,,,,{},"{""amenity"": ""weighbridge""}"
node/11895681955,,,POINT(-97.1197593 32.556379),osm_pois,981,2026-07-22 20:25:30.476626+00,2026-07-21 20:21:50+00,,,,,,{},"{""amenity"": ""weighbridge""}"
node/11897247360,,,POINT(-91.7348374 35.2441984),osm_pois,981,2026-07-22 20:25:30.476626+00,2026-07-21 20:21:50+00,,,,,,{},"{""amenity"": ""weighbridge""}"
node/11898184424,CAT Scale,,POINT(-104.0090457 46.9290886),osm_pois,981,2026-07-22 20:25:30.476626+00,2026-07-21 20:21:50+00,,,,,,{},"{""ref"": ""1537"", ""name"": ""CAT Scale"", ""brand"": ""CAT Scale"", ""amenity"": ""weighbridge"", ""website"": ""https://catscale.com/cat-scale-locator/?single=1537"", ""operator"": ""Flying J Travel Center"", ""check_date"": ""2024-02-10"", ""brand:wikidata"": ""Q111631907"", ""operator:phone"": ""+1 701-872-4737"", ""operator:wikidata"": ""Q64130592""}"
node/11901605248,,,POINT(-74.1942302 40.5745465),osm_pois,981,2026-07-22 20:25:30.476626+00,2026-07-21 20:21:50+00,,,,,,{},"{""amenity"": ""weighbridge""}"
node/11901605249,,,POINT(-74.194266 40.5744475),osm_pois,981,2026-07-22 20:25:30.476626+00,2026-07-21 20:21:50+00,,,,,,{},"{""amenity"": ""weighbridge""}"
node/11911664879,CAT Scale,,POINT(-112.2880784 42.8015146),osm_pois,981,2026-07-22 20:25:30.476626+00,2026-07-21 20:21:50+00,,,,,,{},"{""name"": ""CAT Scale"", ""brand"": ""CAT Scale"", ""amenity"": ""weighbridge"", ""brand:wikidata"": ""Q111631907""}"
node/11916400022,,,POINT(-74.1344375 40.725564),osm_pois,981,2026-07-22 20:25:30.476626+00,2026-07-21 20:21:50+00,,,,,,{},"{""amenity"": ""weighbridge""}"
node/11920256195,,,POINT(-78.3387391 41.868751),osm_pois,981,2026-07-22 20:25:30.476626+00,2026-07-21 20:21:50+00,,,,,,{},"{""amenity"": ""weighbridge""}"
node/11923567576,By The Weigh,,POINT(-95.2179588 32.6596512),osm_pois,981,2026-07-22 20:25:30.476626+00,2026-07-21 20:21:50+00,,,,,,{},"{""fee"": ""yes"", ""name"": ""By The Weigh"", ""access"": ""yes"", ""amenity"": ""weighbridge"", ""name:en"": ""By The Weigh"", ""check_date"": ""2024-05-21""}"
node/11926188488,,,POINT(-115.0569314 48.9124491),osm_pois,981,2026-07-22 20:25:30.476626+00,2026-07-21 20:21:50+00,,,,,,{},"{""amenity"": ""weighbridge""}"
node/11927105838,,,POINT(-88.0542426 30.7412249),osm_pois,981,2026-07-22 20:25:30.476626+00,2026-07-21 20:21:50+00,,,,,,{},"{""amenity"": ""weighbridge""}"
node/11937996212,,,POINT(-84.3732851 40.5527847),osm_pois,981,2026-07-22 20:25:30.476626+00,2026-07-21 20:21:50+00,,,,,,{},"{""access"": ""private"", ""amenity"": ""weighbridge""}"
node/11941433014,,,POINT(-84.4948438 39.1821114),osm_pois,981,2026-07-22 20:25:30.476626+00,2026-07-21 20:21:50+00,,,,,,{},"{""amenity"": ""weighbridge""}"
node/11943414091,CAT Scale,,POINT(-88.8218412 42.2347732),osm_pois,981,2026-07-22 20:25:30.476626+00,2026-07-21 20:21:50+00,,,,,,{},"{""name"": ""CAT Scale"", ""brand"": ""CAT Scale"", ""amenity"": ""weighbridge"", ""brand:wikidata"": ""Q111631907""}"
node/11948552534,CAT Scale,,POINT(-121.57753 38.5714476),osm_pois,981,2026-07-22 20:25:30.476626+00,2026-07-21 20:21:50+00,,,,,,{},"{""ref"": ""3390"", ""name"": ""CAT Scale"", ""brand"": ""CAT Scale"", ""amenity"": ""weighbridge"", ""website"": ""https://catscale.com/cat-scale-locator/?single=3390"", ""operator"": ""Maverik"", ""brand:wikidata"": ""Q111631907"", ""operator:phone"": ""+1 916-530-2086"", ""operator:wikidata"": ""Q64149010""}"
node/11957607247,,,POINT(-81.8040134 41.0314708),osm_pois,981,2026-07-22 20:25:30.476626+00,2026-07-21 20:21:50+00,,,,,,{},"{""amenity"": ""weighbridge""}"
node/11957736594,,,POINT(-70.3195322 43.7065127),osm_pois,981,2026-07-22 20:25:30.476626+00,2026-07-21 20:21:50+00,,,,,,{},"{""amenity"": ""weighbridge""}"
node/11957736595,,,POINT(-70.3196082 43.7064802),osm_pois,981,2026-07-22 20:25:30.476626+00,2026-07-21 20:21:50+00,,,,,,{},"{""amenity"": ""weighbridge""}"
node/11966089748,,,POINT(-104.218536 47.0012002),osm_pois,981,2026-07-22 20:25:30.476626+00,2026-07-21 20:21:50+00,,,,,,{},"{""amenity"": ""weighbridge""}"
node/11972138384,CAT Scale,,POINT(-80.747548 36.4877103),osm_pois,981,2026-07-22 20:25:30.476626+00,2026-07-21 20:21:50+00,,,,,,{},"{""ref"": ""3486"", ""name"": ""CAT Scale"", ""brand"": ""CAT Scale"", ""access"": ""customers"", ""amenity"": ""weighbridge"", ""website"": ""https://catscale.com/cat-scale-locator/?single=3486"", ""operator"": ""Flying J Travel Center"", ""brand:wikidata"": ""Q111631907"", ""operator:phone"": ""+1 743-212-0310"", ""operator:wikidata"": ""Q64130592""}"
node/11988618609,CAT Scale,,POINT(-84.5545433 38.2759129),osm_pois,981,2026-07-22 20:25:30.476626+00,2026-07-21 20:21:50+00,,,,,,{},"{""ref"": ""409"", ""name"": ""CAT Scale"", ""brand"": ""CAT Scale"", ""amenity"": ""weighbridge"", ""website"": ""https://catscale.com/cat-scale-locator/?single=409"", ""operator"": ""Pilot Travel Center"", ""check_date"": ""2024-06-17"", ""brand:wikidata"": ""Q111631907"", ""operator:phone"": ""+1 502-863-2708"", ""operator:website"": ""https://locations.pilotflyingj.com/us/ky/georgetown/110-triport-road"", ""operator:wikidata"": ""Q64128179""}"
node/11988990012,,,POINT(-72.5873206 42.5694741),osm_pois,981,2026-07-22 20:25:30.476626+00,2026-07-21 20:21:50+00,,,,,,{},"{""amenity"": ""weighbridge""}"
node/11989105964,,,POINT(-71.4098228 43.7685677),osm_pois,981,2026-07-22 20:25:30.476626+00,2026-07-21 20:21:50+00,,,,,,{},"{""amenity"": ""weighbridge""}"
node/11990882286,,,POINT(-106.7854619 35.5345503),osm_pois,981,2026-07-22 20:25:30.476626+00,2026-07-21 20:21:50+00,,,,,,{},"{""ref"": ""Weight Station"", ""amenity"": ""weighbridge""}"
node/11992576683,,,POINT(-85.0301671 32.9864062),osm_pois,981,2026-07-22 20:25:30.476626+00,2026-07-21 20:21:50+00,,,,,,{},"{""amenity"": ""weighbridge""}"
node/11992654130,CAT Scale,,POINT(-119.4251512 36.3499923),osm_pois,981,2026-07-22 20:25:30.476626+00,2026-07-21 20:21:50+00,,,,,,{},"{""ref"": ""3174"", ""name"": ""CAT Scale"", ""brand"": ""CAT Scale"", ""amenity"": ""weighbridge"", ""website"": ""https://catscale.com/cat-scale-locator/?single=3174"", ""operator"": ""Valley Fuel Travel Plaza"", ""brand:wikidata"": ""Q111631907"", ""operator:phone"": ""+1 559-651-0009""}"
node/12001051637,,,POINT(-110.4338286 41.3328846),osm_pois,981,2026-07-22 20:25:30.476626+00,2026-07-21 20:21:50+00,,,,,,{},"{""amenity"": ""weighbridge""}"
node/12014206703,,,POINT(-119.3794726 36.3858448),osm_pois,981,2026-07-22 20:25:30.476626+00,2026-07-21 20:21:50+00,,,,,,{},"{""amenity"": ""weighbridge""}"
node/12021326044,,,POINT(-90.168094 41.8661518),osm_pois,981,2026-07-22 20:25:30.476626+00,2026-07-21 20:21:50+00,,,,,,{},"{""amenity"": ""weighbridge""}"
node/12059958149,CAT Scale,,POINT(-96.2447584 32.6899084),osm_pois,981,2026-07-22 20:25:30.476626+00,2026-07-21 20:21:50+00,,,,,,{},"{""ref"": ""2476"", ""name"": ""CAT Scale"", ""brand"": ""CAT Scale"", ""amenity"": ""weighbridge"", ""website"": ""https://catscale.com/cat-scale-locator/?single=2476"", ""operator"": ""TA"", ""check_date"": ""2024-07-17"", ""brand:wikidata"": ""Q111631907"", ""operator:phone"": ""+1 972-563-6939"", ""operator:website"": ""https://www.ta-petro.com/location/tx/ta-terrell/"", ""operator:wikidata"": ""Q7835892""}"
node/12066881595,,,POINT(-93.195779 37.2458254),osm_pois,981,2026-07-22 20:25:30.476626+00,2026-07-21 20:21:50+00,,,,,,{},"{""amenity"": ""weighbridge""}"
node/12072241213,,,POINT(-149.2104747 61.5913242),osm_pois,981,2026-07-22 20:25:30.476626+00,2026-07-21 20:21:50+00,,,,,,{},"{""access"": ""permit"", ""amenity"": ""weighbridge"", ""operator"": ""MSB""}"
node/12072241222,,,POINT(-149.2087697 61.5916114),osm_pois,981,2026-07-22 20:25:30.476626+00,2026-07-21 20:21:50+00,,,,,,{},"{""access"": ""customers"", ""amenity"": ""weighbridge"", ""operator"": ""MSB""}"
node/12072241223,,,POINT(-149.2086154 61.5915548),osm_pois,981,2026-07-22 20:25:30.476626+00,2026-07-21 20:21:50+00,,,,,,{},"{""access"": ""customers"", ""amenity"": ""weighbridge"", ""operator"": ""MSB""}"
node/12081359514,,,POINT(-71.6861297 43.754042),osm_pois,981,2026-07-22 20:25:30.476626+00,2026-07-21 20:21:50+00,,,,,,{},"{""amenity"": ""weighbridge""}"
node/12085478145,,,POINT(-84.2348794 45.3491694),osm_pois,981,2026-07-22 20:25:30.476626+00,2026-07-21 20:21:50+00,,,,,,{},"{""access"": ""private"", ""amenity"": ""weighbridge"", ""operator"": ""Croad Salvage""}"
node/12086554628,,,POINT(-89.2981633 42.7866009),osm_pois,981,2026-07-22 20:25:30.476626+00,2026-07-21 20:21:50+00,,,,,,{},"{""amenity"": ""weighbridge""}"
node/12089113752,CAT Scale,,POINT(-88.0840954 35.8436246),osm_pois,981,2026-07-22 20:25:30.476626+00,2026-07-21 20:21:50+00,,,,,,{},"{""ref"": ""3427"", ""name"": ""CAT Scale"", ""brand"": ""CAT Scale"", ""amenity"": ""weighbridge"", ""website"": ""https://catscale.com/cat-scale-locator/?single=3427"", ""operator"": ""ONE9 Travel Center"", ""check_date"": ""2024-02-10"", ""brand:wikidata"": ""Q111631907"", ""operator:phone"": ""+1 731-734-0060""}"
node/12089170205,CAT Scale,,POINT(-84.0207674 36.1113356),osm_pois,981,2026-07-22 20:25:30.476626+00,2026-07-21 20:21:50+00,,,,,,{},"{""ref"": ""953"", ""name"": ""CAT Scale"", ""brand"": ""CAT Scale"", ""amenity"": ""weighbridge"", ""website"": ""https://catscale.com/cat-scale-locator/?single=953"", ""operator"": ""ONE9 Travel Center"", ""check_date"": ""2024-02-10"", ""brand:wikidata"": ""Q111631907"", ""operator:phone"": ""+1 865-938-1439""}"
node/12089183456,CAT Scale,,POINT(-112.0194556 41.2459171),osm_pois,981,2026-07-22 20:25:30.476626+00,2026-07-21 20:21:50+00,,,,,,{},"{""ref"": ""349"", ""name"": ""CAT Scale"", ""brand"": ""CAT Scale"", ""amenity"": ""weighbridge"", ""website"": ""https://catscale.com/cat-scale-locator/?single=349"", ""operator"": ""ONE9 Travel Center"", ""check_date"": ""2024-02-10"", ""brand:wikidata"": ""Q111631907"", ""operator:phone"": ""+1 801-731-2900""}"
node/12089185239,CAT Scale,,POINT(-85.4129483 34.978734),osm_pois,981,2026-07-22 20:25:30.476626+00,2026-07-21 20:21:50+00,,,,,,{},"{""ref"": ""994"", ""name"": ""CAT Scale"", ""brand"": ""CAT Scale"", ""amenity"": ""weighbridge"", ""website"": ""https://catscale.com/cat-scale-locator/?single=994"", ""operator"": ""ONE9 Travel Center"", ""check_date"": ""2024-02-10"", ""brand:wikidata"": ""Q111631907"", ""operator:phone"": ""+1 706-820-7353""}"
node/12089187027,CAT Scale,,POINT(-89.5983435 36.5181184),osm_pois,981,2026-07-22 20:25:30.476626+00,2026-07-21 20:21:50+00,,,,,,{},"{""ref"": ""240"", ""name"": ""CAT Scale"", ""brand"": ""CAT Scale"", ""amenity"": ""weighbridge"", ""website"": ""https://catscale.com/cat-scale-locator/?single=240"", ""operator"": ""ONE9 Travel Center"", ""check_date"": ""2024-02-10"", ""brand:wikidata"": ""Q111631907"", ""operator:phone"": ""+1 573-643-2320""}"
node/12089199414,CAT Scale,,POINT(-76.71689 40.3512509),osm_pois,981,2026-07-22 20:25:30.476626+00,2026-07-21 20:21:50+00,,,,,,{},"{""ref"": ""20"", ""name"": ""CAT Scale"", ""brand"": ""CAT Scale"", ""amenity"": ""weighbridge"", ""website"": ""https://catscale.com/cat-scale-locator/?single=20"", ""operator"": ""ONE9 Travel Center"", ""check_date"": ""2024-02-10"", ""brand:wikidata"": ""Q111631907"", ""operator:phone"": ""+1 717-545-5507""}"
node/12092853725,CAT Scale,,POINT(-91.1505774 41.6443197),osm_pois,981,2026-07-22 20:25:30.476626+00,2026-07-21 20:21:50+00,,,,,,{},"{""ref"": ""1286"", ""name"": ""CAT Scale"", ""brand"": ""CAT Scale"", ""amenity"": ""weighbridge"", ""website"": ""https://catscale.com/cat-scale-locator/?single=1286"", ""operator"": ""ONE9 Travel Center"", ""check_date"": ""2024-02-10"", ""brand:wikidata"": ""Q111631907"", ""operator:phone"": ""+1 563-946-3761""}"
node/12092860557,CAT Scale,,POINT(-77.5871336 36.5230756),osm_pois,981,2026-07-22 20:25:30.476626+00,2026-07-21 20:21:50+00,,,,,,{},"{""ref"": ""531"", ""name"": ""CAT Scale"", ""brand"": ""CAT Scale"", ""amenity"": ""weighbridge"", ""website"": ""https://catscale.com/cat-scale-locator/?single=531"", ""operator"": ""ONE9 Travel Center"", ""check_date"": ""2024-02-10"", ""brand:wikidata"": ""Q111631907"", ""operator:phone"": ""+1 252-437-4476""}"
node/12092875879,CAT Scale,,POINT(-83.7599051 32.0851448),osm_pois,981,2026-07-22 20:25:30.476626+00,2026-07-21 20:21:50+00,,,,,,{},"{""ref"": ""1031"", ""name"": ""CAT Scale"", ""brand"": ""CAT Scale"", ""amenity"": ""weighbridge"", ""website"": ""https://catscale.com/cat-scale-locator/?single=1031"", ""operator"": ""ONE9 Travel Center"", ""check_date"": ""2024-02-10"", ""brand:wikidata"": ""Q111631907"", ""operator:phone"": ""+1 229-268-1414""}"
node/12094049615,,,POINT(-106.8041591 35.554992),osm_pois,981,2026-07-22 20:25:30.476626+00,2026-07-21 20:21:50+00,,,,,,{},"{""amenity"": ""weighbridge""}"
node/12094829372,CAT Scale,,POINT(-81.8579731 34.5093261),osm_pois,981,2026-07-22 20:25:30.476626+00,2026-07-21 20:21:50+00,,,,,,{},"{""ref"": ""719"", ""name"": ""CAT Scale"", ""brand"": ""CAT Scale"", ""amenity"": ""weighbridge"", ""website"": ""https://catscale.com/cat-scale-locator/?single=719"", ""operator"": ""ONE9 Travel Center"", ""check_date"": ""2024-02-10"", ""brand:wikidata"": ""Q111631907"", ""operator:phone"": ""+1 864-833-4555""}"
node/12094829379,CAT Scale,,POINT(-85.8821275 37.5224756),osm_pois,981,2026-07-22 20:25:30.476626+00,2026-07-21 20:21:50+00,,,,,,{},"{""ref"": ""178"", ""name"": ""CAT Scale"", ""brand"": ""CAT Scale"", ""amenity"": ""weighbridge"", ""website"": ""https://catscale.com/cat-scale-locator/?single=178"", ""operator"": ""ONE9 Travel Center"", ""check_date"": ""2024-02-10"", ""brand:wikidata"": ""Q111631907"", ""operator:phone"": ""+1 270-369-7300""}"
node/12094830607,CAT Scale,,POINT(-87.450483 40.1230047),osm_pois,981,2026-07-22 20:25:30.476626+00,2026-07-21 20:21:50+00,,,,,,{},"{""ref"": ""522"", ""name"": ""CAT Scale"", ""brand"": ""CAT Scale"", ""amenity"": ""weighbridge"", ""website"": ""https://catscale.com/cat-scale-locator/?single=522"", ""operator"": ""ONE9 Travel Center"", ""check_date"": ""2024-02-10"", ""brand:wikidata"": ""Q111631907"", ""operator:phone"": ""+1 765-793-7307""}"
node/12094830609,CAT Scale,,POINT(-86.5263516 36.7163286),osm_pois,981,2026-07-22 20:25:30.476626+00,2026-07-21 20:21:50+00,,,,,,{},"{""ref"": ""742"", ""name"": ""CAT Scale"", ""brand"": ""CAT Scale"", ""amenity"": ""weighbridge"", ""website"": ""https://catscale.com/cat-scale-locator/?single=742"", ""operator"": ""ONE9 Travel Center"", ""check_date"": ""2024-02-10"", ""brand:wikidata"": ""Q111631907"", ""operator:phone"": ""+1 270-586-4149""}"
node/12094839650,CAT Scale,,POINT(-87.4459459 33.1789013),osm_pois,981,2026-07-22 20:25:30.476626+00,2026-07-21 20:21:50+00,,,,,,{},"{""ref"": ""693"", ""name"": ""CAT Scale"", ""brand"": ""CAT Scale"", ""amenity"": ""weighbridge"", ""website"": ""https://catscale.com/cat-scale-locator/?single=693"", ""operator"": ""ONE9 Travel Center"", ""check_date"": ""2024-02-10"", ""brand:wikidata"": ""Q111631907"", ""operator:phone"": ""+1 205-633-2155""}"
node/12094848198,CAT Scale,,POINT(-84.9993341 34.6873095),osm_pois,981,2026-07-22 20:25:30.476626+00,2026-07-21 20:21:50+00,,,,,,{},"{""ref"": ""185"", ""name"": ""CAT Scale"", ""brand"": ""CAT Scale"", ""amenity"": ""weighbridge"", ""website"": ""https://catscale.com/cat-scale-locator/?single=185"", ""operator"": ""ONE9 Travel Center"", ""check_date"": ""2024-02-10"", ""brand:wikidata"": ""Q111631907"", ""operator:phone"": ""+1 706-277-7934""}"
node/12094850509,CAT Scale,,POINT(-99.3813684 40.69194),osm_pois,981,2026-07-22 20:25:30.476626+00,2026-07-21 20:21:50+00,,,,,,{},"{""ref"": ""1076"", ""name"": ""CAT Scale"", ""brand"": ""CAT Scale"", ""amenity"": ""weighbridge"", ""website"": ""https://catscale.com/cat-scale-locator/?single=1076"", ""operator"": ""ONE9 Travel Center"", ""check_date"": ""2024-02-10"", ""brand:wikidata"": ""Q111631907"", ""operator:phone"": ""+1 308-856-4330""}"
node/12094860334,CAT Scale,,POINT(-83.8461656 39.5231687),osm_pois,981,2026-07-22 20:25:30.476626+00,2026-07-21 20:21:50+00,,,,,,{},"{""ref"": ""841"", ""name"": ""CAT Scale"", ""brand"": ""CAT Scale"", ""amenity"": ""weighbridge"", ""website"": ""https://catscale.com/cat-scale-locator/?single=841"", ""operator"": ""ONE9 Travel Center"", ""check_date"": ""2024-02-10"", ""brand:wikidata"": ""Q111631907"", ""operator:phone"": ""+1 937-382-0464""}"
node/12094860347,CAT Scale,,POINT(-85.0732755 42.8836147),osm_pois,981,2026-07-22 20:25:30.476626+00,2026-07-21 20:21:50+00,,,,,,{},"{""ref"": ""887"", ""name"": ""CAT Scale"", ""brand"": ""CAT Scale"", ""amenity"": ""weighbridge"", ""website"": ""https://catscale.com/cat-scale-locator/?single=887"", ""operator"": ""ONE9 Travel Center"", ""check_date"": ""2024-02-10"", ""brand:wikidata"": ""Q111631907"", ""operator:phone"": ""+1 616-527-6520""}"
node/12094860353,CAT Scale,,POINT(-119.490526 39.559112),osm_pois,981,2026-07-22 20:25:30.476626+00,2026-07-21 20:21:50+00,,,,,,{},"{""ref"": ""3446"", ""name"": ""CAT Scale"", ""brand"": ""CAT Scale"", ""amenity"": ""weighbridge"", ""website"": ""https://catscale.com/cat-scale-locator/?single=3446"", ""operator"": ""ONE9 Travel Center"", ""check_date"": ""2024-02-10"", ""brand:wikidata"": ""Q111631907"", ""operator:phone"": ""+1 775-316-7002""}"
node/12098407864,CAT Scale,,POINT(-84.6249537 38.9192724),osm_pois,981,2026-07-22 20:25:30.476626+00,2026-07-21 20:21:50+00,,,,,,{},"{""ref"": ""39"", ""name"": ""CAT Scale"", ""brand"": ""CAT Scale"", ""phone"": ""+1 859-485-6100"", ""amenity"": ""weighbridge"", ""website"": ""https://catscale.com/cat-scale-locator/?single=39"", ""operator"": ""Mr. Fuel"", ""check_date"": ""2024-02-10"", ""brand:wikidata"": ""Q111631907""}"
node/12098421558,CAT Scale,,POINT(-120.1032512 36.0743396),osm_pois,981,2026-07-22 20:25:30.476626+00,2026-07-21 20:21:50+00,,,,,,{},"{""ref"": ""3280"", ""name"": ""CAT Scale"", ""brand"": ""CAT Scale"", ""amenity"": ""weighbridge"", ""website"": ""https://catscale.com/cat-scale-locator/?single=3280"", ""operator"": ""EZ Trip Travel Center"", ""brand:wikidata"": ""Q111631907"", ""operator:phone"": ""+1 559-384-0023""}"
node/12098425508,CAT Scale,,POINT(-77.4663645 37.940334),osm_pois,981,2026-07-22 20:25:30.476626+00,2026-07-21 20:21:50+00,,,,,,{},"{""ref"": ""1771"", ""name"": ""CAT Scale"", ""brand"": ""CAT Scale"", ""amenity"": ""weighbridge"", ""website"": ""https://catscale.com/cat-scale-locator/?single=1771"", ""operator"": ""Mr. Fuel"", ""brand:wikidata"": ""Q111631907"", ""operator:phone"": ""+1 804-448-0410""}"
node/12098427652,CAT Scale,,POINT(-85.4169497 39.8503513),osm_pois,981,2026-07-22 20:25:30.476626+00,2026-07-21 20:21:50+00,,,,,,{},"{""ref"": ""1769"", ""name"": ""CAT Scale"", ""brand"": ""CAT Scale"", ""amenity"": ""weighbridge"", ""website"": ""https://catscale.com/cat-scale-locator/?single=1769"", ""operator"": ""Mr. Fuel"", ""brand:wikidata"": ""Q111631907"", ""operator:phone"": ""+1 765-593-1313""}"
node/12098429340,CAT Scale,,POINT(-81.5709725 30.412988),osm_pois,981,2026-07-22 20:25:30.476626+00,2026-07-21 20:21:50+00,,,,,,{},"{""ref"": ""3135"", ""name"": ""CAT Scale"", ""brand"": ""CAT Scale"", ""phone"": ""+1 904-696-9566"", ""amenity"": ""weighbridge"", ""website"": ""https://catscale.com/cat-scale-locator/?single=3135"", ""check_date"": ""2024-02-10"", ""brand:wikidata"": ""Q111631907""}"
node/12098430268,CAT Scale,,POINT(-86.1882404 39.6980139),osm_pois,981,2026-07-22 20:25:30.476626+00,2026-07-21 20:21:50+00,,,,,,{},"{""ref"": ""1772"", ""name"": ""CAT Scale"", ""brand"": ""CAT Scale"", ""amenity"": ""weighbridge"", ""website"": ""https://catscale.com/cat-scale-locator/?single=1772"", ""operator"": ""Mr. Fuel"", ""brand:wikidata"": ""Q111631907"", ""operator:phone"": ""+1 317-780-6631""}"
node/12098432255,CAT Scale,,POINT(-80.717403 41.1386869),osm_pois,981,2026-07-22 20:25:30.476626+00,2026-07-21 20:21:50+00,,,,,,{},"{""ref"": ""1773"", ""name"": ""CAT Scale"", ""brand"": ""CAT Scale"", ""amenity"": ""weighbridge"", ""website"": ""https://catscale.com/cat-scale-locator/?single=1773"", ""operator"": ""Mr. Fuel"", ""brand:wikidata"": ""Q111631907"", ""operator:phone"": ""+1 330-530-4024""}"
node/12098439700,CAT Scale,,POINT(-88.7995747 32.342762),osm_pois,981,2026-07-22 20:25:30.476626+00,2026-07-21 20:21:50+00,,,,,,{},"{""ref"": ""3190"", ""name"": ""CAT Scale"", ""brand"": ""CAT Scale"", ""amenity"": ""weighbridge"", ""website"": ""https://catscale.com/cat-scale-locator/?single=3190"", ""operator"": ""Mr. Fuel"", ""check_date"": ""2024-02-10"", ""brand:wikidata"": ""Q111631907"", ""operator:phone"": ""+1 601-693-5104""}"
node/12098450432,CAT Scale,,POINT(-81.1994965 32.071928),osm_pois,981,2026-07-22 20:25:30.476626+00,2026-07-21 20:21:50+00,,,,,,{},"{""ref"": ""721"", ""name"": ""CAT Scale"", ""brand"": ""CAT Scale"", ""amenity"": ""weighbridge"", ""website"": ""https://catscale.com/cat-scale-locator/?single=721"", ""operator"": ""Mr. Fuel"", ""check_date"": ""2024-02-10"", ""brand:wikidata"": ""Q111631907"", ""operator:phone"": ""+1 912-964-5280""}"
node/12098450437,CAT Scale,,POINT(-97.0307072 32.8022143),osm_pois,981,2026-07-22 20:25:30.476626+00,2026-07-21 20:21:50+00,,,,,,{},"{""name"": ""CAT Scale"", ""brand"": ""CAT Scale"", ""phone"": ""+1 972-237-7905"", ""amenity"": ""weighbridge"", ""website"": ""https://catscale.com/cat-scale-locator/?single=2159"", ""check_date"": ""2024-02-10"", ""brand:wikidata"": ""Q111631907""}"
node/12098453504,CAT Scale,IN,POINT(-87.4025331 41.564745),osm_pois,981,2026-07-22 20:25:30.476626+00,2026-07-21 20:21:50+00,,,,,,{},"{""ref"": ""1767"", ""name"": ""CAT Scale"", ""brand"": ""CAT Scale"", ""amenity"": ""weighbridge"", ""website"": ""https://catscale.com/cat-scale-locator/?single=1767"", ""operator"": ""Mr. Fuel"", ""addr:city"": ""Gary"", ""addr:state"": ""IN"", ""addr:street"": ""Burr Street"", ""addr:postcode"": ""46406"", ""brand:wikidata"": ""Q111631907"", ""operator:phone"": ""+1 219-844-0502"", ""addr:housenumber"": ""2945""}"
node/12098467219,CAT Scale,,POINT(-90.9531981 38.8179695),osm_pois,981,2026-07-22 20:25:30.476626+00,2026-07-21 20:21:50+00,,,,,,{},"{""ref"": ""1768"", ""name"": ""CAT Scale"", ""brand"": ""CAT Scale"", ""amenity"": ""weighbridge"", ""website"": ""https://catscale.com/cat-scale-locator/?single=1768"", ""operator"": ""Mr. Fuel"", ""brand:wikidata"": ""Q111631907"", ""operator:phone"": ""+1 636-673-1011""}"
node/12099502462,CAT Scale,,POINT(-114.1334492 46.9562199),osm_pois,981,2026-07-22 20:25:30.476626+00,2026-07-21 20:21:50+00,,,,,,{},"{""ref"": ""1396"", ""name"": ""CAT Scale"", ""brand"": ""CAT Scale"", ""amenity"": ""weighbridge"", ""website"": ""https://catscale.com/cat-scale-locator/?single=1396"", ""operator"": ""Town Pump"", ""check_date"": ""2024-02-10"", ""brand:wikidata"": ""Q111631907"", ""operator:phone"": ""+1 406-542-0402""}"
node/12099507498,CAT Scale,,POINT(-87.2396368 41.5888932),osm_pois,981,2026-07-22 20:25:30.476626+00,2026-07-21 20:21:50+00,,,,,,{},"{""ref"": ""16"", ""name"": ""CAT Scale"", ""brand"": ""CAT Scale"", ""amenity"": ""weighbridge"", ""website"": ""https://catscale.com/cat-scale-locator/?single=16"", ""operator"": ""Mr. Fuel"", ""brand:wikidata"": ""Q111631907"", ""operator:phone"": ""+1 219-962-1110""}"
node/12099510005,,,POINT(-111.6722247 32.8133035),osm_pois,981,2026-07-22 20:25:30.476626+00,2026-07-21 20:21:50+00,,,,,,{},"{""amenity"": ""weighbridge""}"
node/12099526000,CAT Scale,,POINT(-108.4173426 45.8115721),osm_pois,981,2026-07-22 20:25:30.476626+00,2026-07-21 20:21:50+00,,,,,,{},"{""ref"": ""1694"", ""name"": ""CAT Scale"", ""brand"": ""CAT Scale"", ""amenity"": ""weighbridge"", ""website"": ""https://catscale.com/cat-scale-locator/?single=1694"", ""operator"": ""Pilot Travel Center"", ""check_date"": ""2024-02-10"", ""brand:wikidata"": ""Q111631907"", ""operator:phone"": ""+1 406-256-8826"", ""operator:website"": ""https://locations.pilotflyingj.com/us/mt/billings/2775-old-hardin-road"", ""operator:wikidata"": ""Q64128179""}"
node/12099526926,CAT Scale,,POINT(-111.8731999 48.5116702),osm_pois,981,2026-07-22 20:25:30.476626+00,2026-07-21 20:21:50+00,,,,,,{},"{""ref"": ""1183"", ""name"": ""CAT Scale"", ""brand"": ""CAT Scale"", ""amenity"": ""weighbridge"", ""website"": ""https://catscale.com/cat-scale-locator/?single=1183"", ""operator"": ""Town Pump"", ""check_date"": ""2024-02-10"", ""brand:wikidata"": ""Q111631907"", ""operator:phone"": ""+1 406-434-5221""}"
node/12099544530,CAT Scale,,POINT(-111.3617456 47.4704256),osm_pois,981,2026-07-22 20:25:30.476626+00,2026-07-21 20:21:50+00,,,,,,{},"{""ref"": ""1065"", ""name"": ""CAT Scale"", ""brand"": ""CAT Scale"", ""amenity"": ""weighbridge"", ""website"": ""https://catscale.com/cat-scale-locator/?single=1065"", ""operator"": ""Town Pump"", ""check_date"": ""2024-02-10"", ""brand:wikidata"": ""Q111631907"", ""operator:phone"": ""+1 406-452-0342""}"
node/12099568084,CAT Scale,,POINT(-104.7374082 47.1179695),osm_pois,981,2026-07-22 20:25:30.476626+00,2026-07-21 20:21:50+00,,,,,,{},"{""ref"": ""1963"", ""name"": ""CAT Scale"", ""brand"": ""CAT Scale"", ""amenity"": ""weighbridge"", ""website"": ""https://catscale.com/cat-scale-locator/?single=1963"", ""operator"": ""Town Pump"", ""check_date"": ""2026-07-12"", ""brand:wikidata"": ""Q111631907"", ""operator:phone"": ""+1 406-377-7500""}"
node/12099571870,CAT Scale,,POINT(-98.3819246 40.8306743),osm_pois,981,2026-07-22 20:25:30.476626+00,2026-07-21 20:21:50+00,,,,,,{},"{""ref"": ""1075"", ""name"": ""CAT Scale"", ""brand"": ""CAT Scale"", ""amenity"": ""weighbridge"", ""website"": ""https://catscale.com/cat-scale-locator/?single=1075"", ""operator"": ""Bosselman Travel Center"", ""check_date"": ""2024-02-10"", ""brand:wikidata"": ""Q111631907"", ""operator:phone"": ""+1 308-382-2288""}"
node/12099580014,CAT Scale,,POINT(-111.1996831 45.7747376),osm_pois,981,2026-07-22 20:25:30.476626+00,2026-07-21 20:21:50+00,,,,,,{},"{""ref"": ""1746"", ""name"": ""CAT Scale"", ""brand"": ""CAT Scale"", ""amenity"": ""weighbridge"", ""website"": ""https://catscale.com/cat-scale-locator/?single=1746"", ""operator"": ""Town Pump"", ""check_date"": ""2024-02-10"", ""brand:wikidata"": ""Q111631907"", ""operator:phone"": ""+1 406-924-6990""}"
node/12099595957,CAT Scale,,POINT(-114.143431 34.8626127),osm_pois,981,2026-07-22 20:25:30.476626+00,2026-07-21 20:21:50+00,,,,,,{},"{""ref"": ""3305"", ""name"": ""CAT Scale"", ""brand"": ""CAT Scale"", ""amenity"": ""weighbridge"", ""website"": ""https://catscale.com/cat-scale-locator/?single=3305"", ""operator"": ""Pride Travel Center"", ""check_date"": ""2024-02-10"", ""brand:wikidata"": ""Q111631907"", ""operator:phone"": ""+1 928-766-6228""}"
node/12099598710,CAT Scale,,POINT(-100.7278036 46.8291524),osm_pois,981,2026-07-22 20:25:30.476626+00,2026-07-21 20:21:50+00,,,,,,{},"{""ref"": ""380"", ""name"": ""CAT Scale"", ""brand"": ""CAT Scale"", ""amenity"": ""weighbridge"", ""website"": ""https://catscale.com/cat-scale-locator/?single=380"", ""operator"": ""Stamart"", ""check_date"": ""2024-02-10"", ""brand:wikidata"": ""Q111631907"", ""operator:phone"": ""+1 701-222-1675""}"
node/12099598713,,,POINT(-113.7688994 33.6277546),osm_pois,981,2026-07-22 20:25:30.476626+00,2026-07-21 20:21:50+00,,,,,,{},"{""amenity"": ""weighbridge""}"
node/12099600001,CAT Scale,,POINT(-108.4178844 45.8155429),osm_pois,981,2026-07-22 20:25:30.476626+00,2026-07-21 20:21:50+00,,,,,,{},"{""ref"": ""1262"", ""name"": ""CAT Scale"", ""brand"": ""CAT Scale"", ""amenity"": ""weighbridge"", ""website"": ""https://catscale.com/cat-scale-locator/?single=1262"", ""operator"": ""Pilot Travel Center"", ""check_date"": ""2024-02-10"", ""brand:wikidata"": ""Q111631907"", ""operator:phone"": ""+1 406-238-9823"", ""operator:wikidata"": ""Q64128179""}"
node/12099610690,CAT Scale,,POINT(-93.9487696 33.5138121),osm_pois,981,2026-07-22 20:25:30.476626+00,2026-07-21 20:21:50+00,,,,,,{},"{""ref"": ""1404"", ""name"": ""CAT Scale"", ""brand"": ""CAT Scale"", ""amenity"": ""weighbridge"", ""website"": ""https://catscale.com/cat-scale-locator/?single=1404"", ""operator"": ""Flying J Travel Center"", ""check_date"": ""2024-02-10"", ""brand:wikidata"": ""Q111631907"", ""operator:phone"": ""+1 870-774-3595"", ""operator:wikidata"": ""Q64130592""}"
node/12099611219,CAT Scale,,POINT(-112.6733814 32.930623),osm_pois,981,2026-07-22 20:25:30.476626+00,2026-07-21 20:21:50+00,,,,,,{},"{""ref"": ""379"", ""name"": ""CAT Scale"", ""brand"": ""CAT Scale"", ""amenity"": ""weighbridge"", ""website"": ""https://catscale.com/cat-scale-locator/?single=379"", ""operator"": ""Pilot Travel Center"", ""check_date"": ""2024-02-10"", ""brand:wikidata"": ""Q111631907"", ""operator:phone"": ""+1 928-580-5987"", ""operator:website"": ""https://locations.pilotflyingj.com/us/az/gila-bend/3006-s-butterfield-trail"", ""operator:wikidata"": ""Q64128179""}"
node/12099623158,CAT Scale,,POINT(-92.1269267 34.7813481),osm_pois,981,2026-07-22 20:25:30.476626+00,2026-07-21 20:21:50+00,,,,,,{},"{""ref"": ""386"", ""name"": ""CAT Scale"", ""brand"": ""CAT Scale"", ""amenity"": ""weighbridge"", ""website"": ""https://catscale.com/cat-scale-locator/?single=386"", ""operator"": ""Pilot Travel Center"", ""check_date"": ""2024-02-10"", ""brand:wikidata"": ""Q111631907"", ""operator:phone"": ""+1 501-945-2226"", ""operator:website"": ""https://locations.pilotflyingj.com/us/ar/north-little-rock/3300-highway-391-north"", ""operator:wikidata"": ""Q64128179""}"
node/12100128934,CAT Scale,,POINT(-92.5326571 34.6082746),osm_pois,981,2026-07-22 20:25:30.476626+00,2026-07-21 20:21:50+00,,,,,,{},"{""ref"": ""799"", ""name"": ""CAT Scale"", ""brand"": ""CAT Scale"", ""amenity"": ""weighbridge"", ""website"": ""https://catscale.com/cat-scale-locator/?single=799"", ""operator"": ""Pilot Travel Center"", ""check_date"": ""2024-02-10"", ""brand:wikidata"": ""Q111631907"", ""operator:phone"": ""+1 501-794-5900"", ""operator:website"": ""https://locations.pilotflyingj.com/us/ar/benton/7801-alcoa-road"", ""operator:wikidata"": ""Q64128179""}"
node/12100180758,CAT Scale,,POINT(-121.1648521 37.4659662),osm_pois,981,2026-07-22 20:25:30.476626+00,2026-07-21 20:21:50+00,,,,,,{},"{""ref"": ""1912"", ""name"": ""CAT Scale"", ""brand"": ""CAT Scale"", ""amenity"": ""weighbridge"", ""website"": ""https://catscale.com/cat-scale-locator/?single=1912"", ""operator"": ""Flying J Travel Center"", ""check_date"": ""2024-02-10"", ""brand:wikidata"": ""Q111631907"", ""operator:phone"": ""+1 209-892-9225"", ""operator:wikidata"": ""Q64130592""}"
node/12100184993,,,POINT(-119.3332547 36.1812118),osm_pois,981,2026-07-22 20:25:30.476626+00,2026-07-21 20:21:50+00,,,,,,{},"{""amenity"": ""weighbridge""}"
node/12100186370,CAT Scale,,POINT(-121.1447141 37.7559185),osm_pois,981,2026-07-22 20:25:30.476626+00,2026-07-21 20:21:50+00,,,,,,{},"{""ref"": ""1416"", ""name"": ""CAT Scale"", ""brand"": ""CAT Scale"", ""amenity"": ""weighbridge"", ""website"": ""https://catscale.com/cat-scale-locator/?single=1416"", ""operator"": ""Flying J Travel Center"", ""check_date"": ""2024-02-10"", ""brand:wikidata"": ""Q111631907"", ""operator:phone"": ""+1 209-599-4141"", ""operator:wikidata"": ""Q64130592""}"
node/12100196788,CAT Scale,,POINT(-93.0930483 35.2802154),osm_pois,981,2026-07-22 20:25:30.476626+00,2026-07-21 20:21:50+00,,,,,,{},"{""ref"": ""545"", ""name"": ""CAT Scale"", ""brand"": ""CAT Scale"", ""amenity"": ""weighbridge"", ""website"": ""https://catscale.com/cat-scale-locator/?single=545"", ""operator"": ""Pilot Travel Center"", ""check_date"": ""2024-02-10"", ""brand:wikidata"": ""Q111631907"", ""operator:phone"": ""+1 479-967-7414"", ""operator:website"": ""https://locations.pilotflyingj.com/us/ar/russellville/215-sr-331-north"", ""operator:wikidata"": ""Q64128179""}"
node/12100196803,CAT Scale,,POINT(-116.4042405 33.8183156),osm_pois,981,2026-07-22 20:25:30.476626+00,2026-07-21 20:21:50+00,,,,,,{},"{""ref"": ""1417"", ""name"": ""CAT Scale"", ""brand"": ""CAT Scale"", ""amenity"": ""weighbridge"", ""website"": ""https://catscale.com/cat-scale-locator/?single=1417"", ""operator"": ""Flying J Travel Center"", ""check_date"": ""2024-02-10"", ""brand:wikidata"": ""Q111631907"", ""operator:phone"": ""+1 760-343-1500"", ""operator:wikidata"": ""Q64130592""}"
node/12100196808,CAT Scale,,POINT(-84.420497 30.4850819),osm_pois,981,2026-07-22 20:25:30.476626+00,2026-07-21 20:21:50+00,,,,,,{},"{""ref"": ""914"", ""name"": ""CAT Scale"", ""brand"": ""CAT Scale"", ""amenity"": ""weighbridge"", ""website"": ""https://catscale.com/cat-scale-locator/?single=914"", ""operator"": ""Pilot Travel Center"", ""check_date"": ""2024-02-10"", ""brand:wikidata"": ""Q111631907"", ""operator:phone"": ""+1 850-576-3200"", ""operator:website"": ""https://locations.pilotflyingj.com/us/fl/midway/33333-blue-star-highway"", ""operator:wikidata"": ""Q64128179""}"
node/12100208427,CAT Scale,,POINT(-118.4153813 35.1264308),osm_pois,981,2026-07-22 20:25:30.476626+00,2026-07-21 20:21:50+00,,,,,,{},"{""ref"": ""1974"", ""name"": ""CAT Scale"", ""brand"": ""CAT Scale"", ""amenity"": ""weighbridge"", ""website"": ""https://catscale.com/cat-scale-locator/?single=1974"", ""operator"": ""Flying J Travel Center"", ""check_date"": ""2024-02-10"", ""brand:wikidata"": ""Q111631907"", ""operator:phone"": ""+1 661-823-1049"", ""operator:wikidata"": ""Q64130592""}"
node/12100213265,CAT Scale,,POINT(-121.6303495 36.6654951),osm_pois,981,2026-07-22 20:25:30.476626+00,2026-07-21 20:21:50+00,,,,,,{},"{""ref"": ""694"", ""name"": ""CAT Scale"", ""brand"": ""CAT Scale"", ""amenity"": ""weighbridge"", ""website"": ""https://catscale.com/cat-scale-locator/?single=694"", ""operator"": ""Pilot Travel Center"", ""check_date"": ""2024-02-10"", ""brand:wikidata"": ""Q111631907"", ""operator:website"": ""https://locations.pilotflyingj.com/us/ca/salinas/951-work-street"", ""operator:wikidata"": ""Q64128179""}"
node/12100213267,,,POINT(-121.6297004 36.6657296),osm_pois,981,2026-07-22 20:25:30.476626+00,2026-07-21 20:21:50+00,,,,,,{},"{""amenity"": ""weighbridge""}"
node/12100214864,,,POINT(-93.0888239 35.2827815),osm_pois,981,2026-07-22 20:25:30.476626+00,2026-07-21 20:21:50+00,,,,,,{},"{""amenity"": ""weighbridge""}"
node/12100214865,CAT Scale,,POINT(-93.0888265 35.2833639),osm_pois,981,2026-07-22 20:25:30.476626+00,2026-07-21 20:21:50+00,,,,,,{},"{""ref"": ""1403"", ""name"": ""CAT Scale"", ""brand"": ""CAT Scale"", ""amenity"": ""weighbridge"", ""website"": ""https://catscale.com/cat-scale-locator/?single=1403"", ""operator"": ""Flying J Travel Center"", ""check_date"": ""2024-02-10"", ""brand:wikidata"": ""Q111631907"", ""operator:phone"": ""+1 479-890-6161"", ""operator:wikidata"": ""Q64130592""}"
node/12100285730,CAT Scale,,POINT(-118.035606 34.5440515),osm_pois,981,2026-07-22 20:25:30.476626+00,2026-07-21 20:21:50+00,,,,,,{},"{""ref"": ""3368"", ""name"": ""CAT Scale"", ""brand"": ""CAT Scale"", ""amenity"": ""weighbridge"", ""website"": ""https://catscale.com/cat-scale-locator/?single=3368"", ""operator"": ""Pilot Travel Center"", ""check_date"": ""2024-02-10"", ""brand:wikidata"": ""Q111631907"", ""operator:phone"": ""+1 661-569-1720"", ""operator:website"": ""https://locations.pilotflyingj.com/us/ca/palmdale/5231-pearblossom-hwy"", ""operator:wikidata"": ""Q64128179""}"
node/12100300418,CAT Scale,,POINT(-122.2080793 39.7501865),osm_pois,981,2026-07-22 20:25:30.476626+00,2026-07-21 20:21:50+00,,,,,,{},"{""ref"": ""1861"", ""name"": ""CAT Scale"", ""brand"": ""CAT Scale"", ""amenity"": ""weighbridge"", ""website"": ""https://catscale.com/cat-scale-locator/?single=1861"", ""operator"": ""Pilot Travel Center"", ""check_date"": ""2024-02-10"", ""brand:wikidata"": ""Q111631907"", ""operator:phone"": ""+1 530-865-0108"", ""operator:website"": ""https://locations.pilotflyingj.com/us/ca/orland/4444-commerce-lane"", ""operator:wikidata"": ""Q64128179""}"
node/12101361994,CAT Scale,,POINT(-83.3665112 41.924245),osm_pois,981,2026-07-22 20:25:30.476626+00,2026-07-21 20:21:50+00,,,,,,{},"{""ref"": ""897"", ""name"": ""CAT Scale"", ""brand"": ""CAT Scale"", ""amenity"": ""weighbridge"", ""website"": ""https://catscale.com/cat-scale-locator/?single=897"", ""operator"": ""Pilot Travel Center"", ""check_date"": ""2024-02-10"", ""brand:wikidata"": ""Q111631907"", ""operator:phone"": ""+1 734-242-9650"", ""operator:website"": ""https://locations.pilotflyingj.com/us/mi/monroe/1100-north-dixie-highway"", ""operator:wikidata"": ""Q64128179""}"
node/12101361996,CAT Scale,,POINT(-83.3620176 41.9280002),osm_pois,981,2026-07-22 20:25:30.476626+00,2026-07-21 20:21:50+00,,,,,,{},"{""ref"": ""675"", ""name"": ""CAT Scale"", ""brand"": ""CAT Scale"", ""amenity"": ""weighbridge"", ""website"": ""https://catscale.com/cat-scale-locator/?single=675"", ""operator"": ""TA"", ""check_date"": ""2024-02-10"", ""brand:wikidata"": ""Q111631907"", ""operator:phone"": ""+1 734-384-7952"", ""operator:website"": ""https://www.ta-petro.com/location/mi/ta-monroe/"", ""operator:wikidata"": ""Q7835892""}"
node/12101361998,CAT Scale,,POINT(-83.3543662 41.9636338),osm_pois,981,2026-07-22 20:25:30.476626+00,2026-07-21 20:21:50+00,,,,,,{},"{""ref"": ""101"", ""name"": ""CAT Scale"", ""brand"": ""CAT Scale"", ""amenity"": ""weighbridge"", ""website"": ""https://catscale.com/cat-scale-locator/?single=101"", ""operator"": ""Pilot Travel Center"", ""check_date"": ""2024-02-10"", ""brand:wikidata"": ""Q111631907"", ""operator:phone"": ""+1 734-457-3500"", ""operator:website"": ""https://locations.pilotflyingj.com/us/mi/monroe/1200-nadeau-road"", ""operator:wikidata"": ""Q64128179""}"
node/12101432336,CAT Scale,,POINT(-117.0800972 34.8543367),osm_pois,981,2026-07-22 20:25:30.476626+00,2026-07-21 20:21:50+00,,,,,,{},"{""ref"": ""1411"", ""name"": ""CAT Scale"", ""brand"": ""CAT Scale"", ""amenity"": ""weighbridge"", ""website"": ""https://catscale.com/cat-scale-locator/?single=1411"", ""operator"": ""Flying J Travel Center"", ""check_date"": ""2024-02-10"", ""brand:wikidata"": ""Q111631907"", ""operator:phone"": ""+1 760-441-7068"", ""operator:wikidata"": ""Q64130592""}"
node/12101442674,CAT Scale,,POINT(-82.5412776 42.9767763),osm_pois,981,2026-07-22 20:25:30.476626+00,2026-07-21 20:21:50+00,,,,,,{},"{""ref"": ""1637"", ""name"": ""CAT Scale"", ""brand"": ""CAT Scale"", ""amenity"": ""weighbridge"", ""website"": ""https://catscale.com/cat-scale-locator/?single=1637"", ""operator"": ""Pilot Travel Center"", ""check_date"": ""2024-02-10"", ""brand:wikidata"": ""Q111631907"", ""operator:phone"": ""+1 810-642-2064"", ""operator:website"": ""https://locations.pilotflyingj.com/us/mi/smiths-creek/2424-wadhams-road"", ""operator:wikidata"": ""Q64128179""}"
node/12101445818,CAT Scale,,POINT(-117.3988525 34.4090739),osm_pois,981,2026-07-22 20:25:30.476626+00,2026-07-21 20:21:50+00,,,,,,{},"{""ref"": ""341"", ""name"": ""CAT Scale"", ""brand"": ""CAT Scale"", ""amenity"": ""weighbridge"", ""website"": ""https://catscale.com/cat-scale-locator/?single=341"", ""operator"": ""Pilot Travel Center"", ""check_date"": ""2024-02-10"", ""brand:wikidata"": ""Q111631907"", ""operator:phone"": ""+1 760-956-2844"", ""operator:website"": ""https://locations.pilotflyingj.com/us/ca/hesperia/8701-highway-395"", ""operator:wikidata"": ""Q64128179""}"
node/12101453183,CAT Scale,,POINT(-118.8877934 34.8156839),osm_pois,981,2026-07-22 20:25:30.476626+00,2026-07-21 20:21:50+00,,,,,,{},"{""ref"": ""1414"", ""name"": ""CAT Scale"", ""brand"": ""CAT Scale"", ""amenity"": ""weighbridge"", ""website"": ""https://catscale.com/cat-scale-locator/?single=1414"", ""operator"": ""Flying J Travel Center"", ""check_date"": ""2024-02-10"", ""brand:wikidata"": ""Q111631907"", ""operator:phone"": ""+1 661-248-2600"", ""operator:wikidata"": ""Q64130592""}"
node/12101455922,CAT Scale,,POINT(-83.2399224 42.1379037),osm_pois,981,2026-07-22 20:25:30.476626+00,2026-07-21 20:21:50+00,,,,,,{},"{""ref"": ""1608"", ""name"": ""CAT Scale"", ""brand"": ""CAT Scale"", ""amenity"": ""weighbridge"", ""website"": ""https://catscale.com/cat-scale-locator/?single=1608"", ""operator"": ""Flying J Travel Center"", ""check_date"": ""2024-02-10"", ""brand:wikidata"": ""Q111631907"", ""operator:phone"": ""+1 734-675-0222"", ""operator:wikidata"": ""Q64130592""}"
node/12101461462,CAT Scale,,POINT(-117.526052 34.0160351),osm_pois,981,2026-07-22 20:25:30.476626+00,2026-07-21 20:21:50+00,,,,,,{},"{""ref"": ""3130"", ""name"": ""CAT Scale"", ""brand"": ""CAT Scale"", ""amenity"": ""weighbridge"", ""website"": ""https://catscale.com/cat-scale-locator/?single=3130"", ""operator"": ""Flying J Travel Center"", ""check_date"": ""2024-02-10"", ""brand:wikidata"": ""Q111631907"", ""operator:phone"": ""+1 951-681-1032"", ""operator:wikidata"": ""Q64130592""}"
node/12101462235,CAT Scale,,POINT(-117.0868832 34.85457),osm_pois,981,2026-07-22 20:25:30.476626+00,2026-07-21 20:21:50+00,,,,,,{},"{""ref"": ""47"", ""name"": ""CAT Scale"", ""brand"": ""CAT Scale"", ""amenity"": ""weighbridge"", ""website"": ""https://catscale.com/cat-scale-locator/?single=47"", ""operator"": ""Pilot Travel Center"", ""check_date"": ""2024-02-10"", ""brand:wikidata"": ""Q111631907"", ""operator:phone"": ""+1 760-253-2861"", ""operator:website"": ""https://locations.pilotflyingj.com/us/ca/barstow/2591-commerce-parkway"", ""operator:wikidata"": ""Q64128179""}"
node/12101462368,CAT Scale,,POINT(-116.546756 33.9031824),osm_pois,981,2026-07-22 20:25:30.476626+00,2026-07-21 20:21:50+00,,,,,,{},"{""ref"": ""348"", ""name"": ""CAT Scale"", ""brand"": ""CAT Scale"", ""amenity"": ""weighbridge"", ""website"": ""https://catscale.com/cat-scale-locator/?single=348"", ""operator"": ""Pilot Travel Center"", ""check_date"": ""2024-02-10"", ""brand:wikidata"": ""Q111631907"", ""operator:phone"": ""+1 760-329-5562"", ""operator:website"": ""https://locations.pilotflyingj.com/us/ca/north-palm-springs/6605-n.-indian-canyon-drive"", ""operator:wikidata"": ""Q64128179""}"
node/12101463256,CAT Scale,,POINT(-119.6586737 35.6149142),osm_pois,981,2026-07-22 20:25:30.476626+00,2026-07-21 20:21:50+00,,,,,,{},"{""ref"": ""686"", ""name"": ""CAT Scale"", ""brand"": ""CAT Scale"", ""amenity"": ""weighbridge"", ""website"": ""https://catscale.com/cat-scale-locator/?single=686"", ""operator"": ""Pilot Travel Center"", ""check_date"": ""2024-02-10"", ""brand:wikidata"": ""Q111631907"", ""operator:phone"": ""+1 661-797-2122"", ""operator:website"": ""https://locations.pilotflyingj.com/us/ca/lost-hills/14808-warren-street"", ""operator:wikidata"": ""Q64128179""}"
node/12101468455,CAT Scale,,POINT(-117.4934953 34.0642753),osm_pois,981,2026-07-22 20:25:30.476626+00,2026-07-21 20:21:50+00,,,,,,{},"{""ref"": ""1614"", ""name"": ""CAT Scale"", ""brand"": ""CAT Scale"", ""amenity"": ""weighbridge"", ""website"": ""https://catscale.com/cat-scale-locator/?single=1614"", ""brand:wikidata"": ""Q111631907""}"
node/12101487481,CAT Scale,,POINT(-82.5599441 42.8637211),osm_pois,981,2026-07-22 20:25:30.476626+00,2026-07-21 20:21:50+00,,,,,,{},"{""ref"": ""3159"", ""name"": ""CAT Scale"", ""brand"": ""CAT Scale"", ""amenity"": ""weighbridge"", ""website"": ""https://catscale.com/cat-scale-locator/?single=3159"", ""operator"": ""Love's Travel Stop"", ""check_date"": ""2024-02-10"", ""brand:wikidata"": ""Q111631907"", ""operator:phone"": ""+1 810-326-4173"", ""operator:website"": ""https://www.loves.com/locations/745"", ""operator:wikidata"": ""Q1872496""}"
node/12101492181,CAT Scale,,POINT(-83.3450705 41.9658309),osm_pois,981,2026-07-22 20:25:30.476626+00,2026-07-21 20:21:50+00,,,,,,{},"{""ref"": ""1971"", ""name"": ""CAT Scale"", ""brand"": ""CAT Scale"", ""amenity"": ""weighbridge"", ""website"": ""https://catscale.com/cat-scale-locator/?single=1971"", ""operator"": ""Love's Travel Stop"", ""check_date"": ""2024-02-10"", ""brand:wikidata"": ""Q111631907"", ""operator:phone"": ""+1 734-289-4111"", ""operator:website"": ""https://www.loves.com/locations/645"", ""operator:wikidata"": ""Q1872496""}"
node/12101505062,CAT Scale,,POINT(-121.2759867 37.8568864),osm_pois,981,2026-07-22 20:25:30.476626+00,2026-07-21 20:21:50+00,,,,,,{},"{""ref"": ""1961"", ""name"": ""CAT Scale"", ""brand"": ""CAT Scale"", ""amenity"": ""weighbridge"", ""website"": ""https://catscale.com/cat-scale-locator/?single=1961"", ""operator"": ""Flying J Travel Center"", ""check_date"": ""2024-02-10"", ""brand:wikidata"": ""Q111631907"", ""operator:phone"": ""+1 209-982-1460"", ""operator:wikidata"": ""Q64130592""}"
node/12101716961,CAT Scale,,POINT(-80.9014414 27.6999179),osm_pois,981,2026-07-22 20:25:30.476626+00,2026-07-21 20:21:50+00,,,,,,{},"{""ref"": ""848"", ""name"": ""CAT Scale"", ""brand"": ""CAT Scale"", ""amenity"": ""weighbridge"", ""website"": ""https://catscale.com/cat-scale-locator/?single=848"", ""operator"": ""Pilot Travel Center"", ""check_date"": ""2024-02-10"", ""brand:wikidata"": ""Q111631907"", ""operator:phone"": ""+1 407-436-1224"", ""operator:website"": ""https://locations.pilotflyingj.com/us/fl/okeechobee/3051-state-road-60"", ""operator:wikidata"": ""Q64128179""}"
node/12101718058,,,POINT(-117.2889836 34.0627079),osm_pois,981,2026-07-22 20:25:30.476626+00,2026-07-21 20:21:50+00,,,,,,{},"{""amenity"": ""weighbridge""}"
node/12101745409,CAT Scale,,POINT(-118.6190648 34.4946139),osm_pois,981,2026-07-22 20:25:30.476626+00,2026-07-21 20:21:50+00,,,,,,{},"{""ref"": ""343"", ""name"": ""CAT Scale"", ""brand"": ""CAT Scale"", ""amenity"": ""weighbridge"", ""website"": ""https://catscale.com/cat-scale-locator/?single=343"", ""operator"": ""Pilot Travel Center"", ""check_date"": ""2024-02-10"", ""brand:wikidata"": ""Q111631907"", ""operator:phone"": ""+1 661-243-0487"", ""operator:website"": ""https://locations.pilotflyingj.com/us/ca/castaic/31642-castaic-road"", ""operator:wikidata"": ""Q64128179""}"
node/12101745433,CAT Scale,,POINT(-82.3212875 28.3272083),osm_pois,981,2026-07-22 20:25:30.476626+00,2026-07-21 20:21:50+00,,,,,,{},"{""ref"": ""1534"", ""name"": ""CAT Scale"", ""brand"": ""CAT Scale"", ""amenity"": ""weighbridge"", ""website"": ""https://catscale.com/cat-scale-locator/?single=1534"", ""operator"": ""Flying J Travel Center"", ""check_date"": ""2024-02-10"", ""brand:wikidata"": ""Q111631907"", ""operator:phone"": ""+1 352-588-5444"", ""operator:wikidata"": ""Q64130592""}"
node/12101756290,CAT Scale,,POINT(-81.8022949 26.6555038),osm_pois,981,2026-07-22 20:25:30.476626+00,2026-07-21 20:21:50+00,,,,,,{},"{""ref"": ""412"", ""name"": ""CAT Scale"", ""brand"": ""CAT Scale"", ""amenity"": ""weighbridge"", ""website"": ""https://catscale.com/cat-scale-locator/?single=412"", ""operator"": ""Pilot Travel Center"", ""check_date"": ""2024-02-10"", ""brand:wikidata"": ""Q111631907"", ""operator:phone"": ""+1 239-693-6868"", ""operator:website"": ""https://locations.pilotflyingj.com/us/fl/fort-myers/6050-plaza-drive"", ""operator:wikidata"": ""Q64128179""}"
node/12101766449,CAT Scale,,POINT(-121.9501385 38.8617242),osm_pois,981,2026-07-22 20:25:30.476626+00,2026-07-21 20:21:50+00,,,,,,{},"{""ref"": ""613"", ""name"": ""CAT Scale"", ""brand"": ""CAT Scale"", ""amenity"": ""weighbridge"", ""website"": ""https://catscale.com/cat-scale-locator/?single=613"", ""operator"": ""Pilot Travel Center"", ""check_date"": ""2024-02-10"", ""brand:wikidata"": ""Q111631907"", ""operator:phone"": ""+1 530-724-3060"", ""operator:website"": ""https://locations.pilotflyingj.com/us/ca/dunnigan/30035-county-road-8"", ""operator:wikidata"": ""Q64128179""}"
node/12101772226,CAT Scale,,POINT(-117.5431538 34.9914208),osm_pois,981,2026-07-22 20:25:30.476626+00,2026-07-21 20:21:50+00,,,,,,{},"{""ref"": ""783"", ""name"": ""CAT Scale"", ""brand"": ""CAT Scale"", ""amenity"": ""weighbridge"", ""website"": ""https://catscale.com/cat-scale-locator/?single=783"", ""operator"": ""Pilot Travel Center"", ""check_date"": ""2024-02-10"", ""brand:wikidata"": ""Q111631907"", ""operator:phone"": ""+1 760-762-0041"", ""operator:website"": ""https://locations.pilotflyingj.com/us/ca/boron/5725-ca-58"", ""operator:wikidata"": ""Q64128179""}"
node/12101772806,CAT Scale,,POINT(-121.3959512 38.1179923),osm_pois,981,2026-07-22 20:25:30.476626+00,2026-07-21 20:21:50+00,,,,,,{},"{""ref"": ""1415"", ""name"": ""CAT Scale"", ""brand"": ""CAT Scale"", ""amenity"": ""weighbridge"", ""website"": ""https://catscale.com/cat-scale-locator/?single=1415"", ""operator"": ""Flying J Travel Center"", ""check_date"": ""2024-02-10"", ""brand:wikidata"": ""Q111631907"", ""operator:phone"": ""+1 209-339-4066"", ""operator:wikidata"": ""Q64130592""}"
node/12101774248,CAT Scale,,POINT(-115.5037549 32.9773751),osm_pois,981,2026-07-22 20:25:30.476626+00,2026-07-21 20:21:50+00,,,,,,{},"{""ref"": ""3132"", ""name"": ""CAT Scale"", ""brand"": ""CAT Scale"", ""amenity"": ""weighbridge"", ""website"": ""https://catscale.com/cat-scale-locator/?single=3132"", ""operator"": ""Pilot Travel Center"", ""brand:wikidata"": ""Q111631907"", ""operator:phone"": ""+1 760-344-3695"", ""operator:website"": ""https://locations.pilotflyingj.com/us/ca/brawley/234-ben-hulse-hwy"", ""operator:wikidata"": ""Q64128179""}"
node/12101778957,CAT Scale,,POINT(-108.6472991 39.1125308),osm_pois,981,2026-07-22 20:25:30.476626+00,2026-07-21 20:21:50+00,,,,,,{},"{""ref"": ""1727"", ""name"": ""CAT Scale"", ""brand"": ""CAT Scale"", ""amenity"": ""weighbridge"", ""website"": ""https://catscale.com/cat-scale-locator/?single=1727"", ""operator"": ""Pilot Travel Center"", ""check_date"": ""2024-02-10"", ""brand:wikidata"": ""Q111631907"", ""operator:phone"": ""+1 970-245-1491"", ""operator:website"": ""https://locations.pilotflyingj.com/us/co/grand-junction/2195-hwy-6-and-50"", ""operator:wikidata"": ""Q64128179""}"
node/12101781039,CAT Scale,,POINT(-73.0228213 41.2364386),osm_pois,981,2026-07-22 20:25:30.476626+00,2026-07-21 20:21:50+00,,,,,,{},"{""ref"": ""690"", ""name"": ""CAT Scale"", ""brand"": ""CAT Scale"", ""amenity"": ""weighbridge"", ""website"": ""https://catscale.com/cat-scale-locator/?single=690"", ""operator"": ""Pilot Travel Center"", ""check_date"": ""2024-02-10"", ""brand:wikidata"": ""Q111631907"", ""operator:phone"": ""+1 203-876-1266"", ""operator:website"": ""https://locations.pilotflyingj.com/us/ct/milford/433-old-gate-lane"", ""operator:wikidata"": ""Q64128179""}"
node/12101783231,CAT Scale,,POINT(-104.8537087 39.0550427),osm_pois,981,2026-07-22 20:25:30.476626+00,2026-07-21 20:21:50+00,,,,,,{},"{""ref"": ""3119"", ""name"": ""CAT Scale"", ""brand"": ""CAT Scale"", ""amenity"": ""weighbridge"", ""website"": ""https://catscale.com/cat-scale-locator/?single=3119"", ""operator"": ""Pilot Travel Center"", ""check_date"": ""2024-02-10"", ""brand:wikidata"": ""Q111631907"", ""operator:phone"": ""+1 719-487-7555"", ""operator:wikidata"": ""Q64128179""}"
node/12101787514,CAT Scale,,POINT(-80.7157373 26.6665889),osm_pois,981,2026-07-22 20:25:30.476626+00,2026-07-21 20:21:50+00,,,,,,{},"{""ref"": ""1875"", ""name"": ""CAT Scale"", ""brand"": ""CAT Scale"", ""amenity"": ""weighbridge"", ""website"": ""https://catscale.com/cat-scale-locator/?single=1875"", ""operator"": ""Pilot Travel Center"", ""check_date"": ""2024-02-10"", ""brand:wikidata"": ""Q111631907"", ""operator:phone"": ""+1 561-996-1740"", ""operator:website"": ""https://locations.pilotflyingj.com/us/fl/south-bay/210-us-highway-27-north"", ""operator:wikidata"": ""Q64128179""}"
node/12101787810,CAT Scale,,POINT(-104.7941878 39.7629069),osm_pois,981,2026-07-22 20:25:30.476626+00,2026-07-21 20:21:50+00,,,,,,{},"{""ref"": ""1418"", ""name"": ""CAT Scale"", ""brand"": ""CAT Scale"", ""amenity"": ""weighbridge"", ""website"": ""https://catscale.com/cat-scale-locator/?single=1418"", ""operator"": ""Flying J Travel Center"", ""check_date"": ""2024-02-10"", ""brand:wikidata"": ""Q111631907"", ""operator:phone"": ""+1 720-615-0167"", ""operator:wikidata"": ""Q64130592""}"
node/12101791977,CAT Scale,,POINT(-81.3443238 29.7510501),osm_pois,981,2026-07-22 20:25:30.476626+00,2026-07-21 20:21:50+00,,,,,,{},"{""ref"": ""1420"", ""name"": ""CAT Scale"", ""brand"": ""CAT Scale"", ""amenity"": ""weighbridge"", ""website"": ""https://catscale.com/cat-scale-locator/?single=1420"", ""operator"": ""Flying J Travel Center"", ""check_date"": ""2024-02-10"", ""brand:wikidata"": ""Q111631907"", ""operator:phone"": ""+1 904-794-0426"", ""operator:wikidata"": ""Q64130592""}"
node/12101799257,CAT Scale,,POINT(-81.638141 28.1181015),osm_pois,981,2026-07-22 20:25:30.476626+00,2026-07-21 20:21:50+00,,,,,,{},"{""ref"": ""1387"", ""name"": ""CAT Scale"", ""brand"": ""CAT Scale"", ""amenity"": ""weighbridge"", ""website"": ""https://catscale.com/cat-scale-locator/?single=1387"", ""operator"": ""Pilot Travel Center"", ""check_date"": ""2024-02-10"", ""brand:wikidata"": ""Q111631907"", ""operator:phone"": ""+1 863-421-3571"", ""operator:website"": ""https://locations.pilotflyingj.com/us/fl/haines-city/35647-us-hwy-27-north"", ""operator:wikidata"": ""Q64128179""}"
node/12103686263,CAT Scale,,POINT(-81.9837302 30.2843075),osm_pois,981,2026-07-22 20:25:30.476626+00,2026-07-21 20:21:50+00,,,,,,{},"{""ref"": ""479"", ""name"": ""CAT Scale"", ""brand"": ""CAT Scale"", ""amenity"": ""weighbridge"", ""website"": ""https://catscale.com/cat-scale-locator/?single=479"", ""operator"": ""Pilot Travel Center"", ""check_date"": ""2024-02-10"", ""brand:wikidata"": ""Q111631907"", ""operator:phone"": ""+1 904-266-4238"", ""operator:website"": ""https://locations.pilotflyingj.com/us/fl/baldwin/1050-us-301-south"", ""operator:wikidata"": ""Q64128179""}"
node/12103736096,CAT Scale,,POINT(-81.71896 27.9175962),osm_pois,981,2026-07-22 20:25:30.476626+00,2026-07-21 20:21:50+00,,,,,,{},"{""ref"": ""3128"", ""name"": ""CAT Scale"", ""brand"": ""CAT Scale"", ""amenity"": ""weighbridge"", ""website"": ""https://catscale.com/cat-scale-locator/?single=3128"", ""operator"": ""Pilot Travel Center"", ""check_date"": ""2024-02-10"", ""brand:wikidata"": ""Q111631907"", ""operator:phone"": ""+1 863-537-1000"", ""operator:website"": ""https://locations.pilotflyingj.com/us/fl/bartow/7990-state-route-60"", ""operator:wikidata"": ""Q64128179""}"
node/12103749478,CAT Scale,,POINT(-83.0770898 33.5474283),osm_pois,981,2026-07-22 20:25:30.476626+00,2026-07-21 20:21:50+00,,,,,,{},"{""ref"": ""1536"", ""name"": ""CAT Scale"", ""brand"": ""CAT Scale"", ""amenity"": ""weighbridge"", ""website"": ""https://catscale.com/cat-scale-locator/?single=1536"", ""operator"": ""Flying J Travel Center"", ""check_date"": ""2024-02-10"", ""brand:wikidata"": ""Q111631907"", ""operator:phone"": ""+1 706-486-4836"", ""operator:wikidata"": ""Q64130592""}"
node/12103774876,CAT Scale,,POINT(-82.159659 29.0249203),osm_pois,981,2026-07-22 20:25:30.476626+00,2026-07-21 20:21:50+00,,,,,,{},"{""ref"": ""119"", ""name"": ""CAT Scale"", ""brand"": ""CAT Scale"", ""amenity"": ""weighbridge"", ""website"": ""https://catscale.com/cat-scale-locator/?single=119"", ""operator"": ""Pilot Travel Center"", ""check_date"": ""2026-03-26"", ""brand:wikidata"": ""Q111631907"", ""operator:phone"": ""+1 352-347-8555"", ""operator:website"": ""https://locations.pilotflyingj.com/us/fl/ocala/2020-sw-highway-484"", ""operator:wikidata"": ""Q64128179""}"
node/12103786342,CAT Scale,,POINT(-81.494278 30.065258),osm_pois,981,2026-07-22 20:25:30.476626+00,2026-07-21 20:21:50+00,,,,,,{},"{""ref"": ""292"", ""name"": ""CAT Scale"", ""brand"": ""CAT Scale"", ""amenity"": ""weighbridge"", ""website"": ""https://catscale.com/cat-scale-locator/?single=292"", ""operator"": ""Pilot Travel Center"", ""check_date"": ""2024-02-10"", ""brand:wikidata"": ""Q111631907"", ""operator:phone"": ""+1 904-826-3618"", ""operator:website"": ""https://locations.pilotflyingj.com/us/fl/jacksonville/1625-county-road-210-west"", ""operator:wikidata"": ""Q64128179""}"
node/12103786343,CAT Scale,,POINT(-82.1896568 29.2659132),osm_pois,981,2026-07-22 20:25:30.476626+00,2026-07-21 20:21:50+00,,,,,,{},"{""ref"": ""680"", ""name"": ""CAT Scale"", ""brand"": ""CAT Scale"", ""amenity"": ""weighbridge"", ""website"": ""https://catscale.com/cat-scale-locator/?single=680"", ""operator"": ""Pilot Travel Center"", ""check_date"": ""2024-02-10"", ""brand:wikidata"": ""Q111631907"", ""operator:phone"": ""+1 352-867-8300"", ""operator:website"": ""https://locations.pilotflyingj.com/us/fl/ocala/4032-west-highway-326"", ""operator:wikidata"": ""Q64128179""}"
node/12103789041,CAT Scale,,POINT(-85.5434172 34.7701809),osm_pois,981,2026-07-22 20:25:30.476626+00,2026-07-21 20:21:50+00,,,,,,{},"{""ref"": ""122"", ""name"": ""CAT Scale"", ""brand"": ""CAT Scale"", ""amenity"": ""weighbridge"", ""website"": ""https://catscale.com/cat-scale-locator/?single=122"", ""operator"": ""Pilot Travel Center"", ""check_date"": ""2024-02-10"", ""brand:wikidata"": ""Q111631907"", ""operator:website"": ""https://locations.pilotflyingj.com/us/ga/rising-fawn/319-deer-head-cove-road"", ""operator:wikidata"": ""Q64128179""}"
node/12103800014,CAT Scale,,POINT(-82.095176 28.8733457),osm_pois,981,2026-07-22 20:25:30.476626+00,2026-07-21 20:21:50+00,,,,,,{},"{""ref"": ""37"", ""name"": ""CAT Scale"", ""brand"": ""CAT Scale"", ""amenity"": ""weighbridge"", ""website"": ""https://catscale.com/cat-scale-locator/?single=37"", ""operator"": ""Pilot Travel Center"", ""check_date"": ""2024-02-10"", ""brand:wikidata"": ""Q111631907"", ""operator:phone"": ""+1 352-748-4486"", ""operator:website"": ""https://locations.pilotflyingj.com/us/fl/wildwood/493-east-state-route-44"", ""operator:wikidata"": ""Q64128179""}"
node/12103810556,CAT Scale,,POINT(-81.6497469 30.7615705),osm_pois,981,2026-07-22 20:25:30.476626+00,2026-07-21 20:21:50+00,,,,,,{},"{""ref"": ""1661"", ""name"": ""CAT Scale"", ""brand"": ""CAT Scale"", ""amenity"": ""weighbridge"", ""website"": ""https://catscale.com/cat-scale-locator/?single=1661"", ""operator"": ""Pilot Travel Center"", ""check_date"": ""2024-02-10"", ""brand:wikidata"": ""Q111631907"", ""operator:phone"": ""+1 912-576-8460"", ""operator:website"": ""https://locations.pilotflyingj.com/us/ga/st.-mary's/491-st.-mary's-road"", ""operator:wikidata"": ""Q64128179""}"
node/12103811571,CAT Scale,,POINT(-81.1954397 32.1878053),osm_pois,981,2026-07-22 20:25:30.476626+00,2026-07-21 20:21:50+00,,,,,,{},"{""ref"": ""557"", ""name"": ""CAT Scale"", ""brand"": ""CAT Scale"", ""amenity"": ""weighbridge"", ""website"": ""https://catscale.com/cat-scale-locator/?single=557"", ""operator"": ""Pilot Travel Center"", ""check_date"": ""2024-02-10"", ""brand:wikidata"": ""Q111631907"", ""operator:phone"": ""+1 912-964-7006"", ""operator:website"": ""https://locations.pilotflyingj.com/us/ga/port-wentworth/7001-highway-21"", ""operator:wikidata"": ""Q64128179""}"
node/12103817752,CAT Scale,,POINT(-82.1915866 29.2686344),osm_pois,981,2026-07-22 20:25:30.476626+00,2026-07-21 20:21:50+00,,,,,,{},"{""ref"": ""82"", ""name"": ""CAT Scale"", ""brand"": ""CAT Scale"", ""amenity"": ""weighbridge"", ""website"": ""https://catscale.com/cat-scale-locator/?single=82"", ""operator"": ""Pilot Travel Center"", ""check_date"": ""2024-02-10"", ""brand:wikidata"": ""Q111631907"", ""operator:phone"": ""+1 352-402-9081"", ""operator:website"": ""https://locations.pilotflyingj.com/us/fl/ocala/4255-nw-highway-326"", ""operator:wikidata"": ""Q64128179""}"
node/12103819064,CAT Scale,,POINT(-82.0904714 28.8747679),osm_pois,981,2026-07-22 20:25:30.476626+00,2026-07-21 20:21:50+00,,,,,,{},"{""ref"": ""1624"", ""name"": ""CAT Scale"", ""brand"": ""CAT Scale"", ""amenity"": ""weighbridge"", ""website"": ""https://catscale.com/cat-scale-locator/?single=1624"", ""operator"": ""Pilot Travel Center"", ""check_date"": ""2024-02-10"", ""brand:wikidata"": ""Q111631907"", ""operator:phone"": ""+1 352-352-3155"", ""operator:website"": ""https://locations.pilotflyingj.com/us/fl/wildwood/744-e-state-road-44"", ""operator:wikidata"": ""Q64128179""}"
node/12103825743,CAT Scale,,POINT(-81.7631695 30.3710887),osm_pois,981,2026-07-22 20:25:30.476626+00,2026-07-21 20:21:50+00,,,,,,{},"{""ref"": ""1839"", ""name"": ""CAT Scale"", ""brand"": ""CAT Scale"", ""amenity"": ""weighbridge"", ""website"": ""https://catscale.com/cat-scale-locator/?single=1839"", ""operator"": ""Pilot Travel Center"", ""check_date"": ""2024-02-10"", ""brand:wikidata"": ""Q111631907"", ""operator:phone"": ""+1 904-786-7844"", ""operator:website"": ""https://locations.pilotflyingj.com/us/fl/jacksonville/4075-jones-branch-road"", ""operator:wikidata"": ""Q64128179""}"
node/12103827715,CAT Scale,,POINT(-80.3971875 27.4501926),osm_pois,981,2026-07-22 20:25:30.476626+00,2026-07-21 20:21:50+00,,,,,,{},"{""ref"": ""1421"", ""name"": ""CAT Scale"", ""brand"": ""CAT Scale"", ""amenity"": ""weighbridge"", ""website"": ""https://catscale.com/cat-scale-locator/?single=1421"", ""operator"": ""Flying J Travel Center"", ""check_date"": ""2024-02-10"", ""brand:wikidata"": ""Q111631907"", ""operator:phone"": ""+1 772-461-0091"", ""operator:wikidata"": ""Q64130592""}"
node/12103827734,CAT Scale,,POINT(-81.6554573 30.7604723),osm_pois,981,2026-07-22 20:25:30.476626+00,2026-07-21 20:21:50+00,,,,,,{},"{""ref"": ""649"", ""name"": ""CAT Scale"", ""brand"": ""CAT Scale"", ""amenity"": ""weighbridge"", ""website"": ""https://catscale.com/cat-scale-locator/?single=649"", ""operator"": ""Pilot Travel Center"", ""check_date"": ""2024-02-10"", ""brand:wikidata"": ""Q111631907"", ""operator:phone"": ""+1 912-576-7858"", ""operator:website"": ""https://locations.pilotflyingj.com/us/ga/kingsland/2607-scrubby-bluff-road"", ""operator:wikidata"": ""Q64128179""}"
node/12103834991,CAT Scale,,POINT(-80.8018094 28.3741763),osm_pois,981,2026-07-22 20:25:30.476626+00,2026-07-21 20:21:50+00,,,,,,{},"{""ref"": ""1962"", ""name"": ""CAT Scale"", ""brand"": ""CAT Scale"", ""amenity"": ""weighbridge"", ""website"": ""https://catscale.com/cat-scale-locator/?single=1962"", ""operator"": ""Flying J Travel Center"", ""check_date"": ""2024-02-10"", ""brand:wikidata"": ""Q111631907"", ""operator:phone"": ""+1 321-433-3150"", ""operator:wikidata"": ""Q64130592""}"
node/12103836004,CAT Scale,,POINT(-80.4006583 27.4140573),osm_pois,981,2026-07-22 20:25:30.476626+00,2026-07-21 20:21:50+00,,,,,,{},"{""ref"": ""748"", ""name"": ""CAT Scale"", ""brand"": ""CAT Scale"", ""amenity"": ""weighbridge"", ""website"": ""https://catscale.com/cat-scale-locator/?single=748"", ""operator"": ""Pilot Travel Center"", ""check_date"": ""2024-02-10"", ""brand:wikidata"": ""Q111631907"", ""operator:phone"": ""+1 772-732-2084"", ""operator:website"": ""https://locations.pilotflyingj.com/us/fl/fort-pierce/7300-west-okeechobee-road"", ""operator:wikidata"": ""Q64128179""}"
node/12103836009,CAT Scale,,POINT(-83.0581936 30.5157763),osm_pois,981,2026-07-22 20:25:30.476626+00,2026-07-21 20:21:50+00,,,,,,{},"{""ref"": ""1749"", ""name"": ""CAT Scale"", ""brand"": ""CAT Scale"", ""amenity"": ""weighbridge"", ""website"": ""https://catscale.com/cat-scale-locator/?single=1749"", ""operator"": ""Pilot Travel Center"", ""check_date"": ""2024-02-10"", ""brand:wikidata"": ""Q111631907"", ""operator:phone"": ""+1 386-638-1635"", ""operator:website"": ""https://locations.pilotflyingj.com/us/fl/jasper/8067-w-fl-6"", ""operator:wikidata"": ""Q64128179""}"
node/12103854306,CAT Scale,,POINT(-84.9033281 33.7211428),osm_pois,981,2026-07-22 20:25:30.476626+00,2026-07-21 20:21:50+00,,,,,,{},"{""ref"": ""309"", ""name"": ""CAT Scale"", ""brand"": ""CAT Scale"", ""amenity"": ""weighbridge"", ""website"": ""https://catscale.com/cat-scale-locator/?single=309"", ""operator"": ""Pilot Travel Center"", ""check_date"": ""2024-02-10"", ""brand:wikidata"": ""Q111631907"", ""operator:phone"": ""+1 770-456-9941"", ""operator:website"": ""https://locations.pilotflyingj.com/us/ga/villa-rica/95-liberty-road"", ""operator:wikidata"": ""Q64128179""}"
node/12103857391,CAT Scale,,POINT(-84.7778651 33.321539),osm_pois,981,2026-07-22 20:25:30.476626+00,2026-07-21 20:21:50+00,,,,,,{},"{""ref"": ""918"", ""name"": ""CAT Scale"", ""brand"": ""CAT Scale"", ""amenity"": ""weighbridge"", ""website"": ""https://catscale.com/cat-scale-locator/?single=918"", ""operator"": ""Pilot Travel Center"", ""check_date"": ""2024-02-10"", ""brand:wikidata"": ""Q111631907"", ""operator:phone"": ""+1 770-252-3551"", ""operator:website"": ""https://locations.pilotflyingj.com/us/ga/newnan/1645-south-highway-29"", ""operator:wikidata"": ""Q64128179""}"
node/12103858759,CAT Scale,,POINT(-84.9459471 34.5765486),osm_pois,981,2026-07-22 20:25:30.476626+00,2026-07-21 20:21:50+00,,,,,,{},"{""ref"": ""1429"", ""name"": ""CAT Scale"", ""brand"": ""CAT Scale"", ""amenity"": ""weighbridge"", ""website"": ""https://catscale.com/cat-scale-locator/?single=1429"", ""operator"": ""Flying J Travel Center"", ""check_date"": ""2024-02-10"", ""brand:wikidata"": ""Q111631907"", ""operator:phone"": ""+1 706-629-1541"", ""operator:wikidata"": ""Q64130592""}"
node/12103871301,CAT Scale,,POINT(-83.190562 30.6408844),osm_pois,981,2026-07-22 20:25:30.476626+00,2026-07-21 20:21:50+00,,,,,,{},"{""ref"": ""1428"", ""name"": ""CAT Scale"", ""brand"": ""CAT Scale"", ""amenity"": ""weighbridge"", ""website"": ""https://catscale.com/cat-scale-locator/?single=1428"", ""operator"": ""Flying J Travel Center"", ""check_date"": ""2024-02-10"", ""brand:wikidata"": ""Q111631907"", ""operator:phone"": ""+1 229-559-6500"", ""operator:wikidata"": ""Q64130592""}"
node/12103894052,CAT Scale,,POINT(-112.2059329 42.660268),osm_pois,981,2026-07-22 20:25:30.476626+00,2026-07-21 20:21:50+00,,,,,,{},"{""ref"": ""1439"", ""name"": ""CAT Scale"", ""brand"": ""CAT Scale"", ""amenity"": ""weighbridge"", ""website"": ""https://catscale.com/cat-scale-locator/?single=1439"", ""operator"": ""Flying J Travel Center"", ""check_date"": ""2024-02-10"", ""brand:wikidata"": ""Q111631907"", ""operator:phone"": ""+1 208-845-0866"", ""operator:wikidata"": ""Q64130592""}"
node/12103894372,CAT Scale,,POINT(-83.744497 32.6132661),osm_pois,981,2026-07-22 20:25:30.476626+00,2026-07-21 20:21:50+00,,,,,,{},"{""ref"": ""644"", ""name"": ""CAT Scale"", ""brand"": ""CAT Scale"", ""amenity"": ""weighbridge"", ""website"": ""https://catscale.com/cat-scale-locator/?single=644"", ""operator"": ""Pilot Travel Center"", ""check_date"": ""2024-02-10"", ""brand:wikidata"": ""Q111631907"", ""operator:phone"": ""+1 478-956-5316"", ""operator:website"": ""https://locations.pilotflyingj.com/us/ga/byron/2965-highway-247c"", ""operator:wikidata"": ""Q64128179""}"
node/12103895698,CAT Scale,,POINT(-82.9344871 32.4900746),osm_pois,981,2026-07-22 20:25:30.476626+00,2026-07-21 20:21:50+00,,,,,,{},"{""ref"": ""713"", ""name"": ""CAT Scale"", ""brand"": ""CAT Scale"", ""amenity"": ""weighbridge"", ""website"": ""https://catscale.com/cat-scale-locator/?single=713"", ""operator"": ""Pilot Travel Center"", ""check_date"": ""2024-02-10"", ""brand:wikidata"": ""Q111631907"", ""operator:phone"": ""+1 478-275-2143"", ""operator:website"": ""https://locations.pilotflyingj.com/us/ga/dublin/2185-us-441"", ""operator:wikidata"": ""Q64128179""}"
node/12103900628,CAT Scale,,POINT(-84.8082621 34.2720719),osm_pois,981,2026-07-22 20:25:30.476626+00,2026-07-21 20:21:50+00,,,,,,{},"{""ref"": ""622"", ""name"": ""CAT Scale"", ""brand"": ""CAT Scale"", ""amenity"": ""weighbridge"", ""website"": ""https://catscale.com/cat-scale-locator/?single=622"", ""operator"": ""Pilot Travel Center"", ""check_date"": ""2024-02-10"", ""brand:wikidata"": ""Q111631907"", ""operator:phone"": ""+1 770-607-7835"", ""operator:website"": ""https://locations.pilotflyingj.com/us/ga/cartersville/968-cassville-white-road"", ""operator:wikidata"": ""Q64128179""}"
node/12103900630,CAT Scale,,POINT(-114.4420454 42.6494723),osm_pois,981,2026-07-22 20:25:30.476626+00,2026-07-21 20:21:50+00,,,,,,{},"{""ref"": ""1437"", ""name"": ""CAT Scale"", ""brand"": ""CAT Scale"", ""amenity"": ""weighbridge"", ""website"": ""https://catscale.com/cat-scale-locator/?single=1437"", ""operator"": ""Flying J Travel Center"", ""check_date"": ""2024-02-10"", ""brand:wikidata"": ""Q111631907"", ""operator:phone"": ""+1 208-324-3454"", ""operator:wikidata"": ""Q64130592""}"
node/12103900713,CAT Scale,,POINT(-84.9347551 34.5590704),osm_pois,981,2026-07-22 20:25:30.476626+00,2026-07-21 20:21:50+00,,,,,,{},"{""ref"": ""595"", ""name"": ""CAT Scale"", ""brand"": ""CAT Scale"", ""amenity"": ""weighbridge"", ""website"": ""https://catscale.com/cat-scale-locator/?single=595"", ""operator"": ""Pilot Travel Center"", ""check_date"": ""2024-02-10"", ""brand:wikidata"": ""Q111631907"", ""operator:phone"": ""+1 706-625-4368"", ""operator:website"": ""https://locations.pilotflyingj.com/us/ga/calhoun/2111-us-highway-41-ne"", ""operator:wikidata"": ""Q64128179""}"
node/12103901923,CAT Scale,,POINT(-84.0645128 33.2084811),osm_pois,981,2026-07-22 20:25:30.476626+00,2026-07-21 20:21:50+00,,,,,,{},"{""ref"": ""1427"", ""name"": ""CAT Scale"", ""brand"": ""CAT Scale"", ""amenity"": ""weighbridge"", ""website"": ""https://catscale.com/cat-scale-locator/?single=1427"", ""operator"": ""Flying J Travel Center"", ""check_date"": ""2024-02-10"", ""brand:wikidata"": ""Q111631907"", ""operator:phone"": ""+1 770-775-0138"", ""operator:wikidata"": ""Q64130592""}"
node/12103905403,CAT Scale,,POINT(-85.0298674 33.7196124),osm_pois,981,2026-07-22 20:25:30.476626+00,2026-07-21 20:21:50+00,,,,,,{},"{""ref"": ""919"", ""name"": ""CAT Scale"", ""brand"": ""CAT Scale"", ""amenity"": ""weighbridge"", ""website"": ""https://catscale.com/cat-scale-locator/?single=919"", ""operator"": ""Pilot Travel Center"", ""check_date"": ""2024-02-10"", ""brand:wikidata"": ""Q111631907"", ""operator:phone"": ""+1 770-562-9773"", ""operator:website"": ""https://locations.pilotflyingj.com/us/ga/temple/625-carrollton-street"", ""operator:wikidata"": ""Q64128179""}"
node/12105168788,CAT Scale,,POINT(-83.7612642 34.1198138),osm_pois,981,2026-07-22 20:25:30.476626+00,2026-07-21 20:21:50+00,,,,,,{},"{""ref"": ""747"", ""name"": ""CAT Scale"", ""brand"": ""CAT Scale"", ""amenity"": ""weighbridge"", ""website"": ""https://catscale.com/cat-scale-locator/?single=747"", ""operator"": ""Pilot Travel Center"", ""check_date"": ""2024-02-10"", ""brand:wikidata"": ""Q111631907"", ""operator:phone"": ""+1 706-654-2820"", ""operator:website"": ""https://locations.pilotflyingj.com/us/ga/braselton/5888-highway-53"", ""operator:wikidata"": ""Q64128179""}"
node/12105225779,CAT Scale,,POINT(-116.6533203 43.6615931),osm_pois,981,2026-07-22 20:25:30.476626+00,2026-07-21 20:21:50+00,,,,,,{},"{""ref"": ""1436"", ""name"": ""CAT Scale"", ""brand"": ""CAT Scale"", ""amenity"": ""weighbridge"", ""website"": ""https://catscale.com/cat-scale-locator/?single=1436"", ""operator"": ""Flying J Travel Center"", ""check_date"": ""2024-02-10"", ""brand:wikidata"": ""Q111631907"", ""operator:phone"": ""+1 208-453-9225"", ""operator:wikidata"": ""Q64130592""}"
node/12105226777,CAT Scale,,POINT(-84.312229 33.6851757),osm_pois,981,2026-07-22 20:25:30.476626+00,2026-07-21 20:21:50+00,,,,,,{},"{""ref"": ""421"", ""name"": ""CAT Scale"", ""brand"": ""CAT Scale"", ""amenity"": ""weighbridge"", ""website"": ""https://catscale.com/cat-scale-locator/?single=421"", ""operator"": ""Pilot Travel Center"", ""check_date"": ""2024-02-10"", ""brand:wikidata"": ""Q111631907"", ""operator:website"": ""https://locations.pilotflyingj.com/us/ga/atlanta/2605-bouldercrest-road-se"", ""operator:wikidata"": ""Q64128179""}"
node/12105235753,CAT Scale,,POINT(-84.0563492 33.2098999),osm_pois,981,2026-07-22 20:25:30.476626+00,2026-07-21 20:21:50+00,,,,,,{},"{""ref"": ""751"", ""name"": ""CAT Scale"", ""brand"": ""CAT Scale"", ""amenity"": ""weighbridge"", ""website"": ""https://catscale.com/cat-scale-locator/?single=751"", ""operator"": ""Pilot Travel Center"", ""check_date"": ""2024-02-10"", ""brand:wikidata"": ""Q111631907"", ""operator:phone"": ""+1 770-504-9206"", ""operator:website"": ""https://locations.pilotflyingj.com/us/ga/jackson/2995-ga-36"", ""operator:wikidata"": ""Q64128179""}"
node/12105236849,CAT Scale,,POINT(-84.9798521 41.0586587),osm_pois,981,2026-07-22 20:25:30.476626+00,2026-07-21 20:21:50+00,,,,,,{},"{""ref"": ""1647"", ""name"": ""CAT Scale"", ""brand"": ""CAT Scale"", ""amenity"": ""weighbridge"", ""website"": ""https://catscale.com/cat-scale-locator/?single=1647"", ""operator"": ""Flying J Travel Center"", ""check_date"": ""2024-02-10"", ""brand:wikidata"": ""Q111631907"", ""operator:phone"": ""+1 260-493-4035"", ""operator:wikidata"": ""Q64130592""}"
node/12105236857,CAT Scale,,POINT(-87.5528727 38.1751222),osm_pois,981,2026-07-22 20:25:30.476626+00,2026-07-21 20:21:50+00,,,,,,{},"{""ref"": ""1446"", ""name"": ""CAT Scale"", ""brand"": ""CAT Scale"", ""amenity"": ""weighbridge"", ""website"": ""https://catscale.com/cat-scale-locator/?single=1446"", ""operator"": ""Flying J Travel Center"", ""check_date"": ""2026-05-20"", ""brand:wikidata"": ""Q111631907"", ""operator:phone"": ""+1 812-768-5304"", ""operator:wikidata"": ""Q64130592""}"
node/12105240986,CAT Scale,,POINT(-90.0977189 38.5765795),osm_pois,981,2026-07-22 20:25:30.476626+00,2026-07-21 20:21:50+00,,,,,,{},"{""ref"": ""1441"", ""name"": ""CAT Scale"", ""brand"": ""CAT Scale"", ""amenity"": ""weighbridge"", ""website"": ""https://catscale.com/cat-scale-locator/?single=1441"", ""operator"": ""Flying J Travel Center"", ""check_date"": ""2024-02-10"", ""brand:wikidata"": ""Q111631907"", ""operator:phone"": ""+1 618-337-4579"", ""operator:wikidata"": ""Q64130592""}"
node/12105262404,CAT Scale,,POINT(-84.0855567 31.5810056),osm_pois,981,2026-07-22 20:25:30.476626+00,2026-07-21 20:21:50+00,,,,,,{},"{""ref"": ""555"", ""name"": ""CAT Scale"", ""brand"": ""CAT Scale"", ""amenity"": ""weighbridge"", ""website"": ""https://catscale.com/cat-scale-locator/?single=555"", ""operator"": ""Pilot Travel Center"", ""check_date"": ""2024-02-10"", ""brand:wikidata"": ""Q111631907"", ""operator:phone"": ""+1 229-878-1355"", ""operator:website"": ""https://locations.pilotflyingj.com/us/ga/albany/310-cordele-road"", ""operator:wikidata"": ""Q64128179""}"
node/12105276544,CAT Scale,,POINT(-90.0641408 38.7600069),osm_pois,981,2026-07-22 20:25:30.476626+00,2026-07-21 20:21:50+00,,,,,,{},"{""ref"": ""1445"", ""name"": ""CAT Scale"", ""brand"": ""CAT Scale"", ""amenity"": ""weighbridge"", ""website"": ""https://catscale.com/cat-scale-locator/?single=1445"", ""operator"": ""Flying J Travel Center"", ""check_date"": ""2024-02-10"", ""brand:wikidata"": ""Q111631907"", ""operator:phone"": ""+1 618-931-1580"", ""operator:wikidata"": ""Q64130592""}"
node/12105277434,CAT Scale,,POINT(-88.9986468 42.4944804),osm_pois,981,2026-07-22 20:25:30.476626+00,2026-07-21 20:21:50+00,,,,,,{},"{""ref"": ""1442"", ""name"": ""CAT Scale"", ""brand"": ""CAT Scale"", ""amenity"": ""weighbridge"", ""website"": ""https://catscale.com/cat-scale-locator/?single=1442"", ""operator"": ""Flying J Travel Center"", ""check_date"": ""2024-02-10"", ""brand:wikidata"": ""Q111631907"", ""operator:phone"": ""+1 815-389-4760"", ""operator:wikidata"": ""Q64130592""}"
node/12105281228,CAT Scale,,POINT(-86.1927167 39.6932619),osm_pois,981,2026-07-22 20:25:30.476626+00,2026-07-21 20:21:50+00,,,,,,{},"{""ref"": ""1447"", ""name"": ""CAT Scale"", ""brand"": ""CAT Scale"", ""amenity"": ""weighbridge"", ""website"": ""https://catscale.com/cat-scale-locator/?single=1447"", ""operator"": ""Flying J Travel Center"", ""check_date"": ""2024-02-10"", ""brand:wikidata"": ""Q111631907"", ""operator:phone"": ""+1 317-783-5543"", ""operator:wikidata"": ""Q64130592""}"
node/12105286418,CAT Scale,,POINT(-86.4742268 40.0324966),osm_pois,981,2026-07-22 20:25:30.476626+00,2026-07-21 20:21:50+00,,,,,,{},"{""ref"": ""1448"", ""name"": ""CAT Scale"", ""brand"": ""CAT Scale"", ""amenity"": ""weighbridge"", ""website"": ""https://catscale.com/cat-scale-locator/?single=1448"", ""operator"": ""Flying J Travel Center"", ""check_date"": ""2024-02-10"", ""brand:wikidata"": ""Q111631907"", ""operator:phone"": ""+1 765-483-9759"", ""operator:wikidata"": ""Q64130592""}"
node/12105286761,CAT Scale,,POINT(-85.5535642 40.5543085),osm_pois,981,2026-07-22 20:25:30.476626+00,2026-07-21 20:21:50+00,,,,,,{},"{""ref"": ""1881"", ""name"": ""CAT Scale"", ""brand"": ""CAT Scale"", ""amenity"": ""weighbridge"", ""website"": ""https://catscale.com/cat-scale-locator/?single=1881"", ""operator"": ""Flying J Travel Center"", ""check_date"": ""2024-02-10"", ""brand:wikidata"": ""Q111631907"", ""operator:phone"": ""+1 765-673-0059"", ""operator:wikidata"": ""Q64130592""}"
node/12106079603,CAT Scale,IL,POINT(-90.3370053 41.1805346),osm_pois,981,2026-07-22 20:25:30.476626+00,2026-07-21 20:21:50+00,,,,,,{},"{""ref"": ""116"", ""name"": ""CAT Scale"", ""brand"": ""CAT Scale"", ""amenity"": ""weighbridge"", ""website"": ""https://catscale.com/cat-scale-locator/?single=116"", ""operator"": ""Pilot Travel Center"", ""addr:city"": ""Woodhull"", ""addr:state"": ""IL"", ""check_date"": ""2024-02-10"", ""addr:street"": ""Plaza Avenue"", ""addr:postcode"": ""61490"", ""brand:wikidata"": ""Q111631907"", ""addr:housenumber"": ""900"", ""operator:website"": ""https://locations.pilotflyingj.com/us/il/woodhull/900-plaza-avenue"", ""operator:wikidata"": ""Q64128179""}"
node/12106909163,CAT Scale,,POINT(-103.1507602 44.104174),osm_pois,981,2026-07-22 20:25:30.476626+00,2026-07-21 20:21:50+00,,,,,,{},"{""ref"": ""175"", ""name"": ""CAT Scale"", ""brand"": ""CAT Scale"", ""amenity"": ""weighbridge"", ""website"": ""https://catscale.com/cat-scale-locator/?single=175"", ""operator"": ""Flying J Travel Center"", ""brand:wikidata"": ""Q111631907"", ""operator:phone"": ""+1 605-342-5450"", ""operator:wikidata"": ""Q64130592""}"
node/12106929862,CAT Scale,,POINT(-103.2736302 44.1128615),osm_pois,981,2026-07-22 20:25:30.476626+00,2026-07-21 20:21:50+00,,,,,,{},"{""ref"": ""1260"", ""name"": ""CAT Scale"", ""brand"": ""CAT Scale"", ""amenity"": ""weighbridge"", ""website"": ""https://catscale.com/cat-scale-locator/?single=1260"", ""operator"": ""Pilot Travel Center"", ""brand:wikidata"": ""Q111631907"", ""operator:website"": ""https://locations.pilotflyingj.com/us/sd/rapid-city/2783-deadwood-avenue"", ""operator:wikidata"": ""Q64128179""}"
node/12106945204,CAT Scale,,POINT(-103.053153 44.1201921),osm_pois,981,2026-07-22 20:25:30.476626+00,2026-07-21 20:21:50+00,,,,,,{},"{""ref"": ""1763"", ""name"": ""CAT Scale"", ""brand"": ""CAT Scale"", ""amenity"": ""weighbridge"", ""website"": ""https://catscale.com/cat-scale-locator/?single=1763"", ""operator"": ""Love's Travel Stop"", ""brand:wikidata"": ""Q111631907"", ""operator:phone"": ""+1 605-923-4292"", ""operator:website"": ""https://www.loves.com/locations/602"", ""operator:wikidata"": ""Q1872496""}"
node/12106954157,CAT Scale,,POINT(-100.705154 43.8863296),osm_pois,981,2026-07-22 20:25:30.476626+00,2026-07-21 20:21:50+00,,,,,,{},"{""ref"": ""1631"", ""name"": ""CAT Scale"", ""brand"": ""CAT Scale"", ""amenity"": ""weighbridge"", ""website"": ""https://catscale.com/cat-scale-locator/?single=1631"", ""operator"": ""Pilot Travel Center"", ""brand:wikidata"": ""Q111631907"", ""operator:phone"": ""+1 605-578-0057"", ""operator:website"": ""https://locations.pilotflyingj.com/us/sd/murdo/601-east-fifth-street"", ""operator:wikidata"": ""Q64128179""}"
node/12108427558,CAT Scale,,POINT(-106.045076 35.0112047),osm_pois,981,2026-07-22 20:25:30.476626+00,2026-07-21 20:21:50+00,,,,,,{},"{""ref"": ""1667"", ""name"": ""CAT Scale"", ""brand"": ""CAT Scale"", ""amenity"": ""weighbridge"", ""website"": ""https://catscale.com/cat-scale-locator/?single=1667"", ""operator"": ""Pilot Travel Center"", ""check_date"": ""2024-02-10"", ""brand:wikidata"": ""Q111631907"", ""operator:phone"": ""+1 505-832-4954"", ""operator:website"": ""https://locations.pilotflyingj.com/us/nm/moriarty/305-w.-abrahames-road"", ""operator:wikidata"": ""Q64128179""}"
node/12108430874,CAT Scale,,POINT(-106.5873572 31.9964915),osm_pois,981,2026-07-22 20:25:30.476626+00,2026-07-21 20:21:50+00,,,,,,{},"{""ref"": ""2004"", ""name"": ""CAT Scale"", ""brand"": ""CAT Scale"", ""amenity"": ""weighbridge"", ""website"": ""https://catscale.com/cat-scale-locator/?single=2004"", ""operator"": ""Pilot Travel Center"", ""check_date"": ""2024-02-10"", ""brand:wikidata"": ""Q111631907"", ""operator:phone"": ""+1 915-886-3090"", ""operator:website"": ""https://locations.pilotflyingj.com/us/tx/anthony/2015-antonio-street"", ""operator:wikidata"": ""Q64128179""}"
node/12108433243,CAT Scale,,POINT(-94.1493076 45.496105),osm_pois,981,2026-07-22 20:25:30.476626+00,2026-07-21 20:21:50+00,,,,,,{},"{""ref"": ""1022"", ""name"": ""CAT Scale"", ""brand"": ""CAT Scale"", ""amenity"": ""weighbridge"", ""website"": ""https://catscale.com/cat-scale-locator/?single=1022"", ""operator"": ""Pilot Travel Center"", ""check_date"": ""2024-02-10"", ""brand:wikidata"": ""Q111631907"", ""operator:phone"": ""+1 320-251-8455"", ""operator:website"": ""https://locations.pilotflyingj.com/us/mn/st.-cloud/4231-clearwater-road"", ""operator:wikidata"": ""Q64128179""}"
node/12108439494,CAT Scale,,POINT(-103.1041735 31.8440971),osm_pois,981,2026-07-22 20:25:30.476626+00,2026-07-21 20:21:50+00,,,,,,{},"{""ref"": ""2170"", ""name"": ""CAT Scale"", ""brand"": ""CAT Scale"", ""amenity"": ""weighbridge"", ""website"": ""https://catscale.com/cat-scale-locator/?single=2170"", ""operator"": ""Pilot Travel Center"", ""check_date"": ""2024-02-10"", ""brand:wikidata"": ""Q111631907"", ""operator:phone"": ""+1 432-538-4660"", ""operator:website"": ""https://locations.pilotflyingj.com/us/tx/kermit/127-w-state-hwy-302"", ""operator:wikidata"": ""Q64128179""}"
node/12108460714,CAT Scale,,POINT(-86.4124059 42.0894092),osm_pois,981,2026-07-22 20:25:30.476626+00,2026-07-21 20:21:50+00,,,,,,{},"{""ref"": ""607"", ""name"": ""CAT Scale"", ""brand"": ""CAT Scale"", ""amenity"": ""weighbridge"", ""website"": ""https://catscale.com/cat-scale-locator/?single=607"", ""operator"": ""Pilot Travel Center"", ""check_date"": ""2024-02-10"", ""brand:wikidata"": ""Q111631907"", ""operator:phone"": ""+1 269-925-7547"", ""operator:website"": ""https://locations.pilotflyingj.com/us/mi/benton-harbor/1860-east-napier-ave."", ""operator:wikidata"": ""Q64128179""}"
node/12108460999,CAT Scale,,POINT(-108.6814316 32.3417854),osm_pois,981,2026-07-22 20:25:30.476626+00,2026-07-21 20:21:50+00,,,,,,{},"{""ref"": ""610"", ""name"": ""CAT Scale"", ""brand"": ""CAT Scale"", ""amenity"": ""weighbridge"", ""website"": ""https://catscale.com/cat-scale-locator/?single=610"", ""operator"": ""Pilot Travel Center"", ""check_date"": ""2024-02-10"", ""brand:wikidata"": ""Q111631907"", ""operator:website"": ""https://locations.pilotflyingj.com/us/nm/lordsburg/1124-east-motel-drive"", ""operator:wikidata"": ""Q64128179""}"
node/12108463836,CAT Scale,,POINT(-86.0703787 42.7412978),osm_pois,981,2026-07-22 20:25:30.476626+00,2026-07-21 20:21:50+00,,,,,,{},"{""ref"": ""1814"", ""name"": ""CAT Scale"", ""brand"": ""CAT Scale"", ""amenity"": ""weighbridge"", ""website"": ""https://catscale.com/cat-scale-locator/?single=1814"", ""operator"": ""Pilot Travel Center"", ""check_date"": ""2024-02-10"", ""brand:wikidata"": ""Q111631907"", ""operator:phone"": ""+1 616-741-6199"", ""operator:website"": ""https://locations.pilotflyingj.com/us/mi/holland/853-interchange-drive"", ""operator:wikidata"": ""Q64128179""}"
node/12108467711,CAT Scale,,POINT(-85.0824863 42.3032218),osm_pois,981,2026-07-22 20:25:30.476626+00,2026-07-21 20:21:50+00,,,,,,{},"{""name"": ""CAT Scale"", ""brand"": ""CAT Scale"", ""phone"": ""+1 269-968-9949"", ""amenity"": ""weighbridge"", ""website"": ""https://catscale.com/cat-scale-locator/?single=850"", ""check_date"": ""2024-02-10"", ""brand:wikidata"": ""Q111631907""}"
node/12108467712,CAT Scale,,POINT(-93.033565 44.78138),osm_pois,981,2026-07-22 20:25:30.476626+00,2026-07-21 20:21:50+00,,,,,,{},"{""ref"": ""205"", ""name"": ""CAT Scale"", ""brand"": ""CAT Scale"", ""amenity"": ""weighbridge"", ""website"": ""https://catscale.com/cat-scale-locator/?single=205"", ""operator"": ""Pilot Travel Center"", ""check_date"": ""2024-02-10"", ""brand:wikidata"": ""Q111631907"", ""operator:phone"": ""+1 651-438-3397"", ""operator:website"": ""https://locations.pilotflyingj.com/us/mn/inver-grove-heights/11650-courthouse-blvd."", ""operator:wikidata"": ""Q64128179""}"
node/12108471276,CAT Scale,,POINT(-89.0057346 34.4677932),osm_pois,981,2026-07-22 20:25:30.476626+00,2026-07-21 20:21:50+00,,,,,,{},"{""ref"": ""625"", ""name"": ""CAT Scale"", ""brand"": ""CAT Scale"", ""amenity"": ""weighbridge"", ""website"": ""https://catscale.com/cat-scale-locator/?single=625"", ""operator"": ""Pilot Travel Center"", ""check_date"": ""2024-02-10"", ""brand:wikidata"": ""Q111631907"", ""operator:phone"": ""+1 662-539-0222"", ""operator:website"": ""https://locations.pilotflyingj.com/us/ms/new-albany/500-state-highway-15-south"", ""operator:wikidata"": ""Q64128179""}"
node/12108498419,CAT Scale,,POINT(-88.5295902 30.4381603),osm_pois,981,2026-07-22 20:25:30.476626+00,2026-07-21 20:21:50+00,,,,,,{},"{""ref"": ""71"", ""name"": ""CAT Scale"", ""brand"": ""CAT Scale"", ""amenity"": ""weighbridge"", ""website"": ""https://catscale.com/cat-scale-locator/?single=71"", ""operator"": ""Pilot Travel Center"", ""check_date"": ""2024-02-10"", ""brand:wikidata"": ""Q111631907"", ""operator:phone"": ""+1 228-474-6511"", ""operator:website"": ""https://locations.pilotflyingj.com/us/ms/moss-point/6705-hwy-63"", ""operator:wikidata"": ""Q64128179""}"
node/12108503964,CAT Scale,,POINT(-90.1919563 32.2726638),osm_pois,981,2026-07-22 20:25:30.476626+00,2026-07-21 20:21:50+00,,,,,,{},"{""ref"": ""624"", ""name"": ""CAT Scale"", ""brand"": ""CAT Scale"", ""amenity"": ""weighbridge"", ""website"": ""https://catscale.com/cat-scale-locator/?single=624"", ""operator"": ""Pilot Travel Center"", ""check_date"": ""2024-02-10"", ""brand:wikidata"": ""Q111631907"", ""operator:phone"": ""+1 601-968-9491"", ""operator:website"": ""https://locations.pilotflyingj.com/us/ms/jackson/2520-south-gallatin-street"", ""operator:wikidata"": ""Q64128179""}"
node/12108506757,CAT Scale,,POINT(-83.8789496 42.2957774),osm_pois,981,2026-07-22 20:25:30.476626+00,2026-07-21 20:21:50+00,,,,,,{},"{""ref"": ""294"", ""name"": ""CAT Scale"", ""brand"": ""CAT Scale"", ""amenity"": ""weighbridge"", ""website"": ""https://catscale.com/cat-scale-locator/?single=294"", ""operator"": ""Pilot Travel Center"", ""check_date"": ""2024-02-10"", ""brand:wikidata"": ""Q111631907"", ""operator:phone"": ""+1 734-426-0065"", ""operator:website"": ""https://locations.pilotflyingj.com/us/mi/dexter/195-baker-road"", ""operator:wikidata"": ""Q64128179""}"
node/12108528171,CAT Scale,,POINT(-106.6589454 34.9603166),osm_pois,981,2026-07-22 20:25:30.476626+00,2026-07-21 20:21:50+00,,,,,,{},"{""ref"": ""3357"", ""name"": ""CAT Scale"", ""brand"": ""CAT Scale"", ""amenity"": ""weighbridge"", ""website"": ""https://catscale.com/cat-scale-locator/?single=3357"", ""operator"": ""Pilot Travel Center"", ""brand:wikidata"": ""Q111631907"", ""operator:website"": ""https://locations.pilotflyingj.com/us/nm/albuquerque/9220-broadway-blvd.-se"", ""operator:wikidata"": ""Q64128179""}"
node/12108533920,CAT Scale,,POINT(-94.3253732 37.8353844),osm_pois,981,2026-07-22 20:25:30.476626+00,2026-07-21 20:21:50+00,,,,,,{},"{""ref"": ""192"", ""name"": ""CAT Scale"", ""brand"": ""CAT Scale"", ""amenity"": ""weighbridge"", ""website"": ""https://catscale.com/cat-scale-locator/?single=192"", ""operator"": ""Pilot Travel Center"", ""check_date"": ""2024-02-10"", ""brand:wikidata"": ""Q111631907"", ""operator:phone"": ""+1 417-667-3271"", ""operator:website"": ""https://locations.pilotflyingj.com/us/mo/nevada/2424-east-austin-road"", ""operator:wikidata"": ""Q64128179""}"
node/12108544276,CAT Scale,,POINT(-90.138638 35.1576351),osm_pois,981,2026-07-22 20:25:30.476626+00,2026-07-21 20:21:50+00,,,,,,{},"{""ref"": ""722"", ""name"": ""CAT Scale"", ""brand"": ""CAT Scale"", ""amenity"": ""weighbridge"", ""website"": ""https://catscale.com/cat-scale-locator/?single=722"", ""operator"": ""Pilot Travel Center"", ""check_date"": ""2024-02-10"", ""brand:wikidata"": ""Q111631907"", ""operator:phone"": ""+1 870-732-1202"", ""operator:website"": ""https://locations.pilotflyingj.com/us/ar/west-memphis/1100-martin-luther-king-boulevard"", ""operator:wikidata"": ""Q64128179""}"
node/12108721123,CAT Scale,,POINT(-102.8121507 31.6139513),osm_pois,981,2026-07-22 20:25:30.476626+00,2026-07-21 20:21:50+00,,,,,,{},"{""ref"": ""2183"", ""name"": ""CAT Scale"", ""brand"": ""CAT Scale"", ""amenity"": ""weighbridge"", ""website"": ""https://catscale.com/cat-scale-locator/?single=2183"", ""operator"": ""Pilot Travel Center"", ""check_date"": ""2024-02-10"", ""brand:wikidata"": ""Q111631907"", ""operator:phone"": ""+1 432-223-5839"", ""operator:website"": ""https://locations.pilotflyingj.com/us/tx/monahans/4840-e.-i-20"", ""operator:wikidata"": ""Q64128179""}"
node/12109819883,CAT Scale,,POINT(-94.3737602 39.3692931),osm_pois,981,2026-07-22 20:25:30.476626+00,2026-07-21 20:21:50+00,,,,,,{},"{""ref"": ""197"", ""name"": ""CAT Scale"", ""brand"": ""CAT Scale"", ""amenity"": ""weighbridge"", ""website"": ""https://catscale.com/cat-scale-locator/?single=197"", ""operator"": ""Pilot Travel Center"", ""check_date"": ""2024-02-10"", ""brand:wikidata"": ""Q111631907"", ""operator:phone"": ""+1 816-635-4015"", ""operator:website"": ""https://locations.pilotflyingj.com/us/mo/kearney/600-w-mo-92"", ""operator:wikidata"": ""Q64128179""}"
node/12109829448,CAT Scale,,POINT(-93.7331964 39.0030337),osm_pois,981,2026-07-22 20:25:30.476626+00,2026-07-21 20:21:50+00,,,,,,{},"{""ref"": ""928"", ""name"": ""CAT Scale"", ""brand"": ""CAT Scale"", ""amenity"": ""weighbridge"", ""website"": ""https://catscale.com/cat-scale-locator/?single=928"", ""operator"": ""Pilot Travel Center"", ""check_date"": ""2024-02-10"", ""brand:wikidata"": ""Q111631907"", ""operator:phone"": ""+1 660-207-1324"", ""operator:website"": ""https://locations.pilotflyingj.com/us/mo/higginsville/6676-highway-13"", ""operator:wikidata"": ""Q64128179""}"
node/12109837477,CAT Scale,,POINT(-94.7920427 39.601553),osm_pois,981,2026-07-22 20:25:30.476626+00,2026-07-21 20:21:50+00,,,,,,{},"{""ref"": ""3350"", ""name"": ""CAT Scale"", ""brand"": ""CAT Scale"", ""amenity"": ""weighbridge"", ""website"": ""https://catscale.com/cat-scale-locator/?single=3350"", ""operator"": ""Pilot Travel Center"", ""check_date"": ""2024-02-10"", ""brand:wikidata"": ""Q111631907"", ""operator:phone"": ""+1 816-558-5011"", ""operator:website"": ""https://locations.pilotflyingj.com/us/mo/faucett/1307-se-grand-dd-highway"", ""operator:wikidata"": ""Q64128179""}"
node/12109842719,CAT Scale,,POINT(-89.7265381 36.2279284),osm_pois,981,2026-07-22 20:25:30.476626+00,2026-07-21 20:21:50+00,,,,,,{},"{""ref"": ""927"", ""name"": ""CAT Scale"", ""brand"": ""CAT Scale"", ""amenity"": ""weighbridge"", ""website"": ""https://catscale.com/cat-scale-locator/?single=927"", ""operator"": ""Pilot Travel Center"", ""check_date"": ""2024-02-10"", ""brand:wikidata"": ""Q111631907"", ""operator:phone"": ""+1 573-359-2007"", ""operator:website"": ""https://locations.pilotflyingj.com/us/mo/hayti/1701-highway-84-east"", ""operator:wikidata"": ""Q64128179""}"
node/12109875415,CAT Scale,,POINT(-93.6214301 37.8734412),osm_pois,981,2026-07-22 20:25:30.476626+00,2026-07-21 20:21:50+00,,,,,,{},"{""ref"": ""546"", ""name"": ""CAT Scale"", ""brand"": ""CAT Scale"", ""amenity"": ""weighbridge"", ""website"": ""https://catscale.com/cat-scale-locator/?single=546"", ""operator"": ""Pilot Travel Center"", ""check_date"": ""2024-02-10"", ""brand:wikidata"": ""Q111631907"", ""operator:phone"": ""+1 417-275-4796"", ""operator:website"": ""https://locations.pilotflyingj.com/us/mo/collins/9890-se-missouri-13"", ""operator:wikidata"": ""Q64128179""}"
node/12111402330,,,POINT(-76.5603554 39.2765982),osm_pois,981,2026-07-22 20:25:30.476626+00,2026-07-21 20:21:50+00,,,,,,{},"{""amenity"": ""weighbridge""}"
node/12122888363,CAT Scale,,POINT(-81.7582516 30.3727583),osm_pois,981,2026-07-22 20:25:30.476626+00,2026-07-21 20:21:50+00,,,,,,{},"{""ref"": ""3375"", ""name"": ""CAT Scale"", ""brand"": ""CAT Scale"", ""amenity"": ""weighbridge"", ""website"": ""https://catscale.com/cat-scale-locator/?single=3375"", ""operator"": ""RaceTrac"", ""check_date"": ""2024-02-10"", ""brand:wikidata"": ""Q111631907"", ""operator:phone"": ""+1 904-717-3462"", ""operator:wikidata"": ""Q735942""}"
node/12123794742,CAT Scale,,POINT(-102.0733563 36.3307644),osm_pois,981,2026-07-22 20:25:30.476626+00,2026-07-21 20:21:50+00,,,,,,{},"{""ref"": ""2144"", ""name"": ""CAT Scale"", ""brand"": ""CAT Scale"", ""amenity"": ""weighbridge"", ""website"": ""https://catscale.com/cat-scale-locator/?single=2144"", ""operator"": ""Pilot Travel Center"", ""check_date"": ""2024-02-10"", ""brand:wikidata"": ""Q111631907"", ""operator:website"": ""https://locations.pilotflyingj.com/us/tx/stratford/100-south-poplar"", ""operator:wikidata"": ""Q64128179""}"
node/12123801063,CAT Scale,,POINT(-75.9484586 39.6258168),osm_pois,981,2026-07-22 20:25:30.476626+00,2026-07-21 20:21:50+00,,,,,,{},"{""ref"": ""1539"", ""name"": ""CAT Scale"", ""brand"": ""CAT Scale"", ""amenity"": ""weighbridge"", ""website"": ""https://catscale.com/cat-scale-locator/?single=1539"", ""operator"": ""Flying J Travel Center"", ""check_date"": ""2024-02-10"", ""brand:wikidata"": ""Q111631907"", ""operator:phone"": ""+1 410-287-7110"", ""operator:wikidata"": ""Q64130592""}"
node/12123808228,CAT Scale,,POINT(-98.3617112 29.4471974),osm_pois,981,2026-07-22 20:25:30.476626+00,2026-07-21 20:21:50+00,,,,,,{},"{""ref"": ""2921"", ""name"": ""CAT Scale"", ""brand"": ""CAT Scale"", ""amenity"": ""weighbridge"", ""website"": ""https://catscale.com/cat-scale-locator/?single=2921"", ""operator"": ""Flying J Travel Center"", ""check_date"": ""2024-02-10"", ""brand:wikidata"": ""Q111631907"", ""operator:phone"": ""+1 210-666-2266"", ""operator:wikidata"": ""Q64130592""}"
node/12125380009,CAT Scale,,POINT(-99.7771291 30.5053418),osm_pois,981,2026-07-22 20:25:30.476626+00,2026-07-21 20:21:50+00,,,,,,{},"{""ref"": ""2106"", ""name"": ""CAT Scale"", ""brand"": ""CAT Scale"", ""amenity"": ""weighbridge"", ""website"": ""https://catscale.com/cat-scale-locator/?single=2106"", ""operator"": ""Pilot Travel Center"", ""check_date"": ""2024-02-10"", ""brand:wikidata"": ""Q111631907"", ""operator:phone"": ""+1 325-439-7717"", ""operator:website"": ""https://locations.pilotflyingj.com/us/tx/junction/2342-north-main-street"", ""operator:wikidata"": ""Q64128179""}"
node/12125389626,CAT Scale,,POINT(-75.7544284 41.313769),osm_pois,981,2026-07-22 20:25:30.476626+00,2026-07-21 20:21:50+00,,,,,,{},"{""ref"": ""676"", ""name"": ""CAT Scale"", ""brand"": ""CAT Scale"", ""amenity"": ""weighbridge"", ""website"": ""https://catscale.com/cat-scale-locator/?single=676"", ""operator"": ""Pilot Travel Center"", ""check_date"": ""2024-02-10"", ""brand:wikidata"": ""Q111631907"", ""operator:phone"": ""+1 570-655-4116"", ""operator:website"": ""https://locations.pilotflyingj.com/us/pa/pittston/417-route-315"", ""operator:wikidata"": ""Q64128179""}"
node/12125397890,CAT Scale,,POINT(-84.28943 39.5428145),osm_pois,981,2026-07-22 20:25:30.476626+00,2026-07-21 20:21:50+00,,,,,,{},"{""ref"": ""549"", ""name"": ""CAT Scale"", ""brand"": ""CAT Scale"", ""amenity"": ""weighbridge"", ""website"": ""https://catscale.com/cat-scale-locator/?single=549"", ""operator"": ""Pilot Travel Center"", ""check_date"": ""2024-02-10"", ""brand:wikidata"": ""Q111631907"", ""operator:phone"": ""+1 937-746-4488"", ""operator:website"": ""https://locations.pilotflyingj.com/us/oh/franklin/6830-franklin-lebanon-road"", ""operator:wikidata"": ""Q64128179""}"
node/12125420596,CAT Scale,,POINT(-87.455659 36.6973589),osm_pois,981,2026-07-22 20:25:30.476626+00,2026-07-21 20:21:50+00,,,,,,{},"{""ref"": ""1456"", ""name"": ""CAT Scale"", ""brand"": ""CAT Scale"", ""amenity"": ""weighbridge"", ""website"": ""https://catscale.com/cat-scale-locator/?single=1456"", ""operator"": ""Flying J Travel Center"", ""check_date"": ""2024-02-10"", ""brand:wikidata"": ""Q111631907"", ""operator:phone"": ""+1 270-640-7000"", ""operator:wikidata"": ""Q64130592""}"
node/12125422919,CAT Scale,,POINT(-85.724746 37.8269681),osm_pois,981,2026-07-22 20:25:30.476626+00,2026-07-21 20:21:50+00,,,,,,{},"{""ref"": ""202"", ""name"": ""CAT Scale"", ""brand"": ""CAT Scale"", ""amenity"": ""weighbridge"", ""website"": ""https://catscale.com/cat-scale-locator/?single=202"", ""operator"": ""Pilot Travel Center"", ""check_date"": ""2024-02-10"", ""brand:wikidata"": ""Q111631907"", ""operator:phone"": ""+1 502-833-2727"", ""operator:website"": ""https://locations.pilotflyingj.com/us/ky/lebanon-junction/150-park-plaza-boulevard"", ""operator:wikidata"": ""Q64128179""}"
node/12125424104,CAT Scale,,POINT(-88.2733277 41.4608426),osm_pois,981,2026-07-22 20:25:30.476626+00,2026-07-21 20:21:50+00,,,,,,{},"{""ref"": ""590"", ""name"": ""CAT Scale"", ""brand"": ""CAT Scale"", ""amenity"": ""weighbridge"", ""website"": ""https://catscale.com/cat-scale-locator/?single=590"", ""operator"": ""Pilot Travel Center"", ""check_date"": ""2024-02-10"", ""brand:wikidata"": ""Q111631907"", ""operator:phone"": ""+1 815-467-4416"", ""operator:website"": ""https://locations.pilotflyingj.com/us/il/minooka/301-ridge-road"", ""operator:wikidata"": ""Q64128179""}"
node/12125430933,CAT Scale,,POINT(-80.8560622 41.7904077),osm_pois,981,2026-07-22 20:25:30.476626+00,2026-07-21 20:21:50+00,,,,,,{},"{""ref"": ""1485"", ""name"": ""CAT Scale"", ""brand"": ""CAT Scale"", ""amenity"": ""weighbridge"", ""website"": ""https://catscale.com/cat-scale-locator/?single=1485"", ""operator"": ""Flying J Travel Center"", ""check_date"": ""2024-02-10"", ""brand:wikidata"": ""Q111631907"", ""operator:phone"": ""+1 440-275-1515"", ""operator:website"": ""https://locations.pilotflyingj.com/us/oh/austinburg/2349-center-road"", ""operator:wikidata"": ""Q64130592""}"
node/12125431044,CAT Scale,,POINT(-77.0889305 37.4996363),osm_pois,981,2026-07-22 20:25:30.476626+00,2026-07-21 20:21:50+00,,,,,,{},"{""ref"": ""1049"", ""name"": ""CAT Scale"", ""brand"": ""CAT Scale"", ""amenity"": ""weighbridge"", ""website"": ""https://catscale.com/cat-scale-locator/?single=1049"", ""operator"": ""Pilot Travel Center"", ""check_date"": ""2024-02-10"", ""brand:wikidata"": ""Q111631907"", ""operator:website"": ""https://locations.pilotflyingj.com/us/nd/beach/i-94-nd-16"", ""operator:wikidata"": ""Q64128179""}"
node/12125439256,CAT Scale,,POINT(-98.0231867 28.3365169),osm_pois,981,2026-07-22 20:25:30.476626+00,2026-07-21 20:21:50+00,,,,,,{},"{""ref"": ""2085"", ""name"": ""CAT Scale"", ""brand"": ""CAT Scale"", ""amenity"": ""weighbridge"", ""website"": ""https://catscale.com/cat-scale-locator/?single=2085"", ""operator"": ""Flying J Travel Center"", ""check_date"": ""2024-02-10"", ""brand:wikidata"": ""Q111631907"", ""operator:phone"": ""+1 361-449-1420"", ""operator:wikidata"": ""Q64130592""}"
node/12125439974,CAT Scale,,POINT(-80.8788645 33.6333012),osm_pois,981,2026-07-22 20:25:30.476626+00,2026-07-21 20:21:50+00,,,,,,{},"{""ref"": ""968"", ""name"": ""CAT Scale"", ""brand"": ""CAT Scale"", ""amenity"": ""weighbridge"", ""website"": ""https://catscale.com/cat-scale-locator/?single=968"", ""operator"": ""Pilot Travel Center"", ""check_date"": ""2024-02-10"", ""brand:wikidata"": ""Q111631907"", ""operator:phone"": ""+1 803-874-4340"", ""operator:website"": ""https://locations.pilotflyingj.com/us/sc/st.-matthews/1300-burke-road"", ""operator:wikidata"": ""Q64128179""}"
node/12125460172,CAT Scale,,POINT(-87.4036483 36.6779422),osm_pois,981,2026-07-22 20:25:30.476626+00,2026-07-21 20:21:50+00,,,,,,{},"{""ref"": ""591"", ""name"": ""CAT Scale"", ""brand"": ""CAT Scale"", ""amenity"": ""weighbridge"", ""website"": ""https://catscale.com/cat-scale-locator/?single=591"", ""operator"": ""Pilot Travel Center"", ""check_date"": ""2024-02-10"", ""brand:wikidata"": ""Q111631907"", ""operator:phone"": ""+1 270-439-1776"", ""operator:website"": ""https://locations.pilotflyingj.com/us/ky/oak-grove/8190-pembroke-oak-grove-road"", ""operator:wikidata"": ""Q64128179""}"
node/12125460177,CAT Scale,,POINT(-115.0979025 36.2415167),osm_pois,981,2026-07-22 20:25:30.476626+00,2026-07-21 20:21:50+00,,,,,,{},"{""ref"": ""398"", ""name"": ""CAT Scale"", ""brand"": ""CAT Scale"", ""amenity"": ""weighbridge"", ""website"": ""https://catscale.com/cat-scale-locator/?single=398"", ""operator"": ""Pilot Travel Center"", ""check_date"": ""2024-02-10"", ""brand:wikidata"": ""Q111631907"", ""operator:phone"": ""+1 702-644-1600"", ""operator:website"": ""https://locations.pilotflyingj.com/us/nv/north-las-vegas/3812-east-craig-road"", ""operator:wikidata"": ""Q64128179""}"
node/12125474063,CAT Scale,,POINT(-99.4659995 27.6859779),osm_pois,981,2026-07-22 20:25:30.476626+00,2026-07-21 20:21:50+00,,,,,,{},"{""ref"": ""2917"", ""name"": ""CAT Scale"", ""brand"": ""CAT Scale"", ""amenity"": ""weighbridge"", ""website"": ""https://catscale.com/cat-scale-locator/?single=2917"", ""operator"": ""Flying J Travel Center"", ""check_date"": ""2024-02-10"", ""brand:wikidata"": ""Q111631907"", ""operator:phone"": ""+1 956-712-3265"", ""operator:wikidata"": ""Q64130592""}"
node/12125476972,CAT Scale,,POINT(-117.7475961 40.9610032),osm_pois,981,2026-07-22 20:25:30.476626+00,2026-07-21 20:21:50+00,,,,,,{},"{""ref"": ""1737"", ""name"": ""CAT Scale"", ""brand"": ""CAT Scale"", ""amenity"": ""weighbridge"", ""website"": ""https://catscale.com/cat-scale-locator/?single=1737"", ""operator"": ""Flying J Travel Center"", ""check_date"": ""2024-02-10"", ""brand:wikidata"": ""Q111631907"", ""operator:phone"": ""+1 775-623-0111"", ""operator:wikidata"": ""Q64130592""}"
node/12125480932,CAT Scale,,POINT(-79.3551504 36.5825074),osm_pois,981,2026-07-22 20:25:30.476626+00,2026-07-21 20:21:50+00,,,,,,{},"{""ref"": ""1154"", ""name"": ""CAT Scale"", ""brand"": ""CAT Scale"", ""amenity"": ""weighbridge"", ""website"": ""https://catscale.com/cat-scale-locator/?single=1154"", ""operator"": ""Pilot Travel Center"", ""check_date"": ""2024-02-10"", ""brand:wikidata"": ""Q111631907"", ""operator:phone"": ""+1 434-792-1180"", ""operator:website"": ""https://locations.pilotflyingj.com/us/va/danville/110-river-point-drive"", ""operator:wikidata"": ""Q64128179""}"
node/12125481414,CAT Scale,,POINT(-82.9569077 39.5581716),osm_pois,981,2026-07-22 20:25:30.476626+00,2026-07-21 20:21:50+00,,,,,,{},"{""ref"": ""852"", ""name"": ""CAT Scale"", ""brand"": ""CAT Scale"", ""amenity"": ""weighbridge"", ""website"": ""https://catscale.com/cat-scale-locator/?single=852"", ""operator"": ""Pilot Travel Center"", ""check_date"": ""2024-02-10"", ""brand:wikidata"": ""Q111631907"", ""operator:website"": ""https://locations.pilotflyingj.com/us/oh/circleville/25600-us-23"", ""operator:wikidata"": ""Q64128179""}"
node/12126043891,CAT Scale,,POINT(-91.5703355 40.3959801),osm_pois,981,2026-07-22 20:25:30.476626+00,2026-07-21 20:21:50+00,,,,,,{},"{""ref"": ""1467"", ""name"": ""CAT Scale"", ""brand"": ""CAT Scale"", ""amenity"": ""weighbridge"", ""website"": ""https://catscale.com/cat-scale-locator/?single=1467"", ""operator"": ""Flying J Travel Center"", ""check_date"": ""2024-02-10"", ""brand:wikidata"": ""Q111631907"", ""operator:phone"": ""+1 660-754-1550"", ""operator:wikidata"": ""Q64130592""}"
node/12126047486,CAT Scale,,POINT(-83.2733766 30.7550373),osm_pois,981,2026-07-22 20:25:30.476626+00,2026-07-21 20:21:50+00,,,,,,{},"{""ref"": ""619"", ""name"": ""CAT Scale"", ""brand"": ""CAT Scale"", ""amenity"": ""weighbridge"", ""website"": ""https://catscale.com/cat-scale-locator/?single=619"", ""operator"": ""Pilot Travel Center"", ""check_date"": ""2024-02-10"", ""brand:wikidata"": ""Q111631907"", ""operator:phone"": ""+1 229-300-1560"", ""operator:website"": ""https://locations.pilotflyingj.com/us/ga/valdosta/3460-madison-hwy"", ""operator:wikidata"": ""Q64128179""}"
node/12126060256,CAT Scale,,POINT(-87.7568422 41.4281471),osm_pois,981,2026-07-22 20:25:30.476626+00,2026-07-21 20:21:50+00,,,,,,{},"{""ref"": ""423"", ""name"": ""CAT Scale"", ""brand"": ""CAT Scale"", ""amenity"": ""weighbridge"", ""website"": ""https://catscale.com/cat-scale-locator/?single=423"", ""operator"": ""Pilot Travel Center"", ""check_date"": ""2024-02-10"", ""brand:wikidata"": ""Q111631907"", ""operator:phone"": ""+1 708-534-2483"", ""operator:website"": ""https://locations.pilotflyingj.com/us/il/monee/6002-monee-manhattan-road"", ""operator:wikidata"": ""Q64128179""}"
node/12126062019,CAT Scale,,POINT(-76.339743 40.4645278),osm_pois,981,2026-07-22 20:25:30.476626+00,2026-07-21 20:21:50+00,,,,,,{},"{""ref"": ""1324"", ""name"": ""CAT Scale"", ""brand"": ""CAT Scale"", ""amenity"": ""weighbridge"", ""website"": ""https://catscale.com/cat-scale-locator/?single=1324"", ""operator"": ""Flying J Travel Center"", ""check_date"": ""2024-02-10"", ""brand:wikidata"": ""Q111631907"", ""operator:phone"": ""+1 717-933-4146"", ""operator:wikidata"": ""Q64130592""}"
node/12126069556,CAT Scale,,POINT(-95.539612 35.4763292),osm_pois,981,2026-07-22 20:25:30.476626+00,2026-07-21 20:21:50+00,,,,,,{},"{""ref"": ""1493"", ""name"": ""CAT Scale"", ""brand"": ""CAT Scale"", ""amenity"": ""weighbridge"", ""website"": ""https://catscale.com/cat-scale-locator/?single=1493"", ""operator"": ""Flying J Travel Center"", ""check_date"": ""2024-02-10"", ""brand:wikidata"": ""Q111631907"", ""operator:phone"": ""+1 918-473-1243"", ""operator:wikidata"": ""Q64130592""}"
node/12126082043,CAT Scale,,POINT(-86.884431 35.3047907),osm_pois,981,2026-07-22 20:25:30.476626+00,2026-07-21 20:21:50+00,,,,,,{},"{""ref"": ""942"", ""name"": ""CAT Scale"", ""brand"": ""CAT Scale"", ""amenity"": ""weighbridge"", ""website"": ""https://catscale.com/cat-scale-locator/?single=942"", ""operator"": ""Pilot Travel Center"", ""check_date"": ""2024-02-10"", ""brand:wikidata"": ""Q111631907"", ""operator:website"": ""https://locations.pilotflyingj.com/us/tn/cornersville/9211-lewisburg-highway"", ""operator:wikidata"": ""Q64128179""}"
node/12126087709,CAT Scale,,POINT(-80.0004695 40.1322691),osm_pois,981,2026-07-22 20:25:30.476626+00,2026-07-21 20:21:50+00,,,,,,{},"{""ref"": ""402"", ""name"": ""CAT Scale"", ""brand"": ""CAT Scale"", ""amenity"": ""weighbridge"", ""website"": ""https://catscale.com/cat-scale-locator/?single=402"", ""operator"": ""Pilot Travel Center"", ""check_date"": ""2024-02-10"", ""brand:wikidata"": ""Q111631907"", ""operator:website"": ""https://locations.pilotflyingj.com/us/oh/caldwell/44133-fairground-road"", ""operator:wikidata"": ""Q64128179""}"
node/12126099670,CAT Scale,,POINT(-81.5281934 39.7375672),osm_pois,981,2026-07-22 20:25:30.476626+00,2026-07-21 20:21:50+00,,,,,,{},"{""ref"": ""681"", ""name"": ""CAT Scale"", ""brand"": ""CAT Scale"", ""amenity"": ""weighbridge"", ""website"": ""https://catscale.com/cat-scale-locator/?single=681"", ""operator"": ""Pilot Travel Center"", ""check_date"": ""2024-02-10"", ""brand:wikidata"": ""Q111631907"", ""operator:phone"": ""+1 740-732-5656"", ""operator:website"": ""https://locations.pilotflyingj.com/us/oh/caldwell/44133-fairground-road"", ""operator:wikidata"": ""Q64128179""}"
node/12126099715,CAT Scale,,POINT(-96.7518545 32.6573579),osm_pois,981,2026-07-22 20:25:30.476626+00,2026-07-21 20:21:50+00,,,,,,{},"{""ref"": ""2914"", ""name"": ""CAT Scale"", ""brand"": ""CAT Scale"", ""amenity"": ""weighbridge"", ""website"": ""https://catscale.com/cat-scale-locator/?single=2914"", ""operator"": ""Flying J Travel Center"", ""check_date"": ""2024-02-10"", ""brand:wikidata"": ""Q111631907"", ""operator:phone"": ""+1 972-225-3566"", ""operator:wikidata"": ""Q64130592""}"
node/12126100222,CAT Scale,,POINT(-103.0678507 31.8541328),osm_pois,981,2026-07-22 20:25:30.476626+00,2026-07-21 20:21:50+00,,,,,,{},"{""ref"": ""2185"", ""name"": ""CAT Scale"", ""brand"": ""CAT Scale"", ""amenity"": ""weighbridge"", ""website"": ""https://catscale.com/cat-scale-locator/?single=2185"", ""operator"": ""Flying J Travel Center"", ""check_date"": ""2024-02-10"", ""brand:wikidata"": ""Q111631907"", ""operator:phone"": ""+1 432-527-0351"", ""operator:wikidata"": ""Q64130592""}"
node/12132463458,,,POINT(-75.6332369 40.0475085),osm_pois,981,2026-07-22 20:25:30.476626+00,2026-07-21 20:21:50+00,,,,,,{},"{""access"": ""private"", ""amenity"": ""weighbridge""}"
node/12141543858,CAT Scale,,POINT(-78.8170241 38.4806754),osm_pois,981,2026-07-22 20:25:30.476626+00,2026-07-21 20:21:50+00,,,,,,{},"{""ref"": ""1636"", ""name"": ""CAT Scale"", ""brand"": ""CAT Scale"", ""amenity"": ""weighbridge"", ""website"": ""https://catscale.com/cat-scale-locator/?single=1636"", ""operator"": ""Pilot Travel Center"", ""check_date"": ""2024-02-10"", ""brand:wikidata"": ""Q111631907"", ""operator:phone"": ""+1 540-434-2529"", ""operator:website"": ""https://locations.pilotflyingj.com/us/va/harrisonburg/3634-north-valley-pike"", ""operator:wikidata"": ""Q64128179""}"
node/12141581818,,,POINT(-108.6464447 39.1168446),osm_pois,981,2026-07-22 20:25:30.476626+00,2026-07-21 20:21:50+00,,,,,,{},"{""amenity"": ""weighbridge""}"
node/12141581847,CAT Scale,,POINT(-94.7023434 38.1805575),osm_pois,981,2026-07-22 20:25:30.476626+00,2026-07-21 20:21:50+00,,,,,,{},"{""ref"": ""3144"", ""name"": ""CAT Scale"", ""brand"": ""CAT Scale"", ""amenity"": ""weighbridge"", ""website"": ""https://catscale.com/cat-scale-locator/?single=3144"", ""operator"": ""Casey's General Store"", ""check_date"": ""2024-02-10"", ""brand:wikidata"": ""Q111631907"", ""operator:phone"": ""+1 913-361-7464"", ""operator:wikidata"": ""Q2940968""}"
node/12141596249,CAT Scale,,POINT(-81.1343465 29.3402731),osm_pois,981,2026-07-22 20:25:30.476626+00,2026-07-21 20:21:50+00,,,,,,{},"{""ref"": ""964"", ""name"": ""CAT Scale"", ""brand"": ""CAT Scale"", ""amenity"": ""weighbridge"", ""website"": ""https://catscale.com/cat-scale-locator/?single=964"", ""operator"": ""Love's Travel Stop"", ""check_date"": ""2024-02-10"", ""brand:wikidata"": ""Q111631907"", ""operator:phone"": ""+1 386-671-9585"", ""operator:website"": ""https://www.loves.com/locations/316"", ""operator:wikidata"": ""Q1872496""}"
node/12141597473,CAT Scale,,POINT(-97.726371 26.2499528),osm_pois,981,2026-07-22 20:25:30.476626+00,2026-07-21 20:21:50+00,,,,,,{},"{""ref"": ""2216"", ""name"": ""CAT Scale"", ""brand"": ""CAT Scale"", ""phone"": ""+1 956-507-7934"", ""amenity"": ""weighbridge"", ""website"": ""https://catscale.com/cat-scale-locator/?single=2216"", ""check_date"": ""2024-02-10"", ""brand:wikidata"": ""Q111631907""}"
node/12141597547,CAT Scale,,POINT(-103.7061684 39.2708868),osm_pois,981,2026-07-22 20:25:30.476626+00,2026-07-21 20:21:50+00,,,,,,{},"{""ref"": ""471"", ""name"": ""CAT Scale"", ""brand"": ""CAT Scale"", ""amenity"": ""weighbridge"", ""website"": ""https://catscale.com/cat-scale-locator/?single=471"", ""operator"": ""TA"", ""check_date"": ""2024-02-10"", ""brand:wikidata"": ""Q111631907"", ""operator:phone"": ""+1 719-775-2811"", ""operator:website"": ""https://www.ta-petro.com/location/co/ta-limon/"", ""operator:wikidata"": ""Q7835892""}"
node/12141610523,CAT Scale,,POINT(-121.0158931 37.0537032),osm_pois,981,2026-07-22 20:25:30.476626+00,2026-07-21 20:21:50+00,,,,,,{},"{""ref"": ""345"", ""name"": ""CAT Scale"", ""brand"": ""CAT Scale"", ""amenity"": ""weighbridge"", ""website"": ""https://catscale.com/cat-scale-locator/?single=345"", ""operator"": ""Petro Stopping Center"", ""check_date"": ""2024-02-10"", ""brand:wikidata"": ""Q111631907"", ""operator:phone"": ""+1 209-827-8025"", ""operator:wikidata"": ""Q64051305""}"
node/12141610845,CAT Scale,,POINT(-90.3747426 43.9640403),osm_pois,981,2026-07-22 20:25:30.476626+00,2026-07-21 20:21:50+00,,,,,,{},"{""ref"": ""582"", ""name"": ""CAT Scale"", ""brand"": ""CAT Scale"", ""amenity"": ""weighbridge"", ""website"": ""https://catscale.com/cat-scale-locator/?single=582"", ""operator"": ""Road Ranger"", ""check_date"": ""2024-02-10"", ""brand:wikidata"": ""Q111631907"", ""operator:phone"": ""+1 815-209-9040""}"
node/12141612171,CAT Scale,,POINT(-101.797971 34.5287362),osm_pois,981,2026-07-22 20:25:30.476626+00,2026-07-21 20:21:50+00,,,,,,{},"{""ref"": ""2181"", ""name"": ""CAT Scale"", ""brand"": ""CAT Scale"", ""phone"": ""+1 806-995-4567"", ""amenity"": ""weighbridge"", ""website"": ""https://catscale.com/cat-scale-locator/?single=2181"", ""check_date"": ""2024-02-10"", ""brand:wikidata"": ""Q111631907""}"
node/12141613200,CAT Scale,,POINT(-77.5216707 41.0264771),osm_pois,981,2026-07-22 20:25:30.476626+00,2026-07-21 20:21:50+00,,,,,,{},"{""ref"": ""221"", ""name"": ""CAT Scale"", ""brand"": ""CAT Scale"", ""amenity"": ""weighbridge"", ""website"": ""https://catscale.com/cat-scale-locator/?single=221"", ""operator"": ""TA"", ""check_date"": ""2024-02-10"", ""brand:wikidata"": ""Q111631907"", ""operator:phone"": ""+1 570-726-4996"", ""operator:website"": ""https://www.ta-petro.com/location/pa/ta-lamar/"", ""operator:wikidata"": ""Q7835892""}"
node/12141614525,CAT Scale,,POINT(-91.5870363 44.8429441),osm_pois,981,2026-07-22 20:25:30.476626+00,2026-07-21 20:21:50+00,,,,,,{},"{""ref"": ""1988"", ""name"": ""CAT Scale"", ""brand"": ""CAT Scale"", ""amenity"": ""weighbridge"", ""website"": ""https://catscale.com/cat-scale-locator/?single=1988"", ""operator"": ""Kwik Trip"", ""check_date"": ""2024-02-10"", ""brand:wikidata"": ""Q111631907"", ""operator:phone"": ""+1 715-874-5945""}"
node/12141833942,CAT Scale,,POINT(-102.4768075 31.7849396),osm_pois,981,2026-07-22 20:25:30.476626+00,2026-07-21 20:21:50+00,,,,,,{},"{""ref"": ""2175"", ""name"": ""CAT Scale"", ""brand"": ""CAT Scale"", ""amenity"": ""weighbridge"", ""website"": ""https://catscale.com/cat-scale-locator/?single=2175"", ""operator"": ""Pilot"", ""check_date"": ""2024-02-10"", ""brand:wikidata"": ""Q111631907"", ""operator:phone"": ""+1 432-381-5248"", ""operator:wikidata"": ""Q64128179""}"
node/12141847657,CAT Scale,,POINT(-84.1925977 39.9026533),osm_pois,981,2026-07-22 20:25:30.476626+00,2026-07-21 20:21:50+00,,,,,,{},"{""ref"": ""1671"", ""name"": ""CAT Scale"", ""brand"": ""CAT Scale"", ""amenity"": ""weighbridge"", ""website"": ""https://catscale.com/cat-scale-locator/?single=1671"", ""operator"": ""Flying J Travel Center"", ""check_date"": ""2024-02-10"", ""brand:wikidata"": ""Q111631907"", ""operator:phone"": ""+1 937-264-8520"", ""operator:wikidata"": ""Q64130592""}"
node/12142705380,CAT Scale,,POINT(-104.6508747 34.946535),osm_pois,981,2026-07-22 20:25:30.476626+00,2026-07-21 20:21:50+00,,,,,,{},"{""ref"": ""1870"", ""name"": ""CAT Scale"", ""brand"": ""CAT Scale"", ""amenity"": ""weighbridge"", ""website"": ""https://catscale.com/cat-scale-locator/?single=1870"", ""operator"": ""Pilot Travel Center"", ""check_date"": ""2024-02-10"", ""brand:wikidata"": ""Q111631907"", ""operator:phone"": ""+1 575-283-0665"", ""operator:website"": ""https://locations.pilotflyingj.com/us/nm/santa-rosa/2464-historic-route-66"", ""operator:wikidata"": ""Q64128179""}"
node/12142705384,CAT Scale,,POINT(-85.8657879 37.5960419),osm_pois,981,2026-07-22 20:25:30.476626+00,2026-07-21 20:21:50+00,,,,,,{},"{""ref"": ""855"", ""name"": ""CAT Scale"", ""brand"": ""CAT Scale"", ""amenity"": ""weighbridge"", ""website"": ""https://catscale.com/cat-scale-locator/?single=855"", ""operator"": ""Pilot Travel Center"", ""check_date"": ""2024-02-10"", ""brand:wikidata"": ""Q111631907"", ""operator:phone"": ""+1 270-369-7360"", ""operator:website"": ""https://locations.pilotflyingj.com/us/ky/glendale/58-glendale-hodgenville-road"", ""operator:wikidata"": ""Q64128179""}"
node/12142767864,CAT Scale,,POINT(-88.8946348 39.9075852),osm_pois,981,2026-07-22 20:25:30.476626+00,2026-07-21 20:21:50+00,,,,,,{},"{""ref"": ""1165"", ""name"": ""CAT Scale"", ""brand"": ""CAT Scale"", ""amenity"": ""weighbridge"", ""website"": ""https://catscale.com/cat-scale-locator/?single=1165"", ""operator"": ""Pilot Travel Center"", ""check_date"": ""2024-02-10"", ""brand:wikidata"": ""Q111631907"", ""operator:phone"": ""+1 217-876-0208"", ""operator:website"": ""https://locations.pilotflyingj.com/us/il/decatur/4030-east-boyd-road"", ""operator:wikidata"": ""Q64128179""}"
node/12142773471,CAT Scale,,POINT(-81.4033862 40.7492756),osm_pois,981,2026-07-22 20:25:30.476626+00,2026-07-21 20:21:50+00,,,,,,{},"{""ref"": ""1322"", ""name"": ""CAT Scale"", ""brand"": ""CAT Scale"", ""amenity"": ""weighbridge"", ""website"": ""https://catscale.com/cat-scale-locator/?single=1322"", ""operator"": ""Pilot Travel Center"", ""check_date"": ""2024-02-10"", ""brand:wikidata"": ""Q111631907"", ""operator:phone"": ""+1 330-484-3965"", ""operator:website"": ""https://locations.pilotflyingj.com/us/oh/canton/2320-faircrest-street"", ""operator:wikidata"": ""Q64128179""}"
node/12142817067,CAT Scale,,POINT(-90.6257325 41.6018492),osm_pois,981,2026-07-22 20:25:30.476626+00,2026-07-21 20:21:50+00,,,,,,{},"{""ref"": ""1432"", ""name"": ""CAT Scale"", ""brand"": ""CAT Scale"", ""amenity"": ""weighbridge"", ""website"": ""https://catscale.com/cat-scale-locator/?single=1432"", ""operator"": ""Flying J Travel Center"", ""check_date"": ""2024-02-10"", ""brand:wikidata"": ""Q111631907"", ""operator:phone"": ""+1 563-386-7710"", ""operator:wikidata"": ""Q64130592""}"
node/12142828654,CAT Scale,,POINT(-81.0246071 34.0651099),osm_pois,981,2026-07-22 20:25:30.476626+00,2026-07-21 20:21:50+00,,,,,,{},"{""ref"": ""1503"", ""name"": ""CAT Scale"", ""brand"": ""CAT Scale"", ""amenity"": ""weighbridge"", ""website"": ""https://catscale.com/cat-scale-locator/?single=1503"", ""operator"": ""Flying J Travel Center"", ""check_date"": ""2024-02-10"", ""brand:wikidata"": ""Q111631907"", ""operator:phone"": ""+1 803-735-9006"", ""operator:wikidata"": ""Q64130592""}"
node/12142862704,CAT Scale,,POINT(-102.0705159 41.0524733),osm_pois,981,2026-07-22 20:25:30.476626+00,2026-07-21 20:21:50+00,,,,,,{},"{""ref"": ""1077"", ""name"": ""CAT Scale"", ""brand"": ""CAT Scale"", ""amenity"": ""weighbridge"", ""website"": ""https://catscale.com/cat-scale-locator/?single=1077"", ""operator"": ""Flying J Travel Center"", ""check_date"": ""2024-02-10"", ""brand:wikidata"": ""Q111631907"", ""operator:phone"": ""+1 308-889-3686"", ""operator:wikidata"": ""Q64130592""}"
node/12142862706,,,POINT(-90.784809 41.6201044),osm_pois,981,2026-07-22 20:25:30.476626+00,2026-07-21 20:21:50+00,,,,,,{},"{""amenity"": ""weighbridge""}"
node/12142870254,CAT Scale,,POINT(-76.1660309 43.0865682),osm_pois,981,2026-07-22 20:25:30.476626+00,2026-07-21 20:21:50+00,,,,,,{},"{""ref"": ""462"", ""name"": ""CAT Scale"", ""brand"": ""CAT Scale"", ""amenity"": ""weighbridge"", ""website"": ""https://catscale.com/cat-scale-locator/?single=462"", ""operator"": ""Flying J Travel Center"", ""check_date"": ""2024-02-10"", ""brand:wikidata"": ""Q111631907"", ""operator:phone"": ""+1 315-424-0124"", ""operator:website"": ""https://locations.pilotflyingj.com/us/ny/liverpool/107-seventh-north-street""}"
node/12142878346,CAT Scale,,POINT(-85.7733563 38.492416),osm_pois,981,2026-07-22 20:25:30.476626+00,2026-07-21 20:21:50+00,,,,,,{},"{""ref"": ""397"", ""name"": ""CAT Scale"", ""brand"": ""CAT Scale"", ""amenity"": ""weighbridge"", ""website"": ""https://catscale.com/cat-scale-locator/?single=397"", ""operator"": ""Pilot Travel Center"", ""check_date"": ""2024-02-10"", ""brand:wikidata"": ""Q111631907"", ""operator:phone"": ""+1 812-294-4233"", ""operator:website"": ""https://locations.pilotflyingj.com/us/in/memphis/14013-memphis-blue-lick-road"", ""operator:wikidata"": ""Q64128179""}"
node/12142883554,CAT Scale,,POINT(-98.1427264 26.3361369),osm_pois,981,2026-07-22 20:25:30.476626+00,2026-07-21 20:21:50+00,,,,,,{},"{""ref"": ""2915"", ""name"": ""CAT Scale"", ""brand"": ""CAT Scale"", ""amenity"": ""weighbridge"", ""website"": ""https://catscale.com/cat-scale-locator/?single=2915"", ""operator"": ""Flying J Travel Center"", ""check_date"": ""2024-02-10"", ""brand:wikidata"": ""Q111631907"", ""operator:phone"": ""+1 956-316-0149"", ""operator:wikidata"": ""Q64130592""}"
node/12142883874,CAT Scale,,POINT(-108.6755495 32.3399611),osm_pois,981,2026-07-22 20:25:30.476626+00,2026-07-21 20:21:50+00,,,,,,{},"{""ref"": ""1725"", ""name"": ""CAT Scale"", ""brand"": ""CAT Scale"", ""phone"": ""+1 575-542-3321"", ""amenity"": ""weighbridge"", ""website"": ""https://catscale.com/cat-scale-locator/?single=1725"", ""operator"": ""Flying J Travel Center"", ""check_date"": ""2024-02-10"", ""brand:wikidata"": ""Q111631907"", ""operator:wikidata"": ""Q64130592""}"
node/12142891115,CAT Scale,,POINT(-81.0018674 34.5076375),osm_pois,981,2026-07-22 20:25:30.476626+00,2026-07-21 20:21:50+00,,,,,,{},"{""ref"": ""756"", ""name"": ""CAT Scale"", ""brand"": ""CAT Scale"", ""amenity"": ""weighbridge"", ""website"": ""https://catscale.com/cat-scale-locator/?single=756"", ""operator"": ""Pilot Travel Center"", ""check_date"": ""2024-02-10"", ""brand:wikidata"": ""Q111631907"", ""operator:phone"": ""+1 803-232-8916"", ""operator:website"": ""https://locations.pilotflyingj.com/us/sc/winnsboro/10959-state-highway-200"", ""operator:wikidata"": ""Q64128179""}"
node/12142892222,CAT Scale,,POINT(-79.3087001 36.0657477),osm_pois,981,2026-07-22 20:25:30.476626+00,2026-07-21 20:21:50+00,,,,,,{},"{""ref"": ""502"", ""name"": ""CAT Scale"", ""brand"": ""CAT Scale"", ""amenity"": ""weighbridge"", ""website"": ""https://catscale.com/cat-scale-locator/?single=502"", ""operator"": ""Pilot Travel Center"", ""check_date"": ""2024-02-10"", ""brand:wikidata"": ""Q111631907"", ""operator:phone"": ""+1 919-563-4999"", ""operator:website"": ""https://locations.pilotflyingj.com/us/nc/mebane/1342-trollingwood-hawfields-road"", ""operator:wikidata"": ""Q64128179""}"
node/12142892468,CAT Scale,,POINT(-95.1961577 29.7148736),osm_pois,981,2026-07-22 20:25:30.476626+00,2026-07-21 20:21:50+00,,,,,,{},"{""ref"": ""2141"", ""name"": ""CAT Scale"", ""brand"": ""CAT Scale"", ""amenity"": ""weighbridge"", ""website"": ""https://catscale.com/cat-scale-locator/?single=2141"", ""operator"": ""Flying J Travel Center"", ""check_date"": ""2024-02-10"", ""brand:wikidata"": ""Q111631907"", ""operator:phone"": ""+1 713-534-0038"", ""operator:wikidata"": ""Q64130592""}"
node/12142898720,CAT Scale,,POINT(-88.2057162 30.5591788),osm_pois,981,2026-07-22 20:25:30.476626+00,2026-07-21 20:21:50+00,,,,,,{},"{""ref"": ""508"", ""name"": ""CAT Scale"", ""brand"": ""CAT Scale"", ""amenity"": ""weighbridge"", ""website"": ""https://catscale.com/cat-scale-locator/?single=508"", ""operator"": ""Pilot Travel Center"", ""check_date"": ""2024-02-10"", ""brand:wikidata"": ""Q111631907"", ""operator:phone"": ""+1 251-653-8834"", ""operator:website"": ""https://locations.pilotflyingj.com/us/al/theodore/6955-theodore-dawes-road"", ""operator:wikidata"": ""Q64128179""}"
node/12142917264,CAT Scale,,POINT(-81.9980907 40.9993019),osm_pois,981,2026-07-22 20:25:30.476626+00,2026-07-21 20:21:50+00,,,,,,{},"{""ref"": ""588"", ""name"": ""CAT Scale"", ""brand"": ""CAT Scale"", ""amenity"": ""weighbridge"", ""website"": ""https://catscale.com/cat-scale-locator/?single=588"", ""operator"": ""Pilot Travel Center"", ""check_date"": ""2024-02-10"", ""brand:wikidata"": ""Q111631907"", ""operator:phone"": ""+1 330-948-4571"", ""operator:website"": ""https://locations.pilotflyingj.com/us/oh/burbank/10048-avon-lake-road"", ""operator:wikidata"": ""Q64128179""}"
node/12142937046,CAT Scale,,POINT(-84.5659424 35.5444596),osm_pois,981,2026-07-22 20:25:30.476626+00,2026-07-21 20:21:50+00,,,,,,{},"{""ref"": ""1233"", ""name"": ""CAT Scale"", ""brand"": ""CAT Scale"", ""amenity"": ""weighbridge"", ""website"": ""https://catscale.com/cat-scale-locator/?single=1233"", ""operator"": ""Pilot Travel Center"", ""check_date"": ""2024-02-10"", ""brand:wikidata"": ""Q111631907"", ""operator:phone"": ""+1 423-597-3719"", ""operator:website"": ""https://locations.pilotflyingj.com/us/tn/niota/507-highway-309"", ""operator:wikidata"": ""Q64128179""}"
node/12142937065,CAT Scale,,POINT(-75.6840621 41.82562),osm_pois,981,2026-07-22 20:25:30.476626+00,2026-07-21 20:21:50+00,,,,,,{},"{""ref"": ""1501"", ""name"": ""CAT Scale"", ""brand"": ""CAT Scale"", ""amenity"": ""weighbridge"", ""website"": ""https://catscale.com/cat-scale-locator/?single=1501"", ""operator"": ""Flying J Travel Center"", ""check_date"": ""2024-02-10"", ""brand:wikidata"": ""Q111631907"", ""operator:phone"": ""+1 570-465-2974"", ""operator:wikidata"": ""Q64130592""}"
node/12142945468,CAT Scale,,POINT(-84.67861 42.7876358),osm_pois,981,2026-07-22 20:25:30.476626+00,2026-07-21 20:21:50+00,,,,,,{},"{""ref"": ""1533"", ""name"": ""CAT Scale"", ""brand"": ""CAT Scale"", ""amenity"": ""weighbridge"", ""website"": ""https://catscale.com/cat-scale-locator/?single=1533"", ""operator"": ""Flying J Travel Center"", ""check_date"": ""2024-02-10"", ""brand:wikidata"": ""Q111631907"", ""operator:phone"": ""+1 517-627-7504"", ""operator:wikidata"": ""Q64130592""}"
node/12142947417,CAT Scale,,POINT(-87.695379 39.418941),osm_pois,981,2026-07-22 20:25:30.476626+00,2026-07-21 20:21:50+00,,,,,,{},"{""ref"": ""3197"", ""name"": ""CAT Scale"", ""brand"": ""CAT Scale"", ""amenity"": ""weighbridge"", ""website"": ""https://catscale.com/cat-scale-locator/?single=3197"", ""operator"": ""Pilot Travel Center"", ""check_date"": ""2024-02-10"", ""brand:wikidata"": ""Q111631907"", ""operator:phone"": ""+1 217-826-1060"", ""operator:website"": ""https://locations.pilotflyingj.com/us/il/marshall/104-west-trefz-drive"", ""operator:wikidata"": ""Q64128179""}"
node/12142947616,CAT Scale,,POINT(-91.2286757 38.840818),osm_pois,981,2026-07-22 20:25:30.476626+00,2026-07-21 20:21:50+00,,,,,,{},"{""ref"": ""1466"", ""name"": ""CAT Scale"", ""brand"": ""CAT Scale"", ""amenity"": ""weighbridge"", ""website"": ""https://catscale.com/cat-scale-locator/?single=1466"", ""operator"": ""Flying J Travel Center"", ""check_date"": ""2024-02-10"", ""brand:wikidata"": ""Q111631907"", ""operator:phone"": ""+1 636-456-2001"", ""operator:wikidata"": ""Q64130592""}"
node/12142950167,CAT Scale,,POINT(-80.7187843 41.1398938),osm_pois,981,2026-07-22 20:25:30.476626+00,2026-07-21 20:21:50+00,,,,,,{},"{""ref"": ""100"", ""name"": ""CAT Scale"", ""brand"": ""CAT Scale"", ""amenity"": ""weighbridge"", ""website"": ""https://catscale.com/cat-scale-locator/?single=100"", ""operator"": ""Pilot Travel Center"", ""check_date"": ""2024-02-10"", ""brand:wikidata"": ""Q111631907"", ""operator:phone"": ""+1 330-530-8500"", ""operator:website"": ""https://locations.pilotflyingj.com/us/oh/girard/2786-salt-springs-road"", ""operator:wikidata"": ""Q64128179""}"
node/12142955319,CAT Scale,,POINT(-97.0937133 47.8876003),osm_pois,981,2026-07-22 20:25:30.476626+00,2026-07-21 20:21:50+00,,,,,,{},"{""ref"": ""1349"", ""name"": ""CAT Scale"", ""brand"": ""CAT Scale"", ""amenity"": ""weighbridge"", ""website"": ""https://catscale.com/cat-scale-locator/?single=1349"", ""operator"": ""Flying J Travel Center"", ""check_date"": ""2024-02-10"", ""brand:wikidata"": ""Q111631907"", ""operator:phone"": ""+1 701-738-0017"", ""operator:wikidata"": ""Q64130592""}"
node/12142958318,CAT Scale,,POINT(-103.7040469 35.1578983),osm_pois,981,2026-07-22 20:25:30.476626+00,2026-07-21 20:21:50+00,,,,,,{},"{""ref"": ""1726"", ""name"": ""CAT Scale"", ""brand"": ""CAT Scale"", ""amenity"": ""weighbridge"", ""website"": ""https://catscale.com/cat-scale-locator/?single=1726"", ""operator"": ""Flying J Travel Center"", ""check_date"": ""2024-02-10"", ""brand:wikidata"": ""Q111631907"", ""operator:phone"": ""+1 575-461-6590"", ""operator:wikidata"": ""Q64130592""}"
node/12142958341,CAT Scale,,POINT(-95.8322194 36.1627404),osm_pois,981,2026-07-22 20:25:30.476626+00,2026-07-21 20:21:50+00,,,,,,{},"{""ref"": ""1496"", ""name"": ""CAT Scale"", ""brand"": ""CAT Scale"", ""amenity"": ""weighbridge"", ""website"": ""https://catscale.com/cat-scale-locator/?single=1496"", ""operator"": ""Flying J Travel Center"", ""check_date"": ""2024-02-10"", ""brand:wikidata"": ""Q111631907"", ""operator:phone"": ""+1 918-437-5477"", ""operator:wikidata"": ""Q64130592""}"
node/12142979374,CAT Scale,,POINT(-100.2309094 34.4349065),osm_pois,981,2026-07-22 20:25:30.476626+00,2026-07-21 20:21:50+00,,,,,,{},"{""ref"": ""2098"", ""name"": ""CAT Scale"", ""brand"": ""CAT Scale"", ""amenity"": ""weighbridge"", ""website"": ""https://catscale.com/cat-scale-locator/?single=2098"", ""operator"": ""Pilot Travel Center"", ""check_date"": ""2024-02-10"", ""brand:wikidata"": ""Q111631907"", ""operator:phone"": ""+1 940-937-8769"", ""operator:website"": ""https://locations.pilotflyingj.com/us/tx/childress/2301-avenue-f-nw"", ""operator:wikidata"": ""Q64128179""}"
node/12142984815,CAT Scale,,POINT(-83.4607986 41.5225094),osm_pois,981,2026-07-22 20:25:30.476626+00,2026-07-21 20:21:50+00,,,,,,{},"{""ref"": ""21"", ""name"": ""CAT Scale"", ""brand"": ""CAT Scale"", ""amenity"": ""weighbridge"", ""website"": ""https://catscale.com/cat-scale-locator/?single=21"", ""operator"": ""Pilot Travel Center"", ""check_date"": ""2024-02-10"", ""brand:wikidata"": ""Q111631907"", ""operator:phone"": ""+1 419-837-5091"", ""operator:website"": ""https://locations.pilotflyingj.com/us/oh/perrysburg/3430-libbey-road"", ""operator:wikidata"": ""Q64128179""}"
node/12142988659,CAT Scale,,POINT(-84.106932 36.9745747),osm_pois,981,2026-07-22 20:25:30.476626+00,2026-07-21 20:21:50+00,,,,,,{},"{""ref"": ""741"", ""name"": ""CAT Scale"", ""brand"": ""CAT Scale"", ""amenity"": ""weighbridge"", ""website"": ""https://catscale.com/cat-scale-locator/?single=741"", ""operator"": ""Pilot Travel Center"", ""check_date"": ""2024-02-10"", ""brand:wikidata"": ""Q111631907"", ""operator:phone"": ""+1 606-528-0631"", ""operator:website"": ""https://locations.pilotflyingj.com/us/ky/corbin/249-west-cumberland-gap-parkway"", ""operator:wikidata"": ""Q64128179""}"
node/12142991906,CAT Scale,,POINT(-78.1295682 34.9952848),osm_pois,981,2026-07-22 20:25:30.476626+00,2026-07-21 20:21:50+00,,,,,,{},"{""ref"": ""1783"", ""name"": ""CAT Scale"", ""brand"": ""CAT Scale"", ""amenity"": ""weighbridge"", ""website"": ""https://catscale.com/cat-scale-locator/?single=1783"", ""operator"": ""Pilot Travel Center"", ""check_date"": ""2024-02-10"", ""brand:wikidata"": ""Q111631907"", ""operator:phone"": ""+1 910-293-7070"", ""operator:website"": ""https://locations.pilotflyingj.com/us/nc/warsaw/2574-w-nc-highway-24"", ""operator:wikidata"": ""Q64128179""}"
node/12154689182,CAT Scale,,POINT(-118.9694182 35.0600392),osm_pois,981,2026-07-22 20:25:30.476626+00,2026-07-21 20:21:50+00,,,,,,{},"{""ref"": ""948"", ""name"": ""CAT Scale"", ""brand"": ""CAT Scale"", ""amenity"": ""weighbridge"", ""website"": ""https://catscale.com/cat-scale-locator/?single=948"", ""operator"": ""7-Eleven"", ""brand:wikidata"": ""Q111631907"", ""operator:phone"": ""+1 661-858-2703""}"
node/12163111517,CAT Scale,,POINT(-101.7406276 35.1952356),osm_pois,981,2026-07-22 20:25:30.476626+00,2026-07-21 20:21:50+00,,,,,,{},"{""ref"": ""2003"", ""name"": ""CAT Scale"", ""brand"": ""CAT Scale"", ""amenity"": ""weighbridge"", ""website"": ""https://catscale.com/cat-scale-locator/?single=2003"", ""operator"": ""Pilot Travel Center"", ""check_date"": ""2024-02-10"", ""brand:wikidata"": ""Q111631907"", ""operator:phone"": ""+1 806-335-3323"", ""operator:website"": ""https://locations.pilotflyingj.com/us/tx/amarillo/715-south-lakeside-drive"", ""operator:wikidata"": ""Q64128179""}"
node/12163111539,CAT Scale,,POINT(-110.6737045 35.0162299),osm_pois,981,2026-07-22 20:25:30.476626+00,2026-07-21 20:21:50+00,,,,,,{},"{""ref"": ""1410"", ""name"": ""CAT Scale"", ""brand"": ""CAT Scale"", ""amenity"": ""weighbridge"", ""website"": ""https://catscale.com/cat-scale-locator/?single=1410"", ""operator"": ""Flying J Travel Center"", ""check_date"": ""2024-02-10"", ""brand:wikidata"": ""Q111631907"", ""operator:phone"": ""+1 928-289-2081"", ""operator:wikidata"": ""Q64130592""}"
node/12163118083,CAT Scale,,POINT(-85.4120268 39.8511752),osm_pois,981,2026-07-22 20:25:30.476626+00,2026-07-21 20:21:50+00,,,,,,{},"{""ref"": ""1449"", ""name"": ""CAT Scale"", ""brand"": ""CAT Scale"", ""amenity"": ""weighbridge"", ""website"": ""https://catscale.com/cat-scale-locator/?single=1449"", ""operator"": ""Flying J Travel Center"", ""check_date"": ""2024-02-10"", ""brand:wikidata"": ""Q111631907"", ""operator:phone"": ""+1 765-932-8887"", ""operator:wikidata"": ""Q64130592""}"
node/12163315455,CAT Scale,,POINT(-94.4757189 39.1563405),osm_pois,981,2026-07-22 20:25:30.476626+00,2026-07-21 20:21:50+00,,,,,,{},"{""ref"": ""1993"", ""name"": ""CAT Scale"", ""brand"": ""CAT Scale"", ""amenity"": ""weighbridge"", ""website"": ""https://catscale.com/cat-scale-locator/?single=1993"", ""operator"": ""Pilot Travel Center"", ""check_date"": ""2024-02-10"", ""brand:wikidata"": ""Q111631907"", ""operator:phone"": ""+1 816-453-0076"", ""operator:website"": ""https://locations.pilotflyingj.com/us/mo/kansas-city/8801-ne-birmingham-road"", ""operator:wikidata"": ""Q64128179""}"
node/12163325523,CAT Scale,,POINT(-87.1235409 40.7672778),osm_pois,981,2026-07-22 20:25:30.476626+00,2026-07-21 20:21:50+00,,,,,,{},"{""ref"": ""359"", ""name"": ""CAT Scale"", ""brand"": ""CAT Scale"", ""amenity"": ""weighbridge"", ""website"": ""https://catscale.com/cat-scale-locator/?single=359"", ""operator"": ""Pilot Travel Center"", ""check_date"": ""2024-02-10"", ""brand:wikidata"": ""Q111631907"", ""operator:phone"": ""+1 219-261-3786"", ""operator:website"": ""https://locations.pilotflyingj.com/us/in/remington/4154-west-us-highway-24"", ""operator:wikidata"": ""Q64128179""}"
node/12163330172,CAT Scale,,POINT(-93.3590908 43.1443864),osm_pois,981,2026-07-22 20:25:30.476626+00,2026-07-21 20:21:50+00,,,,,,{},"{""ref"": ""289"", ""name"": ""CAT Scale"", ""brand"": ""CAT Scale"", ""amenity"": ""weighbridge"", ""website"": ""https://catscale.com/cat-scale-locator/?single=289"", ""operator"": ""Pilot Travel Center"", ""check_date"": ""2024-02-10"", ""brand:wikidata"": ""Q111631907"", ""operator:phone"": ""+1 641-357-3124"", ""operator:website"": ""https://locations.pilotflyingj.com/us/ia/clear-lake/2411-us-highway-18-east"", ""operator:wikidata"": ""Q64128179""}"
node/12163337530,CAT Scale,,POINT(-103.153019 34.3959467),osm_pois,981,2026-07-22 20:25:30.476626+00,2026-07-21 20:21:50+00,,,,,,{},"{""ref"": ""1977"", ""name"": ""CAT Scale"", ""brand"": ""CAT Scale"", ""amenity"": ""weighbridge"", ""website"": ""https://catscale.com/cat-scale-locator/?single=1977"", ""operator"": ""Pilot Travel Center"", ""check_date"": ""2024-02-10"", ""brand:wikidata"": ""Q111631907"", ""operator:phone"": ""+1 575-769-8369"", ""operator:website"": ""https://locations.pilotflyingj.com/us/nm/clovis/4100-mabry-drive"", ""operator:wikidata"": ""Q64128179""}"
node/12163799880,CAT Scale,,POINT(-89.8056467 38.5548952),osm_pois,981,2026-07-22 20:25:30.476626+00,2026-07-21 20:21:50+00,,,,,,{},"{""ref"": ""3256"", ""name"": ""CAT Scale"", ""brand"": ""CAT Scale"", ""amenity"": ""weighbridge"", ""website"": ""https://catscale.com/cat-scale-locator/?single=3256"", ""operator"": ""Pilot Travel Center"", ""check_date"": ""2024-02-10"", ""brand:wikidata"": ""Q111631907"", ""operator:phone"": ""+1 618-566-2021"", ""operator:website"": ""https://locations.pilotflyingj.com/us/il/mascoutah/9810-perrin-road"", ""operator:wikidata"": ""Q64128179""}"
node/12163812199,CAT Scale,,POINT(-80.9917616 36.9358781),osm_pois,981,2026-07-22 20:25:30.476626+00,2026-07-21 20:21:50+00,,,,,,{},"{""ref"": ""1522"", ""name"": ""CAT Scale"", ""brand"": ""CAT Scale"", ""amenity"": ""weighbridge"", ""website"": ""https://catscale.com/cat-scale-locator/?single=1522"", ""operator"": ""Flying J Travel Center"", ""check_date"": ""2024-02-10"", ""brand:wikidata"": ""Q111631907"", ""operator:phone"": ""+1 276-228-7110"", ""operator:wikidata"": ""Q64130592""}"
node/12163821108,CAT Scale,,POINT(-80.5601726 35.4983147),osm_pois,981,2026-07-22 20:25:30.476626+00,2026-07-21 20:21:50+00,,,,,,{},"{""ref"": ""405"", ""name"": ""CAT Scale"", ""brand"": ""CAT Scale"", ""amenity"": ""weighbridge"", ""website"": ""https://catscale.com/cat-scale-locator/?single=405"", ""operator"": ""Pilot Travel Center"", ""check_date"": ""2024-02-10"", ""brand:wikidata"": ""Q111631907"", ""operator:phone"": ""+1 704-938-6800"", ""operator:website"": ""https://locations.pilotflyingj.com/us/nc/kannapolis/2825-lane-street"", ""operator:wikidata"": ""Q64128179""}"
node/12163852058,CAT Scale,,POINT(-96.0798543 31.4487486),osm_pois,981,2026-07-22 20:25:30.476626+00,2026-07-21 20:21:50+00,,,,,,{},"{""ref"": ""2117"", ""name"": ""CAT Scale"", ""brand"": ""CAT Scale"", ""amenity"": ""weighbridge"", ""website"": ""https://catscale.com/cat-scale-locator/?single=2117"", ""operator"": ""Pilot Travel Center"", ""check_date"": ""2024-02-10"", ""brand:wikidata"": ""Q111631907"", ""operator:phone"": ""+1 903-322-9034"", ""operator:website"": ""https://locations.pilotflyingj.com/us/tx/buffalo/2605-west-commerce-street"", ""operator:wikidata"": ""Q64128179""}"
node/12163914915,CAT Scale,,POINT(-101.8418087 33.5931026),osm_pois,981,2026-07-22 20:25:30.476626+00,2026-07-21 20:21:50+00,,,,,,{},"{""ref"": ""2918"", ""name"": ""CAT Scale"", ""brand"": ""CAT Scale"", ""amenity"": ""weighbridge"", ""website"": ""https://catscale.com/cat-scale-locator/?single=2918"", ""operator"": ""Flying J Travel Center"", ""check_date"": ""2024-02-10"", ""brand:wikidata"": ""Q111631907"", ""operator:phone"": ""+1 806-744-0539"", ""operator:wikidata"": ""Q64130592""}"
node/12163961649,CAT Scale,,POINT(-78.7825149 41.1415667),osm_pois,981,2026-07-22 20:25:30.476626+00,2026-07-21 20:21:50+00,,,,,,{},"{""ref"": ""523"", ""name"": ""CAT Scale"", ""brand"": ""CAT Scale"", ""amenity"": ""weighbridge"", ""website"": ""https://catscale.com/cat-scale-locator/?single=523"", ""operator"": ""Pilot Travel Center"", ""check_date"": ""2024-02-10"", ""brand:wikidata"": ""Q111631907"", ""operator:phone"": ""+1 814-375-6046"", ""operator:website"": ""https://locations.pilotflyingj.com/us/pa/dubois/1742-rich-highway"", ""operator:wikidata"": ""Q64128179""}"
node/12163968936,CAT Scale,,POINT(-114.3148878 34.7283433),osm_pois,981,2026-07-22 20:25:30.476626+00,2026-07-21 20:21:50+00,,,,,,{},"{""ref"": ""587"", ""name"": ""CAT Scale"", ""brand"": ""CAT Scale"", ""amenity"": ""weighbridge"", ""website"": ""https://catscale.com/cat-scale-locator/?single=587"", ""operator"": ""Pilot Travel Center"", ""check_date"": ""2024-02-10"", ""brand:wikidata"": ""Q111631907"", ""operator:phone"": ""+1 928-764-2410"", ""operator:website"": ""https://locations.pilotflyingj.com/us/az/lake-havasu-city/14750-az-95"", ""operator:wikidata"": ""Q64128179""}"
node/12164067312,CAT Scale,,POINT(-86.8645259 34.117349),osm_pois,981,2026-07-22 20:25:30.476626+00,2026-07-21 20:21:50+00,,,,,,{},"{""ref"": ""1724"", ""name"": ""CAT Scale"", ""brand"": ""CAT Scale"", ""amenity"": ""weighbridge"", ""website"": ""https://catscale.com/cat-scale-locator/?single=1724"", ""operator"": ""Pilot Travel Center"", ""check_date"": ""2024-02-10"", ""brand:wikidata"": ""Q111631907"", ""operator:website"": ""https://locations.pilotflyingj.com/us/al/good-hope/1600-county-road-437"", ""operator:wikidata"": ""Q64128179""}"
node/12164598767,,,POINT(-122.5569276 45.4051536),osm_pois,981,2026-07-22 20:25:30.476626+00,2026-07-21 20:21:50+00,,,,,,{},"{""amenity"": ""weighbridge""}"
node/12164940292,CAT Scale,,POINT(-103.5205731 31.4006933),osm_pois,981,2026-07-22 20:25:30.476626+00,2026-07-21 20:21:50+00,,,,,,{},"{""ref"": ""2168"", ""name"": ""CAT Scale"", ""brand"": ""CAT Scale"", ""amenity"": ""weighbridge"", ""website"": ""https://catscale.com/cat-scale-locator/?single=2168"", ""operator"": ""Pilot Travel Center"", ""check_date"": ""2024-02-10"", ""brand:wikidata"": ""Q111631907"", ""operator:phone"": ""+1 432-445-0002"", ""operator:website"": ""https://locations.pilotflyingj.com/us/tx/pecos/2500-south-bickley-ave"", ""operator:wikidata"": ""Q64128179""}"
node/12164981843,CAT Scale,,POINT(-83.5081369 41.7234439),osm_pois,981,2026-07-22 20:25:30.476626+00,2026-07-21 20:21:50+00,,,,,,{},"{""ref"": ""84"", ""name"": ""CAT Scale"", ""brand"": ""CAT Scale"", ""amenity"": ""weighbridge"", ""website"": ""https://catscale.com/cat-scale-locator/?single=84"", ""operator"": ""Pilot Travel Center"", ""check_date"": ""2024-02-10"", ""brand:wikidata"": ""Q111631907"", ""operator:phone"": ""+1 419-729-3985"", ""operator:website"": ""https://locations.pilotflyingj.com/us/oh/toledo/5820-hagman-road"", ""operator:wikidata"": ""Q64128179""}"
node/12164992248,CAT Scale,,POINT(-84.6331197 38.9177354),osm_pois,981,2026-07-22 20:25:30.476626+00,2026-07-21 20:21:50+00,,,,,,{},"{""ref"": ""312"", ""name"": ""CAT Scale"", ""brand"": ""CAT Scale"", ""amenity"": ""weighbridge"", ""website"": ""https://catscale.com/cat-scale-locator/?single=312"", ""operator"": ""Pilot Travel Center"", ""check_date"": ""2024-02-10"", ""brand:wikidata"": ""Q111631907"", ""operator:phone"": ""+1 859-365-0368"", ""operator:website"": ""https://locations.pilotflyingj.com/us/ky/walton/11229-frontage-road"", ""operator:wikidata"": ""Q64128179""}"
node/12164999678,CAT Scale,,POINT(-95.125861 29.7712213),osm_pois,981,2026-07-22 20:25:30.476626+00,2026-07-21 20:21:50+00,,,,,,{},"{""ref"": ""2122"", ""name"": ""CAT Scale"", ""brand"": ""CAT Scale"", ""amenity"": ""weighbridge"", ""website"": ""https://catscale.com/cat-scale-locator/?single=2122"", ""operator"": ""Flying J Travel Center"", ""check_date"": ""2024-02-10"", ""brand:wikidata"": ""Q111631907"", ""operator:phone"": ""+1 281-457-1435"", ""operator:wikidata"": ""Q64130592""}"
node/12165008305,CAT Scale,,POINT(-93.5005577 41.6603488),osm_pois,981,2026-07-22 20:25:30.476626+00,2026-07-21 20:21:50+00,,,,,,{},"{""ref"": ""1079"", ""name"": ""CAT Scale"", ""brand"": ""CAT Scale"", ""amenity"": ""weighbridge"", ""website"": ""https://catscale.com/cat-scale-locator/?single=1079"", ""operator"": ""Flying J Travel Center"", ""check_date"": ""2024-02-10"", ""brand:wikidata"": ""Q111631907"", ""operator:phone"": ""+1 515-967-7878"", ""operator:wikidata"": ""Q64130592""}"
node/12165018988,CAT Scale,,POINT(-97.6112093 38.8748797),osm_pois,981,2026-07-22 20:25:30.476626+00,2026-07-21 20:21:50+00,,,,,,{},"{""ref"": ""1078"", ""name"": ""CAT Scale"", ""brand"": ""CAT Scale"", ""amenity"": ""weighbridge"", ""website"": ""https://catscale.com/cat-scale-locator/?single=1078"", ""operator"": ""Pilot Travel Center"", ""check_date"": ""2024-02-10"", ""brand:wikidata"": ""Q111631907"", ""operator:phone"": ""+1 785-825-6787"", ""operator:website"": ""https://locations.pilotflyingj.com/us/ks/salina/1944-n.-9th-street"", ""operator:wikidata"": ""Q64128179""}"
node/12165977778,CAT Scale,,POINT(-96.1400687 34.3642687),osm_pois,981,2026-07-22 20:25:30.476626+00,2026-07-21 20:21:50+00,,,,,,{},"{""ref"": ""1811"", ""name"": ""CAT Scale"", ""brand"": ""CAT Scale"", ""amenity"": ""weighbridge"", ""website"": ""https://catscale.com/cat-scale-locator/?single=1811"", ""operator"": ""Pilot Travel Center"", ""check_date"": ""2024-02-10"", ""brand:wikidata"": ""Q111631907"", ""operator:phone"": ""+1 580-364-0232"", ""operator:website"": ""https://locations.pilotflyingj.com/us/ok/atoka/1954-s.-mississippi-avenue"", ""operator:wikidata"": ""Q64128179""}"
node/12165981118,CAT Scale,,POINT(-88.0474672 30.8729043),osm_pois,981,2026-07-22 20:25:30.476626+00,2026-07-21 20:21:50+00,,,,,,{},"{""ref"": ""632"", ""name"": ""CAT Scale"", ""brand"": ""CAT Scale"", ""amenity"": ""weighbridge"", ""website"": ""https://catscale.com/cat-scale-locator/?single=632"", ""operator"": ""Pilot Travel Center"", ""check_date"": ""2024-02-10"", ""brand:wikidata"": ""Q111631907"", ""operator:phone"": ""+1 251-679-6260"", ""operator:website"": ""https://locations.pilotflyingj.com/us/al/satsuma/6109-us-43-south"", ""operator:wikidata"": ""Q64128179""}"
node/12165981675,CAT Scale,,POINT(-122.9349142 46.9541639),osm_pois,981,2026-07-22 20:25:30.476626+00,2026-07-21 20:21:50+00,,,,,,{},"{""ref"": ""1132"", ""name"": ""CAT Scale"", ""brand"": ""CAT Scale"", ""amenity"": ""weighbridge"", ""website"": ""https://catscale.com/cat-scale-locator/?single=1132"", ""operator"": ""Pilot Travel Center"", ""check_date"": ""2024-02-10"", ""brand:wikidata"": ""Q111631907"", ""operator:website"": ""https://locations.pilotflyingj.com/us/wa/tumwater/2430-93rd-avenue-sw"", ""operator:wikidata"": ""Q64128179""}"
node/12166002795,CAT Scale,,POINT(-85.8173087 39.5833873),osm_pois,981,2026-07-22 20:25:30.476626+00,2026-07-21 20:21:50+00,,,,,,{},"{""ref"": ""1106"", ""name"": ""CAT Scale"", ""brand"": ""CAT Scale"", ""amenity"": ""weighbridge"", ""website"": ""https://catscale.com/cat-scale-locator/?single=1106"", ""operator"": ""Pilot Travel Center"", ""check_date"": ""2024-02-10"", ""brand:wikidata"": ""Q111631907"", ""operator:phone"": ""+1 317-392-8771"", ""operator:website"": ""https://locations.pilotflyingj.com/us/in/shelbyville/1851-west-400-north"", ""operator:wikidata"": ""Q64128179""}"
node/12166009665,CAT Scale,,POINT(-122.9409197 46.9511924),osm_pois,981,2026-07-22 20:25:30.476626+00,2026-07-21 20:21:50+00,,,,,,{},"{""ref"": ""3323"", ""name"": ""CAT Scale"", ""brand"": ""CAT Scale"", ""amenity"": ""weighbridge"", ""website"": ""https://catscale.com/cat-scale-locator/?single=3323"", ""operator"": ""Flying J Travel Center"", ""check_date"": ""2024-02-10"", ""brand:wikidata"": ""Q111631907""}"
node/12166009945,CAT Scale,,POINT(-86.2996114 36.1783892),osm_pois,981,2026-07-22 20:25:30.476626+00,2026-07-21 20:21:50+00,,,,,,{},"{""ref"": ""936"", ""name"": ""CAT Scale"", ""brand"": ""CAT Scale"", ""amenity"": ""weighbridge"", ""website"": ""https://catscale.com/cat-scale-locator/?single=936"", ""operator"": ""Pilot Travel Center"", ""check_date"": ""2024-02-10"", ""brand:wikidata"": ""Q111631907"", ""operator:phone"": ""+1 615-453-8866"", ""operator:website"": ""https://locations.pilotflyingj.com/us/tn/lebanon/921-murfreesboro-rd"", ""operator:wikidata"": ""Q64128179""}"
node/12166010978,CAT Scale,,POINT(-113.7691787 33.6342814),osm_pois,981,2026-07-22 20:25:30.476626+00,2026-07-21 20:21:50+00,,,,,,{},"{""ref"": ""3212"", ""name"": ""CAT Scale"", ""brand"": ""CAT Scale"", ""amenity"": ""weighbridge"", ""website"": ""https://catscale.com/cat-scale-locator/?single=3212"", ""operator"": ""Pilot Travel Center"", ""check_date"": ""2024-02-10"", ""brand:wikidata"": ""Q111631907"", ""operator:phone"": ""+1 928-859-3165"", ""operator:website"": ""https://locations.pilotflyingj.com/us/az/salome/48286-vicksburg-road"", ""operator:wikidata"": ""Q64128179""}"
node/12166034705,CAT Scale,,POINT(-86.0459009 39.5522584),osm_pois,981,2026-07-22 20:25:30.476626+00,2026-07-21 20:21:50+00,,,,,,{},"{""ref"": ""655"", ""name"": ""CAT Scale"", ""brand"": ""CAT Scale"", ""amenity"": ""weighbridge"", ""website"": ""https://catscale.com/cat-scale-locator/?single=655"", ""operator"": ""Pilot Travel Center"", ""check_date"": ""2024-02-10"", ""brand:wikidata"": ""Q111631907"", ""operator:website"": ""https://locations.pilotflyingj.com/us/in/whiteland/2962-east-500-north"", ""operator:wikidata"": ""Q64128179""}"
node/12166044552,CAT Scale,,POINT(-96.5888514 33.3444635),osm_pois,981,2026-07-22 20:25:30.476626+00,2026-07-21 20:21:50+00,,,,,,{},"{""ref"": ""2074"", ""name"": ""CAT Scale"", ""brand"": ""CAT Scale"", ""amenity"": ""weighbridge"", ""website"": ""https://catscale.com/cat-scale-locator/?single=2074"", ""operator"": ""Flying J Travel Center"", ""check_date"": ""2024-02-10"", ""brand:wikidata"": ""Q111631907"", ""operator:phone"": ""+1 972-924-4035"", ""operator:wikidata"": ""Q64130592""}"
node/12167522166,CAT Scale,,POINT(-110.9416912 41.2691581),osm_pois,981,2026-07-22 20:25:30.476626+00,2026-07-21 20:21:50+00,,,,,,{},"{""ref"": ""771"", ""name"": ""CAT Scale"", ""brand"": ""CAT Scale"", ""amenity"": ""weighbridge"", ""website"": ""https://catscale.com/cat-scale-locator/?single=771"", ""operator"": ""Pilot Travel Center"", ""check_date"": ""2024-02-10"", ""brand:wikidata"": ""Q111631907"", ""operator:phone"": ""+1 307-783-5930"", ""operator:website"": ""https://locations.pilotflyingj.com/us/wy/evanston/289-bear-river-drive"", ""operator:wikidata"": ""Q64128179""}"
node/12167539073,CAT Scale,,POINT(-105.6112207 41.3272515),osm_pois,981,2026-07-22 20:25:30.476626+00,2026-07-21 20:21:50+00,,,,,,{},"{""ref"": ""303"", ""name"": ""CAT Scale"", ""brand"": ""CAT Scale"", ""amenity"": ""weighbridge"", ""website"": ""https://catscale.com/cat-scale-locator/?single=303"", ""operator"": ""Pilot Travel Center"", ""check_date"": ""2024-02-10"", ""brand:wikidata"": ""Q111631907"", ""operator:phone"": ""+1 307-742-6443"", ""operator:website"": ""https://locations.pilotflyingj.com/us/wy/laramie/1564-mccue-street"", ""operator:wikidata"": ""Q64128179""}"
node/12167539888,CAT Scale,,POINT(-106.2694686 42.8523472),osm_pois,981,2026-07-22 20:25:30.476626+00,2026-07-21 20:21:50+00,,,,,,{},"{""ref"": ""1526"", ""name"": ""CAT Scale"", ""brand"": ""CAT Scale"", ""amenity"": ""weighbridge"", ""website"": ""https://catscale.com/cat-scale-locator/?single=1526"", ""operator"": ""Flying J Travel Center"", ""check_date"": ""2024-02-10"", ""brand:wikidata"": ""Q111631907"", ""operator:phone"": ""+1 307-473-1750"", ""operator:wikidata"": ""Q64130592""}"
node/12167541710,CAT Scale,,POINT(-87.9610852 41.9880249),osm_pois,981,2026-07-22 20:25:30.476626+00,2026-07-21 20:21:50+00,,,,,,{},"{""ref"": ""1980"", ""name"": ""CAT Scale"", ""brand"": ""CAT Scale"", ""amenity"": ""weighbridge"", ""website"": ""https://catscale.com/cat-scale-locator/?single=1980"", ""operator"": ""Pilot Travel Center"", ""check_date"": ""2024-02-10"", ""brand:wikidata"": ""Q111631907"", ""operator:phone"": ""+1 630-521-0218"", ""operator:website"": ""https://locations.pilotflyingj.com/us/il/bensenville/1050-busse-road"", ""operator:wikidata"": ""Q64128179""}"
node/12167543734,CAT Scale,IL,POINT(-88.0788697 41.4796398),osm_pois,981,2026-07-22 20:25:30.476626+00,2026-07-21 20:21:50+00,,,,,,{},"{""ref"": ""1815"", ""name"": ""CAT Scale"", ""brand"": ""CAT Scale"", ""amenity"": ""weighbridge"", ""website"": ""https://catscale.com/cat-scale-locator/?single=1815"", ""operator"": ""Pilot Travel Center"", ""addr:city"": ""Joliet"", ""addr:state"": ""IL"", ""check_date"": ""2024-02-10"", ""addr:street"": ""East Laraway Road"", ""addr:postcode"": ""60436"", ""brand:wikidata"": ""Q111631907"", ""operator:phone"": ""+1 815-726-1634"", ""addr:housenumber"": ""40"", ""operator:website"": ""https://locations.pilotflyingj.com/us/il/joliet/40-east-laraway-road"", ""operator:wikidata"": ""Q64128179""}"
node/12167547646,CAT Scale,,POINT(-110.9475858 42.0880499),osm_pois,981,2026-07-22 20:25:30.476626+00,2026-07-21 20:21:50+00,,,,,,{},"{""ref"": ""3142"", ""name"": ""CAT Scale"", ""brand"": ""CAT Scale"", ""amenity"": ""weighbridge"", ""website"": ""https://catscale.com/cat-scale-locator/?single=3142"", ""operator"": ""Flying J Travel Center"", ""check_date"": ""2024-02-10"", ""brand:wikidata"": ""Q111631907"", ""operator:phone"": ""+1 307-306-5716"", ""operator:wikidata"": ""Q64130592""}"
node/12167548977,CAT Scale,,POINT(-109.2315235 41.608595),osm_pois,981,2026-07-22 20:25:30.476626+00,2026-07-21 20:21:50+00,,,,,,{},"{""ref"": ""1532"", ""name"": ""CAT Scale"", ""brand"": ""CAT Scale"", ""amenity"": ""weighbridge"", ""website"": ""https://catscale.com/cat-scale-locator/?single=1532"", ""operator"": ""Flying J Travel Center"", ""check_date"": ""2024-02-10"", ""brand:wikidata"": ""Q111631907"", ""operator:phone"": ""+1 307-306-5796"", ""operator:wikidata"": ""Q64130592""}"
node/12167559404,CAT Scale,,POINT(-107.3084242 41.7786474),osm_pois,981,2026-07-22 20:25:30.476626+00,2026-07-21 20:21:50+00,,,,,,{},"{""ref"": ""1531"", ""name"": ""CAT Scale"", ""brand"": ""CAT Scale"", ""amenity"": ""weighbridge"", ""website"": ""https://catscale.com/cat-scale-locator/?single=1531"", ""operator"": ""Flying J Travel Center"", ""check_date"": ""2024-02-10"", ""brand:wikidata"": ""Q111631907"", ""operator:phone"": ""+1 307-328-0158"", ""operator:wikidata"": ""Q64130592""}"
node/12167569953,CAT Scale,,POINT(-115.6631917 43.1430238),osm_pois,981,2026-07-22 20:25:30.476626+00,2026-07-21 20:21:50+00,,,,,,{},"{""ref"": ""395"", ""name"": ""CAT Scale"", ""brand"": ""CAT Scale"", ""amenity"": ""weighbridge"", ""website"": ""https://catscale.com/cat-scale-locator/?single=395"", ""operator"": ""Pilot Travel Center"", ""check_date"": ""2024-02-10"", ""brand:wikidata"": ""Q111631907"", ""operator:phone"": ""+1 208-587-4465"", ""operator:website"": ""https://locations.pilotflyingj.com/us/id/mountain-home/1050-highway-20"", ""operator:wikidata"": ""Q64128179""}"
node/12167722659,CAT Scale,,POINT(-87.4484789 37.2554235),osm_pois,981,2026-07-22 20:25:30.476626+00,2026-07-21 20:21:50+00,,,,,,{},"{""ref"": ""1083"", ""name"": ""CAT Scale"", ""brand"": ""CAT Scale"", ""amenity"": ""weighbridge"", ""website"": ""https://catscale.com/cat-scale-locator/?single=1083"", ""operator"": ""Pilot Travel Center"", ""check_date"": ""2024-02-10"", ""brand:wikidata"": ""Q111631907"", ""operator:phone"": ""+1 270-258-5213"", ""operator:website"": ""https://locations.pilotflyingj.com/us/ky/madisonville/95-free-henry-ford-road"", ""operator:wikidata"": ""Q64128179""}"
node/12167738415,CAT Scale,,POINT(-86.5949046 35.9983854),osm_pois,981,2026-07-22 20:25:30.476626+00,2026-07-21 20:21:50+00,,,,,,{},"{""ref"": ""463"", ""name"": ""CAT Scale"", ""brand"": ""CAT Scale"", ""amenity"": ""weighbridge"", ""website"": ""https://catscale.com/cat-scale-locator/?single=463"", ""operator"": ""Pilot Travel Center"", ""check_date"": ""2024-02-10"", ""brand:wikidata"": ""Q111631907"", ""operator:phone"": ""+1 615-793-9856"", ""operator:website"": ""https://locations.pilotflyingj.com/us/tn/lavergne/535-waldron-road"", ""operator:wikidata"": ""Q64128179""}"
node/12167740357,CAT Scale,,POINT(-87.3421829 36.0229934),osm_pois,981,2026-07-22 20:25:30.476626+00,2026-07-21 20:21:50+00,,,,,,{},"{""ref"": ""447"", ""name"": ""CAT Scale"", ""brand"": ""CAT Scale"", ""amenity"": ""weighbridge"", ""website"": ""https://catscale.com/cat-scale-locator/?single=447"", ""operator"": ""Pilot Travel Center"", ""check_date"": ""2024-02-10"", ""brand:wikidata"": ""Q111631907"", ""operator:phone"": ""+1 615-446-4600"", ""operator:website"": ""https://locations.pilotflyingj.com/us/tn/dickson/2320-highway-46-south"", ""operator:wikidata"": ""Q64128179""}"
node/12167746092,CAT Scale,,POINT(-87.801872 35.8829084),osm_pois,981,2026-07-22 20:25:30.476626+00,2026-07-21 20:21:50+00,,,,,,{},"{""ref"": ""782"", ""name"": ""CAT Scale"", ""brand"": ""CAT Scale"", ""amenity"": ""weighbridge"", ""website"": ""https://catscale.com/cat-scale-locator/?single=782"", ""operator"": ""Pilot Travel Center"", ""check_date"": ""2024-02-10"", ""brand:wikidata"": ""Q111631907"", ""operator:phone"": ""+1 931-296-7180"", ""operator:website"": ""https://locations.pilotflyingj.com/us/tn/hurricane-mills/15559-highway-13-south"", ""operator:wikidata"": ""Q64128179""}"
node/12167751664,CAT Scale,,POINT(-87.548236 38.1748205),osm_pois,981,2026-07-22 20:25:30.476626+00,2026-07-21 20:21:50+00,,,,,,{},"{""ref"": ""923"", ""name"": ""CAT Scale"", ""brand"": ""CAT Scale"", ""amenity"": ""weighbridge"", ""website"": ""https://catscale.com/cat-scale-locator/?single=923"", ""operator"": ""Pilot Travel Center"", ""check_date"": ""2024-02-10"", ""brand:wikidata"": ""Q111631907"", ""operator:phone"": ""+1 812-868-1048"", ""operator:website"": ""https://locations.pilotflyingj.com/us/in/haubstadt/1042-east-warrenton-road"", ""operator:wikidata"": ""Q64128179""}"
node/12167755231,CAT Scale,,POINT(-86.5531602 36.6617975),osm_pois,981,2026-07-22 20:25:30.476626+00,2026-07-21 20:21:50+00,,,,,,{},"{""ref"": ""1455"", ""name"": ""CAT Scale"", ""brand"": ""CAT Scale"", ""amenity"": ""weighbridge"", ""website"": ""https://catscale.com/cat-scale-locator/?single=1455"", ""operator"": ""Flying J Travel Center"", ""check_date"": ""2024-02-10"", ""brand:wikidata"": ""Q111631907"", ""operator:phone"": ""+1 270-586-3343"", ""operator:wikidata"": ""Q64130592""}"
node/12167757577,CAT Scale,,POINT(-85.2975828 38.4538003),osm_pois,981,2026-07-22 20:25:30.476626+00,2026-07-21 20:21:50+00,,,,,,{},"{""ref"": ""781"", ""name"": ""CAT Scale"", ""brand"": ""CAT Scale"", ""amenity"": ""weighbridge"", ""website"": ""https://catscale.com/cat-scale-locator/?single=781"", ""operator"": ""Pilot Travel Center"", ""check_date"": ""2024-02-10"", ""brand:wikidata"": ""Q111631907"", ""operator:website"": ""https://locations.pilotflyingj.com/us/ky/pendleton/205-pendleton-road"", ""operator:wikidata"": ""Q64128179""}"
node/12167758088,CAT Scale,,POINT(-86.5244006 36.7171258),osm_pois,981,2026-07-22 20:25:30.476626+00,2026-07-21 20:21:50+00,,,,,,{},"{""ref"": ""252"", ""name"": ""CAT Scale"", ""brand"": ""CAT Scale"", ""amenity"": ""weighbridge"", ""website"": ""https://catscale.com/cat-scale-locator/?single=252"", ""operator"": ""Pilot Travel Center"", ""check_date"": ""2024-02-10"", ""brand:wikidata"": ""Q111631907"", ""operator:phone"": ""+1 270-586-9544"", ""operator:website"": ""https://locations.pilotflyingj.com/us/ky/franklin/2940-scottsville-road"", ""operator:wikidata"": ""Q64128179""}"
node/12167759404,CAT Scale,,POINT(-85.9493754 36.1771776),osm_pois,981,2026-07-22 20:25:30.476626+00,2026-07-21 20:21:50+00,,,,,,{},"{""ref"": ""1313"", ""name"": ""CAT Scale"", ""brand"": ""CAT Scale"", ""amenity"": ""weighbridge"", ""website"": ""https://catscale.com/cat-scale-locator/?single=1313"", ""operator"": ""Pilot Travel Center"", ""check_date"": ""2024-02-10"", ""brand:wikidata"": ""Q111631907"", ""operator:phone"": ""+1 615-683-3410"", ""operator:website"": ""https://locations.pilotflyingj.com/us/tn/gordonsville/502-gordonsville-highway"", ""operator:wikidata"": ""Q64128179""}"
node/12167761188,CAT Scale,,POINT(-85.3480873 38.2096891),osm_pois,981,2026-07-22 20:25:30.476626+00,2026-07-21 20:21:50+00,,,,,,{},"{""ref"": ""410"", ""name"": ""CAT Scale"", ""brand"": ""CAT Scale"", ""amenity"": ""weighbridge"", ""website"": ""https://catscale.com/cat-scale-locator/?single=410"", ""operator"": ""Pilot Travel Center"", ""check_date"": ""2024-02-10"", ""brand:wikidata"": ""Q111631907"", ""operator:phone"": ""+1 502-722-5636"", ""operator:website"": ""https://locations.pilotflyingj.com/us/ky/simpsonville/819-buck-creek-road"", ""operator:wikidata"": ""Q64128179""}"
node/12167761195,CAT Scale,,POINT(-85.0665924 38.156838),osm_pois,981,2026-07-22 20:25:30.476626+00,2026-07-21 20:21:50+00,,,,,,{},"{""ref"": ""1457"", ""name"": ""CAT Scale"", ""brand"": ""CAT Scale"", ""amenity"": ""weighbridge"", ""website"": ""https://catscale.com/cat-scale-locator/?single=1457"", ""operator"": ""Flying J Travel Center"", ""check_date"": ""2024-02-10"", ""brand:wikidata"": ""Q111631907"", ""operator:phone"": ""+1 502-829-9100"", ""operator:wikidata"": ""Q64130592""}"
node/12167765846,CAT Scale,IN,POINT(-86.362553 38.2397009),osm_pois,981,2026-07-22 20:25:30.476626+00,2026-07-21 20:21:50+00,,,,,,{},"{""ref"": ""261"", ""name"": ""CAT Scale"", ""brand"": ""CAT Scale"", ""amenity"": ""weighbridge"", ""website"": ""https://catscale.com/cat-scale-locator/?single=261"", ""operator"": ""Pilot Travel Center"", ""addr:city"": ""Leavenworth"", ""addr:state"": ""IN"", ""check_date"": ""2024-02-10"", ""addr:street"": ""South State Road 66"", ""addr:postcode"": ""47137"", ""brand:wikidata"": ""Q111631907"", ""operator:phone"": ""+1 812-739-2002"", ""addr:housenumber"": ""6921"", ""operator:website"": ""https://locations.pilotflyingj.com/us/in/leavenworth/6921-south-sr-66"", ""operator:wikidata"": ""Q64128179""}"
node/12167767396,CAT Scale,,POINT(-85.5743821 40.1150027),osm_pois,981,2026-07-22 20:25:30.476626+00,2026-07-21 20:21:50+00,,,,,,{},"{""ref"": ""922"", ""name"": ""CAT Scale"", ""brand"": ""CAT Scale"", ""amenity"": ""weighbridge"", ""website"": ""https://catscale.com/cat-scale-locator/?single=922"", ""operator"": ""Pilot Travel Center"", ""check_date"": ""2024-02-10"", ""brand:wikidata"": ""Q111631907"", ""operator:phone"": ""+1 765-378-0246"", ""operator:website"": ""https://locations.pilotflyingj.com/us/in/daleville/15876-west-commerce-road"", ""operator:wikidata"": ""Q64128179""}"
node/12167767485,CAT Scale,,POINT(-85.3004049 38.4576444),osm_pois,981,2026-07-22 20:25:30.476626+00,2026-07-21 20:21:50+00,,,,,,{},"{""ref"": ""176"", ""name"": ""CAT Scale"", ""brand"": ""CAT Scale"", ""amenity"": ""weighbridge"", ""website"": ""https://catscale.com/cat-scale-locator/?single=176"", ""operator"": ""Pilot Travel Center"", ""check_date"": ""2024-02-10"", ""brand:wikidata"": ""Q111631907"", ""operator:website"": ""https://locations.pilotflyingj.com/us/ky/sulphur/489-pendleton-road"", ""operator:wikidata"": ""Q64128179""}"
node/12167769412,CAT Scale,,POINT(-85.7031972 38.0602365),osm_pois,981,2026-07-22 20:25:30.476626+00,2026-07-21 20:21:50+00,,,,,,{},"{""ref"": ""411"", ""name"": ""CAT Scale"", ""brand"": ""CAT Scale"", ""amenity"": ""weighbridge"", ""website"": ""https://catscale.com/cat-scale-locator/?single=411"", ""operator"": ""Pilot Travel Center"", ""check_date"": ""2024-02-10"", ""brand:wikidata"": ""Q111631907"", ""operator:phone"": ""+1 502-955-5049"", ""operator:website"": ""https://locations.pilotflyingj.com/us/ky/shepherdsville/2050-east-blue-lick-road"", ""operator:wikidata"": ""Q64128179""}"
node/12167795420,CAT Scale,,POINT(-84.150015 39.4120926),osm_pois,981,2026-07-22 20:25:30.476626+00,2026-07-21 20:21:50+00,,,,,,{},"{""ref"": ""1793"", ""name"": ""CAT Scale"", ""brand"": ""CAT Scale"", ""amenity"": ""weighbridge"", ""website"": ""https://catscale.com/cat-scale-locator/?single=1793"", ""operator"": ""Flying J Travel Center"", ""check_date"": ""2024-02-10"", ""brand:wikidata"": ""Q111631907"", ""operator:phone"": ""+1 513-933-0312"", ""operator:wikidata"": ""Q64130592""}"
node/12167799033,CAT Scale,,POINT(-85.5664619 40.1130015),osm_pois,981,2026-07-22 20:25:30.476626+00,2026-07-21 20:21:50+00,,,,,,{},"{""ref"": ""654"", ""name"": ""CAT Scale"", ""brand"": ""CAT Scale"", ""amenity"": ""weighbridge"", ""website"": ""https://catscale.com/cat-scale-locator/?single=654"", ""operator"": ""Pilot Travel Center"", ""check_date"": ""2024-02-10"", ""brand:wikidata"": ""Q111631907"", ""operator:phone"": ""+1 765-378-3599"", ""operator:website"": ""https://locations.pilotflyingj.com/us/in/daleville/15151-commerce-road"", ""operator:wikidata"": ""Q64128179""}"
node/12168303144,,,POINT(-94.9258366 41.7049425),osm_pois,981,2026-07-22 20:25:30.476626+00,2026-07-21 20:21:50+00,,,,,,{},"{""amenity"": ""weighbridge""}"
node/12169374597,,,POINT(-122.5442263 45.4071996),osm_pois,981,2026-07-22 20:25:30.476626+00,2026-07-21 20:21:50+00,,,,,,{},"{""amenity"": ""weighbridge""}"
node/12169391192,,,POINT(-123.0302607 45.6000414),osm_pois,981,2026-07-22 20:25:30.476626+00,2026-07-21 20:21:50+00,,,,,,{},"{""amenity"": ""weighbridge""}"
node/12169406708,,,POINT(-122.8240937 45.6291095),osm_pois,981,2026-07-22 20:25:30.476626+00,2026-07-21 20:21:50+00,,,,,,{},"{""amenity"": ""weighbridge""}"
node/12169410604,,,POINT(-122.898591 45.4558732),osm_pois,981,2026-07-22 20:25:30.476626+00,2026-07-21 20:21:50+00,,,,,,{},"{""amenity"": ""weighbridge""}"
node/12169417727,,,POINT(-122.5161859 45.1532963),osm_pois,981,2026-07-22 20:25:30.476626+00,2026-07-21 20:21:50+00,,,,,,{},"{""amenity"": ""weighbridge""}"
node/12169423910,,,POINT(-122.9870673 45.5889967),osm_pois,981,2026-07-22 20:25:30.476626+00,2026-07-21 20:21:50+00,,,,,,{},"{""amenity"": ""weighbridge""}"
node/12169424794,,,POINT(-122.8989389 45.4608459),osm_pois,981,2026-07-22 20:25:30.476626+00,2026-07-21 20:21:50+00,,,,,,{},"{""amenity"": ""weighbridge""}"
node/12169429634,,,POINT(-122.5391161 45.4007743),osm_pois,981,2026-07-22 20:25:30.476626+00,2026-07-21 20:21:50+00,,,,,,{},"{""amenity"": ""weighbridge""}"
node/12176564431,CAT Scale,,POINT(-100.7270323 41.1003599),osm_pois,981,2026-07-22 20:25:30.476626+00,2026-07-21 20:21:50+00,,,,,,{},"{""ref"": ""1477"", ""name"": ""CAT Scale"", ""brand"": ""CAT Scale"", ""amenity"": ""weighbridge"", ""website"": ""https://catscale.com/cat-scale-locator/?single=1477"", ""operator"": ""Flying J Travel Center"", ""check_date"": ""2024-02-10"", ""brand:wikidata"": ""Q111631907"", ""operator:phone"": ""+1 308-532-4555"", ""operator:wikidata"": ""Q64130592""}"
node/12184887522,,,POINT(-87.8920965 41.8984318),osm_pois,981,2026-07-22 20:25:30.476626+00,2026-07-21 20:21:50+00,,,,,,{},"{""amenity"": ""weighbridge""}"
node/12188827932,,,POINT(-79.9243045 37.2805039),osm_pois,981,2026-07-22 20:25:30.476626+00,2026-07-21 20:21:50+00,,,,,,{},"{""amenity"": ""weighbridge""}"
node/12188827937,,,POINT(-79.9244631 37.2806563),osm_pois,981,2026-07-22 20:25:30.476626+00,2026-07-21 20:21:50+00,,,,,,{},"{""amenity"": ""weighbridge""}"
node/12188850495,CAT Scale,,POINT(-84.5815826 40.6527842),osm_pois,981,2026-07-22 20:25:30.476626+00,2026-07-21 20:21:50+00,,,,,,{},"{""ref"": ""3222"", ""name"": ""CAT Scale"", ""brand"": ""CAT Scale"", ""amenity"": ""weighbridge"", ""website"": ""https://catscale.com/cat-scale-locator/?single=3222"", ""operator"": ""Mendon Travel Center"", ""brand:wikidata"": ""Q111631907"", ""operator:phone"": ""+1 419-363-3376""}"
node/12193587045,,,POINT(-76.0890143 40.8182749),osm_pois,981,2026-07-22 20:25:30.476626+00,2026-07-21 20:21:50+00,,,,,,{},"{""amenity"": ""weighbridge""}"
node/12193587070,,,POINT(-76.0871591 40.8210246),osm_pois,981,2026-07-22 20:25:30.476626+00,2026-07-21 20:21:50+00,,,,,,{},"{""amenity"": ""weighbridge""}"
node/12196776852,CAT Scale,,POINT(-79.7025927 34.2676295),osm_pois,981,2026-07-22 20:25:30.476626+00,2026-07-21 20:21:50+00,,,,,,{},"{""ref"": ""592"", ""name"": ""CAT Scale"", ""brand"": ""CAT Scale"", ""amenity"": ""weighbridge"", ""website"": ""https://catscale.com/cat-scale-locator/?single=592"", ""operator"": ""Pilot Travel Center"", ""check_date"": ""2024-02-10"", ""brand:wikidata"": ""Q111631907"", ""operator:phone"": ""+1 843-662-6972"", ""operator:website"": ""https://locations.pilotflyingj.com/us/sc/florence/3006-north-williston-road"", ""operator:wikidata"": ""Q64128179""}"
node/12196777056,CAT Scale,,POINT(-79.5341023 34.3455035),osm_pois,981,2026-07-22 20:25:30.476626+00,2026-07-21 20:21:50+00,,,,,,{},"{""ref"": ""550"", ""name"": ""CAT Scale"", ""brand"": ""CAT Scale"", ""amenity"": ""weighbridge"", ""website"": ""https://catscale.com/cat-scale-locator/?single=550"", ""operator"": ""Pilot Travel Center"", ""check_date"": ""2024-02-10"", ""brand:wikidata"": ""Q111631907"", ""operator:phone"": ""+1 843-758-9413"", ""operator:website"": ""https://locations.pilotflyingj.com/us/sc/latta/1504-highway-38-w"", ""operator:wikidata"": ""Q64128179""}"
node/12196779452,CAT Scale,,POINT(-79.8017311 34.2332469),osm_pois,981,2026-07-22 20:25:30.476626+00,2026-07-21 20:21:50+00,,,,,,{},"{""ref"": ""381"", ""name"": ""CAT Scale"", ""brand"": ""CAT Scale"", ""amenity"": ""weighbridge"", ""website"": ""https://catscale.com/cat-scale-locator/?single=381"", ""operator"": ""Pilot Travel Center"", ""check_date"": ""2024-02-10"", ""brand:wikidata"": ""Q111631907"", ""operator:phone"": ""+1 843-662-2646"", ""operator:website"": ""https://locations.pilotflyingj.com/us/sc/florence/2015-west-lucas-street"", ""operator:wikidata"": ""Q64128179""}"
node/12196781098,CAT Scale,,POINT(-81.0785005 33.9298997),osm_pois,981,2026-07-22 20:25:30.476626+00,2026-07-21 20:21:50+00,,,,,,{},"{""ref"": ""389"", ""name"": ""CAT Scale"", ""brand"": ""CAT Scale"", ""amenity"": ""weighbridge"", ""website"": ""https://catscale.com/cat-scale-locator/?single=389"", ""operator"": ""Pilot Travel Center"", ""check_date"": ""2024-02-10"", ""brand:wikidata"": ""Q111631907"", ""operator:phone"": ""+1 803-739-2921"", ""operator:website"": ""https://locations.pilotflyingj.com/us/sc/cayce/3008-highway-321"", ""operator:wikidata"": ""Q64128179""}"
node/12196786291,CAT Scale,,POINT(-80.6867532 34.1922438),osm_pois,981,2026-07-22 20:25:30.476626+00,2026-07-21 20:21:50+00,,,,,,{},"{""ref"": ""203"", ""name"": ""CAT Scale"", ""brand"": ""CAT Scale"", ""amenity"": ""weighbridge"", ""website"": ""https://catscale.com/cat-scale-locator/?single=203"", ""operator"": ""Pilot Travel Center"", ""check_date"": ""2024-02-10"", ""brand:wikidata"": ""Q111631907"", ""operator:phone"": ""+1 803-438-5175"", ""operator:website"": ""https://locations.pilotflyingj.com/us/sc/lugoff/522-highway-601-south"", ""operator:wikidata"": ""Q64128179""}"
node/12196787272,CAT Scale,,POINT(-79.5334283 34.3394644),osm_pois,981,2026-07-22 20:25:30.476626+00,2026-07-21 20:21:50+00,,,,,,{},"{""ref"": ""1504"", ""name"": ""CAT Scale"", ""brand"": ""CAT Scale"", ""amenity"": ""weighbridge"", ""website"": ""https://catscale.com/cat-scale-locator/?single=1504"", ""operator"": ""Flying J Travel Center"", ""check_date"": ""2024-02-10"", ""brand:wikidata"": ""Q111631907"", ""operator:phone"": ""+1 843-752-5047"", ""operator:wikidata"": ""Q64130592""}"
node/12196788535,CAT Scale,,POINT(-80.2827818 34.1930299),osm_pois,981,2026-07-22 20:25:30.476626+00,2026-07-21 20:21:50+00,,,,,,{},"{""ref"": ""579"", ""name"": ""CAT Scale"", ""brand"": ""CAT Scale"", ""amenity"": ""weighbridge"", ""website"": ""https://catscale.com/cat-scale-locator/?single=579"", ""operator"": ""Pilot Travel Center"", ""check_date"": ""2024-02-10"", ""brand:wikidata"": ""Q111631907"", ""operator:website"": ""https://locations.pilotflyingj.com/us/sc/bishopville/1340-sumter-hwy"", ""operator:wikidata"": ""Q64128179""}"
node/12196789224,CAT Scale,,POINT(-79.9838372 32.9034445),osm_pois,981,2026-07-22 20:25:30.476626+00,2026-07-21 20:21:50+00,,,,,,{},"{""ref"": ""1871"", ""name"": ""CAT Scale"", ""brand"": ""CAT Scale"", ""amenity"": ""weighbridge"", ""website"": ""https://catscale.com/cat-scale-locator/?single=1871"", ""operator"": ""Pilot Travel Center"", ""check_date"": ""2024-02-10"", ""brand:wikidata"": ""Q111631907"", ""operator:phone"": ""+1 843-745-9300"", ""operator:website"": ""https://locations.pilotflyingj.com/us/sc/n.-charleston/5714-north-rhett-avenue"", ""operator:wikidata"": ""Q64128179""}"
node/12196800612,CAT Scale,,POINT(-81.0819507 32.2685925),osm_pois,981,2026-07-22 20:25:30.476626+00,2026-07-21 20:21:50+00,,,,,,{},"{""ref"": ""1678"", ""name"": ""CAT Scale"", ""brand"": ""CAT Scale"", ""amenity"": ""weighbridge"", ""website"": ""https://catscale.com/cat-scale-locator/?single=1678"", ""operator"": ""Pilot Travel Center"", ""check_date"": ""2024-02-10"", ""brand:wikidata"": ""Q111631907"", ""operator:phone"": ""+1 843-784-3350"", ""operator:website"": ""https://locations.pilotflyingj.com/us/sc/hardeeville/15976-whyte-hardee-blvd"", ""operator:wikidata"": ""Q64128179""}"
node/12196885441,CAT Scale,,POINT(-85.399906 31.1920159),osm_pois,981,2026-07-22 20:25:30.476626+00,2026-07-21 20:21:50+00,,,,,,{},"{""ref"": ""1402"", ""name"": ""CAT Scale"", ""brand"": ""CAT Scale"", ""amenity"": ""weighbridge"", ""website"": ""https://catscale.com/cat-scale-locator/?single=1402"", ""operator"": ""Flying J Travel Center"", ""check_date"": ""2024-02-10"", ""brand:wikidata"": ""Q111631907"", ""operator:phone"": ""+1 334-792-5152"", ""operator:wikidata"": ""Q64130592""}"
node/12196886494,CAT Scale,,POINT(-81.7044325 35.0785721),osm_pois,981,2026-07-22 20:25:30.476626+00,2026-07-21 20:21:50+00,,,,,,{},"{""ref"": ""935"", ""name"": ""CAT Scale"", ""brand"": ""CAT Scale"", ""amenity"": ""weighbridge"", ""website"": ""https://catscale.com/cat-scale-locator/?single=935"", ""operator"": ""Pilot Travel Center"", ""check_date"": ""2024-02-10"", ""brand:wikidata"": ""Q111631907"", ""operator:phone"": ""+1 864-206-0050"", ""operator:website"": ""https://locations.pilotflyingj.com/us/sc/gaffney/909-hyatt-street"", ""operator:wikidata"": ""Q64128179""}"
node/12196886777,CAT Scale,,POINT(-87.0468585 33.3207473),osm_pois,981,2026-07-22 20:25:30.476626+00,2026-07-21 20:21:50+00,,,,,,{},"{""ref"": ""1400"", ""name"": ""CAT Scale"", ""brand"": ""CAT Scale"", ""amenity"": ""weighbridge"", ""website"": ""https://catscale.com/cat-scale-locator/?single=1400"", ""operator"": ""Flying J Travel Center"", ""check_date"": ""2024-02-10"", ""brand:wikidata"": ""Q111631907"", ""operator:phone"": ""+1 205-477-9181"", ""operator:wikidata"": ""Q64130592""}"
node/12196889390,CAT Scale,,POINT(-85.0126422 35.9863441),osm_pois,981,2026-07-22 20:25:30.476626+00,2026-07-21 20:21:50+00,,,,,,{},"{""ref"": ""1194"", ""name"": ""CAT Scale"", ""brand"": ""CAT Scale"", ""amenity"": ""weighbridge"", ""website"": ""https://catscale.com/cat-scale-locator/?single=1194"", ""operator"": ""Pilot Travel Center"", ""check_date"": ""2024-02-10"", ""brand:wikidata"": ""Q111631907"", ""operator:phone"": ""+1 931-450-3018"", ""operator:website"": ""https://locations.pilotflyingj.com/us/tn/crossville/2449-genesis-road"", ""operator:wikidata"": ""Q64128179""}"
node/12196891567,CAT Scale,,POINT(-84.4302709 30.4927648),osm_pois,981,2026-07-22 20:25:30.476626+00,2026-07-21 20:21:50+00,,,,,,{},"{""ref"": ""1422"", ""name"": ""CAT Scale"", ""brand"": ""CAT Scale"", ""amenity"": ""weighbridge"", ""website"": ""https://catscale.com/cat-scale-locator/?single=1422"", ""operator"": ""Flying J Travel Center"", ""check_date"": ""2024-02-10"", ""brand:wikidata"": ""Q111631907"", ""operator:phone"": ""+1 850-574-9779"", ""operator:wikidata"": ""Q64130592""}"
node/12196893863,CAT Scale,,POINT(-86.1589575 33.592991),osm_pois,981,2026-07-22 20:25:30.476626+00,2026-07-21 20:21:50+00,,,,,,{},"{""ref"": ""1311"", ""name"": ""CAT Scale"", ""brand"": ""CAT Scale"", ""amenity"": ""weighbridge"", ""website"": ""https://catscale.com/cat-scale-locator/?single=1311"", ""operator"": ""Pilot Travel Center"", ""check_date"": ""2024-02-10"", ""brand:wikidata"": ""Q111631907"", ""operator:phone"": ""+1 205-763-2225"", ""operator:website"": ""https://locations.pilotflyingj.com/us/al/lincoln/130-honda-drive"", ""operator:wikidata"": ""Q64128179""}"
node/12196898066,CAT Scale,,POINT(-85.1872698 30.725608),osm_pois,981,2026-07-22 20:25:30.476626+00,2026-07-21 20:21:50+00,,,,,,{},"{""ref"": ""715"", ""name"": ""CAT Scale"", ""brand"": ""CAT Scale"", ""amenity"": ""weighbridge"", ""website"": ""https://catscale.com/cat-scale-locator/?single=715"", ""operator"": ""Pilot Travel Center"", ""check_date"": ""2024-02-10"", ""brand:wikidata"": ""Q111631907"", ""operator:phone"": ""+1 850-482-2148"", ""operator:website"": ""https://locations.pilotflyingj.com/us/fl/marianna/2209-highway-71"", ""operator:wikidata"": ""Q64128179""}"
node/12196910279,CAT Scale,,POINT(-86.8319392 33.5625321),osm_pois,981,2026-07-22 20:25:30.476626+00,2026-07-21 20:21:50+00,,,,,,{},"{""ref"": ""1401"", ""name"": ""CAT Scale"", ""brand"": ""CAT Scale"", ""amenity"": ""weighbridge"", ""website"": ""https://catscale.com/cat-scale-locator/?single=1401"", ""operator"": ""Flying J Travel Center"", ""check_date"": ""2024-02-10"", ""brand:wikidata"": ""Q111631907"", ""operator:phone"": ""+1 205-323-2177"", ""operator:wikidata"": ""Q64130592""}"
node/12196913272,CAT Scale,,POINT(-82.8316127 36.3208536),osm_pois,981,2026-07-22 20:25:30.476626+00,2026-07-21 20:21:50+00,,,,,,{},"{""ref"": ""894"", ""name"": ""CAT Scale"", ""brand"": ""CAT Scale"", ""amenity"": ""weighbridge"", ""website"": ""https://catscale.com/cat-scale-locator/?single=894"", ""operator"": ""Pilot Travel Center"", ""check_date"": ""2024-02-10"", ""brand:wikidata"": ""Q111631907"", ""operator:phone"": ""+1 423-234-0414"", ""operator:website"": ""https://locations.pilotflyingj.com/us/tn/greeneville/11190-baileyton-road"", ""operator:wikidata"": ""Q64128179""}"
node/12196913314,CAT Scale,,POINT(-86.4213423 32.1942001),osm_pois,981,2026-07-22 20:25:30.476626+00,2026-07-21 20:21:50+00,,,,,,{},"{""ref"": ""1426"", ""name"": ""CAT Scale"", ""brand"": ""CAT Scale"", ""amenity"": ""weighbridge"", ""website"": ""https://catscale.com/cat-scale-locator/?single=1426"", ""operator"": ""Flying J Travel Center"", ""check_date"": ""2024-02-10"", ""brand:wikidata"": ""Q111631907"", ""operator:phone"": ""+1 334-613-0212"", ""operator:wikidata"": ""Q64130592""}"
node/12196917682,CAT Scale,,POINT(-84.9815194 34.6558307),osm_pois,981,2026-07-22 20:25:30.476626+00,2026-07-21 20:21:50+00,,,,,,{},"{""ref"": ""916"", ""name"": ""CAT Scale"", ""brand"": ""CAT Scale"", ""amenity"": ""weighbridge"", ""website"": ""https://catscale.com/cat-scale-locator/?single=916"", ""operator"": ""Flying J Travel Center"", ""check_date"": ""2024-02-10"", ""brand:wikidata"": ""Q111631907"", ""operator:phone"": ""+1 706-370-4060"", ""operator:wikidata"": ""Q64130592""}"
node/12196917930,CAT Scale,,POINT(-82.0395572 35.642886),osm_pois,981,2026-07-22 20:25:30.476626+00,2026-07-21 20:21:50+00,,,,,,{},"{""ref"": ""1852"", ""name"": ""CAT Scale"", ""brand"": ""CAT Scale"", ""amenity"": ""weighbridge"", ""website"": ""https://catscale.com/cat-scale-locator/?single=1852"", ""operator"": ""Pilot Travel Center"", ""check_date"": ""2024-02-10"", ""brand:wikidata"": ""Q111631907"", ""operator:phone"": ""+1 828-738-3146"", ""operator:website"": ""https://locations.pilotflyingj.com/us/nc/marion/3365-sugar-hill-road"", ""operator:wikidata"": ""Q64128179""}"
node/12196924436,CAT Scale,,POINT(-84.1403313 35.9034155),osm_pois,981,2026-07-22 20:25:30.476626+00,2026-07-21 20:21:50+00,,,,,,{},"{""ref"": ""35"", ""name"": ""CAT Scale"", ""brand"": ""CAT Scale"", ""amenity"": ""weighbridge"", ""website"": ""https://catscale.com/cat-scale-locator/?single=35"", ""operator"": ""Pilot Travel Center"", ""check_date"": ""2024-02-10"", ""brand:wikidata"": ""Q111631907"", ""operator:phone"": ""+1 865-966-0445"", ""operator:website"": ""https://locations.pilotflyingj.com/us/tn/knoxville/314-lovell-road"", ""operator:wikidata"": ""Q64128179""}"
node/12196931136,CAT Scale,,POINT(-81.5094623 35.1431973),osm_pois,981,2026-07-22 20:25:30.476626+00,2026-07-21 20:21:50+00,,,,,,{},"{""ref"": ""1502"", ""name"": ""CAT Scale"", ""brand"": ""CAT Scale"", ""amenity"": ""weighbridge"", ""website"": ""https://catscale.com/cat-scale-locator/?single=1502"", ""operator"": ""Flying J Travel Center"", ""check_date"": ""2024-02-10"", ""brand:wikidata"": ""Q111631907"", ""operator:phone"": ""+1 864-839-5934"", ""operator:wikidata"": ""Q64130592""}"
node/12196935805,CAT Scale,,POINT(-85.8249019 35.2328387),osm_pois,981,2026-07-22 20:25:30.476626+00,2026-07-21 20:21:50+00,,,,,,{},"{""ref"": ""326"", ""name"": ""CAT Scale"", ""brand"": ""CAT Scale"", ""amenity"": ""weighbridge"", ""website"": ""https://catscale.com/cat-scale-locator/?single=326"", ""operator"": ""Pilot Travel Center"", ""check_date"": ""2024-02-10"", ""brand:wikidata"": ""Q111631907"", ""operator:website"": ""https://locations.pilotflyingj.com/us/tn/monteagle/640-dixie-lee-avenue"", ""operator:wikidata"": ""Q64128179""}"
node/12196938775,CAT Scale,,POINT(-84.2355526 35.8820085),osm_pois,981,2026-07-22 20:25:30.476626+00,2026-07-21 20:21:50+00,,,,,,{},"{""ref"": ""1508"", ""name"": ""CAT Scale"", ""brand"": ""CAT Scale"", ""amenity"": ""weighbridge"", ""website"": ""https://catscale.com/cat-scale-locator/?single=1508"", ""operator"": ""Flying J Travel Center"", ""check_date"": ""2024-02-10"", ""brand:wikidata"": ""Q111631907"", ""operator:phone"": ""+1 865-531-7400"", ""operator:wikidata"": ""Q64130592""}"
node/12196941377,CAT Scale,,POINT(-82.9556908 35.5728738),osm_pois,981,2026-07-22 20:25:30.476626+00,2026-07-21 20:21:50+00,,,,,,{},"{""ref"": ""364"", ""name"": ""CAT Scale"", ""brand"": ""CAT Scale"", ""amenity"": ""weighbridge"", ""website"": ""https://catscale.com/cat-scale-locator/?single=364"", ""operator"": ""Pilot Travel Center"", ""check_date"": ""2024-02-10"", ""brand:wikidata"": ""Q111631907"", ""operator:phone"": ""+1 828-627-8611"", ""operator:website"": ""https://locations.pilotflyingj.com/us/nc/waynesville/3712-crabtree-road"", ""operator:wikidata"": ""Q64128179""}"
node/12197780473,CAT Scale,,POINT(-112.2739179 33.4573663),osm_pois,981,2026-07-22 20:25:30.476626+00,2026-07-21 20:21:50+00,,,,,,{},"{""ref"": ""556"", ""name"": ""CAT Scale"", ""brand"": ""CAT Scale"", ""amenity"": ""weighbridge"", ""website"": ""https://catscale.com/cat-scale-locator/?single=556"", ""operator"": ""Pilot Travel Center"", ""check_date"": ""2024-02-10"", ""brand:wikidata"": ""Q111631907"", ""operator:phone"": ""+1 623-936-0900"", ""operator:website"": ""https://locations.pilotflyingj.com/us/az/avondale/900-north-99th-avenue"", ""operator:wikidata"": ""Q64128179""}"
node/12197814911,,,POINT(-89.961501 37.3051467),osm_pois,981,2026-07-22 20:25:30.476626+00,2026-07-21 20:21:50+00,,,,,,{},"{""amenity"": ""weighbridge""}"
node/12197840008,CAT Scale,,POINT(-112.2657788 40.6857637),osm_pois,981,2026-07-22 20:25:30.476626+00,2026-07-21 20:21:50+00,,,,,,{},"{""ref"": ""1510"", ""name"": ""CAT Scale"", ""brand"": ""CAT Scale"", ""amenity"": ""weighbridge"", ""website"": ""https://catscale.com/cat-scale-locator/?single=1510"", ""operator"": ""Flying J Travel Center"", ""check_date"": ""2024-02-10"", ""brand:wikidata"": ""Q111631907"", ""operator:phone"": ""+1 801-508-7400"", ""operator:wikidata"": ""Q64130592""}"
node/12197860372,CAT Scale,,POINT(-114.9565422 41.0985015),osm_pois,981,2026-07-22 20:25:30.476626+00,2026-07-21 20:21:50+00,,,,,,{},"{""ref"": ""1739"", ""name"": ""CAT Scale"", ""brand"": ""CAT Scale"", ""amenity"": ""weighbridge"", ""website"": ""https://catscale.com/cat-scale-locator/?single=1739"", ""operator"": ""Flying J Travel Center"", ""check_date"": ""2024-02-10"", ""brand:wikidata"": ""Q111631907"", ""operator:phone"": ""+1 775-241-3962"", ""operator:wikidata"": ""Q64130592""}"
node/12197866862,CAT Scale,,POINT(-119.266315 39.6145234),osm_pois,981,2026-07-22 20:25:30.476626+00,2026-07-21 20:21:50+00,,,,,,{},"{""ref"": ""387"", ""name"": ""CAT Scale"", ""brand"": ""CAT Scale"", ""amenity"": ""weighbridge"", ""website"": ""https://catscale.com/cat-scale-locator/?single=387"", ""operator"": ""Pilot Travel Center"", ""check_date"": ""2024-02-10"", ""brand:wikidata"": ""Q111631907"", ""operator:phone"": ""+1 775-575-5115"", ""operator:website"": ""https://locations.pilotflyingj.com/us/nv/fernley/465-pilot-road"", ""operator:wikidata"": ""Q64128179""}"
node/12197870519,CAT Scale,,POINT(-117.8050972 40.9313214),osm_pois,981,2026-07-22 20:25:30.476626+00,2026-07-21 20:21:50+00,,,,,,{},"{""ref"": ""1242"", ""name"": ""CAT Scale"", ""brand"": ""CAT Scale"", ""amenity"": ""weighbridge"", ""website"": ""https://catscale.com/cat-scale-locator/?single=1242"", ""operator"": ""Pilot Travel Center"", ""check_date"": ""2024-02-10"", ""brand:wikidata"": ""Q111631907"", ""operator:phone"": ""+1 775-625-2800"", ""operator:website"": ""https://locations.pilotflyingj.com/us/nv/winnemucca/5625-w.-winnemucca-blvd."", ""operator:wikidata"": ""Q64128179""}"
node/12197870806,CAT Scale,,POINT(-119.2155876 39.6151094),osm_pois,981,2026-07-22 20:25:30.476626+00,2026-07-21 20:21:50+00,,,,,,{},"{""ref"": ""1742"", ""name"": ""CAT Scale"", ""brand"": ""CAT Scale"", ""amenity"": ""weighbridge"", ""website"": ""https://catscale.com/cat-scale-locator/?single=1742"", ""operator"": ""Flying J Travel Center"", ""check_date"": ""2024-02-10"", ""brand:wikidata"": ""Q111631907"", ""operator:phone"": ""+1 775-575-5919"", ""operator:wikidata"": ""Q64130592""}"
node/12197871922,CAT Scale,,POINT(-111.9157505 40.727334),osm_pois,981,2026-07-22 20:25:30.476626+00,2026-07-21 20:21:50+00,,,,,,{},"{""ref"": ""1515"", ""name"": ""CAT Scale"", ""brand"": ""CAT Scale"", ""amenity"": ""weighbridge"", ""website"": ""https://catscale.com/cat-scale-locator/?single=1515"", ""operator"": ""Flying J Travel Center"", ""check_date"": ""2024-02-10"", ""brand:wikidata"": ""Q111631907"", ""operator:phone"": ""+1 801-972-3711"", ""operator:wikidata"": ""Q64130592""}"
node/12197880512,CAT Scale,,POINT(-111.8218866 35.2389399),osm_pois,981,2026-07-22 20:25:30.476626+00,2026-07-21 20:21:50+00,,,,,,{},"{""ref"": ""1133"", ""name"": ""CAT Scale"", ""brand"": ""CAT Scale"", ""amenity"": ""weighbridge"", ""website"": ""https://catscale.com/cat-scale-locator/?single=1133"", ""operator"": ""Pilot Travel Center"", ""check_date"": ""2024-02-10"", ""brand:wikidata"": ""Q111631907"", ""operator:phone"": ""+1 928-773-0180"", ""operator:website"": ""https://locations.pilotflyingj.com/us/az/bellemont/12500-w-interstate-40"", ""operator:wikidata"": ""Q64128179""}"
node/12201283043,CAT Scale,,POINT(-103.1201112 31.5277904),osm_pois,981,2026-07-22 20:25:30.476626+00,2026-07-21 20:21:50+00,,,,,,{},"{""ref"": ""2189"", ""name"": ""CAT Scale"", ""brand"": ""CAT Scale"", ""amenity"": ""weighbridge"", ""website"": ""https://catscale.com/cat-scale-locator/?single=2189"", ""operator"": ""Pilot Travel Center"", ""check_date"": ""2024-02-10"", ""brand:wikidata"": ""Q111631907"", ""operator:website"": ""https://locations.pilotflyingj.com/us/tx/pyote/164-fm-1927"", ""operator:wikidata"": ""Q64128179""}"
node/12201373342,CAT Scale,,POINT(-102.3028529 31.8642129),osm_pois,981,2026-07-22 20:25:30.476626+00,2026-07-21 20:21:50+00,,,,,,{},"{""ref"": ""2086"", ""name"": ""CAT Scale"", ""brand"": ""CAT Scale"", ""amenity"": ""weighbridge"", ""website"": ""https://catscale.com/cat-scale-locator/?single=2086"", ""operator"": ""Flying J Travel Center"", ""check_date"": ""2024-02-10"", ""brand:wikidata"": ""Q111631907"", ""operator:phone"": ""+1 432-366-0812"", ""operator:wikidata"": ""Q64130592""}"
node/12201375596,CAT Scale,,POINT(-103.1836876 32.6979493),osm_pois,981,2026-07-22 20:25:30.476626+00,2026-07-21 20:21:50+00,,,,,,{},"{""ref"": ""1722"", ""name"": ""CAT Scale"", ""brand"": ""CAT Scale"", ""amenity"": ""weighbridge"", ""website"": ""https://catscale.com/cat-scale-locator/?single=1722"", ""operator"": ""Pilot Travel Center"", ""check_date"": ""2024-02-10"", ""brand:wikidata"": ""Q111631907"", ""operator:phone"": ""+1 575-391-0120"", ""operator:website"": ""https://locations.pilotflyingj.com/us/nm/hobbs/3710-w.-carlsbad-hwy"", ""operator:wikidata"": ""Q64128179""}"
node/12201382567,CAT Scale,,POINT(-101.4755711 32.2655231),osm_pois,981,2026-07-22 20:25:30.476626+00,2026-07-21 20:21:50+00,,,,,,{},"{""ref"": ""2088"", ""name"": ""CAT Scale"", ""brand"": ""CAT Scale"", ""amenity"": ""weighbridge"", ""website"": ""https://catscale.com/cat-scale-locator/?single=2088"", ""operator"": ""Pilot Travel Center"", ""check_date"": ""2024-02-10"", ""brand:wikidata"": ""Q111631907"", ""operator:website"": ""https://locations.pilotflyingj.com/us/tx/big-spring/706-east-i-20-frontage-road"", ""operator:wikidata"": ""Q64128179""}"
node/12201385375,CAT Scale,,POINT(-102.252878 31.9672702),osm_pois,981,2026-07-22 20:25:30.476626+00,2026-07-21 20:21:50+00,,,,,,{},"{""ref"": ""2184"", ""name"": ""CAT Scale"", ""brand"": ""CAT Scale"", ""amenity"": ""weighbridge"", ""website"": ""https://catscale.com/cat-scale-locator/?single=2184"", ""operator"": ""Pilot Travel Center"", ""check_date"": ""2024-02-10"", ""brand:wikidata"": ""Q111631907"", ""operator:phone"": ""+1 432-561-8927"", ""operator:website"": ""https://locations.pilotflyingj.com/us/tx/midland/11501-state-highway-191"", ""operator:wikidata"": ""Q64128179""}"
node/12201385376,CAT Scale,,POINT(-102.214808 31.9153354),osm_pois,981,2026-07-22 20:25:30.476626+00,2026-07-21 20:21:50+00,,,,,,{},"{""ref"": ""2025"", ""name"": ""CAT Scale"", ""brand"": ""CAT Scale"", ""amenity"": ""weighbridge"", ""website"": ""https://catscale.com/cat-scale-locator/?single=2025"", ""operator"": ""Pilot Travel Center"", ""check_date"": ""2024-02-10"", ""brand:wikidata"": ""Q111631907"", ""operator:phone"": ""+1 432-563-1683"", ""operator:website"": ""https://locations.pilotflyingj.com/us/tx/midland/4015-south-fm-1788"", ""operator:wikidata"": ""Q64128179""}"
node/12201391312,CAT Scale,,POINT(-102.8851336 30.9049703),osm_pois,981,2026-07-22 20:25:30.476626+00,2026-07-21 20:21:50+00,,,,,,{},"{""ref"": ""2079"", ""name"": ""CAT Scale"", ""brand"": ""CAT Scale"", ""amenity"": ""weighbridge"", ""website"": ""https://catscale.com/cat-scale-locator/?single=2079"", ""operator"": ""Flying J Travel Center"", ""check_date"": ""2024-02-10"", ""brand:wikidata"": ""Q111631907"", ""operator:phone"": ""+1 432-336-3410"", ""operator:wikidata"": ""Q64130592""}"
node/12201400718,CAT Scale,,POINT(-101.4500566 31.1899716),osm_pois,981,2026-07-22 20:25:30.476626+00,2026-07-21 20:21:50+00,,,,,,{},"{""ref"": ""2092"", ""name"": ""CAT Scale"", ""brand"": ""CAT Scale"", ""amenity"": ""weighbridge"", ""website"": ""https://catscale.com/cat-scale-locator/?single=2092"", ""operator"": ""Pilot Travel Center"", ""check_date"": ""2024-02-10"", ""brand:wikidata"": ""Q111631907"", ""operator:phone"": ""+1 325-884-2609"", ""operator:website"": ""https://locations.pilotflyingj.com/us/tx/big-lake/1310-e.-us-67"", ""operator:wikidata"": ""Q64128179""}"
node/12201410417,CAT Scale,,POINT(-102.422061 31.8769199),osm_pois,981,2026-07-22 20:25:30.476626+00,2026-07-21 20:21:50+00,,,,,,{},"{""ref"": ""2177"", ""name"": ""CAT Scale"", ""brand"": ""CAT Scale"", ""amenity"": ""weighbridge"", ""website"": ""https://catscale.com/cat-scale-locator/?single=2177"", ""operator"": ""Pilot Travel Center"", ""check_date"": ""2024-02-10"", ""brand:wikidata"": ""Q111631907"", ""operator:phone"": ""+1 432-366-0246"", ""operator:website"": ""https://locations.pilotflyingj.com/us/tx/odessa/4200-tx-302"", ""operator:wikidata"": ""Q64128179""}"
node/12201412337,CAT Scale,,POINT(-99.8727179 32.4621473),osm_pois,981,2026-07-22 20:25:30.476626+00,2026-07-21 20:21:50+00,,,,,,{},"{""ref"": ""2922"", ""name"": ""CAT Scale"", ""brand"": ""CAT Scale"", ""amenity"": ""weighbridge"", ""website"": ""https://catscale.com/cat-scale-locator/?single=2922"", ""operator"": ""Flying J Travel Center"", ""check_date"": ""2024-02-10"", ""brand:wikidata"": ""Q111631907"", ""operator:phone"": ""+1 325-439-7699"", ""operator:wikidata"": ""Q64130592""}"
node/12201424102,CAT Scale,,POINT(-102.0337517 31.9798567),osm_pois,981,2026-07-22 20:25:30.476626+00,2026-07-21 20:21:50+00,,,,,,{},"{""ref"": ""2119"", ""name"": ""CAT Scale"", ""brand"": ""CAT Scale"", ""amenity"": ""weighbridge"", ""website"": ""https://catscale.com/cat-scale-locator/?single=2119"", ""operator"": ""Flying J Travel Center"", ""check_date"": ""2024-02-10"", ""brand:wikidata"": ""Q111631907"", ""operator:phone"": ""+1 432-685-1296"", ""operator:wikidata"": ""Q64130592""}"
node/12201430395,CAT Scale,,POINT(-96.7812869 32.6422207),osm_pois,981,2026-07-22 20:25:30.476626+00,2026-07-21 20:21:50+00,,,,,,{},"{""ref"": ""2005"", ""name"": ""CAT Scale"", ""brand"": ""CAT Scale"", ""amenity"": ""weighbridge"", ""website"": ""https://catscale.com/cat-scale-locator/?single=2005"", ""operator"": ""Pilot Travel Center"", ""check_date"": ""2024-02-10"", ""brand:wikidata"": ""Q111631907"", ""operator:phone"": ""+1 972-228-2467"", ""operator:website"": ""https://locations.pilotflyingj.com/us/tx/dallas/8787-south-lancaster-road"", ""operator:wikidata"": ""Q64128179""}"
node/12201433852,CAT Scale,,POINT(-97.8254011 32.7272627),osm_pois,981,2026-07-22 20:25:30.476626+00,2026-07-21 20:21:50+00,,,,,,{},"{""ref"": ""2609"", ""name"": ""CAT Scale"", ""brand"": ""CAT Scale"", ""amenity"": ""weighbridge"", ""website"": ""https://catscale.com/cat-scale-locator/?single=2609"", ""operator"": ""Pilot Travel Center"", ""check_date"": ""2024-02-10"", ""brand:wikidata"": ""Q111631907"", ""operator:phone"": ""+1 817-341-4600"", ""operator:website"": ""https://locations.pilotflyingj.com/us/tx/weatherford/1201-i-20-west"", ""operator:wikidata"": ""Q64128179""}"
node/12201724488,CAT Scale,,POINT(-88.9639699 37.7402327),osm_pois,981,2026-07-22 20:25:30.476626+00,2026-07-21 20:21:50+00,,,,,,{},"{""ref"": ""548"", ""name"": ""CAT Scale"", ""brand"": ""CAT Scale"", ""amenity"": ""weighbridge"", ""website"": ""https://catscale.com/cat-scale-locator/?single=548"", ""operator"": ""Pilot Travel Center"", ""check_date"": ""2024-02-10"", ""brand:wikidata"": ""Q111631907"", ""operator:phone"": ""+1 618-993-2697"", ""operator:website"": ""https://locations.pilotflyingj.com/us/il/marion/2611-vernell-road"", ""operator:wikidata"": ""Q64128179""}"
node/12201837478,CAT Scale,,POINT(-88.6913475 37.0976209),osm_pois,981,2026-07-22 20:25:30.476626+00,2026-07-21 20:21:50+00,,,,,,{},"{""ref"": ""414"", ""name"": ""CAT Scale"", ""brand"": ""CAT Scale"", ""amenity"": ""weighbridge"", ""website"": ""https://catscale.com/cat-scale-locator/?single=414"", ""operator"": ""Pilot Travel Center"", ""check_date"": ""2024-02-10"", ""brand:wikidata"": ""Q111631907"", ""operator:phone"": ""+1 270-443-2044"", ""operator:website"": ""https://locations.pilotflyingj.com/us/ky/paducah/5353-cairo-road"", ""operator:wikidata"": ""Q64128179""}"
node/12201853763,CAT Scale,,POINT(-88.7768483 35.6827905),osm_pois,981,2026-07-22 20:25:30.476626+00,2026-07-21 20:21:50+00,,,,,,{},"{""ref"": ""1221"", ""name"": ""CAT Scale"", ""brand"": ""CAT Scale"", ""amenity"": ""weighbridge"", ""website"": ""https://catscale.com/cat-scale-locator/?single=1221"", ""operator"": ""Pilot Travel Center"", ""check_date"": ""2024-02-10"", ""brand:wikidata"": ""Q111631907"", ""operator:phone"": ""+1 731-422-5545"", ""operator:website"": ""https://locations.pilotflyingj.com/us/tn/jackson/30-sand-pebble-road"", ""operator:wikidata"": ""Q64128179""}"
node/12201859934,CAT Scale,,POINT(-90.1430851 35.1536352),osm_pois,981,2026-07-22 20:25:30.476626+00,2026-07-21 20:21:50+00,,,,,,{},"{""ref"": ""1405"", ""name"": ""CAT Scale"", ""brand"": ""CAT Scale"", ""amenity"": ""weighbridge"", ""website"": ""https://catscale.com/cat-scale-locator/?single=1405"", ""operator"": ""Flying J Travel Center"", ""check_date"": ""2024-02-10"", ""brand:wikidata"": ""Q111631907"", ""operator:phone"": ""+1 870-735-8200"", ""operator:wikidata"": ""Q64130592""}"
node/12201882205,CAT Scale,,POINT(-88.9614674 38.3133556),osm_pois,981,2026-07-22 20:25:30.476626+00,2026-07-21 20:21:50+00,,,,,,{},"{""ref"": ""1192"", ""name"": ""CAT Scale"", ""brand"": ""CAT Scale"", ""amenity"": ""weighbridge"", ""website"": ""https://catscale.com/cat-scale-locator/?single=1192"", ""operator"": ""Pilot Travel Center"", ""check_date"": ""2024-02-10"", ""brand:wikidata"": ""Q111631907"", ""operator:phone"": ""+1 618-244-1216"", ""operator:website"": ""https://locations.pilotflyingj.com/us/il/mount-vernon/4610-broadway"", ""operator:wikidata"": ""Q64128179""}"
node/12201883801,CAT Scale,,POINT(-89.410891 35.3895917),osm_pois,981,2026-07-22 20:25:30.476626+00,2026-07-21 20:21:50+00,,,,,,{},"{""ref"": ""905"", ""name"": ""CAT Scale"", ""brand"": ""CAT Scale"", ""amenity"": ""weighbridge"", ""website"": ""https://catscale.com/cat-scale-locator/?single=905"", ""operator"": ""Pilot Travel Center"", ""check_date"": ""2024-02-10"", ""brand:wikidata"": ""Q111631907"", ""operator:website"": ""https://locations.pilotflyingj.com/us/tn/stanton/7720-highway-222"", ""operator:wikidata"": ""Q64128179""}"
node/12201883866,CAT Scale,IL,POINT(-88.5302916 39.149187),osm_pois,981,2026-07-22 20:25:30.476626+00,2026-07-21 20:21:50+00,,,,,,{},"{""ref"": ""683"", ""name"": ""CAT Scale"", ""brand"": ""CAT Scale"", ""amenity"": ""weighbridge"", ""website"": ""https://catscale.com/cat-scale-locator/?single=683"", ""operator"": ""Pilot Travel Center"", ""addr:city"": ""Effingham"", ""addr:state"": ""IL"", ""check_date"": ""2024-02-10"", ""addr:street"": ""North 3rd Street"", ""addr:postcode"": ""62401"", ""brand:wikidata"": ""Q111631907"", ""operator:phone"": ""+1 217-342-3787"", ""addr:housenumber"": ""2500"", ""operator:website"": ""https://locations.pilotflyingj.com/us/il/effingham/2500-north-3rd-street"", ""operator:wikidata"": ""Q64128179""}"
node/12201884205,CAT Scale,,POINT(-89.313097 36.9222332),osm_pois,981,2026-07-22 20:25:30.476626+00,2026-07-21 20:21:50+00,,,,,,{},"{""ref"": ""1271"", ""name"": ""CAT Scale"", ""brand"": ""CAT Scale"", ""amenity"": ""weighbridge"", ""website"": ""https://catscale.com/cat-scale-locator/?single=1271"", ""operator"": ""Flying J Travel Center"", ""check_date"": ""2024-02-10"", ""brand:wikidata"": ""Q111631907"", ""operator:phone"": ""+1 573-683-4153"", ""operator:wikidata"": ""Q64130592""}"
node/12201889721,CAT Scale,,POINT(-89.1365781 38.9703452),osm_pois,981,2026-07-22 20:25:30.476626+00,2026-07-21 20:21:50+00,,,,,,{},"{""ref"": ""1180"", ""name"": ""CAT Scale"", ""brand"": ""CAT Scale"", ""amenity"": ""weighbridge"", ""website"": ""https://catscale.com/cat-scale-locator/?single=1180"", ""operator"": ""Pilot Travel Center"", ""addr:street"": ""Interstate Drive"", ""brand:wikidata"": ""Q111631907"", ""operator:phone"": ""+1 618-283-1557"", ""addr:housenumber"": ""10"", ""operator:website"": ""https://locations.pilotflyingj.com/us/il/vandalia/10-interstate-drive"", ""operator:wikidata"": ""Q64128179""}"
node/12201893224,CAT Scale,IL,POINT(-88.5661688 39.1330459),osm_pois,981,2026-07-22 20:25:30.476626+00,2026-07-21 20:21:50+00,,,,,,{},"{""ref"": ""1443"", ""name"": ""CAT Scale"", ""brand"": ""CAT Scale"", ""amenity"": ""weighbridge"", ""website"": ""https://catscale.com/cat-scale-locator/?single=1443"", ""operator"": ""Flying J Travel Center"", ""addr:city"": ""Effingham"", ""addr:state"": ""IL"", ""check_date"": ""2024-02-10"", ""addr:street"": ""West Evergreen Avenue"", ""addr:postcode"": ""62401"", ""brand:wikidata"": ""Q111631907"", ""operator:phone"": ""+1 217-347-7161"", ""addr:housenumber"": ""1701"", ""operator:wikidata"": ""Q64130592""}"
node/12201894999,CAT Scale,IL,POINT(-87.77978 40.1237391),osm_pois,981,2026-07-22 20:25:30.476626+00,2026-07-21 20:21:50+00,,,,,,{},"{""ref"": ""1672"", ""name"": ""CAT Scale"", ""brand"": ""CAT Scale"", ""amenity"": ""weighbridge"", ""website"": ""https://catscale.com/cat-scale-locator/?single=1672"", ""operator"": ""Pilot Travel Center"", ""addr:city"": ""Oakwood"", ""addr:state"": ""IL"", ""check_date"": ""2024-11-17"", ""addr:street"": ""1760 North Road"", ""addr:postcode"": ""61858"", ""brand:wikidata"": ""Q111631907"", ""addr:housenumber"": ""503"", ""operator:website"": ""https://locations.pilotflyingj.com/us/il/oakwood/503-n.-oakwood-street"", ""operator:wikidata"": ""Q64128179""}"
node/12201896120,CAT Scale,,POINT(-88.4206416 41.3950728),osm_pois,981,2026-07-22 20:25:30.476626+00,2026-07-21 20:21:50+00,,,,,,{},"{""ref"": ""1670"", ""name"": ""CAT Scale"", ""brand"": ""CAT Scale"", ""amenity"": ""weighbridge"", ""website"": ""https://catscale.com/cat-scale-locator/?single=1670"", ""operator"": ""Pilot Travel Center"", ""check_date"": ""2024-02-10"", ""brand:wikidata"": ""Q111631907"", ""operator:phone"": ""+1 815-705-0120"", ""operator:website"": ""https://locations.pilotflyingj.com/us/il/morris/3801-n.-division-street"", ""operator:wikidata"": ""Q64128179""}"
node/12201905901,CAT Scale,,POINT(-88.0023283 40.7506951),osm_pois,981,2026-07-22 20:25:30.476626+00,2026-07-21 20:21:50+00,,,,,,{},"{""ref"": ""1613"", ""name"": ""CAT Scale"", ""brand"": ""CAT Scale"", ""amenity"": ""weighbridge"", ""website"": ""https://catscale.com/cat-scale-locator/?single=1613"", ""operator"": ""Pilot Travel Center"", ""check_date"": ""2024-02-10"", ""brand:wikidata"": ""Q111631907"", ""operator:phone"": ""+1 815-265-4754"", ""operator:website"": ""https://locations.pilotflyingj.com/us/il/gilman/815-hwy-24-west"", ""operator:wikidata"": ""Q64128179""}"
node/12203240705,CAT Scale,,POINT(-78.486351 40.0196328),osm_pois,981,2026-07-22 20:25:30.476626+00,2026-07-21 20:21:50+00,,,,,,{},"{""ref"": ""3385"", ""name"": ""CAT Scale"", ""brand"": ""CAT Scale"", ""amenity"": ""weighbridge"", ""website"": ""https://catscale.com/cat-scale-locator/?single=3385"", ""operator"": ""Rutter's"", ""check_date"": ""2024-02-10"", ""brand:wikidata"": ""Q111631907"", ""operator:phone"": ""+1 814-310-5411""}"
node/12212796314,,,POINT(-68.3340455 46.2200114),osm_pois,981,2026-07-22 20:25:30.476626+00,2026-07-21 20:21:50+00,,,,,,{},"{""amenity"": ""weighbridge""}"
node/12216405156,,,POINT(-92.9031764 34.1309349),osm_pois,981,2026-07-22 20:25:30.476626+00,2026-07-21 20:21:50+00,,,,,,{},"{""amenity"": ""weighbridge""}"
node/12217058878,,,POINT(-119.3103657 36.3364309),osm_pois,981,2026-07-22 20:25:30.476626+00,2026-07-21 20:21:50+00,,,,,,{},"{""amenity"": ""weighbridge""}"
node/12219549957,CAT Scale,,POINT(-84.6024637 30.9215866),osm_pois,981,2026-07-22 20:25:30.476626+00,2026-07-21 20:21:50+00,,,,,,{},"{""ref"": ""1363"", ""name"": ""CAT Scale"", ""brand"": ""CAT Scale"", ""amenity"": ""weighbridge"", ""website"": ""https://catscale.com/cat-scale-locator/?single=1363"", ""operator"": ""Circle K"", ""check_date"": ""2024-02-10"", ""brand:wikidata"": ""Q111631907"", ""operator:phone"": ""+1 229-243-0300"", ""operator:wikidata"": ""Q3268010""}"
node/12222214179,CAT Scale,,POINT(-79.7266673 35.2988607),osm_pois,981,2026-07-22 20:25:30.476626+00,2026-07-21 20:21:50+00,,,,,,{},"{""ref"": ""966"", ""name"": ""CAT Scale"", ""brand"": ""CAT Scale"", ""amenity"": ""weighbridge"", ""website"": ""https://catscale.com/cat-scale-locator/?single=966"", ""operator"": ""Pilot Travel Center"", ""check_date"": ""2024-02-10"", ""brand:wikidata"": ""Q111631907"", ""operator:phone"": ""+1 910-974-4402"", ""operator:website"": ""https://locations.pilotflyingj.com/us/nc/candor/801-nc-highway-211e"", ""operator:wikidata"": ""Q64128179""}"
node/12222275725,CAT Scale,,POINT(-83.693342 41.7989606),osm_pois,981,2026-07-22 20:25:30.476626+00,2026-07-21 20:21:50+00,,,,,,{},"{""ref"": ""688"", ""name"": ""CAT Scale"", ""brand"": ""CAT Scale"", ""amenity"": ""weighbridge"", ""website"": ""https://catscale.com/cat-scale-locator/?single=688"", ""operator"": ""Pilot Travel Center"", ""check_date"": ""2024-02-10"", ""brand:wikidata"": ""Q111631907"", ""operator:phone"": ""+1 734-854-1772"", ""operator:website"": ""https://locations.pilotflyingj.com/us/mi/ottawa-lake/6158-us-223"", ""operator:wikidata"": ""Q64128179""}"
node/12222276489,CAT Scale,,POINT(-84.1039059 41.4164722),osm_pois,981,2026-07-22 20:25:30.476626+00,2026-07-21 20:21:50+00,,,,,,{},"{""ref"": ""1054"", ""name"": ""CAT Scale"", ""brand"": ""CAT Scale"", ""amenity"": ""weighbridge"", ""website"": ""https://catscale.com/cat-scale-locator/?single=1054"", ""operator"": ""Pilot Travel Center"", ""check_date"": ""2024-02-10"", ""brand:wikidata"": ""Q111631907"", ""operator:phone"": ""+1 419-599-0043"", ""operator:website"": ""https://locations.pilotflyingj.com/us/oh/napoleon/905-american-road"", ""operator:wikidata"": ""Q64128179""}"
node/12222276491,CAT Scale,,POINT(-84.9996892 41.7446606),osm_pois,981,2026-07-22 20:25:30.476626+00,2026-07-21 20:21:50+00,,,,,,{},"{""ref"": ""486"", ""name"": ""CAT Scale"", ""brand"": ""CAT Scale"", ""amenity"": ""weighbridge"", ""website"": ""https://catscale.com/cat-scale-locator/?single=486"", ""operator"": ""Pilot Travel Center"", ""check_date"": ""2024-02-10"", ""brand:wikidata"": ""Q111631907"", ""operator:phone"": ""+1 260-833-1987"", ""operator:website"": ""https://locations.pilotflyingj.com/us/in/fremont/6900-old-u.s.-27"", ""operator:wikidata"": ""Q64128179""}"
node/12222290885,CAT Scale,,POINT(-83.8950484 43.4517399),osm_pois,981,2026-07-22 20:25:30.476626+00,2026-07-21 20:21:50+00,,,,,,{},"{""ref"": ""1460"", ""name"": ""CAT Scale"", ""brand"": ""CAT Scale"", ""amenity"": ""weighbridge"", ""website"": ""https://catscale.com/cat-scale-locator/?single=1460"", ""operator"": ""Flying J Travel Center"", ""check_date"": ""2024-02-10"", ""brand:wikidata"": ""Q111631907"", ""operator:phone"": ""+1 989-752-6350"", ""operator:wikidata"": ""Q64130592""}"
node/12222293559,CAT Scale,,POINT(-83.9654786 40.8343764),osm_pois,981,2026-07-22 20:25:30.476626+00,2026-07-21 20:21:50+00,,,,,,{},"{""ref"": ""931"", ""name"": ""CAT Scale"", ""brand"": ""CAT Scale"", ""amenity"": ""weighbridge"", ""website"": ""https://catscale.com/cat-scale-locator/?single=931"", ""operator"": ""Pilot Travel Center"", ""check_date"": ""2024-02-10"", ""brand:wikidata"": ""Q111631907"", ""operator:phone"": ""+1 419-643-6023"", ""operator:website"": ""https://locations.pilotflyingj.com/us/oh/beaver-dam/427-east-main-street"", ""operator:wikidata"": ""Q64128179""}"
node/12222296685,CAT Scale,,POINT(-83.4598541 41.5346015),osm_pois,981,2026-07-22 20:25:30.476626+00,2026-07-21 20:21:50+00,,,,,,{},"{""ref"": ""1491"", ""name"": ""CAT Scale"", ""brand"": ""CAT Scale"", ""amenity"": ""weighbridge"", ""website"": ""https://catscale.com/cat-scale-locator/?single=1491"", ""operator"": ""Flying J Travel Center"", ""check_date"": ""2024-02-10"", ""brand:wikidata"": ""Q111631907"", ""operator:phone"": ""+1 419-837-2100"", ""operator:wikidata"": ""Q64130592""}"
node/12222299009,CAT Scale,,POINT(-101.3497709 48.2238126),osm_pois,981,2026-07-22 20:25:30.476626+00,2026-07-21 20:21:50+00,,,,,,{},"{""ref"": ""1716"", ""name"": ""CAT Scale"", ""brand"": ""CAT Scale"", ""amenity"": ""weighbridge"", ""website"": ""https://catscale.com/cat-scale-locator/?single=1716"", ""operator"": ""Flying J Travel Center"", ""check_date"": ""2024-02-10"", ""brand:wikidata"": ""Q111631907"", ""operator:phone"": ""+1 701-839-5061"", ""operator:wikidata"": ""Q64130592""}"
node/12222314920,CAT Scale,,POINT(-86.2171103 41.0482882),osm_pois,981,2026-07-22 20:25:30.476626+00,2026-07-21 20:21:50+00,,,,,,{},"{""ref"": ""1995"", ""name"": ""CAT Scale"", ""brand"": ""CAT Scale"", ""amenity"": ""weighbridge"", ""website"": ""https://catscale.com/cat-scale-locator/?single=1995"", ""operator"": ""Pilot Travel Center"", ""check_date"": ""2024-02-10"", ""brand:wikidata"": ""Q111631907"", ""operator:phone"": ""+1 574-223-4290"", ""operator:website"": ""https://locations.pilotflyingj.com/us/in/rochester/389-rochester-crossing"", ""operator:wikidata"": ""Q64128179""}"
node/12222329264,CAT Scale,,POINT(-83.6612622 41.136467),osm_pois,981,2026-07-22 20:25:30.476626+00,2026-07-21 20:21:50+00,,,,,,{},"{""ref"": ""406"", ""name"": ""CAT Scale"", ""brand"": ""CAT Scale"", ""amenity"": ""weighbridge"", ""website"": ""https://catscale.com/cat-scale-locator/?single=406"", ""operator"": ""Pilot Travel Center"", ""check_date"": ""2024-02-10"", ""brand:wikidata"": ""Q111631907"", ""operator:phone"": ""+1 419-299-3381"", ""operator:wikidata"": ""Q64128179""}"
node/12222339626,CAT Scale,,POINT(-87.0105439 41.4488585),osm_pois,981,2026-07-22 20:25:30.476626+00,2026-07-21 20:21:50+00,,,,,,{},"{""ref"": ""849"", ""name"": ""CAT Scale"", ""brand"": ""CAT Scale"", ""amenity"": ""weighbridge"", ""website"": ""https://catscale.com/cat-scale-locator/?single=849"", ""operator"": ""Pilot Travel Center"", ""check_date"": ""2024-02-10"", ""brand:wikidata"": ""Q111631907"", ""operator:phone"": ""+1 219-464-1644"", ""operator:website"": ""https://locations.pilotflyingj.com/us/in/valparaiso/4105-e-us-hwy-30"", ""operator:wikidata"": ""Q64128179""}"
node/12222351963,CAT Scale,,POINT(-96.842857 46.834556),osm_pois,981,2026-07-22 20:25:30.476626+00,2026-07-21 20:21:50+00,,,,,,{},"{""ref"": ""1540"", ""name"": ""CAT Scale"", ""brand"": ""CAT Scale"", ""amenity"": ""weighbridge"", ""website"": ""https://catscale.com/cat-scale-locator/?single=1540"", ""operator"": ""Flying J Travel Center"", ""check_date"": ""2024-02-10"", ""brand:wikidata"": ""Q111631907"", ""operator:phone"": ""+1 701-282-7766"", ""operator:wikidata"": ""Q64130592""}"
node/12222353136,CAT Scale,IL,POINT(-87.7008722 41.6636014),osm_pois,981,2026-07-22 20:25:30.476626+00,2026-07-21 20:21:50+00,,,,,,{},"{""ref"": ""1810"", ""name"": ""CAT Scale"", ""brand"": ""CAT Scale"", ""amenity"": ""weighbridge"", ""website"": ""https://catscale.com/cat-scale-locator/?single=1810"", ""operator"": ""Pilot Travel Center"", ""addr:city"": ""Alsip"", ""addr:state"": ""IL"", ""check_date"": ""2024-02-10"", ""addr:street"": ""South Kedzie Avenue"", ""addr:postcode"": ""60803"", ""brand:wikidata"": ""Q111631907"", ""operator:phone"": ""+1 708-385-2271"", ""addr:housenumber"": ""12686"", ""operator:website"": ""https://locations.pilotflyingj.com/us/il/alsip/12680-s.-kedzie"", ""operator:wikidata"": ""Q64128179""}"
node/12222353656,CAT Scale,,POINT(-87.9517043 42.7797695),osm_pois,981,2026-07-22 20:25:30.476626+00,2026-07-21 20:21:50+00,,,,,,{},"{""ref"": ""350"", ""name"": ""CAT Scale"", ""brand"": ""CAT Scale"", ""amenity"": ""weighbridge"", ""website"": ""https://catscale.com/cat-scale-locator/?single=350"", ""operator"": ""Pilot Travel Center"", ""check_date"": ""2024-02-10"", ""brand:wikidata"": ""Q111631907"", ""operator:phone"": ""+1 262-835-2292"", ""operator:website"": ""https://locations.pilotflyingj.com/us/wi/franksville/13712-northwestern-avenue"", ""operator:wikidata"": ""Q64128179""}"
node/12222356074,CAT Scale,,POINT(-87.2937048 41.2902948),osm_pois,981,2026-07-22 20:25:30.476626+00,2026-07-21 20:21:50+00,,,,,,{},"{""ref"": ""924"", ""name"": ""CAT Scale"", ""brand"": ""CAT Scale"", ""amenity"": ""weighbridge"", ""website"": ""https://catscale.com/cat-scale-locator/?single=924"", ""operator"": ""Pilot Travel Center"", ""check_date"": ""2024-02-10"", ""brand:wikidata"": ""Q111631907"", ""operator:phone"": ""+1 219-696-8265"", ""operator:website"": ""https://locations.pilotflyingj.com/us/in/hebron/18011-colorado-street"", ""operator:wikidata"": ""Q64128179""}"
node/12222369330,CAT Scale,,POINT(-87.2946543 41.2873966),osm_pois,981,2026-07-22 20:25:30.476626+00,2026-07-21 20:21:50+00,,,,,,{},"{""ref"": ""638"", ""name"": ""CAT Scale"", ""brand"": ""CAT Scale"", ""amenity"": ""weighbridge"", ""website"": ""https://catscale.com/cat-scale-locator/?single=638"", ""operator"": ""Flying J Travel Center"", ""check_date"": ""2024-02-10"", ""brand:wikidata"": ""Q111631907"", ""operator:phone"": ""+1 219-696-6446"", ""operator:wikidata"": ""Q64130592""}"
node/12222371514,CAT Scale,,POINT(-87.9433895 42.871394),osm_pois,981,2026-07-22 20:25:30.476626+00,2026-07-21 20:21:50+00,,,,,,{},"{""ref"": ""60"", ""name"": ""CAT Scale"", ""brand"": ""CAT Scale"", ""amenity"": ""weighbridge"", ""website"": ""https://catscale.com/cat-scale-locator/?single=60"", ""operator"": ""Pilot Travel Center"", ""check_date"": ""2024-02-10"", ""brand:wikidata"": ""Q111631907"", ""operator:phone"": ""+1 414-761-0939"", ""operator:website"": ""https://locations.pilotflyingj.com/us/wi/oak-creek/2031-west-ryan-road"", ""operator:wikidata"": ""Q64128179""}"
node/12222372108,CAT Scale,,POINT(-88.9802134 42.5274383),osm_pois,981,2026-07-22 20:25:30.476626+00,2026-07-21 20:21:50+00,,,,,,{},"{""ref"": ""94"", ""name"": ""CAT Scale"", ""brand"": ""CAT Scale"", ""amenity"": ""weighbridge"", ""website"": ""https://catscale.com/cat-scale-locator/?single=94"", ""operator"": ""Pilot Travel Center"", ""check_date"": ""2024-02-10"", ""brand:wikidata"": ""Q111631907"", ""operator:phone"": ""+1 608-364-3644"", ""operator:website"": ""https://locations.pilotflyingj.com/us/wi/beloit/3001-milwaukee-road"", ""operator:wikidata"": ""Q64128179""}"
node/12222372691,CAT Scale,,POINT(-116.9978902 47.7109924),osm_pois,981,2026-07-22 20:25:30.476626+00,2026-07-21 20:21:50+00,,,,,,{},"{""ref"": ""1440"", ""name"": ""CAT Scale"", ""brand"": ""CAT Scale"", ""amenity"": ""weighbridge"", ""website"": ""https://catscale.com/cat-scale-locator/?single=1440"", ""operator"": ""Flying J Travel Center"", ""check_date"": ""2024-02-10"", ""brand:wikidata"": ""Q111631907"", ""operator:phone"": ""+1 208-773-0593"", ""operator:wikidata"": ""Q64130592""}"
node/12222375213,CAT Scale,,POINT(-89.0174572 41.9361692),osm_pois,981,2026-07-22 20:25:30.476626+00,2026-07-21 20:21:50+00,,,,,,{},"{""ref"": ""3196"", ""name"": ""CAT Scale"", ""brand"": ""CAT Scale"", ""amenity"": ""weighbridge"", ""website"": ""https://catscale.com/cat-scale-locator/?single=3196"", ""operator"": ""Pilot Travel Center"", ""check_date"": ""2024-02-10"", ""brand:wikidata"": ""Q111631907"", ""operator:phone"": ""+1 815-677-6189"", ""operator:website"": ""https://locations.pilotflyingj.com/us/il/rochelle/1201-east-il-route-38"", ""operator:wikidata"": ""Q64128179""}"
node/12222381257,CAT Scale,,POINT(-93.295818 44.4700474),osm_pois,981,2026-07-22 20:25:30.476626+00,2026-07-21 20:21:50+00,,,,,,{},"{""ref"": ""617"", ""name"": ""CAT Scale"", ""brand"": ""CAT Scale"", ""amenity"": ""weighbridge"", ""website"": ""https://catscale.com/cat-scale-locator/?single=617"", ""operator"": ""Flying J Travel Center"", ""check_date"": ""2024-02-10"", ""brand:wikidata"": ""Q111631907"", ""operator:phone"": ""+1 507-645-6082"", ""operator:website"": ""https://locations.pilotflyingj.com/us/mn/northfield/8051-bagley-avenue""}"
node/12223966703,,,POINT(-74.841905 44.9564802),osm_pois,981,2026-07-22 20:25:30.476626+00,2026-07-21 20:21:50+00,,,,,,{},"{""amenity"": ""weighbridge""}"
node/12230550621,,,POINT(-76.649929 39.4573555),osm_pois,981,2026-07-22 20:25:30.476626+00,2026-07-21 20:21:50+00,,,,,,{},"{""amenity"": ""weighbridge""}"
node/12234368854,CAT Scale,,POINT(-104.8292604 31.0358815),osm_pois,981,2026-07-22 20:25:30.476626+00,2026-07-21 20:21:50+00,,,,,,{},"{""ref"": ""2571"", ""name"": ""CAT Scale"", ""brand"": ""CAT Scale"", ""amenity"": ""weighbridge"", ""website"": ""https://catscale.com/cat-scale-locator/?single=2571"", ""operator"": ""Pilot Travel Center"", ""check_date"": ""2024-02-10"", ""brand:wikidata"": ""Q111631907"", ""operator:phone"": ""+1 915-295-4150"", ""operator:website"": ""https://locations.pilotflyingj.com/us/tx/van-horn/501-van-horn-drive"", ""operator:wikidata"": ""Q64128179""}"
node/12234377259,CAT Scale,,POINT(-106.5784348 31.9966848),osm_pois,981,2026-07-22 20:25:30.476626+00,2026-07-21 20:21:50+00,,,,,,{},"{""ref"": ""2911"", ""name"": ""CAT Scale"", ""brand"": ""CAT Scale"", ""amenity"": ""weighbridge"", ""website"": ""https://catscale.com/cat-scale-locator/?single=2911"", ""operator"": ""Flying J Travel Center"", ""check_date"": ""2024-02-10"", ""brand:wikidata"": ""Q111631907"", ""operator:phone"": ""+1 915-886-2737"", ""operator:wikidata"": ""Q64130592""}"
node/12234385025,CAT Scale,,POINT(-106.8106122 32.2963008),osm_pois,981,2026-07-22 20:25:30.476626+00,2026-07-21 20:21:50+00,,,,,,{},"{""ref"": ""30"", ""name"": ""CAT Scale"", ""brand"": ""CAT Scale"", ""amenity"": ""weighbridge"", ""website"": ""https://catscale.com/cat-scale-locator/?single=30"", ""operator"": ""Pilot Travel Center"", ""check_date"": ""2024-02-10"", ""brand:wikidata"": ""Q111631907"", ""operator:phone"": ""+1 575-523-2700"", ""operator:website"": ""https://locations.pilotflyingj.com/us/nm/las-cruces/2681-west-amador-avenue"", ""operator:wikidata"": ""Q64128179""}"
node/12234385375,CAT Scale,,POINT(-103.9086659 31.8267771),osm_pois,981,2026-07-22 20:25:30.476626+00,2026-07-21 20:21:50+00,,,,,,{},"{""ref"": ""2167"", ""name"": ""CAT Scale"", ""brand"": ""CAT Scale"", ""amenity"": ""weighbridge"", ""website"": ""https://catscale.com/cat-scale-locator/?single=2167"", ""operator"": ""Pilot Travel Center"", ""brand:wikidata"": ""Q111631907"", ""operator:phone"": ""+1 432-273-0079"", ""operator:website"": ""https://locations.pilotflyingj.com/us/tx/orla/3752-us-hwy.-285-north"", ""operator:wikidata"": ""Q64128179""}"
node/12234389275,CAT Scale,,POINT(-114.5243034 33.6023287),osm_pois,981,2026-07-22 20:25:30.476626+00,2026-07-21 20:21:50+00,,,,,,{},"{""ref"": ""1406"", ""name"": ""CAT Scale"", ""brand"": ""CAT Scale"", ""amenity"": ""weighbridge"", ""website"": ""https://catscale.com/cat-scale-locator/?single=1406"", ""operator"": ""Flying J Travel Center"", ""check_date"": ""2024-02-10"", ""brand:wikidata"": ""Q111631907"", ""operator:phone"": ""+1 928-923-9600"", ""operator:wikidata"": ""Q64130592""}"
node/12234389280,CAT Scale,,POINT(-114.0066397 35.2201777),osm_pois,981,2026-07-22 20:25:30.476626+00,2026-07-21 20:21:50+00,,,,,,{},"{""ref"": ""1408"", ""name"": ""CAT Scale"", ""brand"": ""CAT Scale"", ""amenity"": ""weighbridge"", ""website"": ""https://catscale.com/cat-scale-locator/?single=1408"", ""operator"": ""Flying J Travel Center"", ""check_date"": ""2024-02-10"", ""brand:wikidata"": ""Q111631907"", ""operator:phone"": ""+1 928-757-7300"", ""operator:wikidata"": ""Q64130592""}"
node/12234391041,CAT Scale,,POINT(-110.8734548 32.1256187),osm_pois,981,2026-07-22 20:25:30.476626+00,2026-07-21 20:21:50+00,,,,,,{},"{""ref"": ""1669"", ""name"": ""CAT Scale"", ""brand"": ""CAT Scale"", ""amenity"": ""weighbridge"", ""website"": ""https://catscale.com/cat-scale-locator/?single=1669"", ""operator"": ""Pilot Travel Center"", ""check_date"": ""2024-02-10"", ""brand:wikidata"": ""Q111631907"", ""operator:phone"": ""+1 520-663-3348"", ""operator:website"": ""https://locations.pilotflyingj.com/us/az/tucson/5570-e.-travel-plaza-way"", ""operator:wikidata"": ""Q64128179""}"
node/12234391790,CAT Scale,,POINT(-114.2361644 33.661351),osm_pois,981,2026-07-22 20:25:30.476626+00,2026-07-21 20:21:50+00,,,,,,{},"{""ref"": ""290"", ""name"": ""CAT Scale"", ""brand"": ""CAT Scale"", ""amenity"": ""weighbridge"", ""website"": ""https://catscale.com/cat-scale-locator/?single=290"", ""operator"": ""Pilot Travel Center"", ""check_date"": ""2024-02-10"", ""brand:wikidata"": ""Q111631907"", ""operator:phone"": ""+1 928-927-7777"", ""operator:website"": ""https://locations.pilotflyingj.com/us/az/quartzsite/1201-west-main-street"", ""operator:wikidata"": ""Q64128179""}"
node/12234395735,CAT Scale,,POINT(-110.9621848 31.4314971),osm_pois,981,2026-07-22 20:25:30.476626+00,2026-07-21 20:21:50+00,,,,,,{},"{""ref"": ""633"", ""name"": ""CAT Scale"", ""brand"": ""CAT Scale"", ""amenity"": ""weighbridge"", ""website"": ""https://catscale.com/cat-scale-locator/?single=633"", ""capacity"": ""2"", ""operator"": ""Pilot Travel Center"", ""check_date"": ""2024-02-10"", ""brand:wikidata"": ""Q111631907"", ""operator:phone"": ""+1 520-377-0001"", ""operator:website"": ""https://locations.pilotflyingj.com/us/az/rio-rico/769-east-frontage-road"", ""operator:wikidata"": ""Q64128179""}"
