osm_id,name,brand,state,truck_repair,trailer_repair,hgv_access,geom,source_id,run_id,ingested_at,observed_at,confidence,conf_trust,conf_fresh,conf_complete,conf_agree,flags,props,route_id,route_ref,route_name,route_dist_m,on_route_5km
node/10001539011,TA Truck Service,,,t,,,POINT(-101.0524169 39.3607548),osm_truck_repair_overpass,8063,2026-08-18 07:03:05.046159+00,2026-08-18 07:00:34+00,,,,,,{},"{""name"": ""TA Truck Service"", ""shop"": ""car_repair"", ""service:vehicle:truck_repair"": ""yes""}",106795,S 25,S 25,218,t
node/10010689361,,,,t,,,POINT(-82.0952182 28.8753857),osm_truck_repair_overpass,8063,2026-08-18 07:03:05.046159+00,2026-08-18 07:00:34+00,,,,,,{},"{""shop"": ""car_repair"", ""addr:city"": ""Wildwood"", ""addr:street"": ""East SR 44"", ""addr:postcode"": ""34785"", ""addr:housenumber"": ""514"", ""service:vehicle:truck_repair"": ""yes""}",186272,I 75,I 75,280,t
node/10117506169,Kevin's Garage,,MN,t,,,POINT(-94.7204712 44.5268591),osm_truck_repair_overpass,8063,2026-08-18 07:03:05.046159+00,2026-08-18 07:00:34+00,,,,,,{},"{""name"": ""Kevin's Garage"", ""shop"": ""car_repair"", ""phone"": ""+1-507-766-7584"", ""operator"": ""Kevin M. Schafer"", ""addr:city"": ""Fairfax"", ""addr:state"": ""MN"", ""addr:street"": ""Park Street South"", ""payment:cash"": ""yes"", ""addr:postcode"": ""55332"", ""opening_hours"": ""Mo-Fr 08:00-17:00"", ""payment:cheque"": ""yes"", ""addr:housenumber"": ""128"", ""payment:credit_cards"": ""yes"", ""service:vehicle:brakes"": ""yes"", ""service:vehicle:muffler"": ""yes"", ""service:vehicle:repairs"": ""yes"", ""service:vehicle:batteries"": ""yes"", ""service:vehicle:car_repair"": ""yes"", ""service:vehicle:electrical"": ""yes"", ""service:vehicle:inspection"": ""yes"", ""service:vehicle:oil_change"": ""yes"", ""service:vehicle:diagnostics"": ""yes"", ""service:vehicle:truck_repair"": ""yes"", ""service:vehicle:air_conditioning"": ""yes""}",342379,S 19,S 19,234,t
node/10218523459,Palm Truck Centers,,FL,t,,,POINT(-81.8064549 26.637824),osm_truck_repair_overpass,8063,2026-08-18 07:03:05.046159+00,2026-08-18 07:00:34+00,,,,,,{},"{""name"": ""Palm Truck Centers"", ""shop"": ""truck_repair"", ""addr:city"": ""Fort Myers"", ""addr:state"": ""FL"", ""addr:street"": ""Dr. Martin Luther King Jr. Boulevard"", ""addr:postcode"": ""33905"", ""addr:housenumber"": ""5313""}",185877,I 75,I 75,445,t
node/10282967784,,,,t,,,POINT(-85.1832327 30.7187661),osm_truck_repair_overpass,8063,2026-08-18 07:03:05.046159+00,2026-08-18 07:00:34+00,,,,,,{},"{""shop"": ""car_repair"", ""service:vehicle:truck_repair"": ""yes""}",184919,I 10,I 10,217,t
node/10573976582,Hunt's Auto Repair and Tires,,OH,t,,,POINT(-82.9970492 40.7777486),osm_truck_repair_overpass,8063,2026-08-18 07:03:05.046159+00,2026-08-18 07:00:34+00,,,,,,{},"{""name"": ""Hunt's Auto Repair and Tires"", ""shop"": ""car_repair"", ""phone"": ""+1-419-562-2262"", ""addr:city"": ""Bucyrus"", ""addr:state"": ""OH"", ""addr:street"": ""Marion Road"", ""addr:postcode"": ""44820"", ""opening_hours"": ""Mo-Fr 08:00-17:00"", ""addr:housenumber"": ""2061"", ""service:vehicle:tyres"": ""yes"", ""service:vehicle:car_parts"": ""yes"", ""service:vehicle:car_repair"": ""yes"", ""service:vehicle:truck_repair"": ""yes""}",417183,S 4,S 4,49,t
node/10587225877,Rexroad Mobile Auto Repair,Acura;Audi;BMW;Buick;Cadillac;Chevrolet;Chrysler;Dodge;Ford;Genesis;Honda;Hyundai;Infiniti;Jaguar;Jeep;Kia;Lamborghini;Land Rover;Lexus;Lincoln;Lotus;Maserati;Maybach;Mazda;Mercedes-Benz;Nissan;Toyota;Volkswagen;Volvo,TX,t,,,POINT(-96.7357028 33.1753389),osm_truck_repair_overpass,8063,2026-08-18 07:03:05.046159+00,2026-08-18 07:00:34+00,,,,,,{},"{""name"": ""Rexroad Mobile Auto Repair"", ""shop"": ""car_repair"", ""brand"": ""Acura;Audi;BMW;Buick;Cadillac;Chevrolet;Chrysler;Dodge;Ford;Genesis;Honda;Hyundai;Infiniti;Jaguar;Jeep;Kia;Lamborghini;Land Rover;Lexus;Lincoln;Lotus;Maserati;Maybach;Mazda;Mercedes-Benz;Nissan;Toyota;Volkswagen;Volvo"", ""email"": ""aaron@rexroadauto.com"", ""image"": ""https://www.rexroadauto.com/wp-content/uploads/2021/10/Rexroad-Logo-v2-01.jpg"", ""phone"": ""+1-469-469-4521"", ""website"": ""https://www.rexroadauto.com"", ""operator"": ""Aaron Rexroad"", ""addr:unit"": ""500"", ""addr:state"": ""TX"", ""addr:street"": ""Eldorado Parkway"", ""description"": ""Rexroad Mobile Auto Repair provides car repair, maintenance, and diagnostics at the convenience of your home or office. Our highly rated mechanics offer services all over North Texas cities."", ""payment:app"": ""yes"", ""payment:cash"": ""yes"", ""payment:visa"": ""yes"", ""addr:postcode"": ""75035"", ""opening_hours"": ""24/7"", ""payment:cheque"": ""yes"", ""payment:paypal"": ""yes"", ""addr:housenumber"": ""15922"", ""air_conditioning"": ""yes"", ""payment:apple_pay"": ""yes"", ""payment:google_pay"": ""yes"", ""payment:mastercard"": ""yes"", ""payment:visa_debit"": ""yes"", ""payment:contactless"": ""yes"", ""payment:debit_cards"": ""yes"", ""payment:credit_cards"": ""yes"", ""payment:discover_card"": ""yes"", ""service:vehicle:brakes"": ""yes"", ""service:vehicle:wheels"": ""yes"", ""service:vehicle:muffler"": ""yes"", ""service:vehicle:repairs"": ""yes"", ""payment:american_express"": ""yes"", ""service:vehicle:batteries"": ""yes"", ""service:vehicle:car_parts"": ""yes"", ""service:vehicle:car_repair"": ""yes"", ""service:vehicle:electrical"": ""yes"", ""service:vehicle:oil_change"": ""yes"", ""service:vehicle:body_repair"": ""yes"", ""service:vehicle:diagnostics"": ""yes"", ""service:vehicle:truck_repair"": ""yes"", ""payment:mastercard_contactless"": ""yes"", ""service:vehicle:air_conditioning"": ""yes""}",140018,U 380,U 380,4788,t
node/10780831533,Olsen's Auto Inc.,,,t,,,POINT(-75.8567863 40.0784574),osm_truck_repair_overpass,8063,2026-08-18 07:03:05.046159+00,2026-08-18 07:00:34+00,,,,,,{},"{""name"": ""Olsen's Auto Inc."", ""shop"": ""car_repair"", ""email"": ""info@olsensauto.com"", ""addr:unit"": ""110"", ""check_date"": ""2023-04-02"", ""addr:street"": ""Horseshoe Pike"", ""contact:phone"": ""+1 610-273-2956"", ""contact:website"": ""https://olsensauto.com"", ""addr:housenumber"": ""3041"", ""contact:facebook"": ""https://www.facebook.com/olsensauto"", ""service:vehicle:brakes"": ""yes"", ""service:vehicle:alignment"": ""yes"", ""service:vehicle:car_repair"": ""yes"", ""service:vehicle:oil_change"": ""yes"", ""service:vehicle:diagnostics"": ""yes"", ""service:vehicle:transmission"": ""yes"", ""service:vehicle:truck_repair"": ""yes"", ""service:vehicle:air_conditioning"": ""yes""}",446683,I 76,PENNSYLVANIA TPKE,7761,f
node/10858239546,Speedco,Speedco,,t,,,POINT(-90.6664928 32.3618601),osm_truck_repair_overpass,8063,2026-08-18 07:03:05.046159+00,2026-08-18 07:00:34+00,,,,,,{},"{""name"": ""Speedco"", ""shop"": ""truck_repair"", ""brand"": ""Speedco"", ""brand:wikidata"": ""Q112455073""}",169697,I 20,I 20,296,t
node/10957904436,Brotherton Truck and Trailer Repair,,MO,t,,,POINT(-93.5431286 39.8330214),osm_truck_repair_overpass,8063,2026-08-18 07:03:05.046159+00,2026-08-18 07:00:34+00,,,,,,{},"{""name"": ""Brotherton Truck and Trailer Repair"", ""shop"": ""car_repair"", ""phone"": ""+1 660 240 61 22"", ""website"": ""https://brothertontt.com/"", ""addr:city"": ""Chillicothe"", ""addr:state"": ""MO"", ""addr:street"": ""North Washington Street"", ""addr:postcode"": ""64601"", ""addr:housenumber"": ""10041"", ""service:vehicle:truck_repair"": ""yes""}",291404,U 65,U 65,65,t
node/10968565695,,,,t,,,POINT(-82.0178746 30.8520278),osm_truck_repair_overpass,8063,2026-08-18 07:03:05.046159+00,2026-08-18 07:00:34+00,,,,,,{},"{""shop"": ""car_repair"", ""service:vehicle:truck_repair"": ""yes""}",188109,I 95,I 95,31922,f
node/11002112745,Scotts Auto & Clutch Repair,,UT,t,,,POINT(-111.8957371 40.7145187),osm_truck_repair_overpass,8063,2026-08-18 07:03:05.046159+00,2026-08-18 07:00:34+00,,,,,,{},"{""name"": ""Scotts Auto & Clutch Repair"", ""shop"": ""car_repair"", ""phone"": ""+1-801-485-4089"", ""website"": ""https://slcautoshop.com"", ""addr:city"": ""South Salt Lake"", ""addr:state"": ""UT"", ""addr:street"": ""West Crystal Avenue"", ""payment:cash"": ""yes"", ""payment:visa"": ""yes"", ""addr:postcode"": ""84117"", ""opening_hours"": ""Mo-Su 09:00-21:00"", ""payment:cards"": ""yes"", ""payment:coins"": ""yes"", ""payment:notes"": ""yes"", ""payment:cheque"": ""yes"", ""addr:housenumber"": ""144"", ""payment:google_pay"": ""yes"", ""payment:mastercard"": ""yes"", ""payment:visa_debit"": ""yes"", ""payment:contactless"": ""yes"", ""payment:debit_cards"": ""yes"", ""payment:credit_cards"": ""yes"", ""payment:discover_card"": ""yes"", ""service:vehicle:brakes"": ""yes"", ""service:vehicle:repair"": ""yes"", ""service:vehicle:muffler"": ""yes"", ""service:vehicle:repairs"": ""yes"", ""payment:american_express"": ""yes"", ""service:vehicle:batteries"": ""yes"", ""service:vehicle:car_parts"": ""yes"", ""service:vehicle:car_repair"": ""yes"", ""service:vehicle:electrical"": ""yes"", ""service:vehicle:inspection"": ""yes"", ""service:vehicle:oil_change"": ""yes"", ""service:vehicle:diagnostics"": ""yes"", ""service:vehicle:transmission"": ""yes"", ""service:vehicle:truck_repair"": ""yes"", ""service:vehicle:air_conditioning"": ""yes""}",81356,I 80,I 80,400,t
node/11186295719,SSF Repair,,IN,t,,,POINT(-87.4282059 41.5887704),osm_truck_repair_overpass,8063,2026-08-18 07:03:05.046159+00,2026-08-18 07:00:34+00,,,,,,{},"{""name"": ""SSF Repair"", ""shop"": ""car_repair"", ""phone"": ""+1 219-977-8586"", ""website"": ""https://ssfrepair.com"", ""addr:city"": ""Gary"", ""addr:state"": ""IN"", ""addr:street"": ""Blaine Street"", ""addr:postcode"": ""46406"", ""addr:housenumber"": ""1356"", ""service:vehicle:truck_repair"": ""yes""}",4192,S 912,CLINE AV,389,t
node/11238862188,Big Truck & Tire Repair,,VA,t,,,POINT(-79.287525 37.8880851),osm_truck_repair_overpass,8063,2026-08-18 07:03:05.046159+00,2026-08-18 07:00:34+00,,,,,,{},"{""name"": ""Big Truck & Tire Repair"", ""shop"": ""truck_repair"", ""addr:city"": ""Fairfield"", ""addr:state"": ""VA"", ""addr:street"": ""Ridge Road"", ""addr:postcode"": ""24435"", ""addr:housenumber"": ""29""}",441230,I 81,I 81,352,t
node/11265687242,IK Truck Repair,,,t,,,POINT(-122.7275946 48.9763911),osm_truck_repair_overpass,8063,2026-08-18 07:03:05.046159+00,2026-08-18 07:00:34+00,,,,,,{},"{""name"": ""IK Truck Repair"", ""shop"": ""car_repair"", ""service:vehicle:truck_repair"": ""yes""}",47781,I 5,I 5,156,t
node/11367150509,Speedco,Speedco,,t,,,POINT(-87.4551349 36.7084561),osm_truck_repair_overpass,8063,2026-08-18 07:03:05.046159+00,2026-08-18 07:00:34+00,,,,,,{},"{""name"": ""Speedco"", ""shop"": ""truck_repair"", ""brand"": ""Speedco"", ""brand:wikidata"": ""Q112455073""}",384667,U 41,U 41,126,t
node/11379560446,TA Truck Service,,,t,,,POINT(-79.2304092 37.9270046),osm_truck_repair_overpass,8063,2026-08-18 07:03:05.046159+00,2026-08-18 07:00:34+00,,,,,,{},"{""name"": ""TA Truck Service"", ""shop"": ""car_repair"", ""service:vehicle:truck_repair"": ""yes""}",441230,I 81,I 81,270,t
node/11382448412,McMahon Truck Centers,,,t,,,POINT(-81.0044301 34.8533246),osm_truck_repair_overpass,8063,2026-08-18 07:03:05.046159+00,2026-08-18 07:00:34+00,,,,,,{},"{""name"": ""McMahon Truck Centers"", ""shop"": ""truck_repair""}",408361,I 77,I 77,526,t
node/11418289624,,,,t,,,POINT(-89.5337086 36.7600946),osm_truck_repair_overpass,8063,2026-08-18 07:03:05.046159+00,2026-08-18 07:00:34+00,,,,,,{},"{""shop"": ""truck_repair""}",370577,I 55,I 55,399,t
node/11418289625,,,,t,,,POINT(-89.5341378 36.7581692),osm_truck_repair_overpass,8063,2026-08-18 07:03:05.046159+00,2026-08-18 07:00:34+00,,,,,,{},"{""shop"": ""car_repair"", ""service:vehicle:truck_repair"": ""yes""}",370119,I 55,I 55,357,t
node/11459909849,,,,t,,,POINT(-82.8496695 35.5553154),osm_truck_repair_overpass,8063,2026-08-18 07:03:05.046159+00,2026-08-18 07:00:34+00,,,,,,{},"{""shop"": ""truck_repair""}",406005,I 40,I 40,113,t
node/11472648842,CB Services,,OH,t,,,POINT(-82.0315212 39.9231276),osm_truck_repair_overpass,8063,2026-08-18 07:03:05.046159+00,2026-08-18 07:00:34+00,,,,,,{},"{""name"": ""CB Services"", ""shop"": ""truck_repair"", ""website"": ""https://www.cb-truckservices.com/Home"", ""operator"": ""Caleb Baker"", ""addr:city"": ""Zanesville"", ""addr:state"": ""OH"", ""addr:street"": ""Coopermill Road"", ""addr:postcode"": ""43701"", ""contact:phone"": ""+1 740-547-1673"", ""addr:housenumber"": ""1326""}",421118,U 22,U 22,1759,t
node/11545589307,Taller Padilla,,,t,,,POINT(-66.5267151 18.0523109),osm_truck_repair_overpass,8063,2026-08-18 07:03:05.046159+00,2026-08-18 07:00:34+00,,,,,,{},"{""name"": ""Taller Padilla"", ""shop"": ""car_repair"", ""phone"": ""+1-787-315-1983"", ""website"": ""https://tallerpadilla.com/"", ""operator"": ""Luis A Lopez Padilla"", ""addr:city"": ""Juana Diaz"", ""addr:state"": ""PR"", ""addr:street"": ""Carretera 573"", ""addr:postcode"": ""00780"", ""opening_hours"": ""Mo-Fr 07:00-17:00"", ""service:vehicle:brakes"": ""yes"", ""service:vehicle:repairs"": ""yes"", ""service:vehicle:car_repair"": ""yes"", ""service:vehicle:electrical"": ""yes"", ""service:vehicle:oil_change"": ""yes"", ""service:vehicle:diagnostics"": ""yes"", ""service:vehicle:transmission"": ""yes"", ""service:vehicle:truck_repair"": ""yes""}",468870,I 52,I 52,796,t
node/11627973806,L.O. Auto Service,,OH,t,,,POINT(-81.6373655 41.0507448),osm_truck_repair_overpass,8063,2026-08-18 07:03:05.046159+00,2026-08-18 07:00:34+00,,,,,,{},"{""name"": ""L.O. Auto Service"", ""shop"": ""car_repair"", ""phone"": ""+1-330-849-5116"", ""website"": ""https://www.loautoservice.com/"", ""addr:city"": ""Norton"", ""addr:state"": ""OH"", ""addr:street"": ""Wadsworth Road"", ""addr:postcode"": ""44203"", ""addr:housenumber"": ""3039"", ""service:vehicle:tyres"": ""yes"", ""service:vehicle:brakes"": ""yes"", ""service:vehicle:alignment"": ""yes"", ""service:vehicle:batteries"": ""yes"", ""service:vehicle:car_repair"": ""yes"", ""service:vehicle:electrical"": ""yes"", ""service:vehicle:inspection"": ""yes"", ""service:vehicle:oil_change"": ""yes"", ""service:vehicle:diagnostics"": ""yes"", ""service:vehicle:transmission"": ""yes"", ""service:vehicle:truck_repair"": ""yes"", ""service:vehicle:air_conditioning"": ""yes""}",430385,I 76,I 76,1266,t
node/11653340290,The Internet Car Lot,Independent,NE,t,,,POINT(-96.0229203 41.2078399),osm_truck_repair_overpass,8063,2026-08-18 07:03:05.046159+00,2026-08-18 07:00:34+00,,,,,,{},"{""name"": ""The Internet Car Lot"", ""shop"": ""car"", ""brand"": ""Independent"", ""phone"": ""+1-402-991-1112"", ""operator"": ""The Internet Car Lot, Inc."", ""addr:city"": ""Omaha"", ""addr:state"": ""NE"", ""addr:street"": ""P Circle"", ""second_hand"": ""yes"", ""payment:cash"": ""yes"", ""payment:visa"": ""yes"", ""addr:postcode"": ""68117"", ""opening_hours"": ""Mo-Sa 09:00-18:00"", ""payment:cheque"": ""yes"", ""payment:paypal"": ""yes"", ""addr:housenumber"": ""7150"", ""air_conditioning"": ""yes"", ""contact:facebook"": ""https://www.facebook.com/TheInternetCarLot/"", ""payment:apple_pay"": ""yes"", ""payment:google_pay"": ""yes"", ""payment:mastercard"": ""yes"", ""payment:contactless"": ""yes"", ""payment:debit_cards"": ""yes"", ""payment:credit_cards"": ""yes"", ""payment:discover_card"": ""yes"", ""service:vehicle:tyres"": ""yes"", ""service:vehicle:brakes"": ""yes"", ""service:vehicle:muffler"": ""yes"", ""service:vehicle:repairs"": ""yes"", ""payment:american_express"": ""yes"", ""service:vehicle:painting"": ""yes"", ""service:vehicle:alignment"": ""yes"", ""service:vehicle:batteries"": ""yes"", ""service:vehicle:car_repair"": ""yes"", ""service:vehicle:electrical"": ""yes"", ""service:vehicle:inspection"": ""yes"", ""service:vehicle:oil_change"": ""yes"", ""service:vehicle:body_repair"": ""yes"", ""service:vehicle:diagnostics"": ""yes"", ""service:vehicle:transmission"": ""yes"", ""service:vehicle:truck_repair"": ""yes"", ""service:vehicle:used_car_sales"": ""yes"", ""service:vehicle:air_conditioning"": ""yes""}",283199,U 275,L ST,513,t
node/11765598472,Stoops Freightliner truck country,,,t,,,POINT(-84.0681643 39.8668866),osm_truck_repair_overpass,8063,2026-08-18 07:03:05.046159+00,2026-08-18 07:00:34+00,,,,,,{},"{""name"": ""Stoops Freightliner truck country"", ""shop"": ""truck_repair"", ""addr:street"": ""Center Point 70 Boulevard"", ""addr:postcode"": ""45424""}",394384,I 70,I 70,124,t
node/11765598473,Kenworth of Dayton,,,t,,,POINT(-84.0697924 39.8667086),osm_truck_repair_overpass,8063,2026-08-18 07:03:05.046159+00,2026-08-18 07:00:34+00,,,,,,{},"{""name"": ""Kenworth of Dayton"", ""shop"": ""truck_repair"", ""addr:street"": ""Center Point 70 Boulevard"", ""addr:postcode"": ""45424""}",394384,I 70,I 70,94,t
node/11999707314,"Yosemite Auto Repair, Inc",,CA,t,,,POINT(-118.6749446 34.2710596),osm_truck_repair_overpass,8063,2026-08-18 07:03:05.046159+00,2026-08-18 07:00:34+00,,,,,,{},"{""name"": ""Yosemite Auto Repair, Inc"", ""shop"": ""car_repair"", ""phone"": ""+1 805-527-0070"", ""addr:city"": ""Simi Valley"", ""addr:unit"": ""8"", ""addr:state"": ""CA"", ""addr:street"": ""East Los Angeles Avenue"", ""payment:cash"": ""yes"", ""payment:visa"": ""yes"", ""addr:postcode"": ""93063"", ""opening_hours"": ""Mo-Fr 08:00-17:00; Sa 08:00-13:00"", ""payment:zelle"": ""yes"", ""payment:cheque"": ""yes"", ""addr:housenumber"": ""5956"", ""payment:apple_pay"": ""yes"", ""payment:mastercard"": ""yes"", ""payment:debit_cards"": ""yes"", ""payment:credit_cards"": ""yes"", ""payment:discover_card"": ""yes"", ""service:vehicle:glass"": ""yes"", ""service:vehicle:brakes"": ""yes"", ""service:vehicle:repairs"": ""yes"", ""payment:american_express"": ""yes"", ""service:vehicle:batteries"": ""yes"", ""service:vehicle:car_parts"": ""yes"", ""service:vehicle:car_repair"": ""yes"", ""service:vehicle:electrical"": ""yes"", ""service:vehicle:inspection"": ""yes"", ""service:vehicle:oil_change"": ""yes"", ""service:vehicle:diagnostics"": ""yes"", ""service:vehicle:transmission"": ""yes"", ""service:vehicle:truck_repair"": ""yes"", ""service:vehicle:air_conditioning"": ""yes""}",31008,U 101,VENTURA FRWY,12728,f
node/12097233228,Hillside Toyota,Toyota,NY,t,,,POINT(-73.8122045 40.6936736),osm_truck_repair_overpass,8063,2026-08-18 07:03:05.046159+00,2026-08-18 07:00:34+00,,,,,,{},"{""name"": ""Hillside Toyota"", ""shop"": ""car_repair"", ""brand"": ""Toyota"", ""level"": ""0"", ""phone"": ""+1 718 657 2220"", ""source"": ""survey"", ""toilets"": ""yes"", ""addr:city"": ""South Richmond Hill"", ""addr:state"": ""NY"", ""check_date"": ""2024-08-07"", ""wheelchair"": ""yes"", ""addr:street"": ""Van Wyck Expressway"", ""addr:postcode"": ""11419"", ""brand:wikidata"": ""Q53268"", ""internet_access"": ""wlan"", ""addr:housenumber"": ""101-10"", ""air_conditioning"": ""yes"", ""internet_access:fee"": ""no"", ""internet_access:ssid"": ""Hillside-guest"", ""service:vehicle:glass"": ""yes"", ""service:vehicle:motor"": ""yes"", ""service:vehicle:tyres"": ""yes"", ""service:vehicle:brakes"": ""yes"", ""service:vehicle:wheels"": ""yes"", ""service:vehicle:muffler"": ""yes"", ""service:vehicle:repairs"": ""yes"", ""service:vehicle:painting"": ""yes"", ""service:vehicle:alignment"": ""yes"", ""service:vehicle:batteries"": ""yes"", ""service:vehicle:car_parts"": ""yes"", ""service:vehicle:car_repair"": ""yes"", ""service:vehicle:electrical"": ""yes"", ""service:vehicle:inspection"": ""yes"", ""service:vehicle:oil_change"": ""yes"", ""service:vehicle:body_repair"": ""yes"", ""service:vehicle:diagnostics"": ""yes"", ""service:vehicle:transmission"": ""yes"", ""service:vehicle:truck_repair"": ""yes"", ""service:vehicle:air_conditioning"": ""yes"", ""service:vehicle:transmission_repair"": ""yes""}",457494,I 678,VAN WYCK EXWY,56,t
node/12106745215,Hilt's Garage,,VA,t,,,POINT(-81.963202 36.7125845),osm_truck_repair_overpass,8063,2026-08-18 07:03:05.046159+00,2026-08-18 07:00:34+00,,,,,,{},"{""name"": ""Hilt's Garage"", ""shop"": ""car_repair"", ""phone"": ""+1-276-628-6316"", ""addr:city"": ""Abingdon"", ""addr:state"": ""VA"", ""addr:street"": ""Deadmore Street Southeast"", ""addr:postcode"": ""24210"", ""opening_hours"": ""Mo-Fr 08:00-17:00"", ""addr:housenumber"": ""208"", ""service:vehicle:towing"": ""yes"", ""service:vehicle:car_repair"": ""yes"", ""service:vehicle:inspection"": ""yes"", ""service:vehicle:truck_repair"": ""yes""}",407950,I 81,I 81,1173,t
node/12166262239,Speedco,Speedco,,t,,,POINT(-90.9039185 34.9863385),osm_truck_repair_overpass,8063,2026-08-18 07:03:05.046159+00,2026-08-18 07:00:34+00,,,,,,{},"{""name"": ""Speedco"", ""shop"": ""truck_repair"", ""brand"": ""Speedco"", ""check_date"": ""2024-09-09"", ""brand:wikidata"": ""Q112455073""}",361318,I 40,I 40,235,t
node/12175724163,Speedco,Speedco,,t,,,POINT(-87.9235085 32.8655783),osm_truck_repair_overpass,8063,2026-08-18 07:03:05.046159+00,2026-08-18 07:00:34+00,,,,,,{},"{""name"": ""Speedco"", ""shop"": ""truck_repair"", ""brand"": ""Speedco"", ""check_date"": ""2024-09-13"", ""brand:wikidata"": ""Q112455073""}",183844,I 20,I 20,313,t
node/12175750096,Speedco,Speedco,,t,,,POINT(-91.9922096 32.4935751),osm_truck_repair_overpass,8063,2026-08-18 07:03:05.046159+00,2026-08-18 07:00:34+00,,,,,,{},"{""name"": ""Speedco"", ""shop"": ""truck_repair"", ""brand"": ""Speedco"", ""check_date"": ""2024-09-13"", ""brand:wikidata"": ""Q112455073""}",165223,I 20,I 20,500,t
node/12203210549,Houston Service Center,,TX,t,,,POINT(-95.3013799 29.6286867),osm_truck_repair_overpass,8063,2026-08-18 07:03:05.046159+00,2026-08-18 07:00:34+00,,,,,,{},"{""name"": ""Houston Service Center"", ""shop"": ""truck_repair"", ""phone"": ""+1-713-336-6230"", ""operator"": ""Altec Service Group"", ""addr:city"": ""Houston"", ""addr:state"": ""TX"", ""addr:street"": ""Orem Drive"", ""addr:postcode"": ""77075"", ""addr:housenumber"": ""6902""}",142635,S 35,TELEPHOE RD,1532,t
node/12254404473,Consolidated Power Source LLC,,,t,,,POINT(-116.9810153 33.9246095),osm_truck_repair_overpass,8063,2026-08-18 07:03:05.046159+00,2026-08-18 07:00:34+00,,,,,,{},"{""name"": ""Consolidated Power Source LLC"", ""shop"": ""truck_repair"", ""addr:housenumber"": ""296""}",66892,I 10,SAN BERNARDINO FRWY,295,t
node/12288296678,Brian Omps Towing and Repair,,VA,t,,,POINT(-78.150529 39.2226291),osm_truck_repair_overpass,8063,2026-08-18 07:03:05.046159+00,2026-08-18 07:00:34+00,,,,,,{},"{""name"": ""Brian Omps Towing and Repair"", ""shop"": ""car_repair"", ""addr:city"": ""Winchester"", ""addr:state"": ""VA"", ""addr:street"": ""Tyson Drive"", ""payment:cash"": ""yes"", ""payment:visa"": ""yes"", ""addr:postcode"": ""22603"", ""addr:housenumber"": ""240"", ""payment:mastercard"": ""yes"", ""payment:credit_cards"": ""yes"", ""service:vehicle:tyres"": ""yes"", ""service:vehicle:towing"": ""yes"", ""service:vehicle:alignment"": ""yes"", ""service:vehicle:car_repair"": ""yes"", ""service:vehicle:inspection"": ""yes"", ""service:vehicle:oil_change"": ""yes"", ""service:vehicle:diagnostics"": ""yes"", ""service:vehicle:transmission"": ""yes"", ""service:vehicle:truck_repair"": ""yes""}",441722,I 81,I 81,1085,t
node/12297843844,Speedco,Speedco,,t,,,POINT(-82.5405434 34.6742027),osm_truck_repair_overpass,8063,2026-08-18 07:03:05.046159+00,2026-08-18 07:00:34+00,,,,,,{},"{""name"": ""Speedco"", ""shop"": ""truck_repair"", ""brand"": ""Speedco"", ""website"": ""https://www.loves.com/locations/871"", ""brand:wikidata"": ""Q112455073""}",406512,I 85,I 85,133,t
node/12298102266,Speedco,Speedco,,t,,,POINT(-75.9236383 44.001478),osm_truck_repair_overpass,8063,2026-08-18 07:03:05.046159+00,2026-08-18 07:00:34+00,,,,,,{},"{""name"": ""Speedco"", ""shop"": ""truck_repair"", ""brand"": ""Speedco"", ""brand:wikidata"": ""Q112455073""}",454298,I 81,NORTH-SOUTH EXWY,163,t
node/12319852653,Hoffmann Truck Repair Services,,,t,,,POINT(-95.2565728 29.885925),osm_truck_repair_overpass,8063,2026-08-18 07:03:05.046159+00,2026-08-18 07:00:34+00,,,,,,{},"{""name"": ""Hoffmann Truck Repair Services"", ""shop"": ""truck_repair"", ""phone"": ""+1-281-458-2675""}",142615,S 8,E SAM HOUSTON PKWY,5210,f
node/12335176482,Genesis Collision Center,,OK,t,,,POINT(-94.6272814 35.0478101),osm_truck_repair_overpass,8063,2026-08-18 07:03:05.046159+00,2026-08-18 07:00:34+00,,,,,,{},"{""name"": ""Genesis Collision Center"", ""shop"": ""car_repair"", ""phone"": ""+1 918 647 8724"", ""operator"": ""Timothy Law"", ""addr:city"": ""Poteau"", ""addr:state"": ""OK"", ""addr:street"": ""South McKenna Street"", ""addr:postcode"": ""74966"", ""opening_hours"": ""Mo-Fr 08:00-17:00"", ""addr:housenumber"": ""711"", ""not:brand:wikidata"": ""Q21451523"", ""service:vehicle:repairs"": ""yes"", ""service:vehicle:painting"": ""yes"", ""service:vehicle:body_repair"": ""yes"", ""service:vehicle:transmission"": ""yes"", ""service:vehicle:truck_repair"": ""yes""}",254083,U 59,U 59,181,t
node/12428179310,,,,t,,,POINT(-122.0829588 37.6051808),osm_truck_repair_overpass,8063,2026-08-18 07:03:05.046159+00,2026-08-18 07:00:34+00,,,,,,{},"{""shop"": ""truck_repair""}",28214,I 880,NIMITZ FRWY,1355,t
node/12454406884,Auto Repair Center of Oxon Hill,,MD,t,,,POINT(-76.9898356 38.804024),osm_truck_repair_overpass,8063,2026-08-18 07:03:05.046159+00,2026-08-18 07:00:34+00,,,,,,{},"{""name"": ""Auto Repair Center of Oxon Hill"", ""shop"": ""car_repair"", ""phone"": ""+1-301-839-9654"", ""addr:city"": ""Oxon Hill"", ""addr:state"": ""MD"", ""addr:street"": ""Livingston Road"", ""addr:postcode"": ""20745"", ""addr:housenumber"": ""6216"", ""service:vehicle:brakes"": ""yes"", ""service:vehicle:repair"": ""yes"", ""service:vehicle:muffler"": ""yes"", ""service:vehicle:repairs"": ""yes"", ""service:vehicle:batteries"": ""yes"", ""service:vehicle:car_repair"": ""yes"", ""service:vehicle:electrical"": ""yes"", ""service:vehicle:inspection"": ""yes"", ""service:vehicle:diagnostics"": ""yes"", ""service:vehicle:transmission"": ""yes"", ""service:vehicle:truck_repair"": ""yes"", ""service:vehicle:air_conditioning"": ""yes""}",443812,I 95,CAPITAL BELTWAY,233,t
node/12474359482,Scott's 24 Hour Towing,,,t,,,POINT(-91.4897224 39.3105378),osm_truck_repair_overpass,8063,2026-08-18 07:03:05.046159+00,2026-08-18 07:00:34+00,,,,,,{},"{""name"": ""Scott's 24 Hour Towing"", ""shop"": ""car_repair"", ""phone"": ""+1 573 473-4227"", ""service:vehicle:towing"": ""yes"", ""service:vehicle:car_repair"": ""yes"", ""service:vehicle:truck_repair"": ""yes""}",371584,U 54,U 54,35,t
node/12509557405,Speedco,Speedco,,t,,,POINT(-80.8518082 41.787216),osm_truck_repair_overpass,8063,2026-08-18 07:03:05.046159+00,2026-08-18 07:00:34+00,,,,,,{},"{""name"": ""Speedco"", ""shop"": ""truck_repair"", ""brand"": ""Speedco"", ""phone"": ""+1 440-275-1502"", ""website"": ""https://www.loves.com/locations/903"", ""brand:wikidata"": ""Q112455073""}",433311,I 90,I 90,126,t
node/12509565477,Speedco,Speedco,,t,,,POINT(-98.3614661 29.4483641),osm_truck_repair_overpass,8063,2026-08-18 07:03:05.046159+00,2026-08-18 07:00:34+00,,,,,,{},"{""name"": ""Speedco"", ""shop"": ""truck_repair"", ""brand"": ""Speedco"", ""phone"": ""+1 210-666-9020"", ""website"": ""https://www.loves.com/locations/946"", ""brand:wikidata"": ""Q112455073""}",132954,I 10,I 10,364,t
node/12509594046,Speedco,Speedco,,t,,,POINT(-85.2986786 38.459747),osm_truck_repair_overpass,8063,2026-08-18 07:03:05.046159+00,2026-08-18 07:00:34+00,,,,,,{},"{""name"": ""Speedco"", ""shop"": ""truck_repair"", ""brand"": ""Speedco"", ""phone"": ""+1 502-743-0205"", ""website"": ""https://www.loves.com/locations/953"", ""brand:wikidata"": ""Q112455073""}",389780,I 71,I 71,403,t
node/12529158313,Boss Truck Shop,Boss Truck Shop,,t,,,POINT(-93.4993306 41.6596574),osm_truck_repair_overpass,8063,2026-08-18 07:03:05.046159+00,2026-08-18 07:00:34+00,,,,,,{},"{""name"": ""Boss Truck Shop"", ""shop"": ""truck_repair"", ""brand"": ""Boss Truck Shop"", ""phone"": ""+1 515-967-6687"", ""website"": ""https://bosstruckshops.com/locations/altoona-ia-boss-truck-shop/"", ""service:vehicle:truck_repair"": ""yes""}",297707,I 80,I 80,252,t
node/12529162887,Boss Truck Shop,Boss Truck Shop,,t,,,POINT(-102.0700747 41.0517997),osm_truck_repair_overpass,8063,2026-08-18 07:03:05.046159+00,2026-08-18 07:00:34+00,,,,,,{},"{""name"": ""Boss Truck Shop"", ""shop"": ""truck_repair"", ""brand"": ""Boss Truck Shop"", ""phone"": ""+1 308-889-3693"", ""website"": ""https://bosstruckshops.com/locations/big-springs-ne-boss-truck-shop/"", ""service:vehicle:truck_repair"": ""yes""}",108711,U 25,U 25,151,t
node/12529163895,Boss Truck Shop,Boss Truck Shop,,t,,,POINT(-97.1674526 34.1996594),osm_truck_repair_overpass,8063,2026-08-18 07:03:05.046159+00,2026-08-18 07:00:34+00,,,,,,{},"{""name"": ""Boss Truck Shop"", ""shop"": ""truck_repair"", ""brand"": ""Boss Truck Shop"", ""phone"": ""+1 580-319-7214"", ""website"": ""https://bosstruckshops.com/locations/ardmore-ok-boss-truck-shop/"", ""service:vehicle:truck_repair"": ""yes""}",195711,I 35,I 35,338,t
node/12529163896,Boss Truck Shop,Boss Truck Shop,,t,,,POINT(-92.1001107 37.8366045),osm_truck_repair_overpass,8063,2026-08-18 07:03:05.046159+00,2026-08-18 07:00:34+00,,,,,,{},"{""name"": ""Boss Truck Shop"", ""shop"": ""truck_repair"", ""brand"": ""Boss Truck Shop"", ""phone"": ""+1 573-336-4371"", ""website"": ""https://bosstruckshops.com/locations/saint-robert-mo-boss-truck-shop/"", ""service:vehicle:truck_repair"": ""yes""}",371387,I 44,I 44,232,t
node/12529166199,Boss Truck Shop,Boss Truck Shop,,t,,,POINT(-96.7687798 43.6043784),osm_truck_repair_overpass,8063,2026-08-18 07:03:05.046159+00,2026-08-18 07:00:34+00,,,,,,{},"{""name"": ""Boss Truck Shop"", ""shop"": ""truck_repair"", ""brand"": ""Boss Truck Shop"", ""phone"": ""+1 605-336-6198"", ""website"": ""https://bosstruckshops.com/locations/sioux-falls-sd-boss-truck-shop/"", ""service:vehicle:truck_repair"": ""yes""}",323433,I 29,I 29,162,t
node/12529167215,Boss Truck Shop,Boss Truck Shop,,t,,,POINT(-92.245768 42.4610227),osm_truck_repair_overpass,8063,2026-08-18 07:03:05.046159+00,2026-08-18 07:00:34+00,,,,,,{},"{""name"": ""Boss Truck Shop"", ""shop"": ""truck_repair"", ""brand"": ""Boss Truck Shop"", ""phone"": ""+1 319-233-3096"", ""website"": ""https://bosstruckshops.com/locations/elk-run-heights-ia-boss-truck-shop/"", ""service:vehicle:truck_repair"": ""yes""}",396104,I 380,I 380,714,t
node/12529167222,Boss Truck Shop,Boss Truck Shop,,t,,,POINT(-81.8018174 26.654986),osm_truck_repair_overpass,8063,2026-08-18 07:03:05.046159+00,2026-08-18 07:00:34+00,,,,,,{},"{""name"": ""Boss Truck Shop"", ""shop"": ""truck_repair"", ""brand"": ""Boss Truck Shop"", ""service:vehicle:truck_repair"": ""yes""}",185881,I 75,I 75,252,t
node/12586851559,Speedco,Speedco,CA,t,,,POINT(-121.1738079 37.4612373),osm_truck_repair_overpass,8063,2026-08-18 07:03:05.046159+00,2026-08-18 07:00:34+00,,,,,,{},"{""name"": ""Speedco"", ""shop"": ""truck_repair"", ""brand"": ""Speedco"", ""addr:city"": ""Patterson"", ""addr:state"": ""CA"", ""addr:street"": ""South Rogers Road"", ""addr:postcode"": ""95363"", ""brand:wikidata"": ""Q112455073"", ""addr:housenumber"": ""93""}",30325,I 5,I 5,320,t
node/12616153728,"Badger Truck Services, LLC",,WI,t,,,POINT(-89.0612476 43.3822573),osm_truck_repair_overpass,8063,2026-08-18 07:03:05.046159+00,2026-08-18 07:00:34+00,,,,,,{},"{""fax"": ""+1 920-484-5818"", ""name"": ""Badger Truck Services, LLC"", ""shop"": ""car_repair"", ""email"": ""info@badgerexpress.com"", ""phone"": ""+1 920-484-6860"", ""website"": ""https://www.badgerlogistics.com/services/truck-service-center"", ""addr:city"": ""Fall River"", ""addr:state"": ""WI"", ""addr:street"": ""Quality Court"", ""description"": ""Truck, Tractor & Trailer repair service."", ""addr:postcode"": ""53932"", ""opening_hours"": ""Mo-Fr 05:00-17:00"", ""addr:housenumber"": ""181"", ""service:vehicle:truck_repair"": ""yes""}",474881,S 16,S 16,581,t
node/12647291071,Love's Truck Care,Love's,,t,,,POINT(-86.8499061 40.4510462),osm_truck_repair_overpass,8063,2026-08-18 07:03:05.046159+00,2026-08-18 07:00:34+00,,,,,,{},"{""name"": ""Love's Truck Care"", ""shop"": ""truck_repair"", ""brand"": ""Love's"", ""website"": ""https://www.loves.com/locations/874"", ""brand:wikidata"": ""Q1872496""}",5029,I 65,I 65,336,t
node/12659998867,Sapp Brothers Service Center,Sapp Bros.,,t,,,POINT(-89.1510621 41.3662996),osm_truck_repair_overpass,8063,2026-08-18 07:03:05.046159+00,2026-08-18 07:00:34+00,,,,,,{},"{""name"": ""Sapp Brothers Service Center"", ""shop"": ""car_repair"", ""brand"": ""Sapp Bros."", ""brand:wikidata"": ""Q137965281"", ""service:vehicle:truck_repair"": ""yes""}",382064,I 80,I 80,169,t
node/12660005872,Sapp Brothers Service Center,Sapp Bros.,,t,,,POINT(-96.1429533 41.1606883),osm_truck_repair_overpass,8063,2026-08-18 07:03:05.046159+00,2026-08-18 07:00:34+00,,,,,,{},"{""name"": ""Sapp Brothers Service Center"", ""shop"": ""car_repair"", ""brand"": ""Sapp Bros."", ""website"": ""https://www.sappbros.net/location/omaha-ne-service-center/"", ""operator"": ""Sapp Bros."", ""brand:wikidata"": ""Q137965281"", ""operator:wikidata"": ""Q137965281"", ""service:vehicle:truck_repair"": ""yes""}",282948,I 80,I 80,131,t
node/12662338647,Sapp Brothers Service Center,Sapp Bros.,,t,,,POINT(-104.6624753 41.1574734),osm_truck_repair_overpass,8063,2026-08-18 07:03:05.046159+00,2026-08-18 07:00:34+00,,,,,,{},"{""fax"": ""+1 307-635-8549"", ""name"": ""Sapp Brothers Service Center"", ""shop"": ""car_repair"", ""brand"": ""Sapp Bros."", ""phone"": ""+1 307-632-6600"", ""website"": ""https://www.sappbros.net/location/cheyenne-wy-service-center/"", ""brand:wikidata"": ""Q137965281"", ""service:vehicle:truck_repair"": ""yes""}",99676,U 30,U 30,201,t
node/12662360172,Sapp Brothers Service Center,Sapp Bros.,,t,,,POINT(-78.3939153 41.0425634),osm_truck_repair_overpass,8063,2026-08-18 07:03:05.046159+00,2026-08-18 07:00:34+00,,,,,,{},"{""fax"": ""+1 814-765-2650"", ""name"": ""Sapp Brothers Service Center"", ""shop"": ""car_repair"", ""brand"": ""Sapp Bros."", ""phone"": ""+1 814-765-5321"", ""website"": ""https://www.sappbros.net/travel-centers/locations/clearfield/"", ""brand:wikidata"": ""Q137965281"", ""service:vehicle:truck_repair"": ""yes""}",443075,I 80,Z H CONFAIR MEMORIAL HWY,372,t
node/12777203045,Speedco,Speedco,,t,,,POINT(-80.6585011 40.9641523),osm_truck_repair_overpass,8063,2026-08-18 07:03:05.046159+00,2026-08-18 07:00:34+00,,,,,,{},"{""name"": ""Speedco"", ""shop"": ""truck_repair"", ""brand"": ""Speedco"", ""brand:wikidata"": ""Q112455073""}",435198,S 7,S 7,89,t
node/12828556196,TruckSmart Service & Parts,,,t,,,POINT(-74.8123274 40.1972143),osm_truck_repair_overpass,8063,2026-08-18 07:03:05.046159+00,2026-08-18 07:00:34+00,,,,,,{},"{""name"": ""TruckSmart Service & Parts"", ""shop"": ""car_repair"", ""phone"": ""+1-833-462-8897"", ""website"": ""https://trucksmartisuzu.com/"", ""opening_hours"": ""Mo-Fr 07:30-17:00"", ""contact:facebook"": ""https://www.facebook.com/TruckSmartIsuzu/"", ""contact:instagram"": ""https://www.instagram.com/trucksmartsales/"", ""service:vehicle:car_repair"": ""yes"", ""service:vehicle:truck_repair"": ""yes""}",455769,U 1,MARTIN L KING JR EXWY,880,t
node/12921947304,TAG Automotive,,OK,t,,,POINT(-97.0484911 36.0689066),osm_truck_repair_overpass,8063,2026-08-18 07:03:05.046159+00,2026-08-18 07:00:34+00,,,,,,{},"{""name"": ""TAG Automotive"", ""shop"": ""car_repair"", ""phone"": ""+1 405 466 0154"", ""operator"": ""Craig Tirey"", ""addr:city"": ""Stillwater"", ""addr:state"": ""OK"", ""addr:street"": ""East 46th Avenue"", ""payment:cash"": ""yes"", ""payment:visa"": ""yes"", ""addr:postcode"": ""74074"", ""opening_hours"": ""Mo-Fr 08:00-17:00"", ""addr:housenumber"": ""801"", ""payment:mastercard"": ""yes"", ""payment:debit_cards"": ""yes"", ""payment:credit_cards"": ""yes"", ""payment:discover_card"": ""yes"", ""service:vehicle:brakes"": ""yes"", ""service:vehicle:car_repair"": ""yes"", ""service:vehicle:electrical"": ""yes"", ""service:vehicle:inspection"": ""yes"", ""service:vehicle:oil_change"": ""yes"", ""service:vehicle:diagnostics"": ""yes"", ""service:vehicle:transmission"": ""yes"", ""service:vehicle:truck_repair"": ""yes"", ""service:vehicle:air_conditioning"": ""yes""}",199965,U 177,U 177,252,t
node/12945459701,M&K Truck Center,,,t,,,POINT(-78.3170708 40.5783321),osm_truck_repair_overpass,8063,2026-08-18 07:03:05.046159+00,2026-08-18 07:00:34+00,,,,,,{},"{""name"": ""M&K Truck Center"", ""shop"": ""truck_repair""}",442815,I 99,I 99,87,t
node/13015018187,TA Truck Service,,,t,,,POINT(-99.1174051 28.8996217),osm_truck_repair_overpass,8063,2026-08-18 07:03:05.046159+00,2026-08-18 07:00:34+00,,,,,,{},"{""name"": ""TA Truck Service"", ""shop"": ""car_repair"", ""contact:facebook"": ""https://www.facebook.com/TATruckServicePearsallTX/"", ""service:vehicle:truck_repair"": ""yes""}",127925,I 35,I 35,281,t
node/13015029492,TA Truck Service,,,t,,,POINT(-89.4981587 43.4885777),osm_truck_repair_overpass,8063,2026-08-18 07:03:05.046159+00,2026-08-18 07:00:34+00,,,,,,{},"{""name"": ""TA Truck Service"", ""shop"": ""car_repair"", ""contact:facebook"": ""https://www.facebook.com/TATruckServicePortageWI/"", ""service:vehicle:truck_repair"": ""yes""}",474165,I 90,I 90,361,t
node/13015035357,,,,t,,,POINT(-86.8712515 34.0551039),osm_truck_repair_overpass,8063,2026-08-18 07:03:05.046159+00,2026-08-18 07:00:34+00,,,,,,{},"{""shop"": ""car_repair"", ""service:vehicle:truck_repair"": ""yes""}",383153,I 65,I 65,451,t
node/13015037119,TA Truck Service,,,t,,,POINT(-88.197856 41.3437763),osm_truck_repair_overpass,8063,2026-08-18 07:03:05.046159+00,2026-08-18 07:00:34+00,,,,,,{},"{""name"": ""TA Truck Service"", ""shop"": ""car_repair"", ""website"": ""https://www.ta-petro.com/location/il/petro-wilmington/"", ""contact:facebook"": ""https://www.facebook.com/TATruckServiceWilmingtonIL/"", ""service:vehicle:truck_repair"": ""yes""}",382261,I 55,I 55,531,t
node/13015037793,,,,t,,,POINT(-90.4883632 35.1375512),osm_truck_repair_overpass,8063,2026-08-18 07:03:05.046159+00,2026-08-18 07:00:34+00,,,,,,{},"{""shop"": ""car_repair"", ""service:vehicle:truck_repair"": ""yes""}",360998,I 40,I 40,560,t
node/13015047556,,,,t,,,POINT(-80.5669901 40.0701079),osm_truck_repair_overpass,8063,2026-08-18 07:03:05.046159+00,2026-08-18 07:00:34+00,,,,,,{},"{""shop"": ""car_repair"", ""service:vehicle:truck_repair"": ""yes""}",433627,I 70,I 70,193,t
node/13015050264,TA Truck Service,,,t,,,POINT(-93.3155215 43.6576498),osm_truck_repair_overpass,8063,2026-08-18 07:03:05.046159+00,2026-08-18 07:00:34+00,,,,,,{},"{""name"": ""TA Truck Service"", ""shop"": ""car_repair"", ""service:vehicle:truck_repair"": ""yes""}",342652,I 35,I 35,330,t
node/13015052820,,,,t,,,POINT(-72.2624874 41.9167069),osm_truck_repair_overpass,8063,2026-08-18 07:03:05.046159+00,2026-08-18 07:00:34+00,,,,,,{},"{""shop"": ""car_repair"", ""service:vehicle:truck_repair"": ""yes""}",461365,I 84,I 84,190,t
node/13015054059,,,,t,,,POINT(-97.6561672 35.4576572),osm_truck_repair_overpass,8063,2026-08-18 07:03:05.046159+00,2026-08-18 07:00:34+00,,,,,,{},"{""shop"": ""car_repair"", ""service:vehicle:truck_repair"": ""yes""}",195473,I 40,I 40,291,t
node/13015055767,,,,t,,,POINT(-79.5629856 36.0636923),osm_truck_repair_overpass,8063,2026-08-18 07:03:05.046159+00,2026-08-18 07:00:34+00,,,,,,{},"{""shop"": ""car_repair"", ""service:vehicle:truck_repair"": ""yes""}",438318,I 40,I 40,219,t
node/13015060361,TA Truck Service,,,t,,,POINT(-79.7338423 34.2686881),osm_truck_repair_overpass,8063,2026-08-18 07:03:05.046159+00,2026-08-18 07:00:34+00,,,,,,{},"{""name"": ""TA Truck Service"", ""shop"": ""car_repair"", ""contact:facebook"": ""https://www.facebook.com/TATruckServiceFlorenceSC/"", ""service:vehicle:truck_repair"": ""yes""}",408785,I 95,I 95,432,t
node/13015061383,,,,t,,,POINT(-78.232339 40.0010693),osm_truck_repair_overpass,8063,2026-08-18 07:03:05.046159+00,2026-08-18 07:00:34+00,,,,,,{},"{""shop"": ""car_repair"", ""service:vehicle:truck_repair"": ""yes""}",442751,I 70,I 70,586,t
node/13015063507,,,,t,,,POINT(-75.0963633 40.9320818),osm_truck_repair_overpass,8063,2026-08-18 07:03:05.046159+00,2026-08-18 07:00:34+00,,,,,,{},"{""shop"": ""car_repair"", ""service:vehicle:truck_repair"": ""yes""}",456235,I 80,I 80,202,t
node/13015065550,,,,t,,,POINT(-106.810981 32.297898),osm_truck_repair_overpass,8063,2026-08-18 07:03:05.046159+00,2026-08-18 07:00:34+00,,,,,,{},"{""shop"": ""car_repair"", ""service:vehicle:truck_repair"": ""yes""}",24068,I 10,I 10,450,t
node/13015068707,TA Truck Service,,,t,,,POINT(-78.1461597 35.584726),osm_truck_repair_overpass,8063,2026-08-18 07:03:05.046159+00,2026-08-18 07:00:34+00,,,,,,{},"{""name"": ""TA Truck Service"", ""shop"": ""car_repair"", ""service:vehicle:truck_repair"": ""yes""}",438047,I 95,I 95,505,t
node/13015069212,TA Truck Service,,,t,,,POINT(-79.3768939 37.8323233),osm_truck_repair_overpass,8063,2026-08-18 07:03:05.046159+00,2026-08-18 07:00:34+00,,,,,,{},"{""name"": ""TA Truck Service"", ""shop"": ""car_repair"", ""contact:facebook"": ""https://www.facebook.com/TATruckServiceLexingtonVA/"", ""service:vehicle:truck_repair"": ""yes""}",441218,U 11,U 11,95,t
node/13015069246,,,,t,,,POINT(-77.4626295 37.7602837),osm_truck_repair_overpass,8063,2026-08-18 07:03:05.046159+00,2026-08-18 07:00:34+00,,,,,,{},"{""shop"": ""car_repair"", ""service:vehicle:truck_repair"": ""yes""}",443257,I 95,I 95,262,t
node/13015072508,,,,t,,,POINT(-86.3321663 32.328004),osm_truck_repair_overpass,8063,2026-08-18 07:03:05.046159+00,2026-08-18 07:00:34+00,,,,,,{},"{""shop"": ""car_repair"", ""service:vehicle:truck_repair"": ""yes""}",184263,U 82,SOUTH BLVD,126,t
node/13015074285,,,,t,,,POINT(-87.4048951 41.5726422),osm_truck_repair_overpass,8063,2026-08-18 07:03:05.046159+00,2026-08-18 07:00:34+00,,,,,,{},"{""shop"": ""car_repair"", ""service:vehicle:truck_repair"": ""yes""}",4384,I 80,TRI-STATE HWY,319,t
node/13015076355,,,,t,,,POINT(-75.0751403 40.659808),osm_truck_repair_overpass,8063,2026-08-18 07:03:05.046159+00,2026-08-18 07:00:34+00,,,,,,{},"{""shop"": ""car_repair"", ""service:vehicle:truck_repair"": ""yes""}",455590,I 78,I 78,102,t
node/13015077616,,,,t,,,POINT(-100.8849594 38.0056992),osm_truck_repair_overpass,8063,2026-08-18 07:03:05.046159+00,2026-08-18 07:00:34+00,,,,,,{},"{""shop"": ""car_repair"", ""service:vehicle:truck_repair"": ""yes""}",104435,U 83,U 83,136,t
node/13015077652,,,,t,,,POINT(-97.6910815 35.4616596),osm_truck_repair_overpass,8063,2026-08-18 07:03:05.046159+00,2026-08-18 07:00:34+00,,,,,,{},"{""shop"": ""car_repair"", ""service:vehicle:truck_repair"": ""yes""}",195467,I 40,I 40,173,t
node/13015077985,,,,t,,,POINT(-108.836309 35.5058772),osm_truck_repair_overpass,8063,2026-08-18 07:03:05.046159+00,2026-08-18 07:00:34+00,,,,,,{},"{""shop"": ""car_repair"", ""service:vehicle:truck_repair"": ""yes""}",90632,I 40,I 40,428,t
node/13015083954,,,,t,,,POINT(-95.0290963 29.7964663),osm_truck_repair_overpass,8063,2026-08-18 07:03:05.046159+00,2026-08-18 07:00:34+00,,,,,,{},"{""shop"": ""car_repair"", ""service:vehicle:truck_repair"": ""yes""}",143587,I 10,BAYTOWN EAST FRWY,215,t
node/13015084326,,,,t,,,POINT(-87.950567 42.4856199),osm_truck_repair_overpass,8063,2026-08-18 07:03:05.046159+00,2026-08-18 07:00:34+00,,,,,,{},"{""shop"": ""car_repair"", ""service:vehicle:truck_repair"": ""yes""}",404175,I 94,TRI-STATE TOLLWY,256,t
node/13015084818,,,,t,,,POINT(-90.1975527 32.2799512),osm_truck_repair_overpass,8063,2026-08-18 07:03:05.046159+00,2026-08-18 07:00:34+00,,,,,,{},"{""shop"": ""car_repair"", ""service:vehicle:truck_repair"": ""yes""}",170064,I 20,I 20,456,t
node/13015084826,,,,t,,,POINT(-104.6407762 34.9440044),osm_truck_repair_overpass,8063,2026-08-18 07:03:05.046159+00,2026-08-18 07:00:34+00,,,,,,{},"{""shop"": ""car_repair"", ""service:vehicle:truck_repair"": ""yes""}",93826,U 84,U 84,163,t
node/13015084858,,,,t,,,POINT(-101.7590055 35.191094),osm_truck_repair_overpass,8063,2026-08-18 07:03:05.046159+00,2026-08-18 07:00:34+00,,,,,,{},"{""shop"": ""car_repair"", ""service:vehicle:truck_repair"": ""yes""}",95047,I 40,I 40,176,t
node/13015085176,,,,t,,,POINT(-89.3256766 43.1744235),osm_truck_repair_overpass,8063,2026-08-18 07:03:05.046159+00,2026-08-18 07:00:34+00,,,,,,{},"{""shop"": ""car_repair"", ""service:vehicle:truck_repair"": ""yes""}",474295,I 39,I 39,397,t
node/13015085179,,,,t,,,POINT(-96.4500569 32.9071125),osm_truck_repair_overpass,8063,2026-08-18 07:03:05.046159+00,2026-08-18 07:00:34+00,,,,,,{},"{""shop"": ""car_repair"", ""service:vehicle:truck_repair"": ""yes""}",145477,S 205,S 205,116,t
node/13015093171,,,,t,,,POINT(-117.5547195 34.0653477),osm_truck_repair_overpass,8063,2026-08-18 07:03:05.046159+00,2026-08-18 07:00:34+00,,,,,,{},"{""shop"": ""car_repair"", ""service:vehicle:truck_repair"": ""yes""}",34463,I 10,SAN BERNARDINO FRWY,222,t
node/13015093416,,,,t,,,POINT(-79.1014686 41.17203),osm_truck_repair_overpass,8063,2026-08-18 07:03:05.046159+00,2026-08-18 07:00:34+00,,,,,,{},"{""shop"": ""car_repair"", ""service:vehicle:truck_repair"": ""yes""}",442553,I 80,Z H CONFAIR MEMORIAL HWY,150,t
node/13015100176,,,,t,,,POINT(-84.6273436 39.8399228),osm_truck_repair_overpass,8063,2026-08-18 07:03:05.046159+00,2026-08-18 07:00:34+00,,,,,,{},"{""shop"": ""car_repair"", ""service:vehicle:truck_repair"": ""yes""}",391401,U 127,U 127,147,t
node/13015102660,,,,t,,,POINT(-76.7249778 40.3551355),osm_truck_repair_overpass,8063,2026-08-18 07:03:05.046159+00,2026-08-18 07:00:34+00,,,,,,{},"{""shop"": ""car_repair"", ""service:vehicle:truck_repair"": ""yes""}",445604,I 81,AMERICAN LEGION MEMORIAL HWY,430,t
node/13015103852,,,,t,,,POINT(-111.6170745 32.7734938),osm_truck_repair_overpass,8063,2026-08-18 07:03:05.046159+00,2026-08-18 07:00:34+00,,,,,,{},"{""shop"": ""car_repair"", ""service:vehicle:truck_repair"": ""yes""}",17100,I 10,I 10,183,t
node/13015103975,,,,t,,,POINT(-93.1156996 37.2744925),osm_truck_repair_overpass,8063,2026-08-18 07:03:05.046159+00,2026-08-18 07:00:34+00,,,,,,{},"{""shop"": ""car_repair"", ""service:vehicle:truck_repair"": ""yes""}",268974,I 44,I 44,196,t
node/13015105458,,,,t,,,POINT(-88.5100664 42.1448235),osm_truck_repair_overpass,8063,2026-08-18 07:03:05.046159+00,2026-08-18 07:00:34+00,,,,,,{},"{""shop"": ""car_repair"", ""service:vehicle:truck_repair"": ""yes""}",403725,I 90,NORTHWEST TOLLWY,158,t
node/13015105459,,,,t,,,POINT(-88.5666382 39.136356),osm_truck_repair_overpass,8063,2026-08-18 07:03:05.046159+00,2026-08-18 07:00:34+00,,,,,,{},"{""shop"": ""car_repair"", ""service:vehicle:truck_repair"": ""yes""}",381910,I 57,I 57,392,t
node/13015107213,,,,t,,,POINT(-93.5680394 38.9942558),osm_truck_repair_overpass,8063,2026-08-18 07:03:05.046159+00,2026-08-18 07:00:34+00,,,,,,{},"{""shop"": ""car_repair"", ""service:vehicle:truck_repair"": ""yes""}",291341,I 70,I 70,264,t
node/13015107476,,,,t,,,POINT(-84.1656429 40.5580371),osm_truck_repair_overpass,8063,2026-08-18 07:03:05.046159+00,2026-08-18 07:00:34+00,,,,,,{},"{""shop"": ""car_repair"", ""service:vehicle:truck_repair"": ""yes""}",394471,I 75,I 75,351,t
node/13015111711,,,,t,,,POINT(-81.9082582 41.0322434),osm_truck_repair_overpass,8063,2026-08-18 07:03:05.046159+00,2026-08-18 07:00:34+00,,,,,,{},"{""shop"": ""car_repair"", ""service:vehicle:truck_repair"": ""yes""}",423278,U 224,U 224,114,t
node/13015112109,,,,t,,,POINT(-83.4750894 33.5518096),osm_truck_repair_overpass,8063,2026-08-18 07:03:05.046159+00,2026-08-18 07:00:34+00,,,,,,{},"{""shop"": ""car_repair"", ""service:vehicle:truck_repair"": ""yes""}",187763,U 129,U 129,146,t
node/13015115146,,,,t,,,POINT(-112.2623777 40.6899432),osm_truck_repair_overpass,8063,2026-08-18 07:03:05.046159+00,2026-08-18 07:00:34+00,,,,,,{},"{""shop"": ""car_repair"", ""service:vehicle:truck_repair"": ""yes""}",80897,S 36,S 36,169,t
node/13015115505,,,,t,,,POINT(-84.6269318 38.9164332),osm_truck_repair_overpass,8063,2026-08-18 07:03:05.046159+00,2026-08-18 07:00:34+00,,,,,,{},"{""shop"": ""car_repair"", ""service:vehicle:truck_repair"": ""yes""}",390078,I 71,I 71,159,t
node/13015115827,,,,t,,,POINT(-87.4457458 33.1759176),osm_truck_repair_overpass,8063,2026-08-18 07:03:05.046159+00,2026-08-18 07:00:34+00,,,,,,{},"{""shop"": ""car_repair"", ""service:vehicle:truck_repair"": ""yes""}",184041,I 20,I 20,366,t
node/13015115830,,,,t,,,POINT(-88.5828978 32.3964708),osm_truck_repair_overpass,8063,2026-08-18 07:03:05.046159+00,2026-08-18 07:00:34+00,,,,,,{},"{""shop"": ""car_repair"", ""service:vehicle:truck_repair"": ""yes""}",181661,I 59,I 59,191,t
node/13015116105,,,,t,,,POINT(-82.1108562 34.9127832),osm_truck_repair_overpass,8063,2026-08-18 07:03:05.046159+00,2026-08-18 07:00:34+00,,,,,,{},"{""shop"": ""car_repair"", ""service:vehicle:truck_repair"": ""yes""}",406747,I 85,I 85,97,t
node/13015116637,,,,t,,,POINT(-83.3801687 39.9539027),osm_truck_repair_overpass,8063,2026-08-18 07:03:05.046159+00,2026-08-18 07:00:34+00,,,,,,{},"{""shop"": ""car_repair"", ""service:vehicle:truck_repair"": ""yes""}",414854,I 70,I 70,146,t
node/13015116641,,,,t,,,POINT(-82.5346653 39.9388146),osm_truck_repair_overpass,8063,2026-08-18 07:03:05.046159+00,2026-08-18 07:00:34+00,,,,,,{},"{""shop"": ""car_repair"", ""service:vehicle:truck_repair"": ""yes""}",419703,S 37,S 37,113,t
node/13015118558,,,,t,,,POINT(-114.0702081 35.1895552),osm_truck_repair_overpass,8063,2026-08-18 07:03:05.046159+00,2026-08-18 07:00:34+00,,,,,,{},"{""shop"": ""car_repair"", ""service:vehicle:truck_repair"": ""yes""}",68400,I 40,I 40,288,t
node/13015123066,,,,t,,,POINT(-79.9250731 42.1413451),osm_truck_repair_overpass,8063,2026-08-18 07:03:05.046159+00,2026-08-18 07:00:34+00,,,,,,{},"{""shop"": ""car_repair"", ""service:vehicle:truck_repair"": ""yes""}",448781,I 90,I 90,258,t
node/13015123083,,,,t,,,POINT(-107.223486 41.7749983),osm_truck_repair_overpass,8063,2026-08-18 07:03:05.046159+00,2026-08-18 07:00:34+00,,,,,,{},"{""shop"": ""car_repair"", ""service:vehicle:truck_repair"": ""yes""}",92040,I 80,I 80,363,t
node/13015123603,,,,t,,,POINT(-91.201348 32.388383),osm_truck_repair_overpass,8063,2026-08-18 07:03:05.046159+00,2026-08-18 07:00:34+00,,,,,,{},"{""shop"": ""car_repair"", ""service:vehicle:truck_repair"": ""yes""}",169114,U 65,U 65,196,t
node/13015123614,,,,t,,,POINT(-85.8365867 38.9571834),osm_truck_repair_overpass,8063,2026-08-18 07:03:05.046159+00,2026-08-18 07:00:34+00,,,,,,{},"{""shop"": ""car_repair"", ""service:vehicle:truck_repair"": ""yes""}",8155,U 50,U 50,123,t
node/13015128893,,,,t,,,POINT(-83.4608187 41.5207994),osm_truck_repair_overpass,8063,2026-08-18 07:03:05.046159+00,2026-08-18 07:00:34+00,,,,,,{},"{""shop"": ""car_repair"", ""service:vehicle:truck_repair"": ""yes""}",418546,S 420,S 420,191,t
node/13015128922,,,,t,,,POINT(-122.8073765 45.2363847),osm_truck_repair_overpass,8063,2026-08-18 07:03:05.046159+00,2026-08-18 07:00:34+00,,,,,,{},"{""shop"": ""car_repair"", ""service:vehicle:truck_repair"": ""yes""}",38694,I 5,PACIFIC HWY,133,t
node/13015129997,,,,t,,,POINT(-86.6179436 36.0147951),osm_truck_repair_overpass,8063,2026-08-18 07:03:05.046159+00,2026-08-18 07:00:34+00,,,,,,{},"{""shop"": ""car_repair"", ""service:vehicle:truck_repair"": ""yes""}",384843,I 24,I 24,216,t
node/13015131549,,,,t,,,POINT(-77.5203413 41.028052),osm_truck_repair_overpass,8063,2026-08-18 07:03:05.046159+00,2026-08-18 07:00:34+00,,,,,,{},"{""shop"": ""car_repair"", ""service:vehicle:truck_repair"": ""yes""}",445687,I 80,Z H CONFAIR MEMORIAL HWY,295,t
node/13015132924,,,,t,,,POINT(-84.6447243 38.9997674),osm_truck_repair_overpass,8063,2026-08-18 07:03:05.046159+00,2026-08-18 07:00:34+00,,,,,,{},"{""shop"": ""car_repair"", ""service:vehicle:truck_repair"": ""yes""}",390080,I 71,I 71,227,t
node/13015135539,,,,t,,,POINT(-122.3345956 40.5043634),osm_truck_repair_overpass,8063,2026-08-18 07:03:05.046159+00,2026-08-18 07:00:34+00,,,,,,{},"{""shop"": ""car_repair"", ""service:vehicle:truck_repair"": ""yes""}",29580,I 5,I 5,186,t
node/13015135541,,,,t,,,POINT(-95.8538809 41.228709),osm_truck_repair_overpass,8063,2026-08-18 07:03:05.046159+00,2026-08-18 07:00:34+00,,,,,,{},"{""shop"": ""car_repair"", ""service:vehicle:truck_repair"": ""yes""}",285422,I 80,I 80,367,t
node/13015135634,,,,t,,,POINT(-88.3331573 30.4986294),osm_truck_repair_overpass,8063,2026-08-18 07:03:05.046159+00,2026-08-18 07:00:34+00,,,,,,{},"{""shop"": ""car_repair"", ""service:vehicle:truck_repair"": ""yes""}",177145,I 10,I 10,210,t
node/13015138487,,,,t,,,POINT(-106.6251737 35.1111149),osm_truck_repair_overpass,8063,2026-08-18 07:03:05.046159+00,2026-08-18 07:00:34+00,,,,,,{},"{""shop"": ""car_repair"", ""service:vehicle:truck_repair"": ""yes""}",91101,I 25,I 25,152,t
node/13015138640,,,,t,,,POINT(-81.9345586 38.454305),osm_truck_repair_overpass,8063,2026-08-18 07:03:05.046159+00,2026-08-18 07:00:34+00,,,,,,{},"{""shop"": ""car_repair"", ""service:vehicle:truck_repair"": ""yes""}",412522,I 64,I 64,167,t
node/13015139201,,,,t,,,POINT(-88.9775701 42.7139971),osm_truck_repair_overpass,8063,2026-08-18 07:03:05.046159+00,2026-08-18 07:00:34+00,,,,,,{},"{""shop"": ""car_repair"", ""service:vehicle:truck_repair"": ""yes""}",474625,I 39,I 39,535,t
node/13015139329,,,,t,,,POINT(-79.976023 41.1986107),osm_truck_repair_overpass,8063,2026-08-18 07:03:05.046159+00,2026-08-18 07:00:34+00,,,,,,{},"{""shop"": ""car_repair"", ""service:vehicle:truck_repair"": ""yes""}",436269,I 80,Z H CONFAIR MEMORIAL HWY,308,t
node/13015140530,,,,t,,,POINT(-83.875747 42.2964192),osm_truck_repair_overpass,8063,2026-08-18 07:03:05.046159+00,2026-08-18 07:00:34+00,,,,,,{},"{""shop"": ""car_repair"", ""service:vehicle:truck_repair"": ""yes""}",447780,I 94,I 94,225,t
node/13015143112,,,,t,,,POINT(-83.3626002 41.9281163),osm_truck_repair_overpass,8063,2026-08-18 07:03:05.046159+00,2026-08-18 07:00:34+00,,,,,,{},"{""shop"": ""car_repair"", ""service:vehicle:truck_repair"": ""yes""}",417222,S 50,S 50,217,t
node/13015143197,,,,t,,,POINT(-77.4474067 37.72504),osm_truck_repair_overpass,8063,2026-08-18 07:03:05.046159+00,2026-08-18 07:00:34+00,,,,,,{},"{""shop"": ""car_repair"", ""service:vehicle:truck_repair"": ""yes""}",405975,I 95,I 95,207,t
node/13015144710,,,,t,,,POINT(-101.7116082 41.1139329),osm_truck_repair_overpass,8063,2026-08-18 07:03:05.046159+00,2026-08-18 07:00:34+00,,,,,,{},"{""shop"": ""car_repair"", ""service:vehicle:truck_repair"": ""yes""}",107718,I 80,I 80,114,t
node/13015146002,,,,t,,,POINT(-84.8077771 34.2744178),osm_truck_repair_overpass,8063,2026-08-18 07:03:05.046159+00,2026-08-18 07:00:34+00,,,,,,{},"{""shop"": ""car_repair"", ""service:vehicle:truck_repair"": ""yes""}",386672,I 75,I 75,335,t
node/13015146238,,,,t,,,POINT(-89.0262562 40.4886497),osm_truck_repair_overpass,8063,2026-08-18 07:03:05.046159+00,2026-08-18 07:00:34+00,,,,,,{},"{""shop"": ""car_repair"", ""service:vehicle:truck_repair"": ""yes""}",382094,I 55,I 55,183,t
node/13015146463,TA Truck Service,,,t,,,POINT(-99.595423 35.3352921),osm_truck_repair_overpass,8063,2026-08-18 07:03:05.046159+00,2026-08-18 07:00:34+00,,,,,,{},"{""name"": ""TA Truck Service"", ""shop"": ""car_repair"", ""service:vehicle:truck_repair"": ""yes""}",189888,I 40,I 40,86,t
node/13015146581,,,,t,,,POINT(-81.0674045 36.9645928),osm_truck_repair_overpass,8063,2026-08-18 07:03:05.046159+00,2026-08-18 07:00:34+00,,,,,,{},"{""shop"": ""car_repair"", ""service:vehicle:truck_repair"": ""yes""}",409596,I 77,I 77,167,t
node/13015146962,,,,t,,,POINT(-100.8100855 39.1179968),osm_truck_repair_overpass,8063,2026-08-18 07:03:05.046159+00,2026-08-18 07:00:34+00,,,,,,{},"{""shop"": ""car_repair"", ""service:vehicle:truck_repair"": ""yes""}",106673,U 40,U 40,159,t
node/13015146964,,,,t,,,POINT(-96.7518201 32.653348),osm_truck_repair_overpass,8063,2026-08-18 07:03:05.046159+00,2026-08-18 07:00:34+00,,,,,,{},"{""shop"": ""car_repair"", ""service:vehicle:truck_repair"": ""yes""}",139343,I 20,LYNDON B JOHNSON FRWY,160,t
node/13015148466,,,,t,,,POINT(-98.3621863 29.4432671),osm_truck_repair_overpass,8063,2026-08-18 07:03:05.046159+00,2026-08-18 07:00:34+00,,,,,,{},"{""shop"": ""car_repair"", ""service:vehicle:truck_repair"": ""yes""}",132889,I 10,I 10,143,t
node/13015148844,,,,t,,,POINT(-86.5996832 41.8834828),osm_truck_repair_overpass,8063,2026-08-18 07:03:05.046159+00,2026-08-18 07:00:34+00,,,,,,{},"{""shop"": ""car_repair"", ""service:vehicle:truck_repair"": ""yes""}",389512,I 94,I 94,135,t
node/13015149691,,,,t,,,POINT(-72.9101765 41.5652359),osm_truck_repair_overpass,8063,2026-08-18 07:03:05.046159+00,2026-08-18 07:00:34+00,,,,,,{},"{""shop"": ""car_repair"", ""service:vehicle:truck_repair"": ""yes""}",460315,I 84,I 84,159,t
node/13015149920,,,,t,,,POINT(-76.7826332 39.1666594),osm_truck_repair_overpass,8063,2026-08-18 07:03:05.046159+00,2026-08-18 07:00:34+00,,,,,,{},"{""shop"": ""car_repair"", ""service:vehicle:truck_repair"": ""yes""}",443775,I 95,I 95,1337,t
node/13015158889,,,,t,,,POINT(-78.4078762 43.0048276),osm_truck_repair_overpass,8063,2026-08-18 07:03:05.046159+00,2026-08-18 07:00:34+00,,,,,,{},"{""shop"": ""car_repair"", ""service:vehicle:truck_repair"": ""yes""}",450745,I 90,NEW YORK STATE THWY,106,t
node/13015161304,,,,t,,,POINT(-104.9049523 39.7900081),osm_truck_repair_overpass,8063,2026-08-18 07:03:05.046159+00,2026-08-18 07:00:34+00,,,,,,{},"{""shop"": ""car_repair"", ""service:vehicle:truck_repair"": ""yes""}",92943,I 270,I 270,155,t
node/13015163824,,,,t,,,POINT(-99.4631687 27.6876537),osm_truck_repair_overpass,8063,2026-08-18 07:03:05.046159+00,2026-08-18 07:00:34+00,,,,,,{},"{""shop"": ""car_repair"", ""service:vehicle:truck_repair"": ""yes""}",127697,I 35,I 35,162,t
node/13015164112,,,,t,,,POINT(-117.5601536 34.0652588),osm_truck_repair_overpass,8063,2026-08-18 07:03:05.046159+00,2026-08-18 07:00:34+00,,,,,,{},"{""shop"": ""car_repair"", ""service:vehicle:truck_repair"": ""yes""}",34289,I 10,SAN BERNARDINO FRWY,235,t
node/13015165178,,,,t,,,POINT(-93.4272623 33.8127849),osm_truck_repair_overpass,8063,2026-08-18 07:03:05.046159+00,2026-08-18 07:00:34+00,,,,,,{},"{""shop"": ""car_repair"", ""service:vehicle:truck_repair"": ""yes""}",262387,I 30,I 30,443,t
node/13015166825,,,,t,,,POINT(-119.7355498 39.5350458),osm_truck_repair_overpass,8063,2026-08-18 07:03:05.046159+00,2026-08-18 07:00:34+00,,,,,,{},"{""shop"": ""car_repair"", ""service:vehicle:truck_repair"": ""yes""}",36343,I 80,I 80,309,t
node/13015167057,,,,t,,,POINT(-98.1433703 26.3851108),osm_truck_repair_overpass,8063,2026-08-18 07:03:05.046159+00,2026-08-18 07:00:34+00,,,,,,{},"{""shop"": ""car_repair"", ""service:vehicle:truck_repair"": ""yes""}",128494,I 69,I 69,95,t
node/13015167067,,,,t,,,POINT(-81.4959571 30.0662992),osm_truck_repair_overpass,8063,2026-08-18 07:03:05.046159+00,2026-08-18 07:00:34+00,,,,,,{},"{""shop"": ""car_repair"", ""service:vehicle:truck_repair"": ""yes""}",188072,I 95,I 95,212,t
node/13015167671,,,,t,,,POINT(-118.0560592 40.6943818),osm_truck_repair_overpass,8063,2026-08-18 07:03:05.046159+00,2026-08-18 07:00:34+00,,,,,,{},"{""shop"": ""car_repair"", ""service:vehicle:truck_repair"": ""yes""}",36616,I 80,I 80,179,t
node/13015167951,,,,t,,,POINT(-92.0385446 30.2521398),osm_truck_repair_overpass,8063,2026-08-18 07:03:05.046159+00,2026-08-18 07:00:34+00,,,,,,{},"{""shop"": ""car_repair"", ""service:vehicle:truck_repair"": ""yes""}",160599,I 10,I 10,205,t
node/13015169029,,,,t,,,POINT(-76.492964 41.0131528),osm_truck_repair_overpass,8063,2026-08-18 07:03:05.046159+00,2026-08-18 07:00:34+00,,,,,,{},"{""shop"": ""car_repair"", ""service:vehicle:truck_repair"": ""yes""}",447100,I 80,Z H CONFAIR MEMORIAL HWY,128,t
node/13015172985,,,,t,,,POINT(-119.3956979 35.4011849),osm_truck_repair_overpass,8063,2026-08-18 07:03:05.046159+00,2026-08-18 07:00:34+00,,,,,,{},"{""shop"": ""car_repair"", ""service:vehicle:truck_repair"": ""yes""}",31139,I 5,I 5,271,t
node/13015174069,,,,t,,,POINT(-117.0908663 34.8531855),osm_truck_repair_overpass,8063,2026-08-18 07:03:05.046159+00,2026-08-18 07:00:34+00,,,,,,{},"{""shop"": ""car_repair"", ""service:vehicle:truck_repair"": ""yes""}",67112,I 15,I 15,521,t
node/13015174944,,,,t,,,POINT(-82.3007043 28.0098599),osm_truck_repair_overpass,8063,2026-08-18 07:03:05.046159+00,2026-08-18 07:00:34+00,,,,,,{},"{""shop"": ""car_repair"", ""service:vehicle:truck_repair"": ""yes""}",186159,I 4,I 4,387,t
node/13015174946,,,,t,,,POINT(-93.5488951 45.1970214),osm_truck_repair_overpass,8063,2026-08-18 07:03:05.046159+00,2026-08-18 07:00:34+00,,,,,,{},"{""shop"": ""car_repair"", ""service:vehicle:truck_repair"": ""yes""}",355792,S 101,S 101,249,t
node/13015175142,,,,t,,,POINT(-72.7606675 41.2968221),osm_truck_repair_overpass,8063,2026-08-18 07:03:05.046159+00,2026-08-18 07:00:34+00,,,,,,{},"{""shop"": ""car_repair"", ""service:vehicle:truck_repair"": ""yes""}",460449,I 95,I 95,107,t
node/13015176219,,,,t,,,POINT(-86.8295485 35.8603428),osm_truck_repair_overpass,8063,2026-08-18 07:03:05.046159+00,2026-08-18 07:00:34+00,,,,,,{},"{""shop"": ""car_repair"", ""service:vehicle:truck_repair"": ""yes""}",384760,I 65,I 65,183,t
node/13015176220,,,,t,,,POINT(-90.9494618 38.8174815),osm_truck_repair_overpass,8063,2026-08-18 07:03:05.046159+00,2026-08-18 07:00:34+00,,,,,,{},"{""shop"": ""car_repair"", ""service:vehicle:truck_repair"": ""yes""}",371975,I 70,I 70,212,t
node/13015176237,,,,t,,,POINT(-120.7385901 37.3876047),osm_truck_repair_overpass,8063,2026-08-18 07:03:05.046159+00,2026-08-18 07:00:34+00,,,,,,{},"{""shop"": ""car_repair"", ""service:vehicle:truck_repair"": ""yes""}",30502,S 99,S 99,378,t
node/13015179272,,,,t,,,POINT(-121.0146377 37.1093736),osm_truck_repair_overpass,8063,2026-08-18 07:03:05.046159+00,2026-08-18 07:00:34+00,,,,,,{},"{""shop"": ""car_repair"", ""service:vehicle:truck_repair"": ""yes""}",30397,I 5,I 5,254,t
node/13015181870,,,,t,,,POINT(-98.4964576 40.7998373),osm_truck_repair_overpass,8063,2026-08-18 07:03:05.046159+00,2026-08-18 07:00:34+00,,,,,,{},"{""shop"": ""car_repair"", ""service:vehicle:truck_repair"": ""yes""}",238143,I 80,I 80,223,t
node/13015188602,,,,t,,,POINT(-83.46266 34.2518514),osm_truck_repair_overpass,8063,2026-08-18 07:03:05.046159+00,2026-08-18 07:00:34+00,,,,,,{},"{""shop"": ""car_repair"", ""service:vehicle:truck_repair"": ""yes""}",406177,U 441,U 441,95,t
node/13015188856,,,,t,,,POINT(-122.3954442 45.5430788),osm_truck_repair_overpass,8063,2026-08-18 07:03:05.046159+00,2026-08-18 07:00:34+00,,,,,,{},"{""shop"": ""car_repair"", ""service:vehicle:truck_repair"": ""yes""}",39443,I 84,COLUMBIA RIVER HWY,193,t
node/13015189907,,,,t,,,POINT(-92.6786417 44.9658569),osm_truck_repair_overpass,8063,2026-08-18 07:03:05.046159+00,2026-08-18 07:00:34+00,,,,,,{},"{""shop"": ""car_repair"", ""service:vehicle:truck_repair"": ""yes""}",471588,I 94,I 94,223,t
node/13015190847,,,,t,,,POINT(-80.5109641 27.6375636),osm_truck_repair_overpass,8063,2026-08-18 07:03:05.046159+00,2026-08-18 07:00:34+00,,,,,,{},"{""shop"": ""car_repair"", ""service:vehicle:truck_repair"": ""yes""}",187231,I 95,I 95,578,t
node/13015191596,,,,t,,,POINT(-106.0656863 35.0078829),osm_truck_repair_overpass,8063,2026-08-18 07:03:05.046159+00,2026-08-18 07:00:34+00,,,,,,{},"{""shop"": ""car_repair"", ""service:vehicle:truck_repair"": ""yes""}",91207,I 40,I 40,499,t
node/13015191735,,,,t,,,POINT(-86.3573563 39.9480406),osm_truck_repair_overpass,8063,2026-08-18 07:03:05.046159+00,2026-08-18 07:00:34+00,,,,,,{},"{""shop"": ""car_repair"", ""service:vehicle:truck_repair"": ""yes""}",5438,I 65,I 65,180,t
node/13015192727,,,,t,,,POINT(-110.508374 41.3144845),osm_truck_repair_overpass,8063,2026-08-18 07:03:05.046159+00,2026-08-18 07:00:34+00,,,,,,{},"{""shop"": ""car_repair"", ""service:vehicle:truck_repair"": ""yes""}",82543,I 80,I 80,192,t
node/13015194609,,,,t,,,POINT(-96.5044534 29.0489972),osm_truck_repair_overpass,8063,2026-08-18 07:03:05.046159+00,2026-08-18 07:00:34+00,,,,,,{},"{""shop"": ""car_repair"", ""service:vehicle:truck_repair"": ""yes""}",130687,U 59,U 59,228,t
node/13015194701,,,,t,,,POINT(-112.8283735 37.8608647),osm_truck_repair_overpass,8063,2026-08-18 07:03:05.046159+00,2026-08-18 07:00:34+00,,,,,,{},"{""shop"": ""car_repair"", ""service:vehicle:truck_repair"": ""yes""}",80474,I 15,I 15,186,t
node/13015195393,,,,t,,,POINT(-89.9094111 38.7342555),osm_truck_repair_overpass,8063,2026-08-18 07:03:05.046159+00,2026-08-18 07:00:34+00,,,,,,{},"{""shop"": ""car_repair"", ""service:vehicle:truck_repair"": ""yes""}",381732,I 55,I 55,215,t
node/13015201645,,,,t,,,POINT(-93.9492939 32.4463132),osm_truck_repair_overpass,8063,2026-08-18 07:03:05.046159+00,2026-08-18 07:00:34+00,,,,,,{},"{""shop"": ""car_repair"", ""service:vehicle:truck_repair"": ""yes""}",152871,I 20,I 20,251,t
node/13015204507,,,,t,,,POINT(-75.8425552 42.1017032),osm_truck_repair_overpass,8063,2026-08-18 07:03:05.046159+00,2026-08-18 07:00:34+00,,,,,,{},"{""shop"": ""car_repair"", ""service:vehicle:truck_repair"": ""yes""}",452875,I 17,I 17,689,t
node/13015204609,,,,t,,,POINT(-83.8692266 43.3513556),osm_truck_repair_overpass,8063,2026-08-18 07:03:05.046159+00,2026-08-18 07:00:34+00,,,,,,{},"{""shop"": ""car_repair"", ""service:vehicle:truck_repair"": ""yes""}",188992,I 75,I 75,363,t
node/13015204634,,,,t,,,POINT(-76.5493038 39.2779477),osm_truck_repair_overpass,8063,2026-08-18 07:03:05.046159+00,2026-08-18 07:00:34+00,,,,,,{},"{""shop"": ""car_repair"", ""service:vehicle:truck_repair"": ""yes""}",444217,I 95,I 95,190,t
node/13015207649,,,,t,,,POINT(-89.751213 30.287139),osm_truck_repair_overpass,8063,2026-08-18 07:03:05.046159+00,2026-08-18 07:00:34+00,,,,,,{},"{""shop"": ""car_repair"", ""service:vehicle:truck_repair"": ""yes""}",173194,I 10,I 10,245,t
node/13015208327,,,,t,,,POINT(-77.7133718 39.782246),osm_truck_repair_overpass,8063,2026-08-18 07:03:05.046159+00,2026-08-18 07:00:34+00,,,,,,{},"{""shop"": ""car_repair"", ""service:vehicle:truck_repair"": ""yes""}",442079,I 81,AMERICAN LEGION MEMORIAL HWY,94,t
node/13015211171,,,,t,,,POINT(-95.7267442 38.4271515),osm_truck_repair_overpass,8063,2026-08-18 07:03:05.046159+00,2026-08-18 07:00:34+00,,,,,,{},"{""shop"": ""car_repair"", ""service:vehicle:truck_repair"": ""yes""}",270907,U 75,U 75,163,t
node/13015212937,,,,t,,,POINT(-82.8357688 36.3252154),osm_truck_repair_overpass,8063,2026-08-18 07:03:05.046159+00,2026-08-18 07:00:34+00,,,,,,{},"{""shop"": ""car_repair"", ""service:vehicle:truck_repair"": ""yes""}",406853,I 81,I 81,327,t
node/13015216332,,,,t,,,POINT(-98.058182 29.7496518),osm_truck_repair_overpass,8063,2026-08-18 07:03:05.046159+00,2026-08-18 07:00:34+00,,,,,,{},"{""shop"": ""car_repair"", ""service:vehicle:truck_repair"": ""yes""}",133226,I 35,I 35,184,t
node/13015216357,,,,t,,,POINT(-85.0810084 42.3032952),osm_truck_repair_overpass,8063,2026-08-18 07:03:05.046159+00,2026-08-18 07:00:34+00,,,,,,{},"{""shop"": ""car_repair"", ""service:vehicle:truck_repair"": ""yes""}",404724,I 94,I 94,383,t
node/13015216610,,,,t,,,POINT(-87.0985633 41.613054),osm_truck_repair_overpass,8063,2026-08-18 07:03:05.046159+00,2026-08-18 07:00:34+00,,,,,,{},"{""shop"": ""car_repair"", ""service:vehicle:truck_repair"": ""yes""}",4656,U 20,U 20,130,t
node/13015216863,,,,t,,,POINT(-118.9401341 34.9943443),osm_truck_repair_overpass,8063,2026-08-18 07:03:05.046159+00,2026-08-18 07:00:34+00,,,,,,{},"{""shop"": ""car_repair"", ""service:vehicle:truck_repair"": ""yes""}",31252,I 5,I 5,667,t
node/13015220509,,,,t,,,POINT(-83.1873829 30.6438959),osm_truck_repair_overpass,8063,2026-08-18 07:03:05.046159+00,2026-08-18 07:00:34+00,,,,,,{},"{""shop"": ""car_repair"", ""service:vehicle:truck_repair"": ""yes""}",187391,I 75,I 75,143,t
node/13015221592,,,,t,,,POINT(-77.7197394 42.5662302),osm_truck_repair_overpass,8063,2026-08-18 07:03:05.046159+00,2026-08-18 07:00:34+00,,,,,,{},"{""shop"": ""car_repair"", ""service:vehicle:truck_repair"": ""yes""}",450650,I 390,I 390,183,t
node/13015223378,,,,t,,,POINT(-88.41865 41.392248),osm_truck_repair_overpass,8063,2026-08-18 07:03:05.046159+00,2026-08-18 07:00:34+00,,,,,,{},"{""shop"": ""car_repair"", ""service:vehicle:truck_repair"": ""yes""}",382249,I 80,I 80,141,t
node/13015223616,,,,t,,,POINT(-87.2388724 41.590502),osm_truck_repair_overpass,8063,2026-08-18 07:03:05.046159+00,2026-08-18 07:00:34+00,,,,,,{},"{""shop"": ""car_repair"", ""service:vehicle:truck_repair"": ""yes""}",4536,I 90,EAST-WEST TOLLRD,276,t
node/13015224319,,,,t,,,POINT(-87.2622076 41.1453738),osm_truck_repair_overpass,8063,2026-08-18 07:03:05.046159+00,2026-08-18 07:00:34+00,,,,,,{},"{""shop"": ""car_repair"", ""service:vehicle:truck_repair"": ""yes""}",3885,S 10,S 10,99,t
node/13015228201,,,,t,,,POINT(-75.238106 39.8187252),osm_truck_repair_overpass,8063,2026-08-18 07:03:05.046159+00,2026-08-18 07:00:34+00,,,,,,{},"{""shop"": ""car_repair"", ""service:vehicle:truck_repair"": ""yes""}",454597,I 295,I 295,207,t
node/13015228407,,,,t,,,POINT(-96.244939 32.6896177),osm_truck_repair_overpass,8063,2026-08-18 07:03:05.046159+00,2026-08-18 07:00:34+00,,,,,,{},"{""shop"": ""car_repair"", ""service:vehicle:truck_repair"": ""yes""}",145465,I 20,I 20,402,t
node/13015239546,,,,t,,,POINT(-80.9875175 33.9532868),osm_truck_repair_overpass,8063,2026-08-18 07:03:05.046159+00,2026-08-18 07:00:34+00,,,,,,{},"{""shop"": ""car_repair"", ""service:vehicle:truck_repair"": ""yes""}",408195,I 77,SOUTHEASTERN BLTWY,271,t
node/13015245999,,,,t,,,POINT(-80.5909288 35.9257783),osm_truck_repair_overpass,8063,2026-08-18 07:03:05.046159+00,2026-08-18 07:00:34+00,,,,,,{},"{""shop"": ""car_repair"", ""service:vehicle:truck_repair"": ""yes""}",409760,I 40,I 40,312,t
node/13015263124,,,,t,,,POINT(-110.2102625 34.9043049),osm_truck_repair_overpass,8063,2026-08-18 07:03:05.046159+00,2026-08-18 07:00:34+00,,,,,,{},"{""shop"": ""car_repair"", ""service:vehicle:truck_repair"": ""yes""}",75313,I 40,I 40,294,t
node/13015265362,,,,t,,,POINT(-92.4468693 41.6997349),osm_truck_repair_overpass,8063,2026-08-18 07:03:05.046159+00,2026-08-18 07:00:34+00,,,,,,{},"{""shop"": ""car_repair"", ""service:vehicle:truck_repair"": ""yes""}",303875,I 80,I 80,448,t
node/13015269480,,,,t,,,POINT(-81.9845161 30.2854529),osm_truck_repair_overpass,8063,2026-08-18 07:03:05.046159+00,2026-08-18 07:00:34+00,,,,,,{},"{""shop"": ""car_repair"", ""service:vehicle:truck_repair"": ""yes""}",187530,U 301,U 301,169,t
node/13015274698,,,,t,,,POINT(-84.9877024 42.1068195),osm_truck_repair_overpass,8063,2026-08-18 07:03:05.046159+00,2026-08-18 07:00:34+00,,,,,,{},"{""shop"": ""car_repair"", ""service:vehicle:truck_repair"": ""yes""}",404707,I 69,I 69,666,t
node/13015279248,,,,t,,,POINT(-86.1235294 33.586888),osm_truck_repair_overpass,8063,2026-08-18 07:03:05.046159+00,2026-08-18 07:00:34+00,,,,,,{},"{""shop"": ""car_repair"", ""service:vehicle:truck_repair"": ""yes""}",383362,I 20,I 20,431,t
node/13015284004,,,,t,,,POINT(-86.4811228 39.611283),osm_truck_repair_overpass,8063,2026-08-18 07:03:05.046159+00,2026-08-18 07:00:34+00,,,,,,{},"{""shop"": ""car_repair"", ""service:vehicle:truck_repair"": ""yes""}",2177,I 70,I 70,178,t
node/13015486943,,,,t,,,POINT(-113.7852877 35.1758254),osm_truck_repair_overpass,8063,2026-08-18 07:03:05.046159+00,2026-08-18 07:00:34+00,,,,,,{},"{""shop"": ""car_repair"", ""service:vehicle:truck_repair"": ""yes""}",68380,I 40,I 40,144,t
node/13015491669,,,,t,,,POINT(-122.1940291 39.9058908),osm_truck_repair_overpass,8063,2026-08-18 07:03:05.046159+00,2026-08-18 07:00:34+00,,,,,,{},"{""shop"": ""car_repair"", ""service:vehicle:truck_repair"": ""yes""}",29531,I 5,I 5,514,t
node/13015492440,TA Truck Service,,,t,,,POINT(-71.6650629 41.6091495),osm_truck_repair_overpass,8063,2026-08-18 07:03:05.046159+00,2026-08-18 07:00:34+00,,,,,,{},"{""name"": ""TA Truck Service"", ""shop"": ""car_repair"", ""service:vehicle:truck_repair"": ""yes""}",461510,I 95,I 95,835,t
node/13015496664,,,,t,,,POINT(-74.71084 40.1233823),osm_truck_repair_overpass,8063,2026-08-18 07:03:05.046159+00,2026-08-18 07:00:34+00,,,,,,{},"{""shop"": ""car_repair"", ""service:vehicle:truck_repair"": ""yes""}",455783,I 295,I 295,542,t
node/13015497519,,,,t,,,POINT(-84.239067 35.8740593),osm_truck_repair_overpass,8063,2026-08-18 07:03:05.046159+00,2026-08-18 07:00:34+00,,,,,,{},"{""shop"": ""car_repair"", ""service:vehicle:truck_repair"": ""yes""}",388540,I 40,I 40,314,t
node/13015499136,,,,t,,,POINT(-84.2345274 35.8771455),osm_truck_repair_overpass,8063,2026-08-18 07:03:05.046159+00,2026-08-18 07:00:34+00,,,,,,{},"{""shop"": ""car_repair"", ""service:vehicle:truck_repair"": ""yes""}",388545,I 40,I 40,226,t
node/13015500081,,,,t,,,POINT(-114.1290772 46.9472832),osm_truck_repair_overpass,8063,2026-08-18 07:03:05.046159+00,2026-08-18 07:00:34+00,,,,,,{},"{""shop"": ""car_repair"", ""service:vehicle:truck_repair"": ""yes""}",87436,I 90,I 90,232,t
node/13015500453,,,,t,,,POINT(-84.2450872 36.3754244),osm_truck_repair_overpass,8063,2026-08-18 07:03:05.046159+00,2026-08-18 07:00:34+00,,,,,,{},"{""shop"": ""car_repair"", ""service:vehicle:truck_repair"": ""yes""}",388640,I 75,I 75,193,t
node/13015503953,,,,t,,,POINT(-106.2430635 31.6588837),osm_truck_repair_overpass,8063,2026-08-18 07:03:05.046159+00,2026-08-18 07:00:34+00,,,,,,{},"{""shop"": ""car_repair"", ""service:vehicle:truck_repair"": ""yes""}",24184,S 1281,S 1281,281,t
node/13015507014,,,,t,,,POINT(-97.0442265 45.3108487),osm_truck_repair_overpass,8063,2026-08-18 07:03:05.046159+00,2026-08-18 07:00:34+00,,,,,,{},"{""shop"": ""car_repair"", ""service:vehicle:truck_repair"": ""yes""}",330971,U 12,U 12,84,t
node/13015511887,,,,t,,,POINT(-97.7635896 32.7386953),osm_truck_repair_overpass,8063,2026-08-18 07:03:05.046159+00,2026-08-18 07:00:34+00,,,,,,{},"{""shop"": ""car_repair"", ""service:vehicle:truck_repair"": ""yes""}",136731,I 20,I 20,179,t
node/13015512963,,,,t,,,POINT(-93.9039847 32.4457677),osm_truck_repair_overpass,8063,2026-08-18 07:03:05.046159+00,2026-08-18 07:00:34+00,,,,,,{},"{""shop"": ""car_repair"", ""service:vehicle:truck_repair"": ""yes""}",152891,I 20,I 20,115,t
node/13015520018,,,,t,,,POINT(-90.4611629 30.4778596),osm_truck_repair_overpass,8063,2026-08-18 07:03:05.046159+00,2026-08-18 07:00:34+00,,,,,,{},"{""shop"": ""car_repair"", ""service:vehicle:truck_repair"": ""yes""}",164321,I 12,I 12,111,t
node/13015520300,,,,t,,,POINT(-106.2127304 42.8449431),osm_truck_repair_overpass,8063,2026-08-18 07:03:05.046159+00,2026-08-18 07:00:34+00,,,,,,{},"{""shop"": ""car_repair"", ""service:vehicle:truck_repair"": ""yes""}",113854,I 25,I 25,160,t
node/13015522289,,,,t,,,POINT(-84.4883005 33.7901421),osm_truck_repair_overpass,8063,2026-08-18 07:03:05.046159+00,2026-08-18 07:00:34+00,,,,,,{},"{""shop"": ""car_repair"", ""service:vehicle:truck_repair"": ""yes""}",386552,I 285,I 285,147,t
node/13015525487,,,,t,,,POINT(-84.0582231 33.2059078),osm_truck_repair_overpass,8063,2026-08-18 07:03:05.046159+00,2026-08-18 07:00:34+00,,,,,,{},"{""shop"": ""car_repair"", ""service:vehicle:truck_repair"": ""yes""}",185834,I 75,I 75,190,t
node/13015526812,,,,t,,,POINT(-111.6683623 32.81173),osm_truck_repair_overpass,8063,2026-08-18 07:03:05.046159+00,2026-08-18 07:00:34+00,,,,,,{},"{""shop"": ""car_repair"", ""service:vehicle:truck_repair"": ""yes""}",17158,I 10,I 10,391,t
node/13015528115,,,,t,,,POINT(-97.4726397 35.4661206),osm_truck_repair_overpass,8063,2026-08-18 07:03:05.046159+00,2026-08-18 07:00:34+00,,,,,,{},"{""shop"": ""car_repair"", ""service:vehicle:truck_repair"": ""yes""}",196307,I 40,I 40,272,t
node/13015528816,,,FL,t,,,POINT(-82.5965506 29.9939478),osm_truck_repair_overpass,8063,2026-08-18 07:03:05.046159+00,2026-08-18 07:00:34+00,,,,,,{},"{""shop"": ""car_repair"", ""addr:city"": ""Lake City"", ""addr:state"": ""FL"", ""addr:street"": ""South US Highway 441"", ""addr:postcode"": ""32024"", ""addr:housenumber"": ""14321"", ""service:vehicle:truck_repair"": ""yes""}",187452,I 75,I 75,567,t
node/13015529047,,,,t,,,POINT(-94.1536179 30.0359922),osm_truck_repair_overpass,8063,2026-08-18 07:03:05.046159+00,2026-08-18 07:00:34+00,,,,,,{},"{""shop"": ""car_repair"", ""service:vehicle:truck_repair"": ""yes""}",147650,I 10,I 10,400,t
node/13015531860,,,,t,,,POINT(-107.9035494 35.1785264),osm_truck_repair_overpass,8063,2026-08-18 07:03:05.046159+00,2026-08-18 07:00:34+00,,,,,,{},"{""shop"": ""truck_repair""}",90725,I 40,I 40,234,t
node/13015531861,,,,t,,,POINT(-88.5733572 39.1172008),osm_truck_repair_overpass,8063,2026-08-18 07:03:05.046159+00,2026-08-18 07:00:34+00,,,,,,{},"{""shop"": ""car_repair"", ""service:vehicle:truck_repair"": ""yes""}",381908,I 57,I 57,327,t
node/13015531958,,,,t,,,POINT(-101.7434031 35.1899498),osm_truck_repair_overpass,8063,2026-08-18 07:03:05.046159+00,2026-08-18 07:00:34+00,,,,,,{},"{""shop"": ""car_repair"", ""service:vehicle:truck_repair"": ""yes""}",95047,I 40,I 40,307,t
node/13015532001,,,,t,,,POINT(-98.3791137 29.4371145),osm_truck_repair_overpass,8063,2026-08-18 07:03:05.046159+00,2026-08-18 07:00:34+00,,,,,,{},"{""shop"": ""car_repair"", ""service:vehicle:truck_repair"": ""yes""}",132933,I 10,I 10,227,t
node/13015535117,,,,t,,,POINT(-90.1337028 35.1540343),osm_truck_repair_overpass,8063,2026-08-18 07:03:05.046159+00,2026-08-18 07:00:34+00,,,,,,{},"{""shop"": ""car_repair"", ""service:vehicle:truck_repair"": ""yes""}",366309,I 40,I 40,252,t
node/13015536135,,,,t,,,POINT(-82.2460046 29.4113834),osm_truck_repair_overpass,8063,2026-08-18 07:03:05.046159+00,2026-08-18 07:00:34+00,,,,,,{},"{""shop"": ""car_repair"", ""service:vehicle:truck_repair"": ""yes""}",187482,I 75,I 75,390,t
node/13015536208,,,,t,,,POINT(-122.8103927 42.2803828),osm_truck_repair_overpass,8063,2026-08-18 07:03:05.046159+00,2026-08-18 07:00:34+00,,,,,,{},"{""shop"": ""car_repair"", ""service:vehicle:truck_repair"": ""yes""}",37248,I 5,PACIFIC HWY,229,t
node/13015581829,,,,t,,,POINT(-118.9508227 34.9858821),osm_truck_repair_overpass,8063,2026-08-18 07:03:05.046159+00,2026-08-18 07:00:34+00,,,,,,{},"{""shop"": ""car_repair"", ""service:vehicle:truck_repair"": ""yes""}",31252,I 5,I 5,515,t
node/13015592090,,,,t,,,POINT(-97.088719 32.045151),osm_truck_repair_overpass,8063,2026-08-18 07:03:05.046159+00,2026-08-18 07:00:34+00,,,,,,{},"{""shop"": ""car_repair"", ""service:vehicle:truck_repair"": ""yes""}",137359,I 35,I 35,585,t
node/13015607031,,,,t,,,POINT(-84.8091719 39.8361672),osm_truck_repair_overpass,8063,2026-08-18 07:03:05.046159+00,2026-08-18 07:00:34+00,,,,,,{},"{""shop"": ""car_repair"", ""service:vehicle:truck_repair"": ""yes""}",9261,I 70,I 70,730,t
node/13015613168,,,,t,,,POINT(-87.0945534 36.0826455),osm_truck_repair_overpass,8063,2026-08-18 07:03:05.046159+00,2026-08-18 07:00:34+00,,,,,,{},"{""shop"": ""car_repair"", ""service:vehicle:truck_repair"": ""yes""}",384523,I 40,I 40,150,t
node/13015618140,,,,t,,,POINT(-106.5804291 31.955783),osm_truck_repair_overpass,8063,2026-08-18 07:03:05.046159+00,2026-08-18 07:00:34+00,,,,,,{},"{""shop"": ""car_repair"", ""service:vehicle:truck_repair"": ""yes""}",23774,I 10,I 10,223,t
node/13015620147,,,,t,,,POINT(-87.0889449 33.2815302),osm_truck_repair_overpass,8063,2026-08-18 07:03:05.046159+00,2026-08-18 07:00:34+00,,,,,,{},"{""shop"": ""car_repair"", ""service:vehicle:truck_repair"": ""yes""}",184065,I 20,I 20,252,t
node/13015624151,,,,t,,,POINT(-117.561374 47.5917951),osm_truck_repair_overpass,8063,2026-08-18 07:03:05.046159+00,2026-08-18 07:00:34+00,,,,,,{},"{""shop"": ""car_repair"", ""service:vehicle:truck_repair"": ""yes""}",63176,I 90,I 90,196,t
node/13015624167,,,,t,,,POINT(-97.6143542 38.8805624),osm_truck_repair_overpass,8063,2026-08-18 07:03:05.046159+00,2026-08-18 07:00:34+00,,,,,,{},"{""shop"": ""car_repair"", ""service:vehicle:truck_repair"": ""yes""}",230525,I 70,I 70,492,t
node/13015626800,,,,t,,,POINT(-81.6664141 30.7956288),osm_truck_repair_overpass,8063,2026-08-18 07:03:05.046159+00,2026-08-18 07:00:34+00,,,,,,{},"{""shop"": ""car_repair"", ""service:vehicle:truck_repair"": ""yes""}",188140,I 95,I 95,632,t
node/13015629188,,,,t,,,POINT(-114.9528426 41.099516),osm_truck_repair_overpass,8063,2026-08-18 07:03:05.046159+00,2026-08-18 07:00:34+00,,,,,,{},"{""shop"": ""car_repair"", ""service:vehicle:truck_repair"": ""yes""}",68939,I 80,I 80,142,t
node/13015636727,,,,t,,,POINT(-80.7144606 41.1388858),osm_truck_repair_overpass,8063,2026-08-18 07:03:05.046159+00,2026-08-18 07:00:34+00,,,,,,{},"{""shop"": ""car_repair"", ""service:vehicle:truck_repair"": ""yes""}",435300,I 80,I 80,530,t
node/13015636729,,,,t,,,POINT(-75.7427904 41.3286718),osm_truck_repair_overpass,8063,2026-08-18 07:03:05.046159+00,2026-08-18 07:00:34+00,,,,,,{},"{""shop"": ""car_repair"", ""service:vehicle:truck_repair"": ""yes""}",447446,I 81,AMERICAN LEGION MEMORIAL HWY,398,t
node/13015641737,,,,t,,,POINT(-96.8666697 46.8495397),osm_truck_repair_overpass,8063,2026-08-18 07:03:05.046159+00,2026-08-18 07:00:34+00,,,,,,{},"{""shop"": ""car_repair"", ""service:vehicle:truck_repair"": ""yes""}",333009,I 94,I 94,224,t
node/13015644896,,,,t,,,POINT(-76.8431372 42.9668885),osm_truck_repair_overpass,8063,2026-08-18 07:03:05.046159+00,2026-08-18 07:00:34+00,,,,,,{},"{""shop"": ""car_repair"", ""service:vehicle:truck_repair"": ""yes""}",451958,I 90,NEW YORK STATE THWY,90,t
node/13015644905,,,,t,,,POINT(-86.0824031 33.9935597),osm_truck_repair_overpass,8063,2026-08-18 07:03:05.046159+00,2026-08-18 07:00:34+00,,,,,,{},"{""shop"": ""car_repair"", ""service:vehicle:truck_repair"": ""yes""}",383368,I 59,I 59,592,t
node/13015645005,,,,t,,,POINT(-115.0265631 36.2780185),osm_truck_repair_overpass,8063,2026-08-18 07:03:05.046159+00,2026-08-18 07:00:34+00,,,,,,{},"{""shop"": ""car_repair"", ""service:vehicle:truck_repair"": ""yes""}",68620,I 15,I 15,428,t
node/13015645750,,,,t,,,POINT(-92.1302345 34.782091),osm_truck_repair_overpass,8063,2026-08-18 07:03:05.046159+00,2026-08-18 07:00:34+00,,,,,,{},"{""shop"": ""car_repair"", ""service:vehicle:truck_repair"": ""yes""}",359133,I 40,I 40,272,t
node/13015646417,,,,t,,,POINT(-83.4656292 41.5325072),osm_truck_repair_overpass,8063,2026-08-18 07:03:05.046159+00,2026-08-18 07:00:34+00,,,,,,{},"{""shop"": ""car_repair"", ""service:vehicle:truck_repair"": ""yes""}",418556,I 280,I 280,223,t
node/13015646760,,,,t,,,POINT(-89.0307543 41.9358285),osm_truck_repair_overpass,8063,2026-08-18 07:03:05.046159+00,2026-08-18 07:00:34+00,,,,,,{},"{""shop"": ""car_repair"", ""service:vehicle:truck_repair"": ""yes""}",189065,I 39,I 39,565,t
node/13015648370,,,,t,,,POINT(-119.7065377 39.524253),osm_truck_repair_overpass,8063,2026-08-18 07:03:05.046159+00,2026-08-18 07:00:34+00,,,,,,{},"{""shop"": ""car_repair"", ""service:vehicle:truck_repair"": ""yes""}",36375,I 80,I 80,318,t
node/13015648375,,,IL,t,,,POINT(-87.7550662 41.4253482),osm_truck_repair_overpass,8063,2026-08-18 07:03:05.046159+00,2026-08-18 07:00:34+00,,,,,,{},"{""shop"": ""car_repair"", ""addr:city"": ""Monee"", ""addr:state"": ""IL"", ""addr:street"": ""West Monee Manhattan Road"", ""addr:postcode"": ""60449"", ""addr:housenumber"": ""5915"", ""service:vehicle:truck_repair"": ""yes""}",389137,I 57,I 57,360,t
node/13015649390,,,,t,,,POINT(-85.5504566 40.2775285),osm_truck_repair_overpass,8063,2026-08-18 07:03:05.046159+00,2026-08-18 07:00:34+00,,,,,,{},"{""shop"": ""car_repair"", ""service:vehicle:truck_repair"": ""yes""}",9813,U 35,U 35,103,t
node/13015653541,,,,t,,,POINT(-87.3533142 41.5630835),osm_truck_repair_overpass,8063,2026-08-18 07:03:05.046159+00,2026-08-18 07:00:34+00,,,,,,{},"{""shop"": ""car_repair"", ""service:vehicle:truck_repair"": ""yes""}",4375,I 80,TRI-STATE HWY,583,t
node/13015654303,,,,t,,,POINT(-85.3283268 39.3187529),osm_truck_repair_overpass,8063,2026-08-18 07:03:05.046159+00,2026-08-18 07:00:34+00,,,,,,{},"{""shop"": ""car_repair"", ""service:vehicle:truck_repair"": ""yes""}",8110,I 74,I 74,243,t
node/13015654542,,,,t,,,POINT(-81.7778224 36.770844),osm_truck_repair_overpass,8063,2026-08-18 07:03:05.046159+00,2026-08-18 07:00:34+00,,,,,,{},"{""shop"": ""car_repair"", ""service:vehicle:truck_repair"": ""yes""}",409537,I 81,I 81,170,t
node/13015655802,,,,t,,,POINT(-94.5567217 37.0072564),osm_truck_repair_overpass,8063,2026-08-18 07:03:05.046159+00,2026-08-18 07:00:34+00,,,,,,{},"{""shop"": ""car_repair"", ""service:vehicle:truck_repair"": ""yes""}",261055,I 44,I 44,86,t
node/13015656713,,,,t,,,POINT(-83.3215517 34.3501107),osm_truck_repair_overpass,8063,2026-08-18 07:03:05.046159+00,2026-08-18 07:00:34+00,,,,,,{},"{""shop"": ""car_repair"", ""service:vehicle:truck_repair"": ""yes""}",406013,I 85,I 85,492,t
node/13015657331,,,,t,,,POINT(-87.1277699 39.445183),osm_truck_repair_overpass,8063,2026-08-18 07:03:05.046159+00,2026-08-18 07:00:34+00,,,,,,{},"{""shop"": ""car_repair"", ""service:vehicle:truck_repair"": ""yes""}",1398,S 59,S 59,123,t
node/13015660467,,,,t,,,POINT(-84.1048667 41.4191796),osm_truck_repair_overpass,8063,2026-08-18 07:03:05.046159+00,2026-08-18 07:00:34+00,,,,,,{},"{""shop"": ""car_repair"", ""service:vehicle:truck_repair"": ""yes""}",395400,U 6,U 6,541,t
node/13015660468,,,,t,,,POINT(-87.1261123 40.7674218),osm_truck_repair_overpass,8063,2026-08-18 07:03:05.046159+00,2026-08-18 07:00:34+00,,,,,,{},"{""shop"": ""car_repair"", ""service:vehicle:truck_repair"": ""yes""}",3725,U 24,U 24,184,t
node/13015660732,,,,t,,,POINT(-107.9919925 32.2392124),osm_truck_repair_overpass,8063,2026-08-18 07:03:05.046159+00,2026-08-18 07:00:34+00,,,,,,{},"{""shop"": ""car_repair"", ""service:vehicle:truck_repair"": ""yes""}",23579,I 10,I 10,235,t
node/13030938767,Speedco,Speedco,,t,,,POINT(-83.7319493 32.7174313),osm_truck_repair_overpass,8063,2026-08-18 07:03:05.046159+00,2026-08-18 07:00:34+00,,,,,,{},"{""name"": ""Speedco"", ""shop"": ""truck_repair"", ""brand"": ""Speedco"", ""brand:wikidata"": ""Q112455073""}",187680,I 75,I 75,237,t
node/13043468836,M&N Repair,,OH,t,,,POINT(-83.8904743 41.5904378),osm_truck_repair_overpass,8063,2026-08-18 07:03:05.046159+00,2026-08-18 07:00:34+00,,,,,,{},"{""name"": ""M&N Repair"", ""shop"": ""car_repair"", ""phone"": ""+1-567-202-3554"", ""addr:city"": ""Swanton"", ""addr:state"": ""OH"", ""addr:street"": ""Lincoln Avenue"", ""payment:cash"": ""yes"", ""addr:postcode"": ""43558"", ""opening_hours"": ""Mo-Fr 08:00-17:00"", ""addr:housenumber"": ""164"", ""payment:debit_cards"": ""yes"", ""payment:credit_cards"": ""yes"", ""service:vehicle:brakes"": ""yes"", ""service:vehicle:batteries"": ""yes"", ""service:vehicle:car_repair"": ""yes"", ""service:vehicle:electrical"": ""yes"", ""service:vehicle:inspection"": ""yes"", ""service:vehicle:oil_change"": ""yes"", ""service:vehicle:diagnostics"": ""yes"", ""service:vehicle:truck_repair"": ""yes"", ""service:vehicle:air_conditioning"": ""yes""}",189010,I 80,I 80,1038,t
node/13062983463,Sherman’s Auto Repair,Sherman’s Auto Repair,FL,t,,,POINT(-82.4551963 27.3288813),osm_truck_repair_overpass,8063,2026-08-18 07:03:05.046159+00,2026-08-18 07:00:34+00,,,,,,{},"{""name"": ""Sherman’s Auto Repair"", ""shop"": ""car_repair"", ""brand"": ""Sherman’s Auto Repair"", ""email"": ""info@shermansautorepair.com"", ""phone"": ""+1-941-924-0111"", ""website"": ""https://www.shermansautorepair.com"", ""operator"": ""Sherman’s Auto Repair LLC"", ""addr:city"": ""Sarasota"", ""addr:unit"": ""9"", ""addr:state"": ""FL"", ""addr:street"": ""Gantt Avenue"", ""payment:cash"": ""yes"", ""addr:postcode"": ""34232"", ""opening_hours"": ""Mo-Fr 08:00-17:00; Sa-Su off"", ""addr:housenumber"": ""757"", ""payment:debit_cards"": ""yes"", ""payment:credit_cards"": ""yes"", ""service:vehicle:glass"": ""yes"", ""service:vehicle:tyres"": ""yes"", ""service:vehicle:brakes"": ""yes"", ""service:vehicle:repair"": ""yes"", ""service:vehicle:towing"": ""yes"", ""service:vehicle:wheels"": ""yes"", ""service:vehicle:muffler"": ""yes"", ""service:vehicle:repairs"": ""yes"", ""service:vehicle:painting"": ""yes"", ""service:vehicle:alignment"": ""yes"", ""service:vehicle:batteries"": ""yes"", ""service:vehicle:car_parts"": ""yes"", ""service:vehicle:car_repair"": ""yes"", ""service:vehicle:electrical"": ""yes"", ""service:vehicle:inspection"": ""yes"", ""service:vehicle:oil_change"": ""yes"", ""service:vehicle:body_repair"": ""yes"", ""service:vehicle:diagnostics"": ""yes"", ""service:vehicle:transmission"": ""yes"", ""service:vehicle:truck_repair"": ""yes"", ""service:vehicle:tyres_repair"": ""yes"", ""service:vehicle:air_conditioning"": ""yes""}",185976,I 75,I 75,783,t
node/13113404473,Dewey Farrington Truck Parts and Repair,,,t,,,POINT(-97.5284146 35.4619836),osm_truck_repair_overpass,8063,2026-08-18 07:03:05.046159+00,2026-08-18 07:00:34+00,,,,,,{},"{""name"": ""Dewey Farrington Truck Parts and Repair"", ""shop"": ""truck_repair""}",194316,I 40,I 40,461,t
node/13121945499,Ayers Auto,,NH,t,,,POINT(-71.1665477 43.040113),osm_truck_repair_overpass,8063,2026-08-18 07:03:05.046159+00,2026-08-18 07:00:34+00,,,,,,{},"{""name"": ""Ayers Auto"", ""shop"": ""car_repair"", ""email"": ""ayersautorepair@yahoo.com"", ""phone"": ""+1-603-706-8222"", ""addr:city"": ""Raymond"", ""addr:state"": ""NH"", ""check_date"": ""2020-08-25"", ""addr:street"": ""NH 27"", ""addr:country"": ""US"", ""addr:postcode"": ""03077"", ""opening_hours"": ""Mo-Fr 09:00-19:00"", ""addr:housenumber"": ""65"", ""contact:facebook"": ""https://www.facebook.com/ayersauto/"", ""service:vehicle:brakes"": ""yes"", ""service:vehicle:car_repair"": ""yes"", ""service:vehicle:electrical"": ""yes"", ""service:vehicle:oil_change"": ""yes"", ""service:vehicle:body_repair"": ""yes"", ""service:vehicle:truck_repair"": ""yes"", ""service:vehicle:air_conditioning"": ""yes""}",465485,I 93,I 93,21002,f
node/13140806143,Smith Enterprise,,VA,t,,,POINT(-79.4850569 36.5626982),osm_truck_repair_overpass,8063,2026-08-18 07:03:05.046159+00,2026-08-18 07:00:34+00,,,,,,{},"{""name"": ""Smith Enterprise"", ""shop"": ""truck_repair"", ""phone"": ""+1 434-799-5328"", ""addr:city"": ""Danville"", ""addr:state"": ""VA"", ""addr:street"": ""Old Mayfield Road"", ""addr:postcode"": ""24541-7522"", ""opening_hours"": ""Mo-Fr 08:00-17:00"", ""addr:housenumber"": ""2284""}",438434,S 58,S 58,2941,t
node/13278132301,Glens tire,,,t,,,POINT(-86.0098642 41.5358751),osm_truck_repair_overpass,8063,2026-08-18 07:03:05.046159+00,2026-08-18 07:00:34+00,,,,,,{},"{""name"": ""Glens tire"", ""shop"": ""car_repair"", ""phone"": ""+1-574-862-1159"", ""website"": ""https://glenstire.net/"", ""addr:street"": ""East Waterford Street"", ""addr:postcode"": ""46573"", ""addr:housenumber"": ""603"", ""service:vehicle:tyres"": ""yes"", ""service:vehicle:brakes"": ""yes"", ""service:vehicle:wheels"": ""yes"", ""service:vehicle:repairs"": ""yes"", ""service:vehicle:alignment"": ""yes"", ""service:vehicle:batteries"": ""yes"", ""service:vehicle:car_repair"": ""yes"", ""service:vehicle:inspection"": ""yes"", ""service:vehicle:oil_change"": ""yes"", ""service:vehicle:diagnostics"": ""yes"", ""service:vehicle:truck_repair"": ""yes"", ""service:vehicle:tyres_repair"": ""yes"", ""service:vehicle:new_car_sales"": ""no"", ""service:vehicle:used_car_sales"": ""no""}",7699,S 19,S 19,701,t
node/13300595643,Alliance Auto Service,,CA,t,,,POINT(-123.206018 39.1490224),osm_truck_repair_overpass,8063,2026-08-18 07:03:05.046159+00,2026-08-18 07:00:34+00,,,,,,{},"{""name"": ""Alliance Auto Service"", ""shop"": ""car_repair"", ""phone"": ""+1-707-462-4432"", ""website"": ""https://allianceautoukiah.com/"", ""addr:city"": ""Ukiah"", ""addr:state"": ""CA"", ""addr:street"": ""South Main Street"", ""addr:postcode"": ""95482"", ""opening_hours"": ""Mo-Fr 08:00-18:00"", ""addr:housenumber"": ""213"", ""not:brand:wikidata"": ""Q420541"", ""service:vehicle:tyres"": ""yes"", ""service:vehicle:brakes"": ""yes"", ""service:vehicle:alignment"": ""yes"", ""service:vehicle:batteries"": ""yes"", ""service:vehicle:car_repair"": ""yes"", ""service:vehicle:electrical"": ""yes"", ""service:vehicle:inspection"": ""yes"", ""service:vehicle:oil_change"": ""yes"", ""service:vehicle:diagnostics"": ""yes"", ""service:vehicle:transmission"": ""yes"", ""service:vehicle:truck_repair"": ""yes"", ""service:vehicle:tyres_repair"": ""yes"", ""service:vehicle:air_conditioning"": ""yes""}",29440,I 5,I 5,88884,f
node/13302603117,Global Truck & Trailer Repair,,FL,t,t,t,POINT(-80.2143451 26.0809658),osm_truck_repair_overpass,8063,2026-08-18 07:03:05.046159+00,2026-08-18 07:00:34+00,,,,,,{},"{""hgv"": ""designated"", ""name"": ""Global Truck & Trailer Repair"", ""shop"": ""car_repair"", ""email"": ""service@globaltruck.biz"", ""phone"": ""+1-954-727-3877"", ""website"": ""https://globaltruck.shop/"", ""addr:city"": ""Davie"", ""addr:state"": ""FL"", ""addr:street"": ""SW 50th Ave"", ""payment:cash"": ""yes"", ""addr:postcode"": ""33314"", ""opening_hours"": ""Mo-Sa 08:00-18:00"", ""addr:housenumber"": ""3300"", ""payment:apple_pay"": ""yes"", ""payment:google_pay"": ""yes"", ""payment:debit_cards"": ""yes"", ""payment:credit_cards"": ""yes"", ""service:vehicle:truck_repair"": ""yes"", ""service:vehicle:tyres_change"": ""yes"", ""service:vehicle:engine_repair"": ""yes"", ""service:vehicle:trailer_repair"": ""yes""}",186607,S 91,FLORIDA TPKE,158,t
node/13337016692,Tri-Power Enterprises,,CA,t,,,POINT(-118.2386703 33.8375632),osm_truck_repair_overpass,8063,2026-08-18 07:03:05.046159+00,2026-08-18 07:00:34+00,,,,,,{},"{""name"": ""Tri-Power Enterprises"", ""shop"": ""car_repair"", ""addr:city"": ""Long Beach"", ""addr:state"": ""CA"", ""check_date"": ""2025-11-27"", ""addr:street"": ""Wilmington Avenue"", ""currency:XBT"": ""yes"", ""addr:postcode"": ""90810-1235"", ""payment:onchain"": ""no"", ""addr:housenumber"": ""21119"", ""payment:lightning"": ""yes"", ""payment:lightning:operator"": ""square"", ""service:vehicle:truck_repair"": ""yes"", ""payment:lightning_contactless"": ""no""}",31638,I 405,SAN DIEGO FRWY,1290,t
node/13342059701,Mobile Truck Repair Amarillo,,TX,t,,,POINT(-101.831948 35.2315674),osm_truck_repair_overpass,8063,2026-08-18 07:03:05.046159+00,2026-08-18 07:00:34+00,,,,,,{},"{""name"": ""Mobile Truck Repair Amarillo"", ""shop"": ""car_repair"", ""phone"": ""+18065135623"", ""addr:city"": ""Amarillo"", ""addr:state"": ""TX"", ""addr:street"": ""Dumas Drive"", ""addr:postcode"": ""79107"", ""addr:housenumber"": ""1625"", ""service:vehicle:truck_repair"": ""yes"", ""service:vehicle:diesel_repair"": ""yes"", ""service:vehicle:diesel_engine_repair"": ""yes""}",95036,U 87,U 87,63,t
node/13389648047,Davis Fleet Services,,ME,t,,,POINT(-70.2995739 43.7206532),osm_truck_repair_overpass,8063,2026-08-18 07:03:05.046159+00,2026-08-18 07:00:34+00,,,,,,{},"{""name"": ""Davis Fleet Services"", ""shop"": ""car_repair"", ""phone"": ""+1-207-318-1362"", ""website"": ""https://dfstruckrepair.com/"", ""addr:city"": ""Falmouth"", ""addr:state"": ""ME"", ""check_date"": ""2025-12-19"", ""addr:street"": ""Washington Avenue Extension"", ""currency:XBT"": ""yes"", ""addr:postcode"": ""04105-2235"", ""opening_hours"": ""Mo-Fr 09:00-17:00; Sa-Su 07:00-21:00"", ""payment:onchain"": ""no"", ""addr:housenumber"": ""4"", ""payment:lightning"": ""yes"", ""service:vehicle:towing"": ""yes"", ""payment:lightning:operator"": ""square"", ""service:vehicle:truck_repair"": ""yes"", ""payment:lightning_contactless"": ""no""}",466958,I 495,MAINE TPKE,276,t
node/13389686837,Davis Fleet Services,,ME,t,,,POINT(-70.3367709 43.6848102),osm_truck_repair_overpass,8063,2026-08-18 07:03:05.046159+00,2026-08-18 07:00:34+00,,,,,,{},"{""name"": ""Davis Fleet Services"", ""shop"": ""car_repair"", ""phone"": ""+1-207-318-1362"", ""website"": ""https://dfstruckrepair.com/"", ""addr:city"": ""Westbrook"", ""addr:unit"": ""5"", ""addr:state"": ""ME"", ""check_date"": ""2025-12-19"", ""addr:street"": ""Warren Avenue"", ""currency:XBT"": ""yes"", ""addr:postcode"": ""04092-4364"", ""opening_hours"": ""Mo-Fr 09:00-17:00"", ""payment:onchain"": ""no"", ""addr:housenumber"": ""84"", ""payment:lightning"": ""yes"", ""service:vehicle:towing"": ""yes"", ""payment:lightning:operator"": ""square"", ""service:vehicle:truck_repair"": ""yes"", ""payment:lightning_contactless"": ""no""}",466944,I 95,PORTLAND MAINE TPKE,1039,t
node/13414813203,LV Mobile Auto & Truck,,NV,t,,,POINT(-115.0996892 36.117676),osm_truck_repair_overpass,8063,2026-08-18 07:03:05.046159+00,2026-08-18 07:00:34+00,,,,,,{},"{""name"": ""LV Mobile Auto & Truck"", ""shop"": ""car_repair"", ""addr:city"": ""Las Vegas"", ""addr:state"": ""NV"", ""check_date"": ""2025-12-29"", ""addr:street"": ""South Pecos Road"", ""currency:XBT"": ""yes"", ""addr:postcode"": ""89121-4319"", ""opening_hours"": ""Mo-Sa 07:00-18:00"", ""payment:onchain"": ""no"", ""addr:housenumber"": ""3980"", ""payment:lightning"": ""yes"", ""service:vehicle:tune"": ""yes"", ""service:vehicle:brakes"": ""yes"", ""payment:lightning:operator"": ""square"", ""service:vehicle:car_repair"": ""yes"", ""service:vehicle:electrical"": ""yes"", ""service:vehicle:oil_change"": ""yes"", ""service:vehicle:accessories"": ""yes"", ""service:vehicle:truck_repair"": ""yes"", ""payment:lightning_contactless"": ""no"", ""service:vehicle:engine_repair"": ""yes""}",68534,I 515,I 515,1523,t
node/13452693418,Reyes Truck Center,,MA,t,,,POINT(-70.9065283 42.7121798),osm_truck_repair_overpass,8063,2026-08-18 07:03:05.046159+00,2026-08-18 07:00:34+00,,,,,,{},"{""name"": ""Reyes Truck Center"", ""shop"": ""car_repair"", ""phone"": ""+1-978-484-6465"", ""addr:city"": ""Rowley"", ""addr:state"": ""MA"", ""check_date"": ""2026-01-13"", ""addr:street"": ""Newburyport Turnpike"", ""currency:XBT"": ""yes"", ""addr:postcode"": ""01969"", ""contact:email"": ""reyestruckcenter@aol.com"", ""opening_hours"": ""Mo-Fr 08:00-17:00; Sa 08:00-15:00"", ""payment:onchain"": ""no"", ""addr:housenumber"": ""295"", ""contact:facebook"": ""https://www.facebook.com/REYESTRUCKCENTERINC"", ""payment:lightning"": ""yes"", ""payment:lightning:operator"": ""square"", ""service:vehicle:truck_repair"": ""yes"", ""payment:lightning_contactless"": ""no""}",466593,I 95,I 95,4343,t
node/13533291459,Fix and Go,,IL,t,t,,POINT(-87.8875417 41.54501),osm_truck_repair_overpass,8063,2026-08-18 07:03:05.046159+00,2026-08-18 07:00:34+00,,,,,,{},"{""name"": ""Fix and Go"", ""shop"": ""car_repair"", ""addr:city"": ""Mokena"", ""addr:state"": ""IL"", ""check_date"": ""2026-02-08"", ""addr:street"": ""West 189th Place"", ""currency:XBT"": ""yes"", ""addr:postcode"": ""60448"", ""opening_hours"": ""Mo-Fr 09:00-18:00; Sa 09:00-12:00"", ""payment:onchain"": ""no"", ""addr:housenumber"": ""11116"", ""contact:instagram"": ""https://www.instagram.com/fix_nd_go"", ""payment:lightning"": ""yes"", ""payment:lightning:operator"": ""square"", ""service:vehicle:truck_repair"": ""yes"", ""payment:lightning_contactless"": ""no"", ""service:vehicle:trailer_repair"": ""yes""}",388926,I 80,I 80,816,t
node/13576089730,Outer Limits Truck Repair,,IA,t,,,POINT(-92.5639295 41.2400664),osm_truck_repair_overpass,8063,2026-08-18 07:03:05.046159+00,2026-08-18 07:00:34+00,,,,,,{},"{""name"": ""Outer Limits Truck Repair"", ""shop"": ""car_repair"", ""phone"": ""+16416735007"", ""website"": ""https://outerlimitstruckrepair.com/"", ""addr:city"": ""Oskaloosa"", ""addr:state"": ""IA"", ""addr:street"": ""Highway 23"", ""addr:postcode"": ""52577"", ""addr:housenumber"": ""2603"", ""contact:facebook"": ""https://www.facebook.com/596402377038856"", ""service:vehicle:truck_repair"": ""yes""}",302485,S 92,S 92,6263,f
node/13594237477,Madina Truck and Trailer Repair,,OH,t,,,POINT(-83.0574842 39.9266361),osm_truck_repair_overpass,8063,2026-08-18 07:03:05.046159+00,2026-08-18 07:00:34+00,,,,,,{},"{""name"": ""Madina Truck and Trailer Repair"", ""shop"": ""car_repair"", ""phone"": ""+1-614-668-6076"", ""addr:city"": ""Columbus"", ""addr:state"": ""OH"", ""check_date"": ""2026-02-24"", ""addr:street"": ""Harrisburg Pike"", ""currency:XBT"": ""yes"", ""addr:postcode"": ""43223-3609"", ""opening_hours"": ""Tu-Sa 09:00-18:00; Mo 10:00-18:00"", ""payment:onchain"": ""no"", ""addr:housenumber"": ""1515"", ""payment:lightning"": ""yes"", ""payment:lightning:operator"": ""square"", ""service:vehicle:truck_repair"": ""yes"", ""payment:lightning_contactless"": ""no""}",415536,U 62,U 62,44,t
node/13617370460,,,,t,,,POINT(-81.4387053 40.8987122),osm_truck_repair_overpass,8063,2026-08-18 07:03:05.046159+00,2026-08-18 07:00:34+00,,,,,,{},"{""shop"": ""car_repair"", ""service:vehicle:truck_repair"": ""yes""}",430699,I 77,I 77,717,t
node/13617450070,,,,t,,,POINT(-98.0680311 26.182568),osm_truck_repair_overpass,8063,2026-08-18 07:03:05.046159+00,2026-08-18 07:00:34+00,,,,,,{},"{""shop"": ""car_repair"", ""service:vehicle:truck_repair"": ""yes""}",128199,I 2,I 2,137,t
node/13624167722,Eyers Hitch Center Inc,,CA,,t,,POINT(-121.99174 37.3528025),osm_truck_repair_overpass,8063,2026-08-18 07:03:05.046159+00,2026-08-18 07:00:34+00,,,,,,{},"{""name"": ""Eyers Hitch Center Inc"", ""shop"": ""car_repair"", ""phone"": ""+1-408-248-4454"", ""addr:city"": ""Santa Clara"", ""addr:state"": ""CA"", ""addr:street"": ""El Camino Real"", ""addr:postcode"": ""95051"", ""opening_hours"": ""Mo-Fr 08:30-17:00"", ""addr:housenumber"": ""3473"", ""service:vehicle:trailer_repair"": ""yes""}",28050,I 280,JUNIPERO SERRA FRWY,3146,t
node/13645516682,,,,t,,,POINT(-85.1470846 32.8782627),osm_truck_repair_overpass,8063,2026-08-18 07:03:05.046159+00,2026-08-18 07:00:34+00,,,,,,{},"{""shop"": ""car_repair"", ""service:vehicle:truck_repair"": ""yes""}",185561,I 85,I 85,222,t
node/13645543039,,,,t,,,POINT(-93.8019186 37.0894182),osm_truck_repair_overpass,8063,2026-08-18 07:03:05.046159+00,2026-08-18 07:00:34+00,,,,,,{},"{""shop"": ""car_repair"", ""service:vehicle:truck_repair"": ""yes""}",267835,I 44,I 44,442,t
node/13647071303,,,,t,,,POINT(-75.7530364 41.3137452),osm_truck_repair_overpass,8063,2026-08-18 07:03:05.046159+00,2026-08-18 07:00:34+00,,,,,,{},"{""shop"": ""car_repair"", ""service:vehicle:truck_repair"": ""yes""}",447441,I 81,AMERICAN LEGION MEMORIAL HWY,100,t
node/13648318049,Elite Truck Parts,,FL,t,,,POINT(-80.3987185 27.4149935),osm_truck_repair_overpass,8063,2026-08-18 07:03:05.046159+00,2026-08-18 07:00:34+00,,,,,,{},"{""name"": ""Elite Truck Parts"", ""shop"": ""car_repair"", ""phone"": ""+1-772-801-0515"", ""addr:city"": ""Fort Pierce"", ""addr:state"": ""FL"", ""check_date"": ""2026-03-14"", ""addr:street"": ""South Kings Highway"", ""currency:XBT"": ""yes"", ""addr:postcode"": ""34945"", ""contact:email"": ""elitetruckparts@gmail.com"", ""opening_hours"": ""Mo-Fr 08:00-18:00; Sa 08:00-17:00; Su 09:00-14:00"", ""payment:onchain"": ""no"", ""addr:housenumber"": ""2800"", ""contact:facebook"": ""https://www.facebook.com/elitetruckparts"", ""contact:instagram"": ""https://www.instagram.com/elitetruckparts"", ""payment:lightning"": ""yes"", ""service:vehicle:sales"": ""yes"", ""payment:lightning:operator"": ""square"", ""service:vehicle:accessories"": ""yes"", ""service:vehicle:truck_sales"": ""yes"", ""service:vehicle:truck_repair"": ""yes"", ""payment:lightning_contactless"": ""no""}",187221,S 91,S 91,401,t
node/13676198886,Area Diesel Service Inc,,,t,,,POINT(-89.8733027 39.2963799),osm_truck_repair_overpass,8063,2026-08-18 07:03:05.046159+00,2026-08-18 07:00:34+00,,,,,,{},"{""name"": ""Area Diesel Service Inc"", ""shop"": ""truck_repair""}",381741,I 55,I 55,19956,f
node/13718356482,Hawk's Auto & Cycle Service Center,,OH,t,,,POINT(-84.1337415 39.6900159),osm_truck_repair_overpass,8063,2026-08-18 07:03:05.046159+00,2026-08-18 07:00:34+00,,,,,,{},"{""name"": ""Hawk's Auto & Cycle Service Center"", ""shop"": ""car_repair"", ""service"": ""repair"", ""services"": ""Motorcycle Repair Shop, Auto Mechanic, Auto Service Center, Motorcycle Repair"", ""addr:city"": ""Kettering"", ""addr:state"": ""OH"", ""addr:street"": ""Wilmington Pike"", ""addr:country"": ""US"", ""payment:cash"": ""yes"", ""payment:visa"": ""yes"", ""addr:postcode"": ""45429"", ""contact:phone"": ""+1 937-297-0960"", ""opening_hours"": ""Mo-Fr 08:00-17:00; Sa-Su off"", ""payment:cheque"": ""yes"", ""contact:website"": ""https://hawksautocycleservices.com"", ""addr:housenumber"": ""3913"", ""payment:mastercard"": ""yes"", ""payment:discover_card"": ""yes"", ""service:vehicle:motor"": ""yes"", ""payment:american_express"": ""yes"", ""service:vehicle:alignment"": ""yes"", ""service:vehicle:car_repair"": ""yes"", ""service:vehicle:oil_change"": ""yes"", ""service:vehicle:transmission"": ""yes"", ""service:vehicle:truck_repair"": ""yes""}",393140,I 675,I 675,2950,t
node/13720721866,Braga Truck Center,,TX,t,,,POINT(-95.2101692 29.8394966),osm_truck_repair_overpass,8063,2026-08-18 07:03:05.046159+00,2026-08-18 07:00:34+00,,,,,,{},"{""name"": ""Braga Truck Center"", ""shop"": ""car_repair"", ""phone"": ""+1-346-500-8083"", ""addr:city"": ""Houston"", ""addr:state"": ""TX"", ""check_date"": ""2026-04-10"", ""addr:street"": ""Green River Drive"", ""currency:XBT"": ""yes"", ""addr:postcode"": ""77044"", ""contact:email"": ""wguillermomejia@gmail.com"", ""opening_hours"": ""24/7"", ""payment:onchain"": ""no"", ""addr:housenumber"": ""12521"", ""contact:facebook"": ""https://www.facebook.com/gonzaleztruckshtx/"", ""payment:lightning"": ""yes"", ""payment:lightning:operator"": ""square"", ""service:vehicle:truck_repair"": ""yes"", ""payment:lightning_contactless"": ""no""}",143273,U 90,U 90,680,t
node/13722838237,Noriega Mobile Diesel,,CA,t,t,,POINT(-121.5049709 38.5120925),osm_truck_repair_overpass,8063,2026-08-18 07:03:05.046159+00,2026-08-18 07:00:34+00,,,,,,{},"{""name"": ""Noriega Mobile Diesel"", ""shop"": ""car_repair"", ""phone"": ""+1-916-779-9294"", ""addr:city"": ""Sacramento"", ""addr:unit"": ""8"", ""addr:state"": ""CA"", ""check_date"": ""2026-04-11"", ""addr:street"": ""Belleau Wood Lane"", ""currency:XBT"": ""yes"", ""addr:postcode"": ""95822"", ""contact:email"": ""srgnoriga@gmail.com"", ""opening_hours"": ""24/7"", ""payment:onchain"": ""no"", ""addr:housenumber"": ""6260"", ""contact:facebook"": ""https://www.facebook.com/chapiadito/"", ""payment:lightning"": ""yes"", ""service:vehicle:repairs"": ""yes"", ""payment:lightning:operator"": ""square"", ""service:vehicle:truck_repair"": ""yes"", ""payment:lightning_contactless"": ""no"", ""service:vehicle:trailer_repair"": ""yes""}",35585,I 5,I 5,1465,t
node/13738305437,Elite PowerStrokes,,FL,t,,,POINT(-82.5549597 28.4332319),osm_truck_repair_overpass,8063,2026-08-18 07:03:05.046159+00,2026-08-18 07:00:34+00,,,,,,{},"{""name"": ""Elite PowerStrokes"", ""shop"": ""car_repair"", ""phone"": ""+1-352-600-2620"", ""website"": ""https://elitepowerstrokesdiesel.com"", ""addr:city"": ""Spring Hill"", ""addr:state"": ""FL"", ""check_date"": ""2026-04-17"", ""addr:street"": ""County Line Road"", ""currency:XBT"": ""yes"", ""addr:postcode"": ""34610-6705"", ""contact:email"": ""info@elitepowerstrokesdiesel.com"", ""opening_hours"": ""Mo-Fr 08:00-17:00"", ""payment:onchain"": ""no"", ""addr:housenumber"": ""15740"", ""contact:facebook"": ""https://www.facebook.com/ElitePowerStroke"", ""payment:lightning"": ""yes"", ""service:vehicle:diesel"": ""yes"", ""payment:lightning:operator"": ""square"", ""service:vehicle:truck_repair"": ""yes"", ""payment:lightning_contactless"": ""no""}",186209,I 75,I 75,23518,f
node/13740388911,Tabor's Auto Repair,,OH,t,,,POINT(-82.1433871 41.4177787),osm_truck_repair_overpass,8063,2026-08-18 07:03:05.046159+00,2026-08-18 07:00:34+00,,,,,,{},"{""name"": ""Tabor's Auto Repair"", ""shop"": ""car_repair"", ""phone"": ""+1-440-222-1873"", ""addr:city"": ""Elyria"", ""addr:state"": ""OH"", ""check_date"": ""2026-04-18"", ""addr:street"": ""North Ridge Road"", ""currency:XBT"": ""yes"", ""addr:postcode"": ""44035"", ""opening_hours"": ""Mo,Tu,We,Fr 12:00-20:00; Th 12:00-20:30"", ""payment:onchain"": ""no"", ""addr:housenumber"": ""42383"", ""contact:facebook"": ""https://www.facebook.com/TaborsAuto"", ""payment:lightning"": ""yes"", ""payment:lightning:operator"": ""square"", ""service:vehicle:car_repair"": ""yes"", ""service:vehicle:truck_repair"": ""yes"", ""payment:lightning_contactless"": ""no""}",423224,S 2,S 2,1349,t
node/13797015288,Brothers Automotive,,OH,t,,,POINT(-84.575679 40.5461435),osm_truck_repair_overpass,8063,2026-08-18 07:03:05.046159+00,2026-08-18 07:00:34+00,,,,,,{},"{""name"": ""Brothers Automotive"", ""shop"": ""car_repair"", ""phone"": ""+1-419-584-0707"", ""operator"": ""Seth"", ""addr:city"": ""Celina"", ""addr:state"": ""OH"", ""addr:street"": ""West Logan Street"", ""payment:cash"": ""yes"", ""addr:postcode"": ""45882"", ""opening_hours"": ""Mo-Fr 08:00-17:00"", ""addr:housenumber"": ""415"", ""air_conditioning"": ""yes"", ""payment:apple_pay"": ""yes"", ""payment:debit_cards"": ""yes"", ""payment:credit_cards"": ""yes"", ""service:vehicle:motor"": ""yes"", ""service:vehicle:brakes"": ""yes"", ""service:vehicle:muffler"": ""yes"", ""service:vehicle:repairs"": ""yes"", ""service:vehicle:batteries"": ""yes"", ""service:vehicle:car_repair"": ""yes"", ""service:vehicle:electrical"": ""yes"", ""service:vehicle:inspection"": ""yes"", ""service:vehicle:oil_change"": ""yes"", ""service:vehicle:diagnostics"": ""yes"", ""service:vehicle:truck_repair"": ""yes"", ""service:vehicle:air_conditioning"": ""yes""}",393889,S 29,S 29,51,t
node/13805790645,Rose Punjab Dhaba Truck Repair Shop & Road Service,,TX,t,,,POINT(-102.665179 35.2710374),osm_truck_repair_overpass,8063,2026-08-18 07:03:05.046159+00,2026-08-18 07:00:34+00,,,,,,{},"{""name"": ""Rose Punjab Dhaba Truck Repair Shop & Road Service"", ""shop"": ""truck_repair"", ""phone"": ""+1-909-780-4680"", ""amenity"": ""restaurant"", ""cuisine"": ""indian"", ""addr:city"": ""Adrian"", ""addr:state"": ""TX"", ""addr:street"": ""East Historic Route 66"", ""addr:postcode"": ""79001"", ""addr:housenumber"": ""300""}",94853,I 40,I 40,140,t
node/13841678831,Holbrook Truck Repair,,,t,,,POINT(-110.1806242 34.9037024),osm_truck_repair_overpass,8063,2026-08-18 07:03:05.046159+00,2026-08-18 07:00:34+00,,,,,,{},"{""name"": ""Holbrook Truck Repair"", ""shop"": ""truck_repair""}",75311,I 40,I 40,407,t
node/13841758547,Murphys Towing,,AZ,t,,,POINT(-110.2261185 34.9106493),osm_truck_repair_overpass,8063,2026-08-18 07:03:05.046159+00,2026-08-18 07:00:34+00,,,,,,{},"{""name"": ""Murphys Towing"", ""shop"": ""truck_repair"", ""phone"": ""+1-928-853-5202"", ""website"": ""https://murphysdiesel.com/"", ""addr:city"": ""Holbrook"", ""addr:state"": ""AZ"", ""addr:street"": ""Davis Road"", ""addr:postcode"": ""86025"", ""addr:housenumber"": ""1002""}",75308,I 40,I 40,201,t
node/13849609767,Brookwood Truck And Trailer,,,t,,,POINT(-87.2990664 33.1901368),osm_truck_repair_overpass,8063,2026-08-18 07:03:05.046159+00,2026-08-18 07:00:34+00,,,,,,{},"{""name"": ""Brookwood Truck And Trailer"", ""shop"": ""car_repair"", ""service:vehicle:truck_repair"": ""yes""}",183998,I 20,I 20,194,t
node/13854643754,Montana Auto Shop LLC,,MT,t,,,POINT(-115.0183742 48.8649392),osm_truck_repair_overpass,8063,2026-08-18 07:03:05.046159+00,2026-08-18 07:00:34+00,,,,,,{},"{""name"": ""Montana Auto Shop LLC"", ""shop"": ""car_repair"", ""phone"": ""+1-406-889-0401"", ""addr:city"": ""Eureka"", ""addr:state"": ""MT"", ""addr:street"": ""Pinson Lane"", ""payment:cash"": ""yes"", ""addr:postcode"": ""59917"", ""addr:housenumber"": ""132"", ""payment:contactless"": ""yes"", ""payment:credit_cards"": ""yes"", ""service:vehicle:brakes"": ""yes"", ""service:vehicle:muffler"": ""yes"", ""service:vehicle:alignment"": ""yes"", ""service:vehicle:batteries"": ""yes"", ""service:vehicle:car_repair"": ""yes"", ""service:vehicle:electrical"": ""yes"", ""service:vehicle:oil_change"": ""yes"", ""service:vehicle:diagnostics"": ""yes"", ""service:vehicle:truck_repair"": ""yes"", ""service:vehicle:air_conditioning"": ""yes""}",87728,U 93,U 93,86,t
node/13875453151,Merrick's Garage,,CA,t,,,POINT(-119.8489253 34.4354073),osm_truck_repair_overpass,8063,2026-08-18 07:03:05.046159+00,2026-08-18 07:00:34+00,,,,,,{},"{""name"": ""Merrick's Garage"", ""shop"": ""truck_repair"", ""email"": ""info@merricksgarage.com"", ""website"": ""https://www.merricksgarage.com/"", ""addr:city"": ""Goleta"", ""addr:state"": ""CA"", ""check_date"": ""2026-05-25"", ""addr:street"": ""Aero Camino"", ""addr:postcode"": ""93117"", ""contact:youtube"": ""https://www.youtube.com/@MerricksGarage"", ""addr:housenumber"": ""57"", ""contact:instagram"": ""https://www.instagram.com/merricksgarage""}",29956,U 101,U 101,281,t
node/13887717616,Love's Truck Care,Love's,,t,,,POINT(-91.8572822 44.9065618),osm_truck_repair_overpass,8063,2026-08-18 07:03:05.046159+00,2026-08-18 07:00:34+00,,,,,,{},"{""name"": ""Love's Truck Care"", ""shop"": ""truck_repair"", ""brand"": ""Love's"", ""website"": ""https://www.loves.com/locations/wi/menomonie/loves-travel-stop-menomonie-622"", ""brand:wikidata"": ""Q1872496""}",472534,I 94,I 94,176,t
node/13967960528,West Innovations,,TX,t,,,POINT(-101.7931055 35.2656756),osm_truck_repair_overpass,8063,2026-08-18 07:03:05.046159+00,2026-08-18 07:00:34+00,,,,,,{},"{""name"": ""West Innovations"", ""shop"": ""car_repair"", ""phone"": ""+18065672277"", ""addr:city"": ""Amarillo"", ""addr:state"": ""TX"", ""addr:street"": ""East Saint Francis Avenue"", ""addr:postcode"": ""79108"", ""addr:housenumber"": ""3801"", ""service:vehicle:truck_repair"": ""yes""}",95069,U 87,U 87,3677,t
node/13993117799,Moyer Nissan of Lebanon,Nissan,PA,t,,,POINT(-76.4470486 40.3389695),osm_truck_repair_overpass,8063,2026-08-18 07:03:05.046159+00,2026-08-18 07:00:34+00,,,,,,{},"{""name"": ""Moyer Nissan of Lebanon"", ""shop"": ""car"", ""brand"": ""Nissan"", ""operator"": ""Moyre Auto Group"", ""addr:city"": ""Lebanon"", ""addr:state"": ""PA"", ""addr:street"": ""Cumberland Street"", ""second_hand"": ""yes"", ""addr:postcode"": ""17042"", ""brand:wikidata"": ""Q20165"", ""addr:housenumber"": ""2001 W"", ""service:vehicle:tyres"": ""yes"", ""service:vehicle:brakes"": ""yes"", ""service:vehicle:wheels"": ""yes"", ""service:vehicle:repairs"": ""yes"", ""service:vehicle:alignment"": ""yes"", ""service:vehicle:batteries"": ""yes"", ""service:vehicle:car_parts"": ""yes"", ""service:vehicle:car_repair"": ""yes"", ""service:vehicle:inspection"": ""yes"", ""service:vehicle:oil_change"": ""yes"", ""service:vehicle:diagnostics"": ""yes"", ""service:vehicle:transmission"": ""yes"", ""service:vehicle:truck_repair"": ""yes"", ""service:vehicle:tyres_repair"": ""yes"", ""service:vehicle:new_car_sales"": ""yes"", ""service:vehicle:used_car_sales"": ""yes""}",446347,I 78,WILLIAM PENN HWY,11118,f
node/13993124901,Moyer Chrysler Dodge Jeep Ram,Jeep,PA,t,,,POINT(-76.4537415 40.3397053),osm_truck_repair_overpass,8063,2026-08-18 07:03:05.046159+00,2026-08-18 07:00:34+00,,,,,,{},"{""name"": ""Moyer Chrysler Dodge Jeep Ram"", ""shop"": ""car"", ""brand"": ""Jeep"", ""operator"": ""Moyer Auto Group"", ""addr:city"": ""Lebanon"", ""addr:state"": ""PA"", ""addr:street"": ""Cumberland Street"", ""second_hand"": ""yes"", ""addr:postcode"": ""17042"", ""brand:wikidata"": ""Q30113"", ""addr:housenumber"": ""2247 W"", ""service:vehicle:tyres"": ""yes"", ""service:vehicle:brakes"": ""yes"", ""service:vehicle:repair"": ""yes"", ""service:vehicle:wheels"": ""yes"", ""service:vehicle:repairs"": ""yes"", ""service:vehicle:alignment"": ""yes"", ""service:vehicle:batteries"": ""yes"", ""service:vehicle:car_parts"": ""yes"", ""service:vehicle:car_repair"": ""yes"", ""service:vehicle:electrical"": ""yes"", ""service:vehicle:inspection"": ""yes"", ""service:vehicle:oil_change"": ""yes"", ""service:vehicle:diagnostics"": ""yes"", ""service:vehicle:truck_repair"": ""yes"", ""service:vehicle:tyres_repair"": ""yes"", ""service:vehicle:new_car_sales"": ""yes"", ""service:vehicle:used_car_sales"": ""yes"", ""service:vehicle:air_conditioning"": ""yes""}",446347,I 78,WILLIAM PENN HWY,10812,f
node/13993239410,Moyer Kia of Lebanon,Kia,PA,t,,,POINT(-76.4554925 40.3398369),osm_truck_repair_overpass,8063,2026-08-18 07:03:05.046159+00,2026-08-18 07:00:34+00,,,,,,{},"{""name"": ""Moyer Kia of Lebanon"", ""shop"": ""car"", ""brand"": ""Kia"", ""operator"": ""Moyer Auto Group"", ""addr:city"": ""Lebanon"", ""addr:state"": ""PA"", ""addr:street"": ""Cumberland Street"", ""second_hand"": ""yes"", ""addr:postcode"": ""17042"", ""brand:wikidata"": ""Q35349"", ""addr:housenumber"": ""2499 W"", ""service:vehicle:glass"": ""yes"", ""service:vehicle:tyres"": ""yes"", ""service:vehicle:brakes"": ""yes"", ""service:vehicle:repair"": ""yes"", ""service:vehicle:wheels"": ""yes"", ""service:vehicle:muffler"": ""yes"", ""service:vehicle:repairs"": ""yes"", ""service:vehicle:alignment"": ""yes"", ""service:vehicle:batteries"": ""yes"", ""service:vehicle:car_parts"": ""yes"", ""service:vehicle:car_repair"": ""yes"", ""service:vehicle:electrical"": ""yes"", ""service:vehicle:inspection"": ""yes"", ""service:vehicle:oil_change"": ""yes"", ""service:vehicle:diagnostics"": ""yes"", ""service:vehicle:transmission"": ""yes"", ""service:vehicle:truck_repair"": ""yes"", ""service:vehicle:tyres_repair"": ""yes"", ""service:vehicle:new_car_sales"": ""yes"", ""service:vehicle:used_car_sales"": ""yes"", ""service:vehicle:air_conditioning"": ""yes""}",446347,I 78,WILLIAM PENN HWY,10741,f
node/14005750142,Nexgen Fleet Solutions,,PA,t,t,,POINT(-76.732342 41.0009094),osm_truck_repair_overpass,8063,2026-08-18 07:03:05.046159+00,2026-08-18 07:00:34+00,,,,,,{},"{""name"": ""Nexgen Fleet Solutions"", ""shop"": ""car_repair"", ""phone"": ""+1-570-336-3505"", ""addr:city"": ""Danville"", ""addr:state"": ""PA"", ""check_date"": ""2026-07-12"", ""addr:street"": ""Jackson Road"", ""currency:XBT"": ""yes"", ""addr:postcode"": ""17821"", ""opening_hours"": ""24/7"", ""payment:onchain"": ""no"", ""addr:housenumber"": ""58"", ""payment:lightning"": ""yes"", ""payment:lightning:operator"": ""square"", ""service:vehicle:truck_repair"": ""yes"", ""payment:lightning_contactless"": ""no"", ""service:vehicle:trailer_repair"": ""yes"", ""service:vehicle:roadside_assistance"": ""yes""}",446019,I 80,Z H CONFAIR MEMORIAL HWY,1163,t
node/14014902188,Diesel Truck Repair,,OH,t,,,POINT(-82.9620205 39.5524614),osm_truck_repair_overpass,8063,2026-08-18 07:03:05.046159+00,2026-08-18 07:00:34+00,,,,,,{},"{""name"": ""Diesel Truck Repair"", ""shop"": ""car_repair"", ""phone"": ""+1-740-817-5435"", ""website"": ""https://dieseltruckpro.com"", ""addr:city"": ""Circleville"", ""addr:state"": ""OH"", ""check_date"": ""2026-07-14"", ""addr:street"": ""US Highway 23"", ""currency:XBT"": ""yes"", ""addr:postcode"": ""43113"", ""contact:email"": ""dieseltruckrepairllc@gmail.com"", ""opening_hours"": ""Mo-Fr 09:00-17:00"", ""payment:onchain"": ""no"", ""addr:housenumber"": ""26055"", ""contact:facebook"": ""https://www.facebook.com/dieselohio"", ""payment:lightning"": ""yes"", ""payment:lightning:operator"": ""square"", ""service:vehicle:truck_repair"": ""yes"", ""payment:lightning_contactless"": ""no"", ""service:vehicle:diesel_repair"": ""yes""}",411948,U 23,U 23,103,t
node/14015650472,Rush Truck Centers – Otay Mesa,Rush Truck Centers,CA,t,,,POINT(-116.9464789 32.5526068),osm_truck_repair_overpass,8063,2026-08-18 07:03:05.046159+00,2026-08-18 07:00:34+00,,,,,,{},"{""name"": ""Rush Truck Centers – Otay Mesa"", ""shop"": ""truck_repair"", ""brand"": ""Rush Truck Centers"", ""phone"": ""+1-619-816-3540"", ""branch"": ""Otay Mesa"", ""website"": ""https://www.rushtruckcenters.com/locations/12170000-otay-mesa"", ""operator"": ""Rush Truck Centers"", ""addr:city"": ""San Diego"", ""addr:unit"": ""Suite A"", ""addr:state"": ""CA"", ""addr:street"": ""Siempre Viva Road"", ""addr:postcode"": ""92154"", ""opening_hours"": ""Mo-Fr 08:00-17:00"", ""brand:wikidata"": ""Q120637525"", ""addr:housenumber"": ""9295""}",13800,I 5,I 5,8124,f
node/14015791020,Rush Truck Centers,Rush Truck Centers,OK,t,,,POINT(-96.0466279 36.0765887),osm_truck_repair_overpass,8063,2026-08-18 07:03:05.046159+00,2026-08-18 07:00:34+00,,,,,,{},"{""name"": ""Rush Truck Centers"", ""shop"": ""truck_repair"", ""brand"": ""Rush Truck Centers"", ""phone"": ""+1-918-447-2800"", ""branch"": ""Tulsa"", ""website"": ""https://www.rushtruckcenters.com/locations/13030000-tulsa"", ""operator"": ""Rush Truck Centers"", ""addr:city"": ""Tulsa"", ""addr:state"": ""OK"", ""addr:street"": ""South 49th West Avenue"", ""addr:postcode"": ""74107"", ""opening_hours"": ""Mo-Fr 07:00-24:00; Sa 08:00-17:00"", ""brand:wikidata"": ""Q120637525"", ""addr:housenumber"": ""6015""}",254845,I 44,I 44,309,t
node/14019389966,,,,t,,,POINT(-95.2162206 36.5694162),osm_truck_repair_overpass,8063,2026-08-18 07:03:05.046159+00,2026-08-18 07:00:34+00,,,,,,{},"{""shop"": ""truck_repair""}",257973,I 44,WILL ROGERS TPKE,317,t
node/14020736861,Cats Truck Shop,,,t,,,POINT(-87.9013545 33.3161561),osm_truck_repair_overpass,8063,2026-08-18 07:03:05.046159+00,2026-08-18 07:00:34+00,,,,,,{},"{""name"": ""Cats Truck Shop"", ""shop"": ""car_repair"", ""service:vehicle:truck_repair"": ""yes""}",183897,U 6,U 6,21332,f
node/14022682744,Rush Truck Centers – North Platte,Rush Truck Centers,NE,t,,,POINT(-100.7300035 41.102443),osm_truck_repair_overpass,8063,2026-08-18 07:03:05.046159+00,2026-08-18 07:00:34+00,,,,,,{},"{""name"": ""Rush Truck Centers – North Platte"", ""shop"": ""truck_repair"", ""brand"": ""Rush Truck Centers"", ""phone"": ""+1 308-221-4021"", ""branch"": ""North Platte"", ""website"": ""https://www.rushtruckcenters.com/locations/33020000-north-platte"", ""operator"": ""Rush Truck Centers"", ""addr:city"": ""North Platte"", ""addr:state"": ""NE"", ""addr:street"": ""East Walker Road"", ""addr:postcode"": ""69101"", ""opening_hours"": ""Mo-Fr 07:00-17:00"", ""brand:wikidata"": ""Q120637525"", ""addr:housenumber"": ""2745""}",13110,I 80,I 80,370,t
node/14060255349,Derby City South Thorough Truck Repair,,KY,t,,,POINT(-84.3287904 37.3811468),osm_truck_repair_overpass,8063,2026-08-18 07:03:05.046159+00,2026-08-18 07:00:34+00,,,,,,{},"{""name"": ""Derby City South Thorough Truck Repair"", ""shop"": ""car_repair"", ""addr:city"": ""Mount Vernon"", ""addr:state"": ""KY"", ""addr:street"": ""Richmond Street"", ""addr:postcode"": ""40456"", ""addr:housenumber"": ""1990"", ""service:vehicle:truck_repair"": ""yes""}",388762,I 75,I 75,364,t
node/14068982848,Molle Toyota of Kansas City,Toyota,,t,,,POINT(-94.6003519 38.9410558),osm_truck_repair_overpass,8063,2026-08-18 07:03:05.046159+00,2026-08-18 07:00:34+00,,,,,,{},"{""name"": ""Molle Toyota of Kansas City"", ""shop"": ""car"", ""brand"": ""Toyota"", ""level"": ""0"", ""phone"": ""+1-816-678-0409"", ""toilets"": ""yes"", ""website"": ""https://www.molletoyota.com/"", ""stroller"": ""yes"", ""addr:floor"": ""1"", ""check_date"": ""2026-08-02"", ""wheelchair"": ""yes"", ""addr:street"": ""West 103rd Street"", ""currency:USD"": ""yes"", ""payment:cash"": ""yes"", ""opening_hours"": ""Mo-Th 08:30-19:00; Fr-Sa 08:30-18:00; Su off"", ""brand:wikidata"": ""Q53268"", ""internet_access"": ""wlan"", ""addr:housenumber"": ""601"", ""air_conditioning"": ""yes"", ""toilets:wheelchair"": ""yes"", ""internet_access:fee"": ""customers"", ""payment:debit_cards"": ""yes"", ""payment:credit_cards"": ""yes"", ""service:vehicle:glass"": ""yes"", ""service:vehicle:motor"": ""yes"", ""service:vehicle:parts"": ""yes"", ""service:vehicle:tyres"": ""yes"", ""service:vehicle:brakes"": ""yes"", ""service:vehicle:repair"": ""yes"", ""service:vehicle:tuning"": ""yes"", ""service:vehicle:wheels"": ""yes"", ""service:vehicle:muffler"": ""yes"", ""service:vehicle:repairs"": ""yes"", ""service:vehicle:service"": ""yes"", ""service:vehicle:exhausts"": ""yes"", ""service:vehicle:alignment"": ""yes"", ""service:vehicle:batteries"": ""yes"", ""service:vehicle:car_parts"": ""yes"", ""service:vehicle:car_sales"": ""yes"", ""service:vehicle:servicing"": ""yes"", ""service:vehicle:car_repair"": ""yes"", ""service:vehicle:electrical"": ""yes"", ""service:vehicle:inspection"": ""yes"", ""service:vehicle:oil_change"": ""yes"", ""service:vehicle:suspension"": ""yes"", ""service:vehicle:body_repair"": ""yes"", ""service:vehicle:car_service"": ""yes"", ""service:vehicle:diagnostics"": ""yes"", ""service:vehicle:windshields"": ""yes"", ""service:vehicle:transmission"": ""yes"", ""service:vehicle:truck_repair"": ""yes"", ""service:vehicle:tyres_repair"": ""yes"", ""service:vehicle:engine_repair"": ""yes"", ""service:vehicle:new_car_sales"": ""yes"", ""service:vehicle:air_conditioning"": ""yes"", ""service:vehicle:collision_repair"": ""yes"", ""service:vehicle:transmission_repair"": ""yes""}",278958,I 435,I 435,158,t
node/1569835927,,,,t,,,POINT(-111.8693744 38.9565498),osm_truck_repair_overpass,8063,2026-08-18 07:03:05.046159+00,2026-08-18 07:00:34+00,,,,,,{},"{""shop"": ""truck_repair""}",80672,U 89,U 89,809,t
node/1974037160,Stephen Wade Chrysler Jeep Dodge,Chrysler;Jeep;Dodge,,t,,,POINT(-113.5864202 37.0784983),osm_truck_repair_overpass,8063,2026-08-18 07:03:05.046159+00,2026-08-18 07:00:34+00,,,,,,{},"{""name"": ""Stephen Wade Chrysler Jeep Dodge"", ""shop"": ""car"", ""brand"": ""Chrysler;Jeep;Dodge"", ""operator"": ""Stephen Wade Auto Group"", ""service:vehicle:motor"": ""yes"", ""service:vehicle:tyres"": ""yes"", ""service:vehicle:brakes"": ""yes"", ""service:vehicle:repair"": ""yes"", ""service:vehicle:repairs"": ""yes"", ""service:vehicle:alignment"": ""yes"", ""service:vehicle:batteries"": ""yes"", ""service:vehicle:car_repair"": ""yes"", ""service:vehicle:inspection"": ""yes"", ""service:vehicle:oil_change"": ""yes"", ""service:vehicle:diagnostics"": ""yes"", ""service:vehicle:truck_repair"": ""yes"", ""service:vehicle:new_car_sales"": ""yes"", ""service:vehicle:used_car_sales"": ""yes""}",68685,I 15,I 15,157,t
node/2348647090,Hunter Truck Repair,,,t,,,POINT(-79.9252945 40.768836),osm_truck_repair_overpass,8063,2026-08-18 07:03:05.046159+00,2026-08-18 07:00:34+00,,,,,,{},"{""name"": ""Hunter Truck Repair"", ""shop"": ""truck_repair""}",434962,I 76,PENNSYLVANIA TPKE,15531,f
node/2350526485,Duke's Truck Repair,,WA,t,,,POINT(-122.3217317 47.5816594),osm_truck_repair_overpass,8063,2026-08-18 07:03:05.046159+00,2026-08-18 07:00:34+00,,,,,,{},"{""name"": ""Duke's Truck Repair"", ""shop"": ""truck_repair"", ""phone"": ""+1-206-623-1394"", ""source"": ""King County GIS;data.seattle.gov"", ""website"": ""https://www.dukestruckrepair.com/"", ""addr:city"": ""Seattle"", ""addr:state"": ""WA"", ""addr:street"": ""Airport Way South"", ""addr:postcode"": ""98134"", ""addr:housenumber"": ""2401""}",45981,I 5,I 5,177,t
node/3147499427,Gerald Jones Subaru,Subaru,GA,t,,,POINT(-82.1061498 33.5106518),osm_truck_repair_overpass,8063,2026-08-18 07:03:05.046159+00,2026-08-18 07:00:34+00,,,,,,{},"{""name"": ""Gerald Jones Subaru"", ""shop"": ""car"", ""brand"": ""Subaru"", ""phone"": ""+1-866-698-0348"", ""website"": ""https://www.geraldjonessubaru.com/"", ""addr:city"": ""Martinez"", ""addr:state"": ""GA"", ""addr:street"": ""Washington Road"", ""second_hand"": ""yes"", ""payment:cash"": ""yes"", ""addr:postcode"": ""30907"", ""opening_hours"": ""Mo-Fr 09:00-20:00; Sa 09:00-18:00"", ""addr:housenumber"": ""4022"", ""payment:debit_cards"": ""yes"", ""payment:credit_cards"": ""yes"", ""service:vehicle:glass"": ""yes"", ""service:vehicle:tyres"": ""yes"", ""service:vehicle:brakes"": ""yes"", ""service:vehicle:wheels"": ""yes"", ""service:vehicle:muffler"": ""yes"", ""service:vehicle:painting"": ""yes"", ""service:vehicle:alignment"": ""yes"", ""service:vehicle:batteries"": ""yes"", ""service:vehicle:car_parts"": ""yes"", ""service:vehicle:car_repair"": ""yes"", ""service:vehicle:electrical"": ""yes"", ""service:vehicle:inspection"": ""yes"", ""service:vehicle:oil_change"": ""yes"", ""service:vehicle:body_repair"": ""yes"", ""service:vehicle:diagnostics"": ""yes"", ""service:vehicle:truck_repair"": ""yes"", ""service:vehicle:new_car_sales"": ""yes"", ""service:vehicle:used_car_sales"": ""yes"", ""service:vehicle:air_conditioning"": ""yes""}",187857,I 20,I 20,2411,t
node/3252713288,Lambert Brothers,,,t,,,POINT(-87.0541007 45.8559441),osm_truck_repair_overpass,8063,2026-08-18 07:03:05.046159+00,2026-08-18 07:00:34+00,,,,,,{},"{""name"": ""Lambert Brothers"", ""shop"": ""truck_repair""}",404370,U 2,U 2,2174,t
node/3562460301,Silverback Services,,PA,t,,,POINT(-76.6195675 39.898135),osm_truck_repair_overpass,8063,2026-08-18 07:03:05.046159+00,2026-08-18 07:00:34+00,,,,,,{},"{""fax"": ""+1 702-988-6815"", ""name"": ""Silverback Services"", ""shop"": ""car_repair"", ""phone"": ""+1 717-455-9772"", ""shop_1"": ""Recycling yard"", ""shop_2"": ""Uhaul"", ""shop_3"": ""Truck Repair"", ""shop_4"": ""Truck Parts"", ""source"": ""local knowledge"", ""website"": ""www.silverbacktowing.com"", ""addr:city"": ""Red Lion"", ""addr:state"": ""PA"", ""addr:street"": ""West Maple Street"", ""description"": ""Silverback offers, Towing, Repair and Tire Service. Many other services in the Red Lion, PA area"", ""addr:country"": ""US"", ""payment:cash"": ""yes"", ""addr:postcode"": ""17356"", ""addr:housenumber"": ""800"", ""payment:debit_cards"": ""yes"", ""payment:credit_cards"": ""yes"", ""service:vehicle:tyres"": ""yes"", ""service:vehicle:batteries"": ""yes"", ""service:vehicle:car_parts"": ""yes"", ""service:vehicle:car_repair"": ""yes"", ""service:vehicle:truck_repair"": ""yes"", ""service:vehicle:air_conditioning"": ""yes""}",445376,I 83,I 83,6517,f
node/3639923388,Truck Service,,,t,,,POINT(-105.1349817 39.7796475),osm_truck_repair_overpass,8063,2026-08-18 07:03:05.046159+00,2026-08-18 07:00:34+00,,,,,,{},"{""name"": ""Truck Service"", ""shop"": ""car_repair"", ""service:vehicle:truck_repair"": ""yes""}",92382,I 70,I 70,103,t
node/3689777925,Peterbilt,Peterbilt,,t,,,POINT(-99.3507272 38.9124719),osm_truck_repair_overpass,8063,2026-08-18 07:03:05.046159+00,2026-08-18 07:00:34+00,,,,,,{},"{""name"": ""Peterbilt"", ""shop"": ""truck_repair"", ""brand"": ""Peterbilt"", ""brand:wikidata"": ""Q944640""}",210727,I 70,I 70,167,t
node/3890015045,,,,t,,,POINT(-96.924535 41.992068),osm_truck_repair_overpass,8063,2026-08-18 07:03:05.046159+00,2026-08-18 07:00:34+00,,,,,,{},"{""shop"": ""truck_repair""}",318824,U 275,U 275,56,t
node/4240022906,TA Truck Service,TA,,t,,,POINT(-121.7186965 47.4680102),osm_truck_repair_overpass,8063,2026-08-18 07:03:05.046159+00,2026-08-18 07:00:34+00,,,,,,{},"{""name"": ""TA Truck Service"", ""shop"": ""car_repair"", ""brand"": ""TA"", ""check_date"": ""2025-06-07"", ""brand:wikidata"": ""Q7835892"", ""service:vehicle:truck_repair"": ""yes""}",47456,I 90,I 90,243,t
node/4347814495,Gravytrain's Truck Repair,,,t,,,POINT(-77.6628152 40.5563585),osm_truck_repair_overpass,8063,2026-08-18 07:03:05.046159+00,2026-08-18 07:00:34+00,,,,,,{},"{""name"": ""Gravytrain's Truck Repair"", ""shop"": ""truck_repair""}",443000,I 99,I 99,33647,f
node/4542470501,DRC Truck & Equipment Repair LLC,,OH,t,,,POINT(-81.0484013 41.7767016),osm_truck_repair_overpass,8063,2026-08-18 07:03:05.046159+00,2026-08-18 07:00:34+00,,,,,,{},"{""name"": ""DRC Truck & Equipment Repair LLC"", ""shop"": ""truck_repair"", ""phone"": ""+1-440-417-0071"", ""website"": ""https://www.drctruckandequipment.com/"", ""addr:city"": ""Madison"", ""addr:state"": ""OH"", ""addr:street"": ""Edwards St #A"", ""addr:postcode"": ""44057"", ""addr:housenumber"": ""45""}",433284,I 90,I 90,1877,t
node/4556083449,United Truck Repair,,,t,,,POINT(-121.9620406 38.0378187),osm_truck_repair_overpass,8063,2026-08-18 07:03:05.046159+00,2026-08-18 07:00:34+00,,,,,,{},"{""name"": ""United Truck Repair"", ""shop"": ""truck_repair""}",29159,I 680,I 680,10584,f
node/4823427231,Montana Peterbilt,,MT,t,,,POINT(-114.129968 46.9560903),osm_truck_repair_overpass,8063,2026-08-18 07:03:05.046159+00,2026-08-18 07:00:34+00,,,,,,{},"{""name"": ""Montana Peterbilt"", ""shop"": ""truck"", ""phone"": ""+1-800-332-5750"", ""website"": ""https://www.montanapeterbilt.com/"", ""addr:city"": ""Missoula"", ""addr:state"": ""MT"", ""addr:street"": ""Cartage Road"", ""description"": ""Peterbilt Truck Dealership. Also offers Reitnouer Trailers, new and used trucks, a body shop, parts and repair facilities."", ""addr:postcode"": ""59808"", ""addr:housenumber"": ""9550"", ""service:vehicle:body_repair"": ""yes"", ""service:vehicle:truck_repair"": ""yes""}",87489,U 93,U 93,108,t
node/5081797795,CarCO Complete Auto Repair,,LA,t,,,POINT(-92.1374732 32.5150986),osm_truck_repair_overpass,8063,2026-08-18 07:03:05.046159+00,2026-08-18 07:00:34+00,,,,,,{},"{""name"": ""CarCO Complete Auto Repair"", ""shop"": ""car_repair"", ""email"": ""repairs@carco1.com"", ""phone"": ""+1 318-509-8441"", ""website"": ""https://www.carco1.com/"", ""operator"": ""Daniel Brown"", ""addr:city"": ""West Monroe"", ""addr:state"": ""LA"", ""addr:street"": ""Cypress Street"", ""addr:postcode"": ""71291"", ""opening_hours"": ""Mo-Sa 08:00-18:00"", ""addr:housenumber"": ""1810"", ""service:vehicle:brakes"": ""yes"", ""service:vehicle:muffler"": ""yes"", ""service:vehicle:repairs"": ""yes"", ""service:vehicle:batteries"": ""yes"", ""service:vehicle:car_repair"": ""yes"", ""service:vehicle:body_repair"": ""yes"", ""service:vehicle:truck_repair"": ""yes"", ""service:vehicle:air_conditioning"": ""yes""}",165185,I 20,I 20,1880,t
node/5178890881,Vaden Nissan of Hilton Head,Nissan,SC,t,,,POINT(-80.9142428 32.2899929),osm_truck_repair_overpass,8063,2026-08-18 07:03:05.046159+00,2026-08-18 07:00:34+00,,,,,,{},"{""name"": ""Vaden Nissan of Hilton Head"", ""shop"": ""car"", ""brand"": ""Nissan"", ""addr:city"": ""Bluffton"", ""addr:state"": ""SC"", ""addr:street"": ""Fording Island Road"", ""second_hand"": ""yes"", ""addr:postcode"": ""29910"", ""brand:wikidata"": ""Q20165"", ""addr:housenumber"": ""210"", ""service:vehicle:glass"": ""yes"", ""service:vehicle:tyres"": ""yes"", ""service:vehicle:brakes"": ""yes"", ""service:vehicle:alignment"": ""yes"", ""service:vehicle:batteries"": ""yes"", ""service:vehicle:car_parts"": ""yes"", ""service:vehicle:car_repair"": ""yes"", ""service:vehicle:electrical"": ""yes"", ""service:vehicle:inspection"": ""yes"", ""service:vehicle:oil_change"": ""yes"", ""service:vehicle:body_repair"": ""yes"", ""service:vehicle:diagnostics"": ""yes"", ""service:vehicle:truck_repair"": ""yes"", ""service:vehicle:new_car_sales"": ""yes"", ""service:vehicle:used_car_sales"": ""yes"", ""service:vehicle:air_conditioning"": ""yes""}",188288,I 95,I 95,13760,f
node/5246511007,Alamo Truck Repair,,,t,,,POINT(-122.2783393 40.2974738),osm_truck_repair_overpass,8063,2026-08-18 07:03:05.046159+00,2026-08-18 07:00:34+00,,,,,,{},"{""name"": ""Alamo Truck Repair"", ""shop"": ""truck_repair""}",29572,I 5,I 5,66,t
node/5333947333,TA Truck Service,,,t,,,POINT(-80.9966594 34.0750659),osm_truck_repair_overpass,8063,2026-08-18 07:03:05.046159+00,2026-08-18 07:00:34+00,,,,,,{},"{""name"": ""TA Truck Service"", ""shop"": ""car_repair"", ""service:vehicle:truck_repair"": ""yes""}",408203,I 20,I 20,171,t
node/5380992621,TA Truck Service,TA,,t,,,POINT(-115.1867926 36.043539),osm_truck_repair_overpass,8063,2026-08-18 07:03:05.046159+00,2026-08-18 07:00:34+00,,,,,,{},"{""name"": ""TA Truck Service"", ""shop"": ""car_repair"", ""brand"": ""TA"", ""phone"": ""+1-702-361-1176"", ""operator"": ""TA Truck Service"", ""addr:street"": ""Dean Martin Drive"", ""addr:postcode"": ""89139"", ""brand:wikidata"": ""Q7835892"", ""addr:housenumber"": ""8050"", ""service:vehicle:truck_repair"": ""yes""}",68471,I 15,I 15,560,t
node/5421490357,Elite Truck Repair Service LLC,,,t,,,POINT(-94.5350649 39.093831),osm_truck_repair_overpass,8063,2026-08-18 07:03:05.046159+00,2026-08-18 07:00:34+00,,,,,,{},"{""name"": ""Elite Truck Repair Service LLC"", ""shop"": ""truck_repair"", ""phone"": ""+1-816-71-6789""}",279024,I 70,I 70,732,t
node/5732593089,,,NC,t,,,POINT(-79.2287397 36.0774075),osm_truck_repair_overpass,8063,2026-08-18 07:03:05.046159+00,2026-08-18 07:00:34+00,,,,,,{},"{""shop"": ""car_repair"", ""addr:city"": ""Mebane"", ""addr:state"": ""NC"", ""addr:street"": ""Buckhorn Road"", ""source:addr"": ""Chapel Hill Open Data"", ""addr:postcode"": ""27302"", ""addr:housenumber"": ""519"", ""service:vehicle:truck_repair"": ""yes""}",438390,I 40,I 40,167,t
node/5763488284,Eller Diesel Truck & Trailer Repair,,NC,t,,,POINT(-80.5161525 35.6135067),osm_truck_repair_overpass,8063,2026-08-18 07:03:05.046159+00,2026-08-18 07:00:34+00,,,,,,{},"{""fax"": ""+1-704-633-5554"", ""name"": ""Eller Diesel Truck & Trailer Repair"", ""shop"": ""truck_repair"", ""phone"": ""+1-704-633-6721"", ""website"": ""https://ellerdiesel.com/"", ""addr:city"": ""Salisbury"", ""addr:state"": ""NC"", ""addr:street"": ""Peeler Road"", ""addr:postcode"": ""28147"", ""opening_hours"": ""Mo-Fr 08:00-17:00; Sa 08:00-12:00"", ""addr:housenumber"": ""1020""}",409012,I 85,I 85,84,t
node/5899299967,DRG Truck & Trailer Repair,,,t,,,POINT(-75.6966897 40.8299556),osm_truck_repair_overpass,8063,2026-08-18 07:03:05.046159+00,2026-08-18 07:00:34+00,,,,,,{},"{""name"": ""DRG Truck & Trailer Repair"", ""shop"": ""truck_repair""}",447051,I 476,NE PENNSYLVANIA TPKE,1547,t
node/6193807198,Last Chance Auto Repair For Cars Trucks,,IL,t,,,POINT(-88.1775959 41.6619724),osm_truck_repair_overpass,8063,2026-08-18 07:03:05.046159+00,2026-08-18 07:00:34+00,,,,,,{},"{""name"": ""Last Chance Auto Repair For Cars Trucks"", ""shop"": ""car_repair"", ""addr:city"": ""Plainfield"", ""addr:state"": ""IL"", ""addr:street"": ""South Naperville Road"", ""payment:cash"": ""yes"", ""payment:visa"": ""yes"", ""addr:postcode"": ""60585"", ""opening_hours"": ""Mo-Su 08:00-20:00"", ""payment:cheque"": ""yes"", ""addr:housenumber"": ""12052"", ""payment:mastercard"": ""yes"", ""payment:visa_debit"": ""yes"", ""payment:debit_cards"": ""yes"", ""payment:credit_cards"": ""yes"", ""payment:discover_card"": ""yes"", ""service:vehicle:glass"": ""yes"", ""service:vehicle:motor"": ""yes"", ""service:vehicle:tyres"": ""yes"", ""service:vehicle:brakes"": ""yes"", ""service:vehicle:towing"": ""yes"", ""service:vehicle:wheels"": ""yes"", ""service:vehicle:muffler"": ""yes"", ""service:vehicle:exhausts"": ""yes"", ""service:vehicle:painting"": ""yes"", ""service:vehicle:alignment"": ""yes"", ""service:vehicle:batteries"": ""yes"", ""service:vehicle:car_parts"": ""yes"", ""service:vehicle:car_repair"": ""yes"", ""service:vehicle:electrical"": ""yes"", ""service:vehicle:inspection"": ""yes"", ""service:vehicle:oil_change"": ""yes"", ""service:vehicle:suspension"": ""yes"", ""service:vehicle:body_repair"": ""yes"", ""service:vehicle:diagnostics"": ""yes"", ""service:vehicle:transmission"": ""yes"", ""service:vehicle:truck_repair"": ""yes"", ""service:vehicle:air_conditioning"": ""yes"", ""service:vehicle:roadside_assistance"": ""yes""}",382304,I 55,I 55,3097,t
node/6267097804,A-1 Truck & Trailer Repair,,MN,t,,,POINT(-93.1897869 44.9650871),osm_truck_repair_overpass,8063,2026-08-18 07:03:05.046159+00,2026-08-18 07:00:34+00,,,,,,{},"{""name"": ""A-1 Truck & Trailer Repair"", ""shop"": ""truck_repair"", ""phone"": ""+1-651-631-2889"", ""addr:city"": ""Saint Paul"", ""addr:state"": ""MN"", ""addr:street"": ""Vandalia Street"", ""addr:postcode"": ""55114"", ""addr:housenumber"": ""777""}",355918,I 94,I 94,995,t
node/6496592423,Rapid Truck Repair,,,t,,,POINT(-75.4999636 41.0312522),osm_truck_repair_overpass,8063,2026-08-18 07:03:05.046159+00,2026-08-18 07:00:34+00,,,,,,{},"{""name"": ""Rapid Truck Repair"", ""shop"": ""truck_repair""}",455990,I 80,Z H CONFAIR MEMORIAL HWY,4590,t
node/6550017515,Degel Truck Center,,,t,,,POINT(-90.221251 38.6055732),osm_truck_repair_overpass,8063,2026-08-18 07:03:05.046159+00,2026-08-18 07:00:34+00,,,,,,{},"{""name"": ""Degel Truck Center"", ""shop"": ""car_repair"", ""service:vehicle:truck_repair"": ""yes""}",371893,I 55,I 55,618,t
node/6688432733,TNT Repair Inc,,,t,,,POINT(-95.4446283 46.327797),osm_truck_repair_overpass,8063,2026-08-18 07:03:05.046159+00,2026-08-18 07:00:34+00,,,,,,{},"{""name"": ""TNT Repair Inc"", ""shop"": ""car_repair"", ""service:vehicle:truck_repair"": ""yes""}",356903,U 10,U 10,20678,f
node/6699408875,GP Auto Service Inc,,CA,t,,,POINT(-118.7819924 34.277747),osm_truck_repair_overpass,8063,2026-08-18 07:03:05.046159+00,2026-08-18 07:00:34+00,,,,,,{},"{""name"": ""GP Auto Service Inc"", ""shop"": ""car_repair"", ""operator"": ""GP Auto Service Inc."", ""addr:city"": ""Simi Valley"", ""addr:state"": ""CA"", ""addr:street"": ""Chambers Lane"", ""payment:cash"": ""yes"", ""payment:visa"": ""yes"", ""addr:postcode"": ""93065"", ""opening_hours"": ""Mo-Sa 08:00-18:00"", ""addr:housenumber"": ""914"", ""air_conditioning"": ""yes"", ""payment:mastercard"": ""yes"", ""payment:visa_debit"": ""yes"", ""payment:contactless"": ""yes"", ""payment:debit_cards"": ""yes"", ""payment:credit_cards"": ""yes"", ""payment:discover_card"": ""yes"", ""service:vehicle:tyres"": ""yes"", ""service:vehicle:brakes"": ""yes"", ""service:vehicle:wheels"": ""yes"", ""service:vehicle:muffler"": ""yes"", ""service:vehicle:repairs"": ""yes"", ""payment:american_express"": ""yes"", ""service:vehicle:batteries"": ""yes"", ""service:vehicle:car_parts"": ""yes"", ""service:vehicle:car_repair"": ""yes"", ""service:vehicle:electrical"": ""yes"", ""service:vehicle:inspection"": ""yes"", ""service:vehicle:oil_change"": ""yes"", ""service:vehicle:diagnostics"": ""yes"", ""service:vehicle:truck_repair"": ""yes"", ""service:vehicle:air_conditioning"": ""yes""}",30959,U 101,VENTURA FRWY,13067,f
node/6795819449,Hine Brothers Inc,,CT,t,,,POINT(-73.2156973 41.4781109),osm_truck_repair_overpass,8063,2026-08-18 07:03:05.046159+00,2026-08-18 07:00:34+00,,,,,,{},"{""name"": ""Hine Brothers Inc"", ""shop"": ""car_repair"", ""addr:city"": ""Southbury"", ""addr:state"": ""CT"", ""addr:street"": ""Main Street South"", ""addr:postcode"": ""06488"", ""addr:housenumber"": ""67"", ""service:vehicle:truck_repair"": ""yes""}",460161,I 84,I 84,355,t
node/6821478875,Sahling Kenworth,Kenworth,NE,t,,,POINT(-97.5965191 40.8366394),osm_truck_repair_overpass,8063,2026-08-18 07:03:05.046159+00,2026-08-18 07:00:34+00,,,,,,{},"{""name"": ""Sahling Kenworth"", ""shop"": ""truck"", ""brand"": ""Kenworth"", ""phone"": ""+14023626645"", ""website"": ""https://www.sahlingkenworth.com/"", ""addr:city"": ""York"", ""addr:state"": ""NE"", ""addr:street"": ""South Lincoln Avenue"", ""addr:postcode"": ""68467-9461"", ""addr:housenumber"": ""2737"", ""contact:facebook"": ""https://www.facebook.com/SahlingKenworth"", ""contact:instagram"": ""https://www.instagram.com/sahling_kenworth/"", ""service:vehicle:truck_repair"": ""yes""}",240512,U 81,U 81,98,t
node/7155251996,"Bristol Truck, Trailer, Tire Repair",,,t,,,POINT(-85.8237924 41.6669741),osm_truck_repair_overpass,8063,2026-08-18 07:03:05.046159+00,2026-08-18 07:00:34+00,,,,,,{},"{""name"": ""Bristol Truck, Trailer, Tire Repair"", ""shop"": ""truck_repair""}",11300,U 20,U 20,38,t
node/7159259225,Absolute Automotive,,OR,t,,,POINT(-123.1368232 44.0657491),osm_truck_repair_overpass,8063,2026-08-18 07:03:05.046159+00,2026-08-18 07:00:34+00,,,,,,{},"{""name"": ""Absolute Automotive"", ""shop"": ""car_repair"", ""website"": ""https://www.absoluteautomotive.org"", ""addr:city"": ""Eugene"", ""addr:state"": ""OR"", ""addr:street"": ""Highway 99 North"", ""addr:postcode"": ""97402"", ""addr:housenumber"": ""355"", ""service:vehicle:gas"": ""yes"", ""service:vehicle:tuning"": ""yes"", ""service:vehicle:car_repair"": ""yes"", ""service:vehicle:inspection"": ""yes"", ""service:vehicle:oil_change"": ""yes"", ""service:vehicle:transmission"": ""yes"", ""service:vehicle:truck_repair"": ""yes"", ""service:vehicle:engine_repair"": ""yes"", ""service:vehicle:air_conditioning"": ""yes""}",37965,S 99,W PACIFIC HWY,130,t
node/7237081618,S&S Truck Repair,,,t,,,POINT(-87.3148 36.049584),osm_truck_repair_overpass,8063,2026-08-18 07:03:05.046159+00,2026-08-18 07:00:34+00,,,,,,{},"{""name"": ""S&S Truck Repair"", ""shop"": ""truck_repair""}",384430,S 96,S 96,61,t
node/7250308453,Boss Shop,Boss Truck Shop,NC,t,,,POINT(-78.1634009 35.5663846),osm_truck_repair_overpass,8063,2026-08-18 07:03:05.046159+00,2026-08-18 07:00:34+00,,,,,,{},"{""name"": ""Boss Shop"", ""shop"": ""truck_repair"", ""brand"": ""Boss Truck Shop"", ""phone"": ""+1 919-284-1124"", ""website"": ""https://bosstruckshops.com/locations/kenly-nc-boss-truck-shop/"", ""addr:city"": ""Kenly"", ""addr:state"": ""NC"", ""addr:street"": ""Lowell Mill Road"", ""addr:postcode"": ""27542"", ""addr:housenumber"": ""595"", ""service:vehicle:truck_repair"": ""yes""}",438049,I 95,I 95,319,t
node/7326826370,Yes! Automotive,,TX,t,,,POINT(-95.2344985 30.0900432),osm_truck_repair_overpass,8063,2026-08-18 07:03:05.046159+00,2026-08-18 07:00:34+00,,,,,,{},"{""name"": ""Yes! Automotive"", ""shop"": ""car_repair"", ""phone"": ""+1-281-358-9355"", ""website"": ""https://www.mytransmissionexperts.com/locations/kingwood/"", ""addr:city"": ""Porter"", ""addr:state"": ""TX"", ""addr:street"": ""TX-494 Loop"", ""payment:cash"": ""yes"", ""payment:visa"": ""yes"", ""addr:postcode"": ""77365"", ""opening_hours"": ""Mo-Fr 08:00-18:00; Sa 08:00-13:00"", ""addr:housenumber"": ""24608"", ""air_conditioning"": ""yes"", ""payment:financing"": ""yes"", ""payment:mastercard"": ""yes"", ""payment:debit_cards"": ""yes"", ""payment:discover_card"": ""yes"", ""service:vehicle:motor"": ""yes"", ""service:vehicle:brakes"": ""yes"", ""service:vehicle:muffler"": ""yes"", ""payment:american_express"": ""yes"", ""service:vehicle:exhausts"": ""yes"", ""service:vehicle:car_repair"": ""yes"", ""service:vehicle:electrical"": ""yes"", ""service:vehicle:inspection"": ""yes"", ""service:vehicle:oil_change"": ""yes"", ""service:vehicle:diagnostics"": ""yes"", ""service:vehicle:transmission"": ""yes"", ""service:vehicle:truck_repair"": ""yes"", ""service:vehicle:air_conditioning"": ""yes"", ""service:vehicle:fleet_vehicle_maintenance"": ""yes""}",143878,I 69,I 69,592,t
node/7372864449,Dick York's Auto Service,,ID,t,,,POINT(-114.273997 43.4873418),osm_truck_repair_overpass,8063,2026-08-18 07:03:05.046159+00,2026-08-18 07:00:34+00,,,,,,{},"{""name"": ""Dick York's Auto Service"", ""shop"": ""car_repair"", ""addr:city"": ""Hailey"", ""addr:state"": ""ID"", ""addr:street"": ""Glenbrook Drive"", ""payment:cash"": ""yes"", ""addr:postcode"": ""83333"", ""opening_hours"": ""24/7"", ""addr:housenumber"": ""4320"", ""payment:debit_cards"": ""yes"", ""payment:credit_cards"": ""yes"", ""service:vehicle:tyres"": ""yes"", ""service:vehicle:repairs"": ""yes"", ""service:vehicle:alignment"": ""yes"", ""service:vehicle:car_repair"": ""yes"", ""service:vehicle:oil_change"": ""yes"", ""service:vehicle:diagnostics"": ""yes"", ""service:vehicle:truck_repair"": ""yes""}",84010,U 75,U 75,257,t
node/7376259672,Freightliner,Freightliner,MI,t,,,POINT(-85.6789387 42.8690357),osm_truck_repair_overpass,8063,2026-08-18 07:03:05.046159+00,2026-08-18 07:00:34+00,,,,,,{},"{""name"": ""Freightliner"", ""shop"": ""truck"", ""brand"": ""Freightliner"", ""addr:city"": ""Wyoming"", ""addr:state"": ""MI"", ""addr:street"": ""Clay Avenue Southwest"", ""second_hand"": ""yes"", ""addr:postcode"": ""49548"", ""brand:wikidata"": ""Q1420724"", ""addr:housenumber"": ""5285"", ""service:vehicle:oil_change"": ""yes"", ""service:vehicle:diagnostics"": ""yes"", ""service:vehicle:truck_parts"": ""yes"", ""service:vehicle:truck_sales"": ""yes"", ""service:vehicle:truck_repair"": ""yes""}",404650,U 131,U 131,93,t
node/7392780356,Apex Automotive Services & Speedy Lube,,,t,,,POINT(-114.2761501 48.2143898),osm_truck_repair_overpass,8063,2026-08-18 07:03:05.046159+00,2026-08-18 07:00:34+00,,,,,,{},"{""name"": ""Apex Automotive Services & Speedy Lube"", ""shop"": ""car_repair"", ""description"": ""Automotive Maintenance and Repair"", ""payment:cash"": ""yes"", ""opening_hours"": ""Mo-Sa 08:30-17:30"", ""payment:debit_cards"": ""yes"", ""payment:credit_cards"": ""yes"", ""service:vehicle:car_repair"": ""yes"", ""service:vehicle:oil_change"": ""yes"", ""service:vehicle:truck_repair"": ""yes""}",87710,S 35,S 35,32,t
node/7539403247,Certified Fleet Services Inc,,NE,t,,,POINT(-96.0137739 41.2273797),osm_truck_repair_overpass,8063,2026-08-18 07:03:05.046159+00,2026-08-18 07:00:34+00,,,,,,{},"{""name"": ""Certified Fleet Services Inc"", ""shop"": ""car_repair"", ""phone"": ""+1-402-731-5322"", ""addr:city"": ""Omaha"", ""addr:state"": ""NE"", ""addr:street"": ""Grover Street"", ""currency:USD"": ""yes"", ""addr:postcode"": ""68106"", ""opening_hours"": ""Mo-Fr 08:00-17:00"", ""addr:housenumber"": ""6502"", ""service:vehicle:truck_repair"": ""yes""}",283190,I 80,I 80,411,t
node/7539403248,Suspension Shop Inc.,,NE,t,,,POINT(-96.0135265 41.2273456),osm_truck_repair_overpass,8063,2026-08-18 07:03:05.046159+00,2026-08-18 07:00:34+00,,,,,,{},"{""name"": ""Suspension Shop Inc."", ""shop"": ""car_repair"", ""email"": ""kathy@ssinc.omhcoxmail.com"", ""phone"": ""+1-402-331-0129"", ""website"": ""https://www.suspensionshopinc.com/"", ""addr:city"": ""Omaha"", ""addr:state"": ""NE"", ""addr:street"": ""Grover Street"", ""currency:USD"": ""yes"", ""payment:cash"": ""yes"", ""payment:visa"": ""yes"", ""addr:postcode"": ""68106"", ""opening_hours"": ""Mo-Fr 08:00-17:00"", ""addr:housenumber"": ""6502"", ""payment:mastercard"": ""yes"", ""payment:debit_cards"": ""yes"", ""payment:discover_card"": ""yes"", ""service:vehicle:truck_repair"": ""yes""}",283190,I 80,I 80,408,t
node/7771352947,Iron City Ford,Ford,AL,t,,,POINT(-86.6889599 33.6102805),osm_truck_repair_overpass,8063,2026-08-18 07:03:05.046159+00,2026-08-18 07:00:34+00,,,,,,{},"{""name"": ""Iron City Ford"", ""shop"": ""car"", ""brand"": ""Ford"", ""phone"": ""+1-205-854-2222"", ""website"": ""https://www.ironcityford.com/"", ""addr:city"": ""Birmingham"", ""addr:state"": ""AL"", ""addr:street"": ""Parkway East"", ""second_hand"": ""yes"", ""addr:postcode"": ""35215"", ""addr:housenumber"": ""9924"", ""service:vehicle:car_parts"": ""yes"", ""service:vehicle:car_repair"": ""yes"", ""service:vehicle:oil_change"": ""yes"", ""service:vehicle:body_repair"": ""yes"", ""service:vehicle:diagnostics"": ""yes"", ""service:vehicle:truck_repair"": ""yes"", ""service:vehicle:new_car_sales"": ""yes"", ""service:vehicle:used_car_sales"": ""yes""}",383175,I 59,I 59,2613,t
node/7874840939,Mon's Auto Clinic,,TX,t,,,POINT(-95.4807527 29.9580095),osm_truck_repair_overpass,8063,2026-08-18 07:03:05.046159+00,2026-08-18 07:00:34+00,,,,,,{},"{""name"": ""Mon's Auto Clinic"", ""shop"": ""car_repair"", ""addr:city"": ""Houston"", ""addr:unit"": ""J"", ""addr:state"": ""TX"", ""addr:street"": ""Antoine Drive"", ""payment:cash"": ""yes"", ""payment:visa"": ""yes"", ""addr:postcode"": ""77066"", ""opening_hours"": ""Mo-Sa 09:00-18:00"", ""addr:housenumber"": ""12130"", ""payment:mastercard"": ""yes"", ""service:vehicle:tyres"": ""yes"", ""service:vehicle:brakes"": ""yes"", ""service:vehicle:batteries"": ""yes"", ""service:vehicle:car_repair"": ""yes"", ""service:vehicle:electrical"": ""yes"", ""service:vehicle:oil_change"": ""yes"", ""service:vehicle:diagnostics"": ""yes"", ""service:vehicle:truck_repair"": ""yes"", ""service:vehicle:air_conditioning"": ""yes""}",141848,,N SAM HOUSTON PKWY,2242,t
node/7896914485,Apex Auto and Diesel Repair,,SC,t,,,POINT(-81.2120827 33.9086589),osm_truck_repair_overpass,8063,2026-08-18 07:03:05.046159+00,2026-08-18 07:00:34+00,,,,,,{},"{""name"": ""Apex Auto and Diesel Repair"", ""shop"": ""car_repair"", ""email"": ""apexautodr@gmail.com"", ""phone"": ""+1 803 520 0145"", ""website"": ""https://apexautoanddieselrepair.com/"", ""operator"": ""Apex Auto and Diesel Repair"", ""addr:city"": ""Red Bank"", ""addr:state"": ""SC"", ""addr:street"": ""Platt Springs Road"", ""payment:cash"": ""yes"", ""addr:postcode"": ""29073"", ""opening_hours"": ""Mo-Fr 08:00-17:00"", ""addr:housenumber"": ""5321"", ""payment:credit_cards"": ""yes"", ""service:vehicle:tyres"": ""yes"", ""service:vehicle:brakes"": ""yes"", ""service:vehicle:muffler"": ""yes"", ""service:vehicle:repairs"": ""yes"", ""service:vehicle:alignment"": ""yes"", ""service:vehicle:batteries"": ""yes"", ""service:vehicle:car_repair"": ""yes"", ""service:vehicle:electrical"": ""yes"", ""service:vehicle:oil_change"": ""yes"", ""service:vehicle:diagnostics"": ""yes"", ""service:vehicle:truck_repair"": ""yes"", ""service:vehicle:air_conditioning"": ""yes""}",408122,I 20,I 20,5642,f
node/7990452095,Tire Guys and Service,,OH,t,,,POINT(-83.0496445 39.9315203),osm_truck_repair_overpass,8063,2026-08-18 07:03:05.046159+00,2026-08-18 07:00:34+00,,,,,,{},"{""name"": ""Tire Guys and Service"", ""shop"": ""car_repair"", ""phone"": ""+1 614 824 4749"", ""addr:city"": ""Columbus"", ""addr:state"": ""OH"", ""addr:street"": ""Harrisburg Pike"", ""payment:cash"": ""yes"", ""addr:postcode"": ""43223"", ""opening_hours"": ""Mo-Sa 09:00-18:00"", ""addr:housenumber"": ""1313"", ""payment:debit_cards"": ""yes"", ""payment:credit_cards"": ""yes"", ""service:vehicle:tyres"": ""yes"", ""service:vehicle:brakes"": ""yes"", ""service:vehicle:wheels"": ""yes"", ""service:vehicle:muffler"": ""yes"", ""service:vehicle:repairs"": ""yes"", ""service:vehicle:exhausts"": ""yes"", ""service:vehicle:alignment"": ""yes"", ""service:vehicle:batteries"": ""yes"", ""service:vehicle:mechanics"": ""yes"", ""service:vehicle:car_repair"": ""yes"", ""service:vehicle:electrical"": ""yes"", ""service:vehicle:inspection"": ""yes"", ""service:vehicle:oil_change"": ""yes"", ""service:vehicle:body_repair"": ""yes"", ""service:vehicle:diagnostics"": ""yes"", ""service:vehicle:truck_repair"": ""yes"", ""service:vehicle:engine_repair"": ""yes"", ""service:vehicle:air_conditioning"": ""yes""}",415525,U 62,U 62,39,t
node/8331542200,,,ID,t,,,POINT(-116.1991811 43.5647361),osm_truck_repair_overpass,8063,2026-08-18 07:03:05.046159+00,2026-08-18 07:00:34+00,,,,,,{},"{""shop"": ""car_repair"", ""addr:city"": ""Boise"", ""addr:state"": ""ID"", ""addr:street"": ""South Broadway Avenue"", ""addr:postcode"": ""83705"", ""addr:housenumber"": ""4175"", ""service:vehicle:truck_repair"": ""yes""}",83507,I 84,I 84,234,t
node/8715460628,TA Truck Service,,OH,t,,,POINT(-80.6679136 41.8773171),osm_truck_repair_overpass,8063,2026-08-18 07:03:05.046159+00,2026-08-18 07:00:34+00,,,,,,{},"{""name"": ""TA Truck Service"", ""shop"": ""car_repair"", ""operator"": ""TA"", ""addr:city"": ""Kingsville"", ""addr:state"": ""OH"", ""addr:street"": ""State Route 193"", ""addr:postcode"": ""44048"", ""addr:housenumber"": ""5551"", ""service:vehicle:truck_repair"": ""yes""}",427727,I 90,I 90,183,t
node/8815792592,"Rider's Automotive, LLC",,KY,t,,,POINT(-84.6211052 38.9562053),osm_truck_repair_overpass,8063,2026-08-18 07:03:05.046159+00,2026-08-18 07:00:34+00,,,,,,{},"{""name"": ""Rider's Automotive, LLC"", ""shop"": ""car_repair"", ""phone"": ""+1-859-371-1090"", ""addr:city"": ""Florence"", ""addr:state"": ""KY"", ""addr:street"": ""Dixie Highway"", ""payment:cash"": ""yes"", ""addr:postcode"": ""41042"", ""opening_hours"": ""Mo-Fr 08:00-18:00"", ""addr:housenumber"": ""10057"", ""payment:credit_cards"": ""yes"", ""service:vehicle:tyres"": ""yes"", ""service:vehicle:brakes"": ""yes"", ""service:vehicle:muffler"": ""yes"", ""service:vehicle:alignment"": ""yes"", ""service:vehicle:batteries"": ""yes"", ""service:vehicle:car_repair"": ""yes"", ""service:vehicle:inspection"": ""yes"", ""service:vehicle:oil_change"": ""yes"", ""service:vehicle:diagnostics"": ""yes"", ""service:vehicle:truck_repair"": ""yes"", ""service:vehicle:air_conditioning"": ""yes""}",390073,I 71,I 71,1145,t
node/891116507,Gulf Coast Truck & Trailer Repair,,,t,,,POINT(-89.2475969 30.4053819),osm_truck_repair_overpass,8063,2026-08-18 07:03:05.046159+00,2026-08-18 07:00:34+00,,,,,,{},"{""name"": ""Gulf Coast Truck & Trailer Repair"", ""shop"": ""truck_repair"", ""phone"": ""+1 228-255-0065"", ""addr:street"": ""Firetower"", ""truck:repair"": ""yes"", ""trailer:repair"": ""yes"", ""addr:housenumber"": ""8230""}",173647,I 10,I 10,255,t
node/9241846500,Quality Toyota,Toyota,,t,,,POINT(-95.7328428 37.223025),osm_truck_repair_overpass,8063,2026-08-18 07:03:05.046159+00,2026-08-18 07:00:34+00,,,,,,{},"{""name"": ""Quality Toyota"", ""shop"": ""car"", ""brand"": ""Toyota"", ""second_hand"": ""yes"", ""brand:wikidata"": ""Q53268"", ""service:vehicle:tyres"": ""yes"", ""service:vehicle:brakes"": ""yes"", ""service:vehicle:wheels"": ""yes"", ""service:vehicle:alignment"": ""yes"", ""service:vehicle:batteries"": ""yes"", ""service:vehicle:car_parts"": ""yes"", ""service:vehicle:car_repair"": ""yes"", ""service:vehicle:electrical"": ""yes"", ""service:vehicle:inspection"": ""yes"", ""service:vehicle:oil_change"": ""yes"", ""service:vehicle:diagnostics"": ""yes"", ""service:vehicle:truck_repair"": ""yes"", ""service:vehicle:new_car_sales"": ""yes"", ""service:vehicle:used_car_sales"": ""yes"", ""service:vehicle:air_conditioning"": ""yes""}",255333,U 75,U 75,67,t
node/9313404667,Valley Peterbilt,Peterbilt,CA,t,,,POINT(-121.2246963 37.9420499),osm_truck_repair_overpass,8063,2026-08-18 07:03:05.046159+00,2026-08-18 07:00:34+00,,,,,,{},"{""name"": ""Valley Peterbilt"", ""shop"": ""truck_repair"", ""brand"": ""Peterbilt"", ""addr:city"": ""Stockton"", ""addr:unit"": ""A"", ""addr:state"": ""CA"", ""addr:street"": ""South Sinclair Avenue"", ""addr:postcode"": ""95215"", ""brand:wikidata"": ""Q944640"", ""addr:housenumber"": ""2110""}",35520,S 99,S 99,895,t
node/9480178329,Normandin Chrysler Dodge Jeep Ram Fiat Service Center,Chrysler;Jeep;Dodge;Ram;Fiat,CA,t,,,POINT(-121.8707407 37.2743751),osm_truck_repair_overpass,8063,2026-08-18 07:03:05.046159+00,2026-08-18 07:00:34+00,,,,,,{},"{""name"": ""Normandin Chrysler Dodge Jeep Ram Fiat Service Center"", ""shop"": ""car_repair"", ""brand"": ""Chrysler;Jeep;Dodge;Ram;Fiat"", ""website"": ""https://www.normandinchryslerjeep.net/chrysler-dodge-jeep-ram-service-san-jose/"", ""operator"": ""Normandin"", ""addr:city"": ""San Jose"", ""addr:state"": ""CA"", ""addr:street"": ""West Capitol Expressway"", ""second_hand"": ""yes"", ""payment:cash"": ""yes"", ""addr:postcode"": ""95136"", ""opening_hours"": ""Mo-Sa 09:00-21:00, Su 10:00-20:00"", ""brand:wikidata"": ""Q29610;Q30113;Q27564;Q165708;Q27597"", ""addr:housenumber"": ""900"", ""payment:credit_cards"": ""yes"", ""service:vehicle:glass"": ""yes"", ""service:vehicle:motor"": ""yes"", ""service:vehicle:tyres"": ""yes"", ""service:vehicle:brakes"": ""yes"", ""service:vehicle:wheels"": ""yes"", ""service:vehicle:muffler"": ""yes"", ""service:vehicle:repairs"": ""yes"", ""service:vehicle:batteries"": ""yes"", ""service:vehicle:car_parts"": ""yes"", ""service:vehicle:car_repair"": ""yes"", ""service:vehicle:electrical"": ""yes"", ""service:vehicle:inspection"": ""yes"", ""service:vehicle:oil_change"": ""yes"", ""service:vehicle:body_repair"": ""yes"", ""service:vehicle:diagnostics"": ""yes"", ""service:vehicle:truck_repair"": ""yes"", ""service:vehicle:new_car_sales"": ""yes"", ""service:vehicle:used_car_sales"": ""yes"", ""service:vehicle:air_conditioning"": ""yes"", ""service:vehicle:transmission_repair"": ""yes""}",28437,I 280,I 280,5801,f
node/9511674220,Truck Works of Brookfield,,,t,,,POINT(-87.8451821 41.8057854),osm_truck_repair_overpass,8063,2026-08-18 07:03:05.046159+00,2026-08-18 07:00:34+00,,,,,,{},"{""name"": ""Truck Works of Brookfield"", ""shop"": ""truck_repair""}",389054,I 55,ADLAI E STEVENSON EXWY,2440,t
node/9533488516,,,,t,,,POINT(-108.7404945 32.3547574),osm_truck_repair_overpass,8063,2026-08-18 07:03:05.046159+00,2026-08-18 07:00:34+00,,,,,,{},"{""shop"": ""truck_repair""}",23522,,Motel Dr,100,t
node/9627453569,Rhino Truck Bed Liners Somerset,,LA,t,,,POINT(-93.7202847 32.5278016),osm_truck_repair_overpass,8063,2026-08-18 07:03:05.046159+00,2026-08-18 07:00:34+00,,,,,,{},"{""name"": ""Rhino Truck Bed Liners Somerset"", ""shop"": ""car_repair"", ""phone"": ""+1-318-741-3434"", ""website"": ""https://la.bossiercity.rhinotruckbedliners.com"", ""addr:city"": ""Bossier City"", ""addr:state"": ""LA"", ""addr:street"": ""East Texas Street"", ""addr:postcode"": ""71111"", ""addr:housenumber"": ""2132"", ""service:vehicle:truck_repair"": ""yes""}",155481,U 80,U 80,29,t
node/9951343712,,,,t,,,POINT(-91.9373312 38.9403586),osm_truck_repair_overpass,8063,2026-08-18 07:03:05.046159+00,2026-08-18 07:00:34+00,,,,,,{},"{""shop"": ""car_repair"", ""service:vehicle:truck_repair"": ""yes""}",371525,U 54,U 54,322,t
node/9982334758,TA,,,t,,,POINT(-80.2415021 33.7049346),osm_truck_repair_overpass,8063,2026-08-18 07:03:05.046159+00,2026-08-18 07:00:34+00,,,,,,{},"{""name"": ""TA"", ""shop"": ""car_repair"", ""service:vehicle:truck_repair"": ""yes""}",408615,I 95,I 95,202,t
node/9982493726,,,,t,,,POINT(-81.8121656 35.047551),osm_truck_repair_overpass,8063,2026-08-18 07:03:05.046159+00,2026-08-18 07:00:34+00,,,,,,{},"{""shop"": ""car_repair"", ""service:vehicle:truck_repair"": ""yes""}",406790,I 85,I 85,176,t
node/9984605763,TA Truck Service,TA,,t,,,POINT(-103.7058688 39.2711401),osm_truck_repair_overpass,8063,2026-08-18 07:03:05.046159+00,2026-08-18 07:00:34+00,,,,,,{},"{""name"": ""TA Truck Service"", ""shop"": ""car_repair"", ""brand"": ""TA"", ""brand:wikidata"": ""Q7835892"", ""service:vehicle:truck_repair"": ""yes""}",99441,U 24,U 24,138,t
way/1008938689,Border International,International,NM,t,,,POINT(-106.8120144 32.2949476),osm_truck_repair_overpass,8063,2026-08-18 07:03:05.046159+00,2026-08-18 07:00:34+00,,,,,,{},"{""name"": ""Border International"", ""shop"": ""truck"", ""brand"": ""International"", ""phone"": ""+1-575-541-4259"", ""branch"": ""Las Cruces"", ""website"": ""https://www.borderint.com/"", ""building"": ""retail"", ""addr:city"": ""Las Cruces"", ""addr:state"": ""NM"", ""addr:street"": ""West Amador Avenue"", ""addr:postcode"": ""88047"", ""opening_hours"": ""Mo-Fr 07:30-18:00; Sa 08:00-17:00"", ""brand:wikidata"": ""Q29739"", ""addr:housenumber"": ""2701"", ""service:vehicle:truck_repair"": ""yes""}",24048,I 10,I 10,159,t
way/1011341040,Total Appearance - Truck Painting & Graphics,,WI,t,,,POINT(-88.2356025 43.0758716),osm_truck_repair_overpass,8063,2026-08-18 07:03:05.046159+00,2026-08-18 07:00:34+00,,,,,,{},"{""name"": ""Total Appearance - Truck Painting & Graphics"", ""shop"": ""car_repair"", ""phone"": ""+1 262 691 14 10"", ""source"": ""microsoft/BuildingFootprints"", ""website"": ""https://totalappear.com/"", ""building"": ""yes"", ""addr:city"": ""Pewaukee"", ""addr:state"": ""WI"", ""addr:street"": ""Hickory Street"", ""addr:postcode"": ""53072"", ""addr:housenumber"": ""1291"", ""service:vehicle:painting"": ""yes"", ""service:vehicle:body_repair"": ""yes"", ""service:vehicle:truck_repair"": ""yes""}",475266,S 16,State Hwy 16,1298,t
way/1016138860,Speedco,Speedco,GA,t,,,POINT(-83.1853136 30.6457247),osm_truck_repair_overpass,8063,2026-08-18 07:03:05.046159+00,2026-08-18 07:00:34+00,,,,,,{},"{""name"": ""Speedco"", ""shop"": ""truck_repair"", ""brand"": ""Speedco"", ""phone"": ""+1-229-559-0182"", ""website"": ""https://www.loves.com/locations/933"", ""building"": ""yes"", ""addr:city"": ""Lake Park"", ""addr:state"": ""GA"", ""addr:street"": ""Bellville Road"", ""addr:postcode"": ""31636"", ""opening_hours"": ""Mo,Sa-Su 06:00-20:00; Tu-Fr 06:00-24:00"", ""brand:wikidata"": ""Q112455073"", ""contact:website"": ""https://www.loves.com/locations/933"", ""addr:housenumber"": ""6847""}",187391,I 75,I 75,425,t
way/1021489860,,,VA,t,,,POINT(-79.1429695 38.0215822),osm_truck_repair_overpass,8063,2026-08-18 07:03:05.046159+00,2026-08-18 07:00:34+00,,,,,,{},"{""shop"": ""truck_repair"", ""building"": ""industrial"", ""addr:city"": ""Staunton"", ""addr:state"": ""VA"", ""addr:street"": ""Lee Jackson Highway"", ""addr:postcode"": ""24401""}",441237,I 81,I 81,143,t
way/1025620423,Minnesota Truck Headquarters,,MN,t,,,POINT(-94.126758 45.5749575),osm_truck_repair_overpass,8063,2026-08-18 07:03:05.046159+00,2026-08-18 07:00:34+00,,,,,,{},"{""name"": ""Minnesota Truck Headquarters"", ""shop"": ""car"", ""phone"": ""+1-320-230-6064"", ""source"": ""microsoft/BuildingFootprints;local knowledge;aerial imagery;gps"", ""website"": ""https://www.YourMTH.com"", ""building"": ""yes"", ""addr:city"": ""Saint Cloud"", ""addr:state"": ""MN"", ""addr:street"": ""Highway 23 NE"", ""second_hand"": ""only"", ""addr:postcode"": ""56304"", ""opening_hours"": ""08:30-20:00"", ""addr:housenumber"": ""1805"", ""service:vehicle:car_parts"": ""yes"", ""service:vehicle:car_repair"": ""yes"", ""service:vehicle:truck_sales"": ""yes"", ""service:vehicle:truck_repair"": ""yes"", ""service:vehicle:used_car_sales"": ""yes""}",355708,S 23,S 23,105,t
way/1026836164,KC Truck Trailer Repair,,KS,t,,,POINT(-94.635005 39.0881862),osm_truck_repair_overpass,8063,2026-08-18 07:03:05.046159+00,2026-08-18 07:00:34+00,,,,,,{},"{""name"": ""KC Truck Trailer Repair"", ""shop"": ""car_repair"", ""building"": ""yes"", ""addr:city"": ""Kansas City"", ""addr:state"": ""KS"", ""addr:street"": ""South 10th Street"", ""addr:postcode"": ""66105"", ""addr:housenumber"": ""565"", ""service:vehicle:truck_repair"": ""yes""}",278690,I 70,I 70,406,t
way/1032547490,Hale Trailer - Brake & Wheel - Service Department,,PA,t,,,POINT(-75.5816183 40.5915524),osm_truck_repair_overpass,8063,2026-08-18 07:03:05.046159+00,2026-08-18 07:00:34+00,,,,,,{},"{""name"": ""Hale Trailer - Brake & Wheel - Service Department"", ""shop"": ""truck_repair"", ""building"": ""industrial"", ""addr:city"": ""Allentown"", ""addr:state"": ""PA"", ""roof:shape"": ""flat"", ""addr:street"": ""Oakview Drive"", ""addr:postcode"": ""18104"", ""addr:housenumber"": ""5360""}",446995,U 22,LEHIGH VALLEY THWY,140,t
way/1033418551,Boss Truck Shop,Boss Truck Shop,KS,t,,,POINT(-94.9624187 38.7628342),osm_truck_repair_overpass,8063,2026-08-18 07:03:05.046159+00,2026-08-18 07:00:34+00,,,,,,{},"{""name"": ""Boss Truck Shop"", ""shop"": ""truck_repair"", ""brand"": ""Boss Truck Shop"", ""phone"": ""+1 913-882-7001"", ""website"": ""https://bosstruckshops.com/locations/edgerton-ks-boss-truck-shop/"", ""building"": ""yes"", ""addr:city"": ""Edgerton"", ""addr:state"": ""KS"", ""addr:street"": ""West 200th Street"", ""addr:postcode"": ""66021"", ""addr:housenumber"": ""32511"", ""service:vehicle:truck_repair"": ""yes""}",276032,I 35,I 35,253,t
way/1037320857,,,,t,,,POINT(-83.7579089 31.9775096),osm_truck_repair_overpass,8063,2026-08-18 07:03:05.046159+00,2026-08-18 07:00:34+00,,,,,,{},"{""shop"": ""car_repair"", ""building"": ""yes"", ""service:vehicle:truck_tyres"": ""yes"", ""service:vehicle:truck_repair"": ""yes""}",187595,I 75,I 75,353,t
way/1040728706,Harmon 4 Wheel Drive,,OK,t,,,POINT(-95.9586138 36.170309),osm_truck_repair_overpass,8063,2026-08-18 07:03:05.046159+00,2026-08-18 07:00:34+00,,,,,,{},"{""fax"": ""+1 918 583 5613"", ""name"": ""Harmon 4 Wheel Drive"", ""shop"": ""car_repair"", ""email"": ""HARMON4WD@GMAIL.COM"", ""phone"": ""+1 918 585 5674"", ""website"": ""https://www.harmon4wheeldrive.com/"", ""building"": ""garages"", ""addr:city"": ""Tulsa"", ""addr:state"": ""OK"", ""roof:shape"": ""flat"", ""addr:street"": ""North Lewis Avenue East"", ""roof:colour"": ""white"", ""roof:levels"": ""0"", ""addr:country"": ""US"", ""addr:postcode"": ""74110"", ""opening_hours"": ""Mo-Fr 08:00-17:00"", ""building:colour"": ""tan"", ""building:levels"": ""1"", ""addr:housenumber"": ""1120"", ""service:vehicle:tyres"": ""yes"", ""service:vehicle:brakes"": ""yes"", ""service:vehicle:car_parts"": ""yes"", ""service:vehicle:car_repair"": ""yes"", ""service:vehicle:transmission"": ""yes"", ""service:vehicle:truck_repair"": ""yes""}",254692,I 244,CROSSTOWN EXWY,1071,t
way/1042795400,Rush Truck Centers – Indianapolis,Rush Truck Centers,IN,t,,,POINT(-86.1825937 39.6916861),osm_truck_repair_overpass,8063,2026-08-18 07:03:05.046159+00,2026-08-18 07:00:34+00,,,,,,{},"{""name"": ""Rush Truck Centers – Indianapolis"", ""shop"": ""truck_repair"", ""brand"": ""Rush Truck Centers"", ""phone"": ""+1-317-677-9200"", ""branch"": ""Indianapolis"", ""source"": ""esri/Indianapolis_IN_Buildings"", ""website"": ""https://www.rushtruckcenters.com/locations/29010000-indianapolis"", ""building"": ""commercial"", ""operator"": ""Rush Truck Centers"", ""addr:city"": ""Indianapolis"", ""addr:state"": ""IN"", ""addr:street"": ""West Thompson Road"", ""addr:postcode"": ""46217"", ""opening_hours"": ""Mo-Fr 07:00-24:00; Sa 08:00-17:00"", ""brand:wikidata"": ""Q120637525"", ""addr:housenumber"": ""1325""}",3145,S 37,S 37,367,t
way/1043109719,Kaza Fire Repair Shop,,,t,,,POINT(-78.7338775 40.4802236),osm_truck_repair_overpass,8063,2026-08-18 07:03:05.046159+00,2026-08-18 07:00:34+00,,,,,,{},"{""name"": ""Kaza Fire Repair Shop"", ""shop"": ""truck_repair"", ""building"": ""yes""}",442435,U 219,NORTH STAR WY,1582,t
way/1043610028,Love's Truck Care,Love's,,t,,,POINT(-88.997514 42.4551685),osm_truck_repair_overpass,8063,2026-08-18 07:03:05.046159+00,2026-08-18 07:00:34+00,,,,,,{},"{""name"": ""Love's Truck Care"", ""shop"": ""truck_repair"", ""brand"": ""Love's"", ""building"": ""commercial""}",403714,I 39,I 39,191,t
way/1046609486,Benlee Roll-Off Trailers,,,t,,,POINT(-83.3378276 42.2524957),osm_truck_repair_overpass,8063,2026-08-18 07:03:05.046159+00,2026-08-18 07:00:34+00,,,,,,{},"{""name"": ""Benlee Roll-Off Trailers"", ""shop"": ""truck_repair"", ""phone"": ""+1-734-722-8100"", ""building"": ""yes""}",448002,I 94,EDSEL FORD FRWY,1342,t
way/1056187972,"Fox's Repair, LLC",,VA,t,,,POINT(-78.969845 38.3930808),osm_truck_repair_overpass,8063,2026-08-18 07:03:05.046159+00,2026-08-18 07:00:34+00,,,,,,{},"{""name"": ""Fox's Repair, LLC"", ""shop"": ""truck_repair"", ""phone"": ""+1-540-879-8446"", ""website"": ""https://foxsrepair.com/"", ""operator"": ""Fox's Repair, LLC"", ""addr:door"": ""B"", ""addr:unit"": ""B"", ""addr:state"": ""VA"", ""check_date"": ""2023-01-09"", ""addr:street"": ""Dry River Road"", ""description"": ""Fire Truck Repair, Starter & Alternator rebuilding"", ""payment:cash"": ""yes"", ""addr:postcode"": ""22812"", ""building:part"": ""yes"", ""opening_hours"": ""Mo-Fr 07:00-16:00"", ""internet_access"": ""wlan"", ""addr:housenumber"": ""221"", ""internet_access:fee"": ""no"", ""payment:credit_cards"": ""yes""}",441284,S 42,S 42,426,t
way/1056887110,,,ME,t,,,POINT(-68.3805638 47.2809805),osm_truck_repair_overpass,8063,2026-08-18 07:03:05.046159+00,2026-08-18 07:00:34+00,,,,,,{},"{""shop"": ""car_repair"", ""phone"": ""+1-207-543-5034"", ""building"": ""residential"", ""addr:city"": ""Frenchville"", ""addr:state"": ""ME"", ""addr:street"": ""Main Street"", ""addr:postcode"": ""04745"", ""addr:housenumber"": ""274"", ""service:vehicle:car_repair"": ""yes"", ""service:vehicle:inspection"": ""yes"", ""service:vehicle:truck_repair"": ""yes""}",467564,I 95,I 95,128684,f
way/1060894740,Ronnie's Truck Service Inc,,NC,t,,,POINT(-77.9694042 35.6639428),osm_truck_repair_overpass,8063,2026-08-18 07:03:05.046159+00,2026-08-18 07:00:34+00,,,,,,{},"{""name"": ""Ronnie's Truck Service Inc"", ""shop"": ""truck_repair"", ""building"": ""yes"", ""addr:city"": ""Lucama"", ""addr:state"": ""NC"", ""addr:street"": ""US 301"", ""addr:postcode"": ""27851"", ""addr:housenumber"": ""4542""}",439192,U 301,U 301,87,t
way/1064968659,Nola Truck Service,,,t,,,POINT(-90.0852061 29.8945442),osm_truck_repair_overpass,8063,2026-08-18 07:03:05.046159+00,2026-08-18 07:00:34+00,,,,,,{},"{""name"": ""Nola Truck Service"", ""shop"": ""car_repair"", ""phone"": ""+1-504-354-9265"", ""website"": ""https://nolatruckservice.com"", ""building"": ""yes"", ""addr:city"": ""Harvey"", ""addr:street"": ""Mac Arthur Avenue"", ""addr:postcode"": ""70058"", ""addr:housenumber"": ""1000"", ""service:vehicle:car_repair"": ""no"", ""service:vehicle:truck_repair"": ""yes"", ""service:vehicle:air_conditioning"": ""yes"", ""service:vehicle:transmission_repair"": ""yes""}",172761,U 90 B,U 90 B,243,t
way/1075813608,TA Truck Service,TA,,t,,,POINT(-104.521916 41.1602495),osm_truck_repair_overpass,8063,2026-08-18 07:03:05.046159+00,2026-08-18 07:00:34+00,,,,,,{},"{""name"": ""TA Truck Service"", ""shop"": ""car_repair"", ""brand"": ""TA"", ""building"": ""yes"", ""brand:wikidata"": ""Q7835892"", ""service:vehicle:truck_repair"": ""yes""}",99679,I 80,I 80,261,t
way/1082733682,Piedmont Fleet Services,,VA,t,,,POINT(-79.2153036 37.3713367),osm_truck_repair_overpass,8063,2026-08-18 07:03:05.046159+00,2026-08-18 07:00:34+00,,,,,,{},"{""name"": ""Piedmont Fleet Services"", ""shop"": ""truck_repair"", ""building"": ""yes"", ""addr:city"": ""Lynchburg"", ""addr:state"": ""VA"", ""addr:street"": ""Mill Ridge Road"", ""addr:postcode"": ""24502"", ""addr:housenumber"": ""201""}",438788,U 29,U 29,3038,t
way/1084526899,Windy City Diesel,,OK,t,,,POINT(-96.0057483 36.1040683),osm_truck_repair_overpass,8063,2026-08-18 07:03:05.046159+00,2026-08-18 07:00:34+00,,,,,,{},"{""name"": ""Windy City Diesel"", ""shop"": ""car_repair"", ""phone"": ""+1-539-202-2877"", ""source"": ""microsoft/BuildingFootprints"", ""website"": ""https://www.windycitydieselinc.com"", ""building"": ""yes"", ""addr:city"": ""Tulsa"", ""addr:state"": ""OK"", ""addr:street"": ""West 41st Street"", ""currency:XBT"": ""yes"", ""addr:postcode"": ""74107-7029"", ""contact:email"": ""jim@ontruckrepair.com"", ""opening_hours"": ""Mo-Fr 08:00-18:00; Sa 08:00-13:00"", ""payment:onchain"": ""no"", ""addr:housenumber"": ""1114"", ""contact:instagram"": ""https://www.instagram.com/windy_city_diesel"", ""payment:lightning"": ""yes"", ""check_date:currency:XBT"": ""2026-03-03"", ""payment:lightning:operator"": ""square"", ""service:vehicle:truck_repair"": ""yes"", ""payment:lightning_contactless"": ""no""}",254841,U 75,OKMULGEE BEE-LINE,275,t
way/1092572538,Fyda Freightliner Western Star Zanesville,,OH,t,,,POINT(-81.8939975 39.9673524),osm_truck_repair_overpass,8063,2026-08-18 07:03:05.046159+00,2026-08-18 07:00:34+00,,,,,,{},"{""name"": ""Fyda Freightliner Western Star Zanesville"", ""shop"": ""truck_repair"", ""website"": ""https://www.fydafreightliner.com/map-and-hours-for-our-dealership--hours-zanesville"", ""building"": ""yes"", ""operator"": ""Fyda Freightliner"", ""addr:city"": ""Zanesville"", ""addr:state"": ""OH"", ""addr:street"": ""East Pike"", ""contact:fax"": ""+1 740-487-1726"", ""second_hand"": ""yes"", ""addr:postcode"": ""43701"", ""contact:phone"": ""+1 740-487-1730"", ""opening_hours"": ""Mo-Fr 08:00-17:00, Sa 08:00-13:00, Su off \""Truck Sales\""; Mo-Fr 05:00-17:00, Sa 08:00-13:00, Su off \""Service + Parts\"""", ""building:levels"": ""1"", ""addr:housenumber"": ""5005"", ""contact:facebook"": ""https://www.facebook.com/fydafreightlinerwesternstarzanesville"", ""service:vehicle:truck_sales"": ""yes""}",421307,I 70,I 70,91,t
way/1094656499,Rush Truck Centers – Lowell,Rush Truck Centers,AR,t,,,POINT(-94.1358158 36.2410506),osm_truck_repair_overpass,8063,2026-08-18 07:03:05.046159+00,2026-08-18 07:00:34+00,,,,,,{},"{""name"": ""Rush Truck Centers – Lowell"", ""shop"": ""truck_repair"", ""brand"": ""Rush Truck Centers"", ""phone"": ""+1-479-770-1200"", ""branch"": ""Lowell"", ""source"": ""microsoft/BuildingFootprints"", ""website"": ""https://www.rushtruckcenters.com/locations/32020000-lowell"", ""building"": ""commercial"", ""operator"": ""Rush Truck Centers"", ""addr:city"": ""Lowell"", ""addr:full"": ""807 South Bloomington Street"", ""addr:state"": ""AR"", ""addr:street"": ""South Bloomington Street"", ""addr:country"": ""US"", ""addr:postcode"": ""72745"", ""opening_hours"": ""Mo-Fr 07:00-22:00; Sa 08:00-17:00"", ""brand:wikidata"": ""Q120637525"", ""addr:housenumber"": ""807""}",267281,U 71,U 71,1452,t
way/1099480148,Lake City Auto Care,,ID,t,,,POINT(-116.7818934 47.6847785),osm_truck_repair_overpass,8063,2026-08-18 07:03:05.046159+00,2026-08-18 07:00:34+00,,,,,,{},"{""name"": ""Lake City Auto Care"", ""shop"": ""car_repair"", ""phone"": ""+12088568336"", ""toilets"": ""yes"", ""website"": ""https://lakecityautocare.com/"", ""building"": ""yes"", ""addr:city"": ""Coeur d'Alene"", ""addr:state"": ""ID"", ""wheelchair"": ""yes"", ""addr:street"": ""North 3rd Street"", ""payment:cash"": ""yes"", ""addr:postcode"": ""83814"", ""opening_hours"": ""Mo-Fr 08:00-17:00"", ""addr:housenumber"": ""1114"", ""toilets:wheelchair"": ""yes"", ""payment:contactless"": ""yes"", ""payment:debit_cards"": ""yes"", ""payment:credit_cards"": ""yes"", ""service:vehicle:car_repair"": ""yes"", ""service:vehicle:oil_change"": ""yes"", ""service:vehicle:truck_repair"": ""yes"", ""service:vehicle:engine_repair"": ""yes""}",85732,I 90,I 90,1296,t
way/1109748368,TA Truck Service,TA,NY,t,,,POINT(-74.2205839 41.5038681),osm_truck_repair_overpass,8063,2026-08-18 07:03:05.046159+00,2026-08-18 07:00:34+00,,,,,,{},"{""name"": ""TA Truck Service"", ""shop"": ""car_repair"", ""brand"": ""TA"", ""phone"": ""+18454573163"", ""website"": ""https://www.ta-petro.com/"", ""building"": ""yes"", ""addr:city"": ""Montgomery"", ""addr:state"": ""NY"", ""addr:street"": ""Neelytown Road"", ""addr:postcode"": ""12549"", ""opening_hours"": ""24/7"", ""brand:wikidata"": ""Q7835892"", ""addr:housenumber"": ""125"", ""nysgissam:nysaddresspointid"": ""ORAN089514"", ""service:vehicle:truck_repair"": ""yes""}",458695,I 84,I 84,177,t
way/1111615828,Tom's Car Care,,CA,t,,,POINT(-121.0112953 39.1970285),osm_truck_repair_overpass,8063,2026-08-18 07:03:05.046159+00,2026-08-18 07:00:34+00,,,,,,{},"{""name"": ""Tom's Car Care"", ""shop"": ""car_repair"", ""phone"": ""+1 530 477 8880"", ""website"": ""https://www.tomscarcare.com/"", ""building"": ""yes"", ""addr:city"": ""Grass Valley"", ""addr:state"": ""CA"", ""addr:street"": ""Colfax Highway"", ""payment:cash"": ""yes"", ""addr:postcode"": ""95945"", ""opening_hours"": ""Mo-Th 07:30-17:00; Fr 07:30-12:00"", ""addr:housenumber"": ""13473"", ""payment:debit_cards"": ""yes"", ""payment:credit_cards"": ""yes"", ""service:vehicle:motor"": ""yes"", ""service:vehicle:brakes"": ""yes"", ""service:vehicle:muffler"": ""yes"", ""service:vehicle:repairs"": ""yes"", ""service:vehicle:alignment"": ""yes"", ""service:vehicle:batteries"": ""yes"", ""service:vehicle:car_repair"": ""yes"", ""service:vehicle:electrical"": ""yes"", ""service:vehicle:oil_change"": ""yes"", ""service:vehicle:diagnostics"": ""yes"", ""service:vehicle:transmission"": ""yes"", ""service:vehicle:truck_repair"": ""yes""}",36091,I 80,I 80,9681,f
way/1112590043,Pwel Spring & Driveshaft Company,,,t,,,POINT(-80.1681087 41.6232301),osm_truck_repair_overpass,8063,2026-08-18 07:03:05.046159+00,2026-08-18 07:00:34+00,,,,,,{},"{""name"": ""Pwel Spring & Driveshaft Company"", ""shop"": ""truck_repair"", ""source"": ""microsoft/BuildingFootprints"", ""building"": ""yes""}",436371,U 6,GRAND ARMY OF THE REPUBLIC HWY,305,t
way/1118111017,Hight's Auto and Diesel Repair,,TN,t,,,POINT(-86.1358013 36.0975493),osm_truck_repair_overpass,8063,2026-08-18 07:03:05.046159+00,2026-08-18 07:00:34+00,,,,,,{},"{""name"": ""Hight's Auto and Diesel Repair"", ""shop"": ""car_repair"", ""phone"": ""+1-615-946-2163"", ""building"": ""yes"", ""addr:city"": ""Watertown"", ""addr:state"": ""TN"", ""addr:street"": ""Sparta Pike"", ""addr:postcode"": ""37184"", ""addr:housenumber"": ""8830"", ""service:vehicle:repairs"": ""yes"", ""service:vehicle:car_repair"": ""yes"", ""service:vehicle:oil_change"": ""yes"", ""service:vehicle:diagnostics"": ""yes"", ""service:vehicle:truck_repair"": ""yes""}",385116,U 70,U 70,35,t
way/1119326653,Midlane Truck & Trailer Repair,,OR,t,,,POINT(-123.1653258 44.0548922),osm_truck_repair_overpass,8063,2026-08-18 07:03:05.046159+00,2026-08-18 07:00:34+00,,,,,,{},"{""fax"": ""+1 541 345 9365"", ""name"": ""Midlane Truck & Trailer Repair"", ""shop"": ""truck_repair"", ""email"": ""service@midlanetrucks.com"", ""phone"": ""+1 541 345 7570"", ""website"": ""https://midlanetrucks.com"", ""building"": ""commercial"", ""addr:city"": ""Eugene"", ""addr:state"": ""OR"", ""addr:street"": ""West 5th Avenue"", ""addr:postcode"": ""97402"", ""opening_hours"": ""Mo-Fr 07:00-17:00"", ""addr:housenumber"": ""4237"", ""contact:facebook"": ""MidLaneTruckTrailer"", ""service:vehicle:rv_repair"": ""yes"", ""service:vehicle:truck_repair"": ""yes"", ""service:vehicle:truck_trailer"": ""yes""}",37946,S 126,S 126,763,t
way/1132917297,MaxdOut Diesel LLC,,,t,,,POINT(-79.0961257 38.3582745),osm_truck_repair_overpass,8063,2026-08-18 07:03:05.046159+00,2026-08-18 07:00:34+00,,,,,,{},"{""name"": ""MaxdOut Diesel LLC"", ""shop"": ""car_repair"", ""source"": ""microsoft/BuildingFootprints"", ""building"": ""yes"", ""service:vehicle:truck_repair"": ""yes""}",441281,S 42,S 42,10985,f
way/1136898532,Wise Automotive,,WA,t,,,POINT(-120.5095748 46.9288296),osm_truck_repair_overpass,8063,2026-08-18 07:03:05.046159+00,2026-08-18 07:00:34+00,,,,,,{},"{""name"": ""Wise Automotive"", ""shop"": ""car_repair"", ""website"": ""https://www.wiseautoshop.com/"", ""building"": ""yes"", ""operator"": ""Wise Automotive"", ""addr:city"": ""Ellensburg"", ""addr:state"": ""WA"", ""addr:street"": ""Canyon Road"", ""addr:postcode"": ""98926"", ""addr:housenumber"": ""6936"", ""service:vehicle:repairs"": ""yes"", ""service:vehicle:car_repair"": ""yes"", ""service:vehicle:oil_change"": ""yes"", ""service:vehicle:diagnostics"": ""yes"", ""service:vehicle:truck_repair"": ""yes"", ""service:vehicle:transmission_repair"": ""yes""}",53123,I 82,I 82,584,t
way/1150303464,Dimartino Motorsports,,NY,t,,,POINT(-74.1882832 41.5511773),osm_truck_repair_overpass,8063,2026-08-18 07:03:05.046159+00,2026-08-18 07:00:34+00,,,,,,{},"{""name"": ""Dimartino Motorsports"", ""shop"": ""car_repair"", ""phone"": ""+18459265644"", ""website"": ""https://www.dimartinomotorsports.com/"", ""building"": ""yes"", ""operator"": ""Vinnie & Jarrod Shorette"", ""addr:city"": ""Walden"", ""addr:state"": ""NY"", ""addr:street"": ""Orange Avenue"", ""addr:postcode"": ""12586"", ""opening_hours"": ""Mo-Fr 08:00-17:00"", ""addr:housenumber"": ""155"", ""service:vehicle:tyres"": ""yes"", ""service:vehicle:brakes"": ""yes"", ""service:vehicle:car_repair"": ""yes"", ""service:vehicle:oil_change"": ""yes"", ""nysgissam:nysaddresspointid"": ""ORAN122793"", ""service:vehicle:diagnostics"": ""yes"", ""service:vehicle:truck_repair"": ""yes""}",458582,I 84,I 84,3773,t
way/1153377642,Bus Barn,,,t,,,POINT(-150.2216145 62.5547509),osm_truck_repair_overpass,8063,2026-08-18 07:03:05.046159+00,2026-08-18 07:00:34+00,,,,,,{},"{""name"": ""Bus Barn"", ""shop"": ""car_repair"", ""access"": ""employees"", ""building"": ""yes"", ""operator"": ""McKinley Princess Lodge"", ""roof:shape"": ""gabled"", ""building:levels"": ""2"", ""service:vehicle:truck_repair"": ""yes""}",12774,I 3,GEORGE PARKS HWY,1020,t
way/1157887137,Covert Cadillac Bee Cave,Cadillac,TX,t,,,POINT(-98.0021571 30.3153867),osm_truck_repair_overpass,8063,2026-08-18 07:03:05.046159+00,2026-08-18 07:00:34+00,,,,,,{},"{""name"": ""Covert Cadillac Bee Cave"", ""shop"": ""car"", ""brand"": ""Cadillac"", ""phone"": ""+1-512-900-7062"", ""website"": ""https://www.covertbeecavecadillac.com/"", ""building"": ""retail"", ""operator"": ""Covert Auto Group"", ""addr:city"": ""Austin"", ""addr:unit"": ""2"", ""addr:state"": ""TX"", ""check_date"": ""2025-03-28"", ""wheelchair"": ""yes"", ""addr:street"": ""Sweetwater Village Drive"", ""payment:nfc"": ""yes"", ""second_hand"": ""yes"", ""currency:USD"": ""yes"", ""payment:cash"": ""yes"", ""payment:visa"": ""yes"", ""addr:postcode"": ""78738"", ""official_name"": ""Covert Cadillac Bee Cave"", ""opening_hours"": ""Mo-Sa 09:00-19:00"", ""brand:wikidata"": ""Q27436"", ""payment:cheque"": ""yes"", ""internet_access"": ""wlan"", ""addr:housenumber"": ""16501"", ""air_conditioning"": ""yes"", ""payment:apple_pay"": ""yes"", ""payment:google_pay"": ""yes"", ""payment:mastercard"": ""yes"", ""payment:visa_debit"": ""yes"", ""internet_access:fee"": ""no"", ""payment:contactless"": ""yes"", ""payment:debit_cards"": ""yes"", ""payment:credit_cards"": ""yes"", ""service:vehicle:sale"": ""yes"", ""payment:discover_card"": ""yes"", ""service:vehicle:glass"": ""yes"", ""service:vehicle:motor"": ""yes"", ""service:vehicle:tyres"": ""yes"", ""service:vehicle:brakes"": ""yes"", ""service:vehicle:hybrid"": ""yes"", ""service:vehicle:towing"": ""yes"", ""service:vehicle:wheels"": ""yes"", ""service:vehicle:muffler"": ""yes"", ""service:vehicle:repairs"": ""yes"", ""payment:american_express"": ""yes"", ""service:vehicle:painting"": ""yes"", ""service:vehicle:alignment"": ""yes"", ""service:vehicle:batteries"": ""yes"", ""service:vehicle:car_parts"": ""yes"", ""service:vehicle:car_repair"": ""yes"", ""service:vehicle:electrical"": ""yes"", ""service:vehicle:inspection"": ""yes"", ""service:vehicle:oil_change"": ""yes"", ""service:vehicle:body_repair"": ""yes"", ""service:vehicle:diagnostics"": ""yes"", ""service:vehicle:transmission"": ""yes"", ""service:vehicle:truck_repair"": ""yes"", ""service:vehicle:new_car_sales"": ""yes"", ""payment:mastercard_contactless"": ""yes"", ""service:vehicle:used_car_sales"": ""yes"", ""service:vehicle:air_conditioning"": ""yes"", ""service:vehicle:transmission_repair"": ""yes""}",133656,S 71,S 71,243,t
way/1157887138,Covert Buick GMC Bee Cave,GMC,TX,t,,,POINT(-98.0004942 30.3156887),osm_truck_repair_overpass,8063,2026-08-18 07:03:05.046159+00,2026-08-18 07:00:34+00,,,,,,{},"{""name"": ""Covert Buick GMC Bee Cave"", ""shop"": ""car"", ""brand"": ""GMC"", ""phone"": ""+1-512-954-9290"", ""website"": ""https://www.covertbuickgmcbeecave.com"", ""building"": ""yes"", ""operator"": ""Covert Auto Group"", ""addr:city"": ""Bee Cave"", ""addr:unit"": ""1"", ""addr:state"": ""TX"", ""check_date"": ""2023-03-28"", ""wheelchair"": ""yes"", ""addr:street"": ""Sweetwater Village Drive"", ""payment:nfc"": ""yes"", ""second_hand"": ""yes"", ""payment:cash"": ""yes"", ""payment:visa"": ""yes"", ""addr:postcode"": ""78738"", ""official_name"": ""Covert Buick/GMC Bee Cave"", ""opening_hours"": ""Mo-Sa 09:00-19:00"", ""brand:wikidata"": ""Q28993"", ""addr:housenumber"": ""16501"", ""air_conditioning"": ""yes"", ""payment:apple_pay"": ""yes"", ""payment:google_pay"": ""yes"", ""payment:mastercard"": ""yes"", ""payment:visa_debit"": ""yes"", ""payment:contactless"": ""yes"", ""payment:debit_cards"": ""yes"", ""payment:credit_cards"": ""yes"", ""service:vehicle:sale"": ""yes"", ""payment:discover_card"": ""yes"", ""service:vehicle:glass"": ""yes"", ""service:vehicle:motor"": ""yes"", ""service:vehicle:tyres"": ""yes"", ""service:vehicle:brakes"": ""yes"", ""service:vehicle:towing"": ""yes"", ""service:vehicle:wheels"": ""yes"", ""service:vehicle:muffler"": ""yes"", ""service:vehicle:repairs"": ""yes"", ""payment:american_express"": ""yes"", ""service:vehicle:painting"": ""yes"", ""service:vehicle:alignment"": ""yes"", ""service:vehicle:batteries"": ""yes"", ""service:vehicle:car_parts"": ""yes"", ""service:vehicle:car_repair"": ""yes"", ""service:vehicle:electrical"": ""yes"", ""service:vehicle:inspection"": ""yes"", ""service:vehicle:oil_change"": ""yes"", ""service:vehicle:body_repair"": ""yes"", ""service:vehicle:diagnostics"": ""yes"", ""service:vehicle:transmission"": ""yes"", ""service:vehicle:truck_repair"": ""yes"", ""service:vehicle:new_car_sales"": ""yes"", ""payment:mastercard_contactless"": ""yes"", ""service:vehicle:used_car_sales"": ""yes"", ""service:vehicle:air_conditioning"": ""yes"", ""service:vehicle:transmission_repair"": ""yes""}",133656,S 71,S 71,217,t
way/1157887140,Covert CDJR Bee Cave,Chrysler;Dodge;Jeep;Ram,TX,t,,,POINT(-98.0035433 30.315714),osm_truck_repair_overpass,8063,2026-08-18 07:03:05.046159+00,2026-08-18 07:00:34+00,,,,,,{},"{""name"": ""Covert CDJR Bee Cave"", ""shop"": ""car"", ""brand"": ""Chrysler;Dodge;Jeep;Ram"", ""phone"": ""+1-512-954-9280"", ""website"": ""https://www.covertbeecavecdjr.com/"", ""building"": ""retail"", ""operator"": ""Covert Auto Group"", ""addr:city"": ""Bee Cave"", ""addr:unit"": ""3"", ""addr:state"": ""TX"", ""wheelchair"": ""yes"", ""addr:street"": ""Sweetwater Village Drive"", ""payment:nfc"": ""yes"", ""second_hand"": ""yes"", ""currency:USD"": ""yes"", ""payment:cash"": ""yes"", ""payment:visa"": ""yes"", ""addr:postcode"": ""78738"", ""opening_hours"": ""Mo-Sa 09:00-19:00"", ""brand:wikidata"": ""Q1374677;Q1341391;Q180872;Q165708"", ""payment:cheque"": ""yes"", ""internet_access"": ""wlan"", ""addr:housenumber"": ""16501"", ""payment:apple_pay"": ""yes"", ""payment:google_pay"": ""yes"", ""payment:mastercard"": ""yes"", ""payment:visa_debit"": ""yes"", ""internet_access:fee"": ""no"", ""payment:contactless"": ""yes"", ""payment:debit_cards"": ""yes"", ""payment:credit_cards"": ""yes"", ""service:vehicle:sale"": ""yes"", ""payment:discover_card"": ""yes"", ""service:vehicle:glass"": ""yes"", ""service:vehicle:motor"": ""yes"", ""service:vehicle:tyres"": ""yes"", ""service:vehicle:brakes"": ""yes"", ""service:vehicle:hybrid"": ""yes"", ""service:vehicle:towing"": ""yes"", ""service:vehicle:wheels"": ""yes"", ""service:vehicle:muffler"": ""yes"", ""service:vehicle:repairs"": ""yes"", ""payment:american_express"": ""yes"", ""service:vehicle:painting"": ""yes"", ""service:vehicle:alignment"": ""yes"", ""service:vehicle:batteries"": ""yes"", ""service:vehicle:car_parts"": ""yes"", ""service:vehicle:car_repair"": ""yes"", ""service:vehicle:electrical"": ""yes"", ""service:vehicle:inspection"": ""yes"", ""service:vehicle:oil_change"": ""yes"", ""service:vehicle:body_repair"": ""yes"", ""service:vehicle:diagnostics"": ""yes"", ""service:vehicle:transmission"": ""yes"", ""service:vehicle:truck_repair"": ""yes"", ""service:vehicle:new_car_sales"": ""yes"", ""payment:mastercard_contactless"": ""yes"", ""service:vehicle:used_car_sales"": ""yes"", ""service:vehicle:air_conditioning"": ""yes"", ""service:vehicle:transmission_repair"": ""yes""}",133656,S 71,S 71,230,t
way/1159500466,Bill's Automotive,,MI,t,,,POINT(-86.2573512 45.952871),osm_truck_repair_overpass,8063,2026-08-18 07:03:05.046159+00,2026-08-18 07:00:34+00,,,,,,{},"{""name"": ""Bill's Automotive"", ""shop"": ""car_repair"", ""phone"": ""+1 906-286-3923"", ""building"": ""yes"", ""addr:city"": ""Manistique"", ""addr:state"": ""MI"", ""addr:street"": ""Chippewa Avenue"", ""addr:postcode"": ""49854"", ""opening_hours"": ""Mo-Fr 08:00-17:00"", ""addr:housenumber"": ""507"", ""service:vehicle:brakes"": ""yes"", ""service:vehicle:wheels"": ""yes"", ""service:vehicle:muffler"": ""yes"", ""service:vehicle:alignment"": ""yes"", ""service:vehicle:batteries"": ""yes"", ""service:vehicle:car_repair"": ""yes"", ""service:vehicle:inspection"": ""yes"", ""service:vehicle:oil_change"": ""yes"", ""service:vehicle:transmission"": ""yes"", ""service:vehicle:truck_repair"": ""yes""}",404509,U 2,U 2,207,t
way/1164528478,KC Wholesale Truck and Trailer Sales,,MO,t,,,POINT(-94.1438803 39.0155779),osm_truck_repair_overpass,8063,2026-08-18 07:03:05.046159+00,2026-08-18 07:00:34+00,,,,,,{},"{""name"": ""KC Wholesale Truck and Trailer Sales"", ""shop"": ""car_repair"", ""building"": ""commercial"", ""addr:city"": ""Oak Grove"", ""addr:state"": ""MO"", ""addr:street"": ""Southwest 1st Street"", ""addr:postcode"": ""64075"", ""addr:housenumber"": ""1001"", ""service:vehicle:truck_repair"": ""yes"", ""service:vehicle:used_truck_sales"": ""yes""}",291280,I 70,I 70,98,t
way/1164528481,KC Wholesale Service Center,,MO,t,,,POINT(-94.1410145 39.0155237),osm_truck_repair_overpass,8063,2026-08-18 07:03:05.046159+00,2026-08-18 07:00:34+00,,,,,,{},"{""name"": ""KC Wholesale Service Center"", ""shop"": ""car_repair"", ""building"": ""commercial"", ""addr:city"": ""Oak Grove"", ""addr:state"": ""MO"", ""addr:street"": ""Southwest 1st Street"", ""addr:postcode"": ""64075"", ""addr:housenumber"": ""701"", ""service:vehicle:truck_repair"": ""yes"", ""service:vehicle:used_truck_sales"": ""yes""}",291280,I 70,I 70,92,t
way/1183725508,Southern Tire Mart,,CA,t,,,POINT(-119.187844 35.5324299),osm_truck_repair_overpass,8063,2026-08-18 07:03:05.046159+00,2026-08-18 07:00:34+00,,,,,,{},"{""name"": ""Southern Tire Mart"", ""shop"": ""car_repair"", ""phone"": ""+1-661-393-9015"", ""website"": ""https://locations.stmtires.com/ca/bakersfield/17047-zachary-ave"", ""building"": ""yes"", ""addr:city"": ""Bakersfield"", ""addr:state"": ""CA"", ""addr:street"": ""Zachary Avenue"", ""addr:postcode"": ""93308"", ""addr:housenumber"": ""17047"", ""service:vehicle:tyres"": ""yes"", ""service:vehicle:brakes"": ""yes"", ""service:vehicle:repairs"": ""yes"", ""service:vehicle:alignment"": ""yes"", ""service:vehicle:electrical"": ""yes"", ""service:vehicle:truck_repair"": ""yes""}",31204,S 99,S 99,255,t
way/1184524796,Scotts Auto & Clutch Repair,,UT,t,,,POINT(-111.8957626 40.7145349),osm_truck_repair_overpass,8063,2026-08-18 07:03:05.046159+00,2026-08-18 07:00:34+00,,,,,,{},"{""name"": ""Scotts Auto & Clutch Repair"", ""shop"": ""car_repair"", ""phone"": ""+1-801-485-4089"", ""website"": ""https://slcauotshop.com"", ""building"": ""yes"", ""addr:city"": ""South Salt Lake"", ""addr:state"": ""Ut"", ""addr:street"": ""West Crystal Avenue"", ""payment:nfc"": ""yes"", ""payment:cash"": ""yes"", ""payment:visa"": ""yes"", ""addr:postcode"": ""84117"", ""opening_hours"": ""Mo-Fr 08:00-17:00"", ""payment:cards"": ""yes"", ""payment:coins"": ""yes"", ""payment:notes"": ""yes"", ""payment:cheque"": ""yes"", ""addr:housenumber"": ""144"", ""payment:apple_pay"": ""yes"", ""payment:google_pay"": ""yes"", ""payment:mastercard"": ""yes"", ""payment:contactless"": ""yes"", ""payment:debit_cards"": ""yes"", ""payment:samsung_pay"": ""yes"", ""payment:credit_cards"": ""yes"", ""payment:discover_card"": ""yes"", ""service:vehicle:motor"": ""yes"", ""service:vehicle:brakes"": ""yes"", ""service:vehicle:muffler"": ""yes"", ""service:vehicle:repairs"": ""yes"", ""payment:american_express"": ""yes"", ""service:vehicle:batteries"": ""yes"", ""service:vehicle:car_parts"": ""yes"", ""service:vehicle:car_repair"": ""yes"", ""service:vehicle:electrical"": ""yes"", ""service:vehicle:inspection"": ""yes"", ""service:vehicle:diagnostics"": ""yes"", ""service:vehicle:transmission"": ""yes"", ""service:vehicle:truck_repair"": ""yes"", ""service:vehicle:air_conditioning"": ""yes"", ""service:vehicle:transmission_repair"": ""yes""}",81356,I 80,I 80,398,t
way/1189068611,Passarella's Automotive and LightTruck Repair,,NJ,t,,,POINT(-74.8550043 39.7165016),osm_truck_repair_overpass,8063,2026-08-18 07:03:05.046159+00,2026-08-18 07:00:34+00,,,,,,{},"{""name"": ""Passarella's Automotive and LightTruck Repair"", ""shop"": ""car_repair"", ""source"": ""microsoft/BuildingFootprints"", ""building"": ""yes"", ""addr:city"": ""Waterford Works"", ""addr:state"": ""NJ"", ""addr:street"": ""South White Horse Pike"", ""addr:postcode"": ""08089"", ""addr:housenumber"": ""300"", ""service:vehicle:car_repair"": ""yes"", ""service:vehicle:truck_repair"": ""yes""}",454688,S 42,S 42,14395,f
way/1190427541,Fremont Ford Lander,Ford,WY,t,,,POINT(-108.7494888 42.8447176),osm_truck_repair_overpass,8063,2026-08-18 07:03:05.046159+00,2026-08-18 07:00:34+00,,,,,,{},"{""name"": ""Fremont Ford Lander"", ""shop"": ""car"", ""brand"": ""Ford"", ""phone"": ""+1 307-335-3359"", ""source"": ""local knowledge"", ""website"": ""https://www.fremontfordlander.com/"", ""building"": ""yes"", ""addr:city"": ""Lander"", ""addr:state"": ""WY"", ""check_date"": ""2023-07-18"", ""addr:street"": ""West Main Street"", ""second_hand"": ""yes"", ""addr:postcode"": ""82520"", ""opening_hours"": ""Mo-Fr 08:00-18:00"", ""brand:wikidata"": ""Q44294"", ""internet_access"": ""wlan"", ""addr:housenumber"": ""1731"", ""air_conditioning"": ""yes"", ""service:vehicle:tyres"": ""yes"", ""service:vehicle:brakes"": ""yes"", ""service:vehicle:alignment"": ""yes"", ""service:vehicle:car_repair"": ""yes"", ""service:vehicle:oil_change"": ""yes"", ""service:vehicle:truck_repair"": ""yes"", ""service:vehicle:new_car_sales"": ""yes""}",113187,U 287,U 287,127,t
way/1191501432,Quality Truck Body & Equipment,,OH,t,,,POINT(-80.6381525 41.0541345),osm_truck_repair_overpass,8063,2026-08-18 07:03:05.046159+00,2026-08-18 07:00:34+00,,,,,,{},"{""name"": ""Quality Truck Body & Equipment"", ""shop"": ""truck_repair"", ""source"": ""microsoft/BuildingFootprints"", ""building"": ""yes"", ""addr:city"": ""Boardman"", ""addr:state"": ""OH"", ""addr:street"": ""Simon Road"", ""addr:postcode"": ""44512"", ""addr:housenumber"": ""4440""}",435400,I 680,I 680,713,t
way/1191502142,McMichael Brothers,,OH,t,,,POINT(-80.63453 41.0543425),osm_truck_repair_overpass,8063,2026-08-18 07:03:05.046159+00,2026-08-18 07:00:34+00,,,,,,{},"{""name"": ""McMichael Brothers"", ""shop"": ""truck_repair"", ""source"": ""microsoft/BuildingFootprints"", ""building"": ""yes"", ""addr:city"": ""Boardman"", ""addr:state"": ""OH"", ""addr:street"": ""Lake Park Road"", ""addr:postcode"": ""44512"", ""addr:housenumber"": ""4393""}",435400,I 680,I 680,409,t
way/1199323897,Bosak Ford,Ford,IN,t,,,POINT(-87.1136338 41.6034853),osm_truck_repair_overpass,8063,2026-08-18 07:03:05.046159+00,2026-08-18 07:00:34+00,,,,,,{},"{""name"": ""Bosak Ford"", ""shop"": ""car"", ""brand"": ""Ford"", ""phone"": ""+12197878600"", ""website"": ""https://www.bosakford.com/"", ""building"": ""yes"", ""addr:city"": ""Burns Harbor"", ""addr:state"": ""IN"", ""addr:street"": ""Melton Road"", ""second_hand"": ""yes"", ""payment:cash"": ""yes"", ""payment:visa"": ""yes"", ""addr:postcode"": ""46304"", ""opening_hours"": ""Mo-Th 09:00-20:00, Fr 09:00-18:00, Sa 09:00-17:00"", ""brand:wikidata"": ""Q44294"", ""addr:housenumber"": ""244"", ""payment:mastercard"": ""yes"", ""payment:debit_cards"": ""yes"", ""payment:credit_cards"": ""yes"", ""service:vehicle:tyres"": ""yes"", ""service:vehicle:brakes"": ""yes"", ""service:vehicle:wheels"": ""yes"", ""service:vehicle:alignment"": ""yes"", ""service:vehicle:batteries"": ""yes"", ""service:vehicle:car_parts"": ""yes"", ""service:vehicle:car_repair"": ""yes"", ""service:vehicle:oil_change"": ""yes"", ""service:vehicle:diagnostics"": ""yes"", ""service:vehicle:truck_repair"": ""yes"", ""service:vehicle:new_car_sales"": ""yes"", ""service:vehicle:used_car_sales"": ""yes"", ""service:vehicle:air_conditioning"": ""yes""}",4630,U 20,U 20,79,t
way/1199977643,Rush Truck Centers – Dalhart,Rush Truck Centers,TX,t,,,POINT(-102.5060577 36.0553616),osm_truck_repair_overpass,8063,2026-08-18 07:03:05.046159+00,2026-08-18 07:00:34+00,,,,,,{},"{""name"": ""Rush Truck Centers – Dalhart"", ""shop"": ""truck_repair"", ""brand"": ""Rush Truck Centers"", ""phone"": ""+1-806-884-2100"", ""branch"": ""Dalhart"", ""source"": ""microsoft/BuildingFootprints"", ""website"": ""https://www.rushtruckcenters.com/locations/10270000-dalhart"", ""building"": ""yes"", ""operator"": ""Rush Truck Centers"", ""addr:city"": ""Dalhart"", ""addr:state"": ""TX"", ""addr:street"": ""US-87"", ""addr:postcode"": ""79022"", ""opening_hours"": ""Mo-Fr 07:00-17:00"", ""brand:wikidata"": ""Q120637525"", ""addr:housenumber"": ""1117""}",95463,U 87,U 87,70,t
way/1206288741,Speedco,Speedco,ND,t,,,POINT(-98.0043625 46.9094116),osm_truck_repair_overpass,8063,2026-08-18 07:03:05.046159+00,2026-08-18 07:00:34+00,,,,,,{},"{""name"": ""Speedco"", ""shop"": ""truck_repair"", ""brand"": ""Speedco"", ""building"": ""yes"", ""addr:city"": ""Valley City"", ""addr:state"": ""ND"", ""brand:wikidata"": ""Q112455073"", ""addr:housenumber"": ""1391""}",332942,I 94,I 94,284,t
way/1212472211,Speedco,Speedco,IL,t,,,POINT(-87.7763298 40.1306409),osm_truck_repair_overpass,8063,2026-08-18 07:03:05.046159+00,2026-08-18 07:00:34+00,,,,,,{},"{""name"": ""Speedco"", ""shop"": ""truck_repair"", ""brand"": ""Speedco"", ""building"": ""retail"", ""addr:city"": ""Oakwood"", ""addr:state"": ""IL"", ""addr:street"": ""Newtown Road"", ""addr:postcode"": ""61858"", ""brand:wikidata"": ""Q112455073"", ""addr:housenumber"": ""17919""}",388881,I 74,I 74,436,t
way/1212706779,Speedco,Speedco,,t,,,POINT(-86.0143511 35.4180644),osm_truck_repair_overpass,8063,2026-08-18 07:03:05.046159+00,2026-08-18 07:00:34+00,,,,,,{},"{""name"": ""Speedco"", ""shop"": ""truck_repair"", ""brand"": ""Speedco"", ""website"": ""https://www.loves.com/locations/764"", ""building"": ""yes"", ""brand:wikidata"": ""Q112455073""}",382338,I 24,I 24,212,t
way/1213903443,Cummin's Sales and Service,,NY,t,,,POINT(-78.7159232 42.9427102),osm_truck_repair_overpass,8063,2026-08-18 07:03:05.046159+00,2026-08-18 07:00:34+00,,,,,,{},"{""name"": ""Cummin's Sales and Service"", ""shop"": ""truck"", ""branch"": ""Buffalo"", ""building"": ""commercial"", ""operator"": ""Cummin's Inc."", ""addr:city"": ""Buffalo"", ""addr:floor"": ""Floor 2"", ""addr:state"": ""NY"", ""wheelchair"": ""limited"", ""addr:street"": ""Aero Drive"", ""addr:postcode"": ""14225"", ""opening_hours"": ""Mo-Fr 07:00-17:00"", ""addr:housenumber"": ""700"", ""service:vehicle:inspection"": ""yes"", ""nysgissam:nysaddresspointid"": ""ERIE312529;ERIE379140"", ""service:vehicle:truck_repair"": ""yes""}",450013,I 90,NEW YORK STATE THWY,884,t
way/1216674505,JR's Auto Care,,VA,t,,,POINT(-79.2880263 37.1095966),osm_truck_repair_overpass,8063,2026-08-18 07:03:05.046159+00,2026-08-18 07:00:34+00,,,,,,{},"{""name"": ""JR's Auto Care"", ""shop"": ""car_repair"", ""email"": ""jrsautocare@hotmail.com"", ""phone"": ""+1-434-608-5848"", ""website"": ""https://www.jrsautocare.net/"", ""building"": ""yes"", ""addr:city"": ""Altavista"", ""addr:state"": ""VA"", ""wheelchair"": ""yes"", ""addr:street"": ""Main Street"", ""payment:nfc"": ""yes"", ""payment:cash"": ""yes"", ""addr:postcode"": ""24517"", ""opening_hours"": ""Mo-Th 07:00-18:00"", ""internet_access"": ""wlan"", ""addr:housenumber"": ""611"", ""air_conditioning"": ""yes"", ""contact:facebook"": ""https://www.facebook.com/JRsAutoCare611"", ""payment:debit_cards"": ""yes"", ""payment:credit_cards"": ""yes"", ""service:vehicle:tyres"": ""yes"", ""service:vehicle:alignment"": ""yes"", ""service:vehicle:car_repair"": ""yes"", ""service:vehicle:inspection"": ""yes"", ""service:vehicle:oil_change"": ""yes"", ""service:vehicle:truck_repair"": ""yes""}",438734,U 29,U 29,2590,t
way/1217965206,Black Run Transmission,,OH,t,,,POINT(-82.1770572 40.0689019),osm_truck_repair_overpass,8063,2026-08-18 07:03:05.046159+00,2026-08-18 07:00:34+00,,,,,,{},"{""name"": ""Black Run Transmission"", ""shop"": ""truck_repair"", ""email"": ""sjgaswint@blackruntransmission.com"", ""website"": ""https://blackruntransmission.com/"", ""building"": ""yes"", ""addr:city"": ""Nashport"", ""addr:state"": ""OH"", ""addr:street"": ""Newark Road"", ""contact:fax"": ""+1 740-828-9851"", ""addr:postcode"": ""43830"", ""contact:phone"": ""+1 740-828-3669"", ""opening_hours"": ""Mo-Fr 08:00-17:00, Sa-Su off"", ""building:levels"": ""1"", ""addr:housenumber"": ""10211"", ""contact:facebook"": ""https://www.facebook.com/BlackRunTransmission""}",420962,S 146,S 146,53,t
way/1222018845,,freightliner,,t,,,POINT(-95.2191457 36.5533169),osm_truck_repair_overpass,8063,2026-08-18 07:03:05.046159+00,2026-08-18 07:00:34+00,,,,,,{},"{""shop"": ""truck_repair"", ""brand"": ""freightliner"", ""building"": ""yes"", ""addr:city"": ""Big Cabin""}",257989,U 69,U 69,82,t
way/1222963379,Rush Truck Centers – Fontana Collision Center,Rush Truck Centers,CA,t,,,POINT(-117.4675052 34.0688055),osm_truck_repair_overpass,8063,2026-08-18 07:03:05.046159+00,2026-08-18 07:00:34+00,,,,,,{},"{""name"": ""Rush Truck Centers – Fontana Collision Center"", ""shop"": ""truck_repair"", ""brand"": ""Rush Truck Centers"", ""phone"": ""+1-909-350-3848"", ""branch"": ""Fontana Collision Center"", ""website"": ""https://www.rushtruckcenters.com/locations/12020000-fontana-collision-center"", ""building"": ""commercial"", ""operator"": ""Rush Truck Centers"", ""addr:city"": ""Fontana"", ""addr:state"": ""CA"", ""addr:street"": ""Elm Avenue"", ""addr:postcode"": ""92335"", ""opening_hours"": ""Mo-Fr 07:00-17:00"", ""brand:wikidata"": ""Q120637525"", ""addr:housenumber"": ""10122""}",34507,I 10,SAN BERNARDINO FRWY,283,t
way/1223804804,Stoops Freightliner-Western Star,Freightliner,IN,t,,,POINT(-86.7795823 40.3775166),osm_truck_repair_overpass,8063,2026-08-18 07:03:05.046159+00,2026-08-18 07:00:34+00,,,,,,{},"{""name"": ""Stoops Freightliner-Western Star"", ""shop"": ""truck"", ""brand"": ""Freightliner"", ""phone"": ""+1-765-446-0007"", ""website"": ""https://www.truckcountry.com/locations/indiana/lafayette/"", ""building"": ""commercial"", ""addr:city"": ""Lafayette"", ""addr:state"": ""IN"", ""addr:street"": ""Hine Drive"", ""addr:postcode"": ""47905"", ""brand:wikidata"": ""Q1420724"", ""addr:housenumber"": ""6584"", ""service:vehicle:truck_repair"": ""yes""}",5051,I 65,I 65,434,t
way/1226597308,Speedco,Speedco,AZ,t,,,POINT(-112.2409703 33.4582695),osm_truck_repair_overpass,8063,2026-08-18 07:03:05.046159+00,2026-08-18 07:00:34+00,,,,,,{},"{""name"": ""Speedco"", ""shop"": ""truck_repair"", ""brand"": ""Speedco"", ""building"": ""yes"", ""addr:city"": ""Tolleson"", ""addr:state"": ""AZ"", ""addr:street"": ""West Roosevelt Street"", ""addr:postcode"": ""85353"", ""brand:wikidata"": ""Q112455073"", ""addr:housenumber"": ""8313""}",15869,I 10,PAPAGO FRWY,421,t
way/1227762745,Kunes Ford of Delavan,Ford,,t,,,POINT(-88.6276742 42.626663),osm_truck_repair_overpass,8063,2026-08-18 07:03:05.046159+00,2026-08-18 07:00:34+00,,,,,,{},"{""name"": ""Kunes Ford of Delavan"", ""shop"": ""car"", ""brand"": ""Ford"", ""building"": ""yes"", ""operator"": ""Kunes"", ""second_hand"": ""yes"", ""brand:wikidata"": ""Q44294"", ""service:vehicle:sale"": ""yes"", ""service:vehicle:motor"": ""yes"", ""service:vehicle:tyres"": ""yes"", ""service:vehicle:brakes"": ""yes"", ""service:vehicle:wheels"": ""yes"", ""service:vehicle:muffler"": ""yes"", ""service:vehicle:repairs"": ""yes"", ""service:vehicle:alignment"": ""yes"", ""service:vehicle:batteries"": ""yes"", ""service:vehicle:car_parts"": ""yes"", ""service:vehicle:car_repair"": ""yes"", ""service:vehicle:electrical"": ""yes"", ""service:vehicle:inspection"": ""yes"", ""service:vehicle:oil_change"": ""yes"", ""service:vehicle:diagnostics"": ""yes"", ""service:vehicle:transmission"": ""yes"", ""service:vehicle:truck_repair"": ""yes"", ""service:vehicle:new_car_sales"": ""yes"", ""service:vehicle:used_car_sales"": ""yes"", ""service:vehicle:air_conditioning"": ""yes"", ""service:vehicle:transmission_repair"": ""yes""}",474688,I 43,I 43,437,t
way/1228879729,Boss Truck Shop,Boss Truck Shop,,t,,,POINT(-114.2359711 33.66205),osm_truck_repair_overpass,8063,2026-08-18 07:03:05.046159+00,2026-08-18 07:00:34+00,,,,,,{},"{""name"": ""Boss Truck Shop"", ""shop"": ""truck_repair"", ""brand"": ""Boss Truck Shop"", ""phone"": ""+1 928-927-3052"", ""website"": ""https://bosstruckshops.com/locations/quartzsite-az-boss-truck-shop/"", ""building"": ""yes"", ""service:vehicle:truck_repair"": ""yes""}",67693,I 10,I 10,191,t
way/1230183281,Ernie's RV and Trailer Repair,,WA,t,,,POINT(-122.9357835 47.0289778),osm_truck_repair_overpass,8063,2026-08-18 07:03:05.046159+00,2026-08-18 07:00:34+00,,,,,,{},"{""name"": ""Ernie's RV and Trailer Repair"", ""shop"": ""car_repair"", ""phone"": ""+1-360-763-0701"", ""source"": ""esri_USDOT_ThurstonWA;microsoft/BuildingFootprints"", ""building"": ""yes"", ""addr:city"": ""Olympia"", ""addr:state"": ""WA"", ""addr:street"": ""21st Avenue Southwest"", ""addr:postcode"": ""98512"", ""opening_hours"": ""Mo-Fr 08:00-17:00"", ""addr:housenumber"": ""2600"", ""service:vehicle:truck_repair"": ""yes""}",43029,U 101,U 101,76,t
way/1234980378,Moyer Chrysler Dodge Jeep Ram,Jeep,PA,t,,,POINT(-76.4537371 40.3399754),osm_truck_repair_overpass,8063,2026-08-18 07:03:05.046159+00,2026-08-18 07:00:34+00,,,,,,{},"{""name"": ""Moyer Chrysler Dodge Jeep Ram"", ""shop"": ""car"", ""brand"": ""Jeep"", ""source"": ""microsoft/BuildingFootprints"", ""building"": ""retail"", ""operator"": ""Moyer Auto Group"", ""addr:city"": ""Lebanon"", ""addr:state"": ""PA"", ""addr:street"": ""Cumberland Street"", ""second_hand"": ""yes"", ""addr:postcode"": ""17042"", ""brand:wikidata"": ""Q30113"", ""addr:housenumber"": ""2499 W"", ""service:vehicle:sale"": ""yes"", ""service:vehicle:tyres"": ""yes"", ""service:vehicle:brakes"": ""yes"", ""service:vehicle:wheels"": ""yes"", ""service:vehicle:repairs"": ""yes"", ""service:vehicle:alignment"": ""yes"", ""service:vehicle:batteries"": ""yes"", ""service:vehicle:car_parts"": ""yes"", ""service:vehicle:car_repair"": ""yes"", ""service:vehicle:inspection"": ""yes"", ""service:vehicle:oil_change"": ""yes"", ""service:vehicle:diagnostics"": ""yes"", ""service:vehicle:transmission"": ""yes"", ""service:vehicle:truck_repair"": ""yes"", ""service:vehicle:new_car_sales"": ""yes"", ""service:vehicle:used_car_sales"": ""yes""}",446347,I 78,WILLIAM PENN HWY,10785,f
way/1234980379,Moyer Kia of Lebanon,Kia,PA,t,,,POINT(-76.4554864 40.3399525),osm_truck_repair_overpass,8063,2026-08-18 07:03:05.046159+00,2026-08-18 07:00:34+00,,,,,,{},"{""name"": ""Moyer Kia of Lebanon"", ""shop"": ""car"", ""brand"": ""Kia"", ""source"": ""microsoft/BuildingFootprints"", ""building"": ""retail"", ""operator"": ""Moyer Auto Group"", ""addr:city"": ""Lebanon"", ""addr:state"": ""PA"", ""addr:street"": ""Cumberland Street"", ""second_hand"": ""yes"", ""addr:postcode"": ""17042"", ""brand:wikidata"": ""Q35349"", ""addr:housenumber"": ""2499 W"", ""service:vehicle:sale"": ""yes"", ""service:vehicle:glass"": ""yes"", ""service:vehicle:motor"": ""yes"", ""service:vehicle:tyres"": ""yes"", ""service:vehicle:brakes"": ""yes"", ""service:vehicle:wheels"": ""yes"", ""service:vehicle:muffler"": ""yes"", ""service:vehicle:repairs"": ""yes"", ""service:vehicle:alignment"": ""yes"", ""service:vehicle:batteries"": ""yes"", ""service:vehicle:car_parts"": ""yes"", ""service:vehicle:car_repair"": ""yes"", ""service:vehicle:electrical"": ""yes"", ""service:vehicle:inspection"": ""yes"", ""service:vehicle:oil_change"": ""yes"", ""service:vehicle:diagnostics"": ""yes"", ""service:vehicle:transmission"": ""yes"", ""service:vehicle:truck_repair"": ""yes"", ""service:vehicle:new_car_sales"": ""yes"", ""service:vehicle:used_car_sales"": ""yes"", ""service:vehicle:air_conditioning"": ""yes"", ""service:vehicle:transmission_repair"": ""yes""}",446347,I 78,WILLIAM PENN HWY,10730,f
way/1236688216,Platt's Garage,,WI,t,,,POINT(-89.7616106 43.625811),osm_truck_repair_overpass,8063,2026-08-18 07:03:05.046159+00,2026-08-18 07:00:34+00,,,,,,{},"{""name"": ""Platt's Garage"", ""shop"": ""car_repair"", ""phone"": ""+1-608-253-1881"", ""website"": ""https://www.callplatts.com/"", ""building"": ""yes"", ""operator"": ""Mark & Martin Platt III"", ""addr:city"": ""Wisconsin Dells"", ""addr:state"": ""WI"", ""start_date"": ""1919"", ""addr:street"": ""Washington Avenue"", ""addr:postcode"": ""53965"", ""opening_hours"": ""Mo-Fr 08:00-17:00, Sa 09:00-13:00"", ""addr:housenumber"": ""1100"", ""service:vehicle:tyres"": ""yes"", ""service:vehicle:towing"": ""yes"", ""service:vehicle:car_repair"": ""yes"", ""service:vehicle:truck_repair"": ""yes""}",474071,I 90,I 90,3439,t
way/1239092058,Diesel Service Solutions,,,t,,,POINT(-95.6482564 35.9450706),osm_truck_repair_overpass,8063,2026-08-18 07:03:05.046159+00,2026-08-18 07:00:34+00,,,,,,{},"{""name"": ""Diesel Service Solutions"", ""shop"": ""truck_repair"", ""phone"": ""+1 918 486 1050"", ""building"": ""industrial"", ""check_date"": ""2024-03-24""}",255095,51,51,4900,t
way/1253676847,The Internet Car Lot,Independent,NE,t,,,POINT(-96.0229494 41.2077096),osm_truck_repair_overpass,8063,2026-08-18 07:03:05.046159+00,2026-08-18 07:00:34+00,,,,,,{},"{""name"": ""The Internet Car Lot"", ""shop"": ""car"", ""brand"": ""Independent"", ""phone"": ""+1-402-991-1112"", ""building"": ""yes"", ""operator"": ""The Internet Car Lot, Inc."", ""addr:city"": ""Omaha"", ""addr:state"": ""NE"", ""addr:street"": ""P Circle"", ""second_hand"": ""yes"", ""payment:cash"": ""yes"", ""payment:visa"": ""yes"", ""addr:postcode"": ""68117"", ""opening_hours"": ""Mo-Sa 09:00-18:00"", ""payment:cheque"": ""yes"", ""payment:paypal"": ""yes"", ""addr:housenumber"": ""7150"", ""payment:apple_pay"": ""yes"", ""payment:google_pay"": ""yes"", ""payment:mastercard"": ""yes"", ""payment:visa_debit"": ""yes"", ""payment:contactless"": ""yes"", ""payment:debit_cards"": ""yes"", ""payment:credit_cards"": ""yes"", ""payment:discover_card"": ""yes"", ""service:vehicle:motor"": ""yes"", ""service:vehicle:tyres"": ""yes"", ""service:vehicle:brakes"": ""yes"", ""service:vehicle:muffler"": ""yes"", ""service:vehicle:repairs"": ""yes"", ""payment:american_express"": ""yes"", ""service:vehicle:painting"": ""yes"", ""service:vehicle:alignment"": ""yes"", ""service:vehicle:batteries"": ""yes"", ""service:vehicle:car_repair"": ""yes"", ""service:vehicle:electrical"": ""yes"", ""service:vehicle:inspection"": ""yes"", ""service:vehicle:oil_change"": ""yes"", ""service:vehicle:body_repair"": ""yes"", ""service:vehicle:diagnostics"": ""yes"", ""service:vehicle:transmission"": ""yes"", ""service:vehicle:truck_repair"": ""yes"", ""service:vehicle:used_car_sales"": ""yes"", ""service:vehicle:air_conditioning"": ""yes"", ""service:vehicle:transmission_repair"": ""yes""}",283199,U 275,L ST,527,t
way/1255415808,Speedco,Speedco,AR,t,,,POINT(-93.4798038 35.458716),osm_truck_repair_overpass,8063,2026-08-18 07:03:05.046159+00,2026-08-18 07:00:34+00,,,,,,{},"{""name"": ""Speedco"", ""shop"": ""truck_repair"", ""brand"": ""Speedco"", ""building"": ""yes"", ""addr:city"": ""Clarksville"", ""addr:state"": ""AR"", ""addr:street"": ""South Crawford Street"", ""addr:postcode"": ""72830"", ""brand:wikidata"": ""Q112455073"", ""addr:housenumber"": ""1025""}",263707,I 40,I 40,142,t
way/1256838184,Speedco,Speedco,,t,,,POINT(-90.0181662 41.4107705),osm_truck_repair_overpass,8063,2026-08-18 07:03:05.046159+00,2026-08-18 07:00:34+00,,,,,,{},"{""name"": ""Speedco"", ""shop"": ""truck_repair"", ""brand"": ""Speedco"", ""building"": ""yes"", ""brand:wikidata"": ""Q112455073""}",382031,I 80,I 80,170,t
way/1264684655,Wisconsin Customs,,WI,t,,,POINT(-89.7083936 43.6377945),osm_truck_repair_overpass,8063,2026-08-18 07:03:05.046159+00,2026-08-18 07:00:34+00,,,,,,{},"{""name"": ""Wisconsin Customs"", ""shop"": ""car_repair"", ""phone"": ""+1-608-318-3003"", ""building"": ""yes"", ""addr:city"": ""Wisconsin Dells"", ""addr:state"": ""WI"", ""addr:street"": ""Larson Drive"", ""payment:cash"": ""yes"", ""addr:postcode"": ""53965"", ""addr:housenumber"": ""N9882"", ""payment:debit_cards"": ""yes"", ""payment:credit_cards"": ""yes"", ""service:vehicle:motor"": ""yes"", ""service:vehicle:tires"": ""yes"", ""service:vehicle:brakes"": ""yes"", ""service:vehicle:muffler"": ""yes"", ""service:vehicle:batteries"": ""yes"", ""service:vehicle:car_repair"": ""yes"", ""service:vehicle:electrical"": ""yes"", ""service:vehicle:inspection"": ""yes"", ""service:vehicle:oil_change"": ""yes"", ""service:vehicle:body_repair"": ""yes"", ""service:vehicle:diagnostics"": ""yes"", ""service:vehicle:transmission"": ""yes"", ""service:vehicle:truck_repair"": ""yes"", ""service:vehicle:air_conditioning"": ""yes"", ""service:vehicle:transmission_repair"": ""yes""}",474070,I 90,I 90,7877,f
way/1276263009,Express Lube & Tire,,AZ,t,,,POINT(-114.0354722 35.2136434),osm_truck_repair_overpass,8063,2026-08-18 07:03:05.046159+00,2026-08-18 07:00:34+00,,,,,,{},"{""name"": ""Express Lube & Tire"", ""shop"": ""car_repair"", ""phone"": ""+1-928-753-5055"", ""building"": ""yes"", ""addr:city"": ""Kingman"", ""addr:state"": ""AZ"", ""addr:street"": ""Stockton Hill Road"", ""description"": ""Also sells cigarettes and refills propane tanks."", ""payment:cash"": ""yes"", ""addr:postcode"": ""86401"", ""opening_hours"": ""Mo-Su 10:00-17:00"", ""addr:housenumber"": ""3113"", ""service:vehicle:tyres"": ""yes"", ""service:vehicle:car_repair"": ""yes"", ""service:vehicle:oil_change"": ""yes"", ""service:vehicle:truck_repair"": ""yes""}",68396,I 40,I 40,380,t
way/1279637194,Automotive Machine,,MD,t,,,POINT(-79.3859543 39.4003745),osm_truck_repair_overpass,8063,2026-08-18 07:03:05.046159+00,2026-08-18 07:00:34+00,,,,,,{},"{""name"": ""Automotive Machine"", ""shop"": ""car_repair"", ""phone"": ""+1 301-334-1105"", ""building"": ""yes"", ""operator"": ""Automotive Machine Inc."", ""addr:city"": ""Mountain Lake Park"", ""addr:state"": ""MD"", ""wheelchair"": ""yes"", ""addr:street"": ""Baltimore Avenue"", ""payment:visa"": ""yes"", ""addr:postcode"": ""21550"", ""opening_hours"": ""Mo-Fr 08:00-16:30"", ""payment:cards"": ""yes"", ""addr:housenumber"": ""310"", ""payment:mastercard"": ""yes"", ""payment:visa_debit"": ""yes"", ""payment:debit_cards"": ""yes"", ""payment:credit_cards"": ""yes"", ""service:vehicle:truck_repair"": ""yes""}",441330,I 68,I 68,28465,f
way/1291035679,Taggart Automotive,,MO,t,,,POINT(-90.7350718 38.2779203),osm_truck_repair_overpass,8063,2026-08-18 07:03:05.046159+00,2026-08-18 07:00:34+00,,,,,,{},"{""name"": ""Taggart Automotive"", ""shop"": ""car_repair"", ""phone"": ""+1-636-274-6100"", ""building"": ""yes"", ""addr:city"": ""Dittmer"", ""addr:state"": ""MO"", ""addr:street"": ""Morse Mill Road"", ""payment:cash"": ""yes"", ""addr:postcode"": ""63023"", ""addr:housenumber"": ""10049"", ""payment:apple_pay"": ""yes"", ""payment:google_pay"": ""yes"", ""payment:debit_cards"": ""yes"", ""payment:credit_cards"": ""yes"", ""service:vehicle:car_repair"": ""yes"", ""service:vehicle:inspection"": ""yes"", ""service:vehicle:oil_change"": ""yes"", ""service:vehicle:truck_repair"": ""yes"", ""service:vehicle:transmission_repair"": ""yes""}",371712,I 44,I 44,21665,f
way/1296757011,Hi-Line Auto & Hydraulics,,MT,t,,,POINT(-104.5089833 48.1492367),osm_truck_repair_overpass,8063,2026-08-18 07:03:05.046159+00,2026-08-18 07:00:34+00,,,,,,{},"{""name"": ""Hi-Line Auto & Hydraulics"", ""shop"": ""car_repair"", ""phone"": ""+1-406-787-6182"", ""building"": ""yes"", ""addr:city"": ""Culbertson"", ""addr:state"": ""MT"", ""addr:street"": ""6th Avenue East"", ""payment:cash"": ""yes"", ""addr:postcode"": ""59218"", ""payment:cheque"": ""yes"", ""addr:housenumber"": ""603"", ""payment:debit_cards"": ""yes"", ""payment:credit_cards"": ""yes"", ""service:vehicle:glass"": ""yes"", ""service:vehicle:motor"": ""yes"", ""service:vehicle:tyres"": ""yes"", ""service:vehicle:brakes"": ""yes"", ""service:vehicle:towing"": ""yes"", ""service:vehicle:wheels"": ""yes"", ""service:vehicle:muffler"": ""yes"", ""service:vehicle:alignment"": ""yes"", ""service:vehicle:batteries"": ""yes"", ""service:vehicle:car_parts"": ""yes"", ""service:vehicle:car_repair"": ""yes"", ""service:vehicle:electrical"": ""yes"", ""service:vehicle:inspection"": ""yes"", ""service:vehicle:oil_change"": ""yes"", ""service:vehicle:diagnostics"": ""yes"", ""service:vehicle:transmission"": ""yes"", ""service:vehicle:truck_repair"": ""yes"", ""service:vehicle:air_conditioning"": ""yes""}",126410,U 2,U 2,42,t
way/1299894783,,,,t,,,POINT(-94.6737679 36.1780931),osm_truck_repair_overpass,8063,2026-08-18 07:03:05.046159+00,2026-08-18 07:00:34+00,,,,,,{},"{""shop"": ""truck_repair"", ""building"": ""yes""}",258582,U 59,U 59,115,t
way/1311988293,Lehigh Truck Center,,PA,t,,,POINT(-75.3866473 40.5188805),osm_truck_repair_overpass,8063,2026-08-18 07:03:05.046159+00,2026-08-18 07:00:34+00,,,,,,{},"{""name"": ""Lehigh Truck Center"", ""shop"": ""car_repair"", ""phone"": ""+16104199100"", ""service"": ""repair"", ""website"": ""https://www.lehightruckcenter.com/"", ""building"": ""commercial"", ""addr:city"": ""Coopersburg"", ""addr:state"": ""PA"", ""addr:street"": ""PA 309 North"", ""addr:postcode"": ""18036"", ""addr:housenumber"": ""6910"", ""service:vehicle:truck_repair"": ""yes""}",455382,I 78,WILLIAM PENN HWY,5338,f
way/1314450741,Assured Auto Repair,,MI,t,,,POINT(-86.4197893 42.0841657),osm_truck_repair_overpass,8063,2026-08-18 07:03:05.046159+00,2026-08-18 07:00:34+00,,,,,,{},"{""name"": ""Assured Auto Repair"", ""note"": ""Previously known as AAA Auto Repair."", ""shop"": ""car_repair"", ""phone"": ""+1-269-934-5180"", ""website"": ""https://www.assured-auto.com"", ""building"": ""yes"", ""addr:city"": ""Benton Harbor"", ""addr:state"": ""MI"", ""addr:street"": ""Pipestone Road"", ""payment:cash"": ""yes"", ""addr:postcode"": ""49022"", ""opening_hours"": ""Mo-Fr 08:00-17:00"", ""addr:housenumber"": ""1870"", ""contact:facebook"": ""https://www.facebook.com/BH.Assured"", ""payment:debit_cards"": ""yes"", ""payment:credit_cards"": ""yes"", ""service:vehicle:motor"": ""yes"", ""service:vehicle:brakes"": ""yes"", ""service:vehicle:wheels"": ""yes"", ""service:vehicle:muffler"": ""yes"", ""service:vehicle:repairs"": ""yes"", ""service:vehicle:alignment"": ""yes"", ""service:vehicle:batteries"": ""yes"", ""service:vehicle:locksmith"": ""yes"", ""service:vehicle:car_repair"": ""yes"", ""service:vehicle:inspection"": ""yes"", ""service:vehicle:oil_change"": ""yes"", ""service:vehicle:diagnostics"": ""yes"", ""service:vehicle:truck_repair"": ""yes"", ""service:vehicle:key_duplication"": ""yes"", ""service:vehicle:air_conditioning"": ""yes""}",404205,I 94,I 94,502,t
way/131451092,Christian Brothers Automotive - Cedar Park,Christian Brothers Automotive,TX,t,,,POINT(-97.8210759 30.4607019),osm_truck_repair_overpass,8063,2026-08-18 07:03:05.046159+00,2026-08-18 07:00:34+00,,,,,,{},"{""name"": ""Christian Brothers Automotive - Cedar Park"", ""shop"": ""car_repair"", ""brand"": ""Christian Brothers Automotive"", ""phone"": ""+15122706314"", ""building"": ""yes"", ""addr:city"": ""Austin"", ""addr:state"": ""TX"", ""addr:street"": ""Ranch Road 620 North"", ""payment:cash"": ""yes"", ""payment:visa"": ""yes"", ""addr:postcode"": ""78750"", ""opening_hours"": ""Mo-Fr 07:00-18:00"", ""brand:wikidata"": ""Q126478117"", ""addr:housenumber"": ""12014"", ""payment:apple_pay"": ""yes"", ""payment:google_pay"": ""yes"", ""payment:mastercard"": ""yes"", ""payment:contactless"": ""yes"", ""payment:debit_cards"": ""yes"", ""payment:credit_cards"": ""yes"", ""service:vehicle:motor"": ""yes"", ""service:vehicle:brakes"": ""yes"", ""service:vehicle:repairs"": ""yes"", ""payment:american_express"": ""yes"", ""service:vehicle:alignment"": ""yes"", ""service:vehicle:batteries"": ""yes"", ""service:vehicle:car_repair"": ""yes"", ""service:vehicle:electrical"": ""yes"", ""service:vehicle:inspection"": ""yes"", ""service:vehicle:oil_change"": ""yes"", ""service:vehicle:diagnostics"": ""yes"", ""service:vehicle:transmission"": ""yes"", ""service:vehicle:truck_repair"": ""yes"", ""service:vehicle:air_conditioning"": ""yes"", ""service:vehicle:transmission_repair"": ""yes""}",134418,S 620,S 620,1422,t
way/1321656955,"Diesel Engine Masters, LLC",,,t,,,POINT(-97.3529514 34.9127549),osm_truck_repair_overpass,8063,2026-08-18 07:03:05.046159+00,2026-08-18 07:00:34+00,,,,,,{},"{""name"": ""Diesel Engine Masters, LLC"", ""shop"": ""car_repair"", ""building"": ""yes"", ""service:vehicle:truck_repair"": ""yes""}",196144,I 35,I 35,171,t
way/1323940614,Speedco,Speedco,,t,,,POINT(-86.4290972 36.0661614),osm_truck_repair_overpass,8063,2026-08-18 07:03:05.046159+00,2026-08-18 07:00:34+00,,,,,,{},"{""name"": ""Speedco"", ""shop"": ""truck_repair"", ""brand"": ""Speedco"", ""building"": ""yes"", ""brand:wikidata"": ""Q112455073""}",385327,I 840,I 840,137,t
way/132395345,BJT Truck Repair,,,t,,,POINT(-71.4873352 42.8322287),osm_truck_repair_overpass,8063,2026-08-18 07:03:05.046159+00,2026-08-18 07:00:34+00,,,,,,{},"{""name"": ""BJT Truck Repair"", ""shop"": ""truck_repair"", ""building"": ""yes"", ""addr:city"": ""Merrimack"", ""addr:street"": ""Star Drive"", ""addr:postcode"": ""03054"", ""addr:housenumber"": ""17""}",465463,U 3,EVERETT TPKE,6205,f
way/1325287477,Love's Truck Care,Love's,,t,,,POINT(-113.9035276 35.2002303),osm_truck_repair_overpass,8063,2026-08-18 07:03:05.046159+00,2026-08-18 07:00:34+00,,,,,,{},"{""name"": ""Love's Truck Care"", ""shop"": ""truck_repair"", ""brand"": ""Love's"", ""building"": ""yes"", ""brand:wikidata"": ""Q1872496""}",68405,I 40,I 40,302,t
way/1328094689,"Road Ready, Inc.",,IL,t,,,POINT(-88.2399337 40.1790733),osm_truck_repair_overpass,8063,2026-08-18 07:03:05.046159+00,2026-08-18 07:00:34+00,,,,,,{},"{""name"": ""Road Ready, Inc."", ""shop"": ""car_repair"", ""phone"": ""+1-217-643-2800"", ""building"": ""commercial"", ""addr:city"": ""Champaign"", ""addr:state"": ""IL"", ""check_date"": ""2026-06-22"", ""addr:street"": ""East Leverett Road"", ""addr:postcode"": ""61822"", ""opening_hours"": ""24/7"", ""addr:housenumber"": ""51"", ""service:vehicle:towing"": ""yes"", ""service:vehicle:truck_repair"": ""yes"", ""service:vehicle:diesel_repair"": ""yes""}",382161,I 57,I 57,497,t
way/1339102387,Arrow Fleet Repair & Maintenance,,IL,t,,,POINT(-88.1683503 41.9944998),osm_truck_repair_overpass,8063,2026-08-18 07:03:05.046159+00,2026-08-18 07:00:34+00,,,,,,{},"{""name"": ""Arrow Fleet Repair & Maintenance"", ""shop"": ""truck_repair"", ""phone"": ""+1 866 269 6695"", ""website"": ""https://www.arrowfleetrepair.com/"", ""building"": ""industrial"", ""addr:city"": ""Streamwood"", ""addr:state"": ""IL"", ""addr:county"": ""Cook, IL"", ""addr:street"": ""North Avenue"", ""addr:country"": ""US"", ""addr:postcode"": ""60107"", ""addr:housenumber"": ""435""}",403746,,ELGIN-O HARE EXWY,2802,t
way/1344892367,Cummins,,,t,,,POINT(-95.7936332 36.1642711),osm_truck_repair_overpass,8063,2026-08-18 07:03:05.046159+00,2026-08-18 07:00:34+00,,,,,,{},"{""name"": ""Cummins"", ""shop"": ""truck_repair"", ""building"": ""industrial"", ""check_date"": ""2024-06-30""}",255063,I 44,I 44,206,t
way/1344971132,P Truck Repair LLC,,PA,t,,,POINT(-75.5887148 40.5967497),osm_truck_repair_overpass,8063,2026-08-18 07:03:05.046159+00,2026-08-18 07:00:34+00,,,,,,{},"{""name"": ""P Truck Repair LLC"", ""shop"": ""car_repair"", ""phone"": ""+15519985741"", ""source"": ""esri/Lehigh_County_PA_Buildings"", ""building"": ""commercial"", ""addr:city"": ""Allentown"", ""addr:state"": ""PA"", ""addr:street"": ""Blue Barn Road"", ""addr:postcode"": ""18104"", ""addr:housenumber"": ""1030"", ""service:vehicle:truck_repair"": ""yes""}",446986,U 22,LEHIGH VALLEY THWY,657,t
way/1347737431,First Round Truck Repair,,PA,t,,,POINT(-75.6961022 40.5783002),osm_truck_repair_overpass,8063,2026-08-18 07:03:05.046159+00,2026-08-18 07:00:34+00,,,,,,{},"{""name"": ""First Round Truck Repair"", ""shop"": ""car_repair"", ""phone"": ""+16102859335"", ""source"": ""esri/Lehigh_County_PA_Buildings"", ""website"": ""https://www.firstroundtruckrepair.com/"", ""building"": ""commercial"", ""addr:city"": ""Breinigsville"", ""addr:state"": ""PA"", ""addr:street"": ""Old US Highway 22"", ""addr:postcode"": ""18031"", ""addr:housenumber"": ""9889"", ""service:vehicle:truck_repair"": ""yes""}",446936,I 78,WILLIAM PENN HWY,87,t
way/1347959995,Werley's Truck Service & Sales,,PA,t,,,POINT(-75.7073989 40.5823496),osm_truck_repair_overpass,8063,2026-08-18 07:03:05.046159+00,2026-08-18 07:00:34+00,,,,,,{},"{""name"": ""Werley's Truck Service & Sales"", ""shop"": ""car_repair"", ""phone"": ""+16102852033"", ""source"": ""esri/Lehigh_County_PA_Buildings"", ""service"": ""inspection;repair"", ""website"": ""https://werleystruckservice.com/"", ""building"": ""commercial"", ""addr:city"": ""Kutztown"", ""addr:state"": ""PA"", ""addr:street"": ""Golden Key Road"", ""addr:postcode"": ""19530"", ""addr:housenumber"": ""2333"", ""service:vehicle:truck_repair"": ""yes""}",446947,I 78,WILLIAM PENN HWY,256,t
way/1353926900,Boss Truck Shop,Boss Truck Shop,,t,,,POINT(-95.7967285 36.1649918),osm_truck_repair_overpass,8063,2026-08-18 07:03:05.046159+00,2026-08-18 07:00:34+00,,,,,,{},"{""name"": ""Boss Truck Shop"", ""shop"": ""truck_repair"", ""brand"": ""Boss Truck Shop"", ""phone"": ""+1 918 437 0822"", ""website"": ""https://bosstruckshops.com/locations/tulsa-ok-boss-truck-shop/"", ""building"": ""industrial"", ""service:vehicle:truck_repair"": ""yes""}",255063,I 44,I 44,285,t
way/1361980022,Champion Chevrolet,Chevrolet,IN,t,,,POINT(-86.4319811 39.760649),osm_truck_repair_overpass,8063,2026-08-18 07:03:05.046159+00,2026-08-18 07:00:34+00,,,,,,{},"{""name"": ""Champion Chevrolet"", ""shop"": ""car"", ""brand"": ""Chevrolet"", ""phone"": ""+1-317-451-6048"", ""website"": ""https://chevyofavon.com"", ""building"": ""yes"", ""addr:city"": ""Avon"", ""addr:state"": ""IN"", ""wheelchair"": ""yes"", ""addr:street"": ""S County Road 575 E"", ""second_hand"": ""yes"", ""payment:cash"": ""yes"", ""payment:visa"": ""yes"", ""addr:postcode"": ""46123"", ""opening_hours"": ""Mo-Th 09:00-20:00; Fr-Sa 09:00-18:00"", ""payment:cards"": ""yes"", ""brand:wikidata"": ""Q29570"", ""building:levels"": ""2"", ""internet_access"": ""wlan"", ""addr:housenumber"": ""183"", ""air_conditioning"": ""yes"", ""payment:apple_pay"": ""yes"", ""payment:mastercard"": ""yes"", ""payment:visa_debit"": ""yes"", ""internet_access:fee"": ""no"", ""payment:contactless"": ""yes"", ""payment:debit_cards"": ""yes"", ""payment:credit_cards"": ""yes"", ""payment:discover_card"": ""yes"", ""service:vehicle:glass"": ""yes"", ""service:vehicle:motor"": ""yes"", ""service:vehicle:tyres"": ""yes"", ""service:vehicle:brakes"": ""yes"", ""service:vehicle:wheels"": ""yes"", ""service:vehicle:muffler"": ""yes"", ""service:vehicle:repairs"": ""yes"", ""payment:american_express"": ""yes"", ""service:vehicle:painting"": ""yes"", ""service:vehicle:alignment"": ""yes"", ""service:vehicle:batteries"": ""yes"", ""service:vehicle:car_parts"": ""yes"", ""service:vehicle:car_repair"": ""yes"", ""service:vehicle:electrical"": ""yes"", ""service:vehicle:inspection"": ""yes"", ""service:vehicle:oil_change"": ""yes"", ""service:vehicle:body_repair"": ""yes"", ""service:vehicle:diagnostics"": ""yes"", ""service:vehicle:transmission"": ""yes"", ""service:vehicle:truck_repair"": ""yes"", ""service:vehicle:tyres_repair"": ""yes"", ""service:vehicle:new_car_sales"": ""yes"", ""payment:mastercard_contactless"": ""yes"", ""service:vehicle:used_car_sales"": ""yes"", ""service:vehicle:air_conditioning"": ""yes"", ""service:vehicle:transmission_repair"": ""yes""}",2919,U 36,U 36,109,t
way/1362951880,Haulk Depot,,IL,t,,,POINT(-88.6390748 42.2491817),osm_truck_repair_overpass,8063,2026-08-18 07:03:05.046159+00,2026-08-18 07:00:34+00,,,,,,{},"{""name"": ""Haulk Depot"", ""shop"": ""car_repair"", ""building"": ""commercial"", ""addr:city"": ""Marengo"", ""addr:state"": ""IL"", ""addr:street"": ""West Grant Highway"", ""addr:country"": ""US"", ""addr:postcode"": ""60152"", ""addr:housenumber"": ""22521"", ""service:vehicle:truck_repair"": ""yes""}",403676,I 90,NORTHWEST TOLLWY,6470,f
way/1367289973,Sapp Brothers Service Center,Sapp Bros.,,t,,,POINT(-94.3544656 38.6152198),osm_truck_repair_overpass,8063,2026-08-18 07:03:05.046159+00,2026-08-18 07:00:34+00,,,,,,{},"{""fax"": ""+1 816-793-7101"", ""name"": ""Sapp Brothers Service Center"", ""shop"": ""car_repair"", ""brand"": ""Sapp Bros."", ""phone"": ""+1 816-884-3306"", ""website"": ""https://www.sappbros.net/location/harrisonville-mo-service-center/"", ""building"": ""yes"", ""operator"": ""Sapp Bros."", ""brand:wikidata"": ""Q137965281"", ""operator:wikidata"": ""Q137965281"", ""service:vehicle:truck_repair"": ""yes""}",291165,I 49,I 49,508,t
way/1383621057,Muffler Brothers,,OH,t,,,POINT(-83.0397286 39.3472031),osm_truck_repair_overpass,8063,2026-08-18 07:03:05.046159+00,2026-08-18 07:00:34+00,,,,,,{},"{""name"": ""Muffler Brothers"", ""shop"": ""car_repair"", ""phone"": ""+1 740-772-1890"", ""source"": ""esri_USDOT_Ohio"", ""service"": ""repair"", ""website"": ""https://www.mufflerbrothersoh.com/"", ""building"": ""commercial"", ""addr:city"": ""Chillicothe"", ""addr:state"": ""OH"", ""addr:street"": ""Western Avenue"", ""addr:postcode"": ""45601"", ""addr:housenumber"": ""2569"", ""service:vehicle:motor"": ""yes"", ""service:vehicle:tyres"": ""yes"", ""service:vehicle:brakes"": ""yes"", ""service:vehicle:muffler"": ""yes"", ""service:vehicle:alignment"": ""yes"", ""service:vehicle:car_parts"": ""yes"", ""service:vehicle:car_repair"": ""yes"", ""service:vehicle:transmission"": ""yes"", ""service:vehicle:truck_repair"": ""yes""}",411847,U 50,U 50,70,t
way/1389748991,Western Truck & Trailer Maintenance,,CA,t,,,POINT(-119.8906027 36.8127245),osm_truck_repair_overpass,8063,2026-08-18 07:03:05.046159+00,2026-08-18 07:00:34+00,,,,,,{},"{""name"": ""Western Truck & Trailer Maintenance"", ""shop"": ""car_repair"", ""phone"": ""+1-559-824-8981"", ""website"": ""https://www.facebook.com/westernrepair/"", ""addr:city"": ""Fresno"", ""addr:state"": ""CA"", ""addr:street"": ""North Barcus Avenue"", ""addr:postcode"": ""93722"", ""addr:housenumber"": ""5250"", ""service:vehicle:truck_repair"": ""yes""}",30778,S 99,S 99,134,t
way/1391502902,Blue Mountain Equipment LLC,,PA,t,,,POINT(-75.8376996 40.6642936),osm_truck_repair_overpass,8063,2026-08-18 07:03:05.046159+00,2026-08-18 07:00:34+00,,,,,,{},"{""name"": ""Blue Mountain Equipment LLC"", ""shop"": ""car_repair"", ""phone"": ""+16107566110"", ""source"": ""esri/Lehigh_County_PA_Buildings"", ""building"": ""commercial"", ""addr:city"": ""Kempton"", ""addr:state"": ""PA"", ""roof:shape"": ""gabled"", ""addr:street"": ""Kings Highway"", ""addr:postcode"": ""19529"", ""addr:housenumber"": ""8711"", ""service:vehicle:truck_repair"": ""yes""}",446915,I 78,WILLIAM PENN HWY,9412,f
way/1414110291,Pomp's Tire Service,,WI,t,,,POINT(-89.0118918 42.7266331),osm_truck_repair_overpass,8063,2026-08-18 07:03:05.046159+00,2026-08-18 07:00:34+00,,,,,,{},"{""name"": ""Pomp's Tire Service"", ""note"": ""24 Hour Road Service"", ""shop"": ""tyres"", ""phone"": ""+1-608-754-1902"", ""website"": ""https://locations.pompstire.com/wi/janesville/3530-newville-road"", ""building"": ""yes"", ""addr:city"": ""Janesville"", ""addr:state"": ""WI"", ""addr:street"": ""North Newville Road"", ""addr:postcode"": ""53545"", ""opening_hours"": ""Mo-Fr 07:30-17:00; Sa 08:00-12:00"", ""addr:housenumber"": ""3530"", ""service:vehicle:tyres"": ""yes"", ""service:vehicle:car_repair"": ""yes"", ""service:vehicle:truck_repair"": ""yes""}",474538,U 14,US Hwy 14,254,t
way/1417090115,,,,t,,,POINT(-82.5340911 39.1166075),osm_truck_repair_overpass,8063,2026-08-18 07:03:05.046159+00,2026-08-18 07:00:34+00,,,,,,{},"{""shop"": ""car_repair"", ""landuse"": ""industrial"", ""name:signed"": ""no"", ""service:vehicle:truck_repair"": ""yes""}",412964,S 93,S 93,26,t
way/1418221796,Diesel Engine Service,,PA,t,,,POINT(-76.123371 40.1878865),osm_truck_repair_overpass,8063,2026-08-18 07:03:05.046159+00,2026-08-18 07:00:34+00,,,,,,{},"{""name"": ""Diesel Engine Service"", ""shop"": ""car_repair"", ""phone"": ""+1 717-733-3890"", ""building"": ""commercial"", ""addr:city"": ""Ephrata"", ""addr:state"": ""PA"", ""addr:street"": ""Woodcrest Drive"", ""addr:country"": ""US"", ""addr:postcode"": ""17522"", ""addr:housenumber"": ""109"", ""service:vehicle:motor"": ""yes"", ""service:vehicle:diagnostics"": ""yes"", ""service:vehicle:truck_repair"": ""yes""}",446313,U 222,U 222,188,t
way/1422392441,R&R Truck Repair,,,t,,,POINT(-92.2828948 37.1251798),osm_truck_repair_overpass,8063,2026-08-18 07:03:05.046159+00,2026-08-18 07:00:34+00,,,,,,{},"{""name"": ""R&R Truck Repair"", ""shop"": ""car_repair"", ""building"": ""yes"", ""operator"": ""R&R Truck Repair"", ""service:vehicle:truck_repair"": ""yes""}",189087,U 60,U 60,1621,t
way/1423498584,Nelson Truck & Equipment,,WI,t,,,POINT(-87.7022775 44.0560078),osm_truck_repair_overpass,8063,2026-08-18 07:03:05.046159+00,2026-08-18 07:00:34+00,,,,,,{},"{""name"": ""Nelson Truck & Equipment"", ""shop"": ""car_repair"", ""phone"": ""+1 920-682-0893"", ""website"": ""http://www.nelsontruck.net"", ""building"": ""yes"", ""addr:city"": ""Manitowoc"", ""addr:state"": ""WI"", ""addr:street"": ""County Road CR"", ""addr:postcode"": ""54220"", ""addr:housenumber"": ""3626"", ""service:vehicle:towing"": ""yes"", ""service:vehicle:truck_repair"": ""yes""}",477602,I 43,I 43,307,t
way/144175602,Progressive Truck Body Repair,,,t,,,POINT(-92.509307 44.0894512),osm_truck_repair_overpass,8063,2026-08-18 07:03:05.046159+00,2026-08-18 07:00:34+00,,,,,,{},"{""name"": ""Progressive Truck Body Repair"", ""shop"": ""truck_repair"", ""building"": ""yes""}",356565,U 52,U 52,132,t
way/1442494585,Complete Truck Repair,,,t,,,POINT(-86.8797197 37.4175079),osm_truck_repair_overpass,8063,2026-08-18 07:03:05.046159+00,2026-08-18 07:00:34+00,,,,,,{},"{""name"": ""Complete Truck Repair"", ""shop"": ""truck_repair"", ""building"": ""yes""}",385682,S 9007,GREEN RIVER PKWY,3168,t
way/1442686227,Rush Truck Centers – Laredo Northwest,Rush Truck Centers,TX,t,,,POINT(-99.5518659 27.6472109),osm_truck_repair_overpass,8063,2026-08-18 07:03:05.046159+00,2026-08-18 07:00:34+00,,,,,,{},"{""name"": ""Rush Truck Centers – Laredo Northwest"", ""shop"": ""truck_repair"", ""brand"": ""Rush Truck Centers"", ""phone"": ""+1-956-297-4245"", ""branch"": ""Laredo Northwest"", ""source"": ""microsoft/BuildingFootprints"", ""website"": ""https://www.rushtruckcenters.com/locations/10440000-laredo-northwest"", ""building"": ""commercial"", ""operator"": ""Rush Truck Centers"", ""addr:city"": ""Laredo"", ""addr:state"": ""TX"", ""addr:street"": ""World Trade Center Loop"", ""addr:postcode"": ""78045"", ""opening_hours"": ""Mo-Fr 07:00-18:00"", ""brand:wikidata"": ""Q120637525"", ""addr:housenumber"": ""1661""}",127626,C 1472,MINES RD,344,t
way/1446547590,Service International of SWLA,,LA,t,,,POINT(-93.3600224 30.2497274),osm_truck_repair_overpass,8063,2026-08-18 07:03:05.046159+00,2026-08-18 07:00:34+00,,,,,,{},"{""name"": ""Service International of SWLA"", ""shop"": ""car_repair"", ""phone"": ""+1 337-884-8662"", ""building"": ""garage"", ""addr:city"": ""Sulphur"", ""addr:state"": ""LA"", ""addr:street"": ""North Beglis Parkway"", ""addr:postcode"": ""70663"", ""addr:housenumber"": ""959"", ""contact:facebook"": ""https://www.facebook.com/p/Service-International-of-SWLA-100063900436057/"", ""service:vehicle:truck_repair"": ""yes""}",147534,I 10,I 10,3770,t
way/1447604777,McGarrah Auto,,MO,t,,,POINT(-93.9383876 36.5234653),osm_truck_repair_overpass,8063,2026-08-18 07:03:05.046159+00,2026-08-18 07:00:34+00,,,,,,{},"{""name"": ""McGarrah Auto"", ""shop"": ""car_repair"", ""phone"": ""+1-479-847-6067"", ""building"": ""yes"", ""operator"": ""Albert McGarrah"", ""addr:city"": ""Seligman"", ""addr:unit"": ""1"", ""addr:state"": ""MO"", ""addr:street"": ""2nd Street"", ""addr:postcode"": ""65745"", ""addr:housenumber"": ""28354"", ""service:vehicle:glass"": ""yes"", ""service:vehicle:motor"": ""yes"", ""service:vehicle:tyres"": ""yes"", ""service:vehicle:brakes"": ""yes"", ""service:vehicle:wheels"": ""yes"", ""service:vehicle:muffler"": ""yes"", ""service:vehicle:repairs"": ""yes"", ""service:vehicle:painting"": ""yes"", ""service:vehicle:batteries"": ""yes"", ""service:vehicle:car_parts"": ""yes"", ""service:vehicle:car_repair"": ""yes"", ""service:vehicle:electrical"": ""yes"", ""service:vehicle:oil_change"": ""yes"", ""service:vehicle:body_repair"": ""yes"", ""service:vehicle:diagnostics"": ""yes"", ""service:vehicle:transmission"": ""yes"", ""service:vehicle:truck_repair"": ""yes"", ""service:vehicle:air_conditioning"": ""yes"", ""service:vehicle:transmission_repair"": ""yes""}",267669,S 37,S 37,2806,t
way/1450401150,TFN Truck and Trailer Repair,,SC,t,t,,POINT(-82.4732288 34.7649272),osm_truck_repair_overpass,8063,2026-08-18 07:03:05.046159+00,2026-08-18 07:00:34+00,,,,,,{},"{""name"": ""TFN Truck and Trailer Repair"", ""shop"": ""car_repair"", ""phone"": ""+1-864-419-1067"", ""website"": ""https://a1-tfn.com/"", ""building"": ""yes"", ""addr:city"": ""Piedmont"", ""addr:unit"": ""1"", ""addr:state"": ""SC"", ""addr:street"": ""Highway 183"", ""payment:cash"": ""yes"", ""addr:postcode"": ""29673"", ""opening_hours"": ""24/7"", ""addr:housenumber"": ""360"", ""payment:apple_pay"": ""yes"", ""payment:google_pay"": ""yes"", ""payment:debit_cards"": ""yes"", ""payment:credit_cards"": ""yes"", ""service:vehicle:towing"": ""yes"", ""service:vehicle:alignment"": ""yes"", ""service:vehicle:body_repair"": ""yes"", ""service:vehicle:truck_repair"": ""yes"", ""service:vehicle:engine_repair"": ""yes"", ""service:vehicle:trailer_repair"": ""yes"", ""service:vehicle:truck_tyres_change"": ""yes"", ""service:vehicle:diesel_engine_repair"": ""yes""}",406524,I 85,I 85,149,t
way/1457514846,Clinton Body Shop of Richland,,,t,,,POINT(-90.1610285 32.2325502),osm_truck_repair_overpass,8063,2026-08-18 07:03:05.046159+00,2026-08-18 07:00:34+00,,,,,,{},"{""name"": ""Clinton Body Shop of Richland"", ""shop"": ""car_repair"", ""barrier"": ""fence"", ""service"": ""repair"", ""fence_type"": ""chain_link"", ""service:vehicle:painting"": ""yes"", ""service:vehicle:car_repair"": ""yes"", ""service:vehicle:body_repair"": ""yes"", ""service:vehicle:truck_repair"": ""yes""}",178024,U 49,U 49,79,t
way/1473693267,Rush Truck Centers – Baton Rouge Collision Center,Rush Truck Centers,LA,t,,,POINT(-91.0393888 30.4731353),osm_truck_repair_overpass,8063,2026-08-18 07:03:05.046159+00,2026-08-18 07:00:34+00,,,,,,{},"{""name"": ""Rush Truck Centers – Baton Rouge Collision Center"", ""shop"": ""truck_repair"", ""brand"": ""Rush Truck Centers"", ""phone"": ""+1-225-272-9318"", ""branch"": ""Baton Rouge Collision Center"", ""website"": ""https://www.rushtruckcenters.com/locations/34010001-baton-rouge-collision-center"", ""building"": ""commercial"", ""operator"": ""Rush Truck Centers"", ""addr:city"": ""Baton Rouge"", ""addr:state"": ""LA"", ""addr:street"": ""South Choctaw Drive"", ""addr:postcode"": ""70815"", ""opening_hours"": ""Mo-Fr 08:00-17:00"", ""brand:wikidata"": ""Q120637525"", ""addr:housenumber"": ""13123""}",163681,U 190,U 190,1242,t
way/1478724408,Dynamic Automotive,,MD,t,,,POINT(-77.2984138 39.3872487),osm_truck_repair_overpass,8063,2026-08-18 07:03:05.046159+00,2026-08-18 07:00:34+00,,,,,,{},"{""name"": ""Dynamic Automotive"", ""shop"": ""car_repair"", ""phone"": ""+13014148969"", ""source"": ""esri_USDOT_Maryland;microsoft/BuildingFootprints"", ""website"": ""https://dynamicautomotive.net"", ""building"": ""retail"", ""operator"": ""Dynamic Automotive"", ""addr:city"": ""Newmarket"", ""addr:state"": ""MD"", ""addr:street"": ""Old National Pike"", ""addr:postcode"": ""21774"", ""opening_hours"": ""Mo-Fr 07:00-17:00"", ""addr:housenumber"": ""10530"", ""service:vehicle:oil"": ""yes"", ""service:vehicle:motor"": ""yes"", ""service:vehicle:tyres"": ""yes"", ""service:vehicle:brakes"": ""yes"", ""service:vehicle:wheels"": ""yes"", ""service:vehicle:repairs"": ""yes"", ""service:vehicle:alignment"": ""yes"", ""service:vehicle:car_repair"": ""yes"", ""service:vehicle:electrical"": ""yes"", ""service:vehicle:inspection"": ""yes"", ""service:vehicle:oil_change"": ""yes"", ""service:vehicle:diagnostics"": ""yes"", ""service:vehicle:transmission"": ""yes"", ""service:vehicle:truck_repair"": ""yes"", ""service:vehicle:oil_filter_change"": ""yes""}",443766,I 70,I 70,147,t
way/1493282939,Truck Doctor of Illinois,,IL,t,,,POINT(-88.0321962 42.3410499),osm_truck_repair_overpass,8063,2026-08-18 07:03:05.046159+00,2026-08-18 07:00:34+00,,,,,,{},"{""name"": ""Truck Doctor of Illinois"", ""shop"": ""car_repair"", ""phone"": ""+18476686021"", ""building"": ""yes"", ""addr:city"": ""Grayslake"", ""addr:unit"": ""1621"", ""addr:state"": ""IL"", ""addr:street"": ""South Barron Boulevard"", ""addr:postcode"": ""60030"", ""addr:housenumber"": ""205"", ""service:vehicle:truck_repair"": ""yes""}",404094,I 94,TRI-STATE TOLLWY,8068,f
way/1495168428,Todd's ​Southtown Auto Repair,,IL,t,,,POINT(-88.6202458 41.6157903),osm_truck_repair_overpass,8063,2026-08-18 07:03:05.046159+00,2026-08-18 07:00:34+00,,,,,,{},"{""name"": ""Todd's ​Southtown Auto Repair"", ""shop"": ""car_repair"", ""building"": ""yes"", ""addr:city"": ""Sandwich"", ""addr:state"": ""IL"", ""wheelchair"": ""yes"", ""addr:street"": ""East 29th Road"", ""contact:fax"": ""+1-815-786-9084"", ""addr:country"": ""US"", ""addr:postcode"": ""60548"", ""contact:email"": ""ToddsSouthtown@aol.com"", ""contact:phone"": ""+1-815-786-8825"", ""opening_hours"": ""Mo-Fr 07:00-17:30; Sa-Su off"", ""contact:website"": ""https://www.toddssouthtown.com/"", ""addr:housenumber"": ""4688"", ""service:vehicle:glass"": ""yes"", ""service:vehicle:motor"": ""yes"", ""service:vehicle:tyres"": ""yes"", ""service:vehicle:brakes"": ""yes"", ""service:vehicle:muffler"": ""yes"", ""service:vehicle:alignment"": ""yes"", ""service:vehicle:batteries"": ""yes"", ""service:vehicle:car_repair"": ""yes"", ""service:vehicle:electrical"": ""yes"", ""service:vehicle:oil_change"": ""yes"", ""service:vehicle:body_repair"": ""yes"", ""service:vehicle:diagnostics"": ""yes"", ""service:vehicle:transmission"": ""yes"", ""service:vehicle:truck_repair"": ""yes"", ""service:vehicle:air_conditioning"": ""yes""}",382268,I 88,EAST-WEST TOLLWY,25791,f
way/1496803470,Harrison Diesel Solutions,,MA,t,,,POINT(-72.6365242 42.3713378),osm_truck_repair_overpass,8063,2026-08-18 07:03:05.046159+00,2026-08-18 07:00:34+00,,,,,,{},"{""name"": ""Harrison Diesel Solutions"", ""website"": ""https://www.hds413.com/"", ""building"": ""yes"", ""addr:city"": ""West Hatfield"", ""addr:state"": ""MA"", ""addr:street"": ""Linseed Road"", ""addr:postcode"": ""01088"", ""addr:housenumber"": ""4"", ""service:vehicle:truck_repair"": ""yes""}",464853,I 91,I 91,281,t
way/1497542643,A-A-A Truck Repair,,OK,t,,,POINT(-95.9240042 36.1912349),osm_truck_repair_overpass,8063,2026-08-18 07:03:05.046159+00,2026-08-18 07:00:34+00,,,,,,{},"{""name"": ""A-A-A Truck Repair"", ""shop"": ""truck_repair"", ""phone"": ""+1 800 835 8223"", ""source"": ""INCOG;microsoft/BuildingFootprints"", ""building"": ""industrial"", ""addr:city"": ""Tulsa"", ""addr:state"": ""OK"", ""addr:street"": ""East Apache Street North"", ""addr:country"": ""US"", ""addr:postcode"": ""74115"", ""addr:housenumber"": ""4702""}",255128,S 11,GILCREASE EXWY,765,t
way/1498096625,Kelly Trailer Repair,,,,t,,POINT(-122.9813866 44.0548339),osm_truck_repair_overpass,8063,2026-08-18 07:03:05.046159+00,2026-08-18 07:00:34+00,,,,,,{},"{""name"": ""Kelly Trailer Repair"", ""depot"": ""truck"", ""landuse"": ""industrial"", ""industrial"": ""depot"", ""service:vehicle:trailer_repair"": ""yes""}",38068,S 126,EUGENE-SPRINGFIELD HWY,743,t
way/1504060774,Speedco,Speedco,,t,,,POINT(-90.0733661 32.6037027),osm_truck_repair_overpass,8063,2026-08-18 07:03:05.046159+00,2026-08-18 07:00:34+00,,,,,,{},"{""name"": ""Speedco"", ""shop"": ""truck_repair"", ""brand"": ""Speedco"", ""building"": ""yes"", ""brand:wikidata"": ""Q112455073""}",179357,S 22,S 22,87,t
way/1516380433,J & J Truck Service,Cummins,NM,t,,,POINT(-108.8018648 35.510015),osm_truck_repair_overpass,8063,2026-08-18 07:03:05.046159+00,2026-08-18 07:00:34+00,,,,,,{},"{""area"": ""yes"", ""name"": ""J & J Truck Service"", ""shop"": ""truck_repair"", ""brand"": ""Cummins"", ""phone"": ""+1-505-726-1535"", ""website"": ""https://www.jjtruckservice.com/"", ""addr:city"": ""Gallup"", ""addr:state"": ""NM"", ""addr:street"": ""West Historic Highway 66"", ""addr:postcode"": ""87301"", ""addr:housenumber"": ""2711"", ""service:vehicle:tyres"": ""yes"", ""service:vehicle:brakes"": ""yes"", ""service:vehicle:exhausts"": ""yes"", ""service:vehicle:alignment"": ""yes"", ""service:vehicle:oil_change"": ""yes"", ""service:vehicle:diagnostics"": ""yes"", ""service:vehicle:tyres_repair"": ""yes"", ""service:vehicle:engine_repair"": ""yes"", ""service:vehicle:air_conditioning"": ""yes"", ""service:vehicle:transmission_repair"": ""yes""}",90628,I 40,I 40,498,t
way/1521095196,PennFleet,,PA,t,,,POINT(-75.4295329 39.8387812),osm_truck_repair_overpass,8063,2026-08-18 07:03:05.046159+00,2026-08-18 07:00:34+00,,,,,,{},"{""name"": ""PennFleet"", ""shop"": ""truck_repair"", ""phone"": ""+1-610-940-1507"", ""website"": ""https://pennfleet.com/"", ""building"": ""garage"", ""addr:city"": ""Boothwyn"", ""addr:state"": ""PA"", ""addr:street"": ""Meetinghouse Road"", ""addr:country"": ""US"", ""addr:postcode"": ""19061"", ""building:levels"": ""2"", ""addr:housenumber"": ""591""}",454649,I 95,VIETNAM VETERANS MEMORIAL HWY,718,t
way/1525769914,Ray's Auto Clinic,,FL,t,,,POINT(-82.5703655 27.4828693),osm_truck_repair_overpass,8063,2026-08-18 07:03:05.046159+00,2026-08-18 07:00:34+00,,,,,,{},"{""name"": ""Ray's Auto Clinic"", ""shop"": ""car_repair"", ""phone"": ""+1-941-896-8610"", ""website"": ""https://rainmanraysrepairs.com/"", ""building"": ""yes"", ""addr:city"": ""Bradenton"", ""addr:state"": ""FL"", ""addr:street"": ""19th Avenue West"", ""addr:postcode"": ""34205"", ""opening_hours"": ""Mo-Fr 09:00-16:00"", ""addr:housenumber"": ""808"", ""service:vehicle:motor"": ""yes"", ""service:vehicle:brakes"": ""yes"", ""service:vehicle:wheels"": ""yes"", ""service:vehicle:muffler"": ""yes"", ""service:vehicle:repairs"": ""yes"", ""service:vehicle:alignment"": ""yes"", ""service:vehicle:batteries"": ""yes"", ""service:vehicle:car_repair"": ""yes"", ""service:vehicle:electrical"": ""yes"", ""service:vehicle:inspection"": ""yes"", ""service:vehicle:oil_change"": ""yes"", ""service:vehicle:diagnostics"": ""yes"", ""service:vehicle:transmission"": ""yes"", ""service:vehicle:truck_repair"": ""yes"", ""service:vehicle:air_conditioning"": ""yes"", ""service:vehicle:transmission_repair"": ""yes""}",185927,I 75,I 75,7609,f
way/1528233804,Rush Truck Centers – Atlanta,Rush Truck Centers,GA,t,,,POINT(-84.3467994 33.6841067),osm_truck_repair_overpass,8063,2026-08-18 07:03:05.046159+00,2026-08-18 07:00:34+00,,,,,,{},"{""name"": ""Rush Truck Centers – Atlanta"", ""shop"": ""truck_repair"", ""brand"": ""Rush Truck Centers"", ""phone"": ""+1-678-420-7500"", ""branch"": ""Atlanta"", ""website"": ""https://www.rushtruckcenters.com/locations/19020000-atlanta"", ""building"": ""commercial"", ""operator"": ""Rush Truck Centers"", ""addr:city"": ""Atlanta"", ""addr:state"": ""GA"", ""addr:street"": ""Moreland Avenue Southeast"", ""addr:postcode"": ""30315"", ""opening_hours"": ""Mo-Fr 07:00-23:00; Sa 08:00-17:00"", ""brand:wikidata"": ""Q120637525"", ""addr:housenumber"": ""2650""}",386827,I 675,I 675,1820,t
way/1528561958,Rush Truck Centers – Cotulla,Rush Truck Centers,TX,t,,,POINT(-99.2517582 28.4134621),osm_truck_repair_overpass,8063,2026-08-18 07:03:05.046159+00,2026-08-18 07:00:34+00,,,,,,{},"{""name"": ""Rush Truck Centers – Cotulla"", ""shop"": ""truck_repair"", ""brand"": ""Rush Truck Centers"", ""phone"": ""+1-956-764-1470"", ""branch"": ""Cotulla"", ""website"": ""https://www.rushtruckcenters.com/locations/10320000-cotulla"", ""building"": ""commercial"", ""operator"": ""Rush Truck Centers"", ""addr:city"": ""Cotulla"", ""addr:state"": ""TX"", ""addr:street"": ""North I-35"", ""addr:postcode"": ""78014"", ""opening_hours"": ""Mo-Fr 07:00-17:00"", ""brand:wikidata"": ""Q120637525"", ""addr:housenumber"": ""2189""}",127860,I 35,I 35,117,t
way/1528594313,Rush Truck Centers – Fontana Vocational Services,Rush Truck Centers,CA,t,,,POINT(-117.4917491 34.0623352),osm_truck_repair_overpass,8063,2026-08-18 07:03:05.046159+00,2026-08-18 07:00:34+00,,,,,,{},"{""name"": ""Rush Truck Centers – Fontana Vocational Services"", ""shop"": ""truck_repair"", ""brand"": ""Rush Truck Centers"", ""phone"": ""+1-909-302-5600"", ""branch"": ""Fontana Vocational Services"", ""website"": ""https://www.rushtruckcenters.com/locations/12110000-fontana-vocational-services"", ""building"": ""commercial"", ""operator"": ""Rush Truck Centers"", ""addr:city"": ""Fontana"", ""addr:state"": ""CA"", ""addr:street"": ""Slover Avenue"", ""addr:postcode"": ""92337"", ""opening_hours"": ""Mo-Fr 07:00-17:00"", ""brand:wikidata"": ""Q120637525"", ""addr:housenumber"": ""14387""}",34423,I 10,SAN BERNARDINO FRWY,381,t
way/1528932643,Smith Springs Truck Springs and Alignment,,OH,t,,,POINT(-82.5927444 39.0315431),osm_truck_repair_overpass,8063,2026-08-18 07:03:05.046159+00,2026-08-18 07:00:34+00,,,,,,{},"{""name"": ""Smith Springs Truck Springs and Alignment"", ""shop"": ""truck_repair"", ""source"": ""esri_USDOT_Ohio"", ""building"": ""industrial"", ""addr:city"": ""Jackson"", ""addr:state"": ""OH"", ""addr:street"": ""Clary Road"", ""addr:postcode"": ""45640"", ""addr:housenumber"": ""441""}",412864,U 35,U 35,139,t
way/1530448722,Rush Truck Centers – Jefferson City,Rush Truck Centers,MO,t,,,POINT(-92.1962768 38.5580056),osm_truck_repair_overpass,8063,2026-08-18 07:03:05.046159+00,2026-08-18 07:00:34+00,,,,,,{},"{""name"": ""Rush Truck Centers – Jefferson City"", ""shop"": ""truck_repair"", ""brand"": ""Rush Truck Centers"", ""phone"": ""+1-573-636-2133"", ""branch"": ""Jefferson City"", ""website"": ""https://www.rushtruckcenters.com/locations/25110000-jefferson-city"", ""building"": ""commercial"", ""operator"": ""Rush Truck Centers"", ""addr:city"": ""Jefferson City"", ""addr:state"": ""MO"", ""addr:street"": ""Southridge Drive"", ""addr:postcode"": ""65109"", ""opening_hours"": ""Mo-Fr 07:00-19:00; Sa 08:00-15:00"", ""brand:wikidata"": ""Q120637525"", ""addr:housenumber"": ""1722""}",371434,U 54,U 54,271,t
way/1530449833,Rush Truck Centers – Jonesboro,Rush Truck Centers,AR,t,,,POINT(-90.6263315 35.8044954),osm_truck_repair_overpass,8063,2026-08-18 07:03:05.046159+00,2026-08-18 07:00:34+00,,,,,,{},"{""name"": ""Rush Truck Centers – Jonesboro"", ""shop"": ""truck_repair"", ""brand"": ""Rush Truck Centers"", ""phone"": ""+1-870-600-9292"", ""branch"": ""Jonesboro"", ""website"": ""https://www.rushtruckcenters.com/locations/32010000-jonesboro"", ""building"": ""commercial"", ""operator"": ""Rush Truck Centers"", ""addr:city"": ""Jonesboro"", ""addr:state"": ""AR"", ""addr:street"": ""Commerce Square"", ""addr:postcode"": ""72401"", ""opening_hours"": ""Mo-Fr 07:00-17:00"", ""brand:wikidata"": ""Q120637525"", ""addr:housenumber"": ""5711""}",363677,I 555,I 555,129,t
way/1530462196,Rush Truck Centers – Los Angeles,Rush Truck Centers,CA,t,,,POINT(-118.107717 33.9708259),osm_truck_repair_overpass,8063,2026-08-18 07:03:05.046159+00,2026-08-18 07:00:34+00,,,,,,{},"{""name"": ""Rush Truck Centers – Los Angeles"", ""shop"": ""truck_repair"", ""brand"": ""Rush Truck Centers"", ""phone"": ""+1-562-566-1800"", ""branch"": ""Los Angeles"", ""website"": ""https://www.rushtruckcenters.com/locations/12040000-los-angeles"", ""building"": ""commercial"", ""operator"": ""Rush Truck Centers"", ""addr:city"": ""Pico Rivera"", ""addr:state"": ""CA"", ""addr:street"": ""East Slauson Avenue"", ""addr:postcode"": ""90660"", ""opening_hours"": ""Mo-Fr 07:00-24:00; Sa 08:00-17:00"", ""brand:wikidata"": ""Q120637525"", ""addr:housenumber"": ""8830""}",32449,I 5,SANTA ANA FRWY,1323,t
way/1535900526,"Hoover's Truck & Auto Repair, Inc.",,,t,,,POINT(-76.7565548 39.953366),osm_truck_repair_overpass,8063,2026-08-18 07:03:05.046159+00,2026-08-18 07:00:34+00,,,,,,{},"{""name"": ""Hoover's Truck & Auto Repair, Inc."", ""shop"": ""car_repair"", ""service"": ""repair"", ""building"": ""garage"", ""service:vehicle:car_repair"": ""yes"", ""service:vehicle:inspection"": ""yes"", ""service:vehicle:truck_repair"": ""yes""}",445348,U 30,LINCOLN HWY,1810,t
way/1539182546,Rush Truck Centers – St. Peters,Rush Truck Centers,MO,t,,,POINT(-90.6683229 38.8019318),osm_truck_repair_overpass,8063,2026-08-18 07:03:05.046159+00,2026-08-18 07:00:34+00,,,,,,{},"{""name"": ""Rush Truck Centers – St. Peters"", ""shop"": ""truck_repair"", ""brand"": ""Rush Truck Centers"", ""phone"": ""+1-636-385-7100"", ""branch"": ""St. Peters"", ""website"": ""https://www.rushtruckcenters.com/locations/25020000-st-peters"", ""building"": ""commercial"", ""operator"": ""Rush Truck Centers"", ""addr:city"": ""St Peters"", ""addr:state"": ""MO"", ""addr:street"": ""Veterans Memorial Parkway"", ""addr:postcode"": ""63376"", ""opening_hours"": ""Mo-Fr 07:00-19:00; Sa 07:00-15:00"", ""brand:wikidata"": ""Q120637525"", ""addr:housenumber"": ""8050""}",372012,I 70,I 70,104,t
way/1549475003,,,,t,,,POINT(-94.3598103 38.6099675),osm_truck_repair_overpass,8063,2026-08-18 07:03:05.046159+00,2026-08-18 07:00:34+00,,,,,,{},"{""shop"": ""truck_repair"", ""building"": ""yes"", ""operator"": ""Walmart""}",291165,I 49,I 49,955,t
way/159641164,Rocky Mountain Truck Centers,,WY,t,,,POINT(-109.8542686 41.5443822),osm_truck_repair_overpass,8063,2026-08-18 07:03:05.046159+00,2026-08-18 07:00:34+00,,,,,,{},"{""name"": ""Rocky Mountain Truck Centers"", ""shop"": ""car_repair"", ""layer"": ""1"", ""phone"": ""+1 307-364-0055"", ""website"": ""https://247breakdown.com/locations/"", ""building"": ""workshop"", ""operator"": ""Rocky Mountain Truck Centers"", ""addr:city"": ""Little America"", ""addr:state"": ""WY"", ""addr:street"": ""Antelope Drive"", ""addr:postcode"": ""82929"", ""opening_hours"": ""24/7"", ""addr:housenumber"": ""6924"", ""service:vehicle:truck_parts"": ""yes"", ""service:vehicle:truck_repair"": ""yes""}",82644,I 80,I 80,241,t
way/164289687,J and Y Auto Service,,NM,t,,,POINT(-108.5000108 34.3444858),osm_truck_repair_overpass,8063,2026-08-18 07:03:05.046159+00,2026-08-18 07:00:34+00,,,,,,{},"{""name"": ""J and Y Auto Service"", ""shop"": ""car_repair"", ""name:en"": ""J & Y Auto Service"", ""website"": ""https://www.jandyauto.com/"", ""building"": ""yes"", ""addr:city"": ""Quemado"", ""addr:state"": ""NM"", ""addr:street"": ""W Highway 60"", ""addr:postcode"": ""87829"", ""addr:housenumber"": ""3427"", ""service:vehicle:gas"": ""yes"", ""service:vehicle:fuel"": ""yes"", ""service:vehicle:diesel"": ""yes"", ""service:vehicle:towing"": ""yes"", ""service:vehicle:car_repair"": ""yes"", ""service:vehicle:oil_change"": ""yes"", ""service:vehicle:truck_repair"": ""yes""}",90624,U 60,U 60,51,t
way/183384851,Castaneda's Auto Truck Repair,,CO,t,,,POINT(-105.0522585 40.5836609),osm_truck_repair_overpass,8063,2026-08-18 07:03:05.046159+00,2026-08-18 07:00:34+00,,,,,,{},"{""name"": ""Castaneda's Auto Truck Repair"", ""shop"": ""truck_repair"", ""building"": ""commercial"", ""addr:city"": ""Fort Collins"", ""addr:state"": ""CO"", ""addr:street"": ""East Magnolia Street"", ""addr:postcode"": ""80524"", ""addr:housenumber"": ""1400""}",93618,S 14,MULBERRY ST,268,t
way/191662045,Sapp Bros. Truck Service,Sapp Bros.,,t,,,POINT(-95.8797652 41.2365473),osm_truck_repair_overpass,8063,2026-08-18 07:03:05.046159+00,2026-08-18 07:00:34+00,,,,,,{},"{""name"": ""Sapp Bros. Truck Service"", ""shop"": ""truck_repair"", ""brand"": ""Sapp Bros."", ""building"": ""retail"", ""operator"": ""Sapp Bros."", ""addr:street"": ""South 24th Street"", ""addr:postcode"": ""51501"", ""brand:wikidata"": ""Q137965281"", ""addr:housenumber"": ""2520"", ""operator:wikidata"": ""Q137965281"", ""service:vehicle:truck_repair"": ""yes""}",285218,I 80,I 80,487,t
way/193818614,TravelAmerica Truck Service,TA,,t,,t,POINT(-116.1763897 33.7141651),osm_truck_repair_overpass,8063,2026-08-18 07:03:05.046159+00,2026-08-18 07:00:34+00,,,,,,{},"{""hgv"": ""yes"", ""name"": ""TravelAmerica Truck Service"", ""shop"": ""car_repair"", ""brand"": ""TA"", ""layer"": ""1"", ""phone"": ""+1 760-345-2433"", ""website"": ""https://www.ta-petro.com/location/ca/ta-coachella/"", ""building"": ""commercial"", ""brand:wikidata"": ""Q7835892"", ""contact:facebook"": ""https://www.facebook.com/TATruckServiceCoachellaCA/"", ""service:vehicle:car_repair"": ""no"", ""service:vehicle:truck_repair"": ""yes""}",67245,I 10,I 10,85,t
way/202651314,Auto & Truck of Williamsburg,,OH,t,,,POINT(-84.0511569 39.053434),osm_truck_repair_overpass,8063,2026-08-18 07:03:05.046159+00,2026-08-18 07:00:34+00,,,,,,{},"{""name"": ""Auto & Truck of Williamsburg"", ""shop"": ""car_repair"", ""building"": ""yes"", ""addr:city"": ""Williamsburg"", ""addr:state"": ""OH"", ""addr:street"": ""West Main Street"", ""addr:postcode"": ""45176"", ""addr:housenumber"": ""138"", ""service:vehicle:car_repair"": ""yes"", ""service:vehicle:truck_repair"": ""yes""}",391904,S 32,S 32,1324,t
way/212372525,Ferreira's Towing & Recovery,,,t,,,POINT(-71.3866803 42.5834983),osm_truck_repair_overpass,8063,2026-08-18 07:03:05.046159+00,2026-08-18 07:00:34+00,,,,,,{},"{""name"": ""Ferreira's Towing & Recovery"", ""shop"": ""car_repair"", ""phone"": ""+1-978-454-7914"", ""building"": ""yes"", ""check_date"": ""2024-08-02"", ""addr:street"": ""Littleton Road"", ""opening_hours"": ""24/7"", ""addr:housenumber"": ""293"", ""opening_hours:workshop"": ""Mo-Fr 08:00-17:00,Sa 08:00-12:00"", ""service:vehicle:car_repair"": ""yes"", ""service:vehicle:inspection"": ""yes"", ""service:vehicle:truck_repair"": ""yes""}",465435,I 495,I 495,261,t
way/214041478,Central Chevrolet,Chevrolet,MA,t,,,POINT(-72.6084085 42.095759),osm_truck_repair_overpass,8063,2026-08-18 07:03:05.046159+00,2026-08-18 07:00:34+00,,,,,,{},"{""name"": ""Central Chevrolet"", ""shop"": ""car"", ""brand"": ""Chevrolet"", ""phone"": ""+1-413-781-3400"", ""toilets"": ""yes"", ""website"": ""https://www.centralchevyauto.com"", ""building"": ""yes"", ""operator"": ""Todd Volk"", ""addr:city"": ""West Springfield"", ""addr:state"": ""MA"", ""wheelchair"": ""yes"", ""addr:street"": ""Memorial Avenue"", ""description"": ""Central Chevrolet in West Springfield: New and pre-owned Chevy cars, trucks, and SUVs (e.g., Silverado, Trax). Full auto service center and genuine GM parts."", ""second_hand"": ""yes"", ""currency:USD"": ""yes"", ""payment:cash"": ""yes"", ""payment:visa"": ""yes"", ""addr:postcode"": ""01089"", ""official_name"": ""Central Chevrolet, Inc."", ""opening_hours"": ""Mo-Fr 09:00-20:00; Sa 09:00-18:00"", ""brand:wikidata"": ""Q29570"", ""payment:cheque"": ""yes"", ""building:levels"": ""2"", ""internet_access"": ""wlan"", ""addr:housenumber"": ""671;675"", ""contact:facebook"": ""https://facebook.com/CentralChevrolet"", ""payment:mastercard"": ""yes"", ""payment:visa_debit"": ""yes"", ""payment:debit_cards"": ""yes"", ""payment:credit_cards"": ""yes"", ""payment:discover_card"": ""yes"", ""service:vehicle:motor"": ""yes"", ""service:vehicle:brakes"": ""yes"", ""service:vehicle:wheels"": ""yes"", ""service:vehicle:muffler"": ""yes"", ""service:vehicle:repairs"": ""yes"", ""payment:american_express"": ""yes"", ""service:vehicle:painting"": ""yes"", ""service:vehicle:alignment"": ""yes"", ""service:vehicle:batteries"": ""yes"", ""service:vehicle:car_parts"": ""yes"", ""service:vehicle:car_repair"": ""yes"", ""service:vehicle:electrical"": ""yes"", ""service:vehicle:inspection"": ""yes"", ""service:vehicle:oil_change"": ""yes"", ""service:vehicle:body_repair"": ""yes"", ""service:vehicle:diagnostics"": ""yes"", ""service:vehicle:transmission"": ""yes"", ""service:vehicle:truck_repair"": ""yes"", ""service:vehicle:new_car_sales"": ""yes"", ""service:vehicle:used_car_sales"": ""yes"", ""service:vehicle:air_conditioning"": ""yes"", ""service:vehicle:transmission_repair"": ""yes""}",464894,I 91,I 91,1252,t
way/214595897,Mike's Truck Services,,MA,t,,,POINT(-71.7741046 42.2023869),osm_truck_repair_overpass,8063,2026-08-18 07:03:05.046159+00,2026-08-18 07:00:34+00,,,,,,{},"{""name"": ""Mike's Truck Services"", ""shop"": ""car_repair"", ""phone"": ""+15088654828"", ""building"": ""yes"", ""addr:city"": ""Millbury"", ""addr:state"": ""MA"", ""addr:street"": ""N. Main Street"", ""addr:postcode"": ""01527"", ""opening_hours"": ""Mo-Fr 08:00-17:00"", ""addr:housenumber"": ""214"", ""contact:facebook"": ""https://www.facebook.com/profile.php?id=164098696942081"", ""service:vehicle:truck_repair"": ""yes""}",465270,I 90,MASSACHUSETTS TPKE,1036,t
way/216244796,Anytime Mobile Truck Service,,MN,t,,,POINT(-96.7408111 46.8561462),osm_truck_repair_overpass,8063,2026-08-18 07:03:05.046159+00,2026-08-18 07:00:34+00,,,,,,{},"{""name"": ""Anytime Mobile Truck Service"", ""shop"": ""car_repair"", ""source"": ""Bing;http://www.truckrepairmoorhead.com/"", ""building"": ""yes"", ""addr:city"": ""Moorhead"", ""addr:state"": ""MN"", ""addr:street"": ""25th Street South"", ""addr:postcode"": ""56560"", ""opening_hours"": ""Mo-Fr 07:30-17:00"", ""addr:housenumber"": ""1980"", ""service:vehicle:truck_repair"": ""yes""}",333004,I 94,I 94,1006,t
way/216384630,MGM Auto,,MA,t,,,POINT(-71.6039373 42.1719014),osm_truck_repair_overpass,8063,2026-08-18 07:03:05.046159+00,2026-08-18 07:00:34+00,,,,,,{},"{""name"": ""MGM Auto"", ""shop"": ""car_repair"", ""phone"": ""+1-508-529-1401"", ""building"": ""yes"", ""addr:city"": ""Upton"", ""addr:state"": ""MA"", ""addr:street"": ""Main Street"", ""addr:postcode"": ""01568"", ""addr:housenumber"": ""14"", ""service:vehicle:car_repair"": ""yes"", ""service:vehicle:motorcycle"": ""yes"", ""service:vehicle:truck_repair"": ""yes"", ""service:vehicle:diesel_repair"": ""yes""}",465238,I 495,I 495,6040,f
way/217675109,Serra Honda O'Fallon,Honda,IL,t,,,POINT(-89.9382941 38.5825947),osm_truck_repair_overpass,8063,2026-08-18 07:03:05.046159+00,2026-08-18 07:00:34+00,,,,,,{},"{""name"": ""Serra Honda O'Fallon"", ""shop"": ""car"", ""brand"": ""Honda"", ""phone"": ""+1-618-622-0588"", ""website"": ""https://www.serrahondaofallon.com/"", ""building"": ""yes"", ""not:name"": ""Meyer Honda"", ""operator"": ""Serra Automotive"", ""addr:city"": ""O'Fallon"", ""addr:state"": ""IL"", ""check_date"": ""2026-07-21"", ""addr:street"": ""Central Park Drive"", ""second_hand"": ""yes"", ""payment:cash"": ""yes"", ""addr:postcode"": ""62269"", ""opening_hours"": ""Mo-Fr 08:30-19:00; Sa 08:30-18:00; Su off"", ""brand:wikidata"": ""Q9584"", ""payment:cheque"": ""yes"", ""addr:housenumber"": ""1268"", ""contact:facebook"": ""https://www.facebook.com/SerraHondaOFallon"", ""payment:credit_cards"": ""yes"", ""service:vehicle:car_repair"": ""yes"", ""service:vehicle:truck_repair"": ""yes"", ""service:vehicle:new_car_sales"": ""yes"", ""service:vehicle:used_car_sales"": ""yes""}",381697,I 64,I 64,98,t
way/217787446,Bosselman Boss Shop,Boss Truck Shop,,t,,,POINT(-77.1224043 40.2365136),osm_truck_repair_overpass,8063,2026-08-18 07:03:05.046159+00,2026-08-18 07:00:34+00,,,,,,{},"{""name"": ""Bosselman Boss Shop"", ""shop"": ""truck_repair"", ""brand"": ""Boss Truck Shop"", ""phone"": ""+1 717-243-8850"", ""website"": ""https://bosstruckshops.com/locations/carlisle-pa-boss-truck-shop/"", ""building"": ""yes"", ""service:vehicle:truck_repair"": ""yes""}",445000,I 81,AMERICAN LEGION MEMORIAL HWY,189,t
way/217813141,TA Truck Service,,MD,t,,,POINT(-75.7970638 39.6433678),osm_truck_repair_overpass,8063,2026-08-18 07:03:05.046159+00,2026-08-18 07:00:34+00,,,,,,{},"{""name"": ""TA Truck Service"", ""shop"": ""car_repair"", ""building"": ""yes"", ""addr:city"": ""Elkton"", ""addr:state"": ""MD"", ""addr:street"": ""Elkton Road"", ""addr:postcode"": ""21921"", ""addr:housenumber"": ""1400"", ""service:vehicle:truck_repair"": ""yes""}",444715,I 95,I 95,363,t
way/219358755,Garber Automotive,,KS,t,,,POINT(-95.262648 38.9728038),osm_truck_repair_overpass,8063,2026-08-18 07:03:05.046159+00,2026-08-18 07:00:34+00,,,,,,{},"{""name"": ""Garber Automotive"", ""shop"": ""car_repair"", ""phone"": ""+1-785-856-7838"", ""website"": ""https://www.garberautomotiveinc.com/"", ""building"": ""yes"", ""addr:city"": ""Lawrence"", ""addr:state"": ""KS"", ""addr:street"": ""West 6th Street"", ""addr:postcode"": ""66049"", ""opening_hours"": ""Mo-Fr 07:30-12:00, 13:00-17:30"", ""addr:housenumber"": ""2216"", ""service:vehicle:tyres"": ""yes"", ""service:vehicle:brakes"": ""yes"", ""service:vehicle:engine"": ""yes"", ""service:vehicle:towing"": ""yes"", ""service:vehicle:car_repair"": ""yes"", ""service:vehicle:electrical"": ""yes"", ""service:vehicle:4x4_repairs"": ""yes"", ""service:vehicle:transmission"": ""yes"", ""service:vehicle:truck_repair"": ""yes""}",276681,S 3278,S 3278,52,t
way/219426002,Petro Stopping Centers,Petro,GA,t,,t,POINT(-84.4889348 33.78835),osm_truck_repair_overpass,8063,2026-08-18 07:03:05.046159+00,2026-08-18 07:00:34+00,,,,,,{},"{""atm"": ""yes"", ""fax"": ""+1 404-732-6904"", ""hgv"": ""yes"", ""ref"": ""0322"", ""name"": ""Petro Stopping Centers"", ""brand"": ""Petro"", ""phone"": ""+1 404-794-7772"", ""branch"": ""Atlanta"", ""highway"": ""services"", ""website"": ""https://www.ta-petro.com/location/ga/petro-atlanta/"", ""operator"": ""Petro"", ""addr:city"": ""Atlanta"", ""ref:petro"": ""322"", ""addr:state"": ""GA"", ""addr:street"": ""Donald Lee Hollowell Parkway"", ""fuel:adblue"": ""yes"", ""fuel:diesel"": ""yes"", ""capacity:hgv"": ""411"", ""fuel:premium"": ""yes"", ""fuel:regular"": ""yes"", ""addr:postcode"": ""30318"", ""fuel:midgrade"": ""yes"", ""opening_hours"": ""24/7"", ""brand:wikidata"": ""Q64051305"", ""fuel:biodiesel"": ""yes"", ""fitness_station"": ""yes"", ""internet_access"": ""wlan"", ""addr:housenumber"": ""3181"", ""service:vehicle:tyres"": ""yes"", ""service:vehicle:batteries"": ""yes"", ""service:vehicle:oil_change"": ""yes"", ""service:vehicle:diagnostics"": ""yes"", ""service:vehicle:lubrication"": ""yes"", ""service:vehicle:truck_repair"": ""yes""}",386552,I 285,I 285,211,t
way/219793325,Bosselman Boss Shop,Boss Truck Shop,,t,,,POINT(-97.6092092 38.8758227),osm_truck_repair_overpass,8063,2026-08-18 07:03:05.046159+00,2026-08-18 07:00:34+00,,,,,,{},"{""name"": ""Bosselman Boss Shop"", ""shop"": ""truck_repair"", ""brand"": ""Boss Truck Shop"", ""phone"": ""+1 785-825-6674"", ""website"": ""https://bosstruckshops.com/locations/salina-ks-boss-truck-shop/"", ""building"": ""yes"", ""service:vehicle:truck_repair"": ""yes""}",230528,I 70,I 70,65,t
way/219795611,TA Truck Service,,,t,,,POINT(-85.8709607 37.5991887),osm_truck_repair_overpass,8063,2026-08-18 07:03:05.046159+00,2026-08-18 07:00:34+00,,,,,,{},"{""name"": ""TA Truck Service"", ""shop"": ""truck_repair"", ""building"": ""yes""}",388044,I 65,I 65,267,t
way/220040775,TA Service Shop,TA,,t,,,POINT(-94.1306346 39.0177457),osm_truck_repair_overpass,8063,2026-08-18 07:03:05.046159+00,2026-08-18 07:00:34+00,,,,,,{},"{""name"": ""TA Service Shop"", ""shop"": ""car_repair"", ""brand"": ""TA"", ""building"": ""yes"", ""brand:wikidata"": ""Q7835892"", ""service:vehicle:truck_repair"": ""yes""}",291280,I 70,I 70,171,t
way/220282565,TA Truck Service,,WI,t,,,POINT(-87.9559293 42.7228534),osm_truck_repair_overpass,8063,2026-08-18 07:03:05.046159+00,2026-08-18 07:00:34+00,,,,,,{},"{""name"": ""TA Truck Service"", ""shop"": ""car_repair"", ""building"": ""yes"", ""addr:city"": ""Sturtevant"", ""addr:state"": ""WI"", ""addr:street"": ""South Sylvania Avenue"", ""addr:postcode"": ""53177"", ""addr:housenumber"": ""923"", ""service:vehicle:truck_repair"": ""yes""}",477728,I 41,I 41,149,t
way/220650044,Bosselman Boss Shop,Boss Truck Shop,,t,,,POINT(-76.3419765 40.4637429),osm_truck_repair_overpass,8063,2026-08-18 07:03:05.046159+00,2026-08-18 07:00:34+00,,,,,,{},"{""name"": ""Bosselman Boss Shop"", ""shop"": ""truck_repair"", ""brand"": ""Boss Truck Shop"", ""phone"": ""+1 717-933-1450"", ""website"": ""https://bosstruckshops.com/locations/myerstown-pa-boss-truck-shop/"", ""building"": ""yes"", ""service:vehicle:truck_repair"": ""yes""}",446436,I 78,WILLIAM PENN HWY,225,t
way/220773984,Speedco,Speedco,,t,,,POINT(-78.4397505 38.9649284),osm_truck_repair_overpass,8063,2026-08-18 07:03:05.046159+00,2026-08-18 07:00:34+00,,,,,,{},"{""name"": ""Speedco"", ""shop"": ""truck_repair"", ""brand"": ""Speedco"", ""building"": ""yes"", ""brand:wikidata"": ""Q112455073""}",441606,I 81,I 81,167,t
way/220781613,Travel Centers of America,,,t,,t,POINT(-80.7652859 41.1229637),osm_truck_repair_overpass,8063,2026-08-18 07:03:05.046159+00,2026-08-18 07:00:34+00,,,,,,{},"{""hgv"": ""designated"", ""name"": ""Travel Centers of America"", ""shop"": ""car_repair"", ""phone"": ""+1-330-793-4426"", ""building"": ""commercial"", ""addr:street"": ""Seventy Six Drive"", ""addr:housenumber"": ""5400"", ""service:vehicle:truck_repair"": ""yes""}",432784,I 80,I 80,79,t
way/220794337,Bosselman Boss Shop,Boss Truck Shop,VA,t,,,POINT(-77.4685777 37.9406898),osm_truck_repair_overpass,8063,2026-08-18 07:03:05.046159+00,2026-08-18 07:00:34+00,,,,,,{},"{""name"": ""Bosselman Boss Shop"", ""shop"": ""truck_repair"", ""brand"": ""Boss Truck Shop"", ""phone"": ""+1 804-448-3673"", ""website"": ""https://bosstruckshops.com/locations/ruther-glen-va-boss-truck-shop/"", ""building"": ""yes"", ""addr:city"": ""Ruther Glen"", ""addr:state"": ""VA"", ""addr:street"": ""Cool Water Drive"", ""addr:postcode"": ""22546"", ""addr:housenumber"": ""23408"", ""service:vehicle:truck_repair"": ""yes""}",443252,S 207,S 207,322,t
way/220891398,Bosselman Boss Shop,Boss Truck Shop,,t,,,POINT(-80.9446684 36.944643),osm_truck_repair_overpass,8063,2026-08-18 07:03:05.046159+00,2026-08-18 07:00:34+00,,,,,,{},"{""name"": ""Bosselman Boss Shop"", ""shop"": ""truck_repair"", ""brand"": ""Boss Truck Shop"", ""phone"": ""+1 276-637-4126"", ""website"": ""https://bosstruckshops.com/locations/max-meadows-va-boss-truck-shop/"", ""building"": ""yes"", ""contact:facebook"": ""https://www.facebook.com/BossShopFtChiswell/"", ""service:vehicle:truck_repair"": ""yes""}",409601,I 81,I 81,184,t
way/221382314,Bosselman Boss Shop,Boss Truck Shop,,t,,,POINT(-86.1930465 39.6928915),osm_truck_repair_overpass,8063,2026-08-18 07:03:05.046159+00,2026-08-18 07:00:34+00,,,,,,{},"{""name"": ""Bosselman Boss Shop"", ""shop"": ""truck_repair"", ""brand"": ""Boss Truck Shop"", ""phone"": ""+1 317-780-2675"", ""website"": ""https://bosstruckshops.com/locations/indianapolis-in-boss-truck-shop/"", ""building"": ""yes"", ""service:vehicle:truck_repair"": ""yes""}",3140,I 465,I 465,166,t
way/221384339,Bosselman Boss Shop,Boss Truck Shop,,t,,,POINT(-98.3819139 40.8287454),osm_truck_repair_overpass,8063,2026-08-18 07:03:05.046159+00,2026-08-18 07:00:34+00,,,,,,{},"{""name"": ""Bosselman Boss Shop"", ""shop"": ""truck_repair"", ""brand"": ""Boss Truck Shop"", ""phone"": ""+1 308-381-7272"", ""website"": ""https://bosstruckshops.com/locations/grand-island-ne-boss-truck-shop/"", ""building"": ""yes"", ""service:vehicle:truck_repair"": ""yes""}",238237,U 34,U 34,302,t
way/221885763,Sapp Bros. Service Center,Sapp Bros,UT,t,,,POINT(-111.9452834 40.7397615),osm_truck_repair_overpass,8063,2026-08-18 07:03:05.046159+00,2026-08-18 07:00:34+00,,,,,,{},"{""name"": ""Sapp Bros. Service Center"", ""shop"": ""car_repair"", ""brand"": ""Sapp Bros"", ""phone"": ""+1-801-977-3900"", ""website"": ""https://www.sappbros.net/location/salt-lake-city-ut-service-center/"", ""building"": ""commercial"", ""operator"": ""Sapp Bros."", ""addr:city"": ""Salt Lake City"", ""addr:state"": ""UT"", ""addr:street"": ""West California Avenue"", ""payment:cash"": ""yes"", ""addr:postcode"": ""84104"", ""brand:wikidata"": ""Q137965281"", ""addr:housenumber"": ""1953"", ""operator:wikidata"": ""Q137965281"", ""payment:credit_cards"": ""yes"", ""service:vehicle:truck_repair"": ""yes""}",81147,I 215,I 215,326,t
way/223406273,Garnsey Auto Repair,,OH,t,,,POINT(-82.381116 40.7151959),osm_truck_repair_overpass,8063,2026-08-18 07:03:05.046159+00,2026-08-18 07:00:34+00,,,,,,{},"{""name"": ""Garnsey Auto Repair"", ""shop"": ""car_repair"", ""phone"": ""+1-419-892-3822"", ""website"": ""https://www.napaonline.com/en/autocare/?facilityld=1207056&sdref=modal"", ""building"": ""commercial"", ""addr:city"": ""Lucas"", ""addr:state"": ""OH"", ""addr:street"": ""Mount Zion Road"", ""addr:postcode"": ""44843"", ""opening_hours"": ""Mo-Fr 09:30-18:30"", ""addr:housenumber"": ""4235"", ""service:vehicle:repairs"": ""yes"", ""service:vehicle:painting"": ""yes"", ""service:vehicle:car_repair"": ""yes"", ""service:vehicle:body_repair"": ""yes"", ""service:vehicle:truck_repair"": ""yes""}",420477,I 71,I 71,6453,f
way/223467958,Bosselman Truck Service,Boss Truck Shop,,t,,,POINT(-114.441784 42.6495047),osm_truck_repair_overpass,8063,2026-08-18 07:03:05.046159+00,2026-08-18 07:00:34+00,,,,,,{},"{""name"": ""Bosselman Truck Service"", ""shop"": ""truck_repair"", ""brand"": ""Boss Truck Shop"", ""phone"": ""+1 208-324-3550"", ""source"": ""http://bosselman.com/bossshop/location_list.html"", ""website"": ""https://bosstruckshops.com/locations/jerome-id-boss-truck-shop/"", ""building"": ""yes"", ""service:vehicle:truck_repair"": ""yes""}",84186,U 93,U 93,211,t
way/223478774,,,,t,,,POINT(-81.5805308 31.1372913),osm_truck_repair_overpass,8063,2026-08-18 07:03:05.046159+00,2026-08-18 07:00:34+00,,,,,,{},"{""shop"": ""car_repair"", ""building"": ""yes"", ""service:vehicle:truck_repair"": ""yes""}",188155,U 17,U 17,256,t
way/224603694,Love's Truck Care,Love's,CO,t,,,POINT(-104.4344412 39.7401258),osm_truck_repair_overpass,8063,2026-08-18 07:03:05.046159+00,2026-08-18 07:00:34+00,,,,,,{},"{""name"": ""Love's Truck Care"", ""shop"": ""truck_repair"", ""brand"": ""Love's"", ""phone"": ""+1-303-644-3585"", ""branch"": ""300"", ""website"": ""https://www.loves.com/locations/300"", ""building"": ""yes"", ""operator"": ""Love's"", ""addr:city"": ""Bennett"", ""addr:state"": ""CO"", ""addr:street"": ""South 1st Street"", ""addr:postcode"": ""80102"", ""opening_hours"": ""24/7"", ""brand:wikidata"": ""Q1872496"", ""addr:housenumber"": ""1191""}",99342,I 70,I 70,223,t
way/225055429,,,,t,,,POINT(-83.6040147 39.6163376),osm_truck_repair_overpass,8063,2026-08-18 07:03:05.046159+00,2026-08-18 07:00:34+00,,,,,,{},"{""shop"": ""car_repair"", ""building"": ""yes"", ""service:vehicle:truck_repair"": ""yes""}",411544,I 71,I 71,462,t
way/225056627,Bosselman Boss Shop,Boss Truck Shop,,t,,,POINT(-96.8446979 46.834042),osm_truck_repair_overpass,8063,2026-08-18 07:03:05.046159+00,2026-08-18 07:00:34+00,,,,,,{},"{""name"": ""Bosselman Boss Shop"", ""shop"": ""truck_repair"", ""brand"": ""Boss Truck Shop"", ""phone"": ""+1 701-282-6080"", ""website"": ""https://bosstruckshops.com/locations/fargo-nd-boss-truck-shop/"", ""building"": ""yes"", ""service:vehicle:truck_repair"": ""yes""}",333033,I 29,I 29,364,t
way/225347311,Love's Truck Tire Care,Love's,,t,,,POINT(-86.3945386 39.9784962),osm_truck_repair_overpass,8063,2026-08-18 07:03:05.046159+00,2026-08-18 07:00:34+00,,,,,,{},"{""ref"": ""459"", ""name"": ""Love's Truck Tire Care"", ""shop"": ""truck_repair"", ""brand"": ""Love's"", ""tyres"": ""yes"", ""building"": ""commercial"", ""addr:city"": ""Whitestown"", ""addr:street"": ""South Indianapolis Road"", ""addr:postcode"": ""46075"", ""contact:phone"": ""+1-317-769-2330"", ""opening_hours"": ""24/7"", ""brand:wikidata"": ""Q1872496"", ""contact:website"": ""https://www.loves.com"", ""addr:housenumber"": ""4155""}",5415,I 65,I 65,160,t
way/225734269,Love's Truck Care,Love's,,t,,,POINT(-95.6411618 32.5081707),osm_truck_repair_overpass,8063,2026-08-18 07:03:05.046159+00,2026-08-18 07:00:34+00,,,,,,{},"{""name"": ""Love's Truck Care"", ""shop"": ""truck_repair"", ""brand"": ""Love's"", ""building"": ""yes"", ""brand:wikidata"": ""Q1872496""}",144722,I 20,I 20,208,t
way/226177356,Western Peterbilt,,WA,t,,,POINT(-122.3234163 47.5702049),osm_truck_repair_overpass,8063,2026-08-18 07:03:05.046159+00,2026-08-18 07:00:34+00,,,,,,{},"{""name"": ""Western Peterbilt"", ""shop"": ""car_repair"", ""source"": ""King County GIS;data.seattle.gov"", ""website"": ""https://westernpeterbilt.com/western-peterbilt-seattle-wa"", ""building"": ""yes"", ""addr:city"": ""Seattle"", ""addr:state"": ""WA"", ""addr:street"": ""Airport Way South"", ""addr:postcode"": ""98134"", ""addr:housenumber"": ""3707"", ""service:vehicle:truck_repair"": ""yes""}",46018,I 5,I 5,258,t
way/226183423,Speedco,Speedco,,t,,,POINT(-94.7854191 39.7229485),osm_truck_repair_overpass,8063,2026-08-18 07:03:05.046159+00,2026-08-18 07:00:34+00,,,,,,{},"{""name"": ""Speedco"", ""shop"": ""truck_repair"", ""brand"": ""Speedco"", ""building"": ""yes"", ""brand:wikidata"": ""Q112455073""}",279082,I 29,I 29,280,t
way/226825426,TA Truck Service,,,t,,,POINT(-109.8488938 32.268431),osm_truck_repair_overpass,8063,2026-08-18 07:03:05.046159+00,2026-08-18 07:00:34+00,,,,,,{},"{""name"": ""TA Truck Service"", ""shop"": ""car_repair"", ""building"": ""yes"", ""service:vehicle:truck_repair"": ""yes""}",20506,I 10,I 10,532,t
way/226825763,,,,t,,,POINT(-112.7833576 33.4579502),osm_truck_repair_overpass,8063,2026-08-18 07:03:05.046159+00,2026-08-18 07:00:34+00,,,,,,{},"{""shop"": ""car_repair"", ""building"": ""yes"", ""service:vehicle:truck_repair"": ""yes""}",15799,I 10,I 10,529,t
way/226931519,,,,t,,,POINT(-81.3320123 31.9243329),osm_truck_repair_overpass,8063,2026-08-18 07:03:05.046159+00,2026-08-18 07:00:34+00,,,,,,{},"{""shop"": ""car_repair"", ""building"": ""yes"", ""service:vehicle:truck_repair"": ""yes""}",188205,I 95,I 95,201,t
way/229301326,TA Truck Shop,TA,TX,t,,,POINT(-101.4909267 32.2657158),osm_truck_repair_overpass,8063,2026-08-18 07:03:05.046159+00,2026-08-18 07:00:34+00,,,,,,{},"{""name"": ""TA Truck Shop"", ""shop"": ""car_repair"", ""brand"": ""TA"", ""building"": ""yes"", ""addr:city"": ""Big Spring"", ""addr:state"": ""TX"", ""addr:street"": ""West Interstate 20"", ""addr:postcode"": ""79720"", ""brand:wikidata"": ""Q7835892"", ""addr:housenumber"": ""700"", ""service:vehicle:truck_repair"": ""yes""}",27307,U 87,U 87,58,t
way/229302411,TA Truck Service,TA,TX,t,,,POINT(-97.1765415 33.2616949),osm_truck_repair_overpass,8063,2026-08-18 07:03:05.046159+00,2026-08-18 07:00:34+00,,,,,,{},"{""name"": ""TA Truck Service"", ""shop"": ""car_repair"", ""brand"": ""TA"", ""phone"": ""+19403831458"", ""website"": ""https://www.ta-petro.com/location/tx/ta-denton"", ""building"": ""yes"", ""addr:city"": ""Denton"", ""addr:state"": ""TX"", ""check_date"": ""2025-09-14"", ""addr:street"": ""North Interstate 35"", ""addr:postcode"": ""76207"", ""opening_hours"": ""24/7"", ""brand:wikidata"": ""Q7835892"", ""addr:housenumber"": ""6420"", ""service:vehicle:truck_repair"": ""yes""}",138933,I 35,I 35,122,t
way/229353194,Bosselman Boss Shop,Boss Truck Shop,,t,,,POINT(-86.4128634 42.0886236),osm_truck_repair_overpass,8063,2026-08-18 07:03:05.046159+00,2026-08-18 07:00:34+00,,,,,,{},"{""name"": ""Bosselman Boss Shop"", ""shop"": ""truck_repair"", ""brand"": ""Boss Truck Shop"", ""phone"": ""+1 269-934-9611"", ""website"": ""https://bosstruckshops.com/locations/benton-harbor-mi-boss-truck-shop/"", ""building"": ""yes"", ""service:vehicle:truck_repair"": ""yes""}",404205,I 94,I 94,192,t
way/229468364,Bosselman Boss Shop,Boss Truck Shop,,t,,,POINT(-87.23422 41.5870305),osm_truck_repair_overpass,8063,2026-08-18 07:03:05.046159+00,2026-08-18 07:00:34+00,,,,,,{},"{""name"": ""Bosselman Boss Shop"", ""shop"": ""truck_repair"", ""brand"": ""Boss Truck Shop"", ""phone"": ""+1 219-962-3314"", ""website"": ""https://bosstruckshops.com/locations/lake-station-in-boss-truck-shop/"", ""building"": ""yes"", ""service:vehicle:truck_repair"": ""yes""}",4549,I 80,TRI-STATE HWY,212,t
way/229590274,,,,t,,,POINT(-89.0557452 35.5952514),osm_truck_repair_overpass,8063,2026-08-18 07:03:05.046159+00,2026-08-18 07:00:34+00,,,,,,{},"{""shop"": ""car_repair"", ""phone"": ""+1 731 574 0459"", ""building"": ""yes"", ""service:vehicle:truck_repair"": ""yes""}",369330,I 40,I 40,122,t
way/229819745,Diamond Mitsubishi Fuso,Mitsubishi,CA,t,,,POINT(-121.9087341 37.3652261),osm_truck_repair_overpass,8063,2026-08-18 07:03:05.046159+00,2026-08-18 07:00:34+00,,,,,,{},"{""ele"": ""23.61"", ""name"": ""Diamond Mitsubishi Fuso"", ""shop"": ""car_repair"", ""brand"": ""Mitsubishi"", ""phone"": ""+1 408-263-7300"", ""height"": ""4.15"", ""building"": ""yes"", ""operator"": ""Diamond Sales & Service Inc."", ""addr:city"": ""San Jose"", ""addr:state"": ""CA"", ""addr:street"": ""North 4th Street"", ""addr:postcode"": ""95112"", ""brand:wikidata"": ""Q36033"", ""addr:housenumber"": ""1505"", ""service:vehicle:truck_repair"": ""yes""}",28141,U 101,U 101,276,t
way/230404322,SoCo Customs & Complete Auto Repair,,CO,t,,,POINT(-104.6903612 38.8485091),osm_truck_repair_overpass,8063,2026-08-18 07:03:05.046159+00,2026-08-18 07:00:34+00,,,,,,{},"{""name"": ""SoCo Customs & Complete Auto Repair"", ""shop"": ""car_repair"", ""phone"": ""+1 719-574-1700"", ""source"": ""Bing"", ""website"": ""https://www.sococustoms.com/"", ""building"": ""yes"", ""addr:city"": ""Colorado Springs"", ""addr:state"": ""CO"", ""addr:street"": ""Mcclain Point"", ""addr:postcode"": ""80915"", ""opening_hours"": ""Mo-Fr 08:00-18:00"", ""addr:housenumber"": ""7316"", ""service:vehicle:tyres"": ""yes"", ""service:vehicle:brakes"": ""yes"", ""service:vehicle:alignment"": ""yes"", ""service:vehicle:car_repair"": ""yes"", ""service:vehicle:oil_change"": ""yes"", ""service:vehicle:diagnostics"": ""yes"", ""service:vehicle:truck_repair"": ""yes""}",99180,U 24,U 24,363,t
way/230775839,Bosselman Boss Shop,Boss Truck Shop,,t,,,POINT(-87.2951358 41.2871739),osm_truck_repair_overpass,8063,2026-08-18 07:03:05.046159+00,2026-08-18 07:00:34+00,,,,,,{},"{""name"": ""Bosselman Boss Shop"", ""shop"": ""truck_repair"", ""brand"": ""Boss Truck Shop"", ""phone"": ""+1 219-690-1302"", ""website"": ""https://bosstruckshops.com/locations/lowell-in-boss-truck-shop/"", ""building"": ""yes"", ""service:vehicle:truck_repair"": ""yes""}",3763,S 2,S 2,238,t
way/231135473,Bosselman Boss Shop,Boss Truck Shop,,t,,,POINT(-90.8301733 44.2964233),osm_truck_repair_overpass,8063,2026-08-18 07:03:05.046159+00,2026-08-18 07:00:34+00,,,,,,{},"{""name"": ""Bosselman Boss Shop"", ""shop"": ""truck_repair"", ""brand"": ""Boss Truck Shop"", ""phone"": ""+1 715-284-3254"", ""website"": ""https://bosstruckshops.com/locations/black-river-falls-wi-boss-truck-shop/"", ""building"": ""yes"", ""service:vehicle:truck_repair"": ""yes""}",473165,I 94,I 94,407,t
way/235563750,Bosselman Boss Shop,Boss Truck Shop,,t,,,POINT(-108.4309803 35.4806229),osm_truck_repair_overpass,8063,2026-08-18 07:03:05.046159+00,2026-08-18 07:00:34+00,,,,,,{},"{""name"": ""Bosselman Boss Shop"", ""shop"": ""truck_repair"", ""brand"": ""Boss Truck Shop"", ""phone"": ""+1 505-863-7482"", ""website"": ""https://bosstruckshops.com/locations/jamestown-nm-boss-truck-shop/"", ""building"": ""yes"", ""service:vehicle:truck_repair"": ""yes""}",90675,I 40,I 40,185,t
way/236125436,Bosselman Boss Shop,Boss Truck Shop,,t,,,POINT(-95.9526359 29.7800438),osm_truck_repair_overpass,8063,2026-08-18 07:03:05.046159+00,2026-08-18 07:00:34+00,,,,,,{},"{""name"": ""Bosselman Boss Shop"", ""shop"": ""truck_repair"", ""brand"": ""Boss Truck Shop"", ""phone"": ""+1 281-934-4144"", ""website"": ""https://bosstruckshops.com/locations/brookshire-tx-boss-truck-shop/"", ""building"": ""yes"", ""service:vehicle:truck_repair"": ""yes""}",140718,I 10,I 10,129,t
way/237429674,Speedco,Speedco,,t,,,POINT(-90.068044 38.7633064),osm_truck_repair_overpass,8063,2026-08-18 07:03:05.046159+00,2026-08-18 07:00:34+00,,,,,,{},"{""name"": ""Speedco"", ""shop"": ""truck_repair"", ""brand"": ""Speedco"", ""branch"": ""Pontoon Beach"", ""website"": ""https://www.loves.com/locations/943"", ""building"": ""yes"", ""brand:wikidata"": ""Q112455073""}",381691,I 270,I 270,652,t
way/249588457,International Truck Repair,,,t,,,POINT(-74.0229233 40.6458057),osm_truck_repair_overpass,8063,2026-08-18 07:03:05.046159+00,2026-08-18 07:00:34+00,,,,,,{},"{""name"": ""International Truck Repair"", ""shop"": ""truck_repair"", ""phone"": ""+1-718-832-8098"", ""height"": ""5.8"", ""website"": ""https://intltruckstop.com"", ""building"": ""yes"", ""addr:street"": ""58th Street"", ""nycdoitt:bin"": ""3330239;3330241"", ""addr:postcode"": ""11220"", ""opening_hours"": ""Mo-Fr 08:00-18:00; Sa 08:00-16:00"", ""addr:housenumber"": ""111""}",457125,I 278,QUEENS EXWY,436,t
way/254452304,Fulmer Recovery & Transport,,PA,t,,,POINT(-76.4181732 41.770065),osm_truck_repair_overpass,8063,2026-08-18 07:03:05.046159+00,2026-08-18 07:00:34+00,,,,,,{},"{""name"": ""Fulmer Recovery & Transport"", ""shop"": ""car_repair"", ""building"": ""yes"", ""addr:city"": ""Wysox"", ""addr:state"": ""PA"", ""addr:street"": ""Golden Mile Road"", ""payment:cash"": ""yes"", ""payment:visa"": ""yes"", ""addr:postcode"": ""18854"", ""opening_hours"": ""Mo-Fr 08:00-17:00; Sa 08:00-12:00"", ""payment:cheque"": ""yes"", ""addr:housenumber"": ""990"", ""payment:mastercard"": ""yes"", ""payment:debit_cards"": ""yes"", ""payment:credit_cards"": ""yes"", ""payment:discover_card"": ""yes"", ""service:vehicle:motor"": ""yes"", ""service:vehicle:tyres"": ""yes"", ""service:vehicle:brakes"": ""yes"", ""service:vehicle:towing"": ""yes"", ""service:vehicle:muffler"": ""yes"", ""service:vehicle:repairs"": ""yes"", ""payment:american_express"": ""yes"", ""service:vehicle:recovery"": ""yes"", ""service:vehicle:batteries"": ""yes"", ""service:vehicle:car_parts"": ""yes"", ""service:vehicle:car_repair"": ""yes"", ""service:vehicle:electrical"": ""yes"", ""service:vehicle:inspection"": ""yes"", ""service:vehicle:oil_change"": ""yes"", ""service:vehicle:diagnostics"": ""yes"", ""service:vehicle:truck_repair"": ""yes"", ""service:vehicle:air_conditioning"": ""yes"", ""service:vehicle:heavy_truck_towing"": ""yes"", ""service:vehicle:roadside_assistance"": ""yes"", ""service:vehicle:transmission_repair"": ""yes""}",447209,U 220,U 220,20248,f
way/261637489,YRC Freight,,NY,t,,,POINT(-74.2064826 41.4998916),osm_truck_repair_overpass,8063,2026-08-18 07:03:05.046159+00,2026-08-18 07:00:34+00,,,,,,{},"{""name"": ""YRC Freight"", ""shop"": ""truck_repair"", ""building"": ""commercial"", ""addr:city"": ""Montgomery"", ""addr:state"": ""NY"", ""addr:street"": ""Homestead Avenue"", ""addr:postcode"": ""12549"", ""addr:housenumber"": ""1000""}",458711,I 84,I 84,1109,t
way/280666795,Beck's,,,t,,,POINT(-80.0766296 36.1287953),osm_truck_repair_overpass,8063,2026-08-18 07:03:05.046159+00,2026-08-18 07:00:34+00,,,,,,{},"{""name"": ""Beck's"", ""shop"": ""truck_repair"", ""source"": ""Bing"", ""building"": ""yes""}",409986,U 40,U 40,1877,t
way/281231536,Winchie's Car & Truck Repair,,SC,t,,,POINT(-81.0134709 33.9844425),osm_truck_repair_overpass,8063,2026-08-18 07:03:05.046159+00,2026-08-18 07:00:34+00,,,,,,{},"{""name"": ""Winchie's Car & Truck Repair"", ""shop"": ""car_repair"", ""phone"": ""+1 803-497-3210"", ""building"": ""yes"", ""addr:city"": ""Columbia"", ""addr:state"": ""SC"", ""addr:street"": ""Rosewood Drive"", ""addr:postcode"": ""29205"", ""addr:housenumber"": ""1904"", ""service:vehicle:towing"": ""yes"", ""service:vehicle:car_repair"": ""yes"", ""service:vehicle:truck_repair"": ""yes""}",408173,U 76,ELMWOOD AV,3870,t
way/284162886,Roberts Truck Center,,NM,t,,,POINT(-106.661553 35.1039176),osm_truck_repair_overpass,8063,2026-08-18 07:03:05.046159+00,2026-08-18 07:00:34+00,,,,,,{},"{""name"": ""Roberts Truck Center"", ""shop"": ""car"", ""phone"": ""+1-505-243-7883"", ""website"": ""https://www.robertstruck.com/"", ""building"": ""yes"", ""addr:city"": ""Albuquerque"", ""addr:state"": ""NM"", ""addr:street"": ""Aspen Avenue Northwest"", ""addr:postcode"": ""87104"", ""opening_hours"": ""Mo-Fr 07:00-19:00, Sa 08:00-17:00"", ""addr:housenumber"": ""1623"", ""service:vehicle:sale"": ""yes"", ""service:vehicle:car_parts"": ""yes"", ""service:vehicle:body_repair"": ""yes"", ""service:vehicle:truck_repair"": ""yes""}",91107,I 40,I 40,251,t
way/284483233,,,,t,,,POINT(-96.4789251 39.1958222),osm_truck_repair_overpass,8063,2026-08-18 07:03:05.046159+00,2026-08-18 07:00:34+00,,,,,,{},"{""shop"": ""truck_repair"", ""building"": ""yes""}",189134,S 24,S 24,188,t
way/284502213,Franks Tire Auto and Truck Repairs,,NY,t,,,POINT(-73.8044833 40.7524723),osm_truck_repair_overpass,8063,2026-08-18 07:03:05.046159+00,2026-08-18 07:00:34+00,,,,,,{},"{""name"": ""Franks Tire Auto and Truck Repairs"", ""shop"": ""car_repair"", ""phone"": ""+1-718-321-7503"", ""height"": ""7.9"", ""building"": ""yes"", ""addr:city"": ""Queens"", ""addr:state"": ""NY"", ""addr:street"": ""Pidgeon Meadow Road"", ""nycdoitt:bin"": ""4123958"", ""payment:cash"": ""yes"", ""addr:postcode"": ""11358"", ""addr:housenumber"": ""162-42"", ""payment:debit_cards"": ""yes"", ""payment:credit_cards"": ""yes"", ""service:vehicle:tyres"": ""yes"", ""service:vehicle:brakes"": ""yes"", ""service:vehicle:car_repair"": ""yes"", ""service:vehicle:inspection"": ""yes"", ""service:vehicle:oil_change"": ""yes"", ""service:vehicle:truck_repair"": ""yes"", ""service:vehicle:air_conditioning"": ""yes""}",457612,I 495,LONG ISLAND EXWY,1569,t
way/284555457,Speedco,Speedco,,t,,,POINT(-84.0635673 33.2061185),osm_truck_repair_overpass,8063,2026-08-18 07:03:05.046159+00,2026-08-18 07:00:34+00,,,,,,{},"{""name"": ""Speedco"", ""shop"": ""truck_repair"", ""brand"": ""Speedco"", ""branch"": ""Jackson"", ""website"": ""https://www.loves.com/locations/928"", ""brand:wikidata"": ""Q112455073""}",185834,I 75,I 75,280,t
way/284555666,Speedco,Speedco,,t,,,POINT(-84.3406791 33.6601792),osm_truck_repair_overpass,8063,2026-08-18 07:03:05.046159+00,2026-08-18 07:00:34+00,,,,,,{},"{""name"": ""Speedco"", ""shop"": ""truck_repair"", ""brand"": ""Speedco"", ""branch"": ""Conley"", ""website"": ""https://www.loves.com/locations/909"", ""brand:wikidata"": ""Q112455073""}",386781,I 285,I 285,761,t
way/284556043,Speedco,Speedco,SC,t,,,POINT(-82.1122306 34.9150025),osm_truck_repair_overpass,8063,2026-08-18 07:03:05.046159+00,2026-08-18 07:00:34+00,,,,,,{},"{""name"": ""Speedco"", ""shop"": ""car_repair"", ""brand"": ""Speedco"", ""phone"": ""+1 864-433-0085"", ""website"": ""https://www.loves.com/locations/914"", ""building"": ""industrial"", ""addr:city"": ""Duncan"", ""addr:state"": ""SC"", ""addr:street"": ""McAulay Road"", ""addr:postcode"": ""29334"", ""brand:wikidata"": ""Q112455073"", ""building:levels"": ""1"", ""addr:housenumber"": ""196"", ""service:vehicle:truck_repair"": ""yes""}",406747,I 85,I 85,369,t
way/284556379,Speedco,Speedco,,t,,,POINT(-86.5269876 36.7165139),osm_truck_repair_overpass,8063,2026-08-18 07:03:05.046159+00,2026-08-18 07:00:34+00,,,,,,{},"{""name"": ""Speedco"", ""shop"": ""truck_repair"", ""brand"": ""Speedco"", ""branch"": ""Franklin"", ""website"": ""https://www.loves.com/locations/919"", ""brand:wikidata"": ""Q112455073""}",384324,I 65,I 65,448,t
way/284556661,Speedco,Speedco,,t,,,POINT(-122.8117017 45.2328272),osm_truck_repair_overpass,8063,2026-08-18 07:03:05.046159+00,2026-08-18 07:00:34+00,,,,,,{},"{""name"": ""Speedco"", ""shop"": ""truck_repair"", ""brand"": ""Speedco"", ""branch"": ""Aurora"", ""source"": ""http://www.speedco.com/speedco_directions.cml?id=337"", ""website"": ""https://www.loves.com/locations/902"", ""brand:wikidata"": ""Q112455073""}",38696,I 5,PACIFIC HWY,230,t
way/284556835,Speedco,Speedco,,t,,,POINT(-76.729564 40.3535145),osm_truck_repair_overpass,8063,2026-08-18 07:03:05.046159+00,2026-08-18 07:00:34+00,,,,,,{},"{""name"": ""Speedco"", ""shop"": ""truck_repair"", ""brand"": ""Speedco"", ""branch"": ""Harrisburg"", ""source"": ""http://www.speedco.com/speedco_directions.cml?id=308"", ""website"": ""https://www.loves.com/locations/924"", ""brand:wikidata"": ""Q112455073""}",445599,I 81,AMERICAN LEGION MEMORIAL HWY,337,t
way/284557037,Speedco,Speedco,VA,t,,,POINT(-77.4636484 37.9411389),osm_truck_repair_overpass,8063,2026-08-18 07:03:05.046159+00,2026-08-18 07:00:34+00,,,,,,{},"{""name"": ""Speedco"", ""shop"": ""truck_repair"", ""brand"": ""Speedco"", ""branch"": ""Ruther Glen"", ""source"": ""http://www.speedco.com/speedco_directions.cml?id=312"", ""website"": ""https://www.loves.com/locations/945"", ""building"": ""yes"", ""addr:city"": ""Ruther Glen"", ""addr:state"": ""VA"", ""addr:street"": ""Rogers Clark Boulevard"", ""addr:postcode"": ""22546"", ""brand:wikidata"": ""Q112455073"", ""addr:housenumber"": ""23728""}",443252,S 207,S 207,120,t
way/284557114,Speedco,Speedco,VA,t,,,POINT(-80.9424002 36.9472875),osm_truck_repair_overpass,8063,2026-08-18 07:03:05.046159+00,2026-08-18 07:00:34+00,,,,,,{},"{""name"": ""Speedco"", ""shop"": ""truck_repair"", ""brand"": ""Speedco"", ""website"": ""https://www.loves.com/locations/937"", ""building"": ""yes"", ""addr:city"": ""Max Meadows"", ""addr:state"": ""VA"", ""addr:street"": ""East Lee Highway"", ""addr:postcode"": ""24360"", ""brand:wikidata"": ""Q112455073"", ""addr:housenumber"": ""2866""}",409601,I 81,I 81,95,t
way/292126121,Wareing Belle Fourche Ford CDJR,Ford;Chrysler;Dodge;Jeep;RAM,,t,,,POINT(-103.8548414 44.6792803),osm_truck_repair_overpass,8063,2026-08-18 07:03:05.046159+00,2026-08-18 07:00:34+00,,,,,,{},"{""name"": ""Wareing Belle Fourche Ford CDJR"", ""shop"": ""car"", ""brand"": ""Ford;Chrysler;Dodge;Jeep;RAM"", ""layer"": ""1"", ""phone"": ""+1-605-892-2643"", ""building"": ""commercial"", ""operator"": ""Wareing Motors"", ""addr:city"": ""Belle Fourche"", ""addr:street"": ""5th Avenue"", ""second_hand"": ""yes"", ""payment:cash"": ""yes"", ""addr:postcode"": ""57717"", ""opening_hours"": ""Mo-Fr 07:30-17:30; Sa 08:30-17:00"", ""addr:housenumber"": ""30"", ""payment:debit_cards"": ""yes"", ""payment:credit_cards"": ""yes"", ""opening_hours:service"": ""Mo-Fr 07:30-17:30"", ""service:vehicle:tyres"": ""yes"", ""service:vehicle:brakes"": ""yes"", ""service:vehicle:alignment"": ""yes"", ""service:vehicle:batteries"": ""yes"", ""service:vehicle:car_repair"": ""yes"", ""service:vehicle:inspection"": ""yes"", ""service:vehicle:oil_change"": ""yes"", ""service:vehicle:diagnostics"": ""yes"", ""service:vehicle:truck_repair"": ""yes"", ""service:vehicle:new_car_sales"": ""yes""}",118100,U 85,U 85,95,t
way/297123440,Bosselman Boss Shop,Boss Truck Shop,,t,,,POINT(-96.7529532 32.6580085),osm_truck_repair_overpass,8063,2026-08-18 07:03:05.046159+00,2026-08-18 07:00:34+00,,,,,,{},"{""name"": ""Bosselman Boss Shop"", ""shop"": ""truck_repair"", ""brand"": ""Boss Truck Shop"", ""phone"": ""+1 972-225-3190"", ""website"": ""https://bosstruckshops.com/locations/dallas-tx-boss-truck-shop/"", ""building"": ""yes"", ""addr:street"": ""Bonnie View Road"", ""addr:housenumber"": ""7425"", ""service:vehicle:truck_repair"": ""yes""}",139343,I 20,LYNDON B JOHNSON FRWY,367,t
way/297126192,Speedco,Speedco,,t,,,POINT(-84.2380477 35.8824399),osm_truck_repair_overpass,8063,2026-08-18 07:03:05.046159+00,2026-08-18 07:00:34+00,,,,,,{},"{""name"": ""Speedco"", ""shop"": ""truck_repair"", ""brand"": ""Speedco"", ""branch"": ""Knoxville"", ""website"": ""https://www.loves.com/locations/932"", ""brand:wikidata"": ""Q112455073""}",388545,I 40,I 40,442,t
way/297126511,Speedco,Speedco,,t,,,POINT(-79.350921 36.072188),osm_truck_repair_overpass,8063,2026-08-18 07:03:05.046159+00,2026-08-18 07:00:34+00,,,,,,{},"{""name"": ""Speedco"", ""shop"": ""truck_repair"", ""brand"": ""Speedco"", ""branch"": ""Haw River"", ""website"": ""https://www.loves.com/locations/925"", ""brand:wikidata"": ""Q112455073""}",438388,I 40,I 40,392,t
way/297126594,Speedco,Speedco,,t,,,POINT(-78.1489912 35.5822637),osm_truck_repair_overpass,8063,2026-08-18 07:03:05.046159+00,2026-08-18 07:00:34+00,,,,,,{},"{""name"": ""Speedco"", ""shop"": ""truck_repair"", ""brand"": ""Speedco"", ""branch"": ""Kenly"", ""website"": ""https://www.loves.com/locations/930"", ""brand:wikidata"": ""Q112455073""}",438047,I 95,I 95,447,t
way/297127718,Speedco,Speedco,,t,,,POINT(-122.1967177 39.9031721),osm_truck_repair_overpass,8063,2026-08-18 07:03:05.046159+00,2026-08-18 07:00:34+00,,,,,,{},"{""name"": ""Speedco"", ""shop"": ""truck_repair"", ""brand"": ""Speedco"", ""branch"": ""Corning"", ""website"": ""https://www.loves.com/locations/910"", ""brand:wikidata"": ""Q112455073""}",29531,I 5,I 5,284,t
way/297127991,Speedco,Speedco,,t,,,POINT(-121.1398226 37.7554101),osm_truck_repair_overpass,8063,2026-08-18 07:03:05.046159+00,2026-08-18 07:00:34+00,,,,,,{},"{""name"": ""Speedco"", ""shop"": ""truck_repair"", ""brand"": ""Speedco"", ""branch"": ""Ripon"", ""website"": ""https://www.loves.com/locations/944"", ""brand:wikidata"": ""Q112455073""}",27556,S 99,S 99,342,t
way/297299540,Speedco,Speedco,,t,,,POINT(-119.2688643 39.6150868),osm_truck_repair_overpass,8063,2026-08-18 07:03:05.046159+00,2026-08-18 07:00:34+00,,,,,,{},"{""name"": ""Speedco"", ""shop"": ""truck_repair"", ""brand"": ""Speedco"", ""building"": ""yes"", ""brand:wikidata"": ""Q112455073""}",36504,I 80,I 80,145,t
way/297299541,Speedco,Speedco,,t,,,POINT(-119.26889 39.6146959),osm_truck_repair_overpass,8063,2026-08-18 07:03:05.046159+00,2026-08-18 07:00:34+00,,,,,,{},"{""name"": ""Speedco"", ""shop"": ""truck_repair"", ""brand"": ""Speedco"", ""branch"": ""Fernley"", ""website"": ""https://www.loves.com/locations/917"", ""brand:wikidata"": ""Q112455073""}",36504,I 80,I 80,188,t
way/297300207,Speedco,Speedco,NV,t,,,POINT(-115.1296007 36.2129441),osm_truck_repair_overpass,8063,2026-08-18 07:03:05.046159+00,2026-08-18 07:00:34+00,,,,,,{},"{""ref"": ""936"", ""name"": ""Speedco"", ""shop"": ""truck_repair"", ""brand"": ""Speedco"", ""phone"": ""+1 702-639-9191"", ""branch"": ""Las Vegas"", ""website"": ""https://www.loves.com/locations/936"", ""addr:city"": ""North Las Vegas"", ""addr:state"": ""NV"", ""addr:street"": ""Losee Road"", ""addr:postcode"": ""89030"", ""opening_hours"": ""Mo-Fr 06:00-22:00; Sa,Su 08:00-18:00"", ""brand:wikidata"": ""Q112455073"", ""addr:housenumber"": ""2920""}",68610,I 15,I 15,171,t
way/297300944,Speedco,Speedco,,t,,,POINT(-113.7933928 35.1792532),osm_truck_repair_overpass,8063,2026-08-18 07:03:05.046159+00,2026-08-18 07:00:34+00,,,,,,{},"{""name"": ""Speedco"", ""shop"": ""truck_repair"", ""brand"": ""Speedco"", ""branch"": ""Kingman"", ""website"": ""https://www.loves.com/locations/931"", ""brand:wikidata"": ""Q112455073""}",68405,I 40,I 40,124,t
way/297301021,Speedco,Speedco,,t,,,POINT(-111.6721098 32.8053121),osm_truck_repair_overpass,8063,2026-08-18 07:03:05.046159+00,2026-08-18 07:00:34+00,,,,,,{},"{""name"": ""Speedco"", ""shop"": ""truck_repair"", ""brand"": ""Speedco"", ""branch"": ""Casa Grande"", ""website"": ""https://www.loves.com/locations/907"", ""brand:wikidata"": ""Q112455073""}",17158,I 10,I 10,391,t
way/297301131,Speedco,Speedco,,t,,,POINT(-107.9050382 35.1787319),osm_truck_repair_overpass,8063,2026-08-18 07:03:05.046159+00,2026-08-18 07:00:34+00,,,,,,{},"{""name"": ""Speedco"", ""shop"": ""truck_repair"", ""brand"": ""Speedco"", ""branch"": ""Milan"", ""website"": ""https://www.loves.com/locations/938"", ""brand:wikidata"": ""Q112455073""}",90725,I 40,I 40,367,t
way/297301231,Speedco,Speedco,,t,,,POINT(-104.9335447 39.7953149),osm_truck_repair_overpass,8063,2026-08-18 07:03:05.046159+00,2026-08-18 07:00:34+00,,,,,,{},"{""name"": ""Speedco"", ""shop"": ""truck_repair"", ""brand"": ""Speedco"", ""branch"": ""Commerce City"", ""website"": ""https://www.loves.com/locations/908"", ""brand:wikidata"": ""Q112455073""}",93064,U 6,COLORADO BLVD,275,t
way/297301282,Speedco,Speedco,,t,,,POINT(-106.2371709 31.6625376),osm_truck_repair_overpass,8063,2026-08-18 07:03:05.046159+00,2026-08-18 07:00:34+00,,,,,,{},"{""name"": ""Speedco"", ""shop"": ""truck_repair"", ""brand"": ""Speedco"", ""branch"": ""El Paso"", ""website"": ""https://www.loves.com/locations/916"", ""brand:wikidata"": ""Q112455073""}",24186,S 1281,S 1281,366,t
way/297302321,Speedco,Speedco,TX,t,,,POINT(-101.7213823 35.1913053),osm_truck_repair_overpass,8063,2026-08-18 07:03:05.046159+00,2026-08-18 07:00:34+00,,,,,,{},"{""name"": ""Speedco"", ""shop"": ""truck_repair"", ""brand"": ""Speedco"", ""branch"": ""Amarillo"", ""website"": ""https://www.loves.com/locations/901"", ""addr:city"": ""Amarillo"", ""addr:state"": ""TX"", ""check_date"": ""2026-05-12"", ""addr:street"": ""East Interstate Drive"", ""addr:postcode"": ""79118"", ""brand:wikidata"": ""Q112455073"", ""addr:housenumber"": ""10000""}",95053,I 40,I 40,167,t
way/297302513,Speedco,Speedco,,t,,,POINT(-90.1529169 32.2788799),osm_truck_repair_overpass,8063,2026-08-18 07:03:05.046159+00,2026-08-18 07:00:34+00,,,,,,{},"{""name"": ""Speedco"", ""shop"": ""truck_repair"", ""brand"": ""Speedco"", ""branch"": ""Flowood"", ""website"": ""https://www.loves.com/locations/918"", ""brand:wikidata"": ""Q112455073""}",178139,I 20,I 20,795,t
way/297302719,Speedco,Speedco,,t,,,POINT(-90.4562921 30.4763394),osm_truck_repair_overpass,8063,2026-08-18 07:03:05.046159+00,2026-08-18 07:00:34+00,,,,,,{},"{""name"": ""Speedco"", ""shop"": ""truck_repair"", ""brand"": ""Speedco"", ""branch"": ""Hammond"", ""website"": ""https://www.loves.com/locations/923"", ""brand:wikidata"": ""Q112455073""}",164308,I 12,I 12,278,t
way/297471869,Speedco,Speedco,,t,,,POINT(-94.4313286 37.0575596),osm_truck_repair_overpass,8063,2026-08-18 07:03:05.046159+00,2026-08-18 07:00:34+00,,,,,,{},"{""name"": ""Speedco"", ""shop"": ""truck_repair"", ""brand"": ""Speedco"", ""branch"": ""Joplin"", ""website"": ""https://www.loves.com/locations/929"", ""brand:wikidata"": ""Q112455073""}",261067,I 44,I 44,237,t
way/297472099,Speedco,Speedco,,t,,,POINT(-97.6950028 35.4585273),osm_truck_repair_overpass,8063,2026-08-18 07:03:05.046159+00,2026-08-18 07:00:34+00,,,,,,{},"{""name"": ""Speedco"", ""shop"": ""truck_repair"", ""brand"": ""Speedco"", ""branch"": ""Oklahoma City"", ""website"": ""https://www.loves.com/locations/941"", ""brand:wikidata"": ""Q112455073""}",195467,I 40,I 40,172,t
way/297472428,Speedco,Speedco,,t,,,POINT(-92.1279486 34.7786573),osm_truck_repair_overpass,8063,2026-08-18 07:03:05.046159+00,2026-08-18 07:00:34+00,,,,,,{},"{""name"": ""Speedco"", ""shop"": ""truck_repair"", ""brand"": ""Speedco"", ""branch"": ""North Little Rock"", ""website"": ""https://www.loves.com/locations/939"", ""building"": ""yes"", ""brand:wikidata"": ""Q112455073""}",359133,I 40,I 40,678,t
way/297473037,Speedco,Speedco,,t,,,POINT(-90.1294127 35.1539099),osm_truck_repair_overpass,8063,2026-08-18 07:03:05.046159+00,2026-08-18 07:00:34+00,,,,,,{},"{""name"": ""Speedco"", ""shop"": ""truck_repair"", ""brand"": ""Speedco"", ""branch"": ""West Memphis"", ""website"": ""https://www.loves.com/locations/951"", ""brand:wikidata"": ""Q112455073""}",366302,I 40,I 40,292,t
way/297473545,Speedco,Speedco,,t,,,POINT(-90.787097 41.618348),osm_truck_repair_overpass,8063,2026-08-18 07:03:05.046159+00,2026-08-18 07:00:34+00,,,,,,{},"{""name"": ""Speedco"", ""shop"": ""truck_repair"", ""brand"": ""Speedco"", ""branch"": ""Walcott"", ""website"": ""https://www.loves.com/locations/950"", ""brand:wikidata"": ""Q112455073""}",379271,I 80,I 80,120,t
way/297473910,Speedco,Speedco,,t,,,POINT(-95.027729 29.7978399),osm_truck_repair_overpass,8063,2026-08-18 07:03:05.046159+00,2026-08-18 07:00:34+00,,,,,,{},"{""name"": ""Speedco"", ""shop"": ""truck_repair"", ""brand"": ""Speedco"", ""branch"": ""Baytown"", ""website"": ""https://www.loves.com/locations/904"", ""brand:wikidata"": ""Q112455073""}",143587,I 10,BAYTOWN EAST FRWY,127,t
way/297677108,Speedco,Speedco,,t,,,POINT(-99.5212473 27.6082057),osm_truck_repair_overpass,8063,2026-08-18 07:03:05.046159+00,2026-08-18 07:00:34+00,,,,,,{},"{""name"": ""Speedco"", ""shop"": ""truck_repair"", ""brand"": ""Speedco"", ""branch"": ""Laredo"", ""website"": ""https://www.loves.com/locations/935"", ""brand:wikidata"": ""Q112455073""}",127662,C 1472,MINES RD,130,t
way/297677315,Speedco,Speedco,,t,,,POINT(-96.7549562 32.6556509),osm_truck_repair_overpass,8063,2026-08-18 07:03:05.046159+00,2026-08-18 07:00:34+00,,,,,,{},"{""name"": ""Speedco"", ""shop"": ""truck_repair"", ""brand"": ""Speedco"", ""branch"": ""Dallas"", ""website"": ""https://www.loves.com/locations/913"", ""building"": ""yes"", ""brand:wikidata"": ""Q112455073""}",139326,I 20,LYNDON B JOHNSON FRWY,153,t
way/297677434,Speedco,Speedco,,t,,,POINT(-96.9146397 32.8333234),osm_truck_repair_overpass,8063,2026-08-18 07:03:05.046159+00,2026-08-18 07:00:34+00,,,,,,{},"{""name"": ""Speedco"", ""shop"": ""truck_repair"", ""brand"": ""Speedco"", ""branch"": ""Irving"", ""website"": ""https://www.loves.com/locations/927"", ""brand:wikidata"": ""Q112455073""}",139384,S 12,WALTON WALKER BLVD,115,t
way/297678574,Speedco,Speedco,,t,,,POINT(-89.9097424 38.7390299),osm_truck_repair_overpass,8063,2026-08-18 07:03:05.046159+00,2026-08-18 07:00:34+00,,,,,,{},"{""name"": ""Speedco"", ""shop"": ""truck_repair"", ""brand"": ""Speedco"", ""branch"": ""Troy"", ""website"": ""https://www.loves.com/locations/949"", ""brand:wikidata"": ""Q112455073""}",381732,I 55,I 55,75,t
way/297678775,Speedco,Speedco,,t,,,POINT(-88.5687157 39.1355238),osm_truck_repair_overpass,8063,2026-08-18 07:03:05.046159+00,2026-08-18 07:00:34+00,,,,,,{},"{""name"": ""Speedco"", ""shop"": ""truck_repair"", ""brand"": ""Speedco"", ""website"": ""https://www.loves.com/locations/915"", ""building"": ""retail"", ""brand:wikidata"": ""Q112455073""}",381910,I 57,I 57,504,t
way/297678824,Speedco,Speedco,IN,t,,,POINT(-87.4016914 41.5712818),osm_truck_repair_overpass,8063,2026-08-18 07:03:05.046159+00,2026-08-18 07:00:34+00,,,,,,{},"{""name"": ""Speedco"", ""shop"": ""truck_repair"", ""brand"": ""Speedco"", ""branch"": ""Gary"", ""website"": ""https://www.loves.com/locations/920"", ""building"": ""commercial"", ""addr:city"": ""Gary"", ""addr:state"": ""IN"", ""addr:street"": ""West 26th Avenue"", ""addr:postcode"": ""46406"", ""brand:wikidata"": ""Q112455073"", ""addr:housenumber"": ""5225""}",4384,I 80,TRI-STATE HWY,170,t
way/297679892,Speedco,Speedco,IN,t,,,POINT(-86.1857479 39.6902018),osm_truck_repair_overpass,8063,2026-08-18 07:03:05.046159+00,2026-08-18 07:00:34+00,,,,,,{},"{""name"": ""Speedco"", ""shop"": ""truck_repair"", ""brand"": ""Speedco"", ""source"": ""esri/Indianapolis_IN_Buildings"", ""website"": ""https://www.loves.com/locations/926"", ""building"": ""yes"", ""addr:city"": ""Indianapolis"", ""addr:state"": ""IN"", ""addr:street"": ""Harding Lane"", ""addr:postcode"": ""46217"", ""brand:wikidata"": ""Q112455073"", ""addr:housenumber"": ""5191""}",3144,S 37,S 37,180,t
way/297679993,Speedco,Speedco,,t,,,POINT(-86.0363272 39.5475306),osm_truck_repair_overpass,8063,2026-08-18 07:03:05.046159+00,2026-08-18 07:00:34+00,,,,,,{},"{""name"": ""Speedco"", ""shop"": ""truck_repair"", ""brand"": ""Speedco"", ""branch"": ""Whiteland"", ""website"": ""https://www.loves.com/locations/952"", ""brand:wikidata"": ""Q112455073""}",3089,I 65,I 65,223,t
way/297826838,Speedco,Speedco,,t,,,POINT(-83.4686269 41.533802),osm_truck_repair_overpass,8063,2026-08-18 07:03:05.046159+00,2026-08-18 07:00:34+00,,,,,,{},"{""name"": ""Speedco"", ""shop"": ""truck_repair"", ""brand"": ""Speedco"", ""branch"": ""Perrysburg"", ""website"": ""https://www.loves.com/locations/942"", ""brand:wikidata"": ""Q112455073""}",418556,I 280,I 280,475,t
way/297826959,Speedco,Speedco,,t,,,POINT(-81.9068725 41.0361655),osm_truck_repair_overpass,8063,2026-08-18 07:03:05.046159+00,2026-08-18 07:00:34+00,,,,,,{},"{""name"": ""Speedco"", ""shop"": ""truck_repair"", ""brand"": ""Speedco"", ""branch"": ""Seville"", ""website"": ""https://www.loves.com/locations/947"", ""brand:wikidata"": ""Q112455073""}",423278,U 224,U 224,562,t
way/297827753,Speedco,Speedco,,t,,,POINT(-80.720267 41.1376935),osm_truck_repair_overpass,8063,2026-08-18 07:03:05.046159+00,2026-08-18 07:00:34+00,,,,,,{},"{""name"": ""Speedco"", ""shop"": ""truck_repair"", ""brand"": ""Speedco"", ""website"": ""https://www.loves.com/locations/921"", ""brand:wikidata"": ""Q112455073""}",435300,I 80,I 80,377,t
way/308157128,Inter-State Truck Repair,,OH,t,,,POINT(-83.667085 41.0361327),osm_truck_repair_overpass,8063,2026-08-18 07:03:05.046159+00,2026-08-18 07:00:34+00,,,,,,{},"{""name"": ""Inter-State Truck Repair"", ""shop"": ""truck_repair"", ""building"": ""yes"", ""operator"": ""Paul Taschler"", ""addr:city"": ""Findlay"", ""addr:state"": ""OH"", ""start_date"": ""1970"", ""addr:street"": ""Glessner Avenue"", ""addr:postcode"": ""45840""}",417327,I 75,I 75,479,t
way/311711791,Smith Truck Repair,,,t,,,POINT(-120.4786961 37.2972244),osm_truck_repair_overpass,8063,2026-08-18 07:03:05.046159+00,2026-08-18 07:00:34+00,,,,,,{},"{""name"": ""Smith Truck Repair"", ""shop"": ""truck_repair"", ""building"": ""commercial"", ""addr:city"": ""Merced""}",30730,S 99,S 99,199,t
way/312154555,Christian Brothers Automotive,Christian Brothers Automotive,TX,t,,,POINT(-96.6686117 33.168342),osm_truck_repair_overpass,8063,2026-08-18 07:03:05.046159+00,2026-08-18 07:00:34+00,,,,,,{},"{""name"": ""Christian Brothers Automotive"", ""shop"": ""car_repair"", ""brand"": ""Christian Brothers Automotive"", ""phone"": ""+1-972-640-9832"", ""website"": ""https://www.cbac.com/mckinney/"", ""building"": ""yes"", ""addr:city"": ""McKinney"", ""addr:state"": ""TX"", ""addr:street"": ""Eldorado Parkway"", ""payment:cash"": ""yes"", ""payment:visa"": ""yes"", ""addr:postcode"": ""75070"", ""opening_hours"": ""Mo-Fr 07:00-18:00"", ""brand:wikidata"": ""Q126478117"", ""addr:housenumber"": ""3790"", ""payment:apple_pay"": ""yes"", ""payment:google_pay"": ""yes"", ""payment:mastercard"": ""yes"", ""payment:contactless"": ""yes"", ""payment:debit_cards"": ""yes"", ""payment:credit_cards"": ""yes"", ""payment:discover_card"": ""yes"", ""service:vehicle:motor"": ""yes"", ""service:vehicle:brakes"": ""yes"", ""service:vehicle:repairs"": ""yes"", ""payment:american_express"": ""yes"", ""service:vehicle:alignment"": ""yes"", ""service:vehicle:batteries"": ""yes"", ""service:vehicle:car_repair"": ""yes"", ""service:vehicle:electrical"": ""yes"", ""service:vehicle:inspection"": ""yes"", ""service:vehicle:oil_change"": ""yes"", ""service:vehicle:diagnostics"": ""yes"", ""service:vehicle:transmission"": ""yes"", ""service:vehicle:truck_repair"": ""yes"", ""service:vehicle:air_conditioning"": ""yes"", ""service:vehicle:transmission_repair"": ""yes""}",140024,S 27,S 27,1975,t
way/319880084,Bosselman Boss Shop,Boss Truck Shop,,t,,,POINT(-114.5250942 33.6025542),osm_truck_repair_overpass,8063,2026-08-18 07:03:05.046159+00,2026-08-18 07:00:34+00,,,,,,{},"{""name"": ""Bosselman Boss Shop"", ""shop"": ""truck_repair"", ""brand"": ""Boss Truck Shop"", ""phone"": ""+1 928-923-7674"", ""website"": ""https://bosstruckshops.com/locations/ehrenberg-az-boss-truck-shop-2/"", ""building"": ""yes"", ""service:vehicle:truck_repair"": ""yes""}",67517,I 10,I 10,77,t
way/319956024,Bosselman Boss Shop,Boss Truck Shop,,t,,,POINT(-87.5525709 38.1733787),osm_truck_repair_overpass,8063,2026-08-18 07:03:05.046159+00,2026-08-18 07:00:34+00,,,,,,{},"{""name"": ""Bosselman Boss Shop"", ""shop"": ""truck_repair"", ""brand"": ""Boss Truck Shop"", ""phone"": ""+1 812-768-6681"", ""branch"": ""Evansville"", ""website"": ""https://bosstruckshops.com/locations/evansville-in-boss-truck-shop/"", ""service:vehicle:truck_repair"": ""yes""}",386,U 41,U 41,205,t
way/319959906,Bosselman Boss Shop,Boss Truck Shop,,t,,,POINT(-87.4480544 37.2554038),osm_truck_repair_overpass,8063,2026-08-18 07:03:05.046159+00,2026-08-18 07:00:34+00,,,,,,{},"{""name"": ""Bosselman Boss Shop"", ""shop"": ""truck_repair"", ""brand"": ""Boss Truck Shop"", ""phone"": ""+1 270-258-9043"", ""website"": ""https://bosstruckshops.com/locations/mortons-gap-ky-boss-truck-shop/"", ""building"": ""yes"", ""service:vehicle:truck_repair"": ""yes""}",384702,I 69,PENNYRILE PKWY,242,t
way/319960465,Bosselman Boss Shop,Boss Truck Shop,,t,,,POINT(-84.1159247 36.9784814),osm_truck_repair_overpass,8063,2026-08-18 07:03:05.046159+00,2026-08-18 07:00:34+00,,,,,,{},"{""name"": ""Bosselman Boss Shop"", ""shop"": ""truck_repair"", ""brand"": ""Boss Truck Shop"", ""phone"": ""+1 606-523-1219"", ""website"": ""https://bosstruckshops.com/locations/corbin-ky-boss-truck-shop/"", ""building"": ""yes"", ""service:vehicle:truck_repair"": ""yes""}",388741,I 75,I 75,466,t
way/319960615,Bosselman Boss Shop,Boss Truck Shop,,t,,,POINT(-85.2976807 38.4536878),osm_truck_repair_overpass,8063,2026-08-18 07:03:05.046159+00,2026-08-18 07:00:34+00,,,,,,{},"{""name"": ""Bosselman Boss Shop"", ""shop"": ""truck_repair"", ""brand"": ""Boss Truck Shop"", ""phone"": ""+1 502-743-0349"", ""website"": ""https://bosstruckshops.com/locations/pendleton-ky-boss-truck-shop/"", ""building"": ""yes"", ""service:vehicle:truck_repair"": ""yes""}",389777,I 71,I 71,146,t
way/319960793,Bosselman Boss Shop,Boss Truck Shop,,t,,,POINT(-75.8083151 39.6389635),osm_truck_repair_overpass,8063,2026-08-18 07:03:05.046159+00,2026-08-18 07:00:34+00,,,,,,{},"{""name"": ""Bosselman Boss Shop"", ""shop"": ""truck_repair"", ""brand"": ""Boss Truck Shop"", ""phone"": ""+1 410-620-3123"", ""website"": ""https://bosstruckshops.com/locations/elkton-md-boss-truck-shop/"", ""building"": ""yes"", ""service:vehicle:truck_repair"": ""yes""}",444716,I 95,I 95,326,t
way/319961506,Bosselman Boss Shop,Boss Truck Shop,MO,t,,,POINT(-91.1598836 38.2259036),osm_truck_repair_overpass,8063,2026-08-18 07:03:05.046159+00,2026-08-18 07:00:34+00,,,,,,{},"{""name"": ""Bosselman Boss Shop"", ""shop"": ""truck_repair"", ""brand"": ""Boss Truck Shop"", ""phone"": ""+1 573-468-2703"", ""website"": ""https://bosstruckshops.com/locations/sullivan-mo-boss-truck-shop/"", ""building"": ""yes"", ""addr:city"": ""Sullivan"", ""addr:state"": ""MO"", ""addr:street"": ""Highway AF"", ""addr:postcode"": ""63080"", ""addr:housenumber"": ""1496"", ""service:vehicle:truck_repair"": ""yes""}",371676,I 44,I 44,362,t
way/319965741,Bosselman Boss Shop,Boss Truck Shop,,t,,,POINT(-96.2547584 41.0925945),osm_truck_repair_overpass,8063,2026-08-18 07:03:05.046159+00,2026-08-18 07:00:34+00,,,,,,{},"{""name"": ""Bosselman Boss Shop"", ""shop"": ""truck_repair"", ""brand"": ""Boss Truck Shop"", ""phone"": ""+1 402-332-3648"", ""website"": ""https://bosstruckshops.com/locations/gretna-ne-boss-truck-shop/"", ""building"": ""yes"", ""service:vehicle:truck_repair"": ""yes""}",281898,I 80,I 80,105,t
way/320296681,Bosselman Boss Shop,Boss Truck Shop,,t,,,POINT(-103.7056394 35.1585887),osm_truck_repair_overpass,8063,2026-08-18 07:03:05.046159+00,2026-08-18 07:00:34+00,,,,,,{},"{""name"": ""Bosselman Boss Shop"", ""shop"": ""truck_repair"", ""brand"": ""Boss Truck Shop"", ""phone"": ""+1 575-461-8458"", ""website"": ""https://bosstruckshops.com/locations/tucumcari-nm-boss-truck-shop/"", ""building"": ""retail"", ""service:vehicle:truck_repair"": ""yes""}",93949,I 40,I 40,396,t
way/320297907,Bosselman Boss Shop,Boss Truck Shop,,t,,,POINT(-99.6393162 35.2651892),osm_truck_repair_overpass,8063,2026-08-18 07:03:05.046159+00,2026-08-18 07:00:34+00,,,,,,{},"{""name"": ""Bosselman Boss Shop"", ""shop"": ""truck_repair"", ""brand"": ""Boss Truck Shop"", ""phone"": ""+1 580-928-8819"", ""website"": ""https://bosstruckshops.com/locations/sayre-ok-boss-truck-shop/"", ""building"": ""yes"", ""service:vehicle:truck_repair"": ""yes""}",189456,I 40,I 40,117,t
way/320316075,Bosselman Boss Shop,Boss Truck Shop,,t,,,POINT(-79.7311993 40.1700859),osm_truck_repair_overpass,8063,2026-08-18 07:03:05.046159+00,2026-08-18 07:00:34+00,,,,,,{},"{""name"": ""Bosselman Boss Shop"", ""shop"": ""truck_repair"", ""brand"": ""Boss Truck Shop"", ""phone"": ""+1 724-872-9070"", ""website"": ""https://bosstruckshops.com/locations/smithton-pa-boss-truck-shop/"", ""building"": ""yes"", ""service:vehicle:truck_repair"": ""yes""}",434625,I 70,I 70,131,t
way/320321662,Bosselman Boss Shop,Boss Truck Shop,,t,,,POINT(-97.8258097 32.7264489),osm_truck_repair_overpass,8063,2026-08-18 07:03:05.046159+00,2026-08-18 07:00:34+00,,,,,,{},"{""name"": ""Bosselman Boss Shop"", ""shop"": ""truck_repair"", ""brand"": ""Boss Truck Shop"", ""phone"": ""+1 817-594-8162"", ""website"": ""https://bosstruckshops.com/locations/weatherford-tx-boss-truck-shop/"", ""building"": ""yes"", ""service:vehicle:truck_repair"": ""yes""}",136709,I 20,I 20,215,t
way/320332197,Bosselman Boss Shop,Boss Truck Shop,,t,,t,POINT(-107.3078778 41.7788941),osm_truck_repair_overpass,8063,2026-08-18 07:03:05.046159+00,2026-08-18 07:00:34+00,,,,,,{},"{""hgv"": ""designated"", ""name"": ""Bosselman Boss Shop"", ""shop"": ""truck_repair"", ""brand"": ""Boss Truck Shop"", ""phone"": ""+1 307-324-0069"", ""website"": ""https://bosstruckshops.com/locations/rawlins-wy-boss-truck-shop/"", ""building"": ""commercial"", ""service:vehicle:truck_repair"": ""yes""}",92039,I 80,I 80,231,t
way/33011514,Speedco,Speedco,,t,,,POINT(-87.4483941 33.1799154),osm_truck_repair_overpass,8063,2026-08-18 07:03:05.046159+00,2026-08-18 07:00:34+00,,,,,,{},"{""name"": ""Speedco"", ""shop"": ""truck_repair"", ""brand"": ""Speedco"", ""branch"": ""Cottondale"", ""source"": ""http://www.speedco.com/speedco_directions.cml?id=331"", ""website"": ""https://www.loves.com/locations/911"", ""brand:wikidata"": ""Q112455073""}",184039,I 20,I 20,795,t
way/331092552,Nacarato Truck Centers,,,t,,,POINT(-83.3386608 30.8970391),osm_truck_repair_overpass,8063,2026-08-18 07:03:05.046159+00,2026-08-18 07:00:34+00,,,,,,{},"{""name"": ""Nacarato Truck Centers"", ""shop"": ""car_repair"", ""phone"": ""+1 800-528-6586"", ""building"": ""yes"", ""opening_hours"": ""Mo-Fr 08:00-18:00"", ""service:vehicle:truck_repair"": ""yes""}",187397,I 75,I 75,1526,t
way/336169793,Maryland Truck Tire Service,,MD,t,,,POINT(-76.5375851 39.3047056),osm_truck_repair_overpass,8063,2026-08-18 07:03:05.046159+00,2026-08-18 07:00:34+00,,,,,,{},"{""name"": ""Maryland Truck Tire Service"", ""shop"": ""truck_repair"", ""phone"": ""+1-410-483-1600"", ""website"": ""https://marylandtrucktire.com/"", ""building"": ""yes"", ""addr:city"": ""Baltimore"", ""addr:state"": ""MD"", ""addr:street"": ""Pulaski Highway"", ""addr:postcode"": ""21237"", ""contact:twitter"": ""@MarylandTruck"", ""addr:housenumber"": ""6601"", ""contact:facebook"": ""https://www.facebook.com/Maryland-Truck-Tire-Services-498018430243978/"", ""service:vehicle:brakes"": ""yes"", ""service:vehicle:alignment"": ""yes""}",444504,I 895,TUNNEL THWY,524,t
way/341937117,Brewer Truck Repair,,AZ,t,,,POINT(-109.8488442 32.2669972),osm_truck_repair_overpass,8063,2026-08-18 07:03:05.046159+00,2026-08-18 07:00:34+00,,,,,,{},"{""name"": ""Brewer Truck Repair"", ""shop"": ""car_repair"", ""phone"": ""+1 520 384 2846"", ""source"": ""Bing"", ""building"": ""yes"", ""addr:city"": ""Willcox"", ""addr:state"": ""AZ"", ""addr:street"": ""North Fort Grand Road"", ""addr:postcode"": ""85643"", ""addr:housenumber"": ""1620"", ""service:vehicle:truck_repair"": ""yes""}",20506,I 10,I 10,441,t
way/363499076,Larry Green Ford,,CA,t,,,POINT(-114.5922729 33.6094867),osm_truck_repair_overpass,8063,2026-08-18 07:03:05.046159+00,2026-08-18 07:00:34+00,,,,,,{},"{""name"": ""Larry Green Ford"", ""shop"": ""car"", ""website"": ""https://www.larrygreenford.com/"", ""building"": ""yes"", ""addr:city"": ""Blythe"", ""addr:state"": ""CA"", ""addr:street"": ""East Hobsonway"", ""second_hand"": ""yes"", ""addr:postcode"": ""92225"", ""addr:housenumber"": ""410"", ""service:vehicle:glass"": ""yes"", ""service:vehicle:tyres"": ""yes"", ""service:vehicle:brakes"": ""yes"", ""service:vehicle:muffler"": ""yes"", ""service:vehicle:repairs"": ""yes"", ""service:vehicle:painting"": ""yes"", ""service:vehicle:batteries"": ""yes"", ""service:vehicle:car_parts"": ""yes"", ""service:vehicle:car_repair"": ""yes"", ""service:vehicle:inspection"": ""yes"", ""service:vehicle:oil_change"": ""yes"", ""service:vehicle:body_repair"": ""yes"", ""service:vehicle:transmission"": ""yes"", ""service:vehicle:truck_repair"": ""yes"", ""service:vehicle:new_car_sales"": ""yes"", ""service:vehicle:used_car_sales"": ""yes"", ""service:vehicle:air_conditioning"": ""yes"", ""service:vehicle:transmission_repair"": ""yes""}",67508,I 10,I 10,273,t
way/36897073,Fyda Freightliner Cincinnati,Fyda Freightliner,OH,t,,,POINT(-84.424648 39.2871137),osm_truck_repair_overpass,8063,2026-08-18 07:03:05.046159+00,2026-08-18 07:00:34+00,,,,,,{},"{""name"": ""Fyda Freightliner Cincinnati"", ""shop"": ""car"", ""brand"": ""Fyda Freightliner"", ""phone"": ""+1-513-772-7171"", ""website"": ""https://www.fydafreightliner.com/"", ""building"": ""yes"", ""addr:city"": ""Sharonville"", ""addr:state"": ""OH"", ""addr:street"": ""Freightliner Drive"", ""addr:postcode"": ""45241"", ""addr:housenumber"": ""1"", ""service:vehicle:truck_sales"": ""yes"", ""service:vehicle:truck_repair"": ""yes""}",390951,I 275,I 275,144,t
way/371667298,A-1 Truck Repair LLC,,,t,,,POINT(-122.7489909 45.9111231),osm_truck_repair_overpass,8063,2026-08-18 07:03:05.046159+00,2026-08-18 07:00:34+00,,,,,,{},"{""name"": ""A-1 Truck Repair LLC"", ""shop"": ""truck_repair"", ""landuse"": ""commercial""}",38990,I 5,I 5,236,t
way/372749579,Serra Chevrolet Saginaw,Chevrolet,MI,t,,,POINT(-83.9741288 43.468383),osm_truck_repair_overpass,8063,2026-08-18 07:03:05.046159+00,2026-08-18 07:00:34+00,,,,,,{},"{""name"": ""Serra Chevrolet Saginaw"", ""shop"": ""car"", ""brand"": ""Chevrolet"", ""phone"": ""+1-989-790-0800"", ""website"": ""https://www.serrachevroletsaginaw.com"", ""building"": ""yes"", ""not:name"": ""Draper Chevrolet"", ""operator"": ""Serra Automotive"", ""addr:city"": ""Saginaw"", ""addr:state"": ""MI"", ""addr:street"": ""Bay Road"", ""second_hand"": ""yes"", ""payment:cash"": ""yes"", ""addr:postcode"": ""48603"", ""opening_hours"": ""Mo,Th 08:30-20:00; Tu,We,Fr 08:30-18:00; Sa 09:00-15:00; Su off"", ""brand:wikidata"": ""Q29570"", ""payment:cheque"": ""yes"", ""addr:housenumber"": ""4200"", ""contact:facebook"": ""https://www.facebook.com/SerraSaginawAuto"", ""payment:debit_cards"": ""yes"", ""payment:credit_cards"": ""yes"", ""service:vehicle:repairs"": ""yes"", ""service:vehicle:car_repair"": ""yes"", ""service:vehicle:oil_change"": ""yes"", ""service:vehicle:body_repair"": ""yes"", ""service:vehicle:truck_repair"": ""yes"", ""service:vehicle:new_car_sales"": ""yes"", ""service:vehicle:used_car_sales"": ""yes""}",405310,I 675,I 675,1451,t
way/382475859,Davis Tire & Automotive,,TX,t,,,POINT(-97.94057 30.2291405),osm_truck_repair_overpass,8063,2026-08-18 07:03:05.046159+00,2026-08-18 07:00:34+00,,,,,,{},"{""name"": ""Davis Tire & Automotive"", ""shop"": ""car_repair"", ""phone"": ""+1-512-288-4270"", ""height"": ""8.9"", ""website"": ""https://www.davistireauto.com"", ""building"": ""yes"", ""addr:city"": ""Austin"", ""addr:state"": ""TX"", ""addr:street"": ""West US Highway 290"", ""addr:postcode"": ""78736"", ""opening_hours"": ""Mo-Fr 07:30-18:00"", ""addr:housenumber"": ""9912"", ""service:vehicle:tyres"": ""yes"", ""service:vehicle:car_repair"": ""yes"", ""service:vehicle:oil_change"": ""yes"", ""service:vehicle:truck_repair"": ""yes""}",133652,U 290,U 290,54,t
way/384543079,R N B Truck & Trailer Repair,,,t,,,POINT(-86.7043677 34.6965491),osm_truck_repair_overpass,8063,2026-08-18 07:03:05.046159+00,2026-08-18 07:00:34+00,,,,,,{},"{""name"": ""R N B Truck & Trailer Repair"", ""shop"": ""truck_repair"", ""building"": ""retail""}",383630,I 565,I 565,165,t
way/386432728,Chloes Auto Repair and Tire,,GA,t,,,POINT(-84.7469436 33.910021),osm_truck_repair_overpass,8063,2026-08-18 07:03:05.046159+00,2026-08-18 07:00:34+00,,,,,,{},"{""name"": ""Chloes Auto Repair and Tire"", ""shop"": ""car_repair"", ""phone"": ""+1-770-222-9696"", ""building"": ""yes"", ""addr:city"": ""Dallas"", ""addr:state"": ""GA"", ""addr:street"": ""Hiram Acworth Highway"", ""payment:cash"": ""yes"", ""addr:postcode"": ""30157"", ""building:levels"": ""1"", ""addr:housenumber"": ""1340A"", ""payment:credit_cards"": ""yes"", ""service:vehicle:motor"": ""yes"", ""service:vehicle:tyres"": ""yes"", ""service:vehicle:brakes"": ""yes"", ""service:vehicle:wheels"": ""yes"", ""service:vehicle:repairs"": ""yes"", ""service:vehicle:alignment"": ""yes"", ""service:vehicle:batteries"": ""yes"", ""service:vehicle:car_repair"": ""yes"", ""service:vehicle:electrical"": ""yes"", ""service:vehicle:inspection"": ""yes"", ""service:vehicle:oil_change"": ""yes"", ""service:vehicle:diagnostics"": ""yes"", ""service:vehicle:transmission"": ""yes"", ""service:vehicle:truck_repair"": ""yes"", ""service:vehicle:air_conditioning"": ""yes"", ""service:vehicle:transmission_repair"": ""yes""}",386538,S 6,S 6,2194,t
way/404257600,Duddie Automotive,,CT,t,,,POINT(-72.7838325 41.5468269),osm_truck_repair_overpass,8063,2026-08-18 07:03:05.046159+00,2026-08-18 07:00:34+00,,,,,,{},"{""name"": ""Duddie Automotive"", ""shop"": ""car_repair"", ""phone"": ""+1-203-440-1260"", ""website"": ""https://duddieautomotive.com/"", ""building"": ""yes"", ""addr:city"": ""Meriden"", ""addr:state"": ""CT"", ""addr:street"": ""Broad Street"", ""addr:postcode"": ""06450"", ""opening_hours"": ""Mo-Fr 08:00-17:00"", ""building:levels"": ""1"", ""addr:housenumber"": ""1030"", ""service:vehicle:tyres"": ""yes"", ""service:vehicle:brakes"": ""yes"", ""service:vehicle:wheels"": ""yes"", ""service:vehicle:muffler"": ""yes"", ""service:vehicle:repairs"": ""yes"", ""service:vehicle:alignment"": ""yes"", ""service:vehicle:batteries"": ""yes"", ""service:vehicle:car_repair"": ""yes"", ""service:vehicle:electrical"": ""yes"", ""service:vehicle:inspection"": ""yes"", ""service:vehicle:oil_change"": ""yes"", ""service:vehicle:diagnostics"": ""yes"", ""service:vehicle:truck_repair"": ""yes"", ""service:vehicle:used_car_sales"": ""yes"", ""service:vehicle:air_conditioning"": ""yes"", ""service:vehicle:transmission_repair"": ""yes""}",460582,I 691,I 691,453,t
way/415117069,Fleet XL,,WI,t,,,POINT(-91.8727521 44.8970522),osm_truck_repair_overpass,8063,2026-08-18 07:03:05.046159+00,2026-08-18 07:00:34+00,,,,,,{},"{""name"": ""Fleet XL"", ""shop"": ""truck_repair"", ""source"": ""esri/USA_NAD_Addresses"", ""website"": ""https://www.trailersalesandleasing.com/locations/menomonie/"", ""building"": ""industrial"", ""addr:city"": ""Menomonie"", ""addr:state"": ""WI"", ""addr:street"": ""Indianhead Drive"", ""addr:postcode"": ""54751"", ""building:levels"": ""1"", ""addr:housenumber"": ""1415""}",472533,I 94,I 94,862,t
way/41697218,Bosselman Boss Shop,Boss Truck Shop,,t,,,POINT(-112.0057979 41.2300451),osm_truck_repair_overpass,8063,2026-08-18 07:03:05.046159+00,2026-08-18 07:00:34+00,,,,,,{},"{""name"": ""Bosselman Boss Shop"", ""shop"": ""truck_repair"", ""brand"": ""Boss Truck Shop"", ""phone"": ""+1 801-621-7575"", ""source"": ""Yahoo"", ""website"": ""https://bosstruckshops.com/locations/ogden-ut-boss-truck-shop/"", ""building"": ""yes"", ""service:vehicle:truck_repair"": ""yes""}",81725,I 15,I 15,555,t
way/421732368,Red Rock Truck Center,,MN,t,,,POINT(-92.8676627 43.6735526),osm_truck_repair_overpass,8063,2026-08-18 07:03:05.046159+00,2026-08-18 07:00:34+00,,,,,,{},"{""name"": ""Red Rock Truck Center"", ""shop"": ""truck_repair"", ""email"": ""info@redrocktruckcenter.com"", ""phone"": ""+1 507 437 9000"", ""website"": ""https://www.redrocktruckcenter.com/"", ""building"": ""commercial"", ""addr:city"": ""Austin"", ""addr:state"": ""MN"", ""addr:street"": ""220th Street"", ""addr:postcode"": ""55912"", ""opening_hours"": ""Mo-Fr 08:00-17:30; Sa 08:00-12:00; Su closed"", ""phone:toll-free"": ""+1 888 900 2205"", ""addr:housenumber"": ""59041""}",353441,I 90,I 90,248,t
way/425357595,Goodyear,Goodyear,CA,t,,,POINT(-118.3919981 34.0555606),osm_truck_repair_overpass,8063,2026-08-18 07:03:05.046159+00,2026-08-18 07:00:34+00,,,,,,{},"{""ele"": ""59.4"", ""name"": ""Goodyear"", ""shop"": ""car_repair"", ""brand"": ""Goodyear"", ""email"": ""info@crestviewservice.com"", ""phone"": ""+1-310-274-5845"", ""branch"": ""Good Year"", ""height"": ""5.3"", ""name:en"": ""CRESTVIEW SERVICE CENTER"", ""website"": ""https://www.crestviewservice.com/"", ""building"": ""yes"", ""operator"": ""GOOD YEAR CRESTVIEW SERVICE"", ""addr:city"": ""Los Angeles"", ""addr:state"": ""CA"", ""start_date"": ""1959"", ""addr:street"": ""West Pico Boulevard"", ""building:use"": ""car_repair"", ""lacounty:ain"": ""4332002033"", ""payment:cash"": ""yes"", ""payment:visa"": ""yes"", ""addr:postcode"": ""90035"", ""opening_hours"": ""Mo-Fr 07:00-17:00"", ""payment:cards"": ""yes"", ""brand:wikidata"": ""Q620875"", ""lacounty:bld_id"": ""442935842823"", ""addr:housenumber"": ""9201"", ""payment:apple_pay"": ""yes"", ""payment:mastercard"": ""yes"", ""payment:visa_debit"": ""yes"", ""payment:contactless"": ""yes"", ""payment:debit_cards"": ""yes"", ""payment:credit_cards"": ""yes"", ""service:vehicle:sale"": ""yes"", ""payment:visa_electron"": ""yes"", ""service:vehicle:tyres"": ""yes"", ""service:vehicle:brakes"": ""yes"", ""service:vehicle:wheels"": ""yes"", ""service:vehicle:muffler"": ""yes"", ""service:vehicle:repairs"": ""yes"", ""service:vehicle:alignment"": ""yes"", ""service:vehicle:batteries"": ""yes"", ""service:vehicle:car_repair"": ""yes"", ""service:vehicle:electrical"": ""yes"", ""service:vehicle:oil_change"": ""yes"", ""service:vehicle:diagnostics"": ""yes"", ""service:vehicle:transmission"": ""yes"", ""service:vehicle:truck_repair"": ""yes"", ""service:vehicle:air_conditioning"": ""yes"", ""service:vehicle:transmission_repair"": ""yes""}",31530,I 10,SANTA MONICA FRWY,2349,t
way/430265256,L. Ashley & Sons,,,t,,,POINT(-122.9350324 46.1212444),osm_truck_repair_overpass,8063,2026-08-18 07:03:05.046159+00,2026-08-18 07:00:34+00,,,,,,{},"{""name"": ""L. Ashley & Sons"", ""shop"": ""car_repair"", ""building"": ""yes"", ""service:vehicle:truck_repair"": ""yes""}",38843,S 432,INDUSTRIAL WY,574,t
way/430905051,Rush Truck Centers – Sylmar,Rush Truck Centers,CA,t,,,POINT(-118.4170137 34.2959002),osm_truck_repair_overpass,8063,2026-08-18 07:03:05.046159+00,2026-08-18 07:00:34+00,,,,,,{},"{""ele"": ""370.2"", ""name"": ""Rush Truck Centers – Sylmar"", ""shop"": ""truck_repair"", ""brand"": ""Rush Truck Centers"", ""phone"": ""+1-818-493-5900"", ""branch"": ""Sylmar"", ""height"": ""7.0"", ""website"": ""https://www.rushtruckcenters.com/locations/12050000-sylmar"", ""building"": ""commercial"", ""operator"": ""Rush Truck Centers"", ""addr:city"": ""Sylmar"", ""addr:state"": ""CA"", ""start_date"": ""1973"", ""addr:street"": ""Foothill Boulevard"", ""building:use"": ""truck"", ""lacounty:ain"": ""2514003049"", ""addr:postcode"": ""91342"", ""opening_hours"": ""Mo-Fr 07:00-19:00; Sa 08:00-16:00"", ""brand:wikidata"": ""Q120637525"", ""lacounty:bld_id"": ""435734930290"", ""addr:housenumber"": ""12985""}",33007,I 210,FOOTHILL FRWY,70,t
way/436990384,Livermore Ford,Ford,CA,t,,,POINT(-121.8076602 37.6996114),osm_truck_repair_overpass,8063,2026-08-18 07:03:05.046159+00,2026-08-18 07:00:34+00,,,,,,{},"{""name"": ""Livermore Ford"", ""shop"": ""car"", ""brand"": ""Ford"", ""website"": ""https://www.livermoreford.net/"", ""building"": ""yes"", ""operator"": ""Gill Auto Group"", ""addr:city"": ""Livermore"", ""addr:state"": ""CA"", ""addr:street"": ""Kitty Hawk Road"", ""second_hand"": ""yes"", ""addr:postcode"": ""94551"", ""brand:wikidata"": ""Q44294"", ""addr:housenumber"": ""2266"", ""service:vehicle:glass"": ""yes"", ""service:vehicle:tyres"": ""yes"", ""service:vehicle:brakes"": ""yes"", ""service:vehicle:wheels"": ""yes"", ""service:vehicle:repairs"": ""yes"", ""service:vehicle:car_parts"": ""yes"", ""service:vehicle:car_repair"": ""yes"", ""service:vehicle:inspection"": ""yes"", ""service:vehicle:oil_change"": ""yes"", ""service:vehicle:body_repair"": ""yes"", ""service:vehicle:transmission"": ""yes"", ""service:vehicle:truck_repair"": ""yes"", ""service:vehicle:new_car_sales"": ""yes"", ""service:vehicle:used_car_sales"": ""yes""}",28586,I 580,I 580,154,t
way/443127856,Rush Truck Centers – Phoenix East,Rush Truck Centers,AZ,t,,,POINT(-111.8216238 33.3817665),osm_truck_repair_overpass,8063,2026-08-18 07:03:05.046159+00,2026-08-18 07:00:34+00,,,,,,{},"{""name"": ""Rush Truck Centers – Phoenix East"", ""shop"": ""truck_repair"", ""brand"": ""Rush Truck Centers"", ""phone"": ""+1-623-244-3910"", ""branch"": ""Phoenix East"", ""website"": ""https://www.rushtruckcenters.com/locations/15070000-phoenix-east"", ""building"": ""commercial"", ""operator"": ""Rush Truck Centers"", ""addr:city"": ""Mesa"", ""addr:state"": ""AZ"", ""addr:street"": ""East Juanita Avenue"", ""addr:postcode"": ""85204"", ""opening_hours"": ""Mo-Fr 07:00-17:00; Sa 08:00-12:00"", ""brand:wikidata"": ""Q120637525"", ""addr:housenumber"": ""440""}",17063,U 60,U 60,469,t
way/466701940,,,,t,,,POINT(-96.8816393 32.7785077),osm_truck_repair_overpass,8063,2026-08-18 07:03:05.046159+00,2026-08-18 07:00:34+00,,,,,,{},"{""shop"": ""truck"", ""building"": ""yes"", ""addr:street"": ""Singleton Boulevard"", ""addr:housenumber"": ""3722"", ""service:vehicle:truck_repair"": ""yes""}",139182,I 30,FORT WORTH-DALLAS FRWY,1203,t
way/467682471,Jerry's Truck Repair,,TX,t,,,POINT(-101.802347 33.5465946),osm_truck_repair_overpass,8063,2026-08-18 07:03:05.046159+00,2026-08-18 07:00:34+00,,,,,,{},"{""name"": ""Jerry's Truck Repair"", ""shop"": ""truck_repair"", ""building"": ""yes"", ""addr:city"": ""Lubbock"", ""addr:state"": ""TX"", ""addr:street"": ""Southeast Drive"", ""addr:postcode"": ""79404"", ""addr:housenumber"": ""5214""}",27195,S 289,S 289,1314,t
way/473467131,Freightliner Northwest,Freightliner,WA,t,,,POINT(-117.559263 47.593747),osm_truck_repair_overpass,8063,2026-08-18 07:03:05.046159+00,2026-08-18 07:00:34+00,,,,,,{},"{""name"": ""Freightliner Northwest"", ""shop"": ""truck"", ""brand"": ""Freightliner"", ""phone"": ""+1-509-744-0390"", ""website"": ""http://freightlinernorthwest.com"", ""building"": ""yes"", ""addr:state"": ""WA"", ""addr:street"": ""West Westbow Road"", ""description"": ""Service, parts, sales, body shop, towing & roadside assistance of Semi trucks and dealership."", ""addr:postcode"": ""99224"", ""brand:wikidata"": ""Q1420724"", ""addr:housenumber"": ""10310"", ""service:vehicle:truck_parts"": ""yes"", ""service:vehicle:truck_repair"": ""yes""}",63176,I 90,I 90,132,t
way/473716562,JTS Truck Repair,,,t,,,POINT(-118.8901904 34.8181444),osm_truck_repair_overpass,8063,2026-08-18 07:03:05.046159+00,2026-08-18 07:00:34+00,,,,,,{},"{""name"": ""JTS Truck Repair"", ""shop"": ""truck_repair"", ""building"": ""yes"", ""addr:city"": ""Lebec"", ""addr:street"": ""Frazier Mountain Park Road"", ""addr:postcode"": ""93243"", ""addr:housenumber"": ""505""}",31233,I 5,I 5,667,t
way/47759194,Kennan's Auto Repair,,NC,t,,,POINT(-78.6497469 35.7328585),osm_truck_repair_overpass,8063,2026-08-18 07:03:05.046159+00,2026-08-18 07:00:34+00,,,,,,{},"{""name"": ""Kennan's Auto Repair"", ""shop"": ""car_repair"", ""phone"": ""+19197710263"", ""source"": ""WakeGIS"", ""website"": ""https://www.kennansautorepair.net/"", ""building"": ""commercial"", ""addr:city"": ""Raleigh"", ""addr:state"": ""NC"", ""addr:street"": ""Circle Lane"", ""building:use"": ""commercial"", ""payment:cash"": ""yes"", ""addr:postcode"": ""27603"", ""opening_hours"": ""Mo-Fr 08:00-17:00"", ""addr:housenumber"": ""312"", ""payment:credit_cards"": ""yes"", ""service:vehicle:motor"": ""yes"", ""service:vehicle:brakes"": ""yes"", ""service:vehicle:muffler"": ""yes"", ""service:vehicle:car_repair"": ""yes"", ""service:vehicle:oil_change"": ""yes"", ""service:vehicle:diagnostics"": ""yes"", ""service:vehicle:truck_repair"": ""yes"", ""service:vehicle:air_conditioning"": ""yes"", ""service:vehicle:transmission_repair"": ""yes""}",438564,U 70,S SAUNDERS ST,127,t
way/479708315,JJJR's Truck Repair,,,t,,,POINT(-122.1205273 37.6327621),osm_truck_repair_overpass,8063,2026-08-18 07:03:05.046159+00,2026-08-18 07:00:34+00,,,,,,{},"{""name"": ""JJJR's Truck Repair"", ""shop"": ""truck_repair"", ""website"": ""www.jjjrtruckrepair.com"", ""building"": ""yes"", ""addr:street"": ""Clawiter Road"", ""addr:housenumber"": ""25601""}",28245,S 92,S 92,457,t
way/490616098,Chuck's Implement Repair,,MN,t,,,POINT(-96.4254777 44.5055009),osm_truck_repair_overpass,8063,2026-08-18 07:03:05.046159+00,2026-08-18 07:00:34+00,,,,,,{},"{""name"": ""Chuck's Implement Repair"", ""shop"": ""tractor"", ""building"": ""yes"", ""addr:city"": ""Hendricks"", ""addr:state"": ""MN"", ""addr:postcode"": ""56136"", ""service:vehicle:truck_repair"": ""yes""}",342138,S 30,S 30,7428,f
way/497732905,National Service Systems LLC,,TX,t,,,POINT(-97.3302187 32.7896586),osm_truck_repair_overpass,8063,2026-08-18 07:03:05.046159+00,2026-08-18 07:00:34+00,,,,,,{},"{""name"": ""National Service Systems LLC"", ""shop"": ""car_repair"", ""phone"": ""+1-817-624-2454"", ""website"": ""http://nationalservicesystemsllc.com"", ""building"": ""yes"", ""addr:city"": ""Fort Worth"", ""addr:unit"": ""A"", ""addr:state"": ""TX"", ""addr:street"": ""Brennan Avenue"", ""addr:postcode"": ""76106"", ""contact:website"": ""http://nationalservicesystemsllc.com"", ""contact:youtube"": ""https://www.youtube.com/watch?v=bFbojUkol64"", ""addr:housenumber"": ""2201"", ""service:vehicle:motor"": ""yes"", ""service:vehicle:brakes"": ""yes"", ""service:vehicle:car_repair"": ""yes"", ""service:vehicle:oil_change"": ""yes"", ""service:vehicle:truck_repair"": ""yes""}",138195,S 183,W 28TH ST,614,t
way/508280565,Mid-Delta Truck Repair,,MS,t,,,POINT(-90.6732211 33.7421843),osm_truck_repair_overpass,8063,2026-08-18 07:03:05.046159+00,2026-08-18 07:00:34+00,,,,,,{},"{""name"": ""Mid-Delta Truck Repair"", ""shop"": ""truck_repair"", ""building"": ""yes"", ""addr:city"": ""Cleveland"", ""addr:state"": ""MS"", ""addr:street"": ""Highway 8"", ""addr:country"": ""US"", ""addr:postcode"": ""38732"", ""addr:housenumber"": ""4399""}",360239,S 8,S 8,97,t
way/511150061,Freightliner,Freightliner,,t,,,POINT(-93.2324347 37.2233746),osm_truck_repair_overpass,8063,2026-08-18 07:03:05.046159+00,2026-08-18 07:00:34+00,,,,,,{},"{""name"": ""Freightliner"", ""shop"": ""truck_repair"", ""brand"": ""Freightliner"", ""building"": ""yes"", ""roof:shape"": ""flat"", ""brand:wikidata"": ""Q1420724""}",268949,U 65,SCHOOLCRAFT FRWY,622,t
way/520493151,White Mule Company,,OH,t,,,POINT(-82.6006445 40.7754118),osm_truck_repair_overpass,8063,2026-08-18 07:03:05.046159+00,2026-08-18 07:00:34+00,,,,,,{},"{""fax"": ""+1-419-747-6854"", ""name"": ""White Mule Company"", ""shop"": ""truck_repair"", ""phone"": ""+1-419-747-6853"", ""website"": ""https://whitemuleco.com/"", ""building"": ""yes"", ""addr:city"": ""Ontario"", ""addr:state"": ""OH"", ""addr:street"": ""West 4th Street"", ""addr:postcode"": ""44906"", ""addr:housenumber"": ""2420""}",420206,U 30,U 30,939,t
way/520598674,My Transmission Experts,,TX,t,,,POINT(-95.6444913 29.8596695),osm_truck_repair_overpass,8063,2026-08-18 07:03:05.046159+00,2026-08-18 07:00:34+00,,,,,,{},"{""name"": ""My Transmission Experts"", ""shop"": ""car_repair"", ""phone"": ""+1-281-550-2249"", ""website"": ""https://www.mytransmissionexperts.com/locations/bear-creek-copperfield/"", ""building"": ""yes"", ""addr:city"": ""Houston"", ""addr:state"": ""TX"", ""addr:street"": ""North Highway 6"", ""payment:cash"": ""yes"", ""payment:visa"": ""yes"", ""truck:repair"": ""yes"", ""addr:postcode"": ""77084"", ""opening_hours"": ""Mo-Fr 08:00-18:00; Sa 08:00-13:00"", ""addr:housenumber"": ""5608"", ""air_conditioning"": ""yes"", ""payment:financing"": ""yes"", ""payment:mastercard"": ""yes"", ""payment:credit_card"": ""yes"", ""payment:debit_cards"": ""yes"", ""payment:discover_card"": ""yes"", ""service:vehicle:brakes"": ""yes"", ""service:vehicle:muffler"": ""yes"", ""service:vehicle:repairs"": ""yes"", ""payment:american_express"": ""yes"", ""service:vehicle:batteries"": ""yes"", ""service:vehicle:car_parts"": ""yes"", ""service:vehicle:mechanics"": ""yes"", ""service:vehicle:car_repair"": ""yes"", ""service:vehicle:electrical"": ""yes"", ""service:vehicle:inspection"": ""yes"", ""service:vehicle:oil_change"": ""yes"", ""service:vehicle:diagnostics"": ""yes"", ""service:vehicle:truck_repair"": ""yes"", ""service:vehicle:air_conditioning"": ""yes"", ""service:vehicle:transmission_repair"": ""yes"", ""service:vehicle:transmission_rebuilding"": ""yes"", ""service:vehicle:fleet_vehicle_maintenance"": ""yes""}",141448,S 6,ADDICKS-SATSUMA RD,58,t
way/520632259,KBR Chassis,,,t,,,POINT(-96.6626863 48.7353514),osm_truck_repair_overpass,8063,2026-08-18 07:03:05.046159+00,2026-08-18 07:00:34+00,,,,,,{},"{""name"": ""KBR Chassis"", ""shop"": ""car_repair"", ""building"": ""commercial"", ""operator"": ""Kevin Braget"", ""service:vehicle:motor"": ""yes"", ""service:vehicle:brakes"": ""yes"", ""service:vehicle:wheels"": ""yes"", ""service:vehicle:repairs"": ""yes"", ""service:vehicle:car_repair"": ""yes"", ""service:vehicle:oil_change"": ""yes"", ""service:vehicle:body_repair"": ""yes"", ""service:vehicle:diagnostics"": ""yes"", ""service:vehicle:truck_repair"": ""yes"", ""service:vehicle:transmission_repair"": ""yes""}",333188,U 59,U 59,356,t
way/528940268,Parker Engine Service,,,t,,,POINT(-109.2433822 32.2724287),osm_truck_repair_overpass,8063,2026-08-18 07:03:05.046159+00,2026-08-18 07:00:34+00,,,,,,{},"{""name"": ""Parker Engine Service"", ""shop"": ""truck_repair"", ""building"": ""yes""}",21060,I 10,I 10,354,t
way/531078922,Manders Diesel Repair,,MN,t,,,POINT(-93.2918116 44.6374247),osm_truck_repair_overpass,8063,2026-08-18 07:03:05.046159+00,2026-08-18 07:00:34+00,,,,,,{},"{""fax"": ""+1-952-469-2383"", ""name"": ""Manders Diesel Repair"", ""shop"": ""car_repair"", ""email"": ""info@mandersdiesel.net"", ""phone"": ""+1-800-469-1801"", ""website"": ""https://mandersdiesel.com/"", ""building"": ""commercial"", ""addr:city"": ""Lakeville"", ""addr:state"": ""MN"", ""addr:street"": ""215th Street West"", ""addr:country"": ""US"", ""addr:postcode"": ""55044"", ""addr:housenumber"": ""11250"", ""service:vehicle:truck_repair"": ""yes""}",355892,I 35,I 35,432,t
way/535876082,Bridge City Truck Repair LLC,,IA,t,,,POINT(-92.4298493 41.0992975),osm_truck_repair_overpass,8063,2026-08-18 07:03:05.046159+00,2026-08-18 07:00:34+00,,,,,,{},"{""fax"": ""+1-641-683-5694"", ""name"": ""Bridge City Truck Repair LLC"", ""shop"": ""truck_repair"", ""phone"": ""+1 641-683-5693"", ""website"": ""http://bridgecitytruckrepair.com"", ""building"": ""commercial"", ""addr:city"": ""Ottumwa"", ""addr:state"": ""IA"", ""addr:street"": ""Airport Road"", ""addr:postcode"": ""52501"", ""addr:housenumber"": ""13930""}",302757,U 63,U 63,678,t
way/536210467,MCM Truck Repair,,NE,t,,,POINT(-101.7102141 41.1125244),osm_truck_repair_overpass,8063,2026-08-18 07:03:05.046159+00,2026-08-18 07:00:34+00,,,,,,{},"{""name"": ""MCM Truck Repair"", ""shop"": ""truck_repair"", ""building"": ""commercial"", ""addr:city"": ""Ogallala"", ""addr:state"": ""NE"", ""addr:street"": ""Road East 85"", ""addr:postcode"": ""69153"", ""building:levels"": ""1"", ""addr:housenumber"": ""200""}",107718,I 80,I 80,270,t
way/540083803,Love's Truck Care,Love's,VA,t,,,POINT(-76.9402865 36.6614789),osm_truck_repair_overpass,8063,2026-08-18 07:03:05.046159+00,2026-08-18 07:00:34+00,,,,,,{},"{""name"": ""Love's Truck Care"", ""shop"": ""truck_repair"", ""brand"": ""Love's"", ""phone"": ""+1-757-516-2602"", ""building"": ""yes"", ""addr:city"": ""Franklin"", ""addr:state"": ""VA"", ""addr:street"": ""South Street"", ""addr:postcode"": ""23851"", ""opening_hours"": ""Mo-Su 06:00-23:00"", ""brand:wikidata"": ""Q1872496"", ""addr:housenumber"": ""2307""}",440162,U 58,U 58,101,t
way/543188459,Skarlupka Service Inc.,,WI,t,,,POINT(-89.261909 45.0878373),osm_truck_repair_overpass,8063,2026-08-18 07:03:05.046159+00,2026-08-18 07:00:34+00,,,,,,{},"{""name"": ""Skarlupka Service Inc."", ""shop"": ""car_repair"", ""email"": ""skarlupkaservice@yahoo.com"", ""phone"": ""+1-715-623-6881"", ""smoking"": ""outside"", ""website"": ""https://skarlupkaservice.com/"", ""building"": ""commercial"", ""operator"": ""Skarlupka Service"", ""addr:city"": ""Antigo"", ""addr:state"": ""WI"", ""addr:street"": ""County Road G"", ""description"": ""Custom Machine shop and equipment repair equipment including light automotive, heavy duty construction, agricultural, transportation equipment and building custom \""spec\"" race engines."", ""addr:postcode"": ""54409"", ""opening_hours"": ""Mo-Fr 08:00-17:00"", ""building:levels"": ""1"", ""addr:housenumber"": ""4530"", ""service:vehicle:brakes"": ""yes"", ""service:vehicle:repairs"": ""yes"", ""service:vehicle:batteries"": ""yes"", ""service:vehicle:car_parts"": ""yes"", ""service:vehicle:car_repair"": ""yes"", ""service:vehicle:electrical"": ""yes"", ""service:vehicle:diagnostics"": ""yes"", ""service:vehicle:truck_repair"": ""yes"", ""service:vehicle:air_conditioning"": ""yes""}",475536,U 45,US Hwy 45,8501,f
way/544641264,AA Accurate Truck and Tire Repair,,,t,,,POINT(-81.1347123 29.3377379),osm_truck_repair_overpass,8063,2026-08-18 07:03:05.046159+00,2026-08-18 07:00:34+00,,,,,,{},"{""name"": ""AA Accurate Truck and Tire Repair"", ""shop"": ""truck_repair"", ""tyres"": ""truck"", ""building"": ""yes""}",185843,I 95,I 95,366,t
way/545587961,J & K Truck Repair,,,t,,,POINT(-85.4796642 36.1927701),osm_truck_repair_overpass,8063,2026-08-18 07:03:05.046159+00,2026-08-18 07:00:34+00,,,,,,{},"{""name"": ""J & K Truck Repair"", ""shop"": ""truck_repair"", ""building"": ""yes""}",387650,I 40,I 40,6431,f
way/546379266,Pro-Shine Auto Detailing,,TN,t,,,POINT(-86.3124957 36.2104658),osm_truck_repair_overpass,8063,2026-08-18 07:03:05.046159+00,2026-08-18 07:00:34+00,,,,,,{},"{""name"": ""Pro-Shine Auto Detailing"", ""shop"": ""car_repair"", ""phone"": ""+1-615-443-0455"", ""building"": ""commercial"", ""addr:city"": ""Lebanon"", ""addr:state"": ""TN"", ""addr:street"": ""West Main Street"", ""addr:postcode"": ""37087"", ""opening_hours"": ""Mo-Fr 08:00-17:00; Sa 08:30-15:00"", ""addr:housenumber"": ""910"", ""service:vehicle:car_repair"": ""yes"", ""service:vehicle:body_repair"": ""yes"", ""service:vehicle:truck_repair"": ""yes""}",385477,U 70,U 70,857,t
way/548807034,Carolina International Trucks,,SC,t,,,POINT(-82.2242384 34.8698566),osm_truck_repair_overpass,8063,2026-08-18 07:03:05.046159+00,2026-08-18 07:00:34+00,,,,,,{},"{""name"": ""Carolina International Trucks"", ""shop"": ""truck_repair"", ""phone"": ""+1-864-848-0050"", ""height"": ""10.1"", ""website"": ""https://www.carolinainternational.com/map-hours-directions-trucks-dealership--greer-hours"", ""building"": ""commercial"", ""addr:city"": ""Greer"", ""addr:state"": ""SC"", ""addr:street"": ""South Highway 14"", ""addr:postcode"": ""29650"", ""addr:housenumber"": ""2520""}",406742,I 85,I 85,227,t
way/550537071,Towing & Truck Repair,,,t,,,POINT(-89.3510724 40.1573296),osm_truck_repair_overpass,8063,2026-08-18 07:03:05.046159+00,2026-08-18 07:00:34+00,,,,,,{},"{""name"": ""Towing & Truck Repair"", ""shop"": ""truck_repair"", ""building"": ""commercial""}",381957,I 55,I 55,2692,t
way/550983598,Packer City International Trucks,,WI,t,,,POINT(-88.471124 44.2890009),osm_truck_repair_overpass,8063,2026-08-18 07:03:05.046159+00,2026-08-18 07:00:34+00,,,,,,{},"{""name"": ""Packer City International Trucks"", ""shop"": ""car"", ""building"": ""yes"", ""addr:city"": ""Appleton"", ""addr:state"": ""WI"", ""addr:street"": ""North Victory Lane"", ""second_hand"": ""yes"", ""addr:postcode"": ""54913"", ""addr:housenumber"": ""2940"", ""service:vehicle:repairs"": ""yes"", ""service:vehicle:truck_sales"": ""yes"", ""service:vehicle:truck_repair"": ""yes"", ""service:vehicle:new_car_sales"": ""yes"", ""service:vehicle:used_car_sales"": ""yes""}",476748,I 41,I 41,396,t
way/552006317,J H Large Truck Repair,,WA,t,,,POINT(-122.3578222 47.136946),osm_truck_repair_overpass,8063,2026-08-18 07:03:05.046159+00,2026-08-18 07:00:34+00,,,,,,{},"{""name"": ""J H Large Truck Repair"", ""shop"": ""truck_repair"", ""building"": ""yes"", ""addr:city"": ""Parkland"", ""addr:state"": ""WA"", ""addr:street"": ""131st Street Court East"", ""addr:postcode"": ""98446"", ""addr:housenumber"": ""5317""}",43910,S 512,S 512,2340,t
way/552230201,Hayden Truck Repair,,MT,t,,,POINT(-111.1935638 45.78157),osm_truck_repair_overpass,8063,2026-08-18 07:03:05.046159+00,2026-08-18 07:00:34+00,,,,,,{},"{""name"": ""Hayden Truck Repair"", ""shop"": ""truck_repair"", ""building"": ""yes"", ""addr:city"": ""Belgrade"", ""addr:state"": ""MT"", ""addr:street"": ""Andrea Drive"", ""addr:postcode"": ""59714"", ""addr:housenumber"": ""324""}",89249,I 90,I 90,550,t
way/553878258,Wareing Sturgis Ford,Ford,SD,t,,,POINT(-103.5059106 44.3911749),osm_truck_repair_overpass,8063,2026-08-18 07:03:05.046159+00,2026-08-18 07:00:34+00,,,,,,{},"{""name"": ""Wareing Sturgis Ford"", ""shop"": ""car"", ""brand"": ""Ford"", ""phone"": ""+1 605-347-3662"", ""building"": ""yes"", ""addr:city"": ""Sturgis"", ""addr:state"": ""SD"", ""addr:street"": ""Ford Place"", ""second_hand"": ""yes"", ""payment:cash"": ""yes"", ""payment:visa"": ""yes"", ""addr:postcode"": ""57785"", ""opening_hours"": ""Mo-Fr 07:30-17:30; Sa 08:30-17:00"", ""brand:wikidata"": ""Q44294"", ""payment:cheque"": ""yes"", ""addr:housenumber"": ""1"", ""payment:mastercard"": ""yes"", ""payment:contactless"": ""yes"", ""payment:debit_cards"": ""yes"", ""payment:credit_cards"": ""yes"", ""service:vehicle:motor"": ""yes"", ""service:vehicle:tyres"": ""yes"", ""service:vehicle:brakes"": ""yes"", ""service:vehicle:wheels"": ""yes"", ""service:vehicle:muffler"": ""yes"", ""service:vehicle:repairs"": ""yes"", ""payment:american_express"": ""yes"", ""service:vehicle:batteries"": ""yes"", ""service:vehicle:car_parts"": ""yes"", ""service:vehicle:car_repair"": ""yes"", ""service:vehicle:electrical"": ""yes"", ""service:vehicle:inspection"": ""yes"", ""service:vehicle:oil_change"": ""yes"", ""service:vehicle:diagnostics"": ""yes"", ""service:vehicle:transmission"": ""yes"", ""service:vehicle:truck_repair"": ""yes"", ""service:vehicle:new_car_sales"": ""yes"", ""service:vehicle:used_car_sales"": ""yes"", ""service:vehicle:air_conditioning"": ""yes"", ""service:vehicle:transmission_repair"": ""yes""}",118478,I 90,I 90,469,t
way/555558378,TA Truck Service Center,,MO,t,,,POINT(-94.1357017 39.0152788),osm_truck_repair_overpass,8063,2026-08-18 07:03:05.046159+00,2026-08-18 07:00:34+00,,,,,,{},"{""name"": ""TA Truck Service Center"", ""shop"": ""car_repair"", ""building"": ""yes"", ""addr:city"": ""Oak Grove"", ""addr:state"": ""MO"", ""addr:street"": ""Southwest 1st Street"", ""addr:postcode"": ""64075"", ""addr:housenumber"": ""301"", ""service:vehicle:truck_repair"": ""yes""}",291280,I 70,I 70,98,t
way/558873528,Burners Classic Cars,,VA,t,,,POINT(-78.4273113 38.584805),osm_truck_repair_overpass,8063,2026-08-18 07:03:05.046159+00,2026-08-18 07:00:34+00,,,,,,{},"{""name"": ""Burners Classic Cars"", ""shop"": ""car_repair"", ""building"": ""yes"", ""operator"": ""Adam Burner"", ""addr:city"": ""Luray"", ""addr:state"": ""VA"", ""addr:street"": ""Ida Road"", ""addr:postcode"": ""22835"", ""opening_hours"": ""Fr-Su 09:00-18:00"", ""addr:housenumber"": ""4729"", ""service:vehicle:repairs"": ""yes"", ""service:vehicle:body_repair"": ""yes"", ""service:vehicle:truck_repair"": ""yes"", ""service:vehicle:used_car_sales"": ""yes""}",441317,I 81,I 81,22564,f
way/568003143,Cookeville Truck Repair,,,t,,,POINT(-85.4856402 36.1074743),osm_truck_repair_overpass,8063,2026-08-18 07:03:05.046159+00,2026-08-18 07:00:34+00,,,,,,{},"{""name"": ""Cookeville Truck Repair"", ""shop"": ""truck_repair"", ""building"": ""industrial""}",387650,I 40,I 40,3027,t
way/572459873,S & S Truck Repair,,IN,t,,,POINT(-86.0581911 40.7766869),osm_truck_repair_overpass,8063,2026-08-18 07:03:05.046159+00,2026-08-18 07:00:34+00,,,,,,{},"{""name"": ""S & S Truck Repair"", ""shop"": ""truck_repair"", ""building"": ""yes"", ""addr:city"": ""Peru"", ""addr:state"": ""IN"", ""addr:street"": ""Life Road"", ""addr:country"": ""US"", ""addr:postcode"": ""46970"", ""addr:housenumber"": ""408""}",6471,S 19,S 19,47,t
way/578829983,Barnard Tire & Automotive,,,t,,,POINT(-98.7770551 38.5150249),osm_truck_repair_overpass,8063,2026-08-18 07:03:05.046159+00,2026-08-18 07:00:34+00,,,,,,{},"{""name"": ""Barnard Tire & Automotive"", ""shop"": ""car_repair"", ""email"": ""service@barnardtire.com"", ""phone"": ""+1-620-653-7709"", ""website"": ""https://www.facebook.com/Barnard-Tire-Automotive-LLC-325303574324000/"", ""building"": ""yes"", ""addr:street"": ""North Main Street"", ""opening_hours"": ""Mo-Fr 07:30-17:30"", ""building:levels"": ""1"", ""addr:housenumber"": ""202"", ""service:vehicle:motor"": ""yes"", ""service:vehicle:tyres"": ""yes"", ""service:vehicle:brakes"": ""yes"", ""service:vehicle:wheels"": ""yes"", ""service:vehicle:repairs"": ""yes"", ""service:vehicle:batteries"": ""yes"", ""service:vehicle:car_repair"": ""yes"", ""service:vehicle:electrical"": ""yes"", ""service:vehicle:inspection"": ""yes"", ""service:vehicle:oil_change"": ""yes"", ""service:vehicle:body_repair"": ""yes"", ""service:vehicle:diagnostics"": ""yes"", ""service:vehicle:truck_repair"": ""yes"", ""service:vehicle:air_conditioning"": ""yes"", ""service:vehicle:transmission_repair"": ""yes""}",210546,U 281,U 281,35,t
way/582087006,Ryder Maintenence,,AZ,t,,,POINT(-111.675278 35.1909721),osm_truck_repair_overpass,8063,2026-08-18 07:03:05.046159+00,2026-08-18 07:00:34+00,,,,,,{},"{""name"": ""Ryder Maintenence"", ""shop"": ""truck_repair"", ""building"": ""commercial"", ""addr:city"": ""Flagstaff"", ""addr:state"": ""AZ"", ""addr:street"": ""South Thompson Street"", ""addr:postcode"": ""86001"", ""contact:phone"": ""+1-928-774-3915"", ""contact:website"": ""ryder.com"", ""addr:housenumber"": ""600"", ""not:brand:wikidata"": ""Q2178198""}",71813,I 40,I 40,1530,t
way/591866799,Sapp Bros. Service Center,Sapp Bros.,,t,,,POINT(-95.7906948 40.691705),osm_truck_repair_overpass,8063,2026-08-18 07:03:05.046159+00,2026-08-18 07:00:34+00,,,,,,{},"{""fax"": ""+1 712-382-1145"", ""name"": ""Sapp Bros. Service Center"", ""shop"": ""truck_repair"", ""brand"": ""Sapp Bros."", ""phone"": ""+1 712-382-2323"", ""website"": ""https://www.sappbros.net/location/nebraska-city-ne-service-center/"", ""building"": ""yes"", ""operator"": ""Sapp Bros."", ""brand:wikidata"": ""Q137965281"", ""operator:wikidata"": ""Q137965281""}",281574,S 2,S 2,273,t
way/598153479,Checkered Flag Truck Repair,,MO,t,,,POINT(-91.9158967 36.6697967),osm_truck_repair_overpass,8063,2026-08-18 07:03:05.046159+00,2026-08-18 07:00:34+00,,,,,,{},"{""name"": ""Checkered Flag Truck Repair"", ""shop"": ""truck_repair"", ""phone"": ""+1 417-255-1141"", ""building"": ""yes"", ""addr:city"": ""West Plains"", ""addr:state"": ""MO"", ""addr:street"": ""US 160"", ""addr:postcode"": ""65775"", ""addr:housenumber"": ""4489""}",362900,U 63,U 63,6545,f
way/599431049,Heavy Wrench LLC,,MI,t,,,POINT(-84.662707 42.7063135),osm_truck_repair_overpass,8063,2026-08-18 07:03:05.046159+00,2026-08-18 07:00:34+00,,,,,,{},"{""name"": ""Heavy Wrench LLC"", ""shop"": ""car_repair"", ""phone"": ""+1-517-708-0105"", ""building"": ""yes"", ""addr:city"": ""Lansing"", ""addr:state"": ""MI"", ""roof:shape"": ""pitched"", ""addr:street"": ""South Canal Road"", ""addr:postcode"": ""48917"", ""addr:housenumber"": ""2530"", ""service:vehicle:truck_repair"": ""yes""}",404975,I 96,I 96,569,t
way/60065328,49er Truck Repair and Wash,,,t,,,POINT(-121.5369403 38.6170364),osm_truck_repair_overpass,8063,2026-08-18 07:03:05.046159+00,2026-08-18 07:00:34+00,,,,,,{},"{""name"": ""49er Truck Repair and Wash"", ""shop"": ""truck_repair"", ""source"": ""local_knowledge"", ""building"": ""yes""}",35707,I 80,I 80,254,t
way/601857893,NW Truck & Equipment Repair,,,t,,,POINT(-123.1058996 47.2101868),osm_truck_repair_overpass,8063,2026-08-18 07:03:05.046159+00,2026-08-18 07:00:34+00,,,,,,{},"{""name"": ""NW Truck & Equipment Repair"", ""shop"": ""truck_repair"", ""building"": ""yes""}",43144,S 3,S 3,397,t
way/608100809,K&M Wayland Chrysler Dodge Jeep Ram,Chrysler; Dodge; Jeep; Ram,MI,t,,,POINT(-85.64309 42.6819852),osm_truck_repair_overpass,8063,2026-08-18 07:03:05.046159+00,2026-08-18 07:00:34+00,,,,,,{},"{""name"": ""K&M Wayland Chrysler Dodge Jeep Ram"", ""shop"": ""car"", ""brand"": ""Chrysler; Dodge; Jeep; Ram"", ""phone"": ""+1-269-397-2091"", ""building"": ""yes"", ""addr:city"": ""Wayland"", ""addr:state"": ""MI"", ""addr:street"": ""North Main Street"", ""second_hand"": ""yes"", ""addr:postcode"": ""49348"", ""opening_hours"": ""Mo,We 07:00-20:00; Tu,Th-Fr 07:00-18:00; Sa 08:00-12:00"", ""addr:housenumber"": ""3611"", ""service:vehicle:glass"": ""yes"", ""service:vehicle:motor"": ""yes"", ""service:vehicle:tyres"": ""yes"", ""service:vehicle:brakes"": ""yes"", ""service:vehicle:wheels"": ""yes"", ""service:vehicle:muffler"": ""yes"", ""service:vehicle:repairs"": ""yes"", ""service:vehicle:batteries"": ""yes"", ""service:vehicle:car_parts"": ""yes"", ""service:vehicle:car_repair"": ""yes"", ""service:vehicle:electrical"": ""yes"", ""service:vehicle:inspection"": ""yes"", ""service:vehicle:oil_change"": ""yes"", ""service:vehicle:body_repair"": ""yes"", ""service:vehicle:diagnostics"": ""yes"", ""service:vehicle:truck_repair"": ""yes"", ""service:vehicle:new_car_sales"": ""yes"", ""service:vehicle:used_car_sales"": ""yes"", ""service:vehicle:air_conditioning"": ""yes"", ""service:vehicle:transmission_repair"": ""yes""}",404638,U 131,U 131,1433,t
way/613141751,Serra Buick GMC Champaign,Buick;GMC,IL,t,,,POINT(-88.2495432 40.0729096),osm_truck_repair_overpass,8063,2026-08-18 07:03:05.046159+00,2026-08-18 07:00:34+00,,,,,,{},"{""name"": ""Serra Buick GMC Champaign"", ""shop"": ""car"", ""brand"": ""Buick;GMC"", ""phone"": ""+1-217-352-7901"", ""building"": ""yes"", ""operator"": ""Serra Automotive"", ""addr:city"": ""Savoy"", ""addr:state"": ""IL"", ""check_date"": ""2026-07-21"", ""addr:street"": ""North Dunlap Avenue"", ""second_hand"": ""yes"", ""addr:postcode"": ""61874"", ""opening_hours"": ""Mo,Tu,Th 09:00-19:00; We,Fr 09:00-18:00; Sa 09:00-17:00; Su off"", ""addr:housenumber"": ""1404"", ""contact:facebook"": ""https://www.facebook.com/serrabuickgmcchampaign"", ""service:vehicle:repairs"": ""yes"", ""service:vehicle:car_repair"": ""yes"", ""service:vehicle:truck_repair"": ""yes"", ""service:vehicle:new_car_sales"": ""yes"", ""service:vehicle:used_car_sales"": ""yes""}",382155,I 57,I 57,4623,t
way/621885671,Rush Truck Centers – Farmington,Rush Truck Centers,NM,t,,,POINT(-108.1514542 36.7187385),osm_truck_repair_overpass,8063,2026-08-18 07:03:05.046159+00,2026-08-18 07:00:34+00,,,,,,{},"{""name"": ""Rush Truck Centers – Farmington"", ""shop"": ""truck_repair"", ""brand"": ""Rush Truck Centers"", ""phone"": ""+1-505-599-8900"", ""branch"": ""Farmington"", ""website"": ""https://www.rushtruckcenters.com/locations/16030000-farmington"", ""building"": ""commercial"", ""operator"": ""Rush Truck Centers"", ""addr:city"": ""Farmington"", ""addr:state"": ""NM"", ""addr:street"": ""Madison Lane"", ""addr:postcode"": ""87401"", ""opening_hours"": ""Mo-Fr 07:00-18:00"", ""brand:wikidata"": ""Q120637525"", ""addr:housenumber"": ""1111""}",90871,U 64,U 64,545,t
way/627209081,Turbo Diesel & Electric Systems,,,t,,,POINT(-84.5224549 34.0707978),osm_truck_repair_overpass,8063,2026-08-18 07:03:05.046159+00,2026-08-18 07:00:34+00,,,,,,{},"{""name"": ""Turbo Diesel & Electric Systems"", ""shop"": ""car_parts"", ""phone"": ""+1-404-361-2222"", ""website"": ""http://tdesystems.com/"", ""building"": ""commercial"", ""operator"": ""M&D"", ""check_date"": ""2025-09-14"", ""wheelchair"": ""yes"", ""addr:street"": ""Canton Road Northeast"", ""payment:cash"": ""yes"", ""addr:housenumber"": ""4923"", ""payment:debit_cards"": ""yes"", ""payment:credit_cards"": ""yes"", ""service:vehicle:truck_parts"": ""yes"", ""service:vehicle:truck_repair"": ""yes""}",386608,I 575,I 575,1564,t
way/629843076,Tulsa Truck Rebuilders,,OK,t,,,POINT(-95.9470632 36.170645),osm_truck_repair_overpass,8063,2026-08-18 07:03:05.046159+00,2026-08-18 07:00:34+00,,,,,,{},"{""name"": ""Tulsa Truck Rebuilders"", ""shop"": ""truck_repair"", ""building"": ""industrial"", ""addr:city"": ""Tulsa"", ""addr:state"": ""OK"", ""addr:street"": ""North Delaware Place East"", ""addr:country"": ""US"", ""addr:postcode"": ""74110"", ""building:levels"": ""1"", ""addr:housenumber"": ""1149""}",254692,I 244,CROSSTOWN EXWY,1169,t
way/631107230,Skip Auto Repair,,MN,t,,,POINT(-94.9179827 47.4964009),osm_truck_repair_overpass,8063,2026-08-18 07:03:05.046159+00,2026-08-18 07:00:34+00,,,,,,{},"{""name"": ""Skip Auto Repair"", ""shop"": ""car_repair"", ""building"": ""commercial"", ""addr:city"": ""Bemidji"", ""addr:state"": ""MN"", ""addr:street"": ""Paul Bunyan Dr NW"", ""payment:cash"": ""yes"", ""addr:postcode"": ""56601"", ""opening_hours"": ""Mo-Fr 07:00-16:00"", ""payment:cards"": ""yes"", ""addr:housenumber"": ""2618"", ""service:vehicle:tyres"": ""yes"", ""service:vehicle:brakes"": ""yes"", ""service:vehicle:muffler"": ""yes"", ""service:vehicle:repairs"": ""yes"", ""service:vehicle:alignment"": ""yes"", ""service:vehicle:batteries"": ""yes"", ""service:vehicle:car_repair"": ""yes"", ""service:vehicle:electrical"": ""yes"", ""service:vehicle:inspection"": ""yes"", ""service:vehicle:oil_change"": ""yes"", ""service:vehicle:diagnostics"": ""yes"", ""service:vehicle:truck_repair"": ""yes"", ""service:vehicle:air_conditioning"": ""yes""}",356988,U 2,NW PAUL BUNYAN DR,268,t
way/633292608,Hulet Truck and Trailer Repair,,MI,t,,,POINT(-83.17857 42.3589897),osm_truck_repair_overpass,8063,2026-08-18 07:03:05.046159+00,2026-08-18 07:00:34+00,,,,,,{},"{""name"": ""Hulet Truck and Trailer Repair"", ""shop"": ""truck_repair"", ""landuse"": ""industrial"", ""addr:city"": ""Detroit"", ""addr:state"": ""MI"", ""addr:street"": ""Schaefer Highway"", ""addr:postcode"": ""48228"", ""addr:housenumber"": ""8801""}",448072,I 96,JEFFRIES FRWY,2494,t
way/640715082,BLT Truck & Trailer Repair,,WA,t,,,POINT(-122.2309778 47.3703626),osm_truck_repair_overpass,8063,2026-08-18 07:03:05.046159+00,2026-08-18 07:00:34+00,,,,,,{},"{""name"": ""BLT Truck & Trailer Repair"", ""shop"": ""truck_repair"", ""building"": ""yes"", ""addr:city"": ""Kent"", ""addr:state"": ""WA"", ""addr:street"": ""South 259th Street"", ""addr:postcode"": ""98032"", ""addr:housenumber"": ""1100""}",45882,S 516,S 516,829,t
way/648311842,Orange County Truck Service,,NY,t,,,POINT(-74.4442251 41.4239215),osm_truck_repair_overpass,8063,2026-08-18 07:03:05.046159+00,2026-08-18 07:00:34+00,,,,,,{},"{""name"": ""Orange County Truck Service"", ""shop"": ""truck_repair"", ""email"": ""octruckservice@frontiernet.net"", ""phone"": ""+1-845-344-2869"", ""building"": ""commercial"", ""operator"": ""Michael P Miozzi III"", ""addr:city"": ""Middletown"", ""addr:state"": ""NY"", ""start_date"": ""1996"", ""addr:street"": ""County Route 49"", ""addr:postcode"": ""10940"", ""addr:housenumber"": ""746""}",454726,I 84,I 84,1584,t
way/653691392,Grove Truck Repair,,WA,t,,,POINT(-122.246102 47.4261501),osm_truck_repair_overpass,8063,2026-08-18 07:03:05.046159+00,2026-08-18 07:00:34+00,,,,,,{},"{""name"": ""Grove Truck Repair"", ""shop"": ""truck_repair"", ""name:en"": ""Grove Truck Repair"", ""building"": ""yes"", ""addr:city"": ""Kent"", ""addr:state"": ""WA"", ""addr:street"": ""South 196th Street"", ""addr:postcode"": ""98032"", ""addr:housenumber"": ""6915""}",45884,S 181,68TH AV S,247,t
way/659634609,Love's,Love's,,t,,,POINT(-77.73409 39.6993211),osm_truck_repair_overpass,8063,2026-08-18 07:03:05.046159+00,2026-08-18 07:00:34+00,,,,,,{},"{""name"": ""Love's"", ""shop"": ""truck_repair"", ""brand"": ""Love's"", ""building"": ""yes"", ""brand:wikidata"": ""Q1872496""}",442070,I 81,MARYLAND VETERANS HWY,309,t
way/669581978,Rush Truck Centers – Kansas City,Rush Truck Centers,MO,t,,,POINT(-94.4912062 39.1645448),osm_truck_repair_overpass,8063,2026-08-18 07:03:05.046159+00,2026-08-18 07:00:34+00,,,,,,{},"{""name"": ""Rush Truck Centers – Kansas City"", ""shop"": ""truck_repair"", ""brand"": ""Rush Truck Centers"", ""phone"": ""+1-816-455-1833"", ""branch"": ""Kansas City"", ""website"": ""https://www.rushtruckcenters.com/locations/25050000-kansas-city"", ""building"": ""commercial"", ""operator"": ""Rush Truck Centers"", ""addr:city"": ""Kansas City"", ""addr:state"": ""MO"", ""addr:street"": ""Northeast 38th Street"", ""addr:postcode"": ""64161"", ""opening_hours"": ""Mo-Fr 07:00-22:00; Sa 08:00-17:00"", ""brand:wikidata"": ""Q120637525"", ""addr:housenumber"": ""7700""}",279056,I 435,I 435,314,t
way/671736942,Haralson Fleet Service,,AZ,t,,,POINT(-109.7048286 32.8346074),osm_truck_repair_overpass,8063,2026-08-18 07:03:05.046159+00,2026-08-18 07:00:34+00,,,,,,{},"{""name"": ""Haralson Fleet Service"", ""shop"": ""car_repair"", ""phone"": ""+1-928-428-4278"", ""building"": ""yes"", ""addr:city"": ""Safford"", ""addr:state"": ""AZ"", ""addr:street"": ""East US 70"", ""addr:postcode"": ""85546"", ""addr:housenumber"": ""222"", ""service:vehicle:truck_repair"": ""yes""}",21631,U 70,U 70,49,t
way/676134346,Lakota Auto Truck & Tire Repair,,,t,,,POINT(-98.3467196 48.0360063),osm_truck_repair_overpass,8063,2026-08-18 07:03:05.046159+00,2026-08-18 07:00:34+00,,,,,,{},"{""name"": ""Lakota Auto Truck & Tire Repair"", ""shop"": ""truck_repair"", ""building"": ""yes"", ""service:vehicle:tyres"": ""yes""}",332951,U 2,U 2,94,t
way/678202122,Eaton Steel Corporation,,MI,t,,,POINT(-83.2388938 42.2646272),osm_truck_repair_overpass,8063,2026-08-18 07:03:05.046159+00,2026-08-18 07:00:34+00,,,,,,{},"{""name"": ""Eaton Steel Corporation"", ""building"": ""yes"", ""man_made"": ""works"", ""addr:city"": ""Taylor"", ""addr:state"": ""MI"", ""addr:street"": ""Trolley Industrial Drive"", ""addr:postcode"": ""48180"", ""addr:housenumber"": ""20401"", ""service:vehicle:truck_repair"": ""yes""}",448005,I 94,EDSEL FORD FRWY,126,t
way/680470412,Largo Frame and Alignment,,NM,t,,,POINT(-108.1902052 36.7221434),osm_truck_repair_overpass,8063,2026-08-18 07:03:05.046159+00,2026-08-18 07:00:34+00,,,,,,{},"{""name"": ""Largo Frame and Alignment"", ""shop"": ""car_repair"", ""email"": ""largofa@largotank.com"", ""phone"": ""+1-505-327-7726"", ""website"": ""https://largoframe.com/"", ""building"": ""yes"", ""addr:city"": ""Farmington"", ""addr:state"": ""NM"", ""addr:street"": ""Acacia Street"", ""addr:postcode"": ""87401"", ""addr:housenumber"": ""1213"", ""service:vehicle:alignment"": ""yes"", ""service:vehicle:frame_repair"": ""yes"", ""service:vehicle:truck_repair"": ""yes""}",90872,U 64,U 64,279,t
way/681407769,Smith Power Products,,ID,t,,,POINT(-116.2031238 43.5657288),osm_truck_repair_overpass,8063,2026-08-18 07:03:05.046159+00,2026-08-18 07:00:34+00,,,,,,{},"{""name"": ""Smith Power Products"", ""shop"": ""truck_repair"", ""website"": ""https://smithpowerproducts.com/locations/boise-idaho/"", ""building"": ""yes"", ""addr:city"": ""Boise"", ""addr:state"": ""ID"", ""addr:street"": ""South Transport Street"", ""addr:postcode"": ""83705"", ""addr:housenumber"": ""4045""}",83500,I 84,I 84,239,t
way/681407775,Basin Upfitting,,ID,t,,,POINT(-116.1937011 43.5610598),osm_truck_repair_overpass,8063,2026-08-18 07:03:05.046159+00,2026-08-18 07:00:34+00,,,,,,{},"{""name"": ""Basin Upfitting"", ""shop"": ""truck_repair"", ""website"": ""https://www.basinupfitting.com/"", ""building"": ""yes"", ""addr:city"": ""Boise"", ""addr:state"": ""ID"", ""addr:street"": ""West Amity Road"", ""addr:postcode"": ""83705"", ""addr:housenumber"": ""1000""}",83537,I 84,I 84,354,t
way/681407786,Rush Truck Centers – Boise,Rush Truck Centers,ID,t,,,POINT(-116.1908638 43.5610983),osm_truck_repair_overpass,8063,2026-08-18 07:03:05.046159+00,2026-08-18 07:00:34+00,,,,,,{},"{""name"": ""Rush Truck Centers – Boise"", ""shop"": ""truck_repair"", ""brand"": ""Rush Truck Centers"", ""phone"": ""+1-208-401-2200"", ""branch"": ""Boise"", ""website"": ""https://www.rushtruckcenters.com/locations/22010000-boise"", ""building"": ""commercial"", ""operator"": ""Rush Truck Centers"", ""addr:city"": ""Boise"", ""addr:state"": ""ID"", ""addr:street"": ""West Amity Road"", ""addr:postcode"": ""83705"", ""opening_hours"": ""Mo-Fr 07:00-21:00; Sa 08:00-15:00"", ""brand:wikidata"": ""Q120637525"", ""addr:housenumber"": ""770""}",83537,I 84,I 84,201,t
way/68313052,Cincinnati Cadillac,Cadillac,OH,t,,,POINT(-84.4877297 39.130392),osm_truck_repair_overpass,8063,2026-08-18 07:03:05.046159+00,2026-08-18 07:00:34+00,,,,,,{},"{""name"": ""Cincinnati Cadillac"", ""shop"": ""car"", ""brand"": ""Cadillac"", ""website"": ""http://www.cincinnaticadillac.com"", ""building"": ""retail"", ""operator"": ""Joseph Automotive(Donna Griffin)"", ""addr:city"": ""Cincinnati"", ""addr:state"": ""OH"", ""addr:street"": ""Gilbert Avenue"", ""addr:country"": ""US"", ""addr:postcode"": ""45206"", ""brand:wikidata"": ""Q27436"", ""building:levels"": ""2"", ""addr:housenumber"": ""2820"", ""service:vehicle:sale"": ""yes"", ""service:vehicle:glass"": ""yes"", ""service:vehicle:motor"": ""yes"", ""service:vehicle:tyres"": ""yes"", ""service:vehicle:brakes"": ""yes"", ""service:vehicle:wheels"": ""yes"", ""service:vehicle:muffler"": ""yes"", ""service:vehicle:repairs"": ""yes"", ""service:vehicle:painting"": ""yes"", ""service:vehicle:alignment"": ""yes"", ""service:vehicle:batteries"": ""yes"", ""service:vehicle:car_parts"": ""yes"", ""service:vehicle:car_repair"": ""yes"", ""service:vehicle:electrical"": ""yes"", ""service:vehicle:inspection"": ""yes"", ""service:vehicle:oil_change"": ""yes"", ""service:vehicle:body_repair"": ""yes"", ""service:vehicle:diagnostics"": ""yes"", ""service:vehicle:transmission"": ""yes"", ""service:vehicle:truck_repair"": ""yes"", ""service:vehicle:new_car_sales"": ""yes"", ""service:vehicle:used_car_sales"": ""yes"", ""service:vehicle:air_conditioning"": ""yes"", ""service:vehicle:transmission_repair"": ""yes""}",390334,I 71,I 71,609,t
way/687816855,Eldredge Equipment Services,,,t,,,POINT(-75.5918815 39.9764728),osm_truck_repair_overpass,8063,2026-08-18 07:03:05.046159+00,2026-08-18 07:00:34+00,,,,,,{},"{""name"": ""Eldredge Equipment Services"", ""shop"": ""truck_repair"", ""phone"": ""+1 610-430-3988"", ""website"": ""http://www.eldredgeequipmentservices.com/"", ""building"": ""yes"", ""check_date"": ""2023-07-10"", ""addr:street"": ""Fernhill Road"", ""opening_hours"": ""Mo-Fr 06:30-17:00; Sa-Su off"", ""addr:housenumber"": ""896""}",446694,U 202,DEKALB PKE,497,t
way/693416734,Bergey’s Truck Centers,,,t,,,POINT(-75.7455092 39.8379574),osm_truck_repair_overpass,8063,2026-08-18 07:03:05.046159+00,2026-08-18 07:00:34+00,,,,,,{},"{""name"": ""Bergey’s Truck Centers"", ""shop"": ""truck_repair"", ""phone"": ""+1 215-799-4420"", ""website"": ""https://www.bergeystruckcenters.com/locations/kennett-square"", ""building"": ""yes"", ""check_date"": ""2023-08-10"", ""addr:street"": ""West Baltimore Pike"", ""addr:housenumber"": ""1144""}",444802,I 95,JOHN KENNEDY MEM HWY,18742,f
way/693686545,Johnny Franklin's Driveline & Hitch Service,,,t,,,POINT(-122.7130448 38.4249641),osm_truck_repair_overpass,8063,2026-08-18 07:03:05.046159+00,2026-08-18 07:00:34+00,,,,,,{},"{""name"": ""Johnny Franklin's Driveline & Hitch Service"", ""shop"": ""car_repair"", ""building"": ""retail"", ""building:levels"": ""1"", ""service:vehicle:transmission"": ""yes"", ""service:vehicle:truck_repair"": ""yes""}",28616,I 580,I 580,54346,f
way/693686547,Don's Truck & Auto Repair,,CA,t,,,POINT(-122.7131541 38.425288),osm_truck_repair_overpass,8063,2026-08-18 07:03:05.046159+00,2026-08-18 07:00:34+00,,,,,,{},"{""name"": ""Don's Truck & Auto Repair"", ""shop"": ""car_repair"", ""building"": ""retail"", ""addr:city"": ""Santa Rosa"", ""addr:state"": ""CA"", ""addr:street"": ""Santa Rosa Avenue"", ""building:levels"": ""1"", ""addr:housenumber"": ""1290"", ""service:vehicle:car_repair"": ""yes"", ""service:vehicle:truck_repair"": ""yes""}",28616,I 580,I 580,54383,f
way/69380385,Ford of Latham,Ford,NY,t,,,POINT(-73.7532626 42.7628613),osm_truck_repair_overpass,8063,2026-08-18 07:03:05.046159+00,2026-08-18 07:00:34+00,,,,,,{},"{""name"": ""Ford of Latham"", ""shop"": ""car"", ""brand"": ""Ford"", ""phone"": ""+1-518-328-3433"", ""website"": ""https://www.lathamfordmotors.com/"", ""building"": ""yes"", ""operator"": ""Lithia"", ""addr:city"": ""Latham"", ""addr:state"": ""NY"", ""addr:street"": ""Columbia Street"", ""second_hand"": ""yes"", ""addr:postcode"": ""12110"", ""brand:wikidata"": ""Q44294"", ""addr:housenumber"": ""637"", ""service:vehicle:glass"": ""yes"", ""service:vehicle:motor"": ""yes"", ""service:vehicle:tyres"": ""yes"", ""service:vehicle:brakes"": ""yes"", ""service:vehicle:wheels"": ""yes"", ""service:vehicle:muffler"": ""yes"", ""service:vehicle:painting"": ""yes"", ""service:vehicle:batteries"": ""yes"", ""service:vehicle:car_parts"": ""yes"", ""service:vehicle:car_repair"": ""yes"", ""service:vehicle:electrical"": ""yes"", ""service:vehicle:inspection"": ""yes"", ""service:vehicle:oil_change"": ""yes"", ""service:vehicle:body_repair"": ""yes"", ""service:vehicle:diagnostics"": ""yes"", ""service:vehicle:transmission"": ""yes"", ""service:vehicle:truck_repair"": ""yes"", ""service:vehicle:new_car_sales"": ""yes"", ""service:vehicle:used_car_sales"": ""yes"", ""service:vehicle:air_conditioning"": ""yes""}",463983,I 87,I 87,741,t
way/707480048,Pure Auto Performance,,GA,t,,,POINT(-83.8671678 33.6036631),osm_truck_repair_overpass,8063,2026-08-18 07:03:05.046159+00,2026-08-18 07:00:34+00,,,,,,{},"{""name"": ""Pure Auto Performance"", ""shop"": ""car_repair"", ""phone"": ""+1-678-342-9402"", ""website"": ""https://pureautoperformance.godaddysites.com/"", ""building"": ""yes"", ""addr:city"": ""Covington"", ""addr:state"": ""GA"", ""addr:street"": ""Highway 278 Northwest"", ""payment:cash"": ""yes"", ""addr:postcode"": ""30014"", ""opening_hours"": ""Mo-Sa 08:00-18:00"", ""addr:housenumber"": ""4144"", ""payment:credit_cards"": ""yes"", ""service:vehicle:tyres"": ""yes"", ""service:vehicle:brakes"": ""yes"", ""service:vehicle:repairs"": ""yes"", ""service:vehicle:car_repair"": ""yes"", ""service:vehicle:electrical"": ""yes"", ""service:vehicle:inspection"": ""yes"", ""service:vehicle:oil_change"": ""yes"", ""service:vehicle:body_repair"": ""yes"", ""service:vehicle:diagnostics"": ""yes"", ""service:vehicle:truck_repair"": ""yes"", ""service:vehicle:air_conditioning"": ""yes""}",406025,I 20,I 20,596,t
way/712529086,Serra Toyota Saginaw,Toyota,MI,t,,,POINT(-83.9741007 43.4696981),osm_truck_repair_overpass,8063,2026-08-18 07:03:05.046159+00,2026-08-18 07:00:34+00,,,,,,{},"{""name"": ""Serra Toyota Saginaw"", ""shop"": ""car"", ""brand"": ""Toyota"", ""phone"": ""+1-989-790-2929"", ""building"": ""yes"", ""operator"": ""Serra Automotive"", ""addr:city"": ""Saginaw"", ""addr:state"": ""MI"", ""addr:street"": ""Bay Road"", ""second_hand"": ""yes"", ""payment:cash"": ""yes"", ""addr:postcode"": ""48603"", ""opening_hours"": ""Mo,Th 08:30-20:00; Tu,We,Fr 08:30-18:00; Sa 09:00-15:00; Su off"", ""brand:wikidata"": ""Q53268"", ""payment:cheque"": ""yes"", ""addr:housenumber"": ""4320"", ""payment:credit_cards"": ""yes"", ""service:vehicle:repairs"": ""yes"", ""service:vehicle:car_repair"": ""yes"", ""service:vehicle:oil_change"": ""yes"", ""service:vehicle:truck_repair"": ""yes"", ""service:vehicle:new_car_sales"": ""yes"", ""service:vehicle:used_car_sales"": ""yes""}",405310,I 675,I 675,1450,t
way/712913827,Lonestar Collision and Towing,,TX,t,,,POINT(-97.3909454 32.3587143),osm_truck_repair_overpass,8063,2026-08-18 07:03:05.046159+00,2026-08-18 07:00:34+00,,,,,,{},"{""name"": ""Lonestar Collision and Towing"", ""shop"": ""car_repair"", ""phone"": ""+1-817-558-4949"", ""website"": ""https://www.cleburnewrecker.com/"", ""building"": ""yes"", ""addr:city"": ""Cleburne"", ""addr:state"": ""TX"", ""addr:street"": ""Maxie Street"", ""addr:postcode"": ""76033"", ""opening_hours"": ""Mo-Fr 08:00-17:00"", ""addr:housenumber"": ""101"", ""service:vehicle:towing"": ""yes"", ""service:vehicle:truck_repair"": ""yes""}",137277,S 171,MAIN ST,91,t
way/714090809,O.T.R.A. Roadside Services,,TX,t,,,POINT(-97.3826501 32.415299),osm_truck_repair_overpass,8063,2026-08-18 07:03:05.046159+00,2026-08-18 07:00:34+00,,,,,,{},"{""name"": ""O.T.R.A. Roadside Services"", ""shop"": ""car_repair"", ""phone"": ""+1-817-933-5436"", ""website"": ""https://otraroadside.com/"", ""building"": ""retail"", ""addr:city"": ""Cleburne"", ""mapillary"": ""3022411404734243"", ""addr:state"": ""TX"", ""addr:street"": ""North Main Street"", ""addr:postcode"": ""76033"", ""addr:housenumber"": ""3550"", ""service:vehicle:truck_repair"": ""yes"", ""service:vehicle:roadside_assistance"": ""yes""}",137314,S 174,S 174,82,t
way/717723564,CK Customs,,TX,t,,,POINT(-96.625675 32.331408),osm_truck_repair_overpass,8063,2026-08-18 07:03:05.046159+00,2026-08-18 07:00:34+00,,,,,,{},"{""name"": ""CK Customs"", ""shop"": ""car_repair"", ""image"": ""https://img1.wsimg.com/isteam/ip/c7f0bade-0126-4808-924d-d01379455a78/CKcustomLogo_800pxWide_Transparent.png"", ""phone"": ""+1-972-878-0035"", ""source"": ""MS_import"", ""website"": ""https://ckcustomsllc.com/"", ""building"": ""yes"", ""addr:city"": ""Ennis"", ""addr:state"": ""TX"", ""addr:street"": ""N Kaufman St"", ""payment:cash"": ""yes"", ""payment:visa"": ""yes"", ""addr:postcode"": ""75119"", ""opening_hours"": ""Mo-Fr 08:30-17:30"", ""addr:housenumber"": ""308"", ""contact:facebook"": ""https://www.facebook.com/CKCustomsLLC/"", ""payment:mastercard"": ""yes"", ""payment:debit_cards"": ""yes"", ""payment:credit_cards"": ""yes"", ""service:vehicle:brakes"": ""yes"", ""service:vehicle:car_parts"": ""yes"", ""service:vehicle:car_repair"": ""yes"", ""service:vehicle:inspection"": ""yes"", ""service:vehicle:oil_change"": ""yes"", ""service:vehicle:truck_repair"": ""yes"", ""service:vehicle:air_conditioning"": ""yes"", ""service:vehicle:transmission_repair"": ""yes""}",137673,S 34,ENNIS,275,t
way/72098266,Rush Truck Centers – Atlanta Collision Center,Rush Truck Centers,GA,t,,,POINT(-84.3229566 33.6881135),osm_truck_repair_overpass,8063,2026-08-18 07:03:05.046159+00,2026-08-18 07:00:34+00,,,,,,{},"{""name"": ""Rush Truck Centers – Atlanta Collision Center"", ""shop"": ""truck_repair"", ""brand"": ""Rush Truck Centers"", ""phone"": ""+1-404-212-5900"", ""branch"": ""Atlanta Collision Center"", ""website"": ""https://www.rushtruckcenters.com/locations/19030000-atlanta-collision-center"", ""building"": ""commercial"", ""operator"": ""Rush Truck Centers"", ""addr:city"": ""Atlanta"", ""addr:state"": ""GA"", ""addr:street"": ""Market Drive"", ""addr:postcode"": ""30316"", ""opening_hours"": ""Mo-Fr 07:00-18:00"", ""brand:wikidata"": ""Q120637525"", ""addr:housenumber"": ""1644""}",386830,I 285,I 285,1128,t
way/724334180,Harapat Auto,,,t,,,POINT(-91.5453965 41.6449554),osm_truck_repair_overpass,8063,2026-08-18 07:03:05.046159+00,2026-08-18 07:00:34+00,,,,,,{},"{""name"": ""Harapat Auto"", ""shop"": ""car_repair"", ""website"": ""https://harapatauto.com/"", ""building"": ""yes"", ""service:vehicle:motor"": ""yes"", ""service:vehicle:tyres"": ""yes"", ""service:vehicle:brakes"": ""yes"", ""service:vehicle:muffler"": ""yes"", ""service:vehicle:alignment"": ""yes"", ""service:vehicle:batteries"": ""yes"", ""service:vehicle:car_repair"": ""yes"", ""service:vehicle:electrical"": ""yes"", ""service:vehicle:oil_change"": ""yes"", ""service:vehicle:diagnostics"": ""yes"", ""service:vehicle:transmission"": ""yes"", ""service:vehicle:truck_repair"": ""yes"", ""service:vehicle:air_conditioning"": ""yes""}",376170,S 1,BURLINGTON ST,1474,t
way/728189393,A & G Diesel Inc,,SD,,t,,POINT(-98.0236302 43.6880248),osm_truck_repair_overpass,8063,2026-08-18 07:03:05.046159+00,2026-08-18 07:00:34+00,,,,,,{},"{""name"": ""A & G Diesel Inc"", ""shop"": ""car_repair"", ""building"": ""yes"", ""addr:city"": ""Mitchell"", ""addr:state"": ""SD"", ""roof:shape"": ""flat"", ""addr:street"": ""East Spruce Street"", ""addr:postcode"": ""57301"", ""addr:housenumber"": ""123"", ""service:vehicle:diesel_repair"": ""yes"", ""service:vehicle:tractor_repair"": ""yes"", ""service:vehicle:trailer_repair"": ""yes""}",315960,I 90,I 90,397,t
way/740070971,Diesel Doctors Truck and Trailer Repair,,NC,t,,,POINT(-80.8967028 35.2715393),osm_truck_repair_overpass,8063,2026-08-18 07:03:05.046159+00,2026-08-18 07:00:34+00,,,,,,{},"{""name"": ""Diesel Doctors Truck and Trailer Repair"", ""shop"": ""truck_repair"", ""building"": ""yes"", ""addr:city"": ""Charlotte"", ""addr:state"": ""NC"", ""addr:street"": ""Hovis Road"", ""addr:postcode"": ""28208"", ""addr:housenumber"": ""5232""}",408481,I 85,I 85,1850,t
way/742852194,Hartford Equipment,,ME,t,,,POINT(-70.8065646 43.4286493),osm_truck_repair_overpass,8063,2026-08-18 07:03:05.046159+00,2026-08-18 07:00:34+00,,,,,,{},"{""name"": ""Hartford Equipment"", ""shop"": ""truck_repair"", ""phone"": ""+1-207-636-3899; +1-207-324-0462"", ""website"": ""http://www.hartfordequipment.com/"", ""building"": ""commercial"", ""addr:city"": ""Sanford"", ""addr:state"": ""ME"", ""addr:street"": ""Lebanon Street"", ""description"": ""Medium and heavy huty vehicle repair"", ""addr:postcode"": ""04073"", ""opening_hours"": ""Mo-Fr 07:00-17:00 \""shop hours\"""", ""addr:housenumber"": ""392""}",466885,I 95,MAINE TPKE,19308,f
way/745394733,Hunter Truck Pennsville,Hunter,NJ,t,,,POINT(-75.4931353 39.677286),osm_truck_repair_overpass,8063,2026-08-18 07:03:05.046159+00,2026-08-18 07:00:34+00,,,,,,{},"{""name"": ""Hunter Truck Pennsville"", ""shop"": ""truck_repair"", ""brand"": ""Hunter"", ""phone"": ""+1 856-299-5010"", ""website"": ""https://huntertruck.com/locations/location-pennsville/"", ""building"": ""yes"", ""addr:city"": ""Pennsville"", ""addr:state"": ""NJ"", ""check_date"": ""2024-06-22"", ""addr:street"": ""North Broadway"", ""addr:postcode"": ""08070"", ""opening_hours"": ""Mo-Fr 07:00-24:00; Sa 07:00-12:00; Su off"", ""addr:housenumber"": ""454""}",454605,I 295,I 295,275,t
way/746711245,Peach State Ford,Ford,GA,t,,,POINT(-85.2050217 34.0157705),osm_truck_repair_overpass,8063,2026-08-18 07:03:05.046159+00,2026-08-18 07:00:34+00,,,,,,{},"{""name"": ""Peach State Ford"", ""shop"": ""car"", ""brand"": ""Ford"", ""website"": ""https://www.peachstatefordcedartown.com/"", ""building"": ""yes"", ""addr:city"": ""Cedartown"", ""addr:state"": ""GA"", ""addr:street"": ""Rockmart Highway"", ""second_hand"": ""yes"", ""addr:postcode"": ""30125"", ""brand:wikidata"": ""Q44294"", ""addr:housenumber"": ""2076"", ""service:vehicle:tyres"": ""yes"", ""service:vehicle:brakes"": ""yes"", ""service:vehicle:repairs"": ""yes"", ""service:vehicle:painting"": ""yes"", ""service:vehicle:batteries"": ""yes"", ""service:vehicle:car_parts"": ""yes"", ""service:vehicle:car_repair"": ""yes"", ""service:vehicle:inspection"": ""yes"", ""service:vehicle:oil_change"": ""yes"", ""service:vehicle:body_repair"": ""yes"", ""service:vehicle:transmission"": ""yes"", ""service:vehicle:truck_repair"": ""yes"", ""service:vehicle:new_car_sales"": ""yes"", ""service:vehicle:used_car_sales"": ""yes"", ""service:vehicle:air_conditioning"": ""yes"", ""service:vehicle:transmission_repair"": ""yes""}",385986,U 27,U 27,1408,t
way/758006306,,,,t,,,POINT(-75.299564 43.1270665),osm_truck_repair_overpass,8063,2026-08-18 07:03:05.046159+00,2026-08-18 07:00:34+00,,,,,,{},"{""shop"": ""car_repair"", ""building"": ""yes"", ""service:vehicle:truck_repair"": ""yes""}",462690,I 90,NEW YORK STATE THWY,316,t
way/758006307,Whitesboro Spring & Alignment,,NY,t,,,POINT(-75.2992895 43.1266905),osm_truck_repair_overpass,8063,2026-08-18 07:03:05.046159+00,2026-08-18 07:00:34+00,,,,,,{},"{""name"": ""Whitesboro Spring & Alignment"", ""shop"": ""car_repair"", ""phone"": ""+1-315-736-9341"", ""website"": ""https://www.whitesborospringservice.com/"", ""building"": ""yes"", ""addr:city"": ""Whitesboro"", ""addr:state"": ""NY"", ""addr:street"": ""Oriskany Boulevard"", ""addr:postcode"": ""13492"", ""addr:housenumber"": ""247"", ""service:vehicle:truck_repair"": ""yes""}",462690,I 90,NEW YORK STATE THWY,363,t
way/758462633,Scotty & Sons Truck & Trailer Repair,,TX,t,,,POINT(-95.8677361 32.58228),osm_truck_repair_overpass,8063,2026-08-18 07:03:05.046159+00,2026-08-18 07:00:34+00,,,,,,{},"{""name"": ""Scotty & Sons Truck & Trailer Repair"", ""shop"": ""truck_repair"", ""building"": ""yes"", ""addr:city"": ""Canton"", ""addr:state"": ""TX"", ""addr:street"": ""I-20 Frontage Road"", ""addr:postcode"": ""75103"", ""addr:housenumber"": ""17999""}",145757,I 20,I 20,123,t
way/762367855,Taylor Automotive,,VA,t,,,POINT(-78.2189134 39.0820949),osm_truck_repair_overpass,8063,2026-08-18 07:03:05.046159+00,2026-08-18 07:00:34+00,,,,,,{},"{""name"": ""Taylor Automotive"", ""shop"": ""car_repair"", ""phone"": ""+1-540-303-7728"", ""building"": ""yes"", ""addr:city"": ""Stephens City"", ""addr:state"": ""VA"", ""addr:street"": ""Main Street"", ""addr:postcode"": ""22655"", ""opening_hours"": ""Mo-Fr 08:00-17:00"", ""addr:housenumber"": ""5444"", ""service:vehicle:brakes"": ""yes"", ""service:vehicle:repairs"": ""yes"", ""service:vehicle:car_repair"": ""yes"", ""service:vehicle:oil_change"": ""yes"", ""service:vehicle:diagnostics"": ""yes"", ""service:vehicle:truck_repair"": ""yes""}",441655,I 81,I 81,273,t
way/772274834,TrailerCraft Anchorage,,,t,,,POINT(-149.822533 61.2239165),osm_truck_repair_overpass,8063,2026-08-18 07:03:05.046159+00,2026-08-18 07:00:34+00,,,,,,{},"{""name"": ""TrailerCraft Anchorage"", ""shop"": ""truck"", ""building"": ""yes"", ""description"": ""Truck, trailer, van & bus sales; parts & service; snow plows and heavy duty vehicle support"", ""contact:phone"": ""+1 907-563-3238"", ""service:vehicle:truck_parts"": ""yes"", ""service:vehicle:truck_sales"": ""yes"", ""service:vehicle:truck_repair"": ""yes"", ""service:vehicle:truck_trailer"": ""yes""}",12796,I 1,I 1,634,t
way/777605473,Buckskin Towing & Repair,,CO,t,,,POINT(-106.9888486 37.2722572),osm_truck_repair_overpass,8063,2026-08-18 07:03:05.046159+00,2026-08-18 07:00:34+00,,,,,,{},"{""name"": ""Buckskin Towing & Repair"", ""shop"": ""car_repair"", ""phone"": ""+1-970-264-2500"", ""website"": ""https://www.buckskintowing.com"", ""building"": ""yes"", ""addr:city"": ""Pagosa Springs"", ""addr:state"": ""CO"", ""check_date"": ""2025-09-19"", ""addr:street"": ""E Hwy 160"", ""addr:postcode"": ""88147"", ""opening_hours"": ""Mo-Fr 07:30-17:30"", ""addr:housenumber"": ""1435"", ""service:vehicle:car_repair"": ""yes"", ""service:vehicle:truck_repair"": ""yes""}",90609,U 160,U 160,77,t
way/787328199,Bona Bros Truck and Utilities,,,t,,,POINT(-93.1974023 45.0543123),osm_truck_repair_overpass,8063,2026-08-18 07:03:05.046159+00,2026-08-18 07:00:34+00,,,,,,{},"{""name"": ""Bona Bros Truck and Utilities"", ""shop"": ""truck_repair"", ""building"": ""yes""}",356397,I 35,I 35,743,t
way/791229000,A & H Truck Repair,,,t,,,POINT(-123.1375515 44.0664799),osm_truck_repair_overpass,8063,2026-08-18 07:03:05.046159+00,2026-08-18 07:00:34+00,,,,,,{},"{""name"": ""A & H Truck Repair"", ""shop"": ""truck_repair"", ""building"": ""yes""}",37941,S 99,W PACIFIC HWY,127,t
way/801791812,Bad Boy Truck & Trailer Repair Service,,CO,t,,,POINT(-102.6177441 38.0985799),osm_truck_repair_overpass,8063,2026-08-18 07:03:05.046159+00,2026-08-18 07:00:34+00,,,,,,{},"{""name"": ""Bad Boy Truck & Trailer Repair Service"", ""shop"": ""truck_repair"", ""building"": ""yes"", ""addr:city"": ""Lamar"", ""addr:state"": ""CO"", ""addr:street"": ""Anderson Street"", ""addr:postcode"": ""81052"", ""addr:housenumber"": ""110""}",101181,U 50,U 50,124,t
way/804786930,Fiala's Truck Repair,,NE,t,,,POINT(-96.3889019 40.9798101),osm_truck_repair_overpass,8063,2026-08-18 07:03:05.046159+00,2026-08-18 07:00:34+00,,,,,,{},"{""name"": ""Fiala's Truck Repair"", ""shop"": ""truck_repair"", ""phone"": ""+1-402-944-2132"", ""building"": ""yes"", ""addr:city"": ""Greenwood"", ""addr:state"": ""NE"", ""addr:street"": ""238th Street"", ""addr:postcode"": ""68366"", ""opening_hours"": ""Mo-Fr 08:00-17:00; Sa 08:00-12:00"", ""addr:housenumber"": ""13911""}",282028,S 63,S 63,70,t
way/806248555,Grover Diesel,,NE,t,,,POINT(-96.0156325 41.2286478),osm_truck_repair_overpass,8063,2026-08-18 07:03:05.046159+00,2026-08-18 07:00:34+00,,,,,,{},"{""name"": ""Grover Diesel"", ""shop"": ""car_repair"", ""phone"": ""+1-402-391-3070"", ""building"": ""yes"", ""addr:city"": ""Omaha"", ""addr:state"": ""NE"", ""addr:street"": ""South 66th Avenue Circle"", ""addr:postcode"": ""68106"", ""opening_hours"": ""Mo-Fr 08:00-17:00"", ""addr:housenumber"": ""3306"", ""service:vehicle:truck_repair"": ""yes""}",283190,I 80,I 80,551,t
way/828310626,Capital Ford of Charlotte,Ford,NC,t,,,POINT(-80.7767103 35.2613596),osm_truck_repair_overpass,8063,2026-08-18 07:03:05.046159+00,2026-08-18 07:00:34+00,,,,,,{},"{""name"": ""Capital Ford of Charlotte"", ""shop"": ""car"", ""brand"": ""Ford"", ""height"": ""15"", ""building"": ""yes"", ""operator"": ""Rob Satter Jr."", ""addr:city"": ""Charlotte"", ""addr:state"": ""NC"", ""addr:street"": ""North Tryon Street"", ""second_hand"": ""yes"", ""addr:postcode"": ""28213"", ""opening_hours"": ""Mo-Sa 09:00-18:00"", ""brand:wikidata"": ""Q44294"", ""addr:housenumber"": ""5411"", ""service:vehicle:tyres"": ""yes"", ""service:vehicle:painting"": ""yes"", ""service:vehicle:car_repair"": ""yes"", ""service:vehicle:inspection"": ""yes"", ""service:vehicle:oil_change"": ""yes"", ""service:vehicle:body_repair"": ""yes"", ""service:vehicle:diagnostics"": ""yes"", ""service:vehicle:truck_repair"": ""yes"", ""service:vehicle:new_car_sales"": ""yes"", ""service:vehicle:used_car_sales"": ""yes""}",408594,I 85,I 85,2306,t
way/833570818,Clark Collision Center,,VT,t,,,POINT(-72.5108786 44.1663601),osm_truck_repair_overpass,8063,2026-08-18 07:03:05.046159+00,2026-08-18 07:00:34+00,,,,,,{},"{""name"": ""Clark Collision Center"", ""shop"": ""car_repair"", ""building"": ""yes"", ""addr:city"": ""Barre"", ""addr:state"": ""VT"", ""addr:street"": ""South Barre Road"", ""addr:postcode"": ""05641"", ""opening_hours"": ""Mo-Th 07:30-17:00"", ""addr:housenumber"": ""697"", ""ref:vcgi:esiteid"": ""12823"", ""service:vehicle:car_repair"": ""yes"", ""service:vehicle:truck_repair"": ""yes""}",466253,I 89,I 89,5230,f
way/833573060,Green Mountain Diesel,,VT,t,,,POINT(-72.5127666 44.1597027),osm_truck_repair_overpass,8063,2026-08-18 07:03:05.046159+00,2026-08-18 07:00:34+00,,,,,,{},"{""name"": ""Green Mountain Diesel"", ""shop"": ""car_repair"", ""website"": ""https://greendieselengineering.com/"", ""building"": ""yes"", ""addr:city"": ""Barre"", ""addr:state"": ""VT"", ""addr:street"": ""South Barre Road"", ""addr:postcode"": ""05641"", ""addr:housenumber"": ""894"", ""ref:vcgi:esiteid"": ""13129"", ""service:vehicle:gas"": ""yes"", ""service:vehicle:tyres"": ""yes"", ""service:vehicle:car_repair"": ""yes"", ""service:vehicle:oil_change"": ""yes"", ""service:vehicle:truck_repair"": ""yes""}",466253,I 89,I 89,5212,f
way/83586317,Johnson & Towers,,MD,t,,,POINT(-76.4270726 39.329827),osm_truck_repair_overpass,8063,2026-08-18 07:03:05.046159+00,2026-08-18 07:00:34+00,,,,,,{},"{""name"": ""Johnson & Towers"", ""shop"": ""truck_repair"", ""building"": ""yes"", ""addr:city"": ""Middle River"", ""addr:state"": ""MD"", ""addr:street"": ""Wilson Point Road"", ""addr:postcode"": ""21220"", ""addr:housenumber"": ""500""}",444514,S 702,S 702,2888,t
way/839708978,Egle Diesel Truck Service,,,t,,,POINT(-89.0358774 42.4674884),osm_truck_repair_overpass,8063,2026-08-18 07:03:05.046159+00,2026-08-18 07:00:34+00,,,,,,{},"{""name"": ""Egle Diesel Truck Service"", ""shop"": ""truck_repair"", ""building"": ""commercial""}",403674,I 39,I 39,3344,t
way/842274287,Wilhelm,Wilhelm Automotive,AZ,t,,,POINT(-112.1331771 33.6239627),osm_truck_repair_overpass,8063,2026-08-18 07:03:05.046159+00,2026-08-18 07:00:34+00,,,,,,{},"{""name"": ""Wilhelm"", ""shop"": ""car_repair"", ""brand"": ""Wilhelm Automotive"", ""phone"": ""+1-602-581-8181"", ""branch"": ""Greenway"", ""website"": ""https://www.wilhelmautomotive.com/locations/greenway"", ""building"": ""commercial"", ""addr:city"": ""Phoenix"", ""addr:unit"": ""no"", ""addr:state"": ""AZ"", ""addr:street"": ""North 35th Avenue"", ""addr:postcode"": ""85053"", ""brand:website"": ""https://www.wilhelmautomotive.com"", ""opening_hours"": ""Mo-Sa 07:30-17:30"", ""internet_access"": ""wlan"", ""addr:housenumber"": ""15275"", ""opening_hours:url"": ""https://www.wilhelmautomotive.com/locations/greenway"", ""service:vehicle:tyres"": ""yes"", ""service:vehicle:brakes"": ""yes"", ""service:vehicle:towing"": ""yes"", ""service:vehicle:alignment"": ""yes"", ""service:vehicle:batteries"": ""yes"", ""service:vehicle:car_repair"": ""yes"", ""service:vehicle:electrical"": ""yes"", ""service:vehicle:oil_change"": ""yes"", ""service:vehicle:diagnostics"": ""yes"", ""service:vehicle:transmission"": ""yes"", ""service:vehicle:truck_repair"": ""yes"", ""service:vehicle:tyres_repair"": ""no"", ""service:vehicle:air_conditioning"": ""yes""}",70727,I 17,BLACK CANYON FRWY,1554,t
way/855241821,Cascade Diesel Truck Repair,,,t,,,POINT(-121.7279686 47.4703875),osm_truck_repair_overpass,8063,2026-08-18 07:03:05.046159+00,2026-08-18 07:00:34+00,,,,,,{},"{""name"": ""Cascade Diesel Truck Repair"", ""shop"": ""truck_repair"", ""building"": ""yes"", ""addr:city"": ""North Bend"", ""addr:street"": ""Southeast North Bend Way"", ""addr:postcode"": ""98045"", ""addr:housenumber"": ""45830""}",47456,I 90,I 90,135,t
way/87781023,Koch Trucking Tractor Shop,,MN,t,,,POINT(-93.2219489 44.994109),osm_truck_repair_overpass,8063,2026-08-18 07:03:05.046159+00,2026-08-18 07:00:34+00,,,,,,{},"{""name"": ""Koch Trucking Tractor Shop"", ""shop"": ""car_repair"", ""phone"": ""+1-800-346-1438"", ""website"": ""https://kochtrucking.com/"", ""building"": ""yes"", ""operator"": ""Stan Koch & Sons Trucking, Inc."", ""addr:city"": ""Minneapolis"", ""addr:state"": ""MN"", ""addr:street"": ""Northeast Harding Street"", ""addr:postcode"": ""55413"", ""addr:housenumber"": ""430"", ""service:vehicle:truck_repair"": ""yes""}",356003,I 35,I 35,734,t
way/879090358,Dave's Heavy Duty Collision & Alignment,,NM,t,,,POINT(-106.5929065 35.140867),osm_truck_repair_overpass,8063,2026-08-18 07:03:05.046159+00,2026-08-18 07:00:34+00,,,,,,{},"{""name"": ""Dave's Heavy Duty Collision & Alignment"", ""shop"": ""truck_repair"", ""phone"": ""+1-505-243-3581"", ""source"": ""microsoft/BuildingFootprints"", ""website"": ""https://davesheavycollision.com/"", ""building"": ""yes"", ""addr:city"": ""Albuquerque"", ""addr:state"": ""NM"", ""addr:street"": ""Jefferson Street Northeast"", ""addr:postcode"": ""87109"", ""addr:housenumber"": ""5010"", ""service:vehicle:towing"": ""yes"", ""service:vehicle:alignment"": ""yes"", ""service:vehicle:tyres_repair"": ""yes""}",91155,I 25,I 25,178,t
way/882603229,TruckPitStop Truck & Trailer Repair,,NC,t,t,,POINT(-80.6900685 35.0928875),osm_truck_repair_overpass,8063,2026-08-18 07:03:05.046159+00,2026-08-18 07:00:34+00,,,,,,{},"{""name"": ""TruckPitStop Truck & Trailer Repair"", ""shop"": ""car_repair"", ""email"": ""manager@truckpitstop.com"", ""phone"": ""+1-704-703-0080"", ""source"": ""microsoft/BuildingFootprints"", ""website"": ""https://www.truckpitstop.com/"", ""building"": ""yes"", ""addr:city"": ""Matthews"", ""addr:state"": ""NC"", ""addr:street"": ""Seaboard Drive"", ""payment:cash"": ""yes"", ""addr:postcode"": ""28104"", ""opening_hours"": ""Mo-Sa 09:00-19:00"", ""addr:housenumber"": ""416"", ""payment:apple_pay"": ""yes"", ""payment:google_pay"": ""yes"", ""payment:debit_cards"": ""yes"", ""payment:credit_cards"": ""yes"", ""service:vehicle:body_repair"": ""yes"", ""service:vehicle:truck_tyres"": ""yes"", ""service:vehicle:truck_repair"": ""yes"", ""service:vehicle:trailer_repair"": ""yes"", ""service:vehicle:transmission_repair"": ""yes"", ""service:vehicle:diesel_engine_repair"": ""yes""}",408833,U 74,INDEPENDENCE BLVD,1352,t
way/885291288,,,,t,,,POINT(-103.6203805 48.2439169),osm_truck_repair_overpass,8063,2026-08-18 07:03:05.046159+00,2026-08-18 07:00:34+00,,,,,,{},"{""shop"": ""truck_repair"", ""building"": ""yes""}",126300,U 2,U 2,375,t
way/888545666,"Rod Eddleblute's Garage, Inc.",,OH,t,,,POINT(-82.4942482 40.7618164),osm_truck_repair_overpass,8063,2026-08-18 07:03:05.046159+00,2026-08-18 07:00:34+00,,,,,,{},"{""name"": ""Rod Eddleblute's Garage, Inc."", ""shop"": ""car_repair"", ""phone"": ""+1-419-522-2361; +1-419-747-5359"", ""website"": ""https://www.eddieblutes.com/"", ""building"": ""industrial"", ""addr:city"": ""Mansfield"", ""addr:state"": ""OH"", ""addr:street"": ""Smith Avenue"", ""addr:postcode"": ""44905"", ""opening_hours"": ""Mo-Fr 08:00-17:00"", ""addr:housenumber"": ""111"", ""service:vehicle:truck_repair"": ""yes""}",420759,U 42,U 42,200,t
way/888546609,"Rod Eddleblute's Garage, Inc.",,OH,t,,,POINT(-82.5299432 40.7906283),osm_truck_repair_overpass,8063,2026-08-18 07:03:05.046159+00,2026-08-18 07:00:34+00,,,,,,{},"{""name"": ""Rod Eddleblute's Garage, Inc."", ""shop"": ""car_repair"", ""phone"": ""+1-419-747-5359; +1-419-522-2361"", ""website"": ""https://www.eddleblutes.com/"", ""building"": ""commercial"", ""addr:city"": ""Mansfield"", ""addr:state"": ""OH"", ""addr:street"": ""Bowman Street"", ""addr:postcode"": ""44903"", ""opening_hours"": ""Mo-Fr 08:00-17:00"", ""addr:housenumber"": ""1271"", ""service:vehicle:truck_repair"": ""yes""}",420673,S 39,S 39,1303,t
way/894057798,Rush Truck Centers – Tucson,Rush Truck Centers,AZ,t,,,POINT(-110.9599514 32.1839527),osm_truck_repair_overpass,8063,2026-08-18 07:03:05.046159+00,2026-08-18 07:00:34+00,,,,,,{},"{""name"": ""Rush Truck Centers – Tucson"", ""shop"": ""truck_repair"", ""brand"": ""Rush Truck Centers"", ""phone"": ""+1-520-205-8500"", ""branch"": ""Tucson"", ""website"": ""https://www.rushtruckcenters.com/locations/15020000-tucson"", ""building"": ""commercial"", ""operator"": ""Rush Truck Centers"", ""addr:city"": ""Tucson"", ""addr:state"": ""AZ"", ""addr:street"": ""East 44th Street"", ""addr:postcode"": ""85713"", ""opening_hours"": ""Mo-Fr 07:00-19:00; Sa 08:00-15:00"", ""brand:wikidata"": ""Q120637525"", ""addr:housenumber"": ""755""}",18475,I 10,I 10,98,t
way/902833570,Girard Ford,Ford,CT,t,,,POINT(-72.089051 41.5050042),osm_truck_repair_overpass,8063,2026-08-18 07:03:05.046159+00,2026-08-18 07:00:34+00,,,,,,{},"{""name"": ""Girard Ford"", ""shop"": ""car"", ""brand"": ""Ford"", ""phone"": ""+1 860 889 2601"", ""building"": ""yes"", ""addr:city"": ""Norwich"", ""addr:state"": ""CT"", ""addr:street"": ""West Thames Street"", ""second_hand"": ""yes"", ""addr:postcode"": ""06360"", ""brand:wikidata"": ""Q44294"", ""addr:housenumber"": ""450"", ""service:vehicle:car_repair"": ""yes"", ""service:vehicle:truck_repair"": ""yes"", ""service:vehicle:new_car_sales"": ""yes"", ""service:vehicle:fleet_vehicle_maintenance"": ""yes""}",461313,I 395,I 395,2135,t
way/903224072,Clean Diesel Specialists,,AZ,t,,,POINT(-110.0596912 31.7107096),osm_truck_repair_overpass,8063,2026-08-18 07:03:05.046159+00,2026-08-18 07:00:34+00,,,,,,{},"{""name"": ""Clean Diesel Specialists"", ""shop"": ""car_repair"", ""email"": ""tombstone@cleandieselspecialists.com"", ""phone"": ""+1-520-261-4461"", ""website"": ""https://cleandieselspecialists.com/cds-tombstone/"", ""building"": ""yes"", ""addr:city"": ""Tombstone"", ""addr:state"": ""AZ"", ""addr:street"": ""East Fremont Street"", ""description"": ""When it comes to best quality, fast turnaround DPF cleaning and complete diesel emission care services in: Tucson, Tombstone & Throughout Cochise County Arizona “Discover the Difference” at CDS Tombstone. CDS Tombstone is owned and operated by Billy A. B"", ""addr:postcode"": ""85638"", ""addr:housenumber"": ""1067"", ""service:vehicle:truck_repair"": ""yes""}",18294,S 90,S 90,18446,f
way/904432953,Baker's Collision Repair Experts/Glass Service Centers,,OH,t,,,POINT(-82.4977449 40.7746591),osm_truck_repair_overpass,8063,2026-08-18 07:03:05.046159+00,2026-08-18 07:00:34+00,,,,,,{},"{""name"": ""Baker's Collision Repair Experts/Glass Service Centers"", ""shop"": ""car_repair"", ""phone"": ""+1-419-524-1350"", ""website"": ""https://bakerscollision.com/"", ""building"": ""commercial"", ""addr:city"": ""Mansfield"", ""addr:state"": ""OH"", ""addr:street"": ""5th Avenue"", ""addr:postcode"": ""44905"", ""opening_hours"": ""Mo-Fr 07:30-17:30"", ""addr:housenumber"": ""595"", ""service:vehicle:glass"": ""yes"", ""service:vehicle:car_repair"": ""yes"", ""service:vehicle:body_repair"": ""yes"", ""service:vehicle:truck_repair"": ""yes""}",420752,U 30,U 30,468,t
way/906596712,Interstate Power Systems,,,t,,,POINT(-90.630926 41.6028862),osm_truck_repair_overpass,8063,2026-08-18 07:03:05.046159+00,2026-08-18 07:00:34+00,,,,,,{},"{""name"": ""Interstate Power Systems"", ""shop"": ""truck_repair"", ""building"": ""yes""}",379895,I 80,I 80,322,t
way/906596744,Love's Truck Care,Love's,,t,,,POINT(-90.6220589 41.6048239),osm_truck_repair_overpass,8063,2026-08-18 07:03:05.046159+00,2026-08-18 07:00:34+00,,,,,,{},"{""name"": ""Love's Truck Care"", ""shop"": ""truck_repair"", ""brand"": ""Love's"", ""building"": ""yes"", ""brand:wikidata"": ""Q1872496""}",379903,I 80,I 80,554,t
way/907040191,Speedway Automotive service,,WA,t,,,POINT(-122.2849125 47.8617658),osm_truck_repair_overpass,8063,2026-08-18 07:03:05.046159+00,2026-08-18 07:00:34+00,,,,,,{},"{""name"": ""Speedway Automotive service"", ""shop"": ""car_repair"", ""building"": ""yes"", ""addr:city"": ""Lynnwood"", ""addr:state"": ""WA"", ""addr:street"": ""Highway 99"", ""payment:cash"": ""yes"", ""addr:postcode"": ""98087"", ""addr:housenumber"": ""15016"", ""payment:credit_cards"": ""yes"", ""service:vehicle:motor"": ""yes"", ""service:vehicle:brakes"": ""yes"", ""service:vehicle:repairs"": ""yes"", ""service:vehicle:batteries"": ""yes"", ""service:vehicle:car_parts"": ""yes"", ""service:vehicle:car_repair"": ""yes"", ""service:vehicle:electrical"": ""yes"", ""service:vehicle:oil_change"": ""yes"", ""service:vehicle:diagnostics"": ""yes"", ""service:vehicle:transmission"": ""yes"", ""service:vehicle:truck_repair"": ""yes"", ""service:vehicle:air_conditioning"": ""yes"", ""service:vehicle:transmission_repair"": ""yes""}",46192,S 99,PACIFIC HWY,46,t
way/907564439,Rush Truck Centers – Waco,Rush Truck Centers,TX,t,,,POINT(-97.168857 31.456575),osm_truck_repair_overpass,8063,2026-08-18 07:03:05.046159+00,2026-08-18 07:00:34+00,,,,,,{},"{""name"": ""Rush Truck Centers – Waco"", ""shop"": ""truck_repair"", ""brand"": ""Rush Truck Centers"", ""phone"": ""+1-254-662-7900"", ""branch"": ""Waco"", ""source"": ""microsoft/BuildingFootprints"", ""website"": ""https://www.rushtruckcenters.com/locations/10170000-waco"", ""building"": ""commercial"", ""operator"": ""Rush Truck Centers"", ""addr:city"": ""Robinson"", ""addr:state"": ""TX"", ""addr:street"": ""Sun Valley Boulevard"", ""addr:postcode"": ""76706"", ""opening_hours"": ""Mo-Fr 07:00-19:00; Sa 08:00-15:00"", ""brand:wikidata"": ""Q120637525"", ""addr:housenumber"": ""1247""}",137080,I 35,I 35,369,t
way/910999792,My Transmission Experts,,TX,t,,,POINT(-95.585309 29.9451535),osm_truck_repair_overpass,8063,2026-08-18 07:03:05.046159+00,2026-08-18 07:00:34+00,,,,,,{},"{""name"": ""My Transmission Experts"", ""shop"": ""car_repair"", ""phone"": ""+1-281-612-8948"", ""source"": ""microsoft/BuildingFootprints"", ""website"": ""https://www.mytransmissionexperts.com/locations/cypress-jones-road/"", ""building"": ""yes"", ""addr:city"": ""Houston"", ""addr:state"": ""TX"", ""hgv:repair"": ""yes"", ""addr:street"": ""Jones Road"", ""payment:cash"": ""yes"", ""payment:visa"": ""yes"", ""addr:postcode"": ""77070"", ""opening_hours"": ""Mo-Fr 08:00-18:00; Sa 08:00-13:00"", ""addr:housenumber"": ""11729"", ""air_conditioning"": ""yes"", ""payment:financing"": ""yes"", ""payment:mastercard"": ""yes"", ""payment:debit_cards"": ""yes"", ""payment:credit_cards"": ""yes"", ""payment:discover_card"": ""yes"", ""service:vehicle:brakes"": ""yes"", ""service:vehicle:repair"": ""yes"", ""payment:american_express"": ""yes"", ""service:vehicle:car_parts"": ""yes"", ""service:vehicle:mechanics"": ""yes"", ""service:vehicle:car_repair"": ""yes"", ""service:vehicle:electrical"": ""yes"", ""service:vehicle:inspection"": ""yes"", ""service:vehicle:oil_change"": ""yes"", ""service:vehicle:diagnostics"": ""yes"", ""service:vehicle:transmission"": ""yes"", ""service:vehicle:truck_repair"": ""yes"", ""service:vehicle:air_conditioning"": ""yes"", ""service:vehicle:fleet_vehicle_maintenance"": ""yes""}",140593,C 1960,C 1960,1135,t
way/911632088,Tri-State Thermo King,,AR,t,,,POINT(-93.0686105 35.268879),osm_truck_repair_overpass,8063,2026-08-18 07:03:05.046159+00,2026-08-18 07:00:34+00,,,,,,{},"{""name"": ""Tri-State Thermo King"", ""shop"": ""car_repair"", ""phone"": ""+1-479-968-1947"", ""source"": ""microsoft/BuildingFootprints"", ""building"": ""yes"", ""addr:city"": ""Pottsville"", ""addr:state"": ""AR"", ""addr:street"": ""Furniture Road"", ""addr:postcode"": ""72858"", ""addr:housenumber"": ""38"", ""service:vehicle:truck_repair"": ""yes""}",265841,I 40,I 40,130,t
way/918335371,Rush Truck Centers – Lake City,Rush Truck Centers,FL,t,,,POINT(-82.6610175 30.1221635),osm_truck_repair_overpass,8063,2026-08-18 07:03:05.046159+00,2026-08-18 07:00:34+00,,,,,,{},"{""name"": ""Rush Truck Centers – Lake City"", ""shop"": ""truck_repair"", ""brand"": ""Rush Truck Centers"", ""phone"": ""+1-386-438-2300"", ""branch"": ""Lake City"", ""source"": ""microsoft/BuildingFootprints"", ""website"": ""https://www.rushtruckcenters.com/locations/17090000-lake-city"", ""building"": ""commercial"", ""operator"": ""Rush Truck Centers"", ""addr:city"": ""Lake City"", ""addr:state"": ""FL"", ""addr:street"": ""Southwest Arrowhead Terrace"", ""addr:postcode"": ""32024"", ""opening_hours"": ""Mo-Fr 07:00-19:00; Sa 08:00-15:00"", ""brand:wikidata"": ""Q120637525"", ""addr:housenumber"": ""510""}",187456,I 75,I 75,237,t
way/931665366,Rush Truck Centers – Jacksonville,Rush Truck Centers,FL,t,,,POINT(-81.734494 30.327602),osm_truck_repair_overpass,8063,2026-08-18 07:03:05.046159+00,2026-08-18 07:00:34+00,,,,,,{},"{""name"": ""Rush Truck Centers – Jacksonville"", ""shop"": ""truck_repair"", ""brand"": ""Rush Truck Centers"", ""phone"": ""+1-904-265-2300"", ""branch"": ""Jacksonville"", ""source"": ""microsoft/BuildingFootprints"", ""website"": ""https://www.rushtruckcenters.com/locations/17050000-jacksonville"", ""building"": ""commercial"", ""operator"": ""Rush Truck Centers"", ""addr:city"": ""Jacksonville"", ""addr:state"": ""FL"", ""addr:street"": ""West Beaver Street"", ""addr:postcode"": ""32254"", ""opening_hours"": ""Mo-Fr 07:00-22:00; Sa 08:00-17:00"", ""brand:wikidata"": ""Q120637525"", ""addr:housenumber"": ""5175""}",187978,I 10,I 10,1164,t
way/933959384,Rush Truck Centers – Orlando North,Rush Truck Centers,FL,t,,,POINT(-81.4174335 28.575888),osm_truck_repair_overpass,8063,2026-08-18 07:03:05.046159+00,2026-08-18 07:00:34+00,,,,,,{},"{""name"": ""Rush Truck Centers – Orlando North"", ""shop"": ""truck_repair"", ""brand"": ""Rush Truck Centers"", ""phone"": ""+1-407-316-7200"", ""branch"": ""Orlando North"", ""source"": ""microsoft/BuildingFootprints"", ""website"": ""https://www.rushtruckcenters.com/locations/17080000-orlando-north"", ""building"": ""commercial"", ""operator"": ""Rush Truck Centers"", ""addr:city"": ""Orlando"", ""addr:state"": ""FL"", ""addr:street"": ""John Young Parkway"", ""addr:postcode"": ""32804"", ""opening_hours"": ""Mo-Fr 07:00-17:00; Sa 08:00-12:00"", ""brand:wikidata"": ""Q120637525"", ""addr:housenumber"": ""2424""}",187071,I 4,I 4,3860,t
way/934102922,Ekstrom Repair Shop,,ND,t,,,POINT(-97.6349308 46.0996503),osm_truck_repair_overpass,8063,2026-08-18 07:03:05.046159+00,2026-08-18 07:00:34+00,,,,,,{},"{""name"": ""Ekstrom Repair Shop"", ""shop"": ""car_repair"", ""email"": ""ekstromrepair@drtel.net"", ""phone"": ""+1-701-724-3272"", ""building"": ""yes"", ""addr:city"": ""Forman"", ""addr:state"": ""ND"", ""addr:street"": ""State Highway 32"", ""addr:postcode"": ""58032"", ""opening_hours"": ""Mo-Fr 08:00-18:00"", ""addr:housenumber"": ""112"", ""service:vehicle:truck_repair"": ""yes""}",332939,S 32,S 32,14006,f
way/935635423,Peterbilt,Peterbilt,MI,t,,,POINT(-83.3393465 42.254835),osm_truck_repair_overpass,8063,2026-08-18 07:03:05.046159+00,2026-08-18 07:00:34+00,,,,,,{},"{""name"": ""Peterbilt"", ""shop"": ""truck"", ""brand"": ""Peterbilt"", ""source"": ""microsoft/BuildingFootprints"", ""website"": ""https://www.peterbilt.com/dealership/trp-store-romulus"", ""building"": ""yes"", ""addr:city"": ""Romulus"", ""addr:state"": ""MI"", ""addr:street"": ""Brandt Street"", ""addr:postcode"": ""48174"", ""brand:wikidata"": ""Q944640"", ""addr:housenumber"": ""6924"", ""service:vehicle:truck_sales"": ""yes"", ""service:vehicle:truck_repair"": ""yes""}",448002,I 94,EDSEL FORD FRWY,1628,t
way/936980615,Oakes Truck and Trailer,,ND,t,,,POINT(-98.0890409 46.1106229),osm_truck_repair_overpass,8063,2026-08-18 07:03:05.046159+00,2026-08-18 07:00:34+00,,,,,,{},"{""name"": ""Oakes Truck and Trailer"", ""shop"": ""car_repair"", ""phone"": ""+1-701-742-3342"", ""website"": ""https://www.oakestruckandtrailer.com/"", ""building"": ""yes"", ""addr:city"": ""Oakes"", ""addr:state"": ""ND"", ""addr:street"": ""State Highway 11"", ""addr:postcode"": ""58474"", ""addr:housenumber"": ""11019"", ""service:vehicle:truck_repair"": ""yes""}",304052,S 11,S 11,128,t
way/943911400,John's Diesel & Auto Repair,,NV,t,,,POINT(-114.0723552 36.8042712),osm_truck_repair_overpass,8063,2026-08-18 07:03:05.046159+00,2026-08-18 07:00:34+00,,,,,,{},"{""name"": ""John's Diesel & Auto Repair"", ""shop"": ""car_repair"", ""building"": ""industrial"", ""addr:city"": ""Mesquite"", ""addr:state"": ""NV"", ""addr:street"": ""West Mesquite Boulevard"", ""second_hand"": ""yes"", ""addr:postcode"": ""89027"", ""building:levels"": ""1"", ""addr:housenumber"": ""263"", ""service:vehicle:motor"": ""yes"", ""service:vehicle:tyres"": ""yes"", ""service:vehicle:brakes"": ""yes"", ""service:vehicle:wheels"": ""yes"", ""service:vehicle:car_parts"": ""yes"", ""service:vehicle:mechanics"": ""yes"", ""service:vehicle:car_repair"": ""yes"", ""service:vehicle:electrical"": ""yes"", ""service:vehicle:inspection"": ""yes"", ""service:vehicle:diagnostics"": ""yes"", ""service:vehicle:truck_repair"": ""yes"", ""service:vehicle:air_conditioning"": ""yes""}",68656,I 15,I 15,527,t
way/946991908,Big Red Auto,,,t,,,POINT(-85.3948967 31.2315004),osm_truck_repair_overpass,8063,2026-08-18 07:03:05.046159+00,2026-08-18 07:00:34+00,,,,,,{},"{""name"": ""Big Red Auto"", ""shop"": ""car_repair"", ""source"": ""microsoft/BuildingFootprints"", ""building"": ""industrial"", ""service:vehicle:car_repair"": ""yes"", ""service:vehicle:truck_repair"": ""yes""}",184963,U 84,U 84,801,t
way/946992624,Four Star Freightliner,Freightliner,AL,t,,,POINT(-85.3937532 31.2442305),osm_truck_repair_overpass,8063,2026-08-18 07:03:05.046159+00,2026-08-18 07:00:34+00,,,,,,{},"{""name"": ""Four Star Freightliner"", ""shop"": ""truck_repair"", ""brand"": ""Freightliner"", ""phone"": ""+1 800 239 8785"", ""source"": ""microsoft/BuildingFootprints"", ""building"": ""commercial"", ""addr:city"": ""Dothan"", ""addr:state"": ""AL"", ""addr:street"": ""Reeves Street"", ""addr:postcode"": ""36301-5889"", ""brand:wikidata"": ""Q1420724"", ""addr:housenumber"": ""1507"", ""service:vehicle:truck_parts"": ""yes"", ""service:vehicle:truck_sales"": ""yes""}",184965,U 84,U 84,1008,t
way/950070878,Faber's Garage,,NJ,t,,,POINT(-74.6334684 41.1992615),osm_truck_repair_overpass,8063,2026-08-18 07:03:05.046159+00,2026-08-18 07:00:34+00,,,,,,{},"{""name"": ""Faber's Garage"", ""shop"": ""car_repair"", ""phone"": ""+1-973-940-0357"", ""website"": ""https://fabersgarage.com"", ""building"": ""yes"", ""addr:city"": ""Wantage"", ""addr:state"": ""NJ"", ""addr:street"": ""County Route 628"", ""addr:postcode"": ""07461"", ""opening_hours"": ""Mo-Sa 08:00-18:00"", ""addr:housenumber"": ""47"", ""motorhome:repair"": ""yes"", ""service:vehicle:truck_repair"": ""yes"", ""service:vehicle:engine_repair"": ""yes"", ""service:vehicle:air_conditioning"": ""yes""}",456381,I 84,I 84,17523,f
way/953733724,Alan's Automotive,,OH,t,,,POINT(-82.4974376 40.765453),osm_truck_repair_overpass,8063,2026-08-18 07:03:05.046159+00,2026-08-18 07:00:34+00,,,,,,{},"{""name"": ""Alan's Automotive"", ""shop"": ""car_repair"", ""phone"": ""+1-419-525-1755"", ""website"": ""https://alan-s-automotive.cms.webnode.com/"", ""building"": ""commercial"", ""addr:city"": ""Mansfield"", ""addr:state"": ""OH"", ""addr:street"": ""5th Avenue"", ""addr:postcode"": ""44905"", ""addr:housenumber"": ""269"", ""service:vehicle:motor"": ""yes"", ""service:vehicle:brakes"": ""yes"", ""service:vehicle:car_parts"": ""yes"", ""service:vehicle:car_repair"": ""yes"", ""service:vehicle:electrical"": ""yes"", ""service:vehicle:inspection"": ""yes"", ""service:vehicle:oil_change"": ""yes"", ""service:vehicle:diagnostics"": ""yes"", ""service:vehicle:transmission"": ""yes"", ""service:vehicle:truck_repair"": ""yes""}",420482,U 42,U 42,258,t
way/956222279,,,GA,t,,,POINT(-82.0291391 33.5239749),osm_truck_repair_overpass,8063,2026-08-18 07:03:05.046159+00,2026-08-18 07:00:34+00,,,,,,{},"{""phone"": ""+1-706-842-2350"", ""building"": ""commercial"", ""operator"": ""Rush Truck Centers"", ""addr:city"": ""Augusta"", ""addr:state"": ""GA"", ""addr:street"": ""Gun Club Road"", ""addr:postcode"": ""30907"", ""addr:housenumber"": ""2925"", ""service:vehicle:truck_repair"": ""yes""}",187900,I 20,I 20,157,t
way/958716502,"Pro Auto Body, Inc.",,OH,t,,,POINT(-82.4830958 40.7574056),osm_truck_repair_overpass,8063,2026-08-18 07:03:05.046159+00,2026-08-18 07:00:34+00,,,,,,{},"{""name"": ""Pro Auto Body, Inc."", ""shop"": ""car_repair"", ""phone"": ""+1-419-589-8686"", ""website"": ""https://www.proautooh.com/"", ""building"": ""commercial"", ""addr:city"": ""Mansfield"", ""addr:state"": ""OH"", ""start_date"": ""1986"", ""addr:street"": ""Park Avenue East"", ""addr:postcode"": ""44905"", ""opening_hours"": ""Mo-Fr 08:00-17:00"", ""addr:housenumber"": ""892"", ""service:vehicle:painting"": ""yes"", ""service:vehicle:car_repair"": ""yes"", ""service:vehicle:body_repair"": ""yes"", ""service:vehicle:truck_repair"": ""yes""}",420768,U 42,U 42,1024,t
way/958716503,"Pro Auto Body, Inc.",,OH,t,,,POINT(-82.4829911 40.7572049),osm_truck_repair_overpass,8063,2026-08-18 07:03:05.046159+00,2026-08-18 07:00:34+00,,,,,,{},"{""name"": ""Pro Auto Body, Inc."", ""shop"": ""car_repair"", ""phone"": ""+1-419-589-8686"", ""website"": ""https://www.proautooh.com/"", ""building"": ""commercial"", ""addr:city"": ""Mansfield"", ""addr:state"": ""OH"", ""start_date"": ""1986"", ""addr:street"": ""Park Avenue East"", ""addr:postcode"": ""44905"", ""opening_hours"": ""Mo-Fr 08:00-17:00"", ""addr:housenumber"": ""892"", ""service:vehicle:painting"": ""yes"", ""service:vehicle:car_repair"": ""yes"", ""service:vehicle:body_repair"": ""yes"", ""service:vehicle:truck_repair"": ""yes""}",420768,U 42,U 42,1047,t
way/963854842,Transit Authority of River City Garage,,,t,,,POINT(-85.7696236 38.2442698),osm_truck_repair_overpass,8063,2026-08-18 07:03:05.046159+00,2026-08-18 07:00:34+00,,,,,,{},"{""name"": ""Transit Authority of River City Garage"", ""shop"": ""truck_repair"", ""building"": ""yes""}",389683,I 65,I 65,1499,t
way/965400526,Abbyland Trucking & Service Plaza,,WI,t,,,POINT(-90.4281506 44.9465085),osm_truck_repair_overpass,8063,2026-08-18 07:03:05.046159+00,2026-08-18 07:00:34+00,,,,,,{},"{""name"": ""Abbyland Trucking & Service Plaza"", ""shop"": ""truck_repair"", ""phone"": ""+1-715-223-3402"", ""website"": ""https://www.abbylandtrucking.com/"", ""building"": ""retail"", ""addr:city"": ""Curtiss"", ""addr:state"": ""WI"", ""addr:street"": ""Plaza Drive"", ""addr:postcode"": ""54422"", ""addr:housenumber"": ""330""}",473458,S 29,S 29,278,t
way/967108999,Speedco,Speedco,,t,,,POINT(-89.0646789 41.8987789),osm_truck_repair_overpass,8063,2026-08-18 07:03:05.046159+00,2026-08-18 07:00:34+00,,,,,,{},"{""name"": ""Speedco"", ""shop"": ""truck_repair"", ""brand"": ""Speedco"", ""building"": ""yes"", ""brand:wikidata"": ""Q112455073""}",382222,I 88,EAST-WEST TOLLWY,174,t
way/980906826,,,,t,,,POINT(-85.0438008 33.1189046),osm_truck_repair_overpass,8063,2026-08-18 07:03:05.046159+00,2026-08-18 07:00:34+00,,,,,,{},"{""shop"": ""car_repair"", ""building"": ""yes"", ""service:vehicle:truck_repair"": ""yes""}",185601,I 85,I 85,10875,f
way/981096651,Sam's 4x4,,OK,t,,,POINT(-96.0286391 36.100208),osm_truck_repair_overpass,8063,2026-08-18 07:03:05.046159+00,2026-08-18 07:00:34+00,,,,,,{},"{""name"": ""Sam's 4x4"", ""shop"": ""car_repair"", ""service"": ""repair;tyres"", ""website"": ""https://www.sams4x4.com/"", ""building"": ""commercial"", ""addr:city"": ""Tulsa"", ""addr:state"": ""OK"", ""addr:street"": ""Southwest Boulevard"", ""addr:country"": ""US"", ""addr:postcode"": ""74107"", ""addr:housenumber"": ""4345"", ""service:vehicle:motor"": ""yes"", ""service:vehicle:tyres"": ""yes"", ""service:vehicle:alignment"": ""yes"", ""service:vehicle:car_parts"": ""yes"", ""service:vehicle:transmission"": ""yes"", ""service:vehicle:truck_repair"": ""yes""}",254850,I 244,I 244,153,t
way/986559558,"Ron's Automotive Center, Inc",,CT,t,,,POINT(-73.1166508 41.7669536),osm_truck_repair_overpass,8063,2026-08-18 07:03:05.046159+00,2026-08-18 07:00:34+00,,,,,,{},"{""name"": ""Ron's Automotive Center, Inc"", ""shop"": ""car_repair"", ""phone"": ""+1-860-482-1100"", ""website"": ""http://www.rons-auto.com"", ""addr:city"": ""Litchfield"", ""addr:state"": ""CT"", ""addr:street"": ""Thomaston Road"", ""payment:cash"": ""yes"", ""addr:postcode"": ""06759"", ""opening_hours"": ""Mo-Fr 07:00-17:00; Sa 07:00-14:00"", ""addr:housenumber"": ""22"", ""payment:contactless"": ""yes"", ""payment:credit_cards"": ""yes"", ""service:vehicle:motor"": ""yes"", ""service:vehicle:tyres"": ""yes"", ""service:vehicle:brakes"": ""yes"", ""service:vehicle:wheels"": ""yes"", ""service:vehicle:muffler"": ""yes"", ""service:vehicle:batteries"": ""yes"", ""service:vehicle:car_parts"": ""yes"", ""service:vehicle:car_repair"": ""yes"", ""service:vehicle:inspection"": ""yes"", ""service:vehicle:oil_change"": ""yes"", ""service:vehicle:diagnostics"": ""yes"", ""service:vehicle:truck_repair"": ""yes"", ""service:vehicle:used_car_sales"": ""yes"", ""service:vehicle:air_conditioning"": ""yes"", ""service:vehicle:transmission_repair"": ""yes""}",460355,S 8,S 8,137,t
way/991530778,Blacktown Auto Services & Repair,,PA,t,,,POINT(-80.1703418 41.1641827),osm_truck_repair_overpass,8063,2026-08-18 07:03:05.046159+00,2026-08-18 07:00:34+00,,,,,,{},"{""name"": ""Blacktown Auto Services & Repair"", ""shop"": ""car_repair"", ""phone"": ""+1 724-748-6400"", ""building"": ""yes"", ""addr:city"": ""Grove City"", ""addr:state"": ""PA"", ""addr:street"": ""Old Ash Road"", ""addr:postcode"": ""16127"", ""addr:housenumber"": ""751A"", ""service:vehicle:motor"": ""yes"", ""service:vehicle:tyres"": ""yes"", ""service:vehicle:brakes"": ""yes"", ""service:vehicle:wheels"": ""yes"", ""service:vehicle:muffler"": ""yes"", ""service:vehicle:repairs"": ""yes"", ""service:vehicle:alignment"": ""yes"", ""service:vehicle:batteries"": ""yes"", ""service:vehicle:car_repair"": ""yes"", ""service:vehicle:electrical"": ""yes"", ""service:vehicle:inspection"": ""yes"", ""service:vehicle:oil_change"": ""yes"", ""service:vehicle:diagnostics"": ""yes"", ""service:vehicle:transmission"": ""yes"", ""service:vehicle:truck_repair"": ""yes"", ""service:vehicle:air_conditioning"": ""yes"", ""service:vehicle:transmission_repair"": ""yes""}",436187,I 79,RAYMOND P SHAFER HWY,690,t
way/992845570,Chloes Auto Repair and Tire Kennesaw,,GA,t,,,POINT(-84.627765 33.9918065),osm_truck_repair_overpass,8063,2026-08-18 07:03:05.046159+00,2026-08-18 07:00:34+00,,,,,,{},"{""name"": ""Chloes Auto Repair and Tire Kennesaw"", ""shop"": ""car_repair"", ""phone"": ""+1-770-428-8233"", ""building"": ""commercial"", ""addr:city"": ""Kennesaw"", ""addr:state"": ""GA"", ""check_date"": ""2025-08-23"", ""wheelchair"": ""yes"", ""addr:street"": ""Stilesboro Road"", ""payment:cash"": ""yes"", ""payment:visa"": ""yes"", ""addr:postcode"": ""30152"", ""contact:email"": ""storekennesaw@chloesautorepair.com"", ""addr:housenumber"": ""6422"", ""payment:google_pay"": ""yes"", ""payment:mastercard"": ""yes"", ""payment:contactless"": ""yes"", ""payment:debit_cards"": ""yes"", ""payment:credit_cards"": ""yes"", ""service:vehicle:motor"": ""yes"", ""service:vehicle:tyres"": ""yes"", ""service:vehicle:brakes"": ""yes"", ""service:vehicle:wheels"": ""yes"", ""service:vehicle:alignment"": ""yes"", ""service:vehicle:batteries"": ""yes"", ""service:vehicle:car_repair"": ""yes"", ""service:vehicle:electrical"": ""yes"", ""service:vehicle:inspection"": ""yes"", ""service:vehicle:oil_change"": ""yes"", ""service:vehicle:diagnostics"": ""yes"", ""service:vehicle:transmission"": ""yes"", ""service:vehicle:truck_repair"": ""yes"", ""service:vehicle:air_conditioning"": ""yes""}",386609,U 41,U 41,2654,t
