edge_id,route_id,source,target,geom,length_m,kind,route_name,route_ref,sign_type,sign_num,state,fclass,aadt,aadt_com,through_lanes
1,320530,198615,198651,"LINESTRING(-96.6775509994544 42.7615690004968,-96.6755829999744 42.7615840001856)",161.10027003801315,truck_route,S 50,S 50,S,50,SD,4,1154,210,2
2,320535,198746,198822,"LINESTRING(-96.6716599996364 42.7616040004247,-96.6697010003772 42.7616110006717)",160.3567402146844,truck_route,S 50,S 50,S,50,SD,4,1154,210,2
3,320538,198136,198135,"LINESTRING(-96.6878269995677 42.7708959994171,-96.6878299999407 42.7697279994699,-96.6878309997656 42.7694490003203)",160.74495211096757,truck_route,S 50,S 50,S,50,SD,4,1228,232,2
4,320539,198133,198132,"LINESTRING(-96.6878370005117 42.7665569998283,-96.6878409998114 42.7651099996101)",160.74494734505993,truck_route,S 50,S 50,S,50,SD,4,1228,232,2
5,320543,198140,198139,"LINESTRING(-96.6878140000472 42.7752350003528,-96.6878190000701 42.7737879997622)",160.7454207275619,truck_route,S 50,S 50,S,50,SD,4,1228,232,2
6,320574,197748,197799,"LINESTRING(-96.7016820000623 42.8516690005837,-96.6997150004071 42.8516670005063)",160.77648865979583,truck_route,S 48,S 48,S,48,SD,4,834,183,2
7,320585,198599,198641,"LINESTRING(-96.6780880006531 42.8513550001611,-96.6761229997495 42.8512839999785)",160.807416413395,truck_route,S 48,S 48,S,48,SD,4,834,183,2
8,320600,199218,199232,"LINESTRING(-96.65206400001 42.761630999583,-96.6515830006844 42.761630999583,-96.6514519993665 42.761630999583)",50.09559685970503,truck_route,S 50,S 50,S,50,SD,4,1154,210,2
9,320606,199869,200032,"LINESTRING(-96.6382879991581 42.7617390000558,-96.6371099996985 42.7617560000519,-96.6364749994887 42.76176500063,-96.6363199996781 42.7617670003185)",161.1212465406619,truck_route,S 50,S 50,S,50,SD,4,1154,210,2
10,320617,200835,200842,"LINESTRING(-96.6067960000929 42.7616580000486,-96.6064100003035 42.7616509998069,-96.6062600005157 42.7616490001146,-96.6062379998761 42.7616490001146)",45.686928212726905,truck_route,S 3,S 3,S,3,IA,4,1050,0,2
11,320620,199246,199350,"LINESTRING(-96.6505819998784 42.851422999805,-96.6486180005964 42.8514559995567)",160.57353850269513,truck_route,S 48,S 48,S,48,SD,4,834,183,2
12,320632,199782,200021,"LINESTRING(-96.6387989995193 42.8514080001515,-96.6368350002372 42.8513799996031)",160.56193724799323,truck_route,S 48,S 48,S,48,SD,4,834,183,2
13,320652,200700,200755,"LINESTRING(-96.6132650002192 42.8510349998247,-96.6112979996657 42.8510060007043)",160.81035941271307,truck_route,S 48,S 48,S,48,SD,4,1250,179,2
14,320659,200898,200941,"LINESTRING(-96.6034300001469 42.8508929999593,-96.6014630004918 42.8508640001136)",160.81065584100298,truck_route,S 48,S 48,S,48,SD,4,1250,179,2
15,320660,200367,200366,"LINESTRING(-96.6267580003155 42.9250829998986,-96.6267919997524 42.9265299998806)",160.7730580883729,truck_route,S 11,S 11,S,11,SD,4,372,15,2
16,320663,200417,200416,"LINESTRING(-96.6262040002967 42.8686050000033,-96.6262069997714 42.8700530000125)",160.8587839879606,truck_route,S 11,S 11,S,11,SD,4,372,15,2
17,320676,200410,200409,"LINESTRING(-96.6262479997793 42.8772959998981,-96.626266000221 42.8787440000751)",160.86558377822104,truck_route,S 11,S 11,S,11,SD,4,372,15,2
18,320681,200403,200401,"LINESTRING(-96.6263159995513 42.8874359995348,-96.6263260004954 42.8888840000005)",160.8612536153137,truck_route,S 11,S 11,S,11,SD,4,372,15,2
19,320684,200379,200378,"LINESTRING(-96.6264829999559 42.9091600005583,-96.6265099997201 42.9106079995478)",160.8747369549733,truck_route,S 11,S 11,S,11,SD,4,372,15,2
20,320688,200391,200389,"LINESTRING(-96.6263969997422 42.899023999479,-96.6264000001153 42.8994280006484,-96.6264129996357 42.9004729999018)",160.9761157968447,truck_route,S 11,S 11,S,11,SD,4,372,15,2
21,320695,200380,200379,"LINESTRING(-96.6264739997351 42.9077130005679,-96.6264810003061 42.9090590001726,-96.6264829999559 42.9091600005583)",160.75088817574138,truck_route,S 11,S 11,S,11,SD,4,372,15,2
22,320696,200373,200372,"LINESTRING(-96.6266379997666 42.9178450001373,-96.6266649995308 42.9189230002018,-96.6266699995537 42.9192919997401)",160.7711711684586,truck_route,S 11,S 11,S,11,SD,4,372,15,2
23,320703,200372,200371,"LINESTRING(-96.6266699995537 42.9192919997401,-96.6266869992721 42.9207400001335)",160.8660573764544,truck_route,S 11,S 11,S,11,SD,4,372,15,2
24,320709,200362,200361,"LINESTRING(-96.626843999631 42.9294249995912,-96.6268670000955 42.930871999526)",160.7601780961225,truck_route,S 11,S 11,S,11,SD,4,372,15,2
25,320719,200349,200347,"LINESTRING(-96.6270379997997 42.9410069995388,-96.6270530007667 42.941926999684,-96.6270650004622 42.9424549998086)",160.87617734626338,truck_route,S 11,S 11,S,11,SD,4,498,19,2
26,320723,200343,200342,"LINESTRING(-96.6271890003108 42.9482479997403,-96.6271909999606 42.9483540002464,-96.6272100002272 42.9496959999992)",160.8700652856812,truck_route,S 11,S 11,S,11,SD,4,498,19,2
27,320728,200335,200333,"LINESTRING(-96.6273079992382 42.9554890003006,-96.6273299998778 42.9569380004614)",160.98216678223167,truck_route,S 11,S 11,S,11,SD,4,498,19,2
28,320747,200304,200303,"LINESTRING(-96.6278320000181 42.9873530002503,-96.6278539997594 42.9887299998546,-96.6278549995843 42.9888010001929)",160.87288259249428,truck_route,S 11,S 11,S,11,SD,4,498,19,2
29,320757,201009,201012,"LINESTRING(-96.5975289993849 42.8508080004866,-96.5973320006397 42.8508049999994)",16.10572820800615,truck_route,S 48,S 48,S,48,SD,4,1250,179,2
30,320759,201043,201074,"LINESTRING(-96.5955740003236 42.8506649997151,-96.5953180002306 42.850633000584,-96.5948729999916 42.8505589997309,-96.5943100006503 42.8504400004515,-96.5937120002504 42.8502859998039,-96.5936840006614 42.8502770002417)",160.68012199938292,truck_route,S 48,S 48,S,48,SD,4,1250,179,2
31,320764,201413,201456,"LINESTRING(-96.5859979998191 42.8458520000373,-96.5854750006607 42.8456189999321,-96.584904000025 42.8453900001682,-96.5842689998153 42.8451659999459)",160.70087058648488,truck_route,S 48,S 48,S,48,SD,4,1250,179,2
32,320774,201916,201922,"LINESTRING(-96.5644700006976 42.8225619997391,-96.5643819999358 42.8227050003305,-96.5643540003467 42.822750999939)",23.039364976644933,truck_route,S 3,S 3,S,3,IA,4,2410,0,2
33,320786,188028,191194,"LINESTRING(-97.0415790004022 43.9797700002245,-97.0400260001255 43.9796469997516,-97.037854000431 43.9794739999481,-97.0343489996695 43.9791989997536,-97.0315810001233 43.9789900000209,-97.0301500000453 43.978913000036,-97.0291909999705 43.9788590003732,-97.0282639996827 43.9788230003552,-97.0269340007855 43.9787800001794,-97.0258039992098 43.9787569997269,-97.0187609998715 43.978670999895,-97.0161719995271 43.978635999785,-97.0090849998078 43.97854000019,-97.0030640002935 43.9784720004906,-96.9991719999177 43.9784290000606,-96.9978730000843 43.9784280000353,-96.9970730000181 43.9784249999589,-96.9953699999536 43.9784270000098,-96.9930950003269 43.9784479998937,-96.9893410000434 43.9784920003342,-96.9834209999131 43.978549000401,-96.9815910005253 43.9785690002186,-96.9743970006759 43.978648999422,-96.9694230002017 43.9786999998598,-96.967465999694 43.9787269997696,-96.9661640003858 43.97872799979,-96.9595010000907 43.9788010005849,-96.9557799994192 43.9788269997837,-96.9495379999719 43.9788709999433,-96.9465290004013 43.9788919996702,-96.9465050001119 43.9788919996702)",7634.395860856197,truck_route,S 34,S 34,S,34,SD,3,3568,396,2
34,320798,185986,185961,"LINESTRING(-97.0821230000903 43.2427690002961,-97.0821410005319 43.2441489996729,-97.0821630002732 43.2452260001076,-97.0821669995729 43.2454440004133,-97.0821709997708 43.2463340001348,-97.0821959998852 43.2474350002247,-97.0822000000831 43.2496340002314,-97.0821859998395 43.2542960001966,-97.0822059999309 43.2559249996872,-97.0822059999309 43.2571679998621)",1599.7430312062068,truck_route,U 18,U 18,U,18,SD,3,1008,203,2
35,320812,172068,172113,"LINESTRING(-97.5059619995663 43.0821980007413,-97.5039879993401 43.0821960002722)",160.7473155251043,truck_route,S 46,S 46,S,46,SD,4,874,52,2
36,320818,172197,172238,"LINESTRING(-97.5000400006845 43.0821929998965,-97.4980649997351 43.0821910000834)",160.8288195085208,truck_route,S 46,S 46,S,46,SD,4,874,52,2
37,320821,172365,172408,"LINESTRING(-97.4921420001301 43.0822799995783,-97.4901679999039 43.0823120004709)",160.78621119930568,truck_route,S 46,S 46,S,46,SD,4,874,52,2
38,321141,182556,182563,"LINESTRING(-97.1637059999341 43.0831219998656,-97.1636480002077 43.0831219998656)",4.7229736987634885,truck_route,S 46,S 46,S,46,SD,4,2628,315,2
39,321142,182725,182762,"LINESTRING(-97.1597780004716 43.0831470004258,-97.1592090003841 43.0831500000987,-97.1578850004363 43.0831500000987,-97.1578070006185 43.0831500000987)",160.50154672685798,truck_route,S 46,S 46,S,46,SD,4,2916,327,2
40,321146,182843,182893,"LINESTRING(-97.1538700000368 43.0831419996585,-97.1532180001087 43.0831409997674,-97.1524479992814 43.0831430002057)",115.79536674145353,truck_route,S 46,S 46,S,46,SD,4,2916,327,2
41,321154,183221,183260,"LINESTRING(-97.1380720001765 43.0831730002103,-97.1360970001255 43.0831789995533)",160.8274000625252,truck_route,S 46,S 46,S,46,SD,4,2916,327,2
42,321159,183807,184034,"LINESTRING(-97.1281969999213 43.0832019996541,-97.1262229996951 43.0832090001964)",160.74640666967633,truck_route,S 46,S 46,S,46,SD,4,2916,327,2
43,321165,184522,184568,"LINESTRING(-97.1163169994777 43.0832419998371,-97.1154700004542 43.0832450001615,-97.1143629993431 43.0832480004856)",159.11721964503636,truck_route,S 46,S 46,S,46,SD,4,2916,327,2
44,321181,185836,185883,"LINESTRING(-97.0847719998108 43.0833270002215,-97.0827979995846 43.0833319996615)",160.74516062442035,truck_route,S 46,S 46,S,46,SD,4,2916,327,2
45,321195,186309,186366,"LINESTRING(-97.0748919995326 43.0833529999296,-97.0729149998318 43.0833580000236)",160.9893406310584,truck_route,S 46,S 46,S,46,SD,4,3086,265,2
46,321196,186411,186707,"LINESTRING(-97.0709380001309 43.0833640000046,-97.0689609995317 43.0833689994416)",160.98938473420185,truck_route,S 46,S 46,S,46,SD,4,3086,265,2
47,321198,186833,186879,"LINESTRING(-97.06500700013 43.0833800001699,-97.0630300004291 43.0833850002617)",160.9892699401626,truck_route,S 46,S 46,S,46,SD,4,3086,265,2
48,321210,186124,186127,"LINESTRING(-97.0809969996109 43.0992499996773,-97.0809449997323 43.1006970000454)",160.80977766729148,truck_route,S 19,S 19,S,19,SD,4,1055,104,2
49,321227,186110,186105,"LINESTRING(-97.0812060007465 43.1195020005208,-97.0812760001684 43.1209479996001)",160.74435695905734,truck_route,S 19,S 19,S,19,SD,4,1229,182,2
50,321268,188218,188172,"LINESTRING(-97.0342990003391 43.1119809996427,-97.0355759995329 43.1119849999468,-97.0362740003901 43.1119870000987)",160.75202878147866,truck_route,S 19,S 19,S,19,SD,4,294,14,2
51,321271,188418,188365,"LINESTRING(-97.0263959997618 43.1119100001046,-97.0272299992648 43.1119249999492,-97.028373000361 43.111946999671)",160.96617011067838,truck_route,S 19,S 19,S,19,SD,4,294,14,2
52,321274,188704,189037,"LINESTRING(-97.0196020008438 43.0834780001889,-97.0183819997548 43.0834790000745,-97.0176269998945 43.0834790000745)",160.82536252217696,truck_route,S 46,S 46,S,46,SD,4,3086,265,2
53,321275,188484,188525,"LINESTRING(-97.0235239995602 43.0834759997616,-97.0227380006361 43.0834770003033,-97.0215640004761 43.0834770003033)",159.60379257423364,truck_route,S 46,S 46,S,46,SD,4,3086,265,2
54,321276,188442,188484,"LINESTRING(-97.0255050003574 43.0834739999904,-97.0235239995602 43.0834759997616)",161.3140336559444,truck_route,S 46,S 46,S,46,SD,4,3086,265,2
55,321304,186040,186039,"LINESTRING(-97.0816760002015 43.1875379999302,-97.081688999722 43.1889860002306)",160.87109879756966,truck_route,S 19,S 19,S,19,SD,4,1493,154,2
56,321309,186097,186094,"LINESTRING(-97.0814159999105 43.1238389996042,-97.0814750003601 43.1250420002087,-97.0814849995075 43.1252849997741)",160.74209836648834,truck_route,S 19,S 19,S,19,SD,4,1229,182,2
57,321315,186077,186068,"LINESTRING(-97.0815499998048 43.1368570004145,-97.0815489999799 43.1370550001992,-97.081552000353 43.1379569999181,-97.0815530001778 43.138303000275)",160.64449155509791,truck_route,S 19,S 19,S,19,SD,4,1229,182,2
58,321338,186058,186061,"LINESTRING(-97.0815799999421 43.1686949997776,-97.0815859997898 43.1689419993476,-97.0815649998734 43.169490999743,-97.0815690000714 43.1701810003338)",165.11770224215138,truck_route,S 19,S 19,S,19,SD,4,1229,182,2
59,321344,186052,186051,"LINESTRING(-97.0816209999499 43.1774020003124,-97.0816290003458 43.1785459999429,-97.0816309999957 43.1788509996113)",160.98038136729454,truck_route,S 19,S 19,S,19,SD,4,1493,154,2
60,321347,186046,186044,"LINESTRING(-97.0816460000643 43.1817470000229,-97.0816490004373 43.1831950001368)",160.8676286595469,truck_route,S 19,S 19,S,19,SD,4,1493,154,2
61,321351,186041,186040,"LINESTRING(-97.0816639996076 43.1860910001682,-97.0816730007268 43.1871320003619,-97.0816760002015 43.1875379999302)",160.7594047745488,truck_route,S 19,S 19,S,19,SD,4,1493,154,2
62,321365,186028,186027,"LINESTRING(-97.0817460005217 43.2005680005061,-97.0817520003695 43.2020160007433)",160.86872772868355,truck_route,S 19,S 19,S,19,SD,4,1493,154,2
63,321368,186023,186021,"LINESTRING(-97.0817769995855 43.206360000203,-97.0817849999815 43.2078070006518)",160.75839362724113,truck_route,S 19,S 19,S,19,SD,4,1493,154,2
64,321369,186024,186023,"LINESTRING(-97.081768000263 43.2049120002669,-97.0817769995855 43.206360000203)",160.8697403275751,truck_route,S 19,S 19,S,19,SD,4,1493,154,2
65,321374,186013,186012,"LINESTRING(-97.0818290003624 43.2164879996885,-97.08183699986 43.217254000055)",85.10279641531437,truck_route,S 19,S 19,S,19,SD,4,1493,154,2
66,321375,186019,186014,"LINESTRING(-97.081804000248 43.2135960000115,-97.0818030004231 43.2138539994695,-97.0818139993955 43.2150420006267)",160.64934568749845,truck_route,S 19,S 19,S,19,SD,4,1493,154,2
67,321381,185992,185990,"LINESTRING(-97.0820339995035 43.2367450000635,-97.0820579997929 43.2381929993813)",160.88071928334057,truck_route,S 19,S 19,S,19,SD,4,1493,154,2
68,321385,186002,186001,"LINESTRING(-97.0818829998908 43.226612999659,-97.0818909993883 43.2280589998783)",160.64784198656452,truck_route,S 19,S 19,S,19,SD,4,1493,154,2
69,321387,185997,185995,"LINESTRING(-97.0819609997086 43.2324019999266,-97.081984999998 43.2338499996902)",160.88064789499873,truck_route,S 19,S 19,S,19,SD,4,1493,154,2
70,321392,185988,185987,"LINESTRING(-97.0820979999759 43.2410869996386,-97.0821200006155 43.2425339999168)",160.7679703496174,truck_route,S 19,S 19,S,19,SD,4,1493,154,2
71,321428,181147,181181,"LINESTRING(-97.2013590000523 43.4013410000913,-97.2013289999151 43.4013410000913,-97.1994910001313 43.4013319996515,-97.1993719994073 43.4013299998437)",160.96936915002613,truck_route,S 44,S 44,S,44,SD,4,2217,182,2
72,321435,181378,181424,"LINESTRING(-97.1894350001261 43.4011650004593,-97.1874480003795 43.4011319996147)",161.00562669298208,truck_route,S 44,S 44,S,44,SD,4,2217,182,2
73,321436,181516,181527,"LINESTRING(-97.1840099995651 43.4010749996563,-97.1834749998129 43.4010670003907)",43.34869558594789,truck_route,S 44,S 44,S,44,SD,4,2217,182,2
74,321437,181494,181516,"LINESTRING(-97.1853209999925 43.401097000242,-97.1840099995651 43.4010749996563)",106.23041582689542,truck_route,S 44,S 44,S,44,SD,4,2217,182,2
75,321441,181743,182019,"LINESTRING(-97.1795150005633 43.4010030003535,-97.1777520002244 43.4009729998029)",142.85728401757416,truck_route,S 44,S 44,S,44,SD,4,2217,182,2
76,321442,182089,182145,"LINESTRING(-97.1755550004155 43.4009400001591,-97.1748089998777 43.400930000402,-97.1735749994432 43.4009159996949)",160.41981064504637,truck_route,S 44,S 44,S,44,SD,4,2217,182,2
77,321444,182028,182046,"LINESTRING(-97.1775339997662 43.4009700000734,-97.1769400004627 43.4009599996685)",48.131964917574244,truck_route,S 44,S 44,S,44,SD,4,2217,182,2
78,321766,173551,173600,"LINESTRING(-97.4441559999972 43.5435450004398,-97.4421650000526 43.5435430001232)",160.90984767433926,truck_route,S 42,S 42,S,42,SD,4,2509,108,2
79,321771,173600,173651,"LINESTRING(-97.4421650000526 43.5435430001232,-97.4401749999329 43.5435419999648)",160.82893219675853,truck_route,S 42,S 42,S,42,SD,4,2509,108,2
80,321773,173944,174091,"LINESTRING(-97.4282300000904 43.543530999524,-97.4279650006748 43.543530999524,-97.4262390001458 43.5435199997323)",160.91509489840467,truck_route,S 42,S 42,S,42,SD,4,2509,108,2
81,321780,174782,174859,"LINESTRING(-97.4043420000551 43.5433749993312,-97.4023519999354 43.543360000168)",160.83799240931359,truck_route,S 42,S 42,S,42,SD,4,2509,108,2
82,321784,174442,174483,"LINESTRING(-97.4142950001281 43.5434490001408,-97.4123050000085 43.5434339996937)",160.83779717105276,truck_route,S 42,S 42,S,42,SD,4,2509,108,2
83,321790,174859,175048,"LINESTRING(-97.4023519999354 43.543360000168,-97.4003609999908 43.5433450003498)",160.91883334086498,truck_route,S 42,S 42,S,42,SD,4,2509,108,2
84,321794,175425,175487,"LINESTRING(-97.3904079999178 43.5432609997365,-97.3884170008715 43.5432399995649)",160.9273168728901,truck_route,S 42,S 42,S,42,SD,4,2509,108,2
85,321797,172015,175494,"LINESTRING(-97.5083760000085 43.6641489996919,-97.501911999905 43.6641180003354,-97.4998849999754 43.6641220001065,-97.4986639999598 43.6641329999631,-97.4976170000214 43.6641469994823,-97.4941199996559 43.6642610002732,-97.4886020001068 43.6644910001039,-97.4883309999451 43.6645019998929,-97.4683450003314 43.6653579997996,-97.4633900001237 43.6655609997383,-97.4541340001846 43.6659619997829,-97.448376000436 43.6662019996511,-97.4464369994717 43.6662840001822,-97.4420219999375 43.6664699997672,-97.4394640004535 43.6665430006486,-97.4368900001778 43.6665800004383,-97.4357640005967 43.6665889997163,-97.4343169997269 43.6665820005668,-97.4315520005538 43.6665560001909,-97.4285640000012 43.6665230006474,-97.4278550001716 43.6665150001252,-97.426742000111 43.6665109998637,-97.426037999406 43.6665069996019,-97.4235609992146 43.6664780002953,-97.4225449992384 43.6664760001634,-97.4208810004303 43.6664479996087,-97.4197080000952 43.6664420005093,-97.4185199996915 43.6664309997762,-97.4174140002019 43.6664190002737,-97.4146370004349 43.6663889995576,-97.4136169993624 43.6663770000467,-97.412184000533 43.6663580000582,-97.4111669998335 43.6663539997862,-97.4097430003266 43.6663400001319,-97.4087979995971 43.6663329996537,-97.4070990006289 43.6663090006072,-97.4060879997773 43.6663080005384,-97.4037079996702 43.6662799999054,-97.4008949999182 43.6662609998861,-97.3999330003686 43.6662409997909,-97.3969520003871 43.6662110002855,-97.3953949999125 43.6662019996511,-97.3949519993234 43.66619999951,-97.3933429998685 43.6661810001153,-97.3909490004161 43.6661540001442,-97.3882619992641 43.6661229998736)",9695.90593979262,truck_route,I 90,I 90,I,90,SD,1,10622,2337,4
86,321808,175844,175894,"LINESTRING(-97.3764779999784 43.5432640002255,-97.3744890005819 43.5432699999009)",160.75013090771452,truck_route,S 42,S 42,S,42,SD,4,1525,78,2
87,321815,176152,176185,"LINESTRING(-97.3645250006382 43.5433209997215,-97.3625300004957 43.5433419998648)",161.2504313544359,truck_route,S 42,S 42,S,42,SD,4,1525,78,2
88,321818,176314,176352,"LINESTRING(-97.3565430004182 43.5434069999212,-97.3545469995525 43.5434280000347)",161.33107082232684,truck_route,S 42,S 42,S,42,SD,4,1525,78,2
89,321821,176852,176903,"LINESTRING(-97.3386299998665 43.5434719999076,-97.3366409995717 43.5434660002524)",160.74966678142815,truck_route,S 42,S 42,S,42,SD,4,1525,78,2
90,321824,176408,176460,"LINESTRING(-97.3525559996079 43.5434470004721,-97.3505659994882 43.5434650000928)",160.841556568242,truck_route,S 42,S 42,S,42,SD,4,1525,78,2
91,321829,177324,177390,"LINESTRING(-97.3306729997609 43.5434490001408,-97.3286830005395 43.5434439999922)",160.83003586655684,truck_route,S 42,S 42,S,42,SD,4,1525,78,2
92,321840,177652,177736,"LINESTRING(-97.3207260004339 43.5434179997335,-97.3187370001391 43.5434339996937)",160.7582278047405,truck_route,S 42,S 42,S,42,SD,4,1525,78,2
93,321861,178766,178807,"LINESTRING(-97.2769029999401 43.5434680005716,-97.2749110001706 43.5434599999454)",160.99316543000833,truck_route,S 42,S 42,S,42,SD,4,2258,102,2
94,321866,178886,179056,"LINESTRING(-97.2709259999084 43.5434460003122,-97.2689340001389 43.5434389998432)",160.99264745460354,truck_route,S 42,S 42,S,42,SD,4,2258,102,2
95,321870,179294,179329,"LINESTRING(-97.2589769998679 43.5434040000905,-97.2569850000984 43.5433969996166)",160.99275922047565,truck_route,S 42,S 42,S,42,SD,4,2258,102,2
96,321873,175467,175456,"LINESTRING(-97.3889459998777 43.7810350002399,-97.3889459998777 43.7812939999282,-97.3889469997026 43.7894050006373,-97.3889839995125 43.7961619997949,-97.3890590007539 43.8023840000061,-97.3890980002136 43.8039110005352,-97.389151999742 43.8061890002157,-97.3891989995977 43.8104220001875,-97.3891810000543 43.81169099994,-97.3891599992396 43.8131860001865,-97.3890999998635 43.8183899996612,-97.3891099999092 43.8250049998994,-97.3890899998177 43.8260800001028,-97.3889099998927 43.8328749994566,-97.388939000205 43.8393959996774,-97.3889469997026 43.8412089999193,-97.3889590002965 43.8443710000519,-97.388963999421 43.8452960005843,-97.3890029997791 43.8461389998655,-97.389051000358 43.8467479998332,-97.3891459998942 43.8475250000584,-97.3893099999257 43.8485929996142)",7507.813807849382,truck_route,U 81,U 81,U,81,SD,3,1646,305,2
97,321875,173326,173367,"LINESTRING(-97.4531279993558 44.0079380000544,-97.4511230000658 44.0079289997766)",160.7950401195039,truck_route,S 34,S 34,S,34,SD,4,1970,209,2
98,321879,171748,171820,"LINESTRING(-97.5144350000559 44.0082060003074,-97.5133110001247 44.0081979995941)",90.14371888025768,truck_route,S 34,S 34,S,34,SD,4,1970,209,2
99,321881,171738,171748,"LINESTRING(-97.5147969995559 44.0082090001707,-97.5144350000559 44.0082060003074)",29.032512514751453,truck_route,S 34,S 34,S,34,SD,4,1970,209,2
100,321900,172845,172895,"LINESTRING(-97.473185000013 44.0080340005639,-97.4711789999998 44.0080209996089)",160.87841541616982,truck_route,S 34,S 34,S,34,SD,4,1970,209,2
101,321902,172895,172942,"LINESTRING(-97.4711789999998 44.0080209996089,-97.4704170004668 44.008017000209,-97.4691729999866 44.0080109998166)",160.87580464743172,truck_route,S 34,S 34,S,34,SD,4,1970,209,2
102,321905,172997,173050,"LINESTRING(-97.4671669999734 44.0080019995498,-97.4651619997852 44.0079929999278)",160.7949388109252,truck_route,S 34,S 34,S,34,SD,4,1970,209,2
103,321909,173280,173326,"LINESTRING(-97.455133999369 44.0079469996848,-97.4531279993558 44.0079380000544)",160.8752672982048,truck_route,S 34,S 34,S,34,SD,4,1970,209,2
104,321916,173626,173666,"LINESTRING(-97.4410939998248 44.0078849998344,-97.4409270003185 44.0078839996592,-97.4390889996365 44.0078739998438)",160.7967970960683,truck_route,S 34,S 34,S,34,SD,4,1970,209,2
105,321934,174763,174824,"LINESTRING(-97.4050009996559 44.0079770003811,-97.4047340005905 44.0079809997836,-97.4029949996427 44.0079809997836)",160.87666694865808,truck_route,S 34,S 34,S,34,SD,4,1970,209,2
106,321943,183619,185646,"LINESTRING(-97.1294260003329 43.666561000514,-97.1294239997847 43.666561000514,-97.1288090005648 43.6665640007076,-97.127149000158 43.6665699997949,-97.1258230005604 43.6665729999881,-97.1252109999169 43.6665659995371,-97.1246219997379 43.6665449994787,-97.1243859997364 43.6665309998689,-97.1240660000692 43.6665059995364,-97.1235000003548 43.6664499997417,-97.1231140005654 43.6664060000519,-97.1226299999684 43.6663359998587,-97.1220709999267 43.6662389996511,-97.1214829995726 43.6661140005257,-97.1205960003661 43.6659059994806,-97.1201919992368 43.6657929999416,-97.1197239994316 43.6656489996744,-97.1192530001518 43.6654939994567,-97.1188699998371 43.6653389994885,-97.1183419997575 43.6651200006331,-97.1177900002868 43.6648689993184,-97.1174259993404 43.6646939997253,-97.116903000182 43.6644130001244,-97.1161540001694 43.6639500006095,-97.1151109995307 43.6632159999754,-97.1093670000258 43.6587849993938,-97.0986690001382 43.6505379996333,-97.0986449998487 43.650518999832,-97.0983850004561 43.6503190007374,-97.0946730000053 43.6474560000039,-97.0939449999092 43.6469050004024,-97.093581999686 43.6466300005296,-97.0930119997736 43.6462059998945,-97.0911539998984 43.644850000193,-97.0896149998655 43.643819000451)",4239.24506294509,truck_route,I 90,I 90,I,90,SD,1,11118,2413,4
107,321950,179426,179458,"LINESTRING(-97.253001999486 43.5433840001297,-97.2510109995414 43.5433769996535)",160.91200878395694,truck_route,S 42,S 42,S,42,SD,4,2258,102,2
108,321966,180531,180578,"LINESTRING(-97.2191489996821 43.5434410001633,-97.2171579997375 43.5434349998538)",160.91135710914605,truck_route,S 42,S 42,S,42,SD,4,2258,102,2
109,321977,181227,181264,"LINESTRING(-97.1972429993705 43.5433949999462,-97.1952520003242 43.5433929996245)",160.91017403510205,truck_route,S 42,S 42,S,42,SD,4,2258,102,2
110,321992,182465,182476,"LINESTRING(-97.1668980007011 43.5435270001919,-97.1664339992973 43.5435250005258)",37.50058192148254,truck_route,S 42,S 42,S,42,SD,4,2258,102,2
111,322009,183278,183346,"LINESTRING(-97.135499000624 43.5433619998396,-97.1335100003293 43.5433430000265)",160.7624540517751,truck_route,S 42,S 42,S,42,SD,4,2258,102,2
112,322014,184073,184115,"LINESTRING(-97.1255659997441 43.5432900005506,-97.1253680002757 43.5432900005506)",16.00209370198795,truck_route,S 42,S 42,S,42,SD,4,2258,102,2
113,322022,184688,184762,"LINESTRING(-97.1092270002837 43.5431859998342,-97.1076380000221 43.5431869999984)",128.42147659887286,truck_route,S 42,S 42,S,42,SD,4,2809,101,2
114,322023,184707,184708,"LINESTRING(-97.1091069997348 43.522853000558,-97.1091040002601 43.5242990004253)",160.65502507961523,truck_route,S 19,S 19,S,19,SD,4,1154,181,2
115,322029,184709,184711,"LINESTRING(-97.109100999887 43.5257449995027,-97.1090969996891 43.5271919995198)",160.7663685481592,truck_route,S 19,S 19,S,19,SD,4,1154,181,2
116,322036,184196,184351,"LINESTRING(-97.1235489998603 43.5432819999008,-97.1215269999536 43.5432740005523)",163.41820092552234,truck_route,S 42,S 42,S,42,SD,4,2258,102,2
117,322038,184710,184706,"LINESTRING(-97.109097999514 43.535882000394,-97.109097999514 43.5360819998433,-97.1091109999328 43.537326000643)",160.43703998299992,truck_route,S 19,S 19,S,19,SD,4,1154,181,2
118,322047,184676,184688,"LINESTRING(-97.1096229992205 43.5431890003269,-97.1092270002837 43.5431859998342)",32.00597778983876,truck_route,S 42,S 42,S,42,SD,4,2258,102,2
119,322048,184687,184688,"LINESTRING(-97.1092270002837 43.5431280000454,-97.1092270002837 43.5431859998342)",6.443969433949299,truck_route,S 19,S 19,S,19,SD,4,1154,181,2
120,322050,184817,184902,"LINESTRING(-97.1056510002755 43.5431880001627,-97.1036639996305 43.54318999984)",160.58757266069102,truck_route,S 42,S 42,S,42,SD,4,2809,101,2
121,322072,186387,186447,"LINESTRING(-97.0718450003272 43.5432799995754,-97.0698619998802 43.5432759995755)",160.26450736495988,truck_route,S 42,S 42,S,42,SD,4,2968,157,2
122,322074,186447,186742,"LINESTRING(-97.0698619998802 43.5432759995755,-97.0692890004931 43.5432759995755,-97.0678790003315 43.5432799995754)",160.26468669895885,truck_route,S 42,S 42,S,42,SD,4,2968,157,2
123,322076,186813,186859,"LINESTRING(-97.0658959998846 43.5432859999003,-97.0639040001151 43.543293000387)",160.99305459881492,truck_route,S 42,S 42,S,42,SD,4,2968,157,2
124,322078,185709,185708,"LINESTRING(-97.0892149998324 43.5649219996923,-97.0892390001218 43.5663720001341)",161.11217571541363,truck_route,S 19,S 19,S,19,SD,4,759,124,2
125,322084,185719,185717,"LINESTRING(-97.0890879996108 43.553337000669,-97.0890950001818 43.5547849994042)",160.87877783783534,truck_route,S 19,S 19,S,19,SD,4,759,124,2
126,322095,185699,185697,"LINESTRING(-97.0893510002748 43.5765089993706,-97.0893529999247 43.5779579998204)",160.98981345402552,truck_route,S 19,S 19,S,19,SD,4,759,124,2
127,322098,185697,185698,"LINESTRING(-97.0893529999247 43.5779579998204,-97.0893529999247 43.5782819999165,-97.0893520000997 43.57930299968,-97.0893520000997 43.5794070005423)",160.98983236965353,truck_route,S 19,S 19,S,19,SD,4,759,124,2
128,322107,185688,185687,"LINESTRING(-97.0894019994301 43.5881010000295,-97.0894120003742 43.5895470004944)",160.65877924346344,truck_route,S 19,S 19,S,19,SD,4,759,124,2
129,322120,185656,185654,"LINESTRING(-97.0895529999412 43.6069250005791,-97.089562000162 43.6079329998848,-97.0895629999869 43.6083719998857)",160.7706800232782,truck_route,S 19,S 19,S,19,SD,4,786,98,2
130,322127,185659,185666,"LINESTRING(-97.0895460002685 43.6156149999196,-97.0895420000705 43.6162309998315,-97.089515999233 43.6170630004641)",160.9043288607851,truck_route,S 19,S 19,S,19,SD,4,786,98,2
131,322129,185674,185685,"LINESTRING(-97.0894690002756 43.618511000608,-97.0894600000548 43.6187899999526,-97.0894280002677 43.6199569993177)",160.69164854234052,truck_route,S 19,S 19,S,19,SD,4,786,98,2
132,322141,185759,185811,"LINESTRING(-97.0877870001275 43.6461139997418,-97.0877119997844 43.6461089996658,-97.0874990002474 43.6461089996658,-97.0872420003295 43.6461079992606,-97.0867800003721 43.6461200002223,-97.086444999738 43.6461399998699,-97.0860699998193 43.646180000445)",138.9953762940484,truck_route,S 38,S 38,S,38,SD,4,2182,109,2
133,322145,185651,185759,"LINESTRING(-97.0895710003829 43.6463570002001,-97.0892030001368 43.6462750004041,-97.0888310005912 43.6462119997158,-97.0884879995612 43.6461650002325,-97.0880530002663 43.646128999967,-97.0877870001275 43.6461139997418)",146.8873419305037,truck_route,S 38,S 38,S,38,SD,4,2182,109,2
134,322148,185644,185647,"LINESTRING(-97.0896159996904 43.6439650000019,-97.0896149998655 43.644141999783,-97.0896149998655 43.6442150005104,-97.0896120003907 43.6446489999938)",75.99679660814564,truck_route,S 19,S 19,S,19,SD,4,2090,121,2
135,322153,187956,188014,"LINESTRING(-97.0440799999847 43.5433159995622,-97.0420969995377 43.5433059998936)",160.26765460007428,truck_route,S 42,S 42,S,42,SD,4,2968,157,2
136,322162,188066,188127,"LINESTRING(-97.0401150007123 43.5432959995722,-97.0387030000026 43.5432890003881,-97.0381309995421 43.5432870000629)",160.34791725598984,truck_route,S 42,S 42,S,42,SD,4,2968,157,2
137,322178,189298,189339,"LINESTRING(-97.0063609997442 43.5434899995208,-97.0043670003249 43.5434830003592)",161.15413670131522,truck_route,S 42,S 42,S,42,SD,4,2968,157,2
138,322184,186544,186532,"LINESTRING(-97.0696130003582 43.7122099997883,-97.06961099981 43.7123589997503,-97.0696159998329 43.7128800003001,-97.0696309999015 43.7134000002832,-97.0696430004954 43.7136580000237)",160.91358263171864,truck_route,S 19,S 19,S,19,SD,4,1724,141,2
139,322188,186162,186205,"LINESTRING(-97.0799089996646 43.6473489998987,-97.0798489993901 43.6473609999625,-97.0793069999652 43.647459999585,-97.0787650005402 43.6475500001639,-97.0784140000126 43.6475969998637,-97.0780879995993 43.6476280005998,-97.0779280006641 43.6476379998484)",163.24692586369727,truck_route,S 38,S 38,S,38,SD,4,2182,109,2
140,322221,186483,186474,"LINESTRING(-97.0697539999252 43.6861469994755,-97.0697819995143 43.6875949998307)",160.89755371541597,truck_route,S 19,S 19,S,19,SD,4,1724,141,2
141,322231,186481,186485,"LINESTRING(-97.069758999948 43.7006270004307,-97.0697489999023 43.7020750005939)",160.88412275996518,truck_route,S 19,S 19,S,19,SD,4,1724,141,2
142,322235,186497,186523,"LINESTRING(-97.0697160002903 43.7093149995557,-97.0697139997422 43.7093890002595,-97.0696889996278 43.7100939994435,-97.0696569998408 43.7107629996082)",160.9545570529553,truck_route,S 19,S 19,S,19,SD,4,1724,141,2
143,322257,186486,186492,"LINESTRING(-97.0697430000545 43.7397209995392,-97.0697279999859 43.7411690001341)",160.88779368101763,truck_route,S 19,S 19,S,19,SD,4,1724,141,2
144,322258,186498,186502,"LINESTRING(-97.0697129999173 43.7426170001056,-97.0696979998487 43.7440649994512)",160.8877362777549,truck_route,S 19,S 19,S,19,SD,4,1724,141,2
145,322261,186512,186525,"LINESTRING(-97.0696689995364 43.7484090001957,-97.0696639995135 43.7493929996733,-97.069655000191 43.7498569996072)",160.88920703127798,truck_route,S 19,S 19,S,19,SD,4,1724,141,2
146,322265,186525,186528,"LINESTRING(-97.069655000191 43.7498569996072,-97.069650999993 43.7500559998639,-97.06964799962 43.7507199998075,-97.0696519998179 43.7513049996775)",160.88702576264006,truck_route,S 19,S 19,S,19,SD,4,1724,141,2
147,322278,186577,186586,"LINESTRING(-97.0695269992461 43.7730360001321,-97.0695160002738 43.7744850005979)",160.99772642640835,truck_route,S 19,S 19,S,19,SD,4,1724,141,2
148,322279,186569,186577,"LINESTRING(-97.0695380000151 43.7715869995859,-97.0695269992461 43.7730360001321)",160.99769529806986,truck_route,S 19,S 19,S,19,SD,4,1724,141,2
149,322280,186561,186564,"LINESTRING(-97.0695499997107 43.7701379996105,-97.0695420002131 43.7710650001953)",102.99897597237093,truck_route,S 19,S 19,S,19,SD,4,1724,141,2
150,322295,183632,183631,"LINESTRING(-97.1293389993959 44.0075820002278,-97.1293389993959 44.0076909997591,-97.1293389993959 44.0080579995363,-97.1293399992208 44.0081179995092)",59.55664620010758,truck_route,U 81,U 81,U,81,SD,3,3563,182,2
151,322334,186507,186505,"LINESTRING(-97.0696810001302 43.8352949994489,-97.0696889996278 43.8367429998554)",160.8872226552715,truck_route,S 19,S 19,S,19,SD,4,1683,140,2
152,322336,186515,186514,"LINESTRING(-97.0696600002138 43.8280560004422,-97.0696639995135 43.8295039995784)",160.8859121145516,truck_route,S 19,S 19,S,19,SD,4,1683,140,2
153,322369,186704,186705,"LINESTRING(-97.0690069995624 43.8743749996324,-97.0690059997375 43.8745999999645,-97.068997000415 43.8752909994322,-97.0689859996461 43.8758230000574)",160.89719150403153,truck_route,S 19,S 19,S,19,SD,4,1683,140,2
154,322377,186709,186708,"LINESTRING(-97.0689520002092 43.8874100000454,-97.0689570002321 43.8888580002794)",160.88789182534077,truck_route,S 19,S 19,S,19,SD,4,1683,140,2
155,322381,186677,186678,"LINESTRING(-97.0690650001871 43.9004279997273,-97.0690650001871 43.9018769999896)",160.998871583975,truck_route,S 19,S 19,S,19,SD,4,1683,140,2
156,322382,186679,186680,"LINESTRING(-97.0690639994639 43.8960829999027,-97.0690639994639 43.8975319997491)",160.99870246636632,truck_route,S 19,S 19,S,19,SD,4,1683,140,2
157,322390,186675,186671,"LINESTRING(-97.069066000012 43.906220999688,-97.0690679996618 43.9076700000443)",160.99912602777616,truck_route,S 19,S 19,S,19,SD,4,1683,140,2
158,322393,186368,186333,"LINESTRING(-97.0727290000589 43.973595000528,-97.0739880006077 43.9747220003023)",160.89286727072454,truck_route,S 19,S 19,S,19,SD,4,2800,104,2
159,322405,186662,186665,"LINESTRING(-97.0690760000577 43.923599999934,-97.069073000583 43.9250490003188)",160.999720865794,truck_route,S 19,S 19,S,19,SD,4,1683,140,2
160,322407,186683,186686,"LINESTRING(-97.069061999814 43.9293930000054,-97.069058999441 43.9308420003151)",160.9998764673869,truck_route,S 19,S 19,S,19,SD,4,1683,140,2
161,322423,186630,186628,"LINESTRING(-97.0693439998463 43.9540140000592,-97.0693599997399 43.9554619994709)",160.89430715262233,truck_route,S 19,S 19,S,19,SD,4,1683,140,2
162,322428,186628,186624,"LINESTRING(-97.0693599997399 43.9554619994709,-97.0693769994583 43.9569099998129)",160.89511176574993,truck_route,S 19,S 19,S,19,SD,4,1683,140,2
163,322447,184358,184466,"LINESTRING(-97.1213790007139 44.0071029997647,-97.1199069997297 44.0071059996839,-97.1182600006401 44.0071170004631)",250.13937995092368,truck_route,S 34,S 34,S,34,SD,3,6108,507,4
164,322466,196432,196429,"LINESTRING(-96.7311910004771 43.5093020005427,-96.7311219999818 43.5093940001815,-96.7311349995023 43.5100210004788,-96.7311399995252 43.5102799999059,-96.7311399995252 43.5102820000229,-96.7311349995023 43.5108839996601,-96.7312100007437 43.5109600006938)",187.59629927902748,truck_route,Minnesota Ave,S 115,S,115,SD,3,14145,240,2
165,322467,196376,196439,"LINESTRING(-96.7329399996741 43.0837700001999,-96.7319159993019 43.0837819994246,-96.7309670001711 43.0837930000787)",160.68184819297414,truck_route,S 46,S 46,S,46,SD,4,2151,295,2
166,322471,190505,190500,"LINESTRING(-96.9636779999736 43.0557480001736,-96.9637159996084 43.0571650000663)",157.45038968622572,truck_route,S 19,S 19,S,19,SD,4,774,94,2
167,322476,190524,190535,"LINESTRING(-96.9635710007418 42.9936570000163,-96.9634999996983 42.995102000558)",160.6332902292935,truck_route,S 19,S 19,S,19,SD,4,774,94,2
168,322481,190555,190561,"LINESTRING(-96.9633139999255 42.9980009999232,-96.9632239995138 42.9994510005203)",161.25158754943968,truck_route,S 19,S 19,S,19,SD,4,774,94,2
169,322495,190571,190560,"LINESTRING(-96.9630059999539 43.0210849998997,-96.9630879999697 43.0216659998535,-96.9632249993387 43.0225120002048)",159.53623503869056,truck_route,S 19,S 19,S,19,SD,4,774,94,2
170,322496,190560,190548,"LINESTRING(-96.9632249993387 43.0225120002048,-96.9633690001771 43.0234099997718,-96.9634180005809 43.0238260004536)",146.83686988163822,truck_route,S 19,S 19,S,19,SD,4,774,94,2
171,322501,190506,190507,"LINESTRING(-96.9636719992275 43.0282680003865,-96.9636490005596 43.0297139999126)",160.65179641001,truck_route,S 19,S 19,S,19,SD,4,774,94,2
172,322503,190504,190506,"LINESTRING(-96.9636839998214 43.0268210001339,-96.9636850005446 43.027399999366,-96.9636719992275 43.0282680003865)",160.75786776697154,truck_route,S 19,S 19,S,19,SD,4,774,94,2
173,322511,190525,190521,"LINESTRING(-96.9635590001479 43.0441770001219,-96.9635930004831 43.0456230003264)",160.66527150177538,truck_route,S 19,S 19,S,19,SD,4,774,94,2
174,322524,189820,189879,"LINESTRING(-96.9860239996029 43.0835089999146,-96.984042999704 43.0835079993734)",161.3137579268216,truck_route,S 46,S 46,S,46,SD,4,3086,265,2
175,322527,189773,189820,"LINESTRING(-96.9880010002021 43.0835069994883,-96.9866709995081 43.0835089999146,-96.9860239996029 43.0835089999146)",160.98828331072355,truck_route,S 46,S 46,S,46,SD,4,3086,265,2
176,322543,190480,190486,"LINESTRING(-96.963910999602 43.0716460003654,-96.9638400003553 43.0730910005492)",160.6351757131845,truck_route,S 19,S 19,S,19,SD,4,774,94,2
177,322544,190229,190296,"LINESTRING(-96.9702259997426 43.0835379998554,-96.9682520004147 43.0835410001652)",160.7439244968062,truck_route,S 46,S 46,S,46,SD,4,3086,265,2
178,322556,190544,190607,"LINESTRING(-96.9634529998427 43.0835469994723,-96.9623810006883 43.0835480000128)",87.29339241144343,truck_route,S 46,S 46,S,46,SD,4,3061,288,2
179,322560,190534,190540,"LINESTRING(-96.9635039998963 43.0817590002043,-96.9634760003072 43.0826979998333)",104.34245729960163,truck_route,S 19,S 19,S,19,SD,4,774,94,2
180,322564,190607,190609,"LINESTRING(-96.9623810006883 43.0835480000128,-96.9623620004217 43.0835480000128)",1.5471993261019148,truck_route,S 46,S 46,S,46,SD,4,3061,288,2
181,322577,189957,189950,"LINESTRING(-96.9809919994023 43.1120210000483,-96.98126900031 43.1120050001515)",22.615809713254016,truck_route,S 19,S 19,S,19,SD,4,294,14,2
182,322581,190002,189969,"LINESTRING(-96.9790120002267 43.1121399997229,-96.9795129996438 43.1121049997654,-96.9804380002817 43.1120520004101)",116.48067744396099,truck_route,S 19,S 19,S,19,SD,4,294,14,2
183,322584,190627,190632,"LINESTRING(-96.9619489999698 43.0938339999576,-96.9618419998397 43.0945580003697,-96.9617640000219 43.0950800001331)",139.2409222877711,truck_route,S 19,S 19,S,19,SD,4,635,16,2
184,322598,190672,190671,"LINESTRING(-96.9611399996828 43.1095629994998,-96.9611579992262 43.110932000071,-96.9611589999494 43.1110139997875)",161.20613101699254,truck_route,S 19,S 19,S,19,SD,4,635,16,2
185,322619,191315,191357,"LINESTRING(-96.9406489995557 43.0836100000337,-96.9386739995046 43.0836219992897)",160.83039272610574,truck_route,S 46,S 46,S,46,SD,4,3061,288,2
186,322630,191775,191822,"LINESTRING(-96.9228449996822 43.0837260001794,-96.9208600004837 43.0837260001794)",161.63881259901012,truck_route,S 46,S 46,S,46,SD,4,3061,288,2
187,322647,192737,192773,"LINESTRING(-96.8833449995594 43.0837190003522,-96.8813860003002 43.0837150001694)",159.52227560242233,truck_route,S 46,S 46,S,46,SD,4,3061,288,2
188,322657,194895,194883,"LINESTRING(-96.7955309992407 43.0113090006211,-96.7955099993243 43.0148249999274,-96.7955030005499 43.0174130000949,-96.7955030005499 43.0207090006166,-96.7955030005499 43.0256649994203,-96.7954870006564 43.0309539999281,-96.7954729995144 43.0357060002273,-96.7954609998188 43.0402050001352,-96.795454999971 43.0422350000704,-96.7954470004734 43.0505250003245,-96.7954430002754 43.0546779999834,-96.7954559997959 43.0561100000477,-96.7955090003977 43.0586689997618,-96.795562999926 43.0614650003794,-96.7956260005736 43.0642699999821,-96.7956440001169 43.065153999564,-96.7957140004371 43.0685210003311,-96.7957299994323 43.0692109992903,-96.7958340000877 43.0739290003041,-96.7959140004536 43.078410000414,-96.7959449995175 43.0798510001152,-96.7960169994875 43.083706999803)",8043.313953662862,truck_route,I 29,I 29,I,29,SD,1,12176,2715,4
189,322659,194128,194168,"LINESTRING(-96.830069999308 43.0836689996884,-96.8280950001552 43.0836669999235)",160.82481238820114,truck_route,S 46,S 46,S,46,SD,4,3061,288,2
190,322665,193549,193595,"LINESTRING(-96.8517820003491 43.083689999841,-96.8498109995977 43.0836889999588)",160.49905046311667,truck_route,S 46,S 46,S,46,SD,4,3061,288,2
191,322674,193886,193926,"LINESTRING(-96.8399410002636 43.0836780005982,-96.8379679998624 43.0836760001775)",160.66203029841157,truck_route,S 46,S 46,S,46,SD,4,3061,288,2
192,322680,194202,194236,"LINESTRING(-96.8261200001042 43.083666000041,-96.8254539999323 43.0836649995023,-96.824145999878 43.083666000041)",160.74349455519155,truck_route,S 46,S 46,S,46,SD,4,3061,288,2
193,322681,194168,194202,"LINESTRING(-96.8280950001552 43.0836669999235,-96.8261200001042 43.083666000041)",160.8247743675171,truck_route,S 46,S 46,S,46,SD,4,3061,288,2
194,322691,194651,194661,"LINESTRING(-96.8056670005102 43.0836689996884,-96.8052720005 43.0836710001094)",32.16571310151268,truck_route,S 46,S 46,S,46,SD,4,4490,216,2
195,322692,194752,194801,"LINESTRING(-96.801320000748 43.0836869995385,-96.7993439999737 43.0836949999075)",160.90861572856656,truck_route,S 46,S 46,S,46,SD,4,4490,216,2
196,322698,194954,194991,"LINESTRING(-96.7934740000722 43.0836920002613,-96.7923359998972 43.0836869995385,-96.7914759995566 43.0836880000767)",162.69936436307415,truck_route,S 46,S 46,S,46,SD,4,5352,268,4
197,322700,194890,194897,"LINESTRING(-96.7957210001098 43.0837059999211,-96.7954579994457 43.0837029996194)",21.418788680457993,truck_route,S 46,S 46,S,46,SD,4,5352,268,2
198,322708,195149,195192,"LINESTRING(-96.783562000007 43.0836740004127,-96.7816110002454 43.0836729998743)",158.8704073808498,truck_route,S 46,S 46,S,46,SD,4,5352,268,4
199,322710,195280,195329,"LINESTRING(-96.7776720000139 43.0836719999918,-96.7771199996449 43.0836719999918,-96.7756959992396 43.0836719999918)",160.9062107553687,truck_route,S 46,S 46,S,46,SD,4,5352,268,4
200,322713,195523,195573,"LINESTRING(-96.7697699992616 43.0836839998919,-96.7697500000684 43.0836839998919,-96.7687369995669 43.083684999774,-96.7677589992255 43.0836859996563)",163.7563266147829,truck_route,S 46,S 46,S,46,SD,4,5352,268,4
201,322716,195573,195596,"LINESTRING(-96.7677589992255 43.0836859996563,-96.7664820000317 43.0836880000767)",103.98655871453091,truck_route,S 46,S 46,S,46,SD,4,5352,268,4
202,322720,195714,195754,"LINESTRING(-96.7605639995512 43.0836930001434,-96.7594100003811 43.0836949999075,-96.7585900002234 43.0836949999075)",160.74343650369931,truck_route,S 46,S 46,S,46,SD,4,2151,295,2
203,322725,195963,196003,"LINESTRING(-96.7506909998441 43.0837050000392,-96.748715999793 43.083706999803)",160.82478613595484,truck_route,S 46,S 46,S,46,SD,4,2151,295,2
204,322732,196330,196376,"LINESTRING(-96.7349130000753 43.0837459997751,-96.7329399996741 43.0837700001999)",160.68378822579226,truck_route,S 46,S 46,S,46,SD,4,2151,295,2
206,322751,189993,190001,"LINESTRING(-96.9796280001698 43.3720949996301,-96.9791310000524 43.3719939997102)",41.814252669656206,truck_route,S 44,S 44,S,44,SD,4,1548,224,2
207,322774,191577,191633,"LINESTRING(-96.9313650000275 43.362145999627,-96.93047100025 43.3619529995512,-96.9296390003968 43.3617439997479,-96.9294770000151 43.3616989994835)",160.95311783128608,truck_route,S 44,S 44,S,44,SD,4,1548,224,2
208,322789,192336,192389,"LINESTRING(-96.901155000179 43.344863000264,-96.9010849998588 43.344863000264,-96.8994450004418 43.3448730001242,-96.8991750001051 43.3448719999422)",160.55015620334245,truck_route,S 44,S 44,S,44,SD,4,1548,224,2
209,322792,192438,192472,"LINESTRING(-96.8969969996644 43.3448689993963,-96.8957060002269 43.3448650006281,-96.8952190001552 43.3448669996856)",144.16790237171398,truck_route,S 44,S 44,S,44,SD,4,1548,224,2
210,322794,191708,191732,"LINESTRING(-96.9258999992835 43.360475999925,-96.9250310005187 43.3600830001188,-96.9244870005456 43.3598109999124)",136.33660994210106,truck_route,S 44,S 44,S,44,SD,4,1548,224,2
211,322811,192779,192817,"LINESTRING(-96.8811190003365 43.3305179996076,-96.8791259998438 43.3305280005235)",161.6412180450481,truck_route,S 44,S 44,S,44,SD,4,2592,218,2
212,322812,192817,192821,"LINESTRING(-96.8791259998438 43.3305280005235,-96.8789669998351 43.3305290002884)",12.895781521726757,truck_route,S 44,S 44,S,44,SD,4,2592,218,2
213,322815,192678,192681,"LINESTRING(-96.8857659996743 43.3444959996184,-96.8857570003518 43.3432679998518,-96.8857590000016 43.3430629999094)",159.2079896329759,truck_route,S 44,S 44,S,44,SD,4,1771,149,2
214,322834,194880,194873,"LINESTRING(-96.7960550000206 43.3014379999078,-96.7960559998455 43.3015090001581,-96.796111999922 43.3055590001347,-96.796111999922 43.3055609998323,-96.7961500004552 43.3083039994906,-96.7961860004402 43.3108450002765,-96.7962149998542 43.3134119999734,-96.79626000006 43.3158959999871,-96.7962800001515 43.3172600001828,-96.796292999672 43.3189339999297,-96.7963370000529 43.3208319997735,-96.7963349995048 43.3223089995377,-96.7963450004489 43.3238869997769,-96.796336000228 43.3254570001058,-96.7963260001823 43.3275519996319,-96.7963260001823 43.3303019996774)",3206.893105891579,truck_route,I 29,I 29,I,29,SD,1,20024,3704,4
215,322846,193612,193647,"LINESTRING(-96.8494009995189 43.3305399996602,-96.8483109999228 43.3305440000253,-96.8474160003204 43.3305339997655)",160.99804678888034,truck_route,S 44,S 44,S,44,SD,4,2592,218,2
216,322858,194173,194208,"LINESTRING(-96.8275729999234 43.3304019999705,-96.826241000478 43.3303940005281,-96.8255879998266 43.3303920003406)",160.99300320690813,truck_route,S 44,S 44,S,44,SD,4,2592,218,2
217,322866,194539,194574,"LINESTRING(-96.811696999347 43.3303619994809,-96.8108710002399 43.3303510000768,-96.8097129999734 43.3303589995248)",160.92317739601265,truck_route,S 44,S 44,S,44,SD,4,2592,218,2
218,322867,194612,194649,"LINESTRING(-96.8077289997016 43.3303589995248,-96.8064300007664 43.3303599999459,-96.8057440005031 43.3303540000333)",160.99295980996078,truck_route,S 44,S 44,S,44,SD,4,2592,218,2
219,322868,194747,194793,"LINESTRING(-96.8017750001344 43.3303230000401,-96.80102800067 43.3303209998503,-96.8003750000186 43.3303199994287,-96.7997909998625 43.3303170001239)",160.9096894703528,truck_route,S 44,S 44,S,44,SD,4,2592,218,2
220,322881,194929,194993,"LINESTRING(-96.7943290003899 43.4878649999348,-96.794260000793 43.4880469996851,-96.7938870005241 43.4890419997342,-96.793696999655 43.4895440003095,-96.7935309999736 43.4899920001923,-96.7934190007189 43.4902989999941,-96.7932640000099 43.4907089999472,-96.7932149996061 43.4908409994925,-96.7931669999255 43.4909690004941,-96.7930840000848 43.4911910000302,-96.7926600006606 43.4923189997025,-96.7925569998302 43.4925769997835,-96.7924360003547 43.4928639997102,-96.7923509999658 43.493057000563,-96.7921949994319 43.4933850003677,-96.7921259998349 43.493527999717,-96.7919599992553 43.4938460001733,-96.7918819994375 43.4939900000628,-96.7917590003121 43.4942070005554,-96.7916759995731 43.4943489995909,-96.7913700001497 43.4948500000556,-96.7913490002333 43.4948820003252)",817.1413680015859,truck_route,I 29,I 29,I,29,SD,1,49796,7420,4
221,322893,197813,197853,"LINESTRING(-96.6990369996414 43.0837669999012,-96.6974590001487 43.0837639996025)",128.4971090854083,truck_route,S 46,S 46,S,46,SD,4,2151,295,2
222,322894,196999,197070,"LINESTRING(-96.7151679995876 43.0837700001999,-96.7142060000381 43.0837650001395,-96.7132109999782 43.0837639996025)",159.3607434940315,truck_route,S 46,S 46,S,46,SD,4,2151,295,2
223,322902,196909,196999,"LINESTRING(-96.7171329995929 43.0837799996633,-96.716325999854 43.0837750002598,-96.7151679995876 43.0837700001999)",160.01413178541682,truck_route,S 46,S 46,S,46,SD,4,2151,295,2
224,322922,198612,198648,"LINESTRING(-96.6777370001256 43.083860999784,-96.6773639998567 43.0838630001987,-96.6761629999325 43.0838630001987,-96.675770999397 43.0838579994899)",160.09705620675823,truck_route,S 46,S 46,S,46,SD,4,2151,295,2
225,322929,200291,200287,"LINESTRING(-96.6279890003769 42.9989400004686,-96.6280019998974 43.000388000734)",160.8657944027003,truck_route,S 11,S 11,S,11,SD,4,498,19,2
226,322940,200261,200255,"LINESTRING(-96.6281040000047 43.014877000295,-96.6281090000275 43.0163110000261)",159.30791096703808,truck_route,S 11,S 11,S,11,SD,4,1414,55,2
227,322943,200267,200266,"LINESTRING(-96.6280739998674 43.010527000165,-96.6280789998903 43.0113240001378)",88.54201573168287,truck_route,S 11,S 11,S,11,SD,4,498,19,2
228,322959,200240,200241,"LINESTRING(-96.6281240000962 43.0293729996043,-96.6281220004463 43.0301590001444,-96.6281240000962 43.0308220002854)",160.97463252822936,truck_route,S 11,S 11,S,11,SD,4,1414,55,2
229,322987,199216,199259,"LINESTRING(-96.6520880002994 43.0837209994594,-96.6501109997002 43.0837239997602)",160.9878395587674,truck_route,S 46,S 46,S,46,SD,4,2151,295,2
230,322989,199469,199511,"LINESTRING(-96.6461580001234 43.0837289998239,-96.6441830000724 43.0837320001244)",160.82491400326526,truck_route,S 46,S 46,S,46,SD,4,2151,295,2
231,322992,199871,200033,"LINESTRING(-96.6382570000943 43.0837340005434,-96.6376009999682 43.0837320001244,-96.6362820000432 43.0837190003522)",160.8347464790216,truck_route,S 46,S 46,S,46,SD,4,2151,295,2
232,322993,199658,199871,"LINESTRING(-96.6402329999702 43.0837350004247,-96.6392289996896 43.0837360003061,-96.6382570000943 43.0837340005434)",160.90635930675714,truck_route,S 46,S 46,S,46,SD,4,2151,295,2
233,322995,200085,200093,"LINESTRING(-96.6345059992855 43.0837009998555,-96.634308999642 43.0836990000916)",16.043258588025243,truck_route,S 46,S 46,S,46,SD,4,2151,295,2
234,322997,200648,200684,"LINESTRING(-96.6165530003474 43.0836109999171,-96.6145559996567 43.0836090001503)",162.61655465681747,truck_route,S 46,S 46,S,46,SD,4,1997,383,2
235,323006,200276,200292,"LINESTRING(-96.6280219999889 43.0655560002635,-96.6279819998059 43.067000000148)",160.45284631531496,truck_route,S 11,S 11,S,11,SD,4,1171,40,2
236,323013,200283,200281,"LINESTRING(-96.6280040004455 43.0764960003675,-96.6280060000954 43.07711600022)",68.87860045047852,truck_route,S 11,S 11,S,11,SD,4,1171,40,2
237,323031,200802,200837,"LINESTRING(-96.6085660001045 43.0836039994206,-96.6083870000044 43.0836039994206,-96.6066199994675 43.0836000005425)",158.46415822816863,truck_route,S 46,S 46,S,46,SD,4,1997,383,2
238,323033,200684,200724,"LINESTRING(-96.6145559996567 43.0836090001503,-96.6125589998643 43.0836079996107)",162.61637170938386,truck_route,S 46,S 46,S,46,SD,4,1997,383,2
239,323034,200768,200802,"LINESTRING(-96.6105629998969 43.0836059998438,-96.6085660001045 43.0836039994206)",162.61649483466357,truck_route,S 46,S 46,S,46,SD,4,1997,383,2
240,323036,200837,200872,"LINESTRING(-96.6066199994675 43.0836000005425,-96.6046800004749 43.0835960003519)",157.97539235096946,truck_route,S 46,S 46,S,46,SD,4,1997,383,2
241,323042,201085,201132,"LINESTRING(-96.5928779998491 43.0836669999235,-96.590903999623 43.0836889999588)",160.76186983277955,truck_route,S 46,S 46,S,46,SD,4,1997,383,2
242,323067,202304,202338,"LINESTRING(-96.5494419998679 43.0837389992941,-96.5491020001093 43.0837480001936,-96.5480629996686 43.0837589995416,-96.5474760000377 43.0837599994226)",160.11862398786798,truck_route,S 46,S 46,S,46,SD,4,1997,383,2
243,323069,202482,202563,"LINESTRING(-96.5395289999778 43.0837320001244,-96.537836999784 43.0837009998555,-96.5376040001555 43.0836960004456)",156.80424672855776,truck_route,S 46,S 46,S,46,SD,4,1997,383,2
244,323070,202447,202479,"LINESTRING(-96.5415450000368 43.0837459997751,-96.5411100007419 43.0837440000127,-96.5407419995976 43.0837429994753,-96.5399599999731 43.0837370001875,-96.5396080005189 43.0837330000058)",157.73798789850443,truck_route,S 46,S 46,S,46,SD,4,1997,383,2
245,323074,204123,204126,"LINESTRING(-96.4902880003924 43.055217000189,-96.4902919996921 43.054963000211,-96.4903019997378 43.0545310000598,-96.490300000088 43.0544499998978,-96.4902580002552 43.0541820001875,-96.4902159995241 43.053904999932,-96.4901810002623 43.0537580001249)",162.72881825739046,truck_route,S 46,S 46,S,46,SD,4,2089,378,2
246,323092,203524,203585,"LINESTRING(-96.5041050003539 43.0836770000598,-96.5021360001506 43.083666000041)",160.34081087134575,truck_route,S 46,S 46,S,46,SD,4,1997,383,2
247,323097,204131,204127,"LINESTRING(-96.4900640000864 43.0589339993515,-96.4900920005738 43.0584649992528,-96.4901520008483 43.0574629999881)",163.57618006647786,truck_route,S 46,S 46,S,46,SD,4,2089,378,2
248,323105,204148,204150,"LINESTRING(-96.4898049996203 43.0719170000878,-96.4897960002978 43.0704459998613)",163.42112408565163,truck_route,S 46,S 46,S,46,SD,4,2089,378,2
249,323110,203867,203924,"LINESTRING(-96.5001660001224 43.0836559999028,-96.4993490003378 43.0836509998331,-96.4981990004673 43.0836449998802)",160.1779952614017,truck_route,S 46,S 46,S,46,SD,4,1997,383,2
250,323115,204129,204140,"LINESTRING(-96.4900930003988 43.0807229995585,-96.4900699999342 43.0806699999361,-96.4899900004666 43.0804000001449,-96.4899330005652 43.080176999617,-96.4898880003593 43.079933000125,-96.4898680002678 43.0796119997247,-96.4898609996968 43.0794139997246,-96.4898580002221 43.0792720004837)",162.91190620261077,truck_route,S 46,S 46,S,46,SD,4,2089,378,2
251,323124,199374,199498,"LINESTRING(-96.6485620005199 43.3009779999056,-96.6465150004988 43.3009709994551,-96.6447000002813 43.3009679993552)",313.3720328593501,truck_route,U 18,U 18,U,18,SD,3,6831,533,2
252,323138,199365,199364,"LINESTRING(-96.6485769996901 43.3270410005009,-96.6485820006113 43.3284889995826)",160.87194204990703,truck_route,S 11,S 11,S,11,SD,4,2489,67,2
253,323140,199380,199371,"LINESTRING(-96.6485590001468 43.3212490001416,-96.6485649999946 43.322697000047)",160.87209484006095,truck_route,S 11,S 11,S,11,SD,4,2489,67,2
254,323145,199364,199362,"LINESTRING(-96.6485820006113 43.3284889995826,-96.6485869997359 43.3299420002648)",161.4276544311139,truck_route,S 11,S 11,S,11,SD,4,2489,67,2
255,323147,199360,199354,"LINESTRING(-96.6485959999567 43.3328330001173,-96.6486009999796 43.3341530002764,-96.6486039994543 43.334280999641)",160.8742842673364,truck_route,S 11,S 11,S,11,SD,4,2489,67,2
256,323150,199339,199335,"LINESTRING(-96.6486629999039 43.3373219998121,-96.6486619991807 43.3381740000061,-96.6486659993786 43.3386240005016)",144.6524834274277,truck_route,S 11,S 11,S,11,SD,4,2489,67,2
257,323153,199337,199338,"LINESTRING(-96.6486629999039 43.3369359999119,-96.6486629999039 43.3371649998661)",25.44173595913828,truck_route,S 11,S 11,S,11,SD,4,2489,67,2
258,323155,199332,199327,"LINESTRING(-96.6486770001476 43.3400719997967,-96.6486849996452 43.3411239993634,-96.6486920002162 43.3415199998389)",160.87736750988296,truck_route,S 11,S 11,S,11,SD,4,2489,67,2
259,323157,199308,199314,"LINESTRING(-96.648737000422 43.3458639998491,-96.6487290000261 43.3473120002406)",160.8734155452261,truck_route,S 11,S 11,S,11,SD,4,2489,67,2
260,323173,199408,199395,"LINESTRING(-96.648517000314 43.3719430001458,-96.6485250007099 43.3726829999417,-96.6485299998345 43.373382999627)",159.9875551366225,truck_route,S 11,S 11,S,11,SD,4,2489,67,2
261,323179,199403,199411,"LINESTRING(-96.6485199997887 43.3777250004834,-96.6485149997659 43.3791749998671)",161.0956052619951,truck_route,S 11,S 11,S,11,SD,4,2489,67,2
262,323182,196515,196516,"LINESTRING(-96.727494000095 43.4262150001308,-96.7274990001179 43.4269860004398,-96.7275089992653 43.4295780001587,-96.7275319997298 43.4316489997193,-96.7275240002322 43.4326350003471,-96.727526999707 43.4342379999766,-96.7275289993568 43.4352450000985,-96.72753000008 43.4358210004648,-96.7275569998442 43.4395200004097,-96.7275400001258 43.4410289999084,-96.7275369997527 43.44171999978,-96.7275390003008 43.4431659998797,-96.7275430004988 43.4461229999448,-96.7275400001258 43.4489210004579,-96.7275350001029 43.4505710000456,-96.72753000008 43.4533860002804,-96.7275230004073 43.4555009996045,-96.7275119996384 43.4576800001403,-96.7275079994404 43.4586409997437,-96.7274999999428 43.4606510000306,-96.7274969995697 43.461736000159,-96.727490999722 43.4638849996199,-96.7274830002244 43.4664510002385,-96.7274830002244 43.4689429999715,-96.7274879993489 43.4705810001153,-96.7274919995469 43.4718370004858,-96.7274919995469 43.4726829999597)",5162.695205047654,truck_route,Minnesota Ave,S 115,S,115,SD,3,7203,79,2
263,323183,199303,199302,"LINESTRING(-96.6487530003156 43.4501140003211,-96.6487580003384 43.4514059994912,-96.6487590001634 43.4515609997129)",160.76459978280275,truck_route,S 11,S 11,S,11,SD,4,2489,67,2
264,323207,199368,199366,"LINESTRING(-96.6485700000175 43.4066980001457,-96.6485769996901 43.4081429999531)",160.5414597716433,truck_route,S 11,S 11,S,11,SD,4,2489,67,2
265,323224,199321,199317,"LINESTRING(-96.6487160005056 43.4314510000978,-96.6487209996302 43.4319880000581,-96.64872299928 43.4327429999465)",143.54421052588998,truck_route,S 11,S 11,S,11,SD,4,2489,67,2
266,323233,199312,199309,"LINESTRING(-96.6487320003992 43.4428760003804,-96.648734000049 43.4443239992836)",160.87476337008718,truck_route,S 11,S 11,S,11,SD,4,2489,67,2
267,323236,199304,199303,"LINESTRING(-96.6487469995695 43.4486660004485,-96.6487490001176 43.4493409997027,-96.6487530003156 43.4501140003211)",160.87573836742408,truck_route,S 11,S 11,S,11,SD,4,2489,67,2
268,323244,199292,199293,"LINESTRING(-96.6488119998668 43.4618559998698,-96.64881300059 43.4624990001144,-96.6488110000419 43.4631420006924)",142.87717439969987,truck_route,S 11,S 11,S,11,SD,4,3832,42,2
269,323250,199283,199282,"LINESTRING(-96.6488449994788 43.4747140000507,-96.648846000202 43.4749580004789)",27.10905480703165,truck_route,S 11,S 11,S,11,SD,4,3832,42,2
270,323252,199289,199288,"LINESTRING(-96.6488239995624 43.467484999943,-96.6488250002856 43.4678520000977,-96.6488260001105 43.4684339996257,-96.6488260001105 43.468933000362)",160.87567640424913,truck_route,S 11,S 11,S,11,SD,4,3832,42,2
271,323256,199275,199272,"LINESTRING(-96.6492080006002 43.4974400002928,-96.6492570001057 43.4977809999467,-96.649391 43.4983639994976,-96.6495219995213 43.4988119997685)",154.65480958994033,truck_route,Powder House Rd,S 11,S,11,SD,3,6848,34,2
272,323260,202305,202774,"LINESTRING(-96.5494159999287 43.3010139997811,-96.5420450005273 43.300983000507,-96.5400940007657 43.3009729999574,-96.5394300002436 43.3009709994551,-96.5392929999763 43.300974999806,-96.5389459996467 43.3009879998005,-96.5386410000481 43.3010190003796,-96.5381460004788 43.3010859994683,-96.5377079999126 43.3011719999273,-96.5373709996287 43.3012659996208,-96.5370819999237 43.3013469999078,-96.5366990005074 43.3014799996607,-96.5362709999869 43.3016550000622,-96.5359620001904 43.3018079993169,-96.5356180002338 43.3019990005637,-96.5353239996076 43.3021829995919,-96.5348819997417 43.3025159998533,-96.5347290004792 43.3026449994231,-96.5345820001661 43.3027930003104,-96.5344130001117 43.3029609999799,-96.5342840002402 43.3031009996767,-96.5341989998514 43.3032040002797,-96.5340979995691 43.3033430005122,-96.5340189999264 43.3034469996083,-96.533592999954 43.3041050005141,-96.5334580002348 43.3043239993859,-96.5333560001276 43.3044850000085,-96.5332380001268 43.3046549993058,-96.5331109999052 43.3048129997954,-96.5329540004446 43.3049909996564,-96.5327630006489 43.3051919999122,-96.5326050004652 43.3053490001343,-96.5324759996955 43.3054680004197,-96.5321370006601 43.3057230006204,-96.5317390002768 43.3059809996042,-96.5312659995505 43.3062440002764,-96.5308639998675 43.3064219998695,-96.5305570006192 43.3065440004941,-96.5302570001452 43.306643999366,-96.5299449999757 43.3067399994095,-96.5294150002463 43.3068670001671,-96.5271349996984 43.3074439994541)",2105.040463949668,truck_route,U 18,U 18,U,18,SD,3,2011,288,2
273,323271,202791,202828,"LINESTRING(-96.5262190001796 43.511792000403,-96.5258929997663 43.5116320000467,-96.5245679999936 43.5109849999157)",160.8160273849552,truck_route,S 42,S 42,S,42,SD,4,5010,286,2
274,323275,203257,203341,"LINESTRING(-96.5121729998893 43.5038790005693,-96.5121610001937 43.503868000061,-96.5108859997514 43.5027519993839)",162.82364093478174,truck_route,S 42,S 42,S,42,SD,4,5010,286,2
275,323283,196422,196462,"LINESTRING(-96.7312800001656 43.5459999998834,-96.7297600003992 43.5459999998834)",122.8391638059757,truck_route,E 10th St,S 42,S,42,SD,3,10240,174,3
276,323286,197256,197261,"LINESTRING(-96.7104220005156 43.7770400004342,-96.7103730001118 43.7776009999207,-96.7102840004233 43.7784879997305)",161.26897420617422,truck_route,S 115,S 115,S,115,SD,4,4356,91,2
277,323289,196392,196454,"LINESTRING(-96.7320259998051 43.9788780000686,-96.7305200002824 43.9788600003913,-96.7300160004922 43.9788540002822)",161.29365277794608,truck_route,S 34,S 34,S,34,SD,4,2150,376,2
278,323300,189705,189724,"LINESTRING(-96.9909949997041 43.5434379996831,-96.990418000119 43.5434349998538)",46.63353375333737,truck_route,S 42,S 42,S,42,SD,4,3473,149,2
279,323311,190594,190741,"LINESTRING(-96.9625740001338 43.5433149994,-96.9605840000141 43.5433080002181)",160.83138786076987,truck_route,S 42,S 42,S,42,SD,4,3473,149,2
280,323313,191230,191274,"LINESTRING(-96.944676000549 43.5433910006051,-96.942688999904 43.5434260003653)",160.63391029872236,truck_route,S 42,S 42,S,42,SD,4,4314,147,2
281,323322,191402,191446,"LINESTRING(-96.936726000116 43.543467000412,-96.9347379996462 43.5434700002397)",160.66782724569623,truck_route,S 42,S 42,S,42,SD,4,4314,147,2
282,323325,191354,191402,"LINESTRING(-96.9387139996876 43.5434650000928,-96.936726000116 43.543467000412)",160.66756930798067,truck_route,S 42,S 42,S,42,SD,4,4314,147,2
283,323328,191592,191646,"LINESTRING(-96.9307619996048 43.5434739995755,-96.9303610006451 43.543474999735,-96.9287740000333 43.5434770000539)",160.66777289506666,truck_route,S 42,S 42,S,42,SD,4,4314,147,2
284,323341,192213,192256,"LINESTRING(-96.9069099995545 43.5435460005981,-96.9049229998079 43.5435699998347)",160.60850195307228,truck_route,S 42,S 42,S,42,SD,4,4314,147,2
285,323346,192832,192874,"LINESTRING(-96.8787370005797 43.5437350002689,-96.8775080001681 43.5437239998633,-96.8771469995948 43.5437159999222,-96.8767559997825 43.5437049995132)",160.14578227179402,truck_route,S 42,S 42,S,42,SD,4,5661,170,2
286,323358,192874,192921,"LINESTRING(-96.8767559997825 43.5437049995132,-96.8752329996431 43.5436650004358,-96.8747749998837 43.543660000305)",160.18551408347383,truck_route,S 42,S 42,S,42,SD,4,5661,170,2
287,323376,194476,194593,"LINESTRING(-96.8149400001677 43.5438600006523,-96.8086120005067 43.5438770006479)",511.4203922588879,truck_route,W 12th St,S 42,S,42,SD,3,14840,285,4
288,323377,194324,194476,"LINESTRING(-96.8221159995754 43.5438659996172,-96.8204999995496 43.5438499997717,-96.8198650002381 43.5438580003461,-96.8155950004689 43.5438770006479,-96.8149400001677 43.5438600006523)",580.0106091023302,truck_route,W 12th St,S 42,S,42,SD,3,10380,176,4
289,323380,195231,195250,"LINESTRING(-96.7801090000223 43.5444050002332,-96.7801370005098 43.545878999858,-96.7802260001982 43.5477930004424,-96.7802870002976 43.5494199996483,-96.7802849997494 43.5503600000328,-96.7802670002061 43.551212000662,-96.7802019999088 43.5523220002363,-96.7801349999616 43.5532269997226,-96.7800849997329 43.5537309997005,-96.7800589997936 43.5539940002229,-96.7800069999151 43.554580000274,-96.7799340001202 43.5552719999913,-96.7798460002566 43.5559050004089,-96.7795170003686 43.5579439994692,-96.7793990003679 43.558511999838,-96.779354000162 43.5587299999995,-96.7793130001541 43.5589250003028,-96.7792150002448 43.5593889997858)",1669.5871569410883,truck_route,I 29,I 29,I,29,SD,1,54448,4301,4
290,323384,196061,196050,"LINESTRING(-96.7467640002065 43.5485709999554,-96.7468050002144 43.5498640002882,-96.7468279997806 43.5511349995191)",284.9196470315545,truck_route,W AVE,,,,SD,4,5340,0,4
291,323387,195221,195223,"LINESTRING(-96.780308000214 43.5272890000782,-96.780304000016 43.5302539996731)",329.420642746219,truck_route,I 29,I 29,I,29,SD,1,56982,4388,4
292,323390,195169,195196,"LINESTRING(-96.7824610005403 43.5438110002933,-96.7814890000466 43.5438219993807)",78.56480452988224,truck_route,W 12th St,S 42,S,42,SD,3,14175,241,4
293,323393,195225,195257,"LINESTRING(-96.7802780000767 43.5438200003755,-96.7800989999766 43.5438219993807,-96.7788639997172 43.5438210005292)",114.27867674626566,truck_route,10-ST,S 42,S,42,SD,3,14175,241,3
294,323424,196050,196042,"LINESTRING(-96.7468279997806 43.5511349995191,-96.7467430002901 43.5513440000671,-96.7468019998414 43.5520959995475,-96.7469260005882 43.5531659998333,-96.7469009995756 43.5544709996205,-96.7469519996292 43.5584329997371)",812.4191335025279,truck_route,W AVE,,,,SD,4,2100,40,2
295,323433,195438,195511,"LINESTRING(-96.7708699998017 43.6018300001141,-96.770867000327 43.6019429996441,-96.7708399996645 43.6028800000048,-96.7708190006464 43.6037709997752,-96.7707970000068 43.604174000198,-96.7707459999531 43.6050150005102,-96.7706849998538 43.6057639999896,-96.7706570002647 43.6061010003018,-96.7705939996172 43.6066559997371,-96.7704090005676 43.6088330003923,-96.7703810000802 43.6091599999754,-96.7703459999201 43.6095319998577,-96.7702700006504 43.6103100001049,-96.7701240001622 43.612061999958,-96.770089999827 43.6124400000441,-96.7700710004588 43.6126299998337,-96.7700659995376 43.612676000521,-96.7700599996898 43.6127399996087)",1214.118679141044,truck_route,I 29,I 29,I,29,SD,1,35948,2948,4
296,323438,192612,194575,"LINESTRING(-96.8888289996716 43.9787669992783,-96.8796239997862 43.978789999727,-96.8765520004663 43.9788099994635,-96.8723770002333 43.9788319998769,-96.869646000497 43.9788469995077,-96.8690709996634 43.9788499995627,-96.8650589996371 43.978881000122,-96.8600950001069 43.978918000122,-96.8557870007028 43.9789429998992,-96.8498709998721 43.9789760004424,-96.8489459992342 43.9789809998767,-96.8407900007336 43.9790399995043,-96.8349889995307 43.9790740000081,-96.8317380001107 43.9790709999644,-96.8298040000675 43.9790629998472,-96.8291930001472 43.979059999803,-96.8273310000741 43.9790490002859,-96.8245270005429 43.979059999803,-96.8238220000129 43.9790530003456,-96.822936999558 43.9790500003009,-96.8179660003551 43.9790500003009,-96.8170219994505 43.9790639998619,-96.8158549998616 43.9790920002669,-96.8155710001794 43.9790960003237,-96.8140710005046 43.9791099998738,-96.8126010000686 43.9791199993659,-96.811166000691 43.9791419996644,-96.8096640004679 43.9791569998633)",6352.055856656414,truck_route,S 34,S 34,S,34,SD,3,3152,397,2
297,323452,195856,195792,"LINESTRING(-96.755672999816 43.8199020004633,-96.7557349997402 43.8198889998244,-96.756293999782 43.8197850004447,-96.7568550003718 43.8196870002028,-96.7574180006116 43.8195969999845,-96.7576179997298 43.8195670000976)",160.86573994561905,truck_route,S 115,S 115,S,115,SD,4,3724,123,2
298,323465,196302,196259,"LINESTRING(-96.7364169999481 43.8236559996154,-96.7367409998132 43.8236409997214,-96.7372760004638 43.8236100005336,-96.7378110002161 43.82357200042,-96.7383450001435 43.8235270000154,-96.7384070000678 43.8235209997861)",160.81428235184828,truck_route,S 115,S 115,S,115,SD,4,3724,123,2
299,323489,198015,199229,"LINESTRING(-96.6907690000895 43.6065659997019,-96.690593999289 43.6065809993919,-96.6904109998892 43.6065979999033,-96.6899899999397 43.6066350001962,-96.6880369996299 43.6068070005561,-96.6865839998107 43.6069339996894,-96.6845369997896 43.6071130000714,-96.6831910001005 43.6072319998961,-96.6824329998672 43.6072990001256,-96.6818959995667 43.6073460000867,-96.67844699978 43.6076500006231,-96.6775620002234 43.6077099995803,-96.6768829996327 43.6077519998554,-96.6763029996746 43.6077810001986,-96.6757939998615 43.6077940001012,-96.6750559997197 43.6078149998879,-96.6740049995833 43.6078269993911,-96.6734690000061 43.6078309996585,-96.6724039996261 43.6078199998979,-96.6715429994606 43.6078149998879,-96.6707389991964 43.607808999485,-96.6701750000301 43.607806000259,-96.6699130000893 43.607805000517,-96.6687470003253 43.6077999998552,-96.6678390003041 43.6077909995735,-96.6670169995983 43.6077810001986,-96.6661039995542 43.6077810001986,-96.6657600004959 43.6077760001853,-96.6653720001584 43.6077709995211,-96.6639129995931 43.6077709995211,-96.6629399992746 43.6077590000068,-96.6622589999324 43.6077499997191,-96.6612739999183 43.6077499997191,-96.6606949997851 43.6077400003373,-96.6599609998411 43.6077400003373,-96.6593680003625 43.6077360000638,-96.6587859998563 43.6077400003373,-96.6582999996095 43.6077410000804,-96.657778000276 43.6077519998554,-96.6570280004385 43.6077899998313,-96.6561019999756 43.6078699999759,-96.6555469992335 43.6079200000123,-96.6546180001943 43.6080400005804,-96.6540630003505 43.6081300003615,-96.6519150000471 43.608474999576,-96.6515660000676 43.6085309994409)",3181.1982232383466,truck_route,I 90,I 90,I,90,SD,1,21862,2011,4
300,323497,196749,196769,"LINESTRING(-96.7233199996869 43.5460899999815,-96.7224309999323 43.5463189994372)",76.21652227750464,truck_route,E 10th St,S 42,S,42,SD,3,10935,186,4
301,323498,196745,196883,"LINESTRING(-96.7233569994968 43.5446970005681,-96.7230729998147 43.5447310000826,-96.7228739996231 43.544765000229,-96.7226660001089 43.5448169995733,-96.7224900003818 43.5448700003112,-96.720690000233 43.545519999478,-96.7196249998529 43.5458810000972,-96.719588000043 43.5458929995774,-96.7189240004193 43.5461339998648,-96.718866000693 43.5461550003305,-96.718786000327 43.5461809994087,-96.7185130005155 43.5462720000009,-96.7181499993941 43.5463699999339,-96.7178990002222 43.546421999847)",482.52749504828836,truck_route,W 12th St,S 42,S,42,SD,3,9835,195,3
302,323500,196497,196544,"LINESTRING(-96.728259999826 43.5446900002444,-96.7268099994815 43.5446799995014)",117.18995770165468,truck_route,W 12th St,S 42,S,42,SD,3,9835,195,3
303,323501,196462,196495,"LINESTRING(-96.7297600003992 43.5459999998834,-96.7282899999632 43.5459999998834)",118.79845533049414,truck_route,E 10th St,S 42,S,42,SD,3,6800,116,3
304,323514,198491,198725,"LINESTRING(-96.6824199994484 43.5466999999987,-96.682249999569 43.5466899995891,-96.6813900001267 43.5465700004058,-96.6804699995117 43.5463699999339,-96.6800200001482 43.5462399996294,-96.6739369998113 43.544286000554,-96.6725319996726 43.543832000266)",862.9352141183128,truck_route,E 10th St,S 42,S,42,SD,3,24675,432,4
305,323515,197895,197933,"LINESTRING(-96.6956509996039 43.5333200000415,-96.6950769994935 43.5337849996509,-96.6949229995078 43.5339270000201,-96.6948059993319 43.5340459999572,-96.6946879993311 43.5341729995655,-96.6945610000078 43.5343220005494,-96.6944349996111 43.534493000141,-96.6943309998541 43.5346520001374,-96.6942389997925 43.5347989999823,-96.6941750002184 43.5349149998993,-96.6941249999897 43.5350150000081,-96.6940539998446 43.5351709996902,-96.6939979997681 43.535321999449,-96.6939369996688 43.5355229997446,-96.693890999638 43.5357139997448,-96.693858000026 43.5358790001888,-96.6938360002847 43.5361009993397,-96.6938279998888 43.5364400001447,-96.6938329999117 43.5366679995162,-96.6938339997366 43.5367390005812,-96.6938389997594 43.5369540005537,-96.6938489998052 43.5374759999562,-96.6938699997216 43.5390030003702,-96.6938889999882 43.5400350002117,-96.6939099999046 43.5409429998584,-96.6939250008715 43.5419770000721,-96.693929999996 43.5427139998876,-96.6939559999353 43.5434060004118,-96.6939659999811 43.5440359993412,-96.6939679996309 43.5442319998068,-96.6939800002248 43.5453329998007,-96.6940010001412 43.5462059996638,-96.6940150003849 43.5466390000143,-96.6940150003849 43.5466770001612,-96.6940150003849 43.5467190000559,-96.6940150003849 43.5467640002361)",1535.1971373295396,truck_route,I 229,I 229,I,229,SD,1,36776,2243,4
306,323526,197252,198015,"LINESTRING(-96.7106300000298 43.6055639995814,-96.7068150005452 43.6055580002548,-96.7063119996816 43.6055570004755,-96.7050039996274 43.6055590000342,-96.7040129997655 43.6055610002434,-96.7031030000945 43.6055810003802,-96.702200999921 43.6056210006338,-96.7014159999235 43.6056600004327,-96.7008650002777 43.6056889998331,-96.7003980002974 43.6057280002384,-96.6973969993261 43.6059850001584,-96.6937009996672 43.6063100000796,-96.6930119999291 43.6063710001393,-96.6909089998315 43.6065550003605,-96.6907690000895 43.6065659997019)",1609.7229725632758,truck_route,I 90,I 90,I,90,SD,1,19494,2417,4
307,323546,197150,197149,"LINESTRING(-96.7113829993419 43.6323130000818,-96.7113849998901 43.6330790004577,-96.7113849998901 43.6337610002815)",160.8803303390585,truck_route,S 115,S 115,S,115,SD,4,5066,91,2
308,323553,197132,197128,"LINESTRING(-96.711393000286 43.6438990001153,-96.7113989992355 43.6452610003986,-96.7113989992355 43.6453479997683)",160.992323203554,truck_route,S 115,S 115,S,115,SD,4,5066,91,2
309,323556,199247,200167,"LINESTRING(-96.6505769998556 43.5438600006523,-96.6498290005663 43.5437600002361,-96.6492800005703 43.543660000305,-96.6488300003085 43.5435600002082,-96.6481199997557 43.5433800001367,-96.6473599998725 43.5431299997247,-96.6464399992574 43.5427699997323,-96.6455299995864 43.5423899999043,-96.6427100001616 43.5411699995869,-96.6415439994992 43.5407150003723,-96.6412100004867 43.5405899999797,-96.6405040001319 43.5403549996338,-96.639000000259 43.5398740002957,-96.6379869997575 43.5395630003409,-96.6356100000236 43.5387899997126,-96.6350300000654 43.5385700005241,-96.6340600001199 43.5381400002661,-96.6336290001247 43.53792100026,-96.6304940001574 43.5361699998598)",1846.5896390296923,truck_route,S 42,S 42,S,42,SD,3,8915,152,2
310,323572,197139,197140,"LINESTRING(-96.711389000088 43.648244000084,-96.711389000088 43.648603000428,-96.711389000088 43.6496920005335)",160.88065508367333,truck_route,S 115,S 115,S,115,SD,4,5066,91,2
311,323581,197544,197582,"LINESTRING(-96.7073819991862 43.6704440002471,-96.707174999497 43.6707140002575,-96.7069710001808 43.6710389998262,-96.7068690000736 43.6712370001123,-96.7067839996847 43.6714160000581,-96.7066580001864 43.6717580000019,-96.7066520003386 43.6717820001186)",160.5780463124595,truck_route,S 115,S 115,S,115,SD,4,5066,91,2
312,323590,197602,197599,"LINESTRING(-96.706516999721 43.6775669996731,-96.706516999721 43.6781429999424,-96.7065180004443 43.6790149998806)",160.88149032997666,truck_route,S 115,S 115,S,115,SD,4,5066,91,2
313,323599,197475,197361,"LINESTRING(-96.7093610003335 43.694657000159,-96.7093909995724 43.6947539998988,-96.7098120004202 43.6960680005401)",160.93204955994096,truck_route,S 115,S 115,S,115,SD,4,5066,91,2
314,323601,197598,197603,"LINESTRING(-96.706520999919 43.680464000059,-96.7065220006422 43.6809379995479,-96.7065159998961 43.6819120005157)",160.88270982061186,truck_route,S 115,S 115,S,115,SD,4,5066,91,2
315,323607,197181,197176,"LINESTRING(-96.7112829997828 43.7017489995056,-96.7112869999808 43.7020599994094,-96.7112910001787 43.703196999846)",160.88407069962253,truck_route,S 115,S 115,S,115,SD,4,5066,91,2
316,323608,197228,197181,"LINESTRING(-96.7111179999264 43.7003069995228,-96.7111709996298 43.7005599996838,-96.7112239993333 43.7008909995043,-96.7112560000187 43.7011909997563,-96.7112790004832 43.7014500002299,-96.7112829997828 43.7017489995056)",160.94644127220968,truck_route,S 115,S 115,S,115,SD,4,5066,91,2
317,323635,197221,197217,"LINESTRING(-96.7111709996298 43.7394109998583,-96.7111749998278 43.7408600002862)",160.9946584499943,truck_route,S 115,S 115,S,115,SD,4,4356,91,2
318,323640,197205,197202,"LINESTRING(-96.7112069996148 43.7481019994357,-96.7112210007569 43.7495509997638)",160.9985201695137,truck_route,S 115,S 115,S,115,SD,4,4356,91,2
319,323673,201638,201673,"LINESTRING(-96.5750789999985 43.5226949999226,-96.57311299927 43.5224869995681)",160.61550723413188,truck_route,S 42,S 42,S,42,SD,4,5010,286,2
320,323683,201982,201988,"LINESTRING(-96.5615919997499 43.5210529997758,-96.5613399998548 43.5210130000025)",20.852894934075447,truck_route,S 42,S 42,S,42,SD,4,5010,286,2
321,323702,201693,201692,"LINESTRING(-96.5722269998884 43.5890129998785,-96.5722359992109 43.5894189997452)",45.11415455224295,truck_route,S 11,S 11,S,11,SD,3,9387,197,2
322,323710,201703,201704,"LINESTRING(-96.5721399998498 43.6106900001841,-96.5721089998876 43.6118710000003,-96.5721030000398 43.6121300003311)",160.01866165354835,truck_route,S 11,S 11,S,11,SD,4,6798,150,2
323,323735,201736,201734,"LINESTRING(-96.5717440000146 43.6388929994595,-96.5717430001897 43.6395320002449,-96.5717450007378 43.6403399998834)",160.76947377989154,truck_route,S 11,S 11,S,11,SD,4,3790,231,2
324,323736,201721,201722,"LINESTRING(-96.5717509996873 43.6446729998977,-96.5717530002355 43.6455829993638,-96.5717509996873 43.6461070001554)",159.32541077689012,truck_route,S 11,S 11,S,11,SD,4,3790,231,2
325,323748,201737,201735,"LINESTRING(-96.5717440000146 43.6485130001268,-96.5717450007378 43.6489340003032)",46.775456579094765,truck_route,S 11,S 11,S,11,SD,4,3790,231,2
326,323749,201739,201740,"LINESTRING(-96.5717410005399 43.6518770002232,-96.5717389999918 43.6531860006941)",145.43718877628714,truck_route,S 11,S 11,S,11,SD,4,3790,231,2
327,323750,201732,201738,"LINESTRING(-96.5717460005628 43.651376999544,-96.5717420003648 43.6517479998485)",41.22141565059806,truck_route,S 11,S 11,S,11,SD,4,3790,231,2
328,323759,201759,201761,"LINESTRING(-96.5714619999823 43.6661699999841,-96.571404000256 43.6676140001429)",160.50488878540546,truck_route,S 11,S 11,S,11,SD,4,3790,231,2
329,323774,201772,201768,"LINESTRING(-96.5712770000344 43.6850220002155,-96.5712910002781 43.6864750004073)",161.44114269986866,truck_route,S 11,S 11,S,11,SD,4,3790,231,2
330,323775,201768,201766,"LINESTRING(-96.5712910002781 43.6864750004073,-96.5713039997986 43.6879290001903)",161.5516981132161,truck_route,S 11,S 11,S,11,SD,4,3790,231,2
331,323786,202237,202271,"LINESTRING(-96.5526969994859 43.702893000106,-96.5512570000854 43.702884999887,-96.5507180001352 43.7028760002075)",159.5328587194598,truck_route,S 11,S 11,S,11,SD,4,3264,238,2
332,323792,201980,201981,"LINESTRING(-96.5617000006033 43.7029520006333,-96.5616190004124 43.7029520006333)",6.529042254142494,truck_route,S 11,S 11,S,11,SD,4,3264,238,2
333,323794,202032,202124,"LINESTRING(-96.5586800002637 43.7029300002123,-96.5566939994437 43.7029199997821)",160.08606010201416,truck_route,S 11,S 11,S,11,SD,4,3264,238,2
334,323799,202271,202318,"LINESTRING(-96.5507180001352 43.7028760002075,-96.5487229999926 43.7028419997466)",160.8521397504456,truck_route,S 11,S 11,S,11,SD,4,3264,238,2
335,323831,203300,203298,"LINESTRING(-96.511454000014 43.7128809995926,-96.5114609996866 43.7134879995343)",67.44408528911217,truck_route,S 11,S 11,S,11,SD,4,3264,238,2
336,323840,203315,203316,"LINESTRING(-96.5112599998452 43.7275450003612,-96.5112590000203 43.7275939997829,-96.5112520003476 43.7279360007641)",43.44763444878453,truck_route,S 11,S 11,S,11,SD,4,2150,245,2
337,323847,203331,203330,"LINESTRING(-96.5110730002474 43.7409600002624,-96.5110740000724 43.7420659999836,-96.5110749998973 43.7424079994478)",160.88324624960813,truck_route,S 11,S 11,S,11,SD,4,2150,245,2
338,323860,203303,203290,"LINESTRING(-96.5114439999682 43.753972999908,-96.5116389999619 43.755413000624)",160.7637131090214,truck_route,S 11,S 11,S,11,SD,4,2150,245,2
339,323863,203280,203279,"LINESTRING(-96.5119369998877 43.7684419996139,-96.5119399993625 43.76989099981)",160.9953123350443,truck_route,S 11,S 11,S,11,SD,4,2150,245,2
340,323875,197385,197397,"LINESTRING(-96.7097730000622 43.7943839997022,-96.7097619992932 43.7958300000396)",160.66499524206597,truck_route,S 115,S 115,S,115,SD,4,4097,143,2
341,323881,197340,197348,"LINESTRING(-96.7098570006261 43.7842619995163,-96.7098409998343 43.7852900002318,-96.7098389992861 43.7857090002872)",160.78096664881915,truck_route,S 115,S 115,S,115,SD,4,4356,91,2
342,323882,197365,197371,"LINESTRING(-96.7098059996742 43.7900389998529,-96.7097949998035 43.7914900005531)",161.22044533092915,truck_route,S 115,S 115,S,115,SD,4,4097,143,2
343,323884,197356,197365,"LINESTRING(-96.7098170004431 43.7891609999019,-96.7098080002223 43.7898809996833,-96.7098059996742 43.7900389998529)",97.55695526719158,truck_route,S 115,S 115,S,115,SD,4,4097,143,2
344,323886,197371,197377,"LINESTRING(-96.7097949998035 43.7914900005531,-96.7097880001308 43.7923860003606,-96.7097839999329 43.7929389999415)",160.99813085018042,truck_route,S 115,S 115,S,115,SD,4,4097,143,2
345,323888,197418,197421,"LINESTRING(-96.7097190005338 43.8016139996531,-96.7097079997649 43.8030599994337)",160.66513683943722,truck_route,S 115,S 115,S,115,SD,4,4097,143,2
346,323890,197397,197404,"LINESTRING(-96.7097619992932 43.7958300000396,-96.7097510003209 43.7972760004005)",160.66503774818364,truck_route,S 115,S 115,S,115,SD,4,4097,143,2
347,323906,196823,196809,"LINESTRING(-96.7203739998655 43.8234569998947,-96.7207229998449 43.8234650002089,-96.7209569992983 43.8234700004048)",46.92085476928294,truck_route,S 115,S 115,S,115,SD,4,3794,133,2
348,323912,196988,196946,"LINESTRING(-96.7152939999843 43.8191250002334,-96.7154670002367 43.8192839996669,-96.7157340002004 43.8195290000033,-96.7157619997894 43.8195549994905)",60.82888730870911,truck_route,S 115,S 115,S,115,SD,4,3794,133,2
349,323938,197741,197796,"LINESTRING(-96.7018819991805 43.9786050003906,-96.699872000766 43.9785919994512)",161.2787287669444,truck_route,S 34,S 34,S,34,SD,4,2150,376,2
350,323944,197939,197963,"LINESTRING(-96.6938440006807 43.9785510004477,-96.6930810004244 43.9785460003308)",61.221911665039826,truck_route,S 34,S 34,S,34,SD,4,2150,376,2
351,323962,199649,199866,"LINESTRING(-96.6403169996358 44.0070109998008,-96.6401120004947 44.0070929998177,-96.6399149999529 44.0071670001611,-96.6397149999364 44.0072300003021,-96.6394670002393 44.0073050000135,-96.639213999621 44.007366000286,-96.6389739994215 44.0074220002268,-96.6387480003639 44.007473999386,-96.6385219995098 44.0075110003008,-96.6384489997149 44.0075220003587)",160.878838978223,truck_route,S 34,S 34,S,34,SD,4,2150,376,2
352,323972,199179,199212,"LINESTRING(-96.653775999397 43.9981199999861,-96.6536130000887 43.998227000072,-96.6530159995138 43.9986130000828,-96.6521850003838 43.9991529996276)",171.6358724476587,truck_route,S 34,S 34,S,34,SD,4,2150,376,2
353,323975,199125,199141,"LINESTRING(-96.6569060002398 43.9963120002207,-96.6567460004062 43.9964039999749,-96.6560789995111 43.9967699994251)",83.60946613441692,truck_route,S 34,S 34,S,34,SD,4,2150,376,2
354,323979,199434,199467,"LINESTRING(-96.6477509996847 44.0021719994985,-96.647379999964 44.0024299998688,-96.6468650003032 44.0027819998466,-96.6463619994396 44.0031310002004,-96.6463010002385 44.0031729999288)",160.92004229363104,truck_route,S 34,S 34,S,34,SD,4,2150,376,2
355,323996,200519,200556,"LINESTRING(-96.6224039999824 44.0076379999646,-96.6203949995961 44.0076089992768)",161.145860081144,truck_route,S 34,S 34,S,34,SD,4,2150,376,2
356,324002,203908,203939,"LINESTRING(-96.4988170000603 43.8434350000887,-96.4977190000683 43.8446339992966)",159.82441863859972,truck_route,S 11,S 11,S,11,SD,4,2150,245,2
357,324007,203258,203254,"LINESTRING(-96.5121229996606 43.7814800001315,-96.5121749995391 43.7819040000848,-96.512295000088 43.7829239999341)",161.03646824731953,truck_route,S 11,S 11,S,11,SD,4,2150,245,2
358,324030,203202,203200,"LINESTRING(-96.5140639993764 43.8118739994927,-96.5140659999246 43.8121659995023,-96.5140800001683 43.8133229998188)",161.00170828022792,truck_route,S 11,S 11,S,11,SD,4,2150,245,2
359,324032,203194,203193,"LINESTRING(-96.5141799997274 43.8162199998472,-96.5142330003291 43.8176689997291)",161.05290441070704,truck_route,S 11,S 11,S,11,SD,4,2150,245,2
360,324039,203468,203495,"LINESTRING(-96.5065189998978 43.8350470001295,-96.5061549998497 43.8354419998732,-96.5055849999373 43.8360670000235,-96.5054200000808 43.8362460000851)",159.87606813799215,truck_route,S 11,S 11,S,11,SD,4,2150,245,2
361,324075,201095,201152,"LINESTRING(-96.5922910002183 44.0073669998239,-96.5902850002051 44.0073759995409)",160.87681058741106,truck_route,S 34,S 34,S,34,SD,4,2150,376,2
362,324084,201542,201575,"LINESTRING(-96.5802699993094 44.0073819999976,-96.5782690002174 44.0073680000079)",160.48017752861492,truck_route,S 34,S 34,S,34,SD,4,1432,315,2
363,324098,201320,201304,"LINESTRING(-96.5872749999112 44.0160720006424,-96.5873589995768 44.0175190000027)",160.92083546166174,truck_route,S 13,S 13,S,13,SD,4,946,76,2
364,324100,201277,201276,"LINESTRING(-96.5876110003702 44.0218499999877,-96.587617000218 44.0233079995183)",162.00295370606491,truck_route,S 13,S 13,S,13,SD,4,946,76,2
365,324109,201265,201272,"LINESTRING(-96.5877029995334 44.0377900001158,-96.5876509996549 44.0392380005133)",160.94563816506732,truck_route,S 13,S 13,S,13,SD,4,946,76,2
366,324126,202433,202467,"LINESTRING(-96.5422029998127 44.0075909999121,-96.5411329994098 44.0076119998165,-96.5401959999746 44.0076260003947)",161.00106027939597,truck_route,S 34,S 34,S,34,SD,4,1432,315,2
367,324132,203163,203198,"LINESTRING(-96.5161250005395 44.0073330000193,-96.5141209992778 44.0072449998643)",161.01080497660715,truck_route,S 34,S 34,S,34,SD,4,1432,315,2
368,324134,203259,203353,"LINESTRING(-96.5121169998128 44.0071560000373,-96.5118029999934 44.0071419993481,-96.5101130003477 44.0070669994306)",161.01792940295013,truck_route,S 34,S 34,S,34,SD,4,1432,315,2
369,324137,203525,203588,"LINESTRING(-96.504096000133 44.0069060004332,-96.5036850002293 44.0069069993327,-96.5020889993966 44.0069129998369)",160.95713020889815,truck_route,S 34,S 34,S,34,SD,4,1432,315,2
370,324147,203928,203997,"LINESTRING(-96.4980739998955 44.0069279994792,-96.4960659993342 44.0069359997177)",161.03778165845785,truck_route,S 34,S 34,S,34,SD,4,1432,315,2
371,324151,204078,204132,"LINESTRING(-96.4920509998331 44.0069479994272,-96.490043999995 44.0069539999272)",160.95640288768917,truck_route,S 34,S 34,S,34,SD,4,1432,315,2
372,324166,143860,143853,"LINESTRING(-98.5133870003531 44.9931479998656,-98.5133870003531 44.9931540000924,-98.5133990000487 44.9947859996887,-98.5134309998357 44.9987209995816,-98.5135059992805 45.0074570004522,-98.5135179998743 45.0087859997323,-98.5135560004075 45.0132429999982,-98.5136090001109 45.0189349997457,-98.5136359998751 45.0218299996258,-98.5136900003018 45.0277199998374,-98.5137190006141 45.0362770005054,-98.5137389998073 45.0422250004404,-98.5138009997315 45.0507880001219,-98.5138130003254 45.0524390000211,-98.5138189992749 45.0567009998233,-98.513789000036 45.0651439996627,-98.5137750006906 45.0688630001828,-98.5137649997465 45.0712919995539,-98.5137350005076 45.0788359994163,-98.5137339997844 45.0795890002459,-98.5137220000888 45.0857609997788,-98.5137110002182 45.0884899998427,-98.5136999994492 45.0905390000895,-98.5137190006141 45.0927560001183,-98.5137019999973 45.0977270005516,-98.5137070000202 45.100223000134,-98.5136940004997 45.1031929993462,-98.5137009992741 45.106796000605,-98.5137079998451 45.1086709995045,-98.5137079998451 45.1087080003032)",12842.619229168318,truck_route,U 281,U 281,U,281,SD,3,2625,368,2
373,324174,171672,171713,"LINESTRING(-97.5179869997748 44.5873289999976,-97.5170980000202 44.5873270000973,-97.5159570003704 44.5873229996568)",161.20523529652962,truck_route,S 28,S 28,S,28,SD,4,630,91,2
374,324192,142285,142300,"LINESTRING(-98.5648710006765 44.072789999684,-98.5638920005102 44.0727170003086)",78.84420006846005,truck_route,S 34,S 34,S,34,SD,4,1170,99,2
375,324196,142592,142674,"LINESTRING(-98.5568930006544 44.0721540004024,-98.5567150003792 44.0721310000081,-98.5559459993769 44.072032000173,-98.555150000407 44.0719180001969,-98.5549210000781 44.0718850003666)",160.78562355658426,truck_route,S 34,S 34,S,34,SD,4,1170,99,2
376,324229,144309,144345,"LINESTRING(-98.4875489994827 44.0674190003236,-98.4855409998197 44.0674319998707)",160.87799210593082,truck_route,S 34,S 34,S,34,SD,4,1170,99,2
377,324238,144716,144770,"LINESTRING(-98.4714999995523 44.0675199997588,-98.4694960000872 44.0675320001147)",160.55629591039863,truck_route,S 34,S 34,S,34,SD,4,1170,99,2
378,324253,145236,145317,"LINESTRING(-98.4455109999676 44.0676799995721,-98.4435040001294 44.0676930003528)",160.7971887958182,truck_route,S 34,S 34,S,34,SD,4,1021,126,2
379,324256,145469,145502,"LINESTRING(-98.4374870008131 44.0676080001614,-98.4369179998273 44.067558999616,-98.4366910000466 44.0675389994607,-98.4360689993573 44.0674550001548,-98.4355060000159 44.0673770002777)",160.85920070850733,truck_route,S 34,S 34,S,34,SD,4,1021,126,2
380,324257,145077,145032,"LINESTRING(-98.455055000685 44.1966670001339,-98.4558740001194 44.1975130003015,-98.4563159999853 44.1979600002726,-98.4566380002006 44.1983060001119,-98.456811000453 44.1985139996257,-98.4570420004317 44.1988509998369,-98.4572490001209 44.1991730001663,-98.4573239995656 44.1993129998166,-98.4574589992849 44.1996459999851,-98.4575399994757 44.1998890001039,-98.4576230002147 44.2001620004333,-98.457677999568 44.2003790004863,-98.457713999553 44.2005779997908,-98.4577370000175 44.2007639998599,-98.4577520000861 44.2009979999645,-98.4577589997588 44.2011900001323,-98.4577699996295 44.2020239996568,-98.4577670001547 44.2039810001258,-98.4577719992793 44.2078249999674,-98.4577709994544 44.2088830005221,-98.4577699996295 44.2111749997513,-98.457793000094 44.2233909999936,-98.457797000292 44.2256669998452,-98.4578319995537 44.2347839998426,-98.4578309997288 44.2378719999832,-98.4578309997288 44.240159999863,-98.4578340001019 44.2421009996222,-98.4578519996452 44.252369000124,-98.4578559998432 44.2546749993435,-98.4578679995388 44.2595349999161,-98.4578769997596 44.2666040000436,-98.4578899992801 44.2763909998523,-98.4578960000262 44.281062999662,-98.4578990003992 44.283638999865)",9720.3420131003,truck_route,U 281,U 281,U,281,SD,3,1468,417,2
381,324261,145779,145813,"LINESTRING(-98.4203889994978 44.0639810001151,-98.4201070003638 44.0640079992995,-98.4196069998733 44.0640709997153,-98.4190449994585 44.0641679995688,-98.4185659997827 44.0642590000454,-98.4184319998884 44.0642930001238)",160.8266396938917,truck_route,S 34,S 34,S,34,SD,4,1021,126,2
382,324263,145558,145591,"LINESTRING(-98.4316839999604 44.0665059996163,-98.4309749992325 44.0662860000778,-98.4302410001869 44.0660379996998,-98.4298629998951 44.0658970001954)",160.878287933396,truck_route,S 34,S 34,S,34,SD,4,1021,126,2
383,324270,145972,146037,"LINESTRING(-98.4109630005777 44.0664240004472,-98.4090980001315 44.0669619998818)",160.93150391862505,truck_route,S 34,S 34,S,34,SD,4,1021,126,2
384,324271,145885,145916,"LINESTRING(-98.4146910000237 44.065346999967,-98.4128270003007 44.0658859999957)",160.90092716412002,truck_route,S 34,S 34,S,34,SD,4,1021,126,2
385,324296,147059,147086,"LINESTRING(-98.3613460003504 44.065884999508,-98.3610559999222 44.0658600002195,-98.3593560002307 44.0657150002654)",160.54891531909874,truck_route,S 34,S 34,S,34,SD,4,1021,126,2
386,324308,147377,147405,"LINESTRING(-98.3414649994203 44.0639840003837,-98.3412350001648 44.0639460006281,-98.339871999859 44.0637120003725,-98.3395129998338 44.06364800034)",160.79072280677156,truck_route,S 34,S 34,S,34,SD,4,1021,126,2
387,324317,147598,147624,"LINESTRING(-98.3258030000024 44.0614149995825,-98.3249960002636 44.0613350003004,-98.3238999999214 44.0612480001756,-98.3238090005831 44.0612439998477)",160.91843422064028,truck_route,S 34,S 34,S,34,SD,4,1021,126,2
388,324320,147766,147799,"LINESTRING(-98.313769999398 44.0611320002408,-98.3117609999101 44.0611320002408)",160.9686615768268,truck_route,S 34,S 34,S,34,SD,4,1021,126,2
389,324328,144438,144780,"LINESTRING(-98.4816740004566 44.4216019999209,-98.481647999619 44.42158900013,-98.4811919995094 44.421363999737,-98.4782699999775 44.4199070002809,-98.4779879999452 44.4197640002007,-98.4777649994641 44.4196550004117,-98.4774580002157 44.4194859998426,-98.4772359995596 44.4193619999951,-98.4769119996945 44.4191400001908,-98.4767760001503 44.4190359993278,-98.4766099995707 44.4189090002626,-98.4762920004517 44.4186499998994,-98.4760730001686 44.4184209998886,-98.4758709996039 44.4181940002003,-98.4757030002727 44.4179750000474,-98.4755340002183 44.4177250001446,-98.4753860000803 44.4174610000879,-98.4753090000874 44.4173110002392,-98.4752069999802 44.4170610000641,-98.4751550001016 44.4169109998309,-98.4750820003067 44.4165530003885,-98.4750509994462 44.4164160004379,-98.4750360002759 44.4163049995399,-98.4750119999865 44.4160759999698,-98.4750050003138 44.4159349995166,-98.4750029997656 44.4157370004223,-98.4750000002909 44.4151039999188,-98.4750160001845 44.4142049995593,-98.4750089996134 44.4131479994634,-98.4750060001387 44.4122539998629,-98.4750010001158 44.4116630003154,-98.4749969999179 44.4112130005572,-98.4750119999865 44.4101159999033,-98.4750119999865 44.4090790002583,-98.4750019999408 44.4080330005247,-98.4749939995448 44.406972999742,-98.474991999895 44.4063989994547,-98.474991999895 44.4059650005381,-98.4749979997428 44.4054610001984,-98.4749880005953 44.4049479998625,-98.4749910000701 44.4045630003785,-98.474991999895 44.4043790003003,-98.4749979997428 44.4041549996751,-98.4749960000929 44.4040589995113,-98.4749989995677 44.4039599995184,-98.4750019999408 44.4038509997927,-98.4749979997428 44.4037790004336,-98.4749899993469 44.4036329997319,-98.4749690003288 44.403443999799,-98.4749220004731 44.4030679998383,-98.474843999757 44.4026690001168,-98.4747340001521 44.402282000557,-98.4745200007902 44.4017320000254,-98.474334999944 44.4013340001129,-98.4742579999511 44.4011690002616,-98.4734919993218 44.3996620000678,-98.4691510003057 44.3908369999396)",3731.8755082320276,truck_route,U 14,U 14,U,14,SD,3,3442,468,2
390,324349,148147,148148,"LINESTRING(-98.2875970005885 44.0563200000687,-98.2875490000096 44.0562939999648)",4.810416917121763,truck_route,S 34,S 34,S,34,SD,4,1021,126,2
391,324363,148541,148544,"LINESTRING(-98.2626629995414 44.0540350002913,-98.2625620001574 44.0540360003336)",8.094183178648274,truck_route,S 34,S 34,S,34,SD,4,1836,195,4
392,324393,149828,149802,"LINESTRING(-98.2119300006771 44.1851949996432,-98.2122000001155 44.187327000361,-98.2123699999948 44.1886699997109,-98.2125540001178 44.1902239994847,-98.2132819993157 44.1966140000967)",1273.439385479888,truck_route,S 37,S 37,S,37,SD,2,2978,271,4
393,324394,150995,154169,"LINESTRING(-98.1741679998806 44.3706050003807,-98.1730530001702 44.3705789999603,-98.1725229995424 44.3705520003514,-98.171964000399 44.3705140001433,-98.1710420001341 44.3704250000497,-98.1703399999772 44.3703560001293,-98.1697070003156 44.3703079996342,-98.169171999665 44.3702769999625,-98.1687070002329 44.3702590005598,-98.1681020001604 44.370243999341,-98.1675949999972 44.3702429995165,-98.1673270002086 44.3702390002182,-98.1639510002169 44.3702239996364,-98.1539639998086 44.3701939997455,-98.1503569998382 44.370177000143,-98.1473719996587 44.3701630006556,-98.143742000122 44.3701449992914,-98.1337480000411 44.3701059996346,-98.1273400000142 44.3700939997844,-98.1135570003879 44.3700409999348,-98.1035780003755 44.369967000416,-98.0997570001449 44.3699339996199,-98.0953860000933 44.3699570001962,-98.0949429995042 44.3699559997246,-98.0947580004545 44.3699880006795)",6332.048393215183,truck_route,U 14,U 14,U,14,SD,3,2464,342,4
394,324398,148454,148598,"LINESTRING(-98.2664039994062 44.3706429998875,-98.2637280008198 44.3706420000698,-98.2598879994243 44.3706420000698,-98.2587490003227 44.370641000252,-98.2587389993786 44.3706420000698)",610.9481896532352,truck_route,U 14,U 14,U,14,SD,3,3744,393,4
395,324415,149754,149753,"LINESTRING(-98.2141609999229 44.3703490000863,-98.2141559999 44.3704300004409,-98.2141569997249 44.3705110000413,-98.2141640002959 44.3710259994549)",75.23971036194649,truck_route,S 37,S 37,S,37,SD,4,7301,372,4
396,324422,149734,149733,"LINESTRING(-98.2142060001287 44.3762770002868,-98.2142090005018 44.3767930007176)",57.33825782081315,truck_route,S 37,S 37,S,37,SD,4,4522,362,4
397,324462,150310,150398,"LINESTRING(-98.199405999803 44.3702629998567,-98.1991639999536 44.3702629998567,-98.1981400004798 44.3702629998567,-98.1970199998482 44.3702629998567,-98.1964959999665 44.3703390005738)",232.78886335457943,truck_route,U 14,U 14,U,14,SD,3,5308,249,4
398,324475,149689,149693,"LINESTRING(-98.2143750001831 44.4419680007188,-98.2143640003124 44.443150000098,-98.2143619997643 44.4434179996569)",161.12851442508278,truck_route,S 37,S 37,S,37,SD,4,1754,191,2
399,324478,149718,149721,"LINESTRING(-98.214268000053 44.4550179998096,-98.2142399995656 44.4618999994931)",764.7392824432435,truck_route,S 37,S 37,S,37,SD,4,1754,191,2
400,324484,149749,149750,"LINESTRING(-98.2141779996413 44.4821760002632,-98.2141740003417 44.483624000457)",160.904519247496,truck_route,S 37,S 37,S,37,SD,4,1754,191,2
401,324492,149739,149742,"LINESTRING(-98.2141920007833 44.4763830003897,-98.2141890004102 44.4778310001405)",160.90416867527856,truck_route,S 37,S 37,S,37,SD,4,1754,191,2
402,324498,149750,149751,"LINESTRING(-98.2141740003417 44.483624000457,-98.2141709999686 44.4850719999599)",160.90434592165855,truck_route,S 37,S 37,S,37,SD,4,1754,191,2
403,324513,149771,149772,"LINESTRING(-98.214043999747 44.5053460004837,-98.214043999747 44.5067939995023)",160.90472955877377,truck_route,S 37,S 37,S,37,SD,4,1754,191,2
404,324519,149779,149783,"LINESTRING(-98.2140060001121 44.5183799999424,-98.2139950002415 44.519188000376,-98.2139869998456 44.519827999895)",160.91230525687786,truck_route,S 37,S 37,S,37,SD,4,1754,191,2
405,324522,149784,149786,"LINESTRING(-98.2139669997541 44.5212760003705,-98.2139479994875 44.5227240007253)",160.9124185781916,truck_route,S 37,S 37,S,37,SD,4,1754,191,2
406,324530,149501,149506,"LINESTRING(-98.2204929997818 44.5390139999128,-98.2204710000405 44.5404619998524)",160.91528355280334,truck_route,S 37,S 37,S,37,SD,4,1754,191,2
407,324533,149567,149555,"LINESTRING(-98.2190100007236 44.5319400000896,-98.2192199998876 44.5322600004847,-98.2194709999578 44.5326820003146,-98.2196400000122 44.5330200003795,-98.219758000013 44.533284000051)",160.93196557279873,truck_route,S 37,S 37,S,37,SD,4,1754,191,2
408,324540,149524,149526,"LINESTRING(-98.2203950007708 44.5462539999402,-98.2203930002227 44.5477020003511)",160.90612006626816,truck_route,S 37,S 37,S,37,SD,4,1754,191,2
409,324549,149538,149539,"LINESTRING(-98.2203750006793 44.5592810002491,-98.2203739999561 44.5600189998458)",82.0088953248636,truck_route,S 37,S 37,S,37,SD,4,1754,191,2
410,324562,144028,144070,"LINESTRING(-98.5037409995283 44.6332960001741,-98.5030910001483 44.6332939999382,-98.5017119999489 44.6332879998694)",160.99987587982477,truck_route,S 28,S 28,S,28,SD,4,364,106,2
411,324570,144235,144273,"LINESTRING(-98.4915689999051 44.6332419995342,-98.4895399994273 44.6332309998239)",161.00223111092853,truck_route,S 28,S 28,S,28,SD,4,364,106,2
412,324574,144402,144443,"LINESTRING(-98.4834539996157 44.6331970002411,-98.4814259998612 44.6331839996433)",160.9247974006372,truck_route,S 28,S 28,S,28,SD,4,364,106,2
413,324575,144498,144549,"LINESTRING(-98.4793969993835 44.6331709996818,-98.4773680007024 44.6331580003567)",161.00412793541142,truck_route,S 28,S 28,S,28,SD,4,364,106,2
414,324588,145182,145220,"LINESTRING(-98.4489670003253 44.6330190004081,-98.4469379998475 44.6330119998684)",161.00008146580691,truck_route,S 28,S 28,S,28,SD,4,364,106,2
415,324590,145220,145248,"LINESTRING(-98.4469379998475 44.6330119998684,-98.4449090002681 44.6330060004096)",160.99952906222714,truck_route,S 28,S 28,S,28,SD,4,364,106,2
416,324598,145617,145652,"LINESTRING(-98.4286799995143 44.6329640003457,-98.4266509999349 44.6329590000468)",160.99923889919913,truck_route,S 28,S 28,S,28,SD,4,364,106,2
417,324601,145577,145617,"LINESTRING(-98.4307080001671 44.6329689993656,-98.4286799995143 44.6329640003457)",160.9199616350303,truck_route,S 28,S 28,S,28,SD,4,364,106,2
418,324607,145845,145889,"LINESTRING(-98.4165070000661 44.6329369998775,-98.4158229994526 44.632936000073,-98.4144789994133 44.6329299993279)",160.92129058215085,truck_route,S 28,S 28,S,28,SD,4,364,106,2
419,324610,145930,145989,"LINESTRING(-98.4124820005192 44.6329209998073,-98.4123899995594 44.6329200000025,-98.4106029998293 44.6329190001977,-98.4105219996385 44.6329190001977)",155.52433077992356,truck_route,S 28,S 28,S,28,SD,4,364,106,2
420,324630,147432,147461,"LINESTRING(-98.3376039999049 44.6327259998351,-98.3355720008508 44.6327240002189)",161.23709209569958,truck_route,S 28,S 28,S,28,SD,4,364,106,2
421,324631,147165,147191,"LINESTRING(-98.3538269999127 44.632769000518,-98.351800999808 44.6327629997556)",160.7621986087789,truck_route,S 28,S 28,S,28,SD,4,364,106,2
422,324636,147108,147134,"LINESTRING(-98.357879000122 44.6327829997374,-98.3558530000173 44.6327759998085)",160.76266023426336,truck_route,S 28,S 28,S,28,SD,4,364,106,2
423,324660,147865,147894,"LINESTRING(-98.307117000047 44.6326759998187,-98.3050850000945 44.6326710001343)",161.23811007557558,truck_route,S 28,S 28,S,28,SD,4,364,106,2
424,324661,144219,147718,"LINESTRING(-98.4926900003616 44.8764859996178,-98.4917680000967 44.876589000168,-98.4913610003909 44.8766380002415,-98.4909539997868 44.8766859995844,-98.4828109999084 44.8776200000221,-98.479095000158 44.8780469997932,-98.4777229996313 44.8782089997344,-98.4766980003325 44.8783160004789,-98.4756799998082 44.8784369994213,-98.4736200002666 44.8786689995489,-98.4728210000254 44.878762000487,-98.4726280005798 44.8787760000745,-98.4713070001068 44.8788709995951,-98.470275000237 44.8789299997678,-98.4691520001306 44.8789609995322,-98.4682349998886 44.8789790003939,-98.4676219994202 44.8789790003939,-98.4630639997709 44.8789550000925,-98.4625410006125 44.8789469999898,-98.452075999455 44.8789219996616,-98.4429579996082 44.8789000006369,-98.4313170004376 44.8789550000925,-98.4226079999463 44.8789959999649,-98.4182170007016 44.8789919999165,-98.4109960001897 44.8789730003195,-98.4022509997135 44.8789500000284,-98.3904220002219 44.8789020006644,-98.3821119999388 44.8788679995523,-98.372184999805 44.8789210002848,-98.3706659998635 44.8789190002581,-98.3681710001288 44.8789170002312,-98.3617329999647 44.8788390004039,-98.3597749996321 44.8788109999831,-98.3566500006088 44.8787699999789,-98.3504009996922 44.8786789997254,-98.3446310002481 44.8785949994616,-98.3416490004416 44.878587000582,-98.3378700000437 44.8785900006394,-98.336653000226 44.8786129998013,-98.3299380000525 44.8786879992463,-98.3279650005495 44.8787089996081,-98.3268789993548 44.878720000431,-98.3257929999567 44.8787319999955,-98.3227750001652 44.8787800001379,-98.3218739998167 44.8787790001221,-98.3213890002931 44.8787909996742,-98.3207139999004 44.878849999929,-98.320043000604 44.8789200002714,-98.3193740000591 44.8789909999044,-98.3187740000095 44.879086999717,-98.3183370001665 44.8791799999795,-98.3173649996728 44.8794119996575,-98.3172399999994 44.8794440004396)",13893.829425334838,truck_route,U 212,U 212,U,212,SD,3,1566,221,2
425,324666,143408,143858,"LINESTRING(-98.5235240005492 44.8744509999221,-98.5234919998638 44.8745500005747,-98.5234519996808 44.8746480003328,-98.5234020003504 44.8747430003028,-98.523345000449 44.8748359999472,-98.5232789994285 44.8749259998297,-98.5232049998086 44.8750129999642,-98.5231229997929 44.8750970003644,-98.5230340001044 44.8751760002501,-98.5229390005682 44.8752510003553,-98.5228380002858 44.8753209999835,-98.5227309992574 44.8753870005007,-98.5226180001778 44.8754470005,-98.5224989994538 44.8755030001459,-98.5223770001534 44.8755529999429,-98.5222490001069 44.8755969999065,-98.5221379997787 44.875629999698,-98.522023000151 44.8756590004636,-98.5219070006984 44.8756840002997,-98.5217639996849 44.8757079994193,-98.52161899992 44.87572499932,-98.5214719996069 44.8757350000082,-98.5213250001921 44.8757380002143,-98.5210460005329 44.8757380002143,-98.5202470002916 44.8757370001456,-98.5185269996104 44.8757360000769,-98.5168419999875 44.8757339999394,-98.515215000091 44.8757319998019,-98.5135040005289 44.8757289995955)",861.9312687506645,truck_route,U 212,U 212,U,212,SD,3,5615,275,4
426,324681,147929,147959,"LINESTRING(-98.3030520003172 44.6326670002586,-98.3016699997447 44.6326629997434,-98.3010199994664 44.6326619999342)",161.2382706508332,truck_route,S 28,S 28,S,28,SD,4,364,106,2
427,324689,148211,148240,"LINESTRING(-98.2827400002902 44.6326359997745,-98.2814280000379 44.6326340001552,-98.2807179994851 44.6326320005357)",160.44451393468142,truck_route,S 28,S 28,S,28,SD,4,364,106,2
428,324692,148323,148359,"LINESTRING(-98.2747040005418 44.6326160003814,-98.2726989994552 44.6326110000525)",159.09595427439743,truck_route,S 28,S 28,S,28,SD,4,364,106,2
429,324693,148362,148383,"LINESTRING(-98.2726390000791 44.6326110000525,-98.2712959998647 44.6326070001728)",106.56676149902009,truck_route,S 28,S 28,S,28,SD,4,364,106,2
430,324695,148634,148662,"LINESTRING(-98.2560059999925 44.6325709999636,-98.2541840001023 44.6325659996309)",144.57518758825313,truck_route,S 28,S 28,S,28,SD,4,337,60,2
431,324701,148547,148575,"LINESTRING(-98.2624770006669 44.6325859996806,-98.2611090003382 44.6325829996096,-98.2604080000062 44.6325809999884)",164.17433093703224,truck_route,S 28,S 28,S,28,SD,4,364,106,2
432,324714,149519,149518,"LINESTRING(-98.2204159997889 44.5723340003685,-98.2204209998118 44.5737839998327)",161.1294104892198,truck_route,S 37,S 37,S,37,SD,4,1754,191,2
433,324735,149483,149482,"LINESTRING(-98.2205620002771 44.6129350001384,-98.2205670003 44.6143849998642)",161.13058909836528,truck_route,S 37,S 37,S,37,SD,4,1754,191,2
434,324755,149458,149447,"LINESTRING(-98.2206119996075 44.6259850004927,-98.2206180003536 44.627434999764)",161.13112321760187,truck_route,S 37,S 37,S,37,SD,4,1754,191,2
435,324798,149470,149471,"LINESTRING(-98.2206099999576 44.670871000177,-98.2206099999576 44.6723190000332)",160.90950545680673,truck_route,S 37,S 37,S,37,SD,4,610,77,2
436,324805,149471,149472,"LINESTRING(-98.2206099999576 44.6723190000332,-98.2206099999576 44.6737679998639)",161.02066899424116,truck_route,S 37,S 37,S,37,SD,4,610,77,2
437,324809,149445,149440,"LINESTRING(-98.2206190001785 44.6824600002064,-98.2206209998283 44.683908999389)",161.02096212877606,truck_route,S 37,S 37,S,37,SD,4,610,77,2
438,324811,149452,149448,"LINESTRING(-98.2206149999805 44.6795630000648,-98.2206169996304 44.6810109999121)",160.9098284911283,truck_route,S 37,S 37,S,37,SD,4,610,77,2
439,324812,149440,149438,"LINESTRING(-98.2206209998283 44.683908999389,-98.2206209998283 44.6840600005188,-98.2206230003764 44.6853569998337)",160.91002699574668,truck_route,S 37,S 37,S,37,SD,4,610,77,2
440,324835,150860,150885,"LINESTRING(-98.1799959999494 44.6323669998481,-98.1792860002949 44.6323639997659)",56.339042982921455,truck_route,S 28,S 28,S,28,SD,4,338,65,2
441,324842,149412,149408,"LINESTRING(-98.2206339993488 44.6969470003829,-98.220635000072 44.6982970005875,-98.2206359998969 44.6983959998703)",161.02163449654307,truck_route,S 37,S 37,S,37,SD,4,610,77,2
442,324847,149399,149404,"LINESTRING(-98.2206400000949 44.7041899994425,-98.2206400000949 44.7048850004642,-98.2206379995467 44.7056389996306)",161.0217610510776,truck_route,S 37,S 37,S,37,SD,4,610,77,2
443,324850,149462,149455,"LINESTRING(-98.2206109997826 44.7201260000895,-98.2206140001556 44.7215740000743)",160.91108890983827,truck_route,S 37,S 37,S,37,SD,4,610,77,2
444,324871,149379,149378,"LINESTRING(-98.2206650002093 44.7519940000033,-98.2206670007574 44.7534420002575)",160.9119228982774,truck_route,S 37,S 37,S,37,SD,4,610,77,2
445,324876,149382,149380,"LINESTRING(-98.2206610000113 44.7490980003878,-98.2206630005594 44.7505459998332)",160.91175109030084,truck_route,S 37,S 37,S,37,SD,4,610,77,2
446,324878,149377,149375,"LINESTRING(-98.2206689995089 44.7548890003402,-98.220671000057 44.7563369995036)",160.9118835865668,truck_route,S 37,S 37,S,37,SD,4,610,77,2
447,324881,149373,149372,"LINESTRING(-98.220675000255 44.7592329999691,-98.2206769999048 44.760680000475)",160.80102855185046,truck_route,S 37,S 37,S,37,SD,4,610,77,2
448,324888,149368,149367,"LINESTRING(-98.2206850003007 44.766470999979,-98.2206870008489 44.7679189997227)",160.91227574394557,truck_route,S 37,S 37,S,37,SD,4,610,77,2
449,324899,149353,149352,"LINESTRING(-98.2207089996919 44.7838439999661,-98.2207109993417 44.7852920002508)",160.9128273041733,truck_route,S 37,S 37,S,37,SD,4,610,77,2
450,324901,149350,149349,"LINESTRING(-98.2207129998898 44.7867399999188,-98.2207149995396 44.7881869999287)",160.80175111462245,truck_route,S 37,S 37,S,37,SD,4,610,77,2
451,324903,149346,149344,"LINESTRING(-98.2207189997376 44.7910830000326,-98.2207200004608 44.791721000311,-98.2207229999356 44.7925309997821)",160.91325198950796,truck_route,S 37,S 37,S,37,SD,4,610,77,2
452,324933,151042,151141,"LINESTRING(-98.1711739994802 44.6323289998602,-98.1691459997258 44.6323210000614)",160.92315965636004,truck_route,S 28,S 28,S,28,SD,4,338,65,2
453,324953,152864,153044,"LINESTRING(-98.1164179998205 44.6320979999534,-98.114390000066 44.6320890003038)",160.92445150619534,truck_route,S 28,S 28,S,28,SD,4,338,65,2
454,324965,154027,154057,"LINESTRING(-98.1022229995673 44.6320389997385,-98.1001949998128 44.632031000539)",160.92396065332693,truck_route,S 28,S 28,S,28,SD,4,338,65,2
455,324992,153385,153386,"LINESTRING(-98.105122999358 44.9563930001911,-98.105122999358 44.9578420004779)",161.02876306658786,truck_route,S 37,S 37,S,37,SD,4,460,79,2
456,325018,149376,149388,"LINESTRING(-98.220671000057 44.8663410002759,-98.2206519997904 44.8677879994149)",160.81083784209343,truck_route,S 37,S 37,S,37,SD,4,610,77,2
457,325022,149365,149376,"LINESTRING(-98.2206899994253 44.8648940004175,-98.220671000057 44.8663410002759)",160.81087656276753,truck_route,S 37,S 37,S,37,SD,4,610,77,2
458,325023,149456,149476,"LINESTRING(-98.2206140001556 44.8706819999805,-98.220594999889 44.8721290001281)",160.81107161185986,truck_route,S 37,S 37,S,37,SD,4,610,77,2
459,325042,153343,153344,"LINESTRING(-98.1051609998911 44.9072079996314,-98.1051609998911 44.9074139993307,-98.1051570005915 44.9086509999695)",160.36095891013542,truck_route,S 37,S 37,S,37,SD,4,460,79,2
460,325053,153342,153339,"LINESTRING(-98.105161999716 44.9012480001187,-98.1051629995409 44.9014349997279)",20.781388455137144,truck_route,S 37,S 37,S,37,SD,4,460,79,2
461,325054,153339,153340,"LINESTRING(-98.1051629995409 44.9014349997279,-98.1051629995409 44.9014930000446)",6.445566601963867,truck_route,S 37,S 37,S,37,SD,4,460,79,2
462,325056,153337,153343,"LINESTRING(-98.1051650000891 44.9057639997874,-98.1051609998911 44.9072079996314)",160.4719413906624,truck_route,S 37,S 37,S,37,SD,4,460,79,2
463,325060,153344,153345,"LINESTRING(-98.1051570005915 44.9086509999695,-98.1051530003935 44.9100939997092)",160.36088143012688,truck_route,S 37,S 37,S,37,SD,4,460,79,2
464,325077,153319,153321,"LINESTRING(-98.1053110005772 44.934657000297,-98.1053040000063 44.9361059999214)",161.02902212342573,truck_route,S 37,S 37,S,37,SD,4,460,79,2
465,325079,153327,153330,"LINESTRING(-98.1052329998611 44.9390040001263,-98.1052219999905 44.9394079997822,-98.1051970007744 44.9404529994294)",161.05331714370374,truck_route,S 37,S 37,S,37,SD,4,460,79,2
466,325085,153369,153360,"LINESTRING(-98.1051269995559 44.9462489997273,-98.105129999929 44.9473620002328,-98.1051290001041 44.9476979999233)",161.02877575565577,truck_route,S 37,S 37,S,37,SD,4,460,79,2
467,325089,153382,153383,"LINESTRING(-98.105122999358 44.9520460003903,-98.105122999358 44.9534950004624)",161.02861611553877,truck_route,S 37,S 37,S,37,SD,4,460,79,2
468,325093,153399,153389,"LINESTRING(-98.1051190000583 44.9737829996557,-98.1051190000583 44.9744429997891,-98.105122999358 44.9752330001099)",161.14097217310723,truck_route,S 37,S 37,S,37,SD,4,460,79,2
469,325103,153397,153398,"LINESTRING(-98.1051200007815 44.9708849999812,-98.1051190000583 44.9723340003289)",161.02919954383128,truck_route,S 37,S 37,S,37,SD,4,460,79,2
470,325109,153393,153380,"LINESTRING(-98.105121999533 44.9795800002124,-98.1051200007815 44.9799680001637,-98.1051240000812 44.9810290000872)",161.0300839854661,truck_route,S 37,S 37,S,37,SD,4,460,79,2
471,325120,153368,153372,"LINESTRING(-98.1051280002792 44.991173000473,-98.105129999929 44.991650000259,-98.105125999731 44.9926219995702)",161.030310841342,truck_route,S 37,S 37,S,37,SD,4,460,79,2
472,325142,153418,153419,"LINESTRING(-98.1050810004235 45.021590000341,-98.1050739998525 45.0230370003245)",160.80925763972834,truck_route,S 37,S 37,S,37,SD,4,460,79,2
473,325149,153422,153423,"LINESTRING(-98.1050680000047 45.027381000425,-98.1050670001798 45.0288290006403)",160.91965220695587,truck_route,S 37,S 37,S,37,SD,4,460,79,2
474,325169,153446,153447,"LINESTRING(-98.1049479994558 45.0592250002476,-98.1049420005063 45.0606709998628)",160.69889605765692,truck_route,S 37,S 37,S,37,SD,4,456,79,2
475,325175,153447,153448,"LINESTRING(-98.1049420005063 45.0606709998628,-98.1049420005063 45.0607720001116)",11.224457019183788,truck_route,S 37,S 37,S,37,SD,4,456,79,2
476,325180,153456,153457,"LINESTRING(-98.1049220004148 45.0708140002565,-98.1049199998667 45.0722629999433)",161.03201347758147,truck_route,S 37,S 37,S,37,SD,4,456,79,2
477,325186,153466,153467,"LINESTRING(-98.1049030001483 45.0844349997777,-98.1049030001483 45.0847249997175)",32.22868809963343,truck_route,S 37,S 37,S,37,SD,4,456,79,2
478,325190,153468,153470,"LINESTRING(-98.1049030001483 45.085304000029,-98.1049010004984 45.0867509997687)",160.8101627233954,truck_route,S 37,S 37,S,37,SD,4,456,79,2
479,325193,162325,165753,"LINESTRING(-97.8431459997132 44.3692279992855,-97.8403019999991 44.3692410004392,-97.8397360002846 44.3692410004392,-97.8393870003052 44.369227000728,-97.8389730000284 44.36919199983,-97.8384960000024 44.3691300005731,-97.8381520000458 44.3690749995201,-97.8378290000056 44.3690120002938,-97.8374440000411 44.3689099999043,-97.8369500002968 44.3687699999242,-97.8365209999513 44.3686509997101,-97.8357950004033 44.3684640001695,-97.8352950008111 44.3683390001918,-97.8347850002749 44.3682250003237,-97.8344239997016 44.3681579994584,-97.8340309993412 44.3681030000614,-97.8336350004044 44.368058999736,-97.8331260005913 44.3680079996969,-97.8325780004203 44.3680019998783,-97.8321199997625 44.3680069998342,-97.8274160005233 44.3680989999747,-97.8235229994243 44.3681749996469,-97.8150710006477 44.3683559996855,-97.8130650006345 44.3683729998165,-97.8046390000005 44.3684190002596,-97.7928150005318 44.3684279996022,-97.7727219998895 44.3684620004597,-97.7525949998104 44.3684909994567,-97.7323860006139 44.3685069996943,-97.7281829998935 44.3685040001317,-97.7234579998396 44.3685099998989,-97.7224829998712 44.3685119996072,-97.72025699975 44.3685139999575,-97.7126909994567 44.3685210002198,-97.7110610000854 44.3685189998697,-97.7083029996866 44.3685149998115)",10768.858526831133,truck_route,U 14,U 14,U,14,SD,3,1569,229,2
480,325202,170668,170670,"LINESTRING(-97.5506370000047 44.043161999462,-97.5506370000047 44.0434569995214,-97.5506360001798 44.0446109998534)",161.00294889569295,truck_route,S 25,S 25,S,25,SD,4,967,190,2
481,325206,170670,170676,"LINESTRING(-97.5506360001798 44.0446109998534,-97.5506339996317 44.046060000316)",161.00305259994497,truck_route,S 25,S 25,S,25,SD,4,967,190,2
482,325217,170656,170655,"LINESTRING(-97.5507010004772 44.0677909992449,-97.5507060005 44.069237999719)",160.7819016896044,truck_route,S 25,S 25,S,25,SD,4,967,190,2
483,325218,170657,170656,"LINESTRING(-97.5506949997311 44.0663430003536,-97.5507010004772 44.0677909992449)",160.8930177376207,truck_route,S 25,S 25,S,25,SD,4,967,190,2
484,325224,170648,170649,"LINESTRING(-97.5507299998912 44.0764769999638,-97.5507299998912 44.0779240003971)",160.7816435874832,truck_route,S 25,S 25,S,25,SD,4,967,190,2
485,325227,170649,170647,"LINESTRING(-97.5507299998912 44.0779240003971,-97.5507299998912 44.0782109999554,-97.5507369995639 44.0793720005526)",160.8939857941466,truck_route,S 25,S 25,S,25,SD,4,967,190,2
486,325238,170636,170635,"LINESTRING(-97.5508099993588 44.0938489995523,-97.5508230006759 44.0952559999844,-97.5508230006759 44.0952970002529)",160.8967449015834,truck_route,S 25,S 25,S,25,SD,4,967,190,2
487,325239,170629,170628,"LINESTRING(-97.5508440005923 44.1010869996423,-97.5508489997168 44.1025349998547)",160.89392656604676,truck_route,S 25,S 25,S,25,SD,4,967,190,2
488,325243,170626,170625,"LINESTRING(-97.5508539997397 44.1039830000808,-97.5508589997626 44.1054309996728)",160.89393964759947,truck_route,S 25,S 25,S,25,SD,4,967,190,2
489,325257,170611,170609,"LINESTRING(-97.5509790003115 44.1256980001102,-97.5509889994589 44.1271460003145)",160.89611397627348,truck_route,S 25,S 25,S,25,SD,4,967,190,2
490,325267,170591,170590,"LINESTRING(-97.5510980001372 44.1459739995207,-97.5511029992617 44.147423999737)",161.1174250514141,truck_route,S 25,S 25,S,25,SD,4,967,190,2
491,325271,170599,170597,"LINESTRING(-97.5510629999771 44.1386110000705,-97.551063999802 44.1386980005412)",9.667383965444191,truck_route,S 25,S 25,S,25,SD,4,967,190,2
492,325272,170597,170598,"LINESTRING(-97.551063999802 44.1386980005412,-97.551063999802 44.1387270002398)",3.222300078263649,truck_route,S 25,S 25,S,25,SD,4,967,190,2
493,325280,170578,170575,"LINESTRING(-97.5511730004803 44.1619180003744,-97.5511890003738 44.1633680006856)",161.12247327941813,truck_route,S 25,S 25,S,25,SD,4,967,190,2
494,325284,170582,170580,"LINESTRING(-97.5511490001908 44.1590190006631,-97.5511589993383 44.1604690000459)",161.11919068233428,truck_route,S 25,S 25,S,25,SD,4,967,190,2
495,325295,170568,170567,"LINESTRING(-97.5512870002831 44.1719929997854,-97.5513040000015 44.173439999994)",160.79006527887188,truck_route,S 25,S 25,S,25,SD,4,967,190,2
496,325297,170563,170560,"LINESTRING(-97.5513320004889 44.1763330002976,-97.5513409998114 44.1777790004363)",160.67492843333767,truck_route,S 25,S 25,S,25,SD,4,967,190,2
497,325304,170559,170561,"LINESTRING(-97.5513419996363 44.1907990000693,-97.5513369996135 44.192245000318)",160.67423478693115,truck_route,S 25,S 25,S,25,SD,4,967,190,2
498,325312,170317,170321,"LINESTRING(-97.5521769998626 44.1982100002373,-97.5521700001899 44.1994390001191)",136.56285026024312,truck_route,S 25,S 25,S,25,SD,4,822,215,2
499,325318,170348,170346,"LINESTRING(-97.5521369996797 44.2081190004909,-97.5521390002278 44.2095650000656)",160.67423131811918,truck_route,S 25,S 25,S,25,SD,4,822,215,2
500,325335,170390,170394,"LINESTRING(-97.5520199995038 44.2342769995271,-97.5520160002041 44.2357259996777)",161.00862202329304,truck_route,S 25,S 25,S,25,SD,4,822,215,2
501,325337,170337,170357,"LINESTRING(-97.5521520006466 44.2690730000932,-97.5521470006237 44.2692489998948,-97.5521110006387 44.2705209997503)",160.93141431452153,truck_route,S 25,S 25,S,25,SD,4,822,215,2
502,325342,170398,170403,"LINESTRING(-97.5520110001813 44.2371760003536,-97.5520069999833 44.2386250005585)",161.0087102110582,truck_route,S 25,S 25,S,25,SD,4,822,215,2
503,325351,170386,170392,"LINESTRING(-97.5520249995267 44.2560190002078,-97.5520249995267 44.2563960000065,-97.5520189996789 44.2574970000452)",164.23222464055098,truck_route,S 25,S 25,S,25,SD,4,822,215,2
504,325362,170381,170407,"LINESTRING(-97.5520289997246 44.2734169994604,-97.5519879997167 44.2748649995079)",160.9315755624661,truck_route,S 25,S 25,S,25,SD,4,822,215,2
505,325366,170418,170421,"LINESTRING(-97.5519199999447 44.2806579999132,-97.5519069995259 44.281927999701,-97.551904999876 44.2821060003186)",160.9029880837685,truck_route,S 25,S 25,S,25,SD,4,822,215,2
506,325373,170428,170429,"LINESTRING(-97.5518739999139 44.2878989999686,-97.551868999891 44.2893470006647)",160.89926023706965,truck_route,S 25,S 25,S,25,SD,4,822,215,2
507,325375,170431,170432,"LINESTRING(-97.5518639998682 44.290794999744,-97.5518590007436 44.2922439996449)",161.01037116239092,truck_route,S 25,S 25,S,25,SD,4,822,215,2
508,325397,170520,170524,"LINESTRING(-97.5516060001253 44.3255529996961,-97.5515910000567 44.3270010004151)",160.90428142495196,truck_route,S 25,S 25,S,25,SD,4,822,215,2
509,325407,170469,170467,"LINESTRING(-97.5517090000575 44.350171000304,-97.5517119995322 44.3516199997263)",161.01168174962518,truck_route,S 25,S 25,S,25,SD,4,822,215,2
510,325414,170472,170470,"LINESTRING(-97.5517030002097 44.3472749997744,-97.5517040000346 44.3476530001086,-97.5517059996844 44.3487229999383)",160.9005680919759,truck_route,S 25,S 25,S,25,SD,4,822,215,2
511,325431,169878,170521,"LINESTRING(-97.5617390001234 44.3832009999316,-97.5582579996514 44.3831979998375,-97.5575409994259 44.3831990000829,-97.55662999993 44.3832009999316,-97.5549310000634 44.3831959999887,-97.5544070001818 44.3831969995922,-97.5532509995652 44.3831999996862,-97.5516050003004 44.383188000593)",807.5692466469204,truck_route,U 14,U 14,U,14,SD,3,2568,244,2
512,325433,170496,170498,"LINESTRING(-97.5516640007499 44.3718950003697,-97.5516610003769 44.3733429996438)",160.90116073195387,truck_route,S 25,S 25,S,25,SD,4,822,215,2
513,325437,170498,170500,"LINESTRING(-97.5516610003769 44.3733429996438,-97.5516570001789 44.3747920001048)",161.0125910709313,truck_route,S 25,S 25,S,25,SD,4,822,215,2
514,325444,170519,170521,"LINESTRING(-97.5516079997751 44.3830859998553,-97.5516050003004 44.383188000593)",11.336813913937988,truck_route,S 25,S 25,S,25,SD,4,822,215,2
515,325451,170527,170526,"LINESTRING(-97.551584000384 44.3914130003463,-97.5515850002089 44.3916420001924,-97.5515870007571 44.3918919998956)",53.226959660094735,truck_route,S 25,S 25,S,25,SD,4,1602,248,2
516,325461,170512,170509,"LINESTRING(-97.5516289996915 44.4044180002327,-97.5516440006585 44.4058619998464)",160.46190946153396,truck_route,S 25,S 25,S,25,SD,4,1602,248,2
517,325476,170448,170446,"LINESTRING(-97.5517849993271 44.4231309994864,-97.5517879997002 44.4235519999823,-97.5517940004463 44.424579999922)",161.0152915041951,truck_route,S 25,S 25,S,25,SD,4,1602,248,2
518,325481,170438,170434,"LINESTRING(-97.5518409994036 44.4303779999805,-97.5518429999518 44.4306250000765,-97.5518539998224 44.4318270003929)",161.01721822899813,truck_route,S 25,S 25,S,25,SD,4,1602,248,2
519,325489,170419,170417,"LINESTRING(-97.5519189992214 44.4390740002971,-97.5519280003406 44.4401260003334,-97.5519360007365 44.4405240005091)",161.13201150782663,truck_route,S 25,S 25,S,25,SD,4,1602,248,2
520,325497,170286,170280,"LINESTRING(-97.5522129998476 44.4535669999329,-97.5522260002664 44.4550159998509)",161.01781058387056,truck_route,S 25,S 25,S,25,SD,4,1602,248,2
521,325501,170282,170294,"LINESTRING(-97.5522199995203 44.4564659999979,-97.55220500035 44.4579150004372)",161.01905101207728,truck_route,S 25,S 25,S,25,SD,4,1602,248,2
522,325505,170339,170325,"LINESTRING(-97.5521500000984 44.4637129993887,-97.5521669998169 44.4651620001343)",161.02054789818624,truck_route,S 25,S 25,S,25,SD,4,1175,266,2
523,325507,170329,170333,"LINESTRING(-97.5521629996189 44.4825549998,-97.5521569997711 44.4840040000038)",161.0160456698363,truck_route,S 25,S 25,S,25,SD,4,1175,266,2
524,325514,170313,170319,"LINESTRING(-97.5521810000606 44.4782069999925,-97.5521749993145 44.4796559998652)",161.01588611120758,truck_route,S 25,S 25,S,25,SD,4,1175,266,2
525,325527,170290,170283,"LINESTRING(-97.552209000548 44.495584999577,-97.5522199995203 44.4970330001136)",160.90700013204986,truck_route,S 25,S 25,S,25,SD,4,1175,266,2
526,325553,170405,170406,"LINESTRING(-97.5520010001355 44.534669000248,-97.5519890004399 44.5361159998348)",160.79732807626098,truck_route,S 25,S 25,S,25,SD,4,1175,266,2
527,325565,170126,170130,"LINESTRING(-97.5529250000502 44.5519969994902,-97.5529219996772 44.5534459996766)",161.01747859699213,truck_route,S 25,S 25,S,25,SD,4,1175,266,2
528,325566,170120,170123,"LINESTRING(-97.5529310007963 44.5490999996844,-97.5529280004233 44.5505490002988)",161.01744416389283,truck_route,S 25,S 25,S,25,SD,4,1175,266,2
529,325570,170139,170140,"LINESTRING(-97.5529130003547 44.5577919996638,-97.5529110007049 44.558504000159,-97.5529130003547 44.5592410002169)",161.01782051305645,truck_route,S 25,S 25,S,25,SD,4,1175,266,2
530,325572,170134,170132,"LINESTRING(-97.5529179994792 44.562138999316,-97.5529200000274 44.5635870000583)",160.90660623650578,truck_route,S 25,S 25,S,25,SD,4,1175,266,2
531,325577,160583,160623,"LINESTRING(-97.911665999631 44.6313580000891,-97.9096370000516 44.6313529996519)",161.0036790375929,truck_route,S 28,S 28,S,28,SD,4,338,65,2
532,325582,156227,156348,"LINESTRING(-98.0393269995038 44.6318720001594,-98.0383840002208 44.6318700005137,-98.0383039998549 44.6318700005137,-98.0372340003503 44.6318680002287)",166.08029071577,truck_route,S 28,S 28,S,28,SD,4,338,65,2
533,325603,158306,158585,"LINESTRING(-97.9845829995396 44.6317679999528,-97.9825549997851 44.6317550003134)",160.9287451164721,truck_route,S 28,S 28,S,28,SD,4,338,65,2
534,325604,158160,158198,"LINESTRING(-97.9886419994217 44.631782000053,-97.9875750002901 44.6317859999896,-97.9866120000173 44.6317799997649)",161.08494886637303,truck_route,S 28,S 28,S,28,SD,4,338,65,2
535,325615,159198,159256,"LINESTRING(-97.9602459999657 44.6315479997624,-97.9582179993129 44.6315410003238)",160.92481199316802,truck_route,S 28,S 28,S,28,SD,4,338,65,2
536,325616,158959,159038,"LINESTRING(-97.968358999707 44.6315839993276,-97.9676049996716 44.6315729999423,-97.9663309999525 44.6315679995236)",160.93679226693337,truck_route,S 28,S 28,S,28,SD,4,338,65,2
537,325623,159433,159484,"LINESTRING(-97.9521329993262 44.6315150003011,-97.9501049995717 44.6315059999218)",160.92606299069786,truck_route,S 28,S 28,S,28,SD,4,338,65,2
538,325629,159576,159624,"LINESTRING(-97.9460479993395 44.6314879997982,-97.944019999585 44.6314790000539)",160.92613716500085,truck_route,S 28,S 28,S,28,SD,4,338,65,2
539,325633,159811,159868,"LINESTRING(-97.9399770004947 44.6314600000919,-97.9379569993395 44.631449999874)",160.29226634007307,truck_route,S 28,S 28,S,28,SD,4,338,65,2
540,325636,159868,160068,"LINESTRING(-97.9379569993395 44.631449999874,-97.937327000051 44.6314469997443,-97.9359310001332 44.631441999954)",160.76689404375645,truck_route,S 28,S 28,S,28,SD,4,338,65,2
541,325640,160425,160469,"LINESTRING(-97.9197449999354 44.6313830003508,-97.9177450006683 44.631373999951)",158.70461134337398,truck_route,S 28,S 28,S,28,SD,4,338,65,2
542,325657,160784,160823,"LINESTRING(-97.9015190002875 44.6313319999845,-97.8994899998098 44.6313270001843)",161.00382195250472,truck_route,S 28,S 28,S,28,SD,4,338,65,2
543,325683,162416,162469,"LINESTRING(-97.8386140000032 44.6311559998552,-97.8365849995255 44.6311500002046)",161.0047316647745,truck_route,S 28,S 28,S,28,SD,4,338,65,2
544,325684,162333,162378,"LINESTRING(-97.8426720000603 44.6311490003693,-97.8406429995826 44.631159999835)",161.007986841056,truck_route,S 28,S 28,S,28,SD,4,338,65,2
545,325687,162506,162543,"LINESTRING(-97.834555999946 44.6311700001029,-97.8325270003666 44.6311910004683)",161.0201156270148,truck_route,S 28,S 28,S,28,SD,4,338,65,2
546,325696,162894,162928,"LINESTRING(-97.816295999963 44.6312209999724,-97.8162230001681 44.6312219998064,-97.814716999747 44.6312059999026,-97.8142680002085 44.6312070003762)",160.93824285225008,truck_route,S 28,S 28,S,28,SD,4,338,65,2
547,325700,162973,163008,"LINESTRING(-97.8122389997307 44.6312080002105,-97.8102100001513 44.6312090000447)",161.00316487954782,truck_route,S 28,S 28,S,28,SD,4,338,65,2
548,325705,163485,163537,"LINESTRING(-97.7899209996905 44.6311629999795,-97.789019999342 44.631159999835,-97.7878920001111 44.631159999835)",161.00403610382838,truck_route,S 28,S 28,S,28,SD,4,338,65,2
549,325708,163432,163485,"LINESTRING(-97.7919500001683 44.631169000268,-97.7899209996905 44.6311629999795)",161.00469602579233,truck_route,S 28,S 28,S,28,SD,4,338,65,2
550,325710,163579,163631,"LINESTRING(-97.7858629996334 44.631159999835,-97.7842299998891 44.631159999835,-97.783834000054 44.6311609996701)",161.00345678735977,truck_route,S 28,S 28,S,28,SD,4,338,65,2
551,325711,163537,163579,"LINESTRING(-97.7878920001111 44.631159999835,-97.7858629996334 44.631159999835)",161.00333191382063,truck_route,S 28,S 28,S,28,SD,4,338,65,2
552,325726,164291,164343,"LINESTRING(-97.7554300002021 44.6311399999332,-97.7553709997526 44.6311399999332,-97.7534009997244 44.6311549993808)",161.01225313542574,truck_route,S 28,S 28,S,28,SD,4,338,65,2
553,325758,165963,166010,"LINESTRING(-97.700577000458 44.6310469998199,-97.6985519992799 44.6310419999951)",160.68726249957314,truck_route,S 28,S 28,S,28,SD,4,634,95,2
554,325761,166058,166122,"LINESTRING(-97.6965269998985 44.6310379993679,-97.6950310004215 44.631034000019,-97.6945009997938 44.6310260000418)",160.77582254488266,truck_route,S 28,S 28,S,28,SD,4,634,95,2
555,325776,167016,167075,"LINESTRING(-97.6641229997158 44.6309580001905,-97.6631700003871 44.6309599998676,-97.6620980003343 44.6309580001905)",160.68701202969797,truck_route,S 28,S 28,S,28,SD,4,634,95,2
556,325786,167710,167772,"LINESTRING(-97.6418280001401 44.63090700009,-97.6397839995938 44.630901999614)",162.19526666099256,truck_route,S 28,S 28,S,28,SD,4,634,95,2
557,325792,167815,167888,"LINESTRING(-97.638823999694 44.6309000005741,-97.6377960000222 44.63090700009)",81.5769277568253,truck_route,S 28,S 28,S,28,SD,4,634,95,2
558,325797,168040,168062,"LINESTRING(-97.6307209999986 44.6308849997821,-97.6297090002203 44.6308780002636)",80.30740267159734,truck_route,S 28,S 28,S,28,SD,4,634,95,2
559,325800,168108,168220,"LINESTRING(-97.6276829992173 44.6308659996258,-97.6256530007113 44.6308580002646)",161.08580349572551,truck_route,S 28,S 28,S,28,SD,4,634,95,2
560,325803,168294,168331,"LINESTRING(-97.6236220005837 44.6308489997834,-97.6215910004562 44.6308400005793)",161.1659819644436,truck_route,S 28,S 28,S,28,SD,4,634,95,2
561,325815,169001,169066,"LINESTRING(-97.5992709998678 44.6307040003614,-97.5976830003294 44.6306770001203,-97.5972430001133 44.6306770001203)",160.96094446764795,truck_route,S 28,S 28,S,28,SD,4,634,95,2
562,325819,169272,169313,"LINESTRING(-97.5871019997193 44.630636999977,-97.5850729992416 44.6306279994615)",161.0078968353044,truck_route,S 28,S 28,S,28,SD,4,634,95,2
563,325822,170102,170099,"LINESTRING(-97.5529569998373 44.5795240003228,-97.5529619998602 44.580973000244)",161.01854158946182,truck_route,S 25,S 25,S,25,SD,4,1175,266,2
564,325824,170124,170122,"LINESTRING(-97.5529280004233 44.5679340000072,-97.5529300000731 44.5693830001183)",161.01782326080544,truck_route,S 25,S 25,S,25,SD,4,1175,266,2
565,325841,170058,170207,"LINESTRING(-97.5530849998838 44.5873609996724,-97.5524959997048 44.5873620002617)",46.773055646084494,truck_route,S 28,S 28,S,28,SD,4,630,91,2
566,325845,170051,170048,"LINESTRING(-97.5531030003255 44.5956330002292,-97.553122000592 44.5948950002536,-97.553115000021 44.5941839998144)",161.034351952766,truck_route,S 28,S 28,S,28,SD,4,944,72,2
567,325846,170062,170051,"LINESTRING(-97.5530680001654 44.597081000552,-97.553071999465 44.5967770000381,-97.5531030003255 44.5956330002292)",160.9327480433086,truck_route,S 28,S 28,S,28,SD,4,944,72,2
568,325847,170073,170076,"LINESTRING(-97.553002999868 44.6144640000177,-97.5529979998452 44.6135659999304,-97.5529989996701 44.6130150004935)",161.01979658284327,truck_route,S 28,S 28,S,28,SD,4,944,72,2
569,325848,170082,170081,"LINESTRING(-97.5529890005227 44.6057720002555,-97.5529890005227 44.6043239997048)",160.9076998956804,truck_route,S 28,S 28,S,28,SD,4,944,72,2
570,325857,170075,170085,"LINESTRING(-97.5530010002182 44.6115670001601,-97.5530020000431 44.6111400003634,-97.5529860001496 44.610117999979)",161.02611468003218,truck_route,S 28,S 28,S,28,SD,4,944,72,2
571,325859,170074,170071,"LINESTRING(-97.5530020000431 44.6188099996584,-97.5530020000431 44.6187030001968,-97.5530079998909 44.6173610005131)",161.01979719174105,truck_route,S 28,S 28,S,28,SD,4,944,72,2
572,325863,170089,170083,"LINESTRING(-97.5529760001039 44.6217080000836,-97.5529890005227 44.6202589997293)",161.02255894957193,truck_route,S 28,S 28,S,28,SD,4,944,72,2
573,325871,170740,170780,"LINESTRING(-97.5484359999979 44.5873670000093,-97.546491999909 44.5873700004974,-97.5464059996952 44.5873700004974)",161.20410961672272,truck_route,S 28,S 28,S,28,SD,4,630,91,2
574,325875,170963,171249,"LINESTRING(-97.5362570007019 44.5874319998874,-97.5342270003993 44.5874139995347)",161.2160085739754,truck_route,S 28,S 28,S,28,SD,4,630,91,2
575,325877,171338,171383,"LINESTRING(-97.530166999794 44.5873809999399,-97.5292029996963 44.5873739996551,-97.5281370003897 44.5873679999587)",161.21024064145377,truck_route,S 28,S 28,S,28,SD,4,630,91,2
576,325888,169443,169486,"LINESTRING(-97.5830449994871 44.6306190002231,-97.5810169997326 44.6306109995494)",160.9278853795743,truck_route,S 28,S 28,S,28,SD,4,634,95,2
577,325899,170017,170094,"LINESTRING(-97.5546119993229 44.6306770001203,-97.5529660000581 44.6306770001203)",130.61286422062207,truck_route,S 28,S 28,S,28,SD,4,634,95,2
578,325906,170112,170115,"LINESTRING(-97.5529419997687 44.6364690002663,-97.5529359999209 44.6379019993716)",159.24228973530342,truck_route,S 25,S 25,S,25,SD,4,923,66,2
579,325912,170069,170065,"LINESTRING(-97.5530119991905 44.6495040004548,-97.5530179999367 44.6497570002817,-97.5530480000739 44.6509519997868)",160.9341938288331,truck_route,S 25,S 25,S,25,SD,4,923,66,2
580,325916,170065,170059,"LINESTRING(-97.5530480000739 44.6509519997868,-97.5530509995486 44.6510729997939,-97.553079000036 44.6524010001414)",161.03894062089333,truck_route,S 25,S 25,S,25,SD,4,923,66,2
581,325922,170117,170125,"LINESTRING(-97.552935000096 44.6784329995895,-97.5529270005984 44.6798660005869,-97.5529270005984 44.6798830001181)",161.13330822701948,truck_route,S 25,S 25,S,25,SD,4,902,69,2
582,325924,170067,170077,"LINESTRING(-97.5530260003326 44.6654719999273,-97.5529929998223 44.6669399995676)",163.1528248003436,truck_route,S 25,S 25,S,25,SD,4,923,66,2
583,325926,170088,170090,"LINESTRING(-97.5529769999288 44.6683649999017,-97.5529700002561 44.6697739995734)",156.57651025855336,truck_route,S 25,S 25,S,25,SD,4,923,66,2
584,325929,170101,170104,"LINESTRING(-97.5529579996622 44.6726369996893,-97.5529560000124 44.6730129998921,-97.5529539994642 44.6740850001396)",160.91002791452877,truck_route,S 25,S 25,S,25,SD,4,923,66,2
585,325936,170125,170131,"LINESTRING(-97.5529270005984 44.6798830001181,-97.5529219996772 44.6813319998808)",161.02136374184775,truck_route,S 25,S 25,S,25,SD,4,902,69,2
586,325947,170154,170150,"LINESTRING(-97.552863000126 44.7030740006284,-97.5528639999509 44.7031900003971,-97.5528769994714 44.7042949998885,-97.5528799998444 44.7045219995329)",160.9159967957336,truck_route,S 25,S 25,S,25,SD,4,902,69,2
587,325951,170156,170154,"LINESTRING(-97.552855999555 44.7016250000878,-97.5528569993799 44.7019030002789,-97.552863000126 44.7030740006284)",161.02254828544693,truck_route,S 25,S 25,S,25,SD,4,902,69,2
588,325957,170166,170168,"LINESTRING(-97.5527910001559 44.7103129996704,-97.5527340002545 44.7117610000812)",160.97406418080038,truck_route,S 25,S 25,S,25,SD,4,902,69,2
589,325962,170191,170196,"LINESTRING(-97.5525790004438 44.7161029997778,-97.5525750002459 44.7162199992547,-97.5525600001773 44.7175349998821,-97.5525600001773 44.7175509995868)",160.91947593984796,truck_route,S 25,S 25,S,25,SD,4,902,69,2
590,325964,170202,170204,"LINESTRING(-97.5525180003445 44.7218949992604,-97.5525109997734 44.7225530001852,-97.5525069995755 44.7233429996503)",160.91368387314506,truck_route,S 25,S 25,S,25,SD,4,902,69,2
591,325967,170205,170211,"LINESTRING(-97.5524990000779 44.7247910001786,-97.552490999682 44.7262390002042)",160.91229809138386,truck_route,S 25,S 25,S,25,SD,4,902,69,2
592,325978,170241,170238,"LINESTRING(-97.5524299995826 44.74071899966,-97.5524370001536 44.7421669997204)",160.9124595973782,truck_route,S 25,S 25,S,25,SD,4,902,69,2
593,325980,170230,170224,"LINESTRING(-97.5524600006182 44.7479600000588,-97.5524640008161 44.749410000638)",161.1343320451534,truck_route,S 25,S 25,S,25,SD,4,902,69,2
594,325993,170221,170231,"LINESTRING(-97.5524720003137 44.7639059998636,-97.5524600006182 44.7653550001958)",161.0261202053161,truck_route,S 25,S 25,S,25,SD,4,902,69,2
595,326012,169994,169986,"LINESTRING(-97.5555200002424 44.8098559997203,-97.5555960004104 44.809983999336,-97.5557540005941 44.8102839997915,-97.5559250002984 44.8106630004134,-97.5560690002384 44.8110039997441,-97.5561519991808 44.8112319998203)",161.0275518234553,truck_route,S 25,S 25,S,25,SD,4,902,69,2
596,326028,169974,169979,"LINESTRING(-97.5565129997541 44.8155530000137,-97.5564620005988 44.8165969996084,-97.5564319995632 44.8170009999922)",161.04639265108884,truck_route,S 25,S 25,S,25,SD,4,902,69,2
597,326034,165082,170268,"LINESTRING(-97.7248029997038 44.8772679996512,-97.7218109998516 44.8771349996288,-97.7207899998525 44.877090999568,-97.720236000732 44.8770670003887,-97.7192490001697 44.8770319994193,-97.7176120002275 44.8769900006468,-97.7154399996346 44.876957999773,-97.71362999944 44.8769619999628,-97.7114689996161 44.8769830003179,-97.7092570006369 44.876999999842,-97.7050949999244 44.8770379996961,-97.7030239996138 44.8770579999778,-97.6980170004259 44.8771050001986,-97.6949889996904 44.8771129999209,-97.6906410001034 44.8770840005246,-97.6890429996209 44.8770640002519,-97.6815060005381 44.876985000412,-97.6769539998383 44.8769219999623,-97.6748199997785 44.8768999995364,-97.6669239997723 44.8767789999082,-97.6649679999878 44.8767690000381,-97.6611760000694 44.8767799999588,-97.6562619998696 44.8768209994713,-97.6542700001002 44.8768289998696,-97.6492110001354 44.8767900004636,-97.6457110002951 44.8767520004457,-97.6439189996438 44.8767500003436,-97.6429460002236 44.8767320000577,-97.6368250002519 44.8766909998452,-97.6354960002812 44.8766780004393,-97.6338879997529 44.8766599994944,-97.6288890000626 44.8765620006164,-97.6277439993166 44.8765420001623,-97.6207269999176 44.8764559998493,-97.6160209992319 44.876410999849,-97.6137089997953 44.8764089997349,-97.6105910004447 44.8764519996244,-97.6076799998851 44.8765030005618,-97.6020040001523 44.8766010001769,-97.5986020002212 44.8766879996888,-97.5968969996086 44.876713000351,-97.5951509998864 44.8767520004457,-97.5930099992557 44.8767599995805,-97.5906240001992 44.8767700000888,-97.5738940000283 44.8767140004028,-97.572806999907 44.8767100001957,-97.5673620001528 44.8766799992709,-97.5579059992989 44.8766319999229,-97.5522809996197 44.8766190005037)",13634.314870437875,truck_route,U 212,U 212,U,212,SD,3,2243,377,2
598,326036,171209,171206,"LINESTRING(-97.5346409997777 44.8911199996786,-97.5346429994276 44.8913699997418,-97.5346440001508 44.8925660003233)",160.69403811754538,truck_route,S 25,S 25,S,25,SD,4,448,49,2
599,326039,170184,170187,"LINESTRING(-97.5525910001394 44.8426260002904,-97.5525860001165 44.8440759998601)",161.13707561766938,truck_route,S 25,S 25,S,25,SD,4,902,69,2
600,326048,170217,170203,"LINESTRING(-97.5524789999864 44.835380999696,-97.5525159997963 44.8368299999474)",161.0519078125722,truck_route,S 25,S 25,S,25,SD,4,902,69,2
601,326053,170187,170189,"LINESTRING(-97.5525860001165 44.8440759998601,-97.5525810000937 44.8455249999188)",161.0260425929584,truck_route,S 25,S 25,S,25,SD,4,902,69,2
602,326064,170173,170179,"LINESTRING(-97.5526730001552 44.8600149997884,-97.5526190006268 44.8614630003449)",160.97152560351913,truck_route,S 25,S 25,S,25,SD,4,902,69,2
603,326072,170267,170268,"LINESTRING(-97.5522949998634 44.8759529999373,-97.5522809996197 44.8766190005037)",74.02048357087511,truck_route,S 25,S 25,S,25,SD,4,902,69,2
604,326079,171216,171217,"LINESTRING(-97.5346229993361 44.8867800007072,-97.5346200007597 44.8872460005814,-97.5346160005617 44.8877219997405,-97.5346170003866 44.8878320001891,-97.5346200007597 44.8882259997231)",160.69564444631038,truck_route,S 25,S 25,S,25,SD,4,448,49,2
605,326082,171217,171212,"LINESTRING(-97.5346200007597 44.8882259997231,-97.534630999732 44.8896729997644)",160.8068938866045,truck_route,S 25,S 25,S,25,SD,4,448,49,2
606,326093,171195,171200,"LINESTRING(-97.5346659998921 44.9026920001423,-97.5346619996941 44.9041389995262)",160.8051926745267,truck_route,S 25,S 25,S,25,SD,4,448,49,2
607,326105,171158,171164,"LINESTRING(-97.5347289996413 44.9229440000485,-97.5347239996184 44.9243910003497)",160.80604146511203,truck_route,S 25,S 25,S,25,SD,4,448,49,2
608,326110,171175,171177,"LINESTRING(-97.5347150002959 44.9272840005616,-97.5347119999228 44.9285619997892,-97.5347110000979 44.9287299998811)",160.69480452825388,truck_route,S 25,S 25,S,25,SD,4,448,49,2
609,326114,171176,171171,"LINESTRING(-97.534714000471 44.9345170003932,-97.5347150002959 44.9347629999971,-97.5347189995955 44.9359630001267)",160.69517812925812,truck_route,S 25,S 25,S,25,SD,4,448,49,2
610,326116,171165,171159,"LINESTRING(-97.5347239996184 44.9374099999634,-97.5347279998164 44.9388559999753)",160.6951134359718,truck_route,S 25,S 25,S,25,SD,4,448,49,2
611,326120,171149,171151,"LINESTRING(-97.5347340005625 44.9417490003139,-97.5347340005625 44.9426140007243,-97.5347329998392 44.9431960005846)",160.80613350399295,truck_route,S 25,S 25,S,25,SD,4,448,49,2
612,326123,171172,171180,"LINESTRING(-97.5347189995955 44.9533219997582,-97.5347180006689 44.9534950004624,-97.5347079997249 44.954767999502)",160.69758581059614,truck_route,S 25,S 25,S,25,SD,4,448,49,2
613,326129,171129,171141,"LINESTRING(-97.5347730000222 44.9895179997523,-97.5347710003724 44.9900350000709,-97.5347470000829 44.9909670000318)",161.04720785047093,truck_route,S 25,S 25,S,25,SD,4,448,49,2
614,326132,171173,171160,"LINESTRING(-97.5347189995955 44.9605550004887,-97.5347279998164 44.9620009997623)",160.69694421972764,truck_route,S 25,S 25,S,25,SD,4,448,49,2
615,326134,171168,171131,"LINESTRING(-97.5347229997935 44.9634479999074,-97.5347219999686 44.9636209999574,-97.534750000456 44.9644280003519,-97.5347599996034 44.964705000115,-97.5347679999993 44.9648960002097)",160.9646891003175,truck_route,S 25,S 25,S,25,SD,4,448,49,2
616,326142,171127,171128,"LINESTRING(-97.5347740007454 44.9779300006368,-97.5347760003953 44.9782910002444,-97.5347740007454 44.9793789996359)",161.02964273474444,truck_route,S 25,S 25,S,25,SD,4,448,49,2
617,326176,171237,171242,"LINESTRING(-97.5345110000814 45.0271769999571,-97.534494000363 45.0282590004645,-97.5344980005609 45.0286250002539)",160.92832098352608,truck_route,S 25,S 25,S,25,SD,4,448,49,2
618,326183,171059,170978,"LINESTRING(-97.5350539993313 45.0372809998065,-97.5351429999181 45.0375390000254,-97.5355470001491 45.0386980004018)",162.19540941254047,truck_route,S 25,S 25,S,25,SD,4,448,49,2
619,326185,170932,170927,"LINESTRING(-97.537664999417 45.0472270000959,-97.5378490004383 45.04866900008)",160.90764863721,truck_route,S 25,S 25,S,25,SD,4,448,49,2
620,326188,170969,170957,"LINESTRING(-97.5360400000686 45.0400919996522,-97.5365359994628 45.0414969999762)",160.95766618113086,truck_route,S 25,S 25,S,25,SD,4,448,49,2
621,326198,171119,171118,"LINESTRING(-97.5348399999694 45.0599150002945,-97.5348440001673 45.0606779993832,-97.5348440001673 45.0608080002012,-97.5348430003424 45.061363999622)",161.0322233966009,truck_route,S 25,S 25,S,25,SD,4,448,49,2
622,326231,143853,143854,"LINESTRING(-98.5137079998451 45.1087080003032,-98.5137300004847 45.1147160004091,-98.5137320001346 45.1181359997463,-98.513716000241 45.1200120003531,-98.5137039996471 45.1232340002267,-98.5136900003018 45.1268190003655,-98.5136900003018 45.1291949999383,-98.5136889995785 45.1377170000034,-98.5136879997536 45.1436279997622,-98.5136950003247 45.1486210000814,-98.5136969999745 45.1506779995384,-98.5136940004997 45.1510509998774,-98.5137070000202 45.1526879994398)",4887.700530616283,truck_route,U 281,U 281,U,281,SD,3,2149,342,2
623,326232,143244,143275,"LINESTRING(-98.5343159992498 45.1584709999815,-98.5342259997364 45.1584700004045,-98.5322630002793 45.1584550004122)",161.4355355022096,truck_route,S 20,S 20,S,20,SD,4,960,112,2
624,326246,142892,142977,"LINESTRING(-98.5445810003908 45.158597999967,-98.5444850001313 45.1585969997587,-98.5425279996236 45.1585730004561)",161.44938810586163,truck_route,S 20,S 20,S,20,SD,4,960,112,2
625,326250,143759,143802,"LINESTRING(-98.517892000299 45.1583160000845,-98.5158390004301 45.1582869995952)",161.45835888348518,truck_route,S 20,S 20,S,20,SD,4,960,112,2
626,326254,143338,143375,"LINESTRING(-98.5281569996433 45.1584249997823,-98.5267709997712 45.1584139999908,-98.5261039997744 45.1584069997769)",161.4384889005603,truck_route,S 20,S 20,S,20,SD,4,960,112,2
627,326266,144349,144403,"LINESTRING(-98.4854370000627 45.1579569996929,-98.4845679995012 45.1579470000308,-98.4833920005897 45.1579339997072)",160.8184460780938,truck_route,S 20,S 20,S,20,SD,4,940,55,2
628,326267,144204,144234,"LINESTRING(-98.4936109999033 45.1580460001562,-98.4932109998702 45.1580419999177,-98.4915739999279 45.1580240004247)",160.18755631088624,truck_route,S 20,S 20,S,20,SD,4,940,55,2
629,326272,144234,144274,"LINESTRING(-98.4915739999279 45.1580240004247,-98.489529000455 45.1580020000513)",160.8165205280056,truck_route,S 20,S 20,S,20,SD,4,940,55,2
630,326278,144669,144734,"LINESTRING(-98.4731629994338 45.1578199998612,-98.4727390000096 45.1578149993849,-98.4711179999609 45.1577959995979)",160.82062988153984,truck_route,S 20,S 20,S,20,SD,4,940,55,2
631,326283,144887,144925,"LINESTRING(-98.4649810000956 45.1577249996042,-98.4629350007978 45.1577009999343)",160.89950141955785,truck_route,S 20,S 20,S,20,SD,4,940,55,2
632,326293,145369,145454,"LINESTRING(-98.4404339995611 45.1574110001149,-98.438387999365 45.1573859994497)",160.9023394205297,truck_route,S 20,S 20,S,20,SD,4,940,55,2
633,326298,146928,146952,"LINESTRING(-98.3708659998801 45.1564970000361,-98.3703720001357 45.1564899995867,-98.3688200005822 45.1564690001336)",160.91095768147457,truck_route,S 20,S 20,S,20,SD,4,940,55,2
634,326303,145516,145549,"LINESTRING(-98.4342969996959 45.1573359999869,-98.4322520002229 45.1573109999223)",160.8238733934405,truck_route,S 20,S 20,S,20,SD,4,940,55,2
635,326307,145745,145785,"LINESTRING(-98.4220239997902 45.1571739998043,-98.4214340006847 45.1571660004716,-98.4199779995941 45.1571500005358)",160.90134063679295,truck_route,S 20,S 20,S,20,SD,4,940,55,2
636,326324,146586,146650,"LINESTRING(-98.3892859996967 45.156746999959,-98.3872389996757 45.1567200004205)",160.98680372906887,truck_route,S 20,S 20,S,20,SD,4,940,55,2
637,326327,146689,146730,"LINESTRING(-98.3851930003778 45.1566919999941,-98.3831460003567 45.1566640001873)",160.9890702879141,truck_route,S 20,S 20,S,20,SD,4,940,55,2
638,326332,147420,147456,"LINESTRING(-98.3381190004641 45.1561890003512,-98.336072000443 45.1561830001146)",160.96176035171496,truck_route,S 20,S 20,S,20,SD,4,514,50,2
639,326338,147099,147124,"LINESTRING(-98.3585870001267 45.1563339997542,-98.3565400001056 45.15630700002)",160.98796662648806,truck_route,S 20,S 20,S,20,SD,4,514,50,2
640,326364,143913,143914,"LINESTRING(-98.5105109999535 45.4801439999182,-98.5105109999535 45.4801599996072,-98.5105109999535 45.4801940006635,-98.5105000000829 45.481268999656,-98.5105050001057 45.4828050002952,-98.5105059999306 45.4828930000411)",305.530993503679,truck_route,U 281,U 281,U,281,SD,3,7110,370,4
641,326371,143792,143911,"LINESTRING(-98.5159540000578 45.4638169998016,-98.5159389999892 45.4642059996239,-98.5159659997534 45.4645110000286,-98.5160109999592 45.4651760004056,-98.5160260000279 45.465447000119,-98.5160510001422 45.4658210005294,-98.5160679998607 45.466166000101,-98.5160809993811 45.4665869996249,-98.5160860003023 45.4671119998755,-98.5160799995562 45.4679200002969,-98.5160799995562 45.4683099999534,-98.5160740006067 45.4690829996187,-98.5160660002108 45.4703410001921,-98.5160629998378 45.4706720000989,-98.5160599994647 45.4711000001096,-98.51605699999 45.4722629999623,-98.5160510001422 45.4734129997918,-98.5160449993961 45.474019000065,-98.5160400002715 45.4750599999792,-98.5160409991981 45.4762199997725,-98.5160380006217 45.4764180001024,-98.5160289995026 45.4765490004949,-98.5160119997841 45.4766799999531,-98.51598500002 45.4768100000904,-98.5159499998599 45.4769390002839,-98.515904999654 45.4770669999106,-98.5158519999506 45.4771929993379,-98.5157900000263 45.4773169998389,-98.5157199997061 45.4774379999023,-98.5156410000634 45.4775580000729,-98.5155540000247 45.4776740002048,-98.5154589995902 45.4777869999517,-98.5153570003812 45.4778969999615,-98.5152469998781 45.4780029999968,-98.5151289998773 45.4781050000801,-98.5150050000288 45.4782040004847,-98.5148680006597 45.4783010002161,-98.5147229999965 45.4783929998005,-98.5145730002086 45.4784799992626,-98.5144159998498 45.47856099964,-98.5142529996432 45.4786359996991,-98.514085000312 45.4787060003361,-98.5139120000596 45.478769000457,-98.5137350005076 45.4788270005661,-98.5135539998593 45.4788769999606,-98.5133699997363 45.4789210003989,-98.5131820003137 45.4789590000053,-98.5129920003429 45.4789889995771,-98.5128000007222 45.4790129996009,-98.5126070003784 45.4790299998478,-98.5124120003847 45.4790400003241,-98.5119360001837 45.4790520000115,-98.5108569995599 45.4790719996948,-98.5105260000221 45.4790760000085)",1995.9370359805152,truck_route,19TH ST,S 281,S,281,SD,3,4914,437,4
642,326377,143814,143820,"LINESTRING(-98.5154550002905 45.4594799999674,-98.5152309999846 45.4594820005047)",17.521394048225527,truck_route,6-AV,U 12,U,12,SD,3,8858,390,4
643,326381,144203,144250,"LINESTRING(-98.4937670004372 45.4590630001404,-98.4923400005572 45.4590599996273,-98.4909000002585 45.4590599996273)",224.2420147619907,truck_route,6-AV,U 12,U,12,SD,3,13975,475,4
644,326386,145091,145165,"LINESTRING(-98.4540320001378 45.4591799998637,-98.4528620001758 45.4591739994799,-98.4515270003573 45.4591700002739,-98.4502279996255 45.4591700002739)",297.531489073639,truck_route,U 12,U 12,U,12,SD,3,19363,716,4
645,326399,148120,148156,"LINESTRING(-98.289041000187 45.1559970000673,-98.2889479994022 45.1559970000673,-98.2869939992676 45.1559889999359)",160.96356489018063,truck_route,S 20,S 20,S,20,SD,4,514,50,2
646,326414,148628,148659,"LINESTRING(-98.2562899996746 45.1558649993385,-98.2542430005519 45.1558549999427)",160.96506228723013,truck_route,S 20,S 20,S,20,SD,4,514,50,2
647,326430,148847,148881,"LINESTRING(-98.2419580000524 45.1558040001461,-98.2399100002064 45.155797000245)",161.04196237015083,truck_route,S 20,S 20,S,20,SD,4,514,50,2
648,326431,149905,149946,"LINESTRING(-98.2071330006531 45.1554809997413,-98.2050850008071 45.1554550004999)",161.06693902960293,truck_route,S 20,S 20,S,20,SD,4,514,50,2
649,326447,150589,150672,"LINESTRING(-98.1907459997156 45.1552780004759,-98.1886970000447 45.1552519998749)",161.14612058464152,truck_route,S 20,S 20,S,20,SD,4,514,50,2
650,326449,149975,150283,"LINESTRING(-98.2030360002379 45.1554300002435,-98.2009880003919 45.1554049999762)",161.06512786393236,truck_route,S 20,S 20,S,20,SD,4,514,50,2
651,326454,150471,150589,"LINESTRING(-98.1927940004599 45.155302999532,-98.1907459997156 45.1552780004759)",161.06555381504288,truck_route,S 20,S 20,S,20,SD,4,514,50,2
652,326455,150800,150854,"LINESTRING(-98.1825519997835 45.1551750001695,-98.1805039999375 45.1551499997903)",161.0658461881277,truck_route,S 20,S 20,S,20,SD,4,514,50,2
653,326460,150854,150909,"LINESTRING(-98.1805039999375 45.1551499997903,-98.1785200005639 45.1551249994001,-98.1784550002666 45.1551239997643)",161.146517950574,truck_route,S 20,S 20,S,20,SD,4,514,50,2
654,326475,151316,151346,"LINESTRING(-98.162067999329 45.1549179996757,-98.1600189996581 45.154891999544)",161.14713393024468,truck_route,S 20,S 20,S,20,SD,4,514,50,2
655,326482,152112,152139,"LINESTRING(-98.1445130007742 45.1546949998413,-98.1440620006875 45.1546890000808)",35.47038156414625,truck_route,S 20,S 20,S,20,SD,4,514,50,2
656,326495,152810,153035,"LINESTRING(-98.116986999908 45.1543499996025,-98.1149490001077 45.1543220005454)",160.2880621335787,truck_route,S 20,S 20,S,20,SD,4,514,50,2
657,326502,153488,153490,"LINESTRING(-98.1048160001096 45.1041189999726,-98.1048149993864 45.1041640003482,-98.1048019998659 45.1055670003381)",160.92579784540655,truck_route,S 37,S 37,S,37,SD,4,456,79,2
658,326503,153479,153480,"LINESTRING(-98.1048560002926 45.0968830002692,-98.1048549995694 45.0983300002717)",160.81046159551556,truck_route,S 37,S 37,S,37,SD,4,456,79,2
659,326504,153473,153474,"LINESTRING(-98.1048820002319 45.0925410002112,-98.1048860004298 45.0933760004948,-98.1048789998588 45.093987999895)",160.81305083549177,truck_route,S 37,S 37,S,37,SD,4,456,79,2
660,326506,153475,153473,"LINESTRING(-98.1048759994858 45.0910929998892,-98.1048820002319 45.0925410002112)",160.9221410031438,truck_route,S 37,S 37,S,37,SD,4,456,79,2
661,326511,153484,153488,"LINESTRING(-98.104829999455 45.1026720002099,-98.1048160001096 45.1041189999726)",160.81435394206864,truck_route,S 37,S 37,S,37,SD,4,456,79,2
662,326522,153993,154051,"LINESTRING(-98.1028079995483 45.1106049994499,-98.1007630000753 45.1105760000468)",160.9635224913074,truck_route,S 20,S 20,S,20,SD,4,600,66,2
663,326523,153494,153496,"LINESTRING(-98.1047859999724 45.1179459999132,-98.1047800001246 45.1164979997929)",160.9228366682581,truck_route,S 20,S 20,S,20,SD,4,865,73,2
664,326532,154293,154334,"LINESTRING(-98.0884869997967 45.1104149999008,-98.0864409996005 45.1103949997446)",161.02587008908358,truck_route,S 20,S 20,S,20,SD,4,600,66,2
665,326534,154334,154477,"LINESTRING(-98.0864409996005 45.1103949997446,-98.0843949994043 45.1103750002154)",161.02592535290162,truck_route,S 20,S 20,S,20,SD,4,600,66,2
666,326539,153514,153511,"LINESTRING(-98.1047470005126 45.1309809998641,-98.1047480003376 45.1306870000881,-98.1047529994621 45.1295320002842)",161.03428439422845,truck_route,S 20,S 20,S,20,SD,4,865,73,2
667,326563,153491,153492,"LINESTRING(-98.1047909999953 45.1518060006147,-98.1047880005205 45.151732999469)",8.116391733480464,truck_route,S 20,S 20,S,20,SD,4,865,73,2
668,326564,153487,153489,"LINESTRING(-98.1048169999345 45.1541309999592,-98.1048090004369 45.1532300006175,-98.104805000239 45.1526689998439)",162.48182361791515,truck_route,S 20,S 20,S,20,SD,4,865,73,2
669,326566,155449,155488,"LINESTRING(-98.0598419999204 45.1102189997165,-98.0577959997242 45.1102070003431)",161.01659112006377,truck_route,S 20,S 20,S,20,SD,4,600,66,2
670,326571,155372,155412,"LINESTRING(-98.0639339994144 45.1102430003574,-98.063631000364 45.1102410001458,-98.0618879992183 45.1102309997212)",161.01654023133312,truck_route,S 20,S 20,S,20,SD,4,600,66,2
671,326576,155488,155526,"LINESTRING(-98.0577959997242 45.1102070003431,-98.0577599997392 45.1102070003431,-98.0560310006338 45.1101969999125,-98.0557499995281 45.1101949996994)",161.01675796752428,truck_route,S 20,S 20,S,20,SD,4,600,66,2
672,326581,153592,153603,"LINESTRING(-98.1043609998249 45.185937999852,-98.1043089999464 45.1873849997373)",160.86486616539557,truck_route,S 37,S 37,S,37,SD,4,724,51,2
673,326589,153538,153539,"LINESTRING(-98.1045320004275 45.1642349999905,-98.104508999963 45.1656819997941)",160.82249148087962,truck_route,S 37,S 37,S,37,SD,4,724,51,2
674,326601,153572,153556,"LINESTRING(-98.1044100002288 45.1801479994489,-98.1044229997492 45.1815949996071)",160.81606004400263,truck_route,S 37,S 37,S,37,SD,4,724,51,2
675,326605,153635,153640,"LINESTRING(-98.1041430002651 45.194623000063,-98.1041220003487 45.1960710002715)",160.9328249025002,truck_route,S 37,S 37,S,37,SD,4,724,51,2
676,326622,153765,153772,"LINESTRING(-98.1038900005451 45.213442999909,-98.1038739997532 45.2148910002084)",160.9298158492431,truck_route,S 37,S 37,S,37,SD,4,724,51,2
677,326632,153802,153808,"LINESTRING(-98.103743000232 45.2221290003347,-98.1037059995237 45.2235759999445)",160.84019585608735,truck_route,S 37,S 37,S,37,SD,4,724,51,2
678,326659,153550,153554,"LINESTRING(-98.104428999597 45.2640989995845,-98.1044260001223 45.265547999555)",161.03761335123852,truck_route,S 37,S 37,S,37,SD,4,816,51,2
679,326662,153554,153557,"LINESTRING(-98.1044260001223 45.265547999555,-98.1044229997492 45.2669969998422)",161.03768967666664,truck_route,S 37,S 37,S,37,SD,4,816,51,2
680,326664,153575,153576,"LINESTRING(-98.1044060000308 45.27714000037,-98.1044029996577 45.278589999925)",161.14907359185275,truck_route,S 37,S 37,S,37,SD,4,816,51,2
681,326665,153569,153571,"LINESTRING(-98.1044130006018 45.272793000309,-98.1044110000536 45.274241999609)",161.0376894842133,truck_route,S 37,S 37,S,37,SD,4,816,51,2
682,326673,153580,153582,"LINESTRING(-98.1043970007083 45.2821690000351,-98.104395999985 45.2829360003425)",85.24237884688642,truck_route,S 37,S 37,S,37,SD,4,816,51,2
683,326674,153578,153579,"LINESTRING(-98.1043980005332 45.281487999863,-98.1043980005332 45.2818790003959)",43.4547365916001,truck_route,S 37,S 37,S,37,SD,4,816,51,2
684,326680,153588,153590,"LINESTRING(-98.1043780004417 45.2872810004562,-98.1043709998707 45.288729000333)",160.9278870511453,truck_route,S 37,S 37,S,37,SD,4,816,51,2
685,326682,153591,153593,"LINESTRING(-98.1043639992997 45.2901769999004,-98.1043570005253 45.2916249997878)",160.9279696027838,truck_route,S 37,S 37,S,37,SD,4,816,51,2
686,326688,153613,153614,"LINESTRING(-98.1042710003116 45.3090020003328,-98.1042689997634 45.3094619995949,-98.1042649995655 45.3104500003048)",160.9282639799331,truck_route,S 37,S 37,S,37,SD,4,816,51,2
687,326689,153608,153610,"LINESTRING(-98.1042930000529 45.3046580002319,-98.104284999657 45.3061059993459)",160.9285800586477,truck_route,S 37,S 37,S,37,SD,4,816,51,2
688,326702,153625,153624,"LINESTRING(-98.1042360001515 45.3191390001528,-98.1042319999535 45.3201099994325,-98.1042400003494 45.3205870001073)",160.93202691218653,truck_route,S 37,S 37,S,37,SD,4,816,51,2
689,326703,153624,153615,"LINESTRING(-98.1042400003494 45.3205870001073,-98.1042610002658 45.3220350003224)",160.9363526591117,truck_route,S 37,S 37,S,37,SD,4,816,51,2
690,326705,153609,153621,"LINESTRING(-98.10428800003 45.3292749995236,-98.1042550004181 45.3304249995721,-98.1042489996719 45.3307239996882)",161.06881599629477,truck_route,S 37,S 37,S,37,SD,4,816,51,2
691,326731,153713,153719,"LINESTRING(-98.1039809998833 45.3567989997234,-98.1039700000127 45.3582490005152)",161.15360122514798,truck_route,S 37,S 37,S,37,SD,4,816,51,2
692,326734,153728,153751,"LINESTRING(-98.1039470004465 45.3611480000227,-98.1039359996775 45.3625980004545)",161.15368447350056,truck_route,S 37,S 37,S,37,SD,4,816,51,2
693,326745,153783,153787,"LINESTRING(-98.1038330006437 45.3756450005852,-98.1038210000498 45.3770939996833)",161.04324638657152,truck_route,S 37,S 37,S,37,SD,4,816,51,2
694,326746,153791,153796,"LINESTRING(-98.1037989994102 45.3785440002686,-98.1037789993187 45.3792979999871)",83.81355310343552,truck_route,S 37,S 37,S,37,SD,4,816,51,2
695,326755,153848,153857,"LINESTRING(-98.1035850000482 45.3901399997082,-98.1035740001776 45.3915900000679)",161.15449526037824,truck_route,S 37,S 37,S,37,SD,4,1065,53,2
696,326781,153875,153878,"LINESTRING(-98.1035349998195 45.4277979996142,-98.1035370003677 45.4286939996575,-98.1035320003448 45.429245999657)",160.93231553676043,truck_route,S 37,S 37,S,37,SD,4,1065,53,2
697,326784,153888,153891,"LINESTRING(-98.103518999926 45.4306940003786,-98.1035049996823 45.4321420005153)",160.93476611789805,truck_route,S 37,S 37,S,37,SD,4,1065,53,2
698,326787,153897,153908,"LINESTRING(-98.1034639996744 45.4364850001791,-98.103418000542 45.4379320001599)",160.860313756804,truck_route,S 37,S 37,S,37,SD,4,1065,53,2
699,326792,153940,153946,"LINESTRING(-98.1033030000159 45.442274999844,-98.1032880008456 45.4429470001146,-98.1032880008456 45.4431580001006)",98.1462461827997,truck_route,S 37,S 37,S,37,SD,4,1065,53,2
700,326793,153946,153932,"LINESTRING(-98.1032880008456 45.4431580001006,-98.1033230001074 45.4437369997989)",64.40851467858427,truck_route,S 37,S 37,S,37,SD,4,1065,53,2
701,326798,153909,153915,"LINESTRING(-98.1034159999938 45.4652849999797,-98.1034009999252 45.4667330000858)",160.93628792319313,truck_route,S 37,S 37,S,37,SD,4,1290,108,2
702,326809,153919,153917,"LINESTRING(-98.1033859998566 45.4576780000056,-98.1033869996815 45.458040000539)",40.23307780828666,truck_route,S 37,S 37,S,37,SD,4,1290,108,2
703,326813,153907,153909,"LINESTRING(-98.1034190003669 45.4649519995963,-98.1034159999938 45.4652849999797)",37.010695188708276,truck_route,S 37,S 37,S,37,SD,4,1290,108,2
704,326819,153929,153930,"LINESTRING(-98.1033319994299 45.4768689999714,-98.103327999232 45.4783170004285)",160.9326832498237,truck_route,S 37,S 37,S,37,SD,4,1290,108,2
705,326834,153942,153943,"LINESTRING(-98.1032979999931 45.4913490001688,-98.10329499962 45.4927969993923)",160.9328228530617,truck_route,S 37,S 37,S,37,SD,4,1290,108,2
706,326872,154003,154009,"LINESTRING(-98.1026960002936 45.5551019996516,-98.1026519999127 45.5565489998525)",160.86011401753314,truck_route,S 37,S 37,S,37,SD,4,718,151,2
707,326875,153979,153983,"LINESTRING(-98.1029189998764 45.5478630004475,-98.1028750003937 45.5492749997378,-98.1028740005688 45.5493109998156)",160.97263847419032,truck_route,S 37,S 37,S,37,SD,4,718,151,2
708,326881,154016,154013,"LINESTRING(-98.1025919996382 45.5608930002969,-98.1026079995317 45.56234099982)",160.93950094322622,truck_route,S 37,S 37,S,37,SD,4,718,151,2
709,326902,153726,153729,"LINESTRING(-98.1039490000963 45.5941089998873,-98.1039470004465 45.5954899994851,-98.1039470004465 45.5955569998497)",160.93572112607197,truck_route,S 37,S 37,S,37,SD,4,718,151,2
710,326905,153736,153737,"LINESTRING(-98.1039409997004 45.5999009999454,-98.1039409997004 45.6002060000881,-98.1039399998755 45.6013490000372)",160.93584404361712,truck_route,S 37,S 37,S,37,SD,4,718,151,2
711,326941,143331,143365,"LINESTRING(-98.5286520001109 45.7205800000332,-98.5265830003485 45.7205749996372)",161.07735012396748,truck_route,S 10,S 10,S,10,SD,4,710,149,2
712,326943,143389,143422,"LINESTRING(-98.5245129998629 45.7205700004951,-98.5228269995169 45.7205650000983,-98.5224440001005 45.7205639997679)",161.07780555067973,truck_route,S 10,S 10,S,10,SD,4,710,149,2
713,326947,144085,144117,"LINESTRING(-98.5011210001202 45.7638470001787,-98.49904600051 45.7638309997748)",161.428571087615,truck_route,S 10,S 10,S,10,SD,4,298,96,2
714,326949,143927,143965,"LINESTRING(-98.5094230000073 45.763907999953,-98.5073479994988 45.7638929997476)",161.42727718492736,truck_route,S 10,S 10,S,10,SD,4,298,96,2
715,326958,144216,144251,"LINESTRING(-98.4928320006518 45.7637899998156,-98.4917329999366 45.7637839999718,-98.4907629999911 45.7637769999445)",160.95887341255747,truck_route,S 10,S 10,S,10,SD,4,298,96,2
716,326975,144863,144901,"LINESTRING(-98.4659370006957 45.7636310006057,-98.4656080008077 45.7636300004201,-98.463868000035 45.7636439998842)",160.96187174004882,truck_route,S 10,S 10,S,10,SD,4,298,96,2
717,326995,145732,145778,"LINESTRING(-98.4224919995954 45.7634330004715,-98.4204230007313 45.7634219996426)",160.9577911577125,truck_route,S 10,S 10,S,10,SD,4,298,96,2
718,327000,146058,146089,"LINESTRING(-98.4080069998122 45.7633629997178,-98.4059369993266 45.7633539998831)",161.0343712414941,truck_route,S 10,S 10,S,10,SD,4,298,96,2
719,327002,146089,146138,"LINESTRING(-98.4059369993266 45.7633539998831,-98.4038669997393 45.763345999611)",161.03367402665398,truck_route,S 10,S 10,S,10,SD,4,298,96,2
720,327003,146639,146687,"LINESTRING(-98.3873080001709 45.7632610002529,-98.3852380005836 45.7632510002093)",161.03532517292416,truck_route,S 10,S 10,S,10,SD,4,298,96,2
721,327009,146468,146532,"LINESTRING(-98.3935179998311 45.7633010004093,-98.3914479993455 45.7632860000407)",161.04008208373816,truck_route,S 10,S 10,S,10,SD,4,298,96,2
722,327013,146687,146728,"LINESTRING(-98.3852380005836 45.7632510002093,-98.3831689999229 45.7632410001639)",160.95764628059615,truck_route,S 10,S 10,S,10,SD,4,298,96,2
723,327021,146986,147020,"LINESTRING(-98.3666100003545 45.763161000363,-98.3645399998689 45.7631509996748)",161.03568324044176,truck_route,S 10,S 10,S,10,SD,4,298,96,2
724,327028,147227,147267,"LINESTRING(-98.3500509998878 45.7630840004071,-98.3479820001254 45.7630909998947)",160.9560747145761,truck_route,S 10,S 10,S,10,SD,4,298,96,2
725,327037,147462,147492,"LINESTRING(-98.3355619999067 45.7631220003009,-98.3334930001443 45.7631169999535)",160.955062086735,truck_route,S 10,S 10,S,10,SD,4,298,96,2
726,327052,153798,153800,"LINESTRING(-98.1037640001484 45.7433159999973,-98.1037569995774 45.7447649998422)",161.05191829749555,truck_route,S 37,S 37,S,37,SD,4,718,151,2
727,327054,148874,148909,"LINESTRING(-98.2403450003996 45.7628380000393,-98.238675999772 45.7628359996395,-98.2383610001277 45.7628349994396,-98.238278000287 45.7628339998664)",160.8007541918986,truck_route,S 10,S 10,S,10,SD,4,410,98,2
728,327055,148381,148406,"LINESTRING(-98.27136500036 45.7629020002597,-98.2692940000495 45.7628959996938)",161.111746719073,truck_route,S 10,S 10,S,10,SD,4,410,98,2
729,327056,148141,148170,"LINESTRING(-98.2879369994488 45.7629719997117,-98.2858649993134 45.7629939996647)",161.2064501972315,truck_route,S 10,S 10,S,10,SD,4,410,98,2
730,327059,147940,147969,"LINESTRING(-98.3024409994986 45.7629759998747,-98.3003690002615 45.7629719997117)",161.18847345536906,truck_route,S 10,S 10,S,10,SD,4,410,98,2
731,327066,148170,148197,"LINESTRING(-98.2858649993134 45.7629939996647,-98.2849640007615 45.763004000381,-98.2837940007995 45.7630099996819)",161.12118128586127,truck_route,S 10,S 10,S,10,SD,4,410,98,2
732,327076,148465,148469,"LINESTRING(-98.2655849999718 45.7628850000125,-98.2651500006769 45.7628830002411)",33.840857413924,truck_route,S 10,S 10,S,10,SD,4,410,98,2
733,327089,149022,149059,"LINESTRING(-98.2320639995305 45.7628110002767,-98.2299930001183 45.7628059999015)",161.11151548501064,truck_route,S 10,S 10,S,10,SD,4,410,98,2
734,327091,148909,148939,"LINESTRING(-98.238278000287 45.7628339998664,-98.2362069999765 45.7628260001464)",161.11301836573466,truck_route,S 10,S 10,S,10,SD,4,410,98,2
735,327093,148982,149005,"LINESTRING(-98.234135999666 45.7628179997986,-98.2338810002962 45.7628159993982,-98.2334839997378 45.7628149998246,-98.2333069992875 45.7628139996243)",64.49283284553927,truck_route,S 10,S 10,S,10,SD,4,410,98,2
736,327096,149133,149256,"LINESTRING(-98.2258500005707 45.7628010001525,-98.2237779995369 45.7628010001525)",161.18849824725027,truck_route,S 10,S 10,S,10,SD,4,410,98,2
737,327101,149854,149873,"LINESTRING(-98.2107230000068 45.7628040001273,-98.2096810000913 45.7628059999015,-98.2092860000811 45.7628040001273)",111.79055254649829,truck_route,S 10,S 10,S,10,SD,4,410,98,2
738,327108,149942,149973,"LINESTRING(-98.2051409999853 45.7627910000264,-98.2030720002229 45.7627880000509)",160.9553968733699,truck_route,S 10,S 10,S,10,SD,4,410,98,2
739,327111,150352,150435,"LINESTRING(-98.1968640002126 45.7627789994968,-98.1947949995519 45.7627759995206)",160.95550126353123,truck_route,S 10,S 10,S,10,SD,4,410,98,2
740,327114,150720,150762,"LINESTRING(-98.1865169999542 45.76276300004,-98.1864679995504 45.76276300004,-98.1844480001918 45.762767000218)",160.95575104741158,truck_route,S 10,S 10,S,10,SD,4,410,98,2
741,327118,150859,150913,"LINESTRING(-98.1803099997687 45.7627730001711,-98.1782789996412 45.7627759995206,-98.1782400001814 45.7627759995206)",161.03322629285182,truck_route,S 10,S 10,S,10,SD,4,410,98,2
742,327121,153686,153685,"LINESTRING(-98.1040110000206 45.6448060005111,-98.1040129996704 45.6462549997072)",161.04821100639268,truck_route,S 37,S 37,S,37,SD,4,718,151,2
743,327126,153730,153723,"LINESTRING(-98.1039460006216 45.6187300004829,-98.1039590001421 45.6201789998495)",161.0506075147642,truck_route,S 37,S 37,S,37,SD,4,718,151,2
744,327128,153708,153702,"LINESTRING(-98.1039950001271 45.6245250005339,-98.1039979996018 45.6249249998512,-98.1039979996018 45.6259729995171)",160.93700900430025,truck_route,S 37,S 37,S,37,SD,4,718,151,2
745,327131,153702,153703,"LINESTRING(-98.1039979996018 45.6259729995171,-98.1039969997769 45.6274220001595)",161.04778192972773,truck_route,S 37,S 37,S,37,SD,4,718,151,2
746,327170,153652,153650,"LINESTRING(-98.10407200012 45.6810249996337,-98.1040770001428 45.6824739999578)",161.0497575421035,truck_route,S 37,S 37,S,37,SD,4,718,151,2
747,327180,153710,153715,"LINESTRING(-98.1039880004544 45.6984109997857,-98.1039729994874 45.6998600002422)",161.054031020829,truck_route,S 37,S 37,S,37,SD,4,718,151,2
748,327205,153786,153789,"LINESTRING(-98.1038250002478 45.7331759998537,-98.1038229996996 45.7336589993203,-98.1038169998518 45.734625000143)",161.05200057835975,truck_route,S 37,S 37,S,37,SD,4,718,151,2
749,327211,153266,153304,"LINESTRING(-98.1083219997977 45.7916959998213,-98.106252999137 45.7916910001565)",160.87294483902403,truck_route,S 10,S 10,S,10,SD,4,704,115,2
750,327226,152019,152020,"LINESTRING(-98.1449949999247 45.7931989994905,-98.1449930002749 45.794327000241,-98.1449919995517 45.7946469997037)",160.94148435164848,truck_route,S 37,S 37,S,37,SD,4,687,143,2
751,327236,151242,151243,"LINESTRING(-98.1657389997719 45.7870330005807,-98.1657310002743 45.7884269996114)",154.94029758462642,truck_route,S 10,S 10,S,10,SD,4,410,98,2
752,327269,152574,152679,"LINESTRING(-98.1207329997956 45.7917930002451,-98.1202100006372 45.7917859999747,-98.1186649998581 45.7917670003999)",160.81992987797162,truck_route,S 10,S 10,S,10,SD,4,704,115,2
753,327275,152054,152055,"LINESTRING(-98.144880000297 45.8424310000247,-98.1448719999011 45.8438790002646)",160.9438986453161,truck_route,S 37,S 37,S,37,SD,4,687,143,2
754,327276,152041,152042,"LINESTRING(-98.144948000069 45.8250550002857,-98.1449439998711 45.8265030001235)",160.9424625833352,truck_route,S 37,S 37,S,37,SD,4,687,143,2
755,327277,152036,152037,"LINESTRING(-98.1449620003128 45.8178149995909,-98.1449610004878 45.819262999921)",160.94203104798368,truck_route,S 37,S 37,S,37,SD,4,687,143,2
756,327291,152045,152046,"LINESTRING(-98.1449320001755 45.8308470002346,-98.1449279999776 45.8322950002526)",160.94264641536836,truck_route,S 37,S 37,S,37,SD,4,687,143,2
757,327298,152066,152068,"LINESTRING(-98.1447940000833 45.8583579996625,-98.1447860005857 45.859806000088)",160.94436891699283,truck_route,S 37,S 37,S,37,SD,4,687,143,2
758,327300,152056,152057,"LINESTRING(-98.1448640004035 45.845326999737,-98.1448560000075 45.8467749996906)",160.94394863123318,truck_route,S 37,S 37,S,37,SD,4,687,143,2
759,327310,152080,152081,"LINESTRING(-98.1447730001669 45.8627019997905,-98.1447730001669 45.8641479997955)",160.7209487655584,truck_route,S 37,S 37,S,37,SD,4,687,143,2
760,327327,153804,153807,"LINESTRING(-98.1037310005364 45.7491109995675,-98.1037189999425 45.7505590002687)",160.9428186199741,truck_route,S 37,S 37,S,37,SD,4,718,151,2
761,327331,153815,153816,"LINESTRING(-98.1036809994094 45.754905000174,-98.1036760002848 45.7555190006176,-98.103674000635 45.7563530003547)",160.94145473415546,truck_route,S 37,S 37,S,37,SD,4,718,151,2
762,327340,153830,153831,"LINESTRING(-98.103631000079 45.7693909998249,-98.1036289995308 45.7700000002945,-98.1036229996831 45.7708390000437)",160.94197651193076,truck_route,S 37,S 37,S,37,SD,4,718,151,2
763,327350,153864,153866,"LINESTRING(-98.103559000109 45.7824280002974,-98.1035530002612 45.783876999511)",161.05270995713465,truck_route,S 37,S 37,S,37,SD,4,718,151,2
764,327353,153872,153874,"LINESTRING(-98.1035419994922 45.7867739998212,-98.1035360005427 45.7882220003374)",160.9418307597406,truck_route,S 37,S 37,S,37,SD,4,718,151,2
765,327364,154316,154360,"LINESTRING(-98.0876270003544 45.7916900004741,-98.085558000592 45.7916900004741)",160.87192529408134,truck_route,S 10,S 10,S,10,SD,4,782,117,2
766,327366,154360,154592,"LINESTRING(-98.085558000592 45.7916900004741,-98.0840930001789 45.7916910001565,-98.0834880001064 45.7916910001565)",160.94978733452365,truck_route,S 10,S 10,S,10,SD,4,782,117,2
767,327367,154796,154855,"LINESTRING(-98.0793489998584 45.7917260003062,-98.0772790002711 45.7917469998843)",160.96645425780622,truck_route,S 10,S 10,S,10,SD,4,782,117,2
768,327374,155040,155268,"LINESTRING(-98.0690010006734 45.7917910002574,-98.0669310001878 45.7917930002451)",160.94959491512495,truck_route,S 10,S 10,S,10,SD,4,782,117,2
769,327375,155386,155430,"LINESTRING(-98.0627919999398 45.7917930002451,-98.0620710004147 45.7917920005644,-98.0607219994542 45.7917749997272)",160.96658625482755,truck_route,S 10,S 10,S,10,SD,4,782,117,2
770,327381,155594,155803,"LINESTRING(-98.0524450005798 45.7916730002321,-98.0513749992785 45.7916599999698,-98.0503750000941 45.7916469997045)",160.97579258705943,truck_route,S 10,S 10,S,10,SD,4,782,117,2
771,327398,152091,152092,"LINESTRING(-98.1446829997552 45.8887789997212,-98.1446669998617 45.8902260001486)",160.8376760871166,truck_route,S 37,S 37,S,37,SD,4,602,127,2
772,327406,152100,152101,"LINESTRING(-98.144612999435 45.9018039996893,-98.1446090001353 45.9032509995738)",160.8334889230401,truck_route,S 37,S 37,S,37,SD,4,602,127,2
773,327409,152103,152104,"LINESTRING(-98.1445809996479 45.9061449999666,-98.1445620002797 45.9075619999076,-98.1445620002797 45.9075930005708)",160.9514410942682,truck_route,S 37,S 37,S,37,SD,4,602,127,2
774,327421,152128,152124,"LINESTRING(-98.1443249995549 45.9321929997184,-98.1443249995549 45.933252000287,-98.1443370001488 45.9336280002409)",159.51068158371982,truck_route,S 37,S 37,S,37,SD,4,602,127,2
775,327423,152129,152126,"LINESTRING(-98.1443190006054 45.9278510000666,-98.1443249995549 45.929087999878,-98.1443249995549 45.9292980001169)",160.8347316201818,truck_route,S 37,S 37,S,37,SD,4,602,127,2
776,327424,152132,152131,"LINESTRING(-98.1443029998136 45.924956999823,-98.1443110002095 45.9264039997594)",160.83504702761385,truck_route,S 37,S 37,S,37,SD,4,602,127,2
777,327425,152131,152129,"LINESTRING(-98.1443110002095 45.9264039997594,-98.1443190006054 45.9278510000666)",160.8351290873368,truck_route,S 37,S 37,S,37,SD,4,602,127,2
778,327428,152017,151977,"LINESTRING(-98.1450390003056 45.9349819998027,-98.1450750002907 45.9350159995904,-98.1452639995382 45.9351810001938,-98.1454359999657 45.935309999642,-98.1456209999136 45.9354239997909,-98.1458239994049 45.9355370001072,-98.1460160008221 45.9356240000667,-98.1461630002369 45.9356979995299,-98.1464169997818 45.9357949995463,-98.1466489995854 45.9358640001953)",160.86810875349713,truck_route,S 37,S 37,S,37,SD,4,602,127,2
779,327431,171574,171573,"LINESTRING(-97.5199660000238 45.3502170006428,-97.5199669998487 45.3516659996679)",161.03979393058086,truck_route,S 25,S 25,S,25,SD,4,1102,97,2
780,327434,158692,158768,"LINESTRING(-97.9779450002572 45.1096970002378,-97.9759020004341 45.1096640005439)",160.81826980317896,truck_route,S 20,S 20,S,20,SD,4,600,66,2
781,327437,156404,156517,"LINESTRING(-98.0352879997132 45.1100759998883,-98.0332419995171 45.1100669998605)",161.0145733178706,truck_route,S 20,S 20,S,20,SD,4,600,66,2
782,327438,156205,156344,"LINESTRING(-98.0393810008288 45.1100969999476,-98.0373339999094 45.1100849999146)",161.09568463876218,truck_route,S 20,S 20,S,20,SD,4,600,66,2
783,327442,156517,156599,"LINESTRING(-98.0332419995171 45.1100669998605,-98.0311960002192 45.1100589996233)",161.01387466100257,truck_route,S 20,S 20,S,20,SD,4,600,66,2
784,327456,157285,157334,"LINESTRING(-98.0086780001625 45.1099399995287,-98.0066279997684 45.1099269996685)",161.3331227480216,truck_route,S 20,S 20,S,20,SD,4,600,66,2
785,327481,159338,159393,"LINESTRING(-97.9554709996831 45.1093820001338,-97.9537519997251 45.1093949994841,-97.95342799986 45.1093979995289)",160.78715746642072,truck_route,S 20,S 20,S,20,SD,4,600,66,2
786,327486,159888,160089,"LINESTRING(-97.9370399999958 45.1095250004327,-97.9365200003121 45.1095200001579,-97.9362199998382 45.1095099996068,-97.935395000556 45.1094739997642,-97.9349979999976 45.1094480004626)",160.98467649611365,truck_route,S 20,S 20,S,20,SD,4,600,66,2
787,327497,160392,160441,"LINESTRING(-97.9210999998453 45.1072210002081,-97.9206520001316 45.1072470005241,-97.9203910000157 45.1072759997166,-97.91987500053 45.1073560002328,-97.9193840002603 45.1074489997964,-97.919102000228 45.107510999844)",160.9762392919113,truck_route,S 20,S 20,S,20,SD,4,600,66,2
788,327498,160512,160545,"LINESTRING(-97.9154240001125 45.1087729996949,-97.9152939995178 45.1088180002057,-97.9148010004966 45.1089800002295,-97.914310000227 45.1091049999101,-97.9140700000274 45.1091550004664,-97.9136869997128 45.1092299999508,-97.9135980000243 45.1092450002163,-97.9135029995898 45.1092579995979)",160.99477164667712,truck_route,S 20,S 20,S,20,SD,4,600,66,2
789,327509,160789,160830,"LINESTRING(-97.9012489999507 45.1093189997776,-97.8992030006529 45.1093029997264)",161.0233523343804,truck_route,S 20,S 20,S,20,SD,4,600,66,2
790,327514,161309,161353,"LINESTRING(-97.8889760000451 45.1092280003378,-97.8869310005722 45.1092130000679)",160.94373923750422,truck_route,S 20,S 20,S,20,SD,4,600,66,2
791,327519,161711,161756,"LINESTRING(-97.870568999749 45.1090039994895,-97.868524000276 45.1089710000289)",160.97754021966318,truck_route,S 20,S 20,S,20,SD,4,600,66,2
792,327520,161610,161666,"LINESTRING(-97.8746600003164 45.1090609994349,-97.8738209998921 45.1090480000085,-97.8734109998133 45.1090429996918,-97.8726149999451 45.1090319998813)",160.9681810292577,truck_route,S 20,S 20,S,20,SD,4,600,66,2
793,327521,161567,161610,"LINESTRING(-97.8767049997893 45.1090930003026,-97.8746600003164 45.1090609994349)",160.97479873325764,truck_route,S 20,S 20,S,20,SD,4,600,66,2
794,327533,162950,162989,"LINESTRING(-97.8133160007046 45.1084890003157,-97.8128660004429 45.1084969995049,-97.8112709994351 45.1085359994198)",161.02320193027612,truck_route,S 20,S 20,S,20,SD,4,600,66,2
795,327536,162345,162395,"LINESTRING(-97.841949999812 45.1083079997352,-97.8409500006276 45.1082899997548,-97.8399049994407 45.1082859998287)",160.9644027500611,truck_route,S 20,S 20,S,20,SD,4,600,66,2
796,327555,163173,163225,"LINESTRING(-97.8030940001197 45.1087390002857,-97.8022890000307 45.1087600002029,-97.8017600001262 45.1087600002029,-97.8012000002595 45.1087499995187,-97.8010500004717 45.1087439999949)",160.93353370285914,truck_route,S 20,S 20,S,20,SD,4,600,66,2
797,327563,163557,163599,"LINESTRING(-97.7869969996104 45.1068480003444,-97.7865649997903 45.1067819995453,-97.785116000169 45.1065640002638,-97.7849960005184 45.1065459997333)",161.0162496998168,truck_route,S 20,S 20,S,20,SD,4,666,85,2
798,327568,167471,167511,"LINESTRING(-97.649591000077 45.0940699995174,-97.6487590002238 45.094046999759,-97.6475440000559 45.0940129998233)",161.25970299079168,truck_route,S 20,S 20,S,20,SD,4,666,85,2
799,327569,165498,165645,"LINESTRING(-97.7150379999517 45.0943119999439,-97.7130540005781 45.0942989996955,-97.7129780004101 45.0942989996955)",162.16446273444083,truck_route,S 20,S 20,S,20,SD,4,666,85,2
800,327578,163752,163792,"LINESTRING(-97.778972000631 45.1055999998645,-97.7770240003442 45.1051819993815)",160.1951575887662,truck_route,S 20,S 20,S,20,SD,4,666,85,2
801,327589,164694,164736,"LINESTRING(-97.7395699995192 45.0943910001703,-97.7387960002906 45.0943879999711,-97.7375330004422 45.094393000303)",160.34947160046,truck_route,S 20,S 20,S,20,SD,4,666,85,2
802,327592,164649,164694,"LINESTRING(-97.7416030001949 45.0944520003827,-97.7415410002707 45.0944470000559,-97.741009999818 45.094416999354,-97.7402079992037 45.0943940003694,-97.7395699995192 45.0943910001703)",160.2493309297713,truck_route,S 20,S 20,S,20,SD,4,666,85,2
803,327593,164792,164873,"LINESTRING(-97.7354820002232 45.0944029996975,-97.733793999329 45.0944100001603,-97.7334330005523 45.0944100001603)",161.29388993895958,truck_route,S 20,S 20,S,20,SD,4,666,85,2
804,327599,165061,165135,"LINESTRING(-97.7252639998362 45.0943859998381,-97.7232279996858 45.0943700000405)",160.27827081139586,truck_route,S 20,S 20,S,20,SD,4,666,85,2
805,327600,165292,165342,"LINESTRING(-97.7191560002833 45.0943379997977,-97.7187689997707 45.0943350002298,-97.7171000000414 45.0943250001894)",161.84941659610647,truck_route,S 20,S 20,S,20,SD,4,666,85,2
806,327601,165230,165292,"LINESTRING(-97.7211920004337 45.0943540002384,-97.7191560002833 45.0943379997977)",160.2783611028319,truck_route,S 20,S 20,S,20,SD,4,666,85,2
807,327602,165342,165498,"LINESTRING(-97.7171000000414 45.0943250001894,-97.7150379999517 45.0943119999439)",162.32165036859178,truck_route,S 20,S 20,S,20,SD,4,666,85,2
808,327615,166195,166262,"LINESTRING(-97.6925250008161 45.0941699996555,-97.6906670000426 45.0941539997974,-97.6904729998739 45.0941510002199)",161.543004011894,truck_route,S 20,S 20,S,20,SD,4,666,85,2
809,327629,167023,167084,"LINESTRING(-97.6638909999122 45.0940449996141,-97.6618509995638 45.0940770000211)",160.62355507730078,truck_route,S 20,S 20,S,20,SD,4,666,85,2
810,327633,167429,167471,"LINESTRING(-97.6516309995271 45.0941249996468,-97.649591000077 45.0940699995174)",160.7002938685781,truck_route,S 20,S 20,S,20,SD,4,666,85,2
811,327640,167511,167562,"LINESTRING(-97.6475440000559 45.0940129998233,-97.6465609996916 45.0939850003087,-97.6455079999055 45.0939689997646)",160.35111078291538,truck_route,S 20,S 20,S,20,SD,4,666,85,2
812,327645,168268,168302,"LINESTRING(-97.6250569999613 45.0939440004512,-97.6230119995901 45.0939260003807)",160.99055358831197,truck_route,S 20,S 20,S,20,SD,4,666,85,2
813,327652,168968,169023,"LINESTRING(-97.600515000348 45.0939810000146,-97.5984699999768 45.0939900000419)",160.98109027621803,truck_route,S 20,S 20,S,20,SD,4,666,85,2
814,327655,168489,168559,"LINESTRING(-97.6148309991784 45.0938699993501,-97.6148100001604 45.0938699993501,-97.6128140001929 45.0939020004893,-97.6127869995304 45.0939020004893)",160.9397315837735,truck_route,S 20,S 20,S,20,SD,4,666,85,2
815,327661,169081,169130,"LINESTRING(-97.5964249996055 45.0939889999684,-97.5943800001326 45.0939929996279)",160.9785105294751,truck_route,S 20,S 20,S,20,SD,4,666,85,2
816,327665,169218,169255,"LINESTRING(-97.5902890004635 45.0940010002142,-97.5887050002246 45.0940040004338,-97.5882440000922 45.0940030003606)",160.97855062665678,truck_route,S 20,S 20,S,20,SD,4,666,85,2
817,327669,169777,169812,"LINESTRING(-97.5677910004982 45.094005000507,-97.565745000302 45.094005000507)",161.05663225475573,truck_route,S 20,S 20,S,20,SD,4,666,85,2
818,327673,169557,169612,"LINESTRING(-97.5780169994844 45.0939900000419,-97.5759720000115 45.093987999895)",160.9780559389068,truck_route,S 20,S 20,S,20,SD,4,666,85,2
819,327674,169704,169747,"LINESTRING(-97.5718810003424 45.0940040004338,-97.5718429998092 45.0940040004338,-97.570282000035 45.0940040004338,-97.5698359999711 45.0940040004338)",160.97793105070235,truck_route,S 20,S 20,S,20,SD,4,666,85,2
820,327676,169747,169777,"LINESTRING(-97.5698359999711 45.0940040004338,-97.5677910004982 45.094005000507)",160.97789729083354,truck_route,S 20,S 20,S,20,SD,4,666,85,2
821,327681,169995,170031,"LINESTRING(-97.5555190004175 45.0939900000419,-97.5553400003173 45.0939900000419,-97.5534740000462 45.0939869998216)",160.9783526564956,truck_route,S 20,S 20,S,20,SD,4,666,85,2
822,327698,171091,171089,"LINESTRING(-97.5349420000766 45.0932269998087,-97.5349429999015 45.0938680004673,-97.5349439997264 45.0939369999312)",78.90532140692068,truck_route,S 25,S 25,S,25,SD,4,380,51,2
823,327699,171056,171089,"LINESTRING(-97.5350659999252 45.0939380000056,-97.5349439997264 45.0939369999312)",9.604241540558627,truck_route,S 20,S 20,S,20,SD,4,666,85,2
824,327729,171066,171065,"LINESTRING(-97.5350440001839 45.1279470001086,-97.5350450000088 45.1293930003997)",160.7002377569233,truck_route,S 25,S 25,S,25,SD,4,1071,66,2
825,327733,171061,171060,"LINESTRING(-97.5350499991333 45.1351749993968,-97.5350509998566 45.1366209995772)",160.7004297367603,truck_route,S 25,S 25,S,25,SD,4,1071,66,2
826,327744,171047,171046,"LINESTRING(-97.5351479999409 45.1510879998017,-97.5351539997887 45.151652000657)",62.68186169660192,truck_route,S 25,S 25,S,25,SD,4,1071,66,2
827,327762,170983,170985,"LINESTRING(-97.5354459998668 45.1756930004163,-97.5354200008258 45.1771400004423)",160.8256585238723,truck_route,S 25,S 25,S,25,SD,4,1071,66,2
828,327764,171010,171014,"LINESTRING(-97.5353139996223 45.1829290005052,-97.5352820007335 45.1843710002194)",160.2768990255527,truck_route,S 25,S 25,S,25,SD,4,1071,66,2
829,327766,171004,171010,"LINESTRING(-97.5353459994094 45.1814810002526,-97.5353200003684 45.1826809998082,-97.5353139996223 45.1829290005052)",160.94368705749312,truck_route,S 25,S 25,S,25,SD,4,1071,66,2
830,327772,171019,171021,"LINESTRING(-97.5352609999188 45.1872729999901,-97.5352509998731 45.1887210004401)",160.92610255551003,truck_route,S 25,S 25,S,25,SD,4,1071,66,2
831,327777,171032,171033,"LINESTRING(-97.5352020003676 45.1974100001341,-97.5351999998195 45.1988580003214)",160.92451801942883,truck_route,S 25,S 25,S,25,SD,4,1071,66,2
832,327778,171035,171042,"LINESTRING(-97.5351959996215 45.200307000482,-97.53517599953 45.2017549997371)",160.93209186432148,truck_route,S 25,S 25,S,25,SD,4,1071,66,2
833,327779,171042,171043,"LINESTRING(-97.53517599953 45.2017549997371,-97.5351680000324 45.2022760002756,-97.53517599953 45.203203000117)",160.9299138546742,truck_route,S 25,S 25,S,25,SD,4,1071,66,2
834,327786,171020,171013,"LINESTRING(-97.5352550000711 45.2133399997361,-97.5352839994851 45.2147880001268)",160.94103688725986,truck_route,S 25,S 25,S,25,SD,4,1071,66,2
835,327800,171003,171006,"LINESTRING(-97.5353580000032 45.2307170000009,-97.5353420001097 45.2321650000842)",160.93027711892273,truck_route,S 25,S 25,S,25,SD,4,1071,66,2
836,327808,171255,171276,"LINESTRING(-97.5338839993693 45.2363280007325,-97.5337870001832 45.2364499998651,-97.5336230001517 45.2366520000204,-97.5334289999829 45.2368700004033,-97.5331629998441 45.2371230000893,-97.5329899995918 45.2372800000882,-97.5327090002827 45.237510000375)",160.95717084660922,truck_route,S 25,S 25,S,25,SD,4,1071,66,2
837,327819,171631,171629,"LINESTRING(-97.5197809991775 45.2559270003683,-97.5197860000987 45.2573749998653)",160.9264992066649,truck_route,S 25,S 25,S,25,SD,4,1071,66,2
838,327826,171622,171621,"LINESTRING(-97.5198029998172 45.2631669997656,-97.5198070000151 45.2646160001308)",161.03776479761933,truck_route,S 25,S 25,S,25,SD,4,1071,66,2
839,327827,171619,171620,"LINESTRING(-97.5198110002131 45.2660639999655,-97.519812000038 45.2663429997042,-97.519808999665 45.2675119995348)",160.92662801194712,truck_route,S 25,S 25,S,25,SD,4,1071,66,2
840,327838,171584,171580,"LINESTRING(-97.5199579996279 45.2834410004099,-97.5199619998258 45.2848889997106)",160.92708325118764,truck_route,S 25,S 25,S,25,SD,4,1071,66,2
841,327839,171606,171614,"LINESTRING(-97.5199149999702 45.3167440003463,-97.519891000579 45.3181940000931)",161.16103198318538,truck_route,S 25,S 25,S,25,SD,4,1454,65,2
842,327865,171611,171610,"LINESTRING(-97.5198970004268 45.3210919996843,-97.5198999999016 45.322540000257)",160.92815587656517,truck_route,S 25,S 25,S,25,SD,4,1454,65,2
843,327878,171539,171541,"LINESTRING(-97.5201219996594 45.3379100002355,-97.5200580000853 45.3391839996187)",141.67907850157837,truck_route,S 25,S 25,S,25,SD,4,4598,267,2
844,327879,171532,171539,"LINESTRING(-97.5201539994464 45.3365489996241,-97.5201490003219 45.3373739997237,-97.5201219996594 45.3379100002355)",151.2978066538555,truck_route,S 25,S 25,S,25,SD,4,4598,267,2
845,327884,171579,171578,"LINESTRING(-97.5199629996507 45.3458719995826,-97.519964000374 45.3473199999404)",160.92868049076813,truck_route,S 25,S 25,S,25,SD,4,1102,97,2
846,327889,171595,171599,"LINESTRING(-97.5199409999094 45.3661500006153,-97.5199369997115 45.3675990000129)",161.04057237253807,truck_route,S 25,S 25,S,25,SD,4,692,134,2
847,327890,171583,171585,"LINESTRING(-97.5199610000009 45.3589079999682,-97.519956999803 45.3603570005517)",161.04049917701562,truck_route,S 25,S 25,S,25,SD,4,692,134,2
848,327894,171571,171568,"LINESTRING(-97.5199680005719 45.35311400016,-97.5199690003969 45.3545630001368)",161.03998173523576,truck_route,S 25,S 25,S,25,SD,4,692,134,2
849,327897,171587,171590,"LINESTRING(-97.5199530005033 45.3618049995827,-97.5199490003053 45.3632530000562)",160.92943028734808,truck_route,S 25,S 25,S,25,SD,4,692,134,2
850,327905,171605,171602,"LINESTRING(-97.5199259998408 45.3733929995799,-97.5199320005869 45.3748410000284)",160.9301367186376,truck_route,S 25,S 25,S,25,SD,4,692,134,2
851,327908,171597,171593,"LINESTRING(-97.5199379995364 45.3762900001664,-97.5199440002825 45.3777379996339)",160.9301095992158,truck_route,S 25,S 25,S,25,SD,4,692,134,2
852,327913,168204,168206,"LINESTRING(-97.6258480007049 45.8745730004637,-97.625829999365 45.8760190006364)",160.727379056001,truck_route,S 27,S 27,S,27,SD,4,644,107,2
853,327915,158694,158770,"LINESTRING(-97.9778849999828 45.7915760002259,-97.9758160002204 45.7915689999283)",160.87414489433792,truck_route,S 10,S 10,S,10,SD,4,782,117,2
854,327922,156643,156881,"LINESTRING(-98.0296799997525 45.7915370006149,-98.0276100001652 45.7915580002643)",160.96699832928354,truck_route,S 10,S 10,S,10,SD,4,782,117,2
855,327947,159606,159653,"LINESTRING(-97.9447740005187 45.7914459997462,-97.942704999858 45.7914350000579)",160.8773585264776,truck_route,S 10,S 10,S,10,SD,4,782,117,2
856,327949,158927,158983,"LINESTRING(-97.9696069994868 45.7915500002795,-97.9681489996447 45.7915449999752,-97.9675379997244 45.7915419996671)",160.87487137891836,truck_route,S 10,S 10,S,10,SD,4,782,117,2
857,327951,158770,158844,"LINESTRING(-97.9758160002204 45.7915689999283,-97.9737459997348 45.791562999941)",160.95147349896268,truck_route,S 10,S 10,S,10,SD,4,782,117,2
858,327958,159220,159294,"LINESTRING(-97.9592600001267 45.7915059997162,-97.9583989999612 45.7915019997202,-97.9571910003643 45.7914980003503)",160.87499524341717,truck_route,S 10,S 10,S,10,SD,4,782,117,2
859,327963,160255,160293,"LINESTRING(-97.9282190002499 45.7913849993973,-97.9261500004876 45.7913810006454)",160.8734224726711,truck_route,S 10,S 10,S,10,SD,4,782,117,2
860,327970,160207,160255,"LINESTRING(-97.9302890007355 45.7913890000281,-97.9282190002499 45.7913849993973)",160.95122138232463,truck_route,S 10,S 10,S,10,SD,4,782,117,2
861,327977,160459,160462,"LINESTRING(-97.9179410004869 45.7913830006477,-97.9178719999915 45.7913830006477)",5.365057883071122,truck_route,S 10,S 10,S,10,SD,4,1067,110,2
862,327980,161518,161573,"LINESTRING(-97.8785259998546 45.7913309999364,-97.8764520000693 45.7913299996211)",161.26176956485838,truck_route,S 10,S 10,S,10,SD,4,1067,110,2
863,327984,160625,160666,"LINESTRING(-97.9095989995184 45.7913620003061,-97.907530999581 45.7913560002965)",160.7965201639966,truck_route,S 10,S 10,S,10,SD,4,1067,110,2
864,327993,161433,161471,"LINESTRING(-97.8826740003234 45.7913329999406,-97.8805999996398 45.7913319996253)",161.26183364418458,truck_route,S 10,S 10,S,10,SD,4,1067,110,2
865,328003,161849,161893,"LINESTRING(-97.8640069997362 45.7912620000619,-97.8627809996977 45.7912660007015,-97.861932999951 45.7912699994616)",161.26445331267098,truck_route,S 10,S 10,S,10,SD,4,1067,110,2
866,328004,162100,162147,"LINESTRING(-97.8536360000868 45.7913020001811,-97.8515619994032 45.7913069998808)",161.26283352980636,truck_route,S 10,S 10,S,10,SD,4,1067,110,2
867,328009,162147,162197,"LINESTRING(-97.8515619994032 45.7913069998808,-97.8494880005162 45.79131199958)",161.26267941829374,truck_route,S 10,S 10,S,10,SD,4,1067,110,2
868,328013,162453,162498,"LINESTRING(-97.8370659997494 45.7913240002344,-97.8354260003324 45.7913240002344,-97.8350030007331 45.7913289999321)",160.4110890724646,truck_route,S 10,S 10,S,10,SD,4,1067,110,2
869,328032,163047,163101,"LINESTRING(-97.8081639999552 45.7913839997094,-97.8061790007567 45.7913990000378,-97.8060919998197 45.7913990000378)",161.11507864864365,truck_route,S 10,S 10,S,10,SD,4,1067,110,2
870,328034,163149,163207,"LINESTRING(-97.8040199996843 45.7914110000471,-97.8024859996742 45.7914200003655,-97.8019480004472 45.7914210006792)",161.1102747380863,truck_route,S 10,S 10,S,10,SD,4,1067,110,2
871,328051,163833,163883,"LINESTRING(-97.7750090001101 45.7913569999849,-97.7735589997656 45.7913569999849,-97.7731400003643 45.7913560002965,-97.7729369999747 45.7913549999817)",161.10675592637833,truck_route,S 10,S 10,S,10,SD,4,1067,110,2
872,328062,164310,164361,"LINESTRING(-97.754842999673 45.7912980001705,-97.7538950003671 45.7912860001369,-97.7535329999689 45.7912810004353,-97.7527709995375 45.7912800001191)",161.12403335063254,truck_route,S 10,S 10,S,10,SD,4,1897,137,2
873,328065,164682,164731,"LINESTRING(-97.7399120007243 45.7912179998976,-97.7386450006779 45.7912260005564,-97.7383890005849 45.7912270002472,-97.7381419998144 45.7912240005484,-97.7378410004138 45.7912210002231)",161.03841259017682,truck_route,S 10,S 10,S,10,SD,4,1329,217,2
874,328074,164914,164923,"LINESTRING(-97.7316289993071 45.7911939997933,-97.7311129998214 45.7911919997842,-97.7310900002552 45.7911919997842)",41.910038699579744,truck_route,S 10,S 10,S,10,SD,4,1329,217,2
875,328083,166011,166061,"LINESTRING(-97.6984969999266 45.7910380001165,-97.6964259996161 45.7910310003777)",161.03124196870797,truck_route,S 10,S 10,S,10,SD,4,1329,217,2
876,328086,165644,165693,"LINESTRING(-97.7129919997555 45.7911160000095,-97.711882000068 45.7911109996663,-97.710920999445 45.791105000256)",161.0339071174842,truck_route,S 10,S 10,S,10,SD,4,1329,217,2
877,328087,165741,165794,"LINESTRING(-97.7088509998577 45.7910910001681,-97.7067800004455 45.7910779997701)",161.03563159087412,truck_route,S 10,S 10,S,10,SD,4,1329,217,2
878,328093,166061,166134,"LINESTRING(-97.6964259996161 45.7910310003777,-97.6963800004837 45.7910310003777,-97.6943560000288 45.7910179999657)",160.95821370813994,truck_route,S 10,S 10,S,10,SD,4,1329,217,2
879,328094,166206,166269,"LINESTRING(-97.6922849997183 45.7910050001771,-97.6902140003061 45.7909920003854)",161.03587863047167,truck_route,S 10,S 10,S,10,SD,4,1329,217,2
880,328096,166334,166402,"LINESTRING(-97.6881439998205 45.7909749993041,-97.6879960005808 45.7909730005399,-97.6860769997079 45.7909629998273)",160.724803920241,truck_route,S 10,S 10,S,10,SD,4,1329,217,2
881,328109,167095,167145,"LINESTRING(-97.6612730001538 45.790792000269,-97.6592060000413 45.7907780001024)",160.7265795058906,truck_route,S 10,S 10,S,10,SD,4,1329,217,2
882,328134,168379,168425,"LINESTRING(-97.6199310000494 45.7905020004853,-97.6178630001119 45.7904850005073)",160.80872725031645,truck_route,S 10,S 10,S,10,SD,4,739,103,2
883,328135,168135,168136,"LINESTRING(-97.6265900001465 45.8006979999772,-97.6265769997277 45.8021480003428)",161.1669957046645,truck_route,S 27,S 27,S,27,SD,4,644,107,2
884,328171,168151,168152,"LINESTRING(-97.6264730008689 45.8209709994835,-97.6264660002979 45.8224169996093)",160.7207039209233,truck_route,S 27,S 27,S,27,SD,4,644,107,2
885,328187,168178,168180,"LINESTRING(-97.6261570005014 45.8499590002453,-97.6261320003871 45.8514109998329)",161.3991141347914,truck_route,S 27,S 27,S,27,SD,4,644,107,2
886,328204,168192,168194,"LINESTRING(-97.6259909999218 45.8629959995125,-97.6259900000969 45.8630900006744,-97.625985000074 45.8635710001794,-97.6259740002033 45.8644470000184)",161.2822011121634,truck_route,S 27,S 27,S,27,SD,4,644,107,2
887,328213,169838,169866,"LINESTRING(-97.5642010002462 45.7759560006747,-97.5641040001618 45.7759089998099,-97.5633910001343 45.7755580001644,-97.56251699955 45.7751170002092)",160.7838935807718,truck_route,S 10,S 10,S,10,SD,4,739,103,2
888,328220,170252,170654,"LINESTRING(-97.5523939995976 45.7701019999701,-97.5516669993264 45.7697389998333,-97.5507080001499 45.769265000583)",160.78997815892964,truck_route,S 10,S 10,S,10,SD,4,739,103,2
889,328222,169452,169484,"LINESTRING(-97.582767000551 45.7851459998877,-97.5815280000937 45.7845350004352,-97.5810789996568 45.7843109997663)",160.7599404328089,truck_route,S 10,S 10,S,10,SD,4,739,103,2
890,328223,169523,169564,"LINESTRING(-97.5793930002091 45.7834730001777,-97.5778779995673 45.7827240004276,-97.57770399949 45.7826380000565)",160.8261564798394,truck_route,S 10,S 10,S,10,SD,4,739,103,2
891,328227,169655,169689,"LINESTRING(-97.5743240001986 45.780971999384,-97.5736089996229 45.7806189992682,-97.5726379998525 45.7801349996153)",160.76932518464432,truck_route,S 10,S 10,S,10,SD,4,739,103,2
892,328238,170764,170789,"LINESTRING(-97.5473389998308 45.7675880001291,-97.5469719994097 45.7674029999089,-97.5462829996716 45.7670170000174,-97.5457300003759 45.7666809996389)",160.80026101770198,truck_route,S 10,S 10,S,10,SD,4,739,103,2
893,328243,171268,171288,"LINESTRING(-97.5331839997605 45.7534779996049,-97.5327379996967 45.752947999674,-97.5321230004768 45.7522359998863)",160.84794958304917,truck_route,S 10,S 10,S,10,SD,4,739,103,2
894,328259,168210,168211,"LINESTRING(-97.625764000141 45.8818169994543,-97.6257599999431 45.8821699999196,-97.6257540000953 45.8827670006779,-97.6257480002475 45.8832670002606)",161.17098892393685,truck_route,S 27,S 27,S,27,SD,4,644,107,2
895,328267,168222,168223,"LINESTRING(-97.6256290004218 45.8919690001997,-97.6256279996986 45.8920440001302,-97.6256210000259 45.8932309999411)",140.27176751982924,truck_route,S 27,S 27,S,27,SD,4,644,107,2
896,328268,168224,168225,"LINESTRING(-97.6256210000259 45.8933180006002,-97.625620000201 45.893418999872)",11.22626001236841,truck_route,S 27,S 27,S,27,SD,4,644,107,2
897,328293,168259,168260,"LINESTRING(-97.625291000313 45.9310660001888,-97.6252750004195 45.9325140003663)",160.94998318120776,truck_route,S 27,S 27,S,27,SD,4,644,107,2
898,328294,168267,168277,"LINESTRING(-97.6250610001593 45.9339499997071,-97.6250100001056 45.9341199997268,-97.6247599998604 45.9347500002535,-97.6244369998202 45.9353289995789)",161.02343772538765,truck_route,S 27,S 27,S,27,SD,4,644,107,2
899,328303,176090,181650,"LINESTRING(-97.366983000563 44.3610189997863,-97.3667929996939 44.3610189997863,-97.3645170002423 44.3610340001565,-97.3590440000008 44.3610530004486,-97.354858999722 44.3610670001866,-97.350835 44.3610979995947,-97.3481850004546 44.361116999866,-97.3442129997129 44.361154999748,-97.3408789995539 44.361163000227,-97.3377400002869 44.3611900003103,-97.3347149999245 44.3612310007224,-97.3307899999367 44.3612600000879,-97.325189000547 44.3613250005406,-97.3207050005175 44.3613640002637,-97.317383999879 44.3614010000099,-97.3148100005016 44.361420000183,-97.3106610002078 44.3614600004596,-97.309109999581 44.3614699995612,-97.3048599999032 44.3615099998037,-97.3032500006234 44.3615150003137,-97.3015900002167 44.3614899996858,-97.2984399992824 44.361420000183,-97.2975399996571 44.3614099997885,-97.2959000002401 44.3614000000345,-97.2939799995424 44.3614400003248,-97.2904600005089 44.3614699995612,-97.2852700001246 44.3615200001811,-97.2816499997353 44.3615600003894,-97.2786600004313 44.3616200006508,-97.2727739997379 44.3617870001875,-97.2702899998738 44.3618399997987,-97.2641399995897 44.3619399997221,-97.2586270000635 44.361998999629,-97.2501310000076 44.3620899996084,-97.2377640003907 44.3622390004339,-97.2348479998082 44.3622739997065,-97.2338650003422 44.3622869998347,-97.2311550005223 44.3623120001225,-97.2296369995074 44.36229999996,-97.2216979998435 44.3623269995194,-97.2197229997924 44.3623239996403,-97.2175979999536 44.3623210004033,-97.2096769998329 44.3623079996404,-97.2094929997099 44.3623079996404,-97.2070799999909 44.3623040004426,-97.2028439996586 44.3622980000397,-97.1972320003982 44.3622889997554,-97.1922909995359 44.3622810000723,-97.1915099997363 44.3622800001119,-97.1908200001733 44.3622989999999,-97.190430000186 44.3623300000405,-97.1897399997247 44.3624000003828,-97.1892359999345 44.3624690000419,-97.1887200004488 44.362579999686,-97.1883999998833 44.3626500003717,-97.187760000549 44.3628399997013,-97.1871499995554 44.3630699995186,-97.186550000404 44.3633199998597,-97.1862599999758 44.363470000066,-97.1859900005374 44.3636100005114,-97.1857199993023 44.3637599999752,-97.1851999996187 44.3641100000133,-97.1822499995993 44.366169999754,-97.1803870005995 44.3674649998142,-97.1799309995916 44.3677699997837,-97.1798739996902 44.3678089997116)",15137.812908200762,truck_route,U 14,U 14,U,14,SD,3,2015,334,2
900,328305,183565,183622,"LINESTRING(-97.1297140002129 44.1959270002222,-97.1297169996877 44.2021639996166,-97.1296670003573 44.2043710001684,-97.1295339993896 44.2089539997968,-97.1294649997926 44.2101600001492,-97.1294359994803 44.2126159999534,-97.1293970000205 44.2145339999972)",2067.829633261041,truck_route,U 81,U 81,U,81,SD,3,1521,176,2
901,328313,183650,183967,"LINESTRING(-97.1292580001034 44.3296690001862,-97.1292390007351 44.3296089999847,-97.1291710000647 44.3294269998978,-97.1290949998968 44.3292470002945,-97.1290099995079 44.3290690005505,-97.1289159997966 44.3288920001539,-97.1287979997958 44.3287079999886,-97.1286710004725 44.3285270002127,-97.1285360007533 44.3283490002115,-97.128391999915 44.3281750005546,-97.1282400004773 44.3280039994472,-97.1280810004687 44.3278370000341,-97.1279130002392 44.327673999779,-97.127738000337 44.3275149993579,-97.1275559998638 44.3273599994459,-97.1273670006162 44.3272090000747)",315.8146712056765,truck_route,U 14,U 14,U,14,SD,3,3792,531,4
902,328318,183832,183810,"LINESTRING(-97.1280580000041 44.5431269995595,-97.128146000766 44.5442479999845,-97.1281699992588 44.5445600002475,-97.1282600005688 44.5455200006645,-97.1282839999599 44.5459840000459,-97.1283940004631 44.547085999839,-97.1284069999836 44.5472239999466,-97.1284299995498 44.5474500000565,-97.1284600005853 44.5477899995263,-97.1285160006618 44.5480330003989,-97.1286300004646 44.5484099995473,-97.128679999795 44.5485499996706,-97.1288050003668 44.5487590002112,-97.1289790004441 44.5490480000778,-97.1290400005435 44.5491499993116,-97.1296509995654 44.5501259994103,-97.1297499992996 44.5502800004286,-97.1299400001688 44.5505900004864,-97.1301000000023 44.5509200001789,-97.1302799999274 44.5514300005628,-97.130399999578 44.5518700002151,-97.1304300006135 44.5520700004704,-97.1304599998524 44.5523699995647,-97.1304499998067 44.5529500002143,-97.1303900004306 44.5533299998455,-97.1303389994786 44.5536250000383,-97.1302899999731 44.5538109996951,-97.13014299966 44.5542469997541,-97.1295819999685 44.5558419998795,-97.1294229999598 44.5562990000059,-97.1289459999338 44.5576680003338,-97.1287339993234 44.5582730003976,-97.1285409998779 44.5588990001949,-97.1284289997249 44.5593740000737,-97.1283760000214 44.5596509997235,-97.1283469997091 44.5598009994456,-97.1282489997998 44.56053100004,-97.1282289997083 44.5607800000811,-97.1282260002336 44.5608219998674,-97.1282040004923 44.5611390003391,-97.1281910000735 44.5615510000589,-97.1281790003779 44.561910999787,-97.1281819998527 44.5622179994665,-97.1281779996547 44.5630769999709)",2265.3543225822814,truck_route,U 81,U 81,U,81,SD,3,2280,328,2
903,328333,172119,172163,"LINESTRING(-97.5037770003512 44.5873149994147,-97.5024980006093 44.587315999365,-97.5017460002237 44.5873169999551)",161.28345634121013,truck_route,S 28,S 28,S,28,SD,4,630,91,2
904,328336,172202,172245,"LINESTRING(-97.4997159999211 44.5873209997563,-97.4985929998147 44.5873229996568,-97.4976919994662 44.5873189998557)",160.72908441863365,truck_route,S 28,S 28,S,28,SD,4,630,91,2
905,328344,172745,172788,"LINESTRING(-97.4774770004219 44.5873020000585,-97.4759639994299 44.587303000009,-97.4754599996397 44.587303000009)",160.17168095418225,truck_route,S 28,S 28,S,28,SD,4,630,91,2
906,328349,172788,172838,"LINESTRING(-97.4754599996397 44.587303000009,-97.4748949997502 44.587303000009,-97.4734579998245 44.587319999806)",158.99600850213596,truck_route,S 28,S 28,S,28,SD,4,630,91,2
907,328357,173241,173277,"LINESTRING(-97.4573359992008 44.5873179999055,-97.4553089992712 44.587319999806)",160.96577800516155,truck_route,S 28,S 28,S,28,SD,4,1125,163,2
908,328364,173411,173463,"LINESTRING(-97.4492279994824 44.5873120002032,-97.4472020002761 44.5873020000585)",160.8900271925913,truck_route,S 28,S 28,S,28,SD,4,1125,163,2
909,328366,173463,173517,"LINESTRING(-97.4472020002761 44.5873020000585,-97.4451750003465 44.5872920005517)",160.96952063023286,truck_route,S 28,S 28,S,28,SD,4,1125,163,2
910,328370,173925,174042,"LINESTRING(-97.4289609996612 44.5872240000215,-97.4269339997316 44.5872259999254)",160.96603742282002,truck_route,S 28,S 28,S,28,SD,4,1125,163,2
911,328372,173760,173810,"LINESTRING(-97.4350410005234 44.5872389999383,-97.4330140005938 44.5872290004207)",160.969694498566,truck_route,S 28,S 28,S,28,SD,4,1125,163,2
912,328374,174129,174182,"LINESTRING(-97.4249069998021 44.5872279998291,-97.4228809996974 44.5872300003726)",160.8866295695152,truck_route,S 28,S 28,S,28,SD,4,1125,163,2
913,328376,174182,174242,"LINESTRING(-97.4228809996974 44.5872300003726,-97.4208539997678 44.5872320002762)",160.96602086438185,truck_route,S 28,S 28,S,28,SD,4,1125,163,2
914,328380,174300,174360,"LINESTRING(-97.4188269998382 44.5872340001797,-97.4167999999086 44.587236000723)",160.96600992203338,truck_route,S 28,S 28,S,28,SD,4,1125,163,2
915,328392,177617,177702,"LINESTRING(-97.321551999541 44.5870300000663,-97.3205120001737 44.5870259996054,-97.3195249996114 44.5870239996946)",160.9679432077926,truck_route,S 28,S 28,S,28,SD,4,1125,163,2
916,328410,176872,176946,"LINESTRING(-97.3377639996781 44.5871069997699,-97.3357380004717 44.5870940003672)",160.89324397229572,truck_route,S 28,S 28,S,28,SD,4,1125,163,2
917,328413,176425,176471,"LINESTRING(-97.3519490007839 44.5870749999553,-97.350936999209 44.5870800003673,-97.3499239996058 44.5870849994994)",160.8114002505191,truck_route,S 28,S 28,S,28,SD,4,1125,163,2
918,328416,176721,176782,"LINESTRING(-97.3438439996419 44.5871140000868,-97.3418169997123 44.5871219997169)",160.96863392929345,truck_route,S 28,S 28,S,28,SD,4,1125,163,2
919,328419,177199,177274,"LINESTRING(-97.3337110005421 44.5870819996363,-97.3316850004374 44.587069000228)",160.89338426368158,truck_route,S 28,S 28,S,28,SD,4,1125,163,2
920,328420,176946,177199,"LINESTRING(-97.3357380004717 44.5870940003672,-97.3337110005421 44.5870819996363)",160.9717861299615,truck_route,S 28,S 28,S,28,SD,4,1125,163,2
921,328426,178077,178132,"LINESTRING(-97.3053390004773 44.5870439994384,-97.3033129994743 44.587060000636)",160.89686103960028,truck_route,S 28,S 28,S,28,SD,4,1125,163,2
922,328430,177825,177882,"LINESTRING(-97.3154720004755 44.5870170000066,-97.3134460003708 44.58701400014)",160.88741025289008,truck_route,S 28,S 28,S,28,SD,4,1125,163,2
923,328431,177983,178037,"LINESTRING(-97.3093920005116 44.5870150000956,-97.3073660004069 44.587029000111)",160.8945685489153,truck_route,S 28,S 28,S,28,SD,4,1125,163,2
924,328437,178252,178307,"LINESTRING(-97.2992599994401 44.587091999819,-97.2972340002337 44.5871069997699)",160.89539623832223,truck_route,S 28,S 28,S,28,SD,4,1125,163,2
925,328450,178806,178847,"LINESTRING(-97.2749560003765 44.5869849995027,-97.2729310000967 44.586957000087)",160.83788803302664,truck_route,S 28,S 28,S,28,SD,4,1125,163,2
926,328451,179153,179211,"LINESTRING(-97.2648320005992 44.5868699999656,-97.263804999854 44.5868610003428,-97.2628070003194 44.5868520000787)",160.82053533696163,truck_route,S 28,S 28,S,28,SD,4,1125,163,2
927,328465,176363,176409,"LINESTRING(-97.3541640001361 45.0733100004899,-97.3537099996764 45.0730299996681,-97.3534100001007 45.0728700000326,-97.3525539999581 45.0724179996572)",161.0301957739456,truck_route,S 20,S 20,S,20,SD,4,1244,149,2
928,328475,176276,176305,"LINESTRING(-97.3582499997824 45.0765300001493,-97.357643999885 45.0759850002635,-97.356990000307 45.0753970002436)",160.3061650403037,truck_route,S 20,S 20,S,20,SD,4,1244,149,2
929,328477,176250,176276,"LINESTRING(-97.359539999395 45.0776610003429,-97.3591800004432 45.077350000659,-97.3588399997863 45.077050000182,-97.3582499997824 45.0765300001493)",161.60632457257225,truck_route,S 20,S 20,S,20,SD,4,1244,149,2
930,328481,177532,177561,"LINESTRING(-97.3245480004895 45.0555969996923,-97.3232060001 45.0547400003655)",142.28703168715504,truck_route,S 20,S 20,S,20,SD,4,1244,149,2
931,328484,176861,176910,"LINESTRING(-97.3380780003957 45.0643939999763,-97.3365729997997 45.0634140000157)",160.97028606787904,truck_route,S 20,S 20,S,20,SD,4,1244,149,2
932,328492,176831,176861,"LINESTRING(-97.339598999987 45.0653609997788,-97.3389670001504 45.0649489994726,-97.3387000001867 45.0648000001415,-97.3380780003957 45.0643939999763)",160.99664710559583,truck_route,S 20,S 20,S,20,SD,4,1244,149,2
933,328503,178363,178391,"LINESTRING(-97.2947059999887 45.007184999853,-97.2946499999122 45.0071499999997,-97.2938799999833 45.0066900002119,-97.293161000108 45.0062389997789)",160.91132124792028,truck_route,S 20,S 20,S,20,SD,4,1970,124,2
934,328504,178391,178425,"LINESTRING(-97.293161000108 45.0062389997789,-97.2916300004709 45.0052799997877)",161.0198688693631,truck_route,S 20,S 20,S,20,SD,4,1970,124,2
935,328505,178425,178463,"LINESTRING(-97.2916300004709 45.0052799997877,-97.2900999997605 45.0043209996207)",160.96235140690047,truck_route,S 20,S 20,S,20,SD,4,1970,124,2
936,328506,178463,178499,"LINESTRING(-97.2900999997605 45.0043209996207,-97.2898940007945 45.0041920003748,-97.2885660006487 45.0033649998102)",160.98004410733785,truck_route,S 20,S 20,S,20,SD,4,1970,124,2
937,328510,178229,178257,"LINESTRING(-97.3002339995835 45.0113909999584,-97.2998700004337 45.0109400003392,-97.2992799995315 45.0103499996183,-97.2990999996065 45.0101919997865)",160.71836306660845,truck_route,S 20,S 20,S,20,SD,4,1970,124,2
938,328512,178257,178294,"LINESTRING(-97.2990999996065 45.0101919997865,-97.2985009993818 45.009667999636,-97.2977470002447 45.0091110004231)",160.7916751735432,truck_route,S 20,S 20,S,20,SD,4,1970,124,2
939,328528,178597,178633,"LINESTRING(-97.2839620000703 45.0004979997425,-97.2837400003124 45.0003599993506,-97.2824330000831 44.9995380003763)",160.98458882480145,truck_route,S 20,S 20,S,20,SD,4,1970,124,2
940,328548,178014,178054,"LINESTRING(-97.3079720003043 45.0448139998027,-97.307470000164 45.0444400001777,-97.3066109996483 45.0437280006266)",161.49512407290263,truck_route,S 20,S 20,S,20,SD,4,1970,124,2
941,328566,181355,181389,"LINESTRING(-97.1903640000637 44.5864959997477,-97.1903409995992 44.5865079999597,-97.190318000033 44.5865199995295,-97.1902950004667 44.5865330003401,-97.1902720000022 44.5865449999047,-97.1902489995377 44.58655800007,-97.1902259999714 44.5865700002692,-97.1902039993318 44.5865829997891,-97.1901810006639 44.5865949993434,-97.1901580001994 44.5866080001372,-97.1901360004581 44.5866209996487,-97.1901129999935 44.586633999797,-97.190089999529 44.5866459999804,-97.1900679997877 44.5866590001232,-97.1900460000464 44.5866719996232,-97.1900230004802 44.5866850003998,-97.1900009998405 44.586697999894,-97.1899780002743 44.5867109993853,-97.1899559996347 44.5867240001532,-97.1899339998934 44.5867369996387,-97.1899119992538 44.586749999761,-97.1898900004108 44.5867630005202,-97.1898669999462 44.5867769999566,-97.189845000205 44.5867899994302,-97.1898230004636 44.5868030001805,-97.189800999824 44.5868159996483,-97.1897790000827 44.586828999753,-97.1897569994431 44.586843000453,-97.1897349997018 44.5868559999119,-97.1897129999605 44.5868690000076,-97.1896910002192 44.5868830000582,-97.1896700003028 44.5868960001479,-97.1896479996632 44.5869089995949,-97.1896259999218 44.5869230002757,-97.1896040001805 44.5869360003564,-97.1895819995409 44.5869499997511,-97.1895599997996 44.5869630004656,-97.1895390007815 44.5869770004936,-97.1895170001419 44.5869899999225,-97.1894950004006 44.5870029993485,-97.189472999761 44.5870170000066,-97.1894519998446 44.5870300000663,-97.1894300001033 44.5870439994384,-97.1894079994636 44.5870570001318,-97.1893859997223 44.5870710001372,-97.1893649998059 44.5870839995451,-97.1893430000646 44.5870980001837,-97.1893210003233 44.5871120001791,-97.1893000004069 44.5871249995779,-97.1888890005032 44.5873809999399,-97.1888120005103 44.5874290000423)",161.11585874009432,truck_route,S 28,S 28,S,28,SD,4,1721,96,2
942,328567,181370,181411,"LINESTRING(-97.1899060003043 44.6589719998206,-97.1887970004417 44.6589639998613,-97.1878819998495 44.6589590005253)",160.5364926854923,truck_route,S 21,S 21,S,21,SD,4,862,19,2
943,328572,179430,179469,"LINESTRING(-97.2526820007172 44.5867670003596,-97.250657999364 44.5867519996812)",160.7376908182724,truck_route,S 28,S 28,S,28,SD,4,1125,163,2
944,328593,180526,180527,"LINESTRING(-97.2192700000559 44.5874209998147,-97.2192700000559 44.5875189998074)",10.890123401003088,truck_route,S 21,S 21,S,21,SD,4,550,20,2
945,328600,180798,180893,"LINESTRING(-97.2122319998421 44.5867789998758,-97.2108040001372 44.5867810004347,-97.2102159997832 44.5867820003943)",160.0939447508746,truck_route,S 28,S 28,S,28,SD,4,1721,96,2
946,328610,181241,181285,"LINESTRING(-97.1961009998959 44.5857939993488,-97.1954549998155 44.585743999861,-97.1954260004015 44.5857419999061,-97.1953979999141 44.5857389999738,-97.1953690005001 44.585736999379,-97.1953410000127 44.5857349994239,-97.1953120005987 44.5857330001086,-97.1952830002864 44.5857300001758,-97.195254999799 44.5857280002205,-97.195226000385 44.5857260002651,-97.1951970000727 44.5857239996699,-97.1951690004836 44.5857219997144,-97.1951399992729 44.5857199997588,-97.1951120005822 44.5857169998253,-97.1950829993715 44.5857150005094,-97.1950539999575 44.5857130005535,-97.1950259994701 44.5857109999579,-97.1949970000561 44.5857090000019,-97.1949679997438 44.5857070000459,-97.1949400001547 44.5857050000898,-97.1949109998424 44.5857030001336,-97.1948820004284 44.5857009995376,-97.194853999941 44.5856989995813,-97.1948249996287 44.585696999625,-97.1947960002147 44.5856950003083,-97.1947679997273 44.5856930003518,-97.1947390003133 44.5856920003735,-97.194710000001 44.5856900004169,-97.1946820004119 44.5856879998205,-97.1946530000995 44.5856859998638,-97.1946239997872 44.5856849998854,-97.1945960001981 44.5856829999285,-97.1945669998858 44.5856809999716,-97.1945379995735 44.5856799999931,-97.1945099999844 44.5856779993963,-97.1944809996721 44.5856769994178,-97.1944520002581 44.5856760007187,-97.1944229999458 44.5856740001218,-97.1943950003567 44.5856730001432,-97.1943660000444 44.5856720001646,-97.1943369997321 44.5856700002073,-97.194308000318 44.5856690002287,-97.1942799998306 44.58566800025,-97.1942510004166 44.5856670002712,-97.194221999206 44.5856660002925,-97.194192999792 44.585664999674,-97.1941649993046 44.5856639996952,-97.1941359998906 44.5856629997164,-97.1941069995783 44.5856629997164)",159.0750283246251,truck_route,S 28,S 28,S,28,SD,4,1721,96,2
947,328611,181324,181355,"LINESTRING(-97.1921149998088 44.5858379995791,-97.1919130001424 44.5858860003158,-97.1917130001259 44.5859400002175,-97.1915170003073 44.5859999999073,-97.1913239999634 44.5860660006461,-97.1911350007159 44.5861369998838,-97.1911099997032 44.5861469995893,-97.1910849995889 44.5861569999328,-97.1910600003728 44.5861669996348,-97.1910350002585 44.5861769999748,-97.1910100001441 44.5861869996734,-97.1909850000297 44.5861979999797,-97.1909599999154 44.5862079996746,-97.1909360005242 44.5862190006166,-97.1909109995116 44.5862299996372,-97.1908869992221 44.5862400006062,-97.1908620000061 44.5862499996542,-97.1908379997166 44.5862619992772,-97.1908129996023 44.586273000209,-97.1907889993128 44.5862839998591,-97.1907649999217 44.586295000147,-97.1907410005306 44.5863069997607,-97.1907170002411 44.586318000684,-97.1906929999517 44.5863289996859,-97.1906690005606 44.5863409999324,-97.1906450002711 44.5863520002094,-97.1906209999817 44.5863639998114,-97.1905979995171 44.5863760000506,-97.1905739992277 44.5863869996813,-97.1905499998365 44.5863989999158,-97.1905270002703 44.5864110001478,-97.1905029999809 44.5864229997376,-97.1904799995164 44.5864350006044,-97.1904569999501 44.5864470001892,-97.190433000559 44.5864589997716,-97.1904100000945 44.5864709999912,-97.1903869996299 44.5864830002084,-97.1903640000637 44.5864959997477)",157.9192464308187,truck_route,S 28,S 28,S,28,SD,4,1721,96,2
948,328612,180503,180502,"LINESTRING(-97.2194070003232 44.6128069994687,-97.2194110005212 44.6133179996725,-97.219409999798 44.6142559997064)",161.01994733179282,truck_route,S 21,S 21,S,21,SD,4,550,20,2
949,328616,180515,180522,"LINESTRING(-97.2193060000409 44.5997720005108,-97.2193060000409 44.6001869995041,-97.2192970007184 44.6011690000288,-97.2192980005433 44.6012199993904)",160.91028026520536,truck_route,S 21,S 21,S,21,SD,4,550,20,2
950,328626,180502,180539,"LINESTRING(-97.219409999798 44.6142559997064,-97.219409999798 44.6144200003583,-97.219409999798 44.6147640002366,-97.219409999798 44.6149720000073,-97.2193930000795 44.6150740000284,-97.2193649995921 44.6151400003603,-97.2193319999802 44.6151939999366,-97.2192659998579 44.6152790002812,-97.219149999507 44.6153770006142,-97.2190630003667 44.6154320000762,-97.2189570000615 44.6154839998103,-97.2188590001522 44.6155159999678,-97.2188270003651 44.6155230000599)",160.88995332997803,truck_route,S 21,S 21,S,21,SD,4,550,20,2
951,328632,180927,180928,"LINESTRING(-97.2091770002407 44.6191059996337,-97.2091699996697 44.6193399995701,-97.2091329998598 44.6205539999726)",160.94598662096848,truck_route,S 21,S 21,S,21,SD,4,550,20,2
952,328647,180952,180951,"LINESTRING(-97.208906999904 44.6422779998374,-97.208911000102 44.6437259999586)",160.90903889989295,truck_route,S 21,S 21,S,21,SD,4,550,20,2
953,328675,181428,181481,"LINESTRING(-97.1872940003937 44.5883749998345,-97.1865520000539 44.5888369999101,-97.1865319999624 44.5888490002786,-97.1865130005941 44.5888619999286,-97.1864930005026 44.5888740002919,-97.1864730004112 44.5888860000129,-97.1864530003197 44.5888989996547,-97.1864340000531 44.5889110006501,-97.1864139999616 44.5889229997237,-97.1863939998701 44.5889349994347,-97.1863739997786 44.5889470004227,-97.1863540005855 44.5889600000508,-97.186334000494 44.5889719997541,-97.1863150002274 44.5889840000946,-97.1862950001359 44.588995999793,-97.1862750000444 44.5890080001286,-97.186254999953 44.589019999822,-97.1862349998615 44.589031999513,-97.18621499977 44.5890440004809,-97.1861949996785 44.5890559995271,-97.186174999587 44.5890680004901,-97.1861539996706 44.5890800001711,-97.1861339995791 44.5890919998497,-97.1861139994876 44.5891040001655,-97.1860939993962 44.5891159998391,-97.1860729994798 44.5891279995102,-97.1860529993883 44.5891389998995,-97.1860319994719 44.5891509995659,-97.1860119993804 44.5891630005093,-97.185990999464 44.5891739996125,-97.1859709993725 44.5891860005512,-97.1859500003544 44.5891970002899,-97.185929000438 44.5892079993867,-97.1859080005216 44.5892200003183,-97.1858870006052 44.5892310000505,-97.1858659997905 44.5892420004205,-97.1858449998741 44.5892530001485,-97.1858239999577 44.5892640005142,-97.1858030000413 44.5892750002382,-97.1857820001249 44.58928599996,-97.1857599994853 44.5892970003195,-97.1857389995689 44.5893080000372)",161.3144132775451,truck_route,S 28,S 28,S,28,SD,4,1721,96,2
954,328679,181414,181428,"LINESTRING(-97.1877370000845 44.588098999998,-97.1872940003937 44.5883749998345)",46.67093628689835,truck_route,S 28,S 28,S,28,SD,4,1721,96,2
955,328681,181481,181519,"LINESTRING(-97.1857389995689 44.5893080000372,-97.1857179996525 44.5893180004766,-97.1856960008095 44.5893289995505,-97.1856740001699 44.5893400005416,-97.1856520004286 44.5893499996961,-97.1854820005493 44.5894270001648,-97.1853059999239 44.5894980004152,-97.1851259999988 44.5895639997412,-97.1849419998758 44.5896229996181,-97.184755000278 44.5896769998866,-97.1845640004823 44.5897240001032,-97.1843700003136 44.589765000193,-97.184174000495 44.5897989996215,-97.1839719999303 44.5898280001343,-97.183878000219 44.5898379998445)",160.49481064264208,truck_route,S 28,S 28,S,28,SD,4,1721,96,2
956,328683,182073,182127,"LINESTRING(-97.1761310001756 44.5883070005713,-97.1742170002239 44.5878310003027)",160.9313848250256,truck_route,S 28,S 28,S,28,SD,4,1721,96,2
957,328694,182795,182838,"LINESTRING(-97.1562259998544 44.5864930004941,-97.1548309997615 44.5864999996054,-97.154200000648 44.5865040001026)",160.89312261556873,truck_route,S 28,S 28,S,28,SD,4,1721,96,2
958,328705,182771,182816,"LINESTRING(-97.1575150005404 44.6590380000808,-97.1554909991873 44.6590439994037)",160.53111989360104,truck_route,S 21,S 21,S,21,SD,4,862,19,2
959,328720,182731,182771,"LINESTRING(-97.159539000097 44.6590310001246,-97.1575150005404 44.6590380000808)",160.53149563814355,truck_route,S 21,S 21,S,21,SD,4,862,19,2
960,328727,183021,183060,"LINESTRING(-97.147396000786 44.6590410007008,-97.1453719994329 44.6590239995285)",160.54087585474917,truck_route,S 21,S 21,S,21,SD,4,862,19,2
961,328735,187288,187542,"LINESTRING(-97.0591250005328 44.6025440003196,-97.0582900003065 44.6026330000172,-97.0576500000739 44.6027009997876,-97.0571150003217 44.6027289999333)",160.98004217920155,truck_route,S 28,S 28,S,28,SD,4,888,139,2
962,328736,185548,185593,"LINESTRING(-97.0934269998753 44.6012090000084,-97.0913999999457 44.6012199993904)",160.93191330715845,truck_route,S 28,S 28,S,28,SD,4,888,139,2
963,328743,184536,184580,"LINESTRING(-97.1157079992073 44.6010820007136,-97.1151600008328 44.6010849998541,-97.1137009993692 44.6010930001196)",159.34446246367628,truck_route,S 28,S 28,S,28,SD,4,888,139,2
964,328748,184908,185081,"LINESTRING(-97.1035640000714 44.6011530001572,-97.1015370001418 44.6011639995497)",160.93206789735356,truck_route,S 28,S 28,S,28,SD,4,888,139,2
965,328765,186652,186788,"LINESTRING(-97.0691129998677 44.6017770002006,-97.0680950002416 44.601760000155,-97.0670870006613 44.6017230003018)",160.97395823670018,truck_route,S 28,S 28,S,28,SD,4,888,139,2
966,328769,186975,187288,"LINESTRING(-97.0611049997084 44.6022420002722,-97.0601580002275 44.6024199998166,-97.0597630002173 44.6024759997258,-97.0591250005328 44.6025440003196)",160.92307555163393,truck_route,S 28,S 28,S,28,SD,4,888,139,2
967,328778,188382,188388,"LINESTRING(-97.027820000167 44.5900869998151,-97.0277930004029 44.5900299995768,-97.0277280001055 44.5898499993666,-97.0276619999833 44.5896120005998,-97.0275880003635 44.5893610006832,-97.0275409996095 44.588944000016,-97.0275370003098 44.5886540000619)",161.52670039710435,truck_route,S 28,S 28,S,28,SD,4,888,139,2
968,328791,187991,188038,"LINESTRING(-97.0429309999391 44.6024410003485,-97.0422099995156 44.6024299999186,-97.0410100003147 44.6024000002471,-97.0409049998344 44.6023939995435)",160.9425523010026,truck_route,S 28,S 28,S,28,SD,4,888,139,2
969,328799,187917,187991,"LINESTRING(-97.0449570000438 44.6024759997258,-97.043520000118 44.6024499994777,-97.0429309999391 44.6024410003485)",160.89173508792058,truck_route,S 28,S 28,S,28,SD,4,888,139,2
970,328800,188199,188230,"LINESTRING(-97.0348349999163 44.5988340000276,-97.0347759994667 44.5987810003447,-97.0346380002728 44.5986590002756,-97.0344160005149 44.5984389999859,-97.034264000179 44.598272000338,-97.0341059999952 44.5980980005772,-97.0339389995906 44.5978949999846,-97.0337859994298 44.5976939995057,-97.0337410001222 44.5976260002714)",160.23032593161423,truck_route,S 28,S 28,S,28,SD,4,888,139,2
971,328804,188174,188199,"LINESTRING(-97.0361499996433 44.5999280000609,-97.0352349999494 44.5991890005186,-97.0348349999163 44.5988340000276)",160.28487676438897,truck_route,S 28,S 28,S,28,SD,4,888,139,2
972,328809,188451,188491,"LINESTRING(-97.0250700001642 44.5732090004871,-97.0250020003921 44.5731779996153,-97.0248220004671 44.573103999965,-97.0246369996208 44.5730360001168,-97.0244480003732 44.5729740000919,-97.0242550000294 44.5729180005492,-97.0240580003859 44.5728689997853,-97.0238590001943 44.572825999538,-97.0236570005279 44.5727900000209,-97.0234530003134 44.5727600004062,-97.023248000274 44.5727370002645,-97.0231739997558 44.5727309996974)",161.04495416701076,truck_route,S 28,S 28,S,28,SD,4,888,139,2
973,328810,189093,189143,"LINESTRING(-97.0150940005249 44.5725630002058,-97.0130670005953 44.5725310007047)",161.0456483813046,truck_route,S 28,S 28,S,28,SD,4,888,139,2
974,328811,189050,189093,"LINESTRING(-97.0171099996855 44.5725939994857,-97.0166370007558 44.5725860004163,-97.0159260003781 44.5725749994542,-97.0150940005249 44.5725630002058)",160.16969375707845,truck_route,S 28,S 28,S,28,SD,4,888,139,2
975,328816,189329,189370,"LINESTRING(-97.0049760005954 44.5724480002968,-97.0046699993753 44.572450000069,-97.0029520001405 44.5724769998668)",160.80236640248899,truck_route,S 28,S 28,S,28,SD,4,888,139,2
976,328817,189482,189534,"LINESTRING(-96.9989059997789 44.5725389997817,-96.996882999149 44.5725700003543)",160.7256199354867,truck_route,S 28,S 28,S,28,SD,4,888,139,2
977,328832,185826,185868,"LINESTRING(-97.0853700002106 44.7315129996801,-97.083339000083 44.7315199998147)",160.8859137539231,truck_route,S 22,S 22,S,22,SD,4,1222,87,2
978,328844,186880,186978,"LINESTRING(-97.063023999683 44.7316050001051,-97.0609919997305 44.7315979999808)",160.96487738096732,truck_route,S 22,S 22,S,22,SD,4,1222,87,2
979,328853,187870,187919,"LINESTRING(-97.0467719993629 44.7315119996608,-97.0463520001367 44.7315189997955,-97.0447409992354 44.7315460003072)",160.92836032864614,truck_route,S 22,S 22,S,22,SD,4,1222,87,2
980,328860,188103,188166,"LINESTRING(-97.0389780003622 44.7316509996246,-97.0369249995951 44.7316899996325,-97.0364240001779 44.7316980003999)",202.3802036047148,truck_route,S 22,S 22,S,22,SD,4,904,91,2
981,328878,189347,189390,"LINESTRING(-97.0041579991892 44.7317839998052,-97.0037129998486 44.7317820004142,-97.0030359998061 44.7317810003995,-97.00212699996 44.7317800003849)",160.8841287419225,truck_route,S 22,S 22,S,22,SD,4,904,91,2
982,328888,179385,179809,"LINESTRING(-97.2545949999456 44.8904250005521,-97.2545419993439 44.8904240001023,-97.2540800002848 44.8904149998715,-97.252504000442 44.8903830001005,-97.2513999997039 44.8903699993332,-97.2502399997876 44.8903699993332,-97.2491799994304 44.8903699993332,-97.2446959994009 44.8903519994898,-97.2436109998277 44.8903440003355,-97.2392230000577 44.8903129997038,-97.2373599992613 44.8903000001936,-97.2340960003209 44.8902910005798)",1619.4755286060183,truck_route,U 212,U 212,U,212,SD,3,3688,439,4
983,328892,181200,181236,"LINESTRING(-97.1984569997135 44.9517809994824,-97.1979250003342 44.9517470001409,-97.1967399994053 44.9516699999499,-97.1965809993966 44.9516600003882,-97.1964239999361 44.9516499995532)",161.08942633124,truck_route,S 20,S 20,S,20,SD,4,3412,194,2
984,328904,183394,183393,"LINESTRING(-97.1317989998689 44.8918729997912,-97.1318009995187 44.8904289998056)",160.47129118768606,truck_route,S 20,S 20,S,20,SD,4,9890,386,4
985,328908,182141,182171,"LINESTRING(-97.1737500002437 44.9431720003792,-97.172302999374 44.942146999889)",161.30120271248478,truck_route,S 20,S 20,S,20,SD,4,3994,252,2
986,328916,181742,182008,"LINESTRING(-97.1795540000231 44.9472530006127,-97.1795209995128 44.9472330005842,-97.1789690000421 44.9468659994263,-97.1780789995642 44.9462509999555)",161.10268502307304,truck_route,S 20,S 20,S,20,SD,4,3994,252,2
987,328917,182101,182141,"LINESTRING(-97.1751980000401 44.9441959995867,-97.1737500002437 44.9431720003792)",161.27707427787362,truck_route,S 20,S 20,S,20,SD,4,3994,252,2
988,328951,183386,183390,"LINESTRING(-97.1319610002506 44.9058000000006,-97.131946000182 44.9057340000167,-97.1319240004406 44.9056690001417,-97.1319129996717 44.9056449995232)",17.664195821185135,truck_route,S 20,S 20,S,20,SD,4,12104,436,4
989,328957,183188,183219,"LINESTRING(-97.1395240001709 44.9181819995031,-97.1394899998357 44.9181599995913,-97.1391950002829 44.9179649992823,-97.1390799997569 44.9178899995255,-97.1384400004226 44.9174370002615,-97.1381149998343 44.9171879996506,-97.138084999697 44.9171739998703)",159.6748259800443,truck_route,S 20,S 20,S,20,SD,4,9556,506,4
990,328975,179422,179452,"LINESTRING(-97.25330199996 44.9866589997165,-97.2520000006518 44.9862699998842,-97.2514299998411 44.9860839994481)",160.88996685040786,truck_route,S 20,S 20,S,20,SD,4,1970,124,2
991,328978,179658,179694,"LINESTRING(-97.2415320000196 44.9810189999232,-97.2399500003289 44.9801060000997)",160.823623202329,truck_route,S 20,S 20,S,20,SD,4,1970,124,2
992,328979,179624,179658,"LINESTRING(-97.2431149995352 44.98193299995,-97.2415320000196 44.9810189999232)",160.9534109064335,truck_route,S 20,S 20,S,20,SD,4,1970,124,2
993,328982,179908,179948,"LINESTRING(-97.2288730003246 44.9737070000732,-97.2272910006339 44.9727929998302)",160.90600561914994,truck_route,S 20,S 20,S,20,SD,4,1970,124,2
994,328995,180814,180902,"LINESTRING(-97.2114789996316 44.9636440000644,-97.2114039992885 44.9635999994648,-97.210806999612 44.9632379997225,-97.210549999694 44.9630600000474,-97.2102199999812 44.9628100003497,-97.2100259998124 44.9626340002752)",160.85876493129481,truck_route,S 20,S 20,S,20,SD,4,1970,124,2
995,328997,180768,180814,"LINESTRING(-97.2130570000226 44.9645619997343,-97.2114789996316 44.9636440000644)",160.95802011425127,truck_route,S 20,S 20,S,20,SD,4,1970,124,2
996,329008,184725,184721,"LINESTRING(-97.108736999839 44.8640320002666,-97.1088859998019 44.8665130004443,-97.1089119997412 44.8669699994979)",326.7902603527054,truck_route,U 81,U 81,U,81,SD,3,4115,325,4
997,329040,186857,186924,"LINESTRING(-97.0639219996584 44.933748999937,-97.0632270000726 44.9337469999092,-97.0618760003606 44.9337419995213)",161.5082761208056,truck_route,S 81,S 81,S,81,SD,4,1356,155,2
998,329054,196388,196450,"LINESTRING(-96.7323310003019 44.0514219998055,-96.7303229997406 44.0514099994121)",160.92045742544087,truck_route,S 32,S 32,S,32,SD,4,2142,92,2
999,329056,195739,195759,"LINESTRING(-96.7594959996965 44.1526790001288,-96.7594949998715 44.1562039999966,-96.7594589998865 44.1595109996444,-96.7594450005411 44.1618159995984,-96.7594270000995 44.1629360000989,-96.7594189997036 44.1670710001377,-96.75940299981 44.1687189999643,-96.7593769998708 44.172396000514,-96.7593379995127 44.1762720001009,-96.7593259998172 44.180347000025,-96.7593099999236 44.1817720003061,-96.7593080002738 44.1829729995951,-96.7592599996949 44.1856049998732,-96.7592329999307 44.1869260006426,-96.7591049998842 44.1892220000674,-96.7589479995254 44.1909139997707,-96.7586589998204 44.1941809996248,-96.7585090000325 44.1955460004166,-96.7585040000097 44.1955949998704)",4770.575967053062,truck_route,I 29,I 29,I,29,SD,1,13774,2094,4
1000,329064,195794,195803,"LINESTRING(-96.7575219994703 44.0513590001339,-96.7571609997953 44.0513650000133)",28.937100343467243,truck_route,S 32,S 32,S,32,SD,4,2142,92,2
1001,329076,195806,195763,"LINESTRING(-96.7569670005248 44.2390739996462,-96.7569680003498 44.2391379995854,-96.7570779999546 44.2431680000907,-96.7571309996581 44.2454329994413,-96.7571549999475 44.2465069999944,-96.757318999979 44.2539510005459,-96.7573700000327 44.2557699997134,-96.7575099997747 44.2607469997716,-96.7575700000492 44.2630600004673,-96.7575980005366 44.2641749995931,-96.7576429998441 44.2653129999043,-96.7577020002937 44.2681379997084,-96.7577330002558 44.2694099998072,-96.7577850001343 44.2712859999785,-96.7579060005082 44.2758969998722,-96.7581420005097 44.2847089997412,-96.7582859995514 44.2910010000074,-96.7583309997573 44.2920710001715,-96.7583309997573 44.2935770003728,-96.7583500000239 44.2943679995879,-96.7584060001004 44.2958069994076,-96.7584219999939 44.2967059997096)",6405.036507813414,truck_route,I 29,I 29,I,29,SD,1,13352,2377,4
